SMILES	name	pose	docking_score_A	docking_score_B	output_pdbqt_A	output_pdbqt_B	complex_pdb
O=C1CCCNC(=O)CNC(=O)CNC(=O)CNC(=O)CNC(=O)CNC(=O)CN1	1	1	-7.127	-6.732	/home/anacleto/Desktop/manuscript_Mpro/naturecomm/supplementary_file_S2/6-chemical-library/molecular_docking/PDBQT/7cam_A_1_chainA/docking_1_chainA_out.pdbqt	/home/anacleto/Desktop/manuscript_Mpro/naturecomm/supplementary_file_S2/6-chemical-library/molecular_docking/PDBQT/7cam_B_1_chainB/docking_1_chainB_out.pdbqt	/home/anacleto/Desktop/manuscript_Mpro/naturecomm/supplementary_file_S2/6-chemical-library/molecular_docking/combined_complexes/7cam_1_combined/7cam_1_combined_pose_1.pdb
O=C1CCNC(=O)N1	10	1	-3.561	-3.49	/home/anacleto/Desktop/manuscript_Mpro/naturecomm/supplementary_file_S2/6-chemical-library/molecular_docking/PDBQT/7cam_A_10_chainA/docking_10_chainA_out.pdbqt	/home/anacleto/Desktop/manuscript_Mpro/naturecomm/supplementary_file_S2/6-chemical-library/molecular_docking/PDBQT/7cam_B_10_chainB/docking_10_chainB_out.pdbqt	/home/anacleto/Desktop/manuscript_Mpro/naturecomm/supplementary_file_S2/6-chemical-library/molecular_docking/combined_complexes/7cam_10_combined/7cam_10_combined_pose_1.pdb
c1ccsc1	100	1	-2.547	-2.351	/home/anacleto/Desktop/manuscript_Mpro/naturecomm/supplementary_file_S2/6-chemical-library/molecular_docking/PDBQT/7cam_A_100_chainA/docking_100_chainA_out.pdbqt	/home/anacleto/Desktop/manuscript_Mpro/naturecomm/supplementary_file_S2/6-chemical-library/molecular_docking/PDBQT/7cam_B_100_chainB/docking_100_chainB_out.pdbqt	/home/anacleto/Desktop/manuscript_Mpro/naturecomm/supplementary_file_S2/6-chemical-library/molecular_docking/combined_complexes/7cam_100_combined/7cam_100_combined_pose_1.pdb
c1ccccc1CNc2ccccc2	1000	1	-5.267	-4.933	/home/anacleto/Desktop/manuscript_Mpro/naturecomm/supplementary_file_S2/6-chemical-library/molecular_docking/PDBQT/7cam_A_1000_chainA/docking_1000_chainA_out.pdbqt	/home/anacleto/Desktop/manuscript_Mpro/naturecomm/supplementary_file_S2/6-chemical-library/molecular_docking/PDBQT/7cam_B_1000_chainB/docking_1000_chainB_out.pdbqt	/home/anacleto/Desktop/manuscript_Mpro/naturecomm/supplementary_file_S2/6-chemical-library/molecular_docking/combined_complexes/7cam_1000_combined/7cam_1000_combined_pose_1.pdb
c1ccccc1CCc2ccccn2	1001	1	-4.703	-5.146	/home/anacleto/Desktop/manuscript_Mpro/naturecomm/supplementary_file_S2/6-chemical-library/molecular_docking/PDBQT/7cam_A_1001_chainA/docking_1001_chainA_out.pdbqt	/home/anacleto/Desktop/manuscript_Mpro/naturecomm/supplementary_file_S2/6-chemical-library/molecular_docking/PDBQT/7cam_B_1001_chainB/docking_1001_chainB_out.pdbqt	/home/anacleto/Desktop/manuscript_Mpro/naturecomm/supplementary_file_S2/6-chemical-library/molecular_docking/combined_complexes/7cam_1001_combined/7cam_1001_combined_pose_1.pdb
c1ccccc1CCc2ccccc2	1002	1	-4.9	-5.093	/home/anacleto/Desktop/manuscript_Mpro/naturecomm/supplementary_file_S2/6-chemical-library/molecular_docking/PDBQT/7cam_A_1002_chainA/docking_1002_chainA_out.pdbqt	/home/anacleto/Desktop/manuscript_Mpro/naturecomm/supplementary_file_S2/6-chemical-library/molecular_docking/PDBQT/7cam_B_1002_chainB/docking_1002_chainB_out.pdbqt	/home/anacleto/Desktop/manuscript_Mpro/naturecomm/supplementary_file_S2/6-chemical-library/molecular_docking/combined_complexes/7cam_1002_combined/7cam_1002_combined_pose_1.pdb
C1=CC(=[NH2+])C=CC1=Cc2ccccc2	1003	1	-5.282	-5.292	/home/anacleto/Desktop/manuscript_Mpro/naturecomm/supplementary_file_S2/6-chemical-library/molecular_docking/PDBQT/7cam_A_1003_chainA/docking_1003_chainA_out.pdbqt	/home/anacleto/Desktop/manuscript_Mpro/naturecomm/supplementary_file_S2/6-chemical-library/molecular_docking/PDBQT/7cam_B_1003_chainB/docking_1003_chainB_out.pdbqt	/home/anacleto/Desktop/manuscript_Mpro/naturecomm/supplementary_file_S2/6-chemical-library/molecular_docking/combined_complexes/7cam_1003_combined/7cam_1003_combined_pose_1.pdb
c1ccccc1C(=O)c2ccccc2	1004	1	-4.751	-4.802	/home/anacleto/Desktop/manuscript_Mpro/naturecomm/supplementary_file_S2/6-chemical-library/molecular_docking/PDBQT/7cam_A_1004_chainA/docking_1004_chainA_out.pdbqt	/home/anacleto/Desktop/manuscript_Mpro/naturecomm/supplementary_file_S2/6-chemical-library/molecular_docking/PDBQT/7cam_B_1004_chainB/docking_1004_chainB_out.pdbqt	/home/anacleto/Desktop/manuscript_Mpro/naturecomm/supplementary_file_S2/6-chemical-library/molecular_docking/combined_complexes/7cam_1004_combined/7cam_1004_combined_pose_1.pdb
C1=CC(=O)C=CC1=Cc2ccccc2	1005	1	-5.066	-5.353	/home/anacleto/Desktop/manuscript_Mpro/naturecomm/supplementary_file_S2/6-chemical-library/molecular_docking/PDBQT/7cam_A_1005_chainA/docking_1005_chainA_out.pdbqt	/home/anacleto/Desktop/manuscript_Mpro/naturecomm/supplementary_file_S2/6-chemical-library/molecular_docking/PDBQT/7cam_B_1005_chainB/docking_1005_chainB_out.pdbqt	/home/anacleto/Desktop/manuscript_Mpro/naturecomm/supplementary_file_S2/6-chemical-library/molecular_docking/combined_complexes/7cam_1005_combined/7cam_1005_combined_pose_1.pdb
c1ccccc1C=Cc2ccccc2	1006	1	-5.467	-5.36	/home/anacleto/Desktop/manuscript_Mpro/naturecomm/supplementary_file_S2/6-chemical-library/molecular_docking/PDBQT/7cam_A_1006_chainA/docking_1006_chainA_out.pdbqt	/home/anacleto/Desktop/manuscript_Mpro/naturecomm/supplementary_file_S2/6-chemical-library/molecular_docking/PDBQT/7cam_B_1006_chainB/docking_1006_chainB_out.pdbqt	/home/anacleto/Desktop/manuscript_Mpro/naturecomm/supplementary_file_S2/6-chemical-library/molecular_docking/combined_complexes/7cam_1006_combined/7cam_1006_combined_pose_1.pdb
o1cccc1C(=O)Sc2nncs2	1007	1	-4.211	-3.876	/home/anacleto/Desktop/manuscript_Mpro/naturecomm/supplementary_file_S2/6-chemical-library/molecular_docking/PDBQT/7cam_A_1007_chainA/docking_1007_chainA_out.pdbqt	/home/anacleto/Desktop/manuscript_Mpro/naturecomm/supplementary_file_S2/6-chemical-library/molecular_docking/PDBQT/7cam_B_1007_chainB/docking_1007_chainB_out.pdbqt	/home/anacleto/Desktop/manuscript_Mpro/naturecomm/supplementary_file_S2/6-chemical-library/molecular_docking/combined_complexes/7cam_1007_combined/7cam_1007_combined_pose_1.pdb
[nH]1cccc1C(=O)Sc2nncs2	1008	1	-4.489	-4.283	/home/anacleto/Desktop/manuscript_Mpro/naturecomm/supplementary_file_S2/6-chemical-library/molecular_docking/PDBQT/7cam_A_1008_chainA/docking_1008_chainA_out.pdbqt	/home/anacleto/Desktop/manuscript_Mpro/naturecomm/supplementary_file_S2/6-chemical-library/molecular_docking/PDBQT/7cam_B_1008_chainB/docking_1008_chainB_out.pdbqt	/home/anacleto/Desktop/manuscript_Mpro/naturecomm/supplementary_file_S2/6-chemical-library/molecular_docking/combined_complexes/7cam_1008_combined/7cam_1008_combined_pose_1.pdb
s1ccnc1S(=O)c2ccccc2	1009	1	-4.288	-4.107	/home/anacleto/Desktop/manuscript_Mpro/naturecomm/supplementary_file_S2/6-chemical-library/molecular_docking/PDBQT/7cam_A_1009_chainA/docking_1009_chainA_out.pdbqt	/home/anacleto/Desktop/manuscript_Mpro/naturecomm/supplementary_file_S2/6-chemical-library/molecular_docking/PDBQT/7cam_B_1009_chainB/docking_1009_chainB_out.pdbqt	/home/anacleto/Desktop/manuscript_Mpro/naturecomm/supplementary_file_S2/6-chemical-library/molecular_docking/combined_complexes/7cam_1009_combined/7cam_1009_combined_pose_1.pdb
C1COCO1	101	1	-2.324	-2.259	/home/anacleto/Desktop/manuscript_Mpro/naturecomm/supplementary_file_S2/6-chemical-library/molecular_docking/PDBQT/7cam_A_101_chainA/docking_101_chainA_out.pdbqt	/home/anacleto/Desktop/manuscript_Mpro/naturecomm/supplementary_file_S2/6-chemical-library/molecular_docking/PDBQT/7cam_B_101_chainB/docking_101_chainB_out.pdbqt	/home/anacleto/Desktop/manuscript_Mpro/naturecomm/supplementary_file_S2/6-chemical-library/molecular_docking/combined_complexes/7cam_101_combined/7cam_101_combined_pose_1.pdb
C=C1NC(=O)C(S1)N2CCCCC2	1010	1	-4.282	-4.233	/home/anacleto/Desktop/manuscript_Mpro/naturecomm/supplementary_file_S2/6-chemical-library/molecular_docking/PDBQT/7cam_A_1010_chainA/docking_1010_chainA_out.pdbqt	/home/anacleto/Desktop/manuscript_Mpro/naturecomm/supplementary_file_S2/6-chemical-library/molecular_docking/PDBQT/7cam_B_1010_chainB/docking_1010_chainB_out.pdbqt	/home/anacleto/Desktop/manuscript_Mpro/naturecomm/supplementary_file_S2/6-chemical-library/molecular_docking/combined_complexes/7cam_1010_combined/7cam_1010_combined_pose_1.pdb
O=S1(=O)CCCN1c2cccnc2	1011	1	-4.219	-4.124	/home/anacleto/Desktop/manuscript_Mpro/naturecomm/supplementary_file_S2/6-chemical-library/molecular_docking/PDBQT/7cam_A_1011_chainA/docking_1011_chainA_out.pdbqt	/home/anacleto/Desktop/manuscript_Mpro/naturecomm/supplementary_file_S2/6-chemical-library/molecular_docking/PDBQT/7cam_B_1011_chainB/docking_1011_chainB_out.pdbqt	/home/anacleto/Desktop/manuscript_Mpro/naturecomm/supplementary_file_S2/6-chemical-library/molecular_docking/combined_complexes/7cam_1011_combined/7cam_1011_combined_pose_1.pdb
s1cnnc1CN2C(=O)NCC2=O	1012	1	-4.123	-4.17	/home/anacleto/Desktop/manuscript_Mpro/naturecomm/supplementary_file_S2/6-chemical-library/molecular_docking/PDBQT/7cam_A_1012_chainA/docking_1012_chainA_out.pdbqt	/home/anacleto/Desktop/manuscript_Mpro/naturecomm/supplementary_file_S2/6-chemical-library/molecular_docking/PDBQT/7cam_B_1012_chainB/docking_1012_chainB_out.pdbqt	/home/anacleto/Desktop/manuscript_Mpro/naturecomm/supplementary_file_S2/6-chemical-library/molecular_docking/combined_complexes/7cam_1012_combined/7cam_1012_combined_pose_1.pdb
n1sncc1CN2C(=O)NCC2=O	1013	1	-4.117	-4.456	/home/anacleto/Desktop/manuscript_Mpro/naturecomm/supplementary_file_S2/6-chemical-library/molecular_docking/PDBQT/7cam_A_1013_chainA/docking_1013_chainA_out.pdbqt	/home/anacleto/Desktop/manuscript_Mpro/naturecomm/supplementary_file_S2/6-chemical-library/molecular_docking/PDBQT/7cam_B_1013_chainB/docking_1013_chainB_out.pdbqt	/home/anacleto/Desktop/manuscript_Mpro/naturecomm/supplementary_file_S2/6-chemical-library/molecular_docking/combined_complexes/7cam_1013_combined/7cam_1013_combined_pose_1.pdb
n1nscc1CN2C(=O)NCC2=O	1014	1	-4.214	-4.285	/home/anacleto/Desktop/manuscript_Mpro/naturecomm/supplementary_file_S2/6-chemical-library/molecular_docking/PDBQT/7cam_A_1014_chainA/docking_1014_chainA_out.pdbqt	/home/anacleto/Desktop/manuscript_Mpro/naturecomm/supplementary_file_S2/6-chemical-library/molecular_docking/PDBQT/7cam_B_1014_chainB/docking_1014_chainB_out.pdbqt	/home/anacleto/Desktop/manuscript_Mpro/naturecomm/supplementary_file_S2/6-chemical-library/molecular_docking/combined_complexes/7cam_1014_combined/7cam_1014_combined_pose_1.pdb
N1C(=O)CC(C1=O)Sc2nnc[nH]2	1015	1	-4.702		/home/anacleto/Desktop/manuscript_Mpro/naturecomm/supplementary_file_S2/6-chemical-library/molecular_docking/PDBQT/7cam_A_1015_chainA/docking_1015_chainA_out.pdbqt		
s1cccc1CCC2COCCN2	1016	1					
s1nccc1C(=O)N2CCNCC2	1017	1					
O=S1(=O)CCCN1c2ccccc2	1018	1					
N1CCC(S1(=O)=O)c2ccccc2	1019	1					
C1CCOC1	102	1	-2.453	-2.296	/home/anacleto/Desktop/manuscript_Mpro/naturecomm/supplementary_file_S2/6-chemical-library/molecular_docking/PDBQT/7cam_A_102_chainA/docking_102_chainA_out.pdbqt	/home/anacleto/Desktop/manuscript_Mpro/naturecomm/supplementary_file_S2/6-chemical-library/molecular_docking/PDBQT/7cam_B_102_chainB/docking_102_chainB_out.pdbqt	/home/anacleto/Desktop/manuscript_Mpro/naturecomm/supplementary_file_S2/6-chemical-library/molecular_docking/combined_complexes/7cam_102_combined/7cam_102_combined_pose_1.pdb
C1CC1S(=O)(=O)Nc2ccccc2	1020	1					
s1ccnc1CN2C(=O)NCC2=O	1021	1					
n1cscc1CN2C(=O)NCC2=O	1022	1					
s1cncc1C(=O)N2CCCCC2	1023	1					
s1cccc1C(=O)N2CCNCC2	1024	1	-4.278	-4.186	/home/anacleto/Desktop/manuscript_Mpro/naturecomm/supplementary_file_S2/6-chemical-library/molecular_docking/PDBQT/7cam_A_1024_chainA/docking_1024_chainA_out.pdbqt	/home/anacleto/Desktop/manuscript_Mpro/naturecomm/supplementary_file_S2/6-chemical-library/molecular_docking/PDBQT/7cam_B_1024_chainB/docking_1024_chainB_out.pdbqt	/home/anacleto/Desktop/manuscript_Mpro/naturecomm/supplementary_file_S2/6-chemical-library/molecular_docking/combined_complexes/7cam_1024_combined/7cam_1024_combined_pose_1.pdb
N1C(=O)NC(C1=O)Cc2cccs2	1025	1	-4.935	-4.54	/home/anacleto/Desktop/manuscript_Mpro/naturecomm/supplementary_file_S2/6-chemical-library/molecular_docking/PDBQT/7cam_A_1025_chainA/docking_1025_chainA_out.pdbqt	/home/anacleto/Desktop/manuscript_Mpro/naturecomm/supplementary_file_S2/6-chemical-library/molecular_docking/PDBQT/7cam_B_1025_chainB/docking_1025_chainB_out.pdbqt	/home/anacleto/Desktop/manuscript_Mpro/naturecomm/supplementary_file_S2/6-chemical-library/molecular_docking/combined_complexes/7cam_1025_combined/7cam_1025_combined_pose_1.pdb
n1cocc1C(=O)Nc2nccs2	1026	1	-4.566	-4.194	/home/anacleto/Desktop/manuscript_Mpro/naturecomm/supplementary_file_S2/6-chemical-library/molecular_docking/PDBQT/7cam_A_1026_chainA/docking_1026_chainA_out.pdbqt	/home/anacleto/Desktop/manuscript_Mpro/naturecomm/supplementary_file_S2/6-chemical-library/molecular_docking/PDBQT/7cam_B_1026_chainB/docking_1026_chainB_out.pdbqt	/home/anacleto/Desktop/manuscript_Mpro/naturecomm/supplementary_file_S2/6-chemical-library/molecular_docking/combined_complexes/7cam_1026_combined/7cam_1026_combined_pose_1.pdb
o1cccc1C(=O)Nc2nccs2	1027	1	-4.774	-4.445	/home/anacleto/Desktop/manuscript_Mpro/naturecomm/supplementary_file_S2/6-chemical-library/molecular_docking/PDBQT/7cam_A_1027_chainA/docking_1027_chainA_out.pdbqt	/home/anacleto/Desktop/manuscript_Mpro/naturecomm/supplementary_file_S2/6-chemical-library/molecular_docking/PDBQT/7cam_B_1027_chainB/docking_1027_chainB_out.pdbqt	/home/anacleto/Desktop/manuscript_Mpro/naturecomm/supplementary_file_S2/6-chemical-library/molecular_docking/combined_complexes/7cam_1027_combined/7cam_1027_combined_pose_1.pdb
[nH]1c(=O)sn(c1=O)-c2ccccc2	1028	1	-4.524	-4.625	/home/anacleto/Desktop/manuscript_Mpro/naturecomm/supplementary_file_S2/6-chemical-library/molecular_docking/PDBQT/7cam_A_1028_chainA/docking_1028_chainA_out.pdbqt	/home/anacleto/Desktop/manuscript_Mpro/naturecomm/supplementary_file_S2/6-chemical-library/molecular_docking/PDBQT/7cam_B_1028_chainB/docking_1028_chainB_out.pdbqt	/home/anacleto/Desktop/manuscript_Mpro/naturecomm/supplementary_file_S2/6-chemical-library/molecular_docking/combined_complexes/7cam_1028_combined/7cam_1028_combined_pose_1.pdb
o1cccc1C=c2c(=O)[nH]c(s2)=C	1029	1	-4.419	-4.559	/home/anacleto/Desktop/manuscript_Mpro/naturecomm/supplementary_file_S2/6-chemical-library/molecular_docking/PDBQT/7cam_A_1029_chainA/docking_1029_chainA_out.pdbqt	/home/anacleto/Desktop/manuscript_Mpro/naturecomm/supplementary_file_S2/6-chemical-library/molecular_docking/PDBQT/7cam_B_1029_chainB/docking_1029_chainB_out.pdbqt	/home/anacleto/Desktop/manuscript_Mpro/naturecomm/supplementary_file_S2/6-chemical-library/molecular_docking/combined_complexes/7cam_1029_combined/7cam_1029_combined_pose_1.pdb
B1OCCO1	103	1					
O=C1CSC(=O)N1c2ccccc2	1030	1	-4.543	-4.526	/home/anacleto/Desktop/manuscript_Mpro/naturecomm/supplementary_file_S2/6-chemical-library/molecular_docking/PDBQT/7cam_A_1030_chainA/docking_1030_chainA_out.pdbqt	/home/anacleto/Desktop/manuscript_Mpro/naturecomm/supplementary_file_S2/6-chemical-library/molecular_docking/PDBQT/7cam_B_1030_chainB/docking_1030_chainB_out.pdbqt	/home/anacleto/Desktop/manuscript_Mpro/naturecomm/supplementary_file_S2/6-chemical-library/molecular_docking/combined_complexes/7cam_1030_combined/7cam_1030_combined_pose_1.pdb
o1ncnc1CSc2ccccc2	1031	1	-4.24	-4.314	/home/anacleto/Desktop/manuscript_Mpro/naturecomm/supplementary_file_S2/6-chemical-library/molecular_docking/PDBQT/7cam_A_1031_chainA/docking_1031_chainA_out.pdbqt	/home/anacleto/Desktop/manuscript_Mpro/naturecomm/supplementary_file_S2/6-chemical-library/molecular_docking/PDBQT/7cam_B_1031_chainB/docking_1031_chainB_out.pdbqt	/home/anacleto/Desktop/manuscript_Mpro/naturecomm/supplementary_file_S2/6-chemical-library/molecular_docking/combined_complexes/7cam_1031_combined/7cam_1031_combined_pose_1.pdb
s1ccnc1NCc2cccnc2	1032	1	-4.532	-4.281	/home/anacleto/Desktop/manuscript_Mpro/naturecomm/supplementary_file_S2/6-chemical-library/molecular_docking/PDBQT/7cam_A_1032_chainA/docking_1032_chainA_out.pdbqt	/home/anacleto/Desktop/manuscript_Mpro/naturecomm/supplementary_file_S2/6-chemical-library/molecular_docking/PDBQT/7cam_B_1032_chainB/docking_1032_chainB_out.pdbqt	/home/anacleto/Desktop/manuscript_Mpro/naturecomm/supplementary_file_S2/6-chemical-library/molecular_docking/combined_complexes/7cam_1032_combined/7cam_1032_combined_pose_1.pdb
n1cscc1CNc2cccnc2	1033	1	-4.407	-4.201	/home/anacleto/Desktop/manuscript_Mpro/naturecomm/supplementary_file_S2/6-chemical-library/molecular_docking/PDBQT/7cam_A_1033_chainA/docking_1033_chainA_out.pdbqt	/home/anacleto/Desktop/manuscript_Mpro/naturecomm/supplementary_file_S2/6-chemical-library/molecular_docking/PDBQT/7cam_B_1033_chainB/docking_1033_chainB_out.pdbqt	/home/anacleto/Desktop/manuscript_Mpro/naturecomm/supplementary_file_S2/6-chemical-library/molecular_docking/combined_complexes/7cam_1033_combined/7cam_1033_combined_pose_1.pdb
n1cscc1CNc2ccccn2	1034	1	-4.518	-4.248	/home/anacleto/Desktop/manuscript_Mpro/naturecomm/supplementary_file_S2/6-chemical-library/molecular_docking/PDBQT/7cam_A_1034_chainA/docking_1034_chainA_out.pdbqt	/home/anacleto/Desktop/manuscript_Mpro/naturecomm/supplementary_file_S2/6-chemical-library/molecular_docking/PDBQT/7cam_B_1034_chainB/docking_1034_chainB_out.pdbqt	/home/anacleto/Desktop/manuscript_Mpro/naturecomm/supplementary_file_S2/6-chemical-library/molecular_docking/combined_complexes/7cam_1034_combined/7cam_1034_combined_pose_1.pdb
[nH]1cnnc1SCc2ccccc2	1035	1	-4.606	-4.446	/home/anacleto/Desktop/manuscript_Mpro/naturecomm/supplementary_file_S2/6-chemical-library/molecular_docking/PDBQT/7cam_A_1035_chainA/docking_1035_chainA_out.pdbqt	/home/anacleto/Desktop/manuscript_Mpro/naturecomm/supplementary_file_S2/6-chemical-library/molecular_docking/PDBQT/7cam_B_1035_chainB/docking_1035_chainB_out.pdbqt	/home/anacleto/Desktop/manuscript_Mpro/naturecomm/supplementary_file_S2/6-chemical-library/molecular_docking/combined_complexes/7cam_1035_combined/7cam_1035_combined_pose_1.pdb
s1ccnc1NCc2ccccc2	1036	1	-4.344	-4.498	/home/anacleto/Desktop/manuscript_Mpro/naturecomm/supplementary_file_S2/6-chemical-library/molecular_docking/PDBQT/7cam_A_1036_chainA/docking_1036_chainA_out.pdbqt	/home/anacleto/Desktop/manuscript_Mpro/naturecomm/supplementary_file_S2/6-chemical-library/molecular_docking/PDBQT/7cam_B_1036_chainB/docking_1036_chainB_out.pdbqt	/home/anacleto/Desktop/manuscript_Mpro/naturecomm/supplementary_file_S2/6-chemical-library/molecular_docking/combined_complexes/7cam_1036_combined/7cam_1036_combined_pose_1.pdb
c1ccccc1C(N2)C=CNC2=S	1038	1					
[nH]1ccn(c1=S)Cc2ccccc2	1039	1					
C1CCNC1	104	1	-2.832	-2.85	/home/anacleto/Desktop/manuscript_Mpro/naturecomm/supplementary_file_S2/6-chemical-library/molecular_docking/PDBQT/7cam_A_104_chainA/docking_104_chainA_out.pdbqt	/home/anacleto/Desktop/manuscript_Mpro/naturecomm/supplementary_file_S2/6-chemical-library/molecular_docking/PDBQT/7cam_B_104_chainB/docking_104_chainB_out.pdbqt	/home/anacleto/Desktop/manuscript_Mpro/naturecomm/supplementary_file_S2/6-chemical-library/molecular_docking/combined_complexes/7cam_104_combined/7cam_104_combined_pose_1.pdb
c1sccc1CNc2ccccc2	1040	1					
c1sccc1CCc2ccccc2	1041	1					
c1sccc1C(=O)c2ccccc2	1042	1					
C1OCCCC1OC2CCCCO2	1043	1					
C1COCCC1OC2CCCCO2	1044	1					
C1CNCCN1CC2CCOCC2	1045	1					
N1C(=O)NC(C1=O)CC2CCOC2	1046	1					
N1CCCC1C(=O)N2CCNCC2	1047	1	-4.768	-4.499	/home/anacleto/Desktop/manuscript_Mpro/naturecomm/supplementary_file_S2/6-chemical-library/molecular_docking/PDBQT/7cam_A_1047_chainA/docking_1047_chainA_out.pdbqt	/home/anacleto/Desktop/manuscript_Mpro/naturecomm/supplementary_file_S2/6-chemical-library/molecular_docking/PDBQT/7cam_B_1047_chainB/docking_1047_chainB_out.pdbqt	/home/anacleto/Desktop/manuscript_Mpro/naturecomm/supplementary_file_S2/6-chemical-library/molecular_docking/combined_complexes/7cam_1047_combined/7cam_1047_combined_pose_1.pdb
N1CCCC(C1=O)N2CCNCC2	1048	1	-4.292	-4.495	/home/anacleto/Desktop/manuscript_Mpro/naturecomm/supplementary_file_S2/6-chemical-library/molecular_docking/PDBQT/7cam_A_1048_chainA/docking_1048_chainA_out.pdbqt	/home/anacleto/Desktop/manuscript_Mpro/naturecomm/supplementary_file_S2/6-chemical-library/molecular_docking/PDBQT/7cam_B_1048_chainB/docking_1048_chainB_out.pdbqt	/home/anacleto/Desktop/manuscript_Mpro/naturecomm/supplementary_file_S2/6-chemical-library/molecular_docking/combined_complexes/7cam_1048_combined/7cam_1048_combined_pose_1.pdb
N1CCC(C1=O)N2C(=O)NCC2=O	1049	1	-4.403	-4.585	/home/anacleto/Desktop/manuscript_Mpro/naturecomm/supplementary_file_S2/6-chemical-library/molecular_docking/PDBQT/7cam_A_1049_chainA/docking_1049_chainA_out.pdbqt	/home/anacleto/Desktop/manuscript_Mpro/naturecomm/supplementary_file_S2/6-chemical-library/molecular_docking/PDBQT/7cam_B_1049_chainB/docking_1049_chainB_out.pdbqt	/home/anacleto/Desktop/manuscript_Mpro/naturecomm/supplementary_file_S2/6-chemical-library/molecular_docking/combined_complexes/7cam_1049_combined/7cam_1049_combined_pose_1.pdb
O=C1CCN1	105	1	-2.926	-2.883	/home/anacleto/Desktop/manuscript_Mpro/naturecomm/supplementary_file_S2/6-chemical-library/molecular_docking/PDBQT/7cam_A_105_chainA/docking_105_chainA_out.pdbqt	/home/anacleto/Desktop/manuscript_Mpro/naturecomm/supplementary_file_S2/6-chemical-library/molecular_docking/PDBQT/7cam_B_105_chainB/docking_105_chainB_out.pdbqt	/home/anacleto/Desktop/manuscript_Mpro/naturecomm/supplementary_file_S2/6-chemical-library/molecular_docking/combined_complexes/7cam_105_combined/7cam_105_combined_pose_1.pdb
C1CNCCN1CC2CCCCC2	1050	1	-4.491	-4.49	/home/anacleto/Desktop/manuscript_Mpro/naturecomm/supplementary_file_S2/6-chemical-library/molecular_docking/PDBQT/7cam_A_1050_chainA/docking_1050_chainA_out.pdbqt	/home/anacleto/Desktop/manuscript_Mpro/naturecomm/supplementary_file_S2/6-chemical-library/molecular_docking/PDBQT/7cam_B_1050_chainB/docking_1050_chainB_out.pdbqt	/home/anacleto/Desktop/manuscript_Mpro/naturecomm/supplementary_file_S2/6-chemical-library/molecular_docking/combined_complexes/7cam_1050_combined/7cam_1050_combined_pose_1.pdb
O=C1CCCCN1C2CCCNC2	1051	1	-4.496	-4.325	/home/anacleto/Desktop/manuscript_Mpro/naturecomm/supplementary_file_S2/6-chemical-library/molecular_docking/PDBQT/7cam_A_1051_chainA/docking_1051_chainA_out.pdbqt	/home/anacleto/Desktop/manuscript_Mpro/naturecomm/supplementary_file_S2/6-chemical-library/molecular_docking/PDBQT/7cam_B_1051_chainB/docking_1051_chainB_out.pdbqt	/home/anacleto/Desktop/manuscript_Mpro/naturecomm/supplementary_file_S2/6-chemical-library/molecular_docking/combined_complexes/7cam_1051_combined/7cam_1051_combined_pose_1.pdb
N1CCN(CC1=O)C2CCCCC2	1052	1	-4.61	-4.737	/home/anacleto/Desktop/manuscript_Mpro/naturecomm/supplementary_file_S2/6-chemical-library/molecular_docking/PDBQT/7cam_A_1052_chainA/docking_1052_chainA_out.pdbqt	/home/anacleto/Desktop/manuscript_Mpro/naturecomm/supplementary_file_S2/6-chemical-library/molecular_docking/PDBQT/7cam_B_1052_chainB/docking_1052_chainB_out.pdbqt	/home/anacleto/Desktop/manuscript_Mpro/naturecomm/supplementary_file_S2/6-chemical-library/molecular_docking/combined_complexes/7cam_1052_combined/7cam_1052_combined_pose_1.pdb
n1nccn1CCN2CCOCC2	1053	1	-3.986	-3.798	/home/anacleto/Desktop/manuscript_Mpro/naturecomm/supplementary_file_S2/6-chemical-library/molecular_docking/PDBQT/7cam_A_1053_chainA/docking_1053_chainA_out.pdbqt	/home/anacleto/Desktop/manuscript_Mpro/naturecomm/supplementary_file_S2/6-chemical-library/molecular_docking/PDBQT/7cam_B_1053_chainB/docking_1053_chainB_out.pdbqt	/home/anacleto/Desktop/manuscript_Mpro/naturecomm/supplementary_file_S2/6-chemical-library/molecular_docking/combined_complexes/7cam_1053_combined/7cam_1053_combined_pose_1.pdb
N1C(=O)NC(C1=O)C2CCCCC2	1054	1	-4.811	-4.654	/home/anacleto/Desktop/manuscript_Mpro/naturecomm/supplementary_file_S2/6-chemical-library/molecular_docking/PDBQT/7cam_A_1054_chainA/docking_1054_chainA_out.pdbqt	/home/anacleto/Desktop/manuscript_Mpro/naturecomm/supplementary_file_S2/6-chemical-library/molecular_docking/PDBQT/7cam_B_1054_chainB/docking_1054_chainB_out.pdbqt	/home/anacleto/Desktop/manuscript_Mpro/naturecomm/supplementary_file_S2/6-chemical-library/molecular_docking/combined_complexes/7cam_1054_combined/7cam_1054_combined_pose_1.pdb
O=C1NC(=O)C=C1N2CCOCC2	1055	1	-4.577	-4.351	/home/anacleto/Desktop/manuscript_Mpro/naturecomm/supplementary_file_S2/6-chemical-library/molecular_docking/PDBQT/7cam_A_1055_chainA/docking_1055_chainA_out.pdbqt	/home/anacleto/Desktop/manuscript_Mpro/naturecomm/supplementary_file_S2/6-chemical-library/molecular_docking/PDBQT/7cam_B_1055_chainB/docking_1055_chainB_out.pdbqt	/home/anacleto/Desktop/manuscript_Mpro/naturecomm/supplementary_file_S2/6-chemical-library/molecular_docking/combined_complexes/7cam_1055_combined/7cam_1055_combined_pose_1.pdb
n1n[nH]cc1C(=O)N2CCNCC2	1056	1	-4.562	-4.377	/home/anacleto/Desktop/manuscript_Mpro/naturecomm/supplementary_file_S2/6-chemical-library/molecular_docking/PDBQT/7cam_A_1056_chainA/docking_1056_chainA_out.pdbqt	/home/anacleto/Desktop/manuscript_Mpro/naturecomm/supplementary_file_S2/6-chemical-library/molecular_docking/PDBQT/7cam_B_1056_chainB/docking_1056_chainB_out.pdbqt	/home/anacleto/Desktop/manuscript_Mpro/naturecomm/supplementary_file_S2/6-chemical-library/molecular_docking/combined_complexes/7cam_1056_combined/7cam_1056_combined_pose_1.pdb
[nH]1nncc1C(=O)N2CCNCC2	1057	1	-4.569	-4.39	/home/anacleto/Desktop/manuscript_Mpro/naturecomm/supplementary_file_S2/6-chemical-library/molecular_docking/PDBQT/7cam_A_1057_chainA/docking_1057_chainA_out.pdbqt	/home/anacleto/Desktop/manuscript_Mpro/naturecomm/supplementary_file_S2/6-chemical-library/molecular_docking/PDBQT/7cam_B_1057_chainB/docking_1057_chainB_out.pdbqt	/home/anacleto/Desktop/manuscript_Mpro/naturecomm/supplementary_file_S2/6-chemical-library/molecular_docking/combined_complexes/7cam_1057_combined/7cam_1057_combined_pose_1.pdb
[nH]1ncnc1C(=O)N2CCNCC2	1058	1	-4.551	-4.41	/home/anacleto/Desktop/manuscript_Mpro/naturecomm/supplementary_file_S2/6-chemical-library/molecular_docking/PDBQT/7cam_A_1058_chainA/docking_1058_chainA_out.pdbqt	/home/anacleto/Desktop/manuscript_Mpro/naturecomm/supplementary_file_S2/6-chemical-library/molecular_docking/PDBQT/7cam_B_1058_chainB/docking_1058_chainB_out.pdbqt	/home/anacleto/Desktop/manuscript_Mpro/naturecomm/supplementary_file_S2/6-chemical-library/molecular_docking/combined_complexes/7cam_1058_combined/7cam_1058_combined_pose_1.pdb
o1ncnc1CN2CCCCC2=O	1059	1	-4.209	-4.078	/home/anacleto/Desktop/manuscript_Mpro/naturecomm/supplementary_file_S2/6-chemical-library/molecular_docking/PDBQT/7cam_A_1059_chainA/docking_1059_chainA_out.pdbqt	/home/anacleto/Desktop/manuscript_Mpro/naturecomm/supplementary_file_S2/6-chemical-library/molecular_docking/PDBQT/7cam_B_1059_chainB/docking_1059_chainB_out.pdbqt	/home/anacleto/Desktop/manuscript_Mpro/naturecomm/supplementary_file_S2/6-chemical-library/molecular_docking/combined_complexes/7cam_1059_combined/7cam_1059_combined_pose_1.pdb
C1=NOCC1	106	1	-2.453	-2.423	/home/anacleto/Desktop/manuscript_Mpro/naturecomm/supplementary_file_S2/6-chemical-library/molecular_docking/PDBQT/7cam_A_106_chainA/docking_106_chainA_out.pdbqt	/home/anacleto/Desktop/manuscript_Mpro/naturecomm/supplementary_file_S2/6-chemical-library/molecular_docking/PDBQT/7cam_B_106_chainB/docking_106_chainB_out.pdbqt	/home/anacleto/Desktop/manuscript_Mpro/naturecomm/supplementary_file_S2/6-chemical-library/molecular_docking/combined_complexes/7cam_106_combined/7cam_106_combined_pose_1.pdb
n1cocc1C(=O)NC2CCNC2	1060	1	-4.903	-4.024	/home/anacleto/Desktop/manuscript_Mpro/naturecomm/supplementary_file_S2/6-chemical-library/molecular_docking/PDBQT/7cam_A_1060_chainA/docking_1060_chainA_out.pdbqt	/home/anacleto/Desktop/manuscript_Mpro/naturecomm/supplementary_file_S2/6-chemical-library/molecular_docking/PDBQT/7cam_B_1060_chainB/docking_1060_chainB_out.pdbqt	/home/anacleto/Desktop/manuscript_Mpro/naturecomm/supplementary_file_S2/6-chemical-library/molecular_docking/combined_complexes/7cam_1060_combined/7cam_1060_combined_pose_1.pdb
n1[nH]ccc1C(=O)N2CCOCC2	1061	1	-4.495		/home/anacleto/Desktop/manuscript_Mpro/naturecomm/supplementary_file_S2/6-chemical-library/molecular_docking/PDBQT/7cam_A_1061_chainA/docking_1061_chainA_out.pdbqt		
O=C1NC(=O)C=C1N2CCNCC2	1062	1					
O1CCCC1n(c(=O)[nH]2)ccc2=N	1063	1					
n1occc1CN2C(=O)NCC2=O	1064	1					
n1[nH]ccc1C(=O)N2CCNCC2	1065	1					
[nH]1cncc1C(=O)NC2CCNC2	1066	1					
C1CCCN1C(=O)Cn2cncn2	1067	1					
o1cccc1C(=O)N2CCNCC2	1068	1					
n1[nH]ccc1CN2C(=O)NCC2=O	1069	1					
c1con[nH+]1	107	1	-2.811	-2.796	/home/anacleto/Desktop/manuscript_Mpro/naturecomm/supplementary_file_S2/6-chemical-library/molecular_docking/PDBQT/7cam_A_107_chainA/docking_107_chainA_out.pdbqt	/home/anacleto/Desktop/manuscript_Mpro/naturecomm/supplementary_file_S2/6-chemical-library/molecular_docking/PDBQT/7cam_B_107_chainB/docking_107_chainB_out.pdbqt	/home/anacleto/Desktop/manuscript_Mpro/naturecomm/supplementary_file_S2/6-chemical-library/molecular_docking/combined_complexes/7cam_107_combined/7cam_107_combined_pose_1.pdb
[nH]1cncc1C(=O)N2CCCCC2	1070	1	-4.648	-4.151	/home/anacleto/Desktop/manuscript_Mpro/naturecomm/supplementary_file_S2/6-chemical-library/molecular_docking/PDBQT/7cam_A_1070_chainA/docking_1070_chainA_out.pdbqt	/home/anacleto/Desktop/manuscript_Mpro/naturecomm/supplementary_file_S2/6-chemical-library/molecular_docking/PDBQT/7cam_B_1070_chainB/docking_1070_chainB_out.pdbqt	/home/anacleto/Desktop/manuscript_Mpro/naturecomm/supplementary_file_S2/6-chemical-library/molecular_docking/combined_complexes/7cam_1070_combined/7cam_1070_combined_pose_1.pdb
C1CCCN1C(=O)Cn2ccnc2	1071	1	-4.23	-3.959	/home/anacleto/Desktop/manuscript_Mpro/naturecomm/supplementary_file_S2/6-chemical-library/molecular_docking/PDBQT/7cam_A_1071_chainA/docking_1071_chainA_out.pdbqt	/home/anacleto/Desktop/manuscript_Mpro/naturecomm/supplementary_file_S2/6-chemical-library/molecular_docking/PDBQT/7cam_B_1071_chainB/docking_1071_chainB_out.pdbqt	/home/anacleto/Desktop/manuscript_Mpro/naturecomm/supplementary_file_S2/6-chemical-library/molecular_docking/combined_complexes/7cam_1071_combined/7cam_1071_combined_pose_1.pdb
C1CCCN1C(=O)Cc2ccn[nH]2	1072	1	-4.357	-4.298	/home/anacleto/Desktop/manuscript_Mpro/naturecomm/supplementary_file_S2/6-chemical-library/molecular_docking/PDBQT/7cam_A_1072_chainA/docking_1072_chainA_out.pdbqt	/home/anacleto/Desktop/manuscript_Mpro/naturecomm/supplementary_file_S2/6-chemical-library/molecular_docking/PDBQT/7cam_B_1072_chainB/docking_1072_chainB_out.pdbqt	/home/anacleto/Desktop/manuscript_Mpro/naturecomm/supplementary_file_S2/6-chemical-library/molecular_docking/combined_complexes/7cam_1072_combined/7cam_1072_combined_pose_1.pdb
n1cocc1C(=O)Nc2ncco2	1073	1	-4.533	-4.267	/home/anacleto/Desktop/manuscript_Mpro/naturecomm/supplementary_file_S2/6-chemical-library/molecular_docking/PDBQT/7cam_A_1073_chainA/docking_1073_chainA_out.pdbqt	/home/anacleto/Desktop/manuscript_Mpro/naturecomm/supplementary_file_S2/6-chemical-library/molecular_docking/PDBQT/7cam_B_1073_chainB/docking_1073_chainB_out.pdbqt	/home/anacleto/Desktop/manuscript_Mpro/naturecomm/supplementary_file_S2/6-chemical-library/molecular_docking/combined_complexes/7cam_1073_combined/7cam_1073_combined_pose_1.pdb
n1cocc1C(=O)Nc2ccon2	1074	1	-4.701	-4.312	/home/anacleto/Desktop/manuscript_Mpro/naturecomm/supplementary_file_S2/6-chemical-library/molecular_docking/PDBQT/7cam_A_1074_chainA/docking_1074_chainA_out.pdbqt	/home/anacleto/Desktop/manuscript_Mpro/naturecomm/supplementary_file_S2/6-chemical-library/molecular_docking/PDBQT/7cam_B_1074_chainB/docking_1074_chainB_out.pdbqt	/home/anacleto/Desktop/manuscript_Mpro/naturecomm/supplementary_file_S2/6-chemical-library/molecular_docking/combined_complexes/7cam_1074_combined/7cam_1074_combined_pose_1.pdb
n1cccnc1NC2CCNCC2	1075	1	-5.072	-4.366	/home/anacleto/Desktop/manuscript_Mpro/naturecomm/supplementary_file_S2/6-chemical-library/molecular_docking/PDBQT/7cam_A_1075_chainA/docking_1075_chainA_out.pdbqt	/home/anacleto/Desktop/manuscript_Mpro/naturecomm/supplementary_file_S2/6-chemical-library/molecular_docking/PDBQT/7cam_B_1075_chainB/docking_1075_chainB_out.pdbqt	/home/anacleto/Desktop/manuscript_Mpro/naturecomm/supplementary_file_S2/6-chemical-library/molecular_docking/combined_complexes/7cam_1075_combined/7cam_1075_combined_pose_1.pdb
n1cocc1C(=O)Nc2cn[nH]c2	1076	1	-4.748	-4.276	/home/anacleto/Desktop/manuscript_Mpro/naturecomm/supplementary_file_S2/6-chemical-library/molecular_docking/PDBQT/7cam_A_1076_chainA/docking_1076_chainA_out.pdbqt	/home/anacleto/Desktop/manuscript_Mpro/naturecomm/supplementary_file_S2/6-chemical-library/molecular_docking/PDBQT/7cam_B_1076_chainB/docking_1076_chainB_out.pdbqt	/home/anacleto/Desktop/manuscript_Mpro/naturecomm/supplementary_file_S2/6-chemical-library/molecular_docking/combined_complexes/7cam_1076_combined/7cam_1076_combined_pose_1.pdb
n1cocc1C(=O)Nc2c[nH]cn2	1077	1	-4.514	-4.22	/home/anacleto/Desktop/manuscript_Mpro/naturecomm/supplementary_file_S2/6-chemical-library/molecular_docking/PDBQT/7cam_A_1077_chainA/docking_1077_chainA_out.pdbqt	/home/anacleto/Desktop/manuscript_Mpro/naturecomm/supplementary_file_S2/6-chemical-library/molecular_docking/PDBQT/7cam_B_1077_chainB/docking_1077_chainB_out.pdbqt	/home/anacleto/Desktop/manuscript_Mpro/naturecomm/supplementary_file_S2/6-chemical-library/molecular_docking/combined_complexes/7cam_1077_combined/7cam_1077_combined_pose_1.pdb
o1cccc1C=C2C(=O)NNC2=O	1078	1	-4.658	-5.197	/home/anacleto/Desktop/manuscript_Mpro/naturecomm/supplementary_file_S2/6-chemical-library/molecular_docking/PDBQT/7cam_A_1078_chainA/docking_1078_chainA_out.pdbqt	/home/anacleto/Desktop/manuscript_Mpro/naturecomm/supplementary_file_S2/6-chemical-library/molecular_docking/PDBQT/7cam_B_1078_chainB/docking_1078_chainB_out.pdbqt	/home/anacleto/Desktop/manuscript_Mpro/naturecomm/supplementary_file_S2/6-chemical-library/molecular_docking/combined_complexes/7cam_1078_combined/7cam_1078_combined_pose_1.pdb
c1ncccc1CNC2CCNC2	1079	1	-4.501	-4.575	/home/anacleto/Desktop/manuscript_Mpro/naturecomm/supplementary_file_S2/6-chemical-library/molecular_docking/PDBQT/7cam_A_1079_chainA/docking_1079_chainA_out.pdbqt	/home/anacleto/Desktop/manuscript_Mpro/naturecomm/supplementary_file_S2/6-chemical-library/molecular_docking/PDBQT/7cam_B_1079_chainB/docking_1079_chainB_out.pdbqt	/home/anacleto/Desktop/manuscript_Mpro/naturecomm/supplementary_file_S2/6-chemical-library/molecular_docking/combined_complexes/7cam_1079_combined/7cam_1079_combined_pose_1.pdb
c1c[nH+]on1	108	1	-2.849	-2.825	/home/anacleto/Desktop/manuscript_Mpro/naturecomm/supplementary_file_S2/6-chemical-library/molecular_docking/PDBQT/7cam_A_108_chainA/docking_108_chainA_out.pdbqt	/home/anacleto/Desktop/manuscript_Mpro/naturecomm/supplementary_file_S2/6-chemical-library/molecular_docking/PDBQT/7cam_B_108_chainB/docking_108_chainB_out.pdbqt	/home/anacleto/Desktop/manuscript_Mpro/naturecomm/supplementary_file_S2/6-chemical-library/molecular_docking/combined_complexes/7cam_108_combined/7cam_108_combined_pose_1.pdb
C1CNCCN1Cc2cccnc2	1080	1	-4.292	-4.498	/home/anacleto/Desktop/manuscript_Mpro/naturecomm/supplementary_file_S2/6-chemical-library/molecular_docking/PDBQT/7cam_A_1080_chainA/docking_1080_chainA_out.pdbqt	/home/anacleto/Desktop/manuscript_Mpro/naturecomm/supplementary_file_S2/6-chemical-library/molecular_docking/PDBQT/7cam_B_1080_chainB/docking_1080_chainB_out.pdbqt	/home/anacleto/Desktop/manuscript_Mpro/naturecomm/supplementary_file_S2/6-chemical-library/molecular_docking/combined_complexes/7cam_1080_combined/7cam_1080_combined_pose_1.pdb
c1ccccc1NC2CCOCC2	1081	1	-4.74	-4.526	/home/anacleto/Desktop/manuscript_Mpro/naturecomm/supplementary_file_S2/6-chemical-library/molecular_docking/PDBQT/7cam_A_1081_chainA/docking_1081_chainA_out.pdbqt	/home/anacleto/Desktop/manuscript_Mpro/naturecomm/supplementary_file_S2/6-chemical-library/molecular_docking/PDBQT/7cam_B_1081_chainB/docking_1081_chainB_out.pdbqt	/home/anacleto/Desktop/manuscript_Mpro/naturecomm/supplementary_file_S2/6-chemical-library/molecular_docking/combined_complexes/7cam_1081_combined/7cam_1081_combined_pose_1.pdb
C1COCCN1Cc2ccccc2	1083	1					
C1CCN1C(=O)Nc2cccnc2	1084	1					
O=C1CCC(N1)Oc2ccccc2	1085	1					
c1[nH]ncc1C(=O)Nc2cn[nH]c2	1086	1					
O=C1CNC(=O)N1c2cccnc2	1087	1					
c1ccccc1NC2CCNCC2	1088	1					
C1CNCCN1Cc2ccccc2	1089	1					
C1CCCC1	109	1	-2.892	-2.636	/home/anacleto/Desktop/manuscript_Mpro/naturecomm/supplementary_file_S2/6-chemical-library/molecular_docking/PDBQT/7cam_A_109_chainA/docking_109_chainA_out.pdbqt	/home/anacleto/Desktop/manuscript_Mpro/naturecomm/supplementary_file_S2/6-chemical-library/molecular_docking/PDBQT/7cam_B_109_chainB/docking_109_chainB_out.pdbqt	/home/anacleto/Desktop/manuscript_Mpro/naturecomm/supplementary_file_S2/6-chemical-library/molecular_docking/combined_complexes/7cam_109_combined/7cam_109_combined_pose_1.pdb
C1COCCC1Cc2ccccc2	1090	1					
c1ccccc1N2CCNCC2=O	1091	1					
N1CCNC(C1=O)c2ccccc2	1092	1					
N1CCN(CC1=O)c2ccccc2	1093	1	-4.596	-4.659	/home/anacleto/Desktop/manuscript_Mpro/naturecomm/supplementary_file_S2/6-chemical-library/molecular_docking/PDBQT/7cam_A_1093_chainA/docking_1093_chainA_out.pdbqt	/home/anacleto/Desktop/manuscript_Mpro/naturecomm/supplementary_file_S2/6-chemical-library/molecular_docking/PDBQT/7cam_B_1093_chainB/docking_1093_chainB_out.pdbqt	/home/anacleto/Desktop/manuscript_Mpro/naturecomm/supplementary_file_S2/6-chemical-library/molecular_docking/combined_complexes/7cam_1093_combined/7cam_1093_combined_pose_1.pdb
N1CCN(C1=O)Cc2ccccc2	1094	1	-4.674	-4.662	/home/anacleto/Desktop/manuscript_Mpro/naturecomm/supplementary_file_S2/6-chemical-library/molecular_docking/PDBQT/7cam_A_1094_chainA/docking_1094_chainA_out.pdbqt	/home/anacleto/Desktop/manuscript_Mpro/naturecomm/supplementary_file_S2/6-chemical-library/molecular_docking/PDBQT/7cam_B_1094_chainB/docking_1094_chainB_out.pdbqt	/home/anacleto/Desktop/manuscript_Mpro/naturecomm/supplementary_file_S2/6-chemical-library/molecular_docking/combined_complexes/7cam_1094_combined/7cam_1094_combined_pose_1.pdb
N1CCCN(C1=O)c2ccccc2	1095	1	-4.478	-4.521	/home/anacleto/Desktop/manuscript_Mpro/naturecomm/supplementary_file_S2/6-chemical-library/molecular_docking/PDBQT/7cam_A_1095_chainA/docking_1095_chainA_out.pdbqt	/home/anacleto/Desktop/manuscript_Mpro/naturecomm/supplementary_file_S2/6-chemical-library/molecular_docking/PDBQT/7cam_B_1095_chainB/docking_1095_chainB_out.pdbqt	/home/anacleto/Desktop/manuscript_Mpro/naturecomm/supplementary_file_S2/6-chemical-library/molecular_docking/combined_complexes/7cam_1095_combined/7cam_1095_combined_pose_1.pdb
C1CC1NC(=O)Nc2ccccc2	1096	1	-5.13	-4.877	/home/anacleto/Desktop/manuscript_Mpro/naturecomm/supplementary_file_S2/6-chemical-library/molecular_docking/PDBQT/7cam_A_1096_chainA/docking_1096_chainA_out.pdbqt	/home/anacleto/Desktop/manuscript_Mpro/naturecomm/supplementary_file_S2/6-chemical-library/molecular_docking/PDBQT/7cam_B_1096_chainB/docking_1096_chainB_out.pdbqt	/home/anacleto/Desktop/manuscript_Mpro/naturecomm/supplementary_file_S2/6-chemical-library/molecular_docking/combined_complexes/7cam_1096_combined/7cam_1096_combined_pose_1.pdb
C1CC1NC(=O)Cc2cccnc2	1097	1	-4.717	-4.471	/home/anacleto/Desktop/manuscript_Mpro/naturecomm/supplementary_file_S2/6-chemical-library/molecular_docking/PDBQT/7cam_A_1097_chainA/docking_1097_chainA_out.pdbqt	/home/anacleto/Desktop/manuscript_Mpro/naturecomm/supplementary_file_S2/6-chemical-library/molecular_docking/PDBQT/7cam_B_1097_chainB/docking_1097_chainB_out.pdbqt	/home/anacleto/Desktop/manuscript_Mpro/naturecomm/supplementary_file_S2/6-chemical-library/molecular_docking/combined_complexes/7cam_1097_combined/7cam_1097_combined_pose_1.pdb
o1nccc1CNc2ncccn2	1098	1	-4.643	-4.462	/home/anacleto/Desktop/manuscript_Mpro/naturecomm/supplementary_file_S2/6-chemical-library/molecular_docking/PDBQT/7cam_A_1098_chainA/docking_1098_chainA_out.pdbqt	/home/anacleto/Desktop/manuscript_Mpro/naturecomm/supplementary_file_S2/6-chemical-library/molecular_docking/PDBQT/7cam_B_1098_chainB/docking_1098_chainB_out.pdbqt	/home/anacleto/Desktop/manuscript_Mpro/naturecomm/supplementary_file_S2/6-chemical-library/molecular_docking/combined_complexes/7cam_1098_combined/7cam_1098_combined_pose_1.pdb
o1ncnc1COc2ccccc2	1099	1	-4.397	-4.298	/home/anacleto/Desktop/manuscript_Mpro/naturecomm/supplementary_file_S2/6-chemical-library/molecular_docking/PDBQT/7cam_A_1099_chainA/docking_1099_chainA_out.pdbqt	/home/anacleto/Desktop/manuscript_Mpro/naturecomm/supplementary_file_S2/6-chemical-library/molecular_docking/PDBQT/7cam_B_1099_chainB/docking_1099_chainB_out.pdbqt	/home/anacleto/Desktop/manuscript_Mpro/naturecomm/supplementary_file_S2/6-chemical-library/molecular_docking/combined_complexes/7cam_1099_combined/7cam_1099_combined_pose_1.pdb
O=C1CCCNCC1	11	1	-3.653	-3.488	/home/anacleto/Desktop/manuscript_Mpro/naturecomm/supplementary_file_S2/6-chemical-library/molecular_docking/PDBQT/7cam_A_11_chainA/docking_11_chainA_out.pdbqt	/home/anacleto/Desktop/manuscript_Mpro/naturecomm/supplementary_file_S2/6-chemical-library/molecular_docking/PDBQT/7cam_B_11_chainB/docking_11_chainB_out.pdbqt	/home/anacleto/Desktop/manuscript_Mpro/naturecomm/supplementary_file_S2/6-chemical-library/molecular_docking/combined_complexes/7cam_11_combined/7cam_11_combined_pose_1.pdb
C1=NNCC1	110	1	-2.673	-2.864	/home/anacleto/Desktop/manuscript_Mpro/naturecomm/supplementary_file_S2/6-chemical-library/molecular_docking/PDBQT/7cam_A_110_chainA/docking_110_chainA_out.pdbqt	/home/anacleto/Desktop/manuscript_Mpro/naturecomm/supplementary_file_S2/6-chemical-library/molecular_docking/PDBQT/7cam_B_110_chainB/docking_110_chainB_out.pdbqt	/home/anacleto/Desktop/manuscript_Mpro/naturecomm/supplementary_file_S2/6-chemical-library/molecular_docking/combined_complexes/7cam_110_combined/7cam_110_combined_pose_1.pdb
o1cnnc1COc2ccccc2	1100	1	-4.301	-4.226	/home/anacleto/Desktop/manuscript_Mpro/naturecomm/supplementary_file_S2/6-chemical-library/molecular_docking/PDBQT/7cam_A_1100_chainA/docking_1100_chainA_out.pdbqt	/home/anacleto/Desktop/manuscript_Mpro/naturecomm/supplementary_file_S2/6-chemical-library/molecular_docking/PDBQT/7cam_B_1100_chainB/docking_1100_chainB_out.pdbqt	/home/anacleto/Desktop/manuscript_Mpro/naturecomm/supplementary_file_S2/6-chemical-library/molecular_docking/combined_complexes/7cam_1100_combined/7cam_1100_combined_pose_1.pdb
O=C1CNC(=O)N1c2ccccc2	1101	1	-4.585	-4.663	/home/anacleto/Desktop/manuscript_Mpro/naturecomm/supplementary_file_S2/6-chemical-library/molecular_docking/PDBQT/7cam_A_1101_chainA/docking_1101_chainA_out.pdbqt	/home/anacleto/Desktop/manuscript_Mpro/naturecomm/supplementary_file_S2/6-chemical-library/molecular_docking/PDBQT/7cam_B_1101_chainB/docking_1101_chainB_out.pdbqt	/home/anacleto/Desktop/manuscript_Mpro/naturecomm/supplementary_file_S2/6-chemical-library/molecular_docking/combined_complexes/7cam_1101_combined/7cam_1101_combined_pose_1.pdb
O=C1CC(=O)NN1c2ccccc2	1102	1	-4.711	-4.736	/home/anacleto/Desktop/manuscript_Mpro/naturecomm/supplementary_file_S2/6-chemical-library/molecular_docking/PDBQT/7cam_A_1102_chainA/docking_1102_chainA_out.pdbqt	/home/anacleto/Desktop/manuscript_Mpro/naturecomm/supplementary_file_S2/6-chemical-library/molecular_docking/PDBQT/7cam_B_1102_chainB/docking_1102_chainB_out.pdbqt	/home/anacleto/Desktop/manuscript_Mpro/naturecomm/supplementary_file_S2/6-chemical-library/molecular_docking/combined_complexes/7cam_1102_combined/7cam_1102_combined_pose_1.pdb
N1C(=O)NC(C1=O)c2ccccc2	1103	1	-4.949	-4.801	/home/anacleto/Desktop/manuscript_Mpro/naturecomm/supplementary_file_S2/6-chemical-library/molecular_docking/PDBQT/7cam_A_1103_chainA/docking_1103_chainA_out.pdbqt	/home/anacleto/Desktop/manuscript_Mpro/naturecomm/supplementary_file_S2/6-chemical-library/molecular_docking/PDBQT/7cam_B_1103_chainB/docking_1103_chainB_out.pdbqt	/home/anacleto/Desktop/manuscript_Mpro/naturecomm/supplementary_file_S2/6-chemical-library/molecular_docking/combined_complexes/7cam_1103_combined/7cam_1103_combined_pose_1.pdb
c1ccccc1NC2CCCCC2	1104	1	-4.808	-4.88	/home/anacleto/Desktop/manuscript_Mpro/naturecomm/supplementary_file_S2/6-chemical-library/molecular_docking/PDBQT/7cam_A_1104_chainA/docking_1104_chainA_out.pdbqt	/home/anacleto/Desktop/manuscript_Mpro/naturecomm/supplementary_file_S2/6-chemical-library/molecular_docking/PDBQT/7cam_B_1104_chainB/docking_1104_chainB_out.pdbqt	/home/anacleto/Desktop/manuscript_Mpro/naturecomm/supplementary_file_S2/6-chemical-library/molecular_docking/combined_complexes/7cam_1104_combined/7cam_1104_combined_pose_1.pdb
C1NCCCC1Cc2ccccc2	1105	1	-4.824	-4.783	/home/anacleto/Desktop/manuscript_Mpro/naturecomm/supplementary_file_S2/6-chemical-library/molecular_docking/PDBQT/7cam_A_1105_chainA/docking_1105_chainA_out.pdbqt	/home/anacleto/Desktop/manuscript_Mpro/naturecomm/supplementary_file_S2/6-chemical-library/molecular_docking/PDBQT/7cam_B_1105_chainB/docking_1105_chainB_out.pdbqt	/home/anacleto/Desktop/manuscript_Mpro/naturecomm/supplementary_file_S2/6-chemical-library/molecular_docking/combined_complexes/7cam_1105_combined/7cam_1105_combined_pose_1.pdb
C1CCCCN1Cc2ccccc2	1107	1					
C1CCCC1CNc2ccccc2	1108	1					
C1CCCC1CCc2cccnc2	1109	1					
C1=NCCN1	111	1	-2.661	-2.72	/home/anacleto/Desktop/manuscript_Mpro/naturecomm/supplementary_file_S2/6-chemical-library/molecular_docking/PDBQT/7cam_A_111_chainA/docking_111_chainA_out.pdbqt	/home/anacleto/Desktop/manuscript_Mpro/naturecomm/supplementary_file_S2/6-chemical-library/molecular_docking/PDBQT/7cam_B_111_chainB/docking_111_chainB_out.pdbqt	/home/anacleto/Desktop/manuscript_Mpro/naturecomm/supplementary_file_S2/6-chemical-library/molecular_docking/combined_complexes/7cam_111_combined/7cam_111_combined_pose_1.pdb
C1CCC1CNCc2ccccc2	1110	1					
c1ccccc1N2CCCCC2=O	1111	1					
O=C1CCCN1Cc2ccccc2	1112	1					
N1CCCC(C1=O)c2ccccc2	1113	1					
C1CCCN1C(=O)c2ccccc2	1114	1					
o1ncnc1CCc2cccnc2	1115	1					
o1ccnc1NCc2cccnc2	1116	1	-4.476	-4.394	/home/anacleto/Desktop/manuscript_Mpro/naturecomm/supplementary_file_S2/6-chemical-library/molecular_docking/PDBQT/7cam_A_1116_chainA/docking_1116_chainA_out.pdbqt	/home/anacleto/Desktop/manuscript_Mpro/naturecomm/supplementary_file_S2/6-chemical-library/molecular_docking/PDBQT/7cam_B_1116_chainB/docking_1116_chainB_out.pdbqt	/home/anacleto/Desktop/manuscript_Mpro/naturecomm/supplementary_file_S2/6-chemical-library/molecular_docking/combined_complexes/7cam_1116_combined/7cam_1116_combined_pose_1.pdb
n1occc1NCc2cccnc2	1117	1	-4.586	-4.474	/home/anacleto/Desktop/manuscript_Mpro/naturecomm/supplementary_file_S2/6-chemical-library/molecular_docking/PDBQT/7cam_A_1117_chainA/docking_1117_chainA_out.pdbqt	/home/anacleto/Desktop/manuscript_Mpro/naturecomm/supplementary_file_S2/6-chemical-library/molecular_docking/PDBQT/7cam_B_1117_chainB/docking_1117_chainB_out.pdbqt	/home/anacleto/Desktop/manuscript_Mpro/naturecomm/supplementary_file_S2/6-chemical-library/molecular_docking/combined_complexes/7cam_1117_combined/7cam_1117_combined_pose_1.pdb
[nH]1ncnc1COc2ccccc2	1118	1	-4.526	-4.539	/home/anacleto/Desktop/manuscript_Mpro/naturecomm/supplementary_file_S2/6-chemical-library/molecular_docking/PDBQT/7cam_A_1118_chainA/docking_1118_chainA_out.pdbqt	/home/anacleto/Desktop/manuscript_Mpro/naturecomm/supplementary_file_S2/6-chemical-library/molecular_docking/PDBQT/7cam_B_1118_chainB/docking_1118_chainB_out.pdbqt	/home/anacleto/Desktop/manuscript_Mpro/naturecomm/supplementary_file_S2/6-chemical-library/molecular_docking/combined_complexes/7cam_1118_combined/7cam_1118_combined_pose_1.pdb
o1nccc1COc2ccccc2	1119	1	-4.49	-4.368	/home/anacleto/Desktop/manuscript_Mpro/naturecomm/supplementary_file_S2/6-chemical-library/molecular_docking/PDBQT/7cam_A_1119_chainA/docking_1119_chainA_out.pdbqt	/home/anacleto/Desktop/manuscript_Mpro/naturecomm/supplementary_file_S2/6-chemical-library/molecular_docking/PDBQT/7cam_B_1119_chainB/docking_1119_chainB_out.pdbqt	/home/anacleto/Desktop/manuscript_Mpro/naturecomm/supplementary_file_S2/6-chemical-library/molecular_docking/combined_complexes/7cam_1119_combined/7cam_1119_combined_pose_1.pdb
c1nnn[nH]1	112	1	-2.856	-2.808	/home/anacleto/Desktop/manuscript_Mpro/naturecomm/supplementary_file_S2/6-chemical-library/molecular_docking/PDBQT/7cam_A_112_chainA/docking_112_chainA_out.pdbqt	/home/anacleto/Desktop/manuscript_Mpro/naturecomm/supplementary_file_S2/6-chemical-library/molecular_docking/PDBQT/7cam_B_112_chainB/docking_112_chainB_out.pdbqt	/home/anacleto/Desktop/manuscript_Mpro/naturecomm/supplementary_file_S2/6-chemical-library/molecular_docking/combined_complexes/7cam_112_combined/7cam_112_combined_pose_1.pdb
O=C1CCC(=O)N1c2ccccc2	1120	1	-4.733	-4.512	/home/anacleto/Desktop/manuscript_Mpro/naturecomm/supplementary_file_S2/6-chemical-library/molecular_docking/PDBQT/7cam_A_1120_chainA/docking_1120_chainA_out.pdbqt	/home/anacleto/Desktop/manuscript_Mpro/naturecomm/supplementary_file_S2/6-chemical-library/molecular_docking/PDBQT/7cam_B_1120_chainB/docking_1120_chainB_out.pdbqt	/home/anacleto/Desktop/manuscript_Mpro/naturecomm/supplementary_file_S2/6-chemical-library/molecular_docking/combined_complexes/7cam_1120_combined/7cam_1120_combined_pose_1.pdb
c1ccccc1C2CCCCCC2	1121	1	-4.805	-5.042	/home/anacleto/Desktop/manuscript_Mpro/naturecomm/supplementary_file_S2/6-chemical-library/molecular_docking/PDBQT/7cam_A_1121_chainA/docking_1121_chainA_out.pdbqt	/home/anacleto/Desktop/manuscript_Mpro/naturecomm/supplementary_file_S2/6-chemical-library/molecular_docking/PDBQT/7cam_B_1121_chainB/docking_1121_chainB_out.pdbqt	/home/anacleto/Desktop/manuscript_Mpro/naturecomm/supplementary_file_S2/6-chemical-library/molecular_docking/combined_complexes/7cam_1121_combined/7cam_1121_combined_pose_1.pdb
C1CCCCC1Cc2ccccc2	1122	1	-5.008	-5.112	/home/anacleto/Desktop/manuscript_Mpro/naturecomm/supplementary_file_S2/6-chemical-library/molecular_docking/PDBQT/7cam_A_1122_chainA/docking_1122_chainA_out.pdbqt	/home/anacleto/Desktop/manuscript_Mpro/naturecomm/supplementary_file_S2/6-chemical-library/molecular_docking/PDBQT/7cam_B_1122_chainB/docking_1122_chainB_out.pdbqt	/home/anacleto/Desktop/manuscript_Mpro/naturecomm/supplementary_file_S2/6-chemical-library/molecular_docking/combined_complexes/7cam_1122_combined/7cam_1122_combined_pose_1.pdb
n1c[nH]cc1NCc2cccnc2	1123	1	-4.528	-4.374	/home/anacleto/Desktop/manuscript_Mpro/naturecomm/supplementary_file_S2/6-chemical-library/molecular_docking/PDBQT/7cam_A_1123_chainA/docking_1123_chainA_out.pdbqt	/home/anacleto/Desktop/manuscript_Mpro/naturecomm/supplementary_file_S2/6-chemical-library/molecular_docking/PDBQT/7cam_B_1123_chainB/docking_1123_chainB_out.pdbqt	/home/anacleto/Desktop/manuscript_Mpro/naturecomm/supplementary_file_S2/6-chemical-library/molecular_docking/combined_complexes/7cam_1123_combined/7cam_1123_combined_pose_1.pdb
c1ncccc1CNc2cn[nH]c2	1124	1	-4.398	-4.618	/home/anacleto/Desktop/manuscript_Mpro/naturecomm/supplementary_file_S2/6-chemical-library/molecular_docking/PDBQT/7cam_A_1124_chainA/docking_1124_chainA_out.pdbqt	/home/anacleto/Desktop/manuscript_Mpro/naturecomm/supplementary_file_S2/6-chemical-library/molecular_docking/PDBQT/7cam_B_1124_chainB/docking_1124_chainB_out.pdbqt	/home/anacleto/Desktop/manuscript_Mpro/naturecomm/supplementary_file_S2/6-chemical-library/molecular_docking/combined_complexes/7cam_1124_combined/7cam_1124_combined_pose_1.pdb
o1cccc1CNc2ccccn2	1125	1	-4.69	-4.671	/home/anacleto/Desktop/manuscript_Mpro/naturecomm/supplementary_file_S2/6-chemical-library/molecular_docking/PDBQT/7cam_A_1125_chainA/docking_1125_chainA_out.pdbqt	/home/anacleto/Desktop/manuscript_Mpro/naturecomm/supplementary_file_S2/6-chemical-library/molecular_docking/PDBQT/7cam_B_1125_chainB/docking_1125_chainB_out.pdbqt	/home/anacleto/Desktop/manuscript_Mpro/naturecomm/supplementary_file_S2/6-chemical-library/molecular_docking/combined_complexes/7cam_1125_combined/7cam_1125_combined_pose_1.pdb
n1ocnc1CCc2ccccc2	1126	1	-4.33	-4.501	/home/anacleto/Desktop/manuscript_Mpro/naturecomm/supplementary_file_S2/6-chemical-library/molecular_docking/PDBQT/7cam_A_1126_chainA/docking_1126_chainA_out.pdbqt	/home/anacleto/Desktop/manuscript_Mpro/naturecomm/supplementary_file_S2/6-chemical-library/molecular_docking/PDBQT/7cam_B_1126_chainB/docking_1126_chainB_out.pdbqt	/home/anacleto/Desktop/manuscript_Mpro/naturecomm/supplementary_file_S2/6-chemical-library/molecular_docking/combined_complexes/7cam_1126_combined/7cam_1126_combined_pose_1.pdb
[nH]1ccnc1COc2ccccc2	1127	1	-4.584	-4.436	/home/anacleto/Desktop/manuscript_Mpro/naturecomm/supplementary_file_S2/6-chemical-library/molecular_docking/PDBQT/7cam_A_1127_chainA/docking_1127_chainA_out.pdbqt	/home/anacleto/Desktop/manuscript_Mpro/naturecomm/supplementary_file_S2/6-chemical-library/molecular_docking/PDBQT/7cam_B_1127_chainB/docking_1127_chainB_out.pdbqt	/home/anacleto/Desktop/manuscript_Mpro/naturecomm/supplementary_file_S2/6-chemical-library/molecular_docking/combined_complexes/7cam_1127_combined/7cam_1127_combined_pose_1.pdb
c1ccccc1CCn2cc[nH+]c2	1128	1	-4.412	-4.725	/home/anacleto/Desktop/manuscript_Mpro/naturecomm/supplementary_file_S2/6-chemical-library/molecular_docking/PDBQT/7cam_A_1128_chainA/docking_1128_chainA_out.pdbqt	/home/anacleto/Desktop/manuscript_Mpro/naturecomm/supplementary_file_S2/6-chemical-library/molecular_docking/PDBQT/7cam_B_1128_chainB/docking_1128_chainB_out.pdbqt	/home/anacleto/Desktop/manuscript_Mpro/naturecomm/supplementary_file_S2/6-chemical-library/molecular_docking/combined_complexes/7cam_1128_combined/7cam_1128_combined_pose_1.pdb
c1nn[nH]n1	113	1	-2.651	-2.805	/home/anacleto/Desktop/manuscript_Mpro/naturecomm/supplementary_file_S2/6-chemical-library/molecular_docking/PDBQT/7cam_A_113_chainA/docking_113_chainA_out.pdbqt	/home/anacleto/Desktop/manuscript_Mpro/naturecomm/supplementary_file_S2/6-chemical-library/molecular_docking/PDBQT/7cam_B_113_chainB/docking_113_chainB_out.pdbqt	/home/anacleto/Desktop/manuscript_Mpro/naturecomm/supplementary_file_S2/6-chemical-library/molecular_docking/combined_complexes/7cam_113_combined/7cam_113_combined_pose_1.pdb
n1c[nH]cc1CNc2ccccc2	1130	1					
c1[nH]ncc1CNc2ccccc2	1131	1					
[nH]1nccc1CNc2ccccc2	1132	1					
n1cncn1C(=O)c2ccccc2	1133	1					
N=C1C(=O)N(N=C1)c2ccccc2	1134	1					
O=C1NC(=O)C=C1c2ccccc2	1135	1					
O=C1C=CC(=O)N1c2ccccc2	1136	1					
C=C1C(=O)OC(=N1)c2ccccc2	1137	1					
c1ccccc1CCn2ccnc2	1138	1					
c1[nH]ncc1CCc2ccccc2	1139	1	-4.623	-4.764	/home/anacleto/Desktop/manuscript_Mpro/naturecomm/supplementary_file_S2/6-chemical-library/molecular_docking/PDBQT/7cam_A_1139_chainA/docking_1139_chainA_out.pdbqt	/home/anacleto/Desktop/manuscript_Mpro/naturecomm/supplementary_file_S2/6-chemical-library/molecular_docking/PDBQT/7cam_B_1139_chainB/docking_1139_chainB_out.pdbqt	/home/anacleto/Desktop/manuscript_Mpro/naturecomm/supplementary_file_S2/6-chemical-library/molecular_docking/combined_complexes/7cam_1139_combined/7cam_1139_combined_pose_1.pdb
c1nnco1	114	1	-2.386	-2.312	/home/anacleto/Desktop/manuscript_Mpro/naturecomm/supplementary_file_S2/6-chemical-library/molecular_docking/PDBQT/7cam_A_114_chainA/docking_114_chainA_out.pdbqt	/home/anacleto/Desktop/manuscript_Mpro/naturecomm/supplementary_file_S2/6-chemical-library/molecular_docking/PDBQT/7cam_B_114_chainB/docking_114_chainB_out.pdbqt	/home/anacleto/Desktop/manuscript_Mpro/naturecomm/supplementary_file_S2/6-chemical-library/molecular_docking/combined_complexes/7cam_114_combined/7cam_114_combined_pose_1.pdb
n1c[nH]cc1C(=O)c2ccccc2	1140	1	-4.558	-4.605	/home/anacleto/Desktop/manuscript_Mpro/naturecomm/supplementary_file_S2/6-chemical-library/molecular_docking/PDBQT/7cam_A_1140_chainA/docking_1140_chainA_out.pdbqt	/home/anacleto/Desktop/manuscript_Mpro/naturecomm/supplementary_file_S2/6-chemical-library/molecular_docking/PDBQT/7cam_B_1140_chainB/docking_1140_chainB_out.pdbqt	/home/anacleto/Desktop/manuscript_Mpro/naturecomm/supplementary_file_S2/6-chemical-library/molecular_docking/combined_complexes/7cam_1140_combined/7cam_1140_combined_pose_1.pdb
c1cnccc1-c2ccc(=O)[nH]c2	1141	1	-4.797	-4.678	/home/anacleto/Desktop/manuscript_Mpro/naturecomm/supplementary_file_S2/6-chemical-library/molecular_docking/PDBQT/7cam_A_1141_chainA/docking_1141_chainA_out.pdbqt	/home/anacleto/Desktop/manuscript_Mpro/naturecomm/supplementary_file_S2/6-chemical-library/molecular_docking/PDBQT/7cam_B_1141_chainB/docking_1141_chainB_out.pdbqt	/home/anacleto/Desktop/manuscript_Mpro/naturecomm/supplementary_file_S2/6-chemical-library/molecular_docking/combined_complexes/7cam_1141_combined/7cam_1141_combined_pose_1.pdb
c1ccccc1Oc2cccnn2	1142	1	-4.509	-4.24	/home/anacleto/Desktop/manuscript_Mpro/naturecomm/supplementary_file_S2/6-chemical-library/molecular_docking/PDBQT/7cam_A_1142_chainA/docking_1142_chainA_out.pdbqt	/home/anacleto/Desktop/manuscript_Mpro/naturecomm/supplementary_file_S2/6-chemical-library/molecular_docking/PDBQT/7cam_B_1142_chainB/docking_1142_chainB_out.pdbqt	/home/anacleto/Desktop/manuscript_Mpro/naturecomm/supplementary_file_S2/6-chemical-library/molecular_docking/combined_complexes/7cam_1142_combined/7cam_1142_combined_pose_1.pdb
C=C1C(=O)N(N=C1)c2ccccc2	1143	1	-4.696	-4.56	/home/anacleto/Desktop/manuscript_Mpro/naturecomm/supplementary_file_S2/6-chemical-library/molecular_docking/PDBQT/7cam_A_1143_chainA/docking_1143_chainA_out.pdbqt	/home/anacleto/Desktop/manuscript_Mpro/naturecomm/supplementary_file_S2/6-chemical-library/molecular_docking/PDBQT/7cam_B_1143_chainB/docking_1143_chainB_out.pdbqt	/home/anacleto/Desktop/manuscript_Mpro/naturecomm/supplementary_file_S2/6-chemical-library/molecular_docking/combined_complexes/7cam_1143_combined/7cam_1143_combined_pose_1.pdb
c1ccccc1Nc2ncccn2	1144	1	-4.927	-4.602	/home/anacleto/Desktop/manuscript_Mpro/naturecomm/supplementary_file_S2/6-chemical-library/molecular_docking/PDBQT/7cam_A_1144_chainA/docking_1144_chainA_out.pdbqt	/home/anacleto/Desktop/manuscript_Mpro/naturecomm/supplementary_file_S2/6-chemical-library/molecular_docking/PDBQT/7cam_B_1144_chainB/docking_1144_chainB_out.pdbqt	/home/anacleto/Desktop/manuscript_Mpro/naturecomm/supplementary_file_S2/6-chemical-library/molecular_docking/combined_complexes/7cam_1144_combined/7cam_1144_combined_pose_1.pdb
c1ccccc1Oc2cccnc2	1145	1	-4.462	-4.391	/home/anacleto/Desktop/manuscript_Mpro/naturecomm/supplementary_file_S2/6-chemical-library/molecular_docking/PDBQT/7cam_A_1145_chainA/docking_1145_chainA_out.pdbqt	/home/anacleto/Desktop/manuscript_Mpro/naturecomm/supplementary_file_S2/6-chemical-library/molecular_docking/PDBQT/7cam_B_1145_chainB/docking_1145_chainB_out.pdbqt	/home/anacleto/Desktop/manuscript_Mpro/naturecomm/supplementary_file_S2/6-chemical-library/molecular_docking/combined_complexes/7cam_1145_combined/7cam_1145_combined_pose_1.pdb
c1ccccc1Oc2ccccn2	1146	1	-4.41	-4.38	/home/anacleto/Desktop/manuscript_Mpro/naturecomm/supplementary_file_S2/6-chemical-library/molecular_docking/PDBQT/7cam_A_1146_chainA/docking_1146_chainA_out.pdbqt	/home/anacleto/Desktop/manuscript_Mpro/naturecomm/supplementary_file_S2/6-chemical-library/molecular_docking/PDBQT/7cam_B_1146_chainB/docking_1146_chainB_out.pdbqt	/home/anacleto/Desktop/manuscript_Mpro/naturecomm/supplementary_file_S2/6-chemical-library/molecular_docking/combined_complexes/7cam_1146_combined/7cam_1146_combined_pose_1.pdb
c1ccccc1-c2cccc(=O)[nH]2	1147	1	-4.993	-5.094	/home/anacleto/Desktop/manuscript_Mpro/naturecomm/supplementary_file_S2/6-chemical-library/molecular_docking/PDBQT/7cam_A_1147_chainA/docking_1147_chainA_out.pdbqt	/home/anacleto/Desktop/manuscript_Mpro/naturecomm/supplementary_file_S2/6-chemical-library/molecular_docking/PDBQT/7cam_B_1147_chainB/docking_1147_chainB_out.pdbqt	/home/anacleto/Desktop/manuscript_Mpro/naturecomm/supplementary_file_S2/6-chemical-library/molecular_docking/combined_complexes/7cam_1147_combined/7cam_1147_combined_pose_1.pdb
c1cc[nH]c(=O)c1-c2ccccc2	1148	1	-4.965	-4.892	/home/anacleto/Desktop/manuscript_Mpro/naturecomm/supplementary_file_S2/6-chemical-library/molecular_docking/PDBQT/7cam_A_1148_chainA/docking_1148_chainA_out.pdbqt	/home/anacleto/Desktop/manuscript_Mpro/naturecomm/supplementary_file_S2/6-chemical-library/molecular_docking/PDBQT/7cam_B_1148_chainB/docking_1148_chainB_out.pdbqt	/home/anacleto/Desktop/manuscript_Mpro/naturecomm/supplementary_file_S2/6-chemical-library/molecular_docking/combined_complexes/7cam_1148_combined/7cam_1148_combined_pose_1.pdb
c1c[nH]c(=O)cc1-c2ccccc2	1149	1	-5.116	-4.943	/home/anacleto/Desktop/manuscript_Mpro/naturecomm/supplementary_file_S2/6-chemical-library/molecular_docking/PDBQT/7cam_A_1149_chainA/docking_1149_chainA_out.pdbqt	/home/anacleto/Desktop/manuscript_Mpro/naturecomm/supplementary_file_S2/6-chemical-library/molecular_docking/PDBQT/7cam_B_1149_chainB/docking_1149_chainB_out.pdbqt	/home/anacleto/Desktop/manuscript_Mpro/naturecomm/supplementary_file_S2/6-chemical-library/molecular_docking/combined_complexes/7cam_1149_combined/7cam_1149_combined_pose_1.pdb
c1ncon1	115	1	-2.385	-2.132	/home/anacleto/Desktop/manuscript_Mpro/naturecomm/supplementary_file_S2/6-chemical-library/molecular_docking/PDBQT/7cam_A_115_chainA/docking_115_chainA_out.pdbqt	/home/anacleto/Desktop/manuscript_Mpro/naturecomm/supplementary_file_S2/6-chemical-library/molecular_docking/PDBQT/7cam_B_115_chainB/docking_115_chainB_out.pdbqt	/home/anacleto/Desktop/manuscript_Mpro/naturecomm/supplementary_file_S2/6-chemical-library/molecular_docking/combined_complexes/7cam_115_combined/7cam_115_combined_pose_1.pdb
C=C1C(=O)NC(=C1)c2ccccc2	1150	1	-5.046	-5.089	/home/anacleto/Desktop/manuscript_Mpro/naturecomm/supplementary_file_S2/6-chemical-library/molecular_docking/PDBQT/7cam_A_1150_chainA/docking_1150_chainA_out.pdbqt	/home/anacleto/Desktop/manuscript_Mpro/naturecomm/supplementary_file_S2/6-chemical-library/molecular_docking/PDBQT/7cam_B_1150_chainB/docking_1150_chainB_out.pdbqt	/home/anacleto/Desktop/manuscript_Mpro/naturecomm/supplementary_file_S2/6-chemical-library/molecular_docking/combined_complexes/7cam_1150_combined/7cam_1150_combined_pose_1.pdb
C=C1C(=O)N(C=C1)c2ccccc2	1151	1	-4.789	-4.639	/home/anacleto/Desktop/manuscript_Mpro/naturecomm/supplementary_file_S2/6-chemical-library/molecular_docking/PDBQT/7cam_A_1151_chainA/docking_1151_chainA_out.pdbqt	/home/anacleto/Desktop/manuscript_Mpro/naturecomm/supplementary_file_S2/6-chemical-library/molecular_docking/PDBQT/7cam_B_1151_chainB/docking_1151_chainB_out.pdbqt	/home/anacleto/Desktop/manuscript_Mpro/naturecomm/supplementary_file_S2/6-chemical-library/molecular_docking/combined_complexes/7cam_1151_combined/7cam_1151_combined_pose_1.pdb
c1ccccc1Nc2ccccn2	1152	1	-4.786	-4.616	/home/anacleto/Desktop/manuscript_Mpro/naturecomm/supplementary_file_S2/6-chemical-library/molecular_docking/PDBQT/7cam_A_1152_chainA/docking_1152_chainA_out.pdbqt	/home/anacleto/Desktop/manuscript_Mpro/naturecomm/supplementary_file_S2/6-chemical-library/molecular_docking/PDBQT/7cam_B_1152_chainB/docking_1152_chainB_out.pdbqt	/home/anacleto/Desktop/manuscript_Mpro/naturecomm/supplementary_file_S2/6-chemical-library/molecular_docking/combined_complexes/7cam_1152_combined/7cam_1152_combined_pose_1.pdb
n1ccccc1Cc2ccccc2	1154	1					
c1ncccc1Cc2ccccc2	1155	1					
c1ccccc1Nc2ccccc2	1156	1					
c1ccccc1Cc2ccccc2	1157	1					
o1cccc1C#Cc2ccccc2	1158	1					
s1sc(=S)cc1-c2cnccn2	1159	1					
c1cnon1	116	1	-2.391	-2.334	/home/anacleto/Desktop/manuscript_Mpro/naturecomm/supplementary_file_S2/6-chemical-library/molecular_docking/PDBQT/7cam_A_116_chainA/docking_116_chainA_out.pdbqt	/home/anacleto/Desktop/manuscript_Mpro/naturecomm/supplementary_file_S2/6-chemical-library/molecular_docking/PDBQT/7cam_B_116_chainB/docking_116_chainB_out.pdbqt	/home/anacleto/Desktop/manuscript_Mpro/naturecomm/supplementary_file_S2/6-chemical-library/molecular_docking/combined_complexes/7cam_116_combined/7cam_116_combined_pose_1.pdb
[nH]1c(=O)[nH]nc1Sc2nccs2	1160	1					
s1ccnc1Sc2ccccc2	1161	1					
n1cccn1C(CC2)CS2(=O)=O	1162	1	-4.028	-3.876	/home/anacleto/Desktop/manuscript_Mpro/naturecomm/supplementary_file_S2/6-chemical-library/molecular_docking/PDBQT/7cam_A_1162_chainA/docking_1162_chainA_out.pdbqt	/home/anacleto/Desktop/manuscript_Mpro/naturecomm/supplementary_file_S2/6-chemical-library/molecular_docking/PDBQT/7cam_B_1162_chainB/docking_1162_chainB_out.pdbqt	/home/anacleto/Desktop/manuscript_Mpro/naturecomm/supplementary_file_S2/6-chemical-library/molecular_docking/combined_complexes/7cam_1162_combined/7cam_1162_combined_pose_1.pdb
n1cscc1CN2CCOCC2	1163	1	-4.012	-3.689	/home/anacleto/Desktop/manuscript_Mpro/naturecomm/supplementary_file_S2/6-chemical-library/molecular_docking/PDBQT/7cam_A_1163_chainA/docking_1163_chainA_out.pdbqt	/home/anacleto/Desktop/manuscript_Mpro/naturecomm/supplementary_file_S2/6-chemical-library/molecular_docking/PDBQT/7cam_B_1163_chainB/docking_1163_chainB_out.pdbqt	/home/anacleto/Desktop/manuscript_Mpro/naturecomm/supplementary_file_S2/6-chemical-library/molecular_docking/combined_complexes/7cam_1163_combined/7cam_1163_combined_pose_1.pdb
s1cncc1CN2CCNCC2	1164	1	-4.042	-4.312	/home/anacleto/Desktop/manuscript_Mpro/naturecomm/supplementary_file_S2/6-chemical-library/molecular_docking/PDBQT/7cam_A_1164_chainA/docking_1164_chainA_out.pdbqt	/home/anacleto/Desktop/manuscript_Mpro/naturecomm/supplementary_file_S2/6-chemical-library/molecular_docking/PDBQT/7cam_B_1164_chainB/docking_1164_chainB_out.pdbqt	/home/anacleto/Desktop/manuscript_Mpro/naturecomm/supplementary_file_S2/6-chemical-library/molecular_docking/combined_complexes/7cam_1164_combined/7cam_1164_combined_pose_1.pdb
s1cccc1CN2CCNCC2	1165	1	-4.114	-4.296	/home/anacleto/Desktop/manuscript_Mpro/naturecomm/supplementary_file_S2/6-chemical-library/molecular_docking/PDBQT/7cam_A_1165_chainA/docking_1165_chainA_out.pdbqt	/home/anacleto/Desktop/manuscript_Mpro/naturecomm/supplementary_file_S2/6-chemical-library/molecular_docking/PDBQT/7cam_B_1165_chainB/docking_1165_chainB_out.pdbqt	/home/anacleto/Desktop/manuscript_Mpro/naturecomm/supplementary_file_S2/6-chemical-library/molecular_docking/combined_complexes/7cam_1165_combined/7cam_1165_combined_pose_1.pdb
c1sccc1CN2CCNCC2	1166	1	-4.15	-4.184	/home/anacleto/Desktop/manuscript_Mpro/naturecomm/supplementary_file_S2/6-chemical-library/molecular_docking/PDBQT/7cam_A_1166_chainA/docking_1166_chainA_out.pdbqt	/home/anacleto/Desktop/manuscript_Mpro/naturecomm/supplementary_file_S2/6-chemical-library/molecular_docking/PDBQT/7cam_B_1166_chainB/docking_1166_chainB_out.pdbqt	/home/anacleto/Desktop/manuscript_Mpro/naturecomm/supplementary_file_S2/6-chemical-library/molecular_docking/combined_complexes/7cam_1166_combined/7cam_1166_combined_pose_1.pdb
c1sccc1CN2CCCCC2	1167	1	-3.943	-4.047	/home/anacleto/Desktop/manuscript_Mpro/naturecomm/supplementary_file_S2/6-chemical-library/molecular_docking/PDBQT/7cam_A_1167_chainA/docking_1167_chainA_out.pdbqt	/home/anacleto/Desktop/manuscript_Mpro/naturecomm/supplementary_file_S2/6-chemical-library/molecular_docking/PDBQT/7cam_B_1167_chainB/docking_1167_chainB_out.pdbqt	/home/anacleto/Desktop/manuscript_Mpro/naturecomm/supplementary_file_S2/6-chemical-library/molecular_docking/combined_complexes/7cam_1167_combined/7cam_1167_combined_pose_1.pdb
s1cccc1C(=O)c2cno[nH+]2	1168	1	-4.183	-4.112	/home/anacleto/Desktop/manuscript_Mpro/naturecomm/supplementary_file_S2/6-chemical-library/molecular_docking/PDBQT/7cam_A_1168_chainA/docking_1168_chainA_out.pdbqt	/home/anacleto/Desktop/manuscript_Mpro/naturecomm/supplementary_file_S2/6-chemical-library/molecular_docking/PDBQT/7cam_B_1168_chainB/docking_1168_chainB_out.pdbqt	/home/anacleto/Desktop/manuscript_Mpro/naturecomm/supplementary_file_S2/6-chemical-library/molecular_docking/combined_complexes/7cam_1168_combined/7cam_1168_combined_pose_1.pdb
s1cccc1C(=O)c2c[nH+]on2	1169	1	-4.345	-4.286	/home/anacleto/Desktop/manuscript_Mpro/naturecomm/supplementary_file_S2/6-chemical-library/molecular_docking/PDBQT/7cam_A_1169_chainA/docking_1169_chainA_out.pdbqt	/home/anacleto/Desktop/manuscript_Mpro/naturecomm/supplementary_file_S2/6-chemical-library/molecular_docking/PDBQT/7cam_B_1169_chainB/docking_1169_chainB_out.pdbqt	/home/anacleto/Desktop/manuscript_Mpro/naturecomm/supplementary_file_S2/6-chemical-library/molecular_docking/combined_complexes/7cam_1169_combined/7cam_1169_combined_pose_1.pdb
C=C1CNC1	117	1	-2.851	-2.851	/home/anacleto/Desktop/manuscript_Mpro/naturecomm/supplementary_file_S2/6-chemical-library/molecular_docking/PDBQT/7cam_A_117_chainA/docking_117_chainA_out.pdbqt	/home/anacleto/Desktop/manuscript_Mpro/naturecomm/supplementary_file_S2/6-chemical-library/molecular_docking/PDBQT/7cam_B_117_chainB/docking_117_chainB_out.pdbqt	/home/anacleto/Desktop/manuscript_Mpro/naturecomm/supplementary_file_S2/6-chemical-library/molecular_docking/combined_complexes/7cam_117_combined/7cam_117_combined_pose_1.pdb
s1ccnc1-c2c(=O)[nH]ncc2	1170	1	-4.122	-4.385	/home/anacleto/Desktop/manuscript_Mpro/naturecomm/supplementary_file_S2/6-chemical-library/molecular_docking/PDBQT/7cam_A_1170_chainA/docking_1170_chainA_out.pdbqt	/home/anacleto/Desktop/manuscript_Mpro/naturecomm/supplementary_file_S2/6-chemical-library/molecular_docking/PDBQT/7cam_B_1170_chainB/docking_1170_chainB_out.pdbqt	/home/anacleto/Desktop/manuscript_Mpro/naturecomm/supplementary_file_S2/6-chemical-library/molecular_docking/combined_complexes/7cam_1170_combined/7cam_1170_combined_pose_1.pdb
s1cccc1C=C2C(=O)OC=N2	1171	1	-4.103	-4.102	/home/anacleto/Desktop/manuscript_Mpro/naturecomm/supplementary_file_S2/6-chemical-library/molecular_docking/PDBQT/7cam_A_1171_chainA/docking_1171_chainA_out.pdbqt	/home/anacleto/Desktop/manuscript_Mpro/naturecomm/supplementary_file_S2/6-chemical-library/molecular_docking/PDBQT/7cam_B_1171_chainB/docking_1171_chainB_out.pdbqt	/home/anacleto/Desktop/manuscript_Mpro/naturecomm/supplementary_file_S2/6-chemical-library/molecular_docking/combined_complexes/7cam_1171_combined/7cam_1171_combined_pose_1.pdb
S1C=NC(=O)C1=Cc2ccco2	1172	1	-4.214	-3.949	/home/anacleto/Desktop/manuscript_Mpro/naturecomm/supplementary_file_S2/6-chemical-library/molecular_docking/PDBQT/7cam_A_1172_chainA/docking_1172_chainA_out.pdbqt	/home/anacleto/Desktop/manuscript_Mpro/naturecomm/supplementary_file_S2/6-chemical-library/molecular_docking/PDBQT/7cam_B_1172_chainB/docking_1172_chainB_out.pdbqt	/home/anacleto/Desktop/manuscript_Mpro/naturecomm/supplementary_file_S2/6-chemical-library/molecular_docking/combined_complexes/7cam_1172_combined/7cam_1172_combined_pose_1.pdb
C=C1C(=O)OC(=N1)c2cccs2	1173	1	-4.139	-4.177	/home/anacleto/Desktop/manuscript_Mpro/naturecomm/supplementary_file_S2/6-chemical-library/molecular_docking/PDBQT/7cam_A_1173_chainA/docking_1173_chainA_out.pdbqt	/home/anacleto/Desktop/manuscript_Mpro/naturecomm/supplementary_file_S2/6-chemical-library/molecular_docking/PDBQT/7cam_B_1173_chainB/docking_1173_chainB_out.pdbqt	/home/anacleto/Desktop/manuscript_Mpro/naturecomm/supplementary_file_S2/6-chemical-library/molecular_docking/combined_complexes/7cam_1173_combined/7cam_1173_combined_pose_1.pdb
C1CCCC1Sc2ccccc2	1174	1	-4.291	-4.395	/home/anacleto/Desktop/manuscript_Mpro/naturecomm/supplementary_file_S2/6-chemical-library/molecular_docking/PDBQT/7cam_A_1174_chainA/docking_1174_chainA_out.pdbqt	/home/anacleto/Desktop/manuscript_Mpro/naturecomm/supplementary_file_S2/6-chemical-library/molecular_docking/PDBQT/7cam_B_1174_chainB/docking_1174_chainB_out.pdbqt	/home/anacleto/Desktop/manuscript_Mpro/naturecomm/supplementary_file_S2/6-chemical-library/molecular_docking/combined_complexes/7cam_1174_combined/7cam_1174_combined_pose_1.pdb
S=c1nn[nH]n1-c2ccccc2	1175	1	-4.712	-4.458	/home/anacleto/Desktop/manuscript_Mpro/naturecomm/supplementary_file_S2/6-chemical-library/molecular_docking/PDBQT/7cam_A_1175_chainA/docking_1175_chainA_out.pdbqt	/home/anacleto/Desktop/manuscript_Mpro/naturecomm/supplementary_file_S2/6-chemical-library/molecular_docking/PDBQT/7cam_B_1175_chainB/docking_1175_chainB_out.pdbqt	/home/anacleto/Desktop/manuscript_Mpro/naturecomm/supplementary_file_S2/6-chemical-library/molecular_docking/combined_complexes/7cam_1175_combined/7cam_1175_combined_pose_1.pdb
o1c(=S)[nH]nc1-c2ccccc2	1177	1					
s1cnnc1Nc2ccccc2	1178	1					
[nH]1sc(=N)nc1-c2ccccc2	1179	1					
c1c[nH+]c[nH]1	118	1	-2.729	-2.865	/home/anacleto/Desktop/manuscript_Mpro/naturecomm/supplementary_file_S2/6-chemical-library/molecular_docking/PDBQT/7cam_A_118_chainA/docking_118_chainA_out.pdbqt	/home/anacleto/Desktop/manuscript_Mpro/naturecomm/supplementary_file_S2/6-chemical-library/molecular_docking/PDBQT/7cam_B_118_chainB/docking_118_chainB_out.pdbqt	/home/anacleto/Desktop/manuscript_Mpro/naturecomm/supplementary_file_S2/6-chemical-library/molecular_docking/combined_complexes/7cam_118_combined/7cam_118_combined_pose_1.pdb
N=c1ncn(s1)-c2ccccc2	1180	1					
s1ccnc1Nc2ccccc2	1181	1					
s1ccnc1Cc2ccccc2	1182	1					
s1cccc1Cc2ccccc2	1183	1					
O1CCCC1C(=O)N2CCCC2	1184	1					
N1CCCC1C(=O)N2CCCC2	1185	1	-4.443	-4.306	/home/anacleto/Desktop/manuscript_Mpro/naturecomm/supplementary_file_S2/6-chemical-library/molecular_docking/PDBQT/7cam_A_1185_chainA/docking_1185_chainA_out.pdbqt	/home/anacleto/Desktop/manuscript_Mpro/naturecomm/supplementary_file_S2/6-chemical-library/molecular_docking/PDBQT/7cam_B_1185_chainB/docking_1185_chainB_out.pdbqt	/home/anacleto/Desktop/manuscript_Mpro/naturecomm/supplementary_file_S2/6-chemical-library/molecular_docking/combined_complexes/7cam_1185_combined/7cam_1185_combined_pose_1.pdb
n1nccn1CC2CCCNC2	1186	1	-4.209	-3.961	/home/anacleto/Desktop/manuscript_Mpro/naturecomm/supplementary_file_S2/6-chemical-library/molecular_docking/PDBQT/7cam_A_1186_chainA/docking_1186_chainA_out.pdbqt	/home/anacleto/Desktop/manuscript_Mpro/naturecomm/supplementary_file_S2/6-chemical-library/molecular_docking/PDBQT/7cam_B_1186_chainB/docking_1186_chainB_out.pdbqt	/home/anacleto/Desktop/manuscript_Mpro/naturecomm/supplementary_file_S2/6-chemical-library/molecular_docking/combined_complexes/7cam_1186_combined/7cam_1186_combined_pose_1.pdb
n1n[nH]cc1CC2CCCCN2	1187	1	-4.533	-4.354	/home/anacleto/Desktop/manuscript_Mpro/naturecomm/supplementary_file_S2/6-chemical-library/molecular_docking/PDBQT/7cam_A_1187_chainA/docking_1187_chainA_out.pdbqt	/home/anacleto/Desktop/manuscript_Mpro/naturecomm/supplementary_file_S2/6-chemical-library/molecular_docking/PDBQT/7cam_B_1187_chainB/docking_1187_chainB_out.pdbqt	/home/anacleto/Desktop/manuscript_Mpro/naturecomm/supplementary_file_S2/6-chemical-library/molecular_docking/combined_complexes/7cam_1187_combined/7cam_1187_combined_pose_1.pdb
c1occc1CN2CCNCC2	1188	1	-4.06	-3.984	/home/anacleto/Desktop/manuscript_Mpro/naturecomm/supplementary_file_S2/6-chemical-library/molecular_docking/PDBQT/7cam_A_1188_chainA/docking_1188_chainA_out.pdbqt	/home/anacleto/Desktop/manuscript_Mpro/naturecomm/supplementary_file_S2/6-chemical-library/molecular_docking/PDBQT/7cam_B_1188_chainB/docking_1188_chainB_out.pdbqt	/home/anacleto/Desktop/manuscript_Mpro/naturecomm/supplementary_file_S2/6-chemical-library/molecular_docking/combined_complexes/7cam_1188_combined/7cam_1188_combined_pose_1.pdb
C1CCN1C(=O)Cn2cncn2	1189	1	-3.978	-3.625	/home/anacleto/Desktop/manuscript_Mpro/naturecomm/supplementary_file_S2/6-chemical-library/molecular_docking/PDBQT/7cam_A_1189_chainA/docking_1189_chainA_out.pdbqt	/home/anacleto/Desktop/manuscript_Mpro/naturecomm/supplementary_file_S2/6-chemical-library/molecular_docking/PDBQT/7cam_B_1189_chainB/docking_1189_chainB_out.pdbqt	/home/anacleto/Desktop/manuscript_Mpro/naturecomm/supplementary_file_S2/6-chemical-library/molecular_docking/combined_complexes/7cam_1189_combined/7cam_1189_combined_pose_1.pdb
c1nnc[nH]1	119	1	-2.911	-2.764	/home/anacleto/Desktop/manuscript_Mpro/naturecomm/supplementary_file_S2/6-chemical-library/molecular_docking/PDBQT/7cam_A_119_chainA/docking_119_chainA_out.pdbqt	/home/anacleto/Desktop/manuscript_Mpro/naturecomm/supplementary_file_S2/6-chemical-library/molecular_docking/PDBQT/7cam_B_119_chainB/docking_119_chainB_out.pdbqt	/home/anacleto/Desktop/manuscript_Mpro/naturecomm/supplementary_file_S2/6-chemical-library/molecular_docking/combined_complexes/7cam_119_combined/7cam_119_combined_pose_1.pdb
n1cocc1C(=O)NC2CCC2	1190	1	-4.52	-3.919	/home/anacleto/Desktop/manuscript_Mpro/naturecomm/supplementary_file_S2/6-chemical-library/molecular_docking/PDBQT/7cam_A_1190_chainA/docking_1190_chainA_out.pdbqt	/home/anacleto/Desktop/manuscript_Mpro/naturecomm/supplementary_file_S2/6-chemical-library/molecular_docking/PDBQT/7cam_B_1190_chainB/docking_1190_chainB_out.pdbqt	/home/anacleto/Desktop/manuscript_Mpro/naturecomm/supplementary_file_S2/6-chemical-library/molecular_docking/combined_complexes/7cam_1190_combined/7cam_1190_combined_pose_1.pdb
n1cccn1CC2CCCCN2	1191	1	-4.318	-4.029	/home/anacleto/Desktop/manuscript_Mpro/naturecomm/supplementary_file_S2/6-chemical-library/molecular_docking/PDBQT/7cam_A_1191_chainA/docking_1191_chainA_out.pdbqt	/home/anacleto/Desktop/manuscript_Mpro/naturecomm/supplementary_file_S2/6-chemical-library/molecular_docking/PDBQT/7cam_B_1191_chainB/docking_1191_chainB_out.pdbqt	/home/anacleto/Desktop/manuscript_Mpro/naturecomm/supplementary_file_S2/6-chemical-library/molecular_docking/combined_complexes/7cam_1191_combined/7cam_1191_combined_pose_1.pdb
n1nccnc1N2CCNCC2	1192	1	-4.071	-4.056	/home/anacleto/Desktop/manuscript_Mpro/naturecomm/supplementary_file_S2/6-chemical-library/molecular_docking/PDBQT/7cam_A_1192_chainA/docking_1192_chainA_out.pdbqt	/home/anacleto/Desktop/manuscript_Mpro/naturecomm/supplementary_file_S2/6-chemical-library/molecular_docking/PDBQT/7cam_B_1192_chainB/docking_1192_chainB_out.pdbqt	/home/anacleto/Desktop/manuscript_Mpro/naturecomm/supplementary_file_S2/6-chemical-library/molecular_docking/combined_complexes/7cam_1192_combined/7cam_1192_combined_pose_1.pdb
n1cccnc1N2CCOCC2	1193	1	-4.165	-3.874	/home/anacleto/Desktop/manuscript_Mpro/naturecomm/supplementary_file_S2/6-chemical-library/molecular_docking/PDBQT/7cam_A_1193_chainA/docking_1193_chainA_out.pdbqt	/home/anacleto/Desktop/manuscript_Mpro/naturecomm/supplementary_file_S2/6-chemical-library/molecular_docking/PDBQT/7cam_B_1193_chainB/docking_1193_chainB_out.pdbqt	/home/anacleto/Desktop/manuscript_Mpro/naturecomm/supplementary_file_S2/6-chemical-library/molecular_docking/combined_complexes/7cam_1193_combined/7cam_1193_combined_pose_1.pdb
o1cccc1C(=O)NC2CCC2	1194	1	-4.703	-4.264	/home/anacleto/Desktop/manuscript_Mpro/naturecomm/supplementary_file_S2/6-chemical-library/molecular_docking/PDBQT/7cam_A_1194_chainA/docking_1194_chainA_out.pdbqt	/home/anacleto/Desktop/manuscript_Mpro/naturecomm/supplementary_file_S2/6-chemical-library/molecular_docking/PDBQT/7cam_B_1194_chainB/docking_1194_chainB_out.pdbqt	/home/anacleto/Desktop/manuscript_Mpro/naturecomm/supplementary_file_S2/6-chemical-library/molecular_docking/combined_complexes/7cam_1194_combined/7cam_1194_combined_pose_1.pdb
C1CCCN1C(=O)c2ccoc2	1195	1	-4.246	-4.051	/home/anacleto/Desktop/manuscript_Mpro/naturecomm/supplementary_file_S2/6-chemical-library/molecular_docking/PDBQT/7cam_A_1195_chainA/docking_1195_chainA_out.pdbqt	/home/anacleto/Desktop/manuscript_Mpro/naturecomm/supplementary_file_S2/6-chemical-library/molecular_docking/PDBQT/7cam_B_1195_chainB/docking_1195_chainB_out.pdbqt	/home/anacleto/Desktop/manuscript_Mpro/naturecomm/supplementary_file_S2/6-chemical-library/molecular_docking/combined_complexes/7cam_1195_combined/7cam_1195_combined_pose_1.pdb
n1cnccc1N2CCNCC2	1196	1	-4.196	-4.235	/home/anacleto/Desktop/manuscript_Mpro/naturecomm/supplementary_file_S2/6-chemical-library/molecular_docking/PDBQT/7cam_A_1196_chainA/docking_1196_chainA_out.pdbqt	/home/anacleto/Desktop/manuscript_Mpro/naturecomm/supplementary_file_S2/6-chemical-library/molecular_docking/PDBQT/7cam_B_1196_chainB/docking_1196_chainB_out.pdbqt	/home/anacleto/Desktop/manuscript_Mpro/naturecomm/supplementary_file_S2/6-chemical-library/molecular_docking/combined_complexes/7cam_1196_combined/7cam_1196_combined_pose_1.pdb
n1cccnc1N2CCNCC2	1197	1	-4.179	-4.263	/home/anacleto/Desktop/manuscript_Mpro/naturecomm/supplementary_file_S2/6-chemical-library/molecular_docking/PDBQT/7cam_A_1197_chainA/docking_1197_chainA_out.pdbqt	/home/anacleto/Desktop/manuscript_Mpro/naturecomm/supplementary_file_S2/6-chemical-library/molecular_docking/PDBQT/7cam_B_1197_chainB/docking_1197_chainB_out.pdbqt	/home/anacleto/Desktop/manuscript_Mpro/naturecomm/supplementary_file_S2/6-chemical-library/molecular_docking/combined_complexes/7cam_1197_combined/7cam_1197_combined_pose_1.pdb
o1nccc1CN2CC=CCC2	1198	1	-4.086	-4.048	/home/anacleto/Desktop/manuscript_Mpro/naturecomm/supplementary_file_S2/6-chemical-library/molecular_docking/PDBQT/7cam_A_1198_chainA/docking_1198_chainA_out.pdbqt	/home/anacleto/Desktop/manuscript_Mpro/naturecomm/supplementary_file_S2/6-chemical-library/molecular_docking/PDBQT/7cam_B_1198_chainB/docking_1198_chainB_out.pdbqt	/home/anacleto/Desktop/manuscript_Mpro/naturecomm/supplementary_file_S2/6-chemical-library/molecular_docking/combined_complexes/7cam_1198_combined/7cam_1198_combined_pose_1.pdb
O=C1CCCC(=O)N1	12	1	-3.555	-3.516	/home/anacleto/Desktop/manuscript_Mpro/naturecomm/supplementary_file_S2/6-chemical-library/molecular_docking/PDBQT/7cam_A_12_chainA/docking_12_chainA_out.pdbqt	/home/anacleto/Desktop/manuscript_Mpro/naturecomm/supplementary_file_S2/6-chemical-library/molecular_docking/PDBQT/7cam_B_12_chainB/docking_12_chainB_out.pdbqt	/home/anacleto/Desktop/manuscript_Mpro/naturecomm/supplementary_file_S2/6-chemical-library/molecular_docking/combined_complexes/7cam_12_combined/7cam_12_combined_pose_1.pdb
c1nc[nH]n1	120	1	-2.717	-2.809	/home/anacleto/Desktop/manuscript_Mpro/naturecomm/supplementary_file_S2/6-chemical-library/molecular_docking/PDBQT/7cam_A_120_chainA/docking_120_chainA_out.pdbqt	/home/anacleto/Desktop/manuscript_Mpro/naturecomm/supplementary_file_S2/6-chemical-library/molecular_docking/PDBQT/7cam_B_120_chainB/docking_120_chainB_out.pdbqt	/home/anacleto/Desktop/manuscript_Mpro/naturecomm/supplementary_file_S2/6-chemical-library/molecular_docking/combined_complexes/7cam_120_combined/7cam_120_combined_pose_1.pdb
C1OCCC1Oc2ccccc2	1200	1					
[nH]1c(=O)onc1-c2cnccn2	1201	1					
n1ccccc1N2CCNCC2	1202	1					
c1ccccc1N2CCOCC2	1203	1					
c1ccccc1C2CNCCO2	1204	1					
C1OCC1NCc2ccccc2	1205	1					
C1NCCC1Oc2ccccc2	1206	1					
N1CCN(C1=O)c2cccnc2	1207	1					
O=C1CC(N1)Oc2ccccc2	1208	1	-4.556	-4.367	/home/anacleto/Desktop/manuscript_Mpro/naturecomm/supplementary_file_S2/6-chemical-library/molecular_docking/PDBQT/7cam_A_1208_chainA/docking_1208_chainA_out.pdbqt	/home/anacleto/Desktop/manuscript_Mpro/naturecomm/supplementary_file_S2/6-chemical-library/molecular_docking/PDBQT/7cam_B_1208_chainB/docking_1208_chainB_out.pdbqt	/home/anacleto/Desktop/manuscript_Mpro/naturecomm/supplementary_file_S2/6-chemical-library/molecular_docking/combined_complexes/7cam_1208_combined/7cam_1208_combined_pose_1.pdb
n1ocnc1C(C2=O)C=CC=N2	1209	1	-4.298	-4.165	/home/anacleto/Desktop/manuscript_Mpro/naturecomm/supplementary_file_S2/6-chemical-library/molecular_docking/PDBQT/7cam_A_1209_chainA/docking_1209_chainA_out.pdbqt	/home/anacleto/Desktop/manuscript_Mpro/naturecomm/supplementary_file_S2/6-chemical-library/molecular_docking/PDBQT/7cam_B_1209_chainB/docking_1209_chainB_out.pdbqt	/home/anacleto/Desktop/manuscript_Mpro/naturecomm/supplementary_file_S2/6-chemical-library/molecular_docking/combined_complexes/7cam_1209_combined/7cam_1209_combined_pose_1.pdb
c1cn[nH]n1	121	1	-2.671	-2.822	/home/anacleto/Desktop/manuscript_Mpro/naturecomm/supplementary_file_S2/6-chemical-library/molecular_docking/PDBQT/7cam_A_121_chainA/docking_121_chainA_out.pdbqt	/home/anacleto/Desktop/manuscript_Mpro/naturecomm/supplementary_file_S2/6-chemical-library/molecular_docking/PDBQT/7cam_B_121_chainB/docking_121_chainB_out.pdbqt	/home/anacleto/Desktop/manuscript_Mpro/naturecomm/supplementary_file_S2/6-chemical-library/molecular_docking/combined_complexes/7cam_121_combined/7cam_121_combined_pose_1.pdb
c1ccccc1N2CCNCC2	1210	1	-4.307	-4.328	/home/anacleto/Desktop/manuscript_Mpro/naturecomm/supplementary_file_S2/6-chemical-library/molecular_docking/PDBQT/7cam_A_1210_chainA/docking_1210_chainA_out.pdbqt	/home/anacleto/Desktop/manuscript_Mpro/naturecomm/supplementary_file_S2/6-chemical-library/molecular_docking/PDBQT/7cam_B_1210_chainB/docking_1210_chainB_out.pdbqt	/home/anacleto/Desktop/manuscript_Mpro/naturecomm/supplementary_file_S2/6-chemical-library/molecular_docking/combined_complexes/7cam_1210_combined/7cam_1210_combined_pose_1.pdb
c1ccccc1C2CNCCN2	1211	1	-4.462	-4.587	/home/anacleto/Desktop/manuscript_Mpro/naturecomm/supplementary_file_S2/6-chemical-library/molecular_docking/PDBQT/7cam_A_1211_chainA/docking_1211_chainA_out.pdbqt	/home/anacleto/Desktop/manuscript_Mpro/naturecomm/supplementary_file_S2/6-chemical-library/molecular_docking/PDBQT/7cam_B_1211_chainB/docking_1211_chainB_out.pdbqt	/home/anacleto/Desktop/manuscript_Mpro/naturecomm/supplementary_file_S2/6-chemical-library/molecular_docking/combined_complexes/7cam_1211_combined/7cam_1211_combined_pose_1.pdb
C1CCC1NCc2cccnc2	1212	1	-4.38	-4.172	/home/anacleto/Desktop/manuscript_Mpro/naturecomm/supplementary_file_S2/6-chemical-library/molecular_docking/PDBQT/7cam_A_1212_chainA/docking_1212_chainA_out.pdbqt	/home/anacleto/Desktop/manuscript_Mpro/naturecomm/supplementary_file_S2/6-chemical-library/molecular_docking/PDBQT/7cam_B_1212_chainB/docking_1212_chainB_out.pdbqt	/home/anacleto/Desktop/manuscript_Mpro/naturecomm/supplementary_file_S2/6-chemical-library/molecular_docking/combined_complexes/7cam_1212_combined/7cam_1212_combined_pose_1.pdb
C1CC1CNCc2cccnc2	1213	1	-4.217	-4.163	/home/anacleto/Desktop/manuscript_Mpro/naturecomm/supplementary_file_S2/6-chemical-library/molecular_docking/PDBQT/7cam_A_1213_chainA/docking_1213_chainA_out.pdbqt	/home/anacleto/Desktop/manuscript_Mpro/naturecomm/supplementary_file_S2/6-chemical-library/molecular_docking/PDBQT/7cam_B_1213_chainB/docking_1213_chainB_out.pdbqt	/home/anacleto/Desktop/manuscript_Mpro/naturecomm/supplementary_file_S2/6-chemical-library/molecular_docking/combined_complexes/7cam_1213_combined/7cam_1213_combined_pose_1.pdb
c1ccccc1C2CCCCO2	1214	1	-4.678	-4.624	/home/anacleto/Desktop/manuscript_Mpro/naturecomm/supplementary_file_S2/6-chemical-library/molecular_docking/PDBQT/7cam_A_1214_chainA/docking_1214_chainA_out.pdbqt	/home/anacleto/Desktop/manuscript_Mpro/naturecomm/supplementary_file_S2/6-chemical-library/molecular_docking/PDBQT/7cam_B_1214_chainB/docking_1214_chainB_out.pdbqt	/home/anacleto/Desktop/manuscript_Mpro/naturecomm/supplementary_file_S2/6-chemical-library/molecular_docking/combined_complexes/7cam_1214_combined/7cam_1214_combined_pose_1.pdb
O=C1CCCN1c2cccnc2	1215	1	-4.398	-4.1	/home/anacleto/Desktop/manuscript_Mpro/naturecomm/supplementary_file_S2/6-chemical-library/molecular_docking/PDBQT/7cam_A_1215_chainA/docking_1215_chainA_out.pdbqt	/home/anacleto/Desktop/manuscript_Mpro/naturecomm/supplementary_file_S2/6-chemical-library/molecular_docking/PDBQT/7cam_B_1215_chainB/docking_1215_chainB_out.pdbqt	/home/anacleto/Desktop/manuscript_Mpro/naturecomm/supplementary_file_S2/6-chemical-library/molecular_docking/combined_complexes/7cam_1215_combined/7cam_1215_combined_pose_1.pdb
N1CCN(C1=O)c2ccccc2	1216	1	-4.386	-4.495	/home/anacleto/Desktop/manuscript_Mpro/naturecomm/supplementary_file_S2/6-chemical-library/molecular_docking/PDBQT/7cam_A_1216_chainA/docking_1216_chainA_out.pdbqt	/home/anacleto/Desktop/manuscript_Mpro/naturecomm/supplementary_file_S2/6-chemical-library/molecular_docking/PDBQT/7cam_B_1216_chainB/docking_1216_chainB_out.pdbqt	/home/anacleto/Desktop/manuscript_Mpro/naturecomm/supplementary_file_S2/6-chemical-library/molecular_docking/combined_complexes/7cam_1216_combined/7cam_1216_combined_pose_1.pdb
C1CC1C(=O)Nc2cccnc2	1217	1	-4.548	-4.503	/home/anacleto/Desktop/manuscript_Mpro/naturecomm/supplementary_file_S2/6-chemical-library/molecular_docking/PDBQT/7cam_A_1217_chainA/docking_1217_chainA_out.pdbqt	/home/anacleto/Desktop/manuscript_Mpro/naturecomm/supplementary_file_S2/6-chemical-library/molecular_docking/PDBQT/7cam_B_1217_chainB/docking_1217_chainB_out.pdbqt	/home/anacleto/Desktop/manuscript_Mpro/naturecomm/supplementary_file_S2/6-chemical-library/molecular_docking/combined_complexes/7cam_1217_combined/7cam_1217_combined_pose_1.pdb
o1cccc1C=C2C(=O)NN=C2	1218	1	-4.263	-4.454	/home/anacleto/Desktop/manuscript_Mpro/naturecomm/supplementary_file_S2/6-chemical-library/molecular_docking/PDBQT/7cam_A_1218_chainA/docking_1218_chainA_out.pdbqt	/home/anacleto/Desktop/manuscript_Mpro/naturecomm/supplementary_file_S2/6-chemical-library/molecular_docking/PDBQT/7cam_B_1218_chainB/docking_1218_chainB_out.pdbqt	/home/anacleto/Desktop/manuscript_Mpro/naturecomm/supplementary_file_S2/6-chemical-library/molecular_docking/combined_complexes/7cam_1218_combined/7cam_1218_combined_pose_1.pdb
c1ccccc1N2CCCCC2	1219	1	-4.483	-4.588	/home/anacleto/Desktop/manuscript_Mpro/naturecomm/supplementary_file_S2/6-chemical-library/molecular_docking/PDBQT/7cam_A_1219_chainA/docking_1219_chainA_out.pdbqt	/home/anacleto/Desktop/manuscript_Mpro/naturecomm/supplementary_file_S2/6-chemical-library/molecular_docking/PDBQT/7cam_B_1219_chainB/docking_1219_chainB_out.pdbqt	/home/anacleto/Desktop/manuscript_Mpro/naturecomm/supplementary_file_S2/6-chemical-library/molecular_docking/combined_complexes/7cam_1219_combined/7cam_1219_combined_pose_1.pdb
c1c[nH]nn1	122	1	-2.791	-2.785	/home/anacleto/Desktop/manuscript_Mpro/naturecomm/supplementary_file_S2/6-chemical-library/molecular_docking/PDBQT/7cam_A_122_chainA/docking_122_chainA_out.pdbqt	/home/anacleto/Desktop/manuscript_Mpro/naturecomm/supplementary_file_S2/6-chemical-library/molecular_docking/PDBQT/7cam_B_122_chainB/docking_122_chainB_out.pdbqt	/home/anacleto/Desktop/manuscript_Mpro/naturecomm/supplementary_file_S2/6-chemical-library/molecular_docking/combined_complexes/7cam_122_combined/7cam_122_combined_pose_1.pdb
c1ccccc1C2CCNCC2	1220	1	-4.685	-4.566	/home/anacleto/Desktop/manuscript_Mpro/naturecomm/supplementary_file_S2/6-chemical-library/molecular_docking/PDBQT/7cam_A_1220_chainA/docking_1220_chainA_out.pdbqt	/home/anacleto/Desktop/manuscript_Mpro/naturecomm/supplementary_file_S2/6-chemical-library/molecular_docking/PDBQT/7cam_B_1220_chainB/docking_1220_chainB_out.pdbqt	/home/anacleto/Desktop/manuscript_Mpro/naturecomm/supplementary_file_S2/6-chemical-library/molecular_docking/combined_complexes/7cam_1220_combined/7cam_1220_combined_pose_1.pdb
c1ccccc1C2CCCCN2	1221	1	-4.839	-4.691	/home/anacleto/Desktop/manuscript_Mpro/naturecomm/supplementary_file_S2/6-chemical-library/molecular_docking/PDBQT/7cam_A_1221_chainA/docking_1221_chainA_out.pdbqt	/home/anacleto/Desktop/manuscript_Mpro/naturecomm/supplementary_file_S2/6-chemical-library/molecular_docking/PDBQT/7cam_B_1221_chainB/docking_1221_chainB_out.pdbqt	/home/anacleto/Desktop/manuscript_Mpro/naturecomm/supplementary_file_S2/6-chemical-library/molecular_docking/combined_complexes/7cam_1221_combined/7cam_1221_combined_pose_1.pdb
C1CCCN1Cc2ccccc2	1223	1					
C1CCCC1Nc2ccccc2	1224	1					
C1CCC1CNc2ccccc2	1225	1					
C1CC1CNCc2ccccc2	1226	1					
O=C1CCCN1c2ccccc2	1227	1					
O=C1CCC(N1)c2ccccc2	1228	1					
O=C1CC(N1)Cc2ccccc2	1229	1					
c1cocn1	123	1	-2.382	-2.079	/home/anacleto/Desktop/manuscript_Mpro/naturecomm/supplementary_file_S2/6-chemical-library/molecular_docking/PDBQT/7cam_A_123_chainA/docking_123_chainA_out.pdbqt	/home/anacleto/Desktop/manuscript_Mpro/naturecomm/supplementary_file_S2/6-chemical-library/molecular_docking/PDBQT/7cam_B_123_chainB/docking_123_chainB_out.pdbqt	/home/anacleto/Desktop/manuscript_Mpro/naturecomm/supplementary_file_S2/6-chemical-library/molecular_docking/combined_complexes/7cam_123_combined/7cam_123_combined_pose_1.pdb
N1CCC(C1=O)c2ccccc2	1230	1					
C1CC1NC(=O)c2ccccc2	1231	1	-4.696	-4.467	/home/anacleto/Desktop/manuscript_Mpro/naturecomm/supplementary_file_S2/6-chemical-library/molecular_docking/PDBQT/7cam_A_1231_chainA/docking_1231_chainA_out.pdbqt	/home/anacleto/Desktop/manuscript_Mpro/naturecomm/supplementary_file_S2/6-chemical-library/molecular_docking/PDBQT/7cam_B_1231_chainB/docking_1231_chainB_out.pdbqt	/home/anacleto/Desktop/manuscript_Mpro/naturecomm/supplementary_file_S2/6-chemical-library/molecular_docking/combined_complexes/7cam_1231_combined/7cam_1231_combined_pose_1.pdb
C1CC1C(=O)Nc2ccccc2	1232	1	-4.925	-4.402	/home/anacleto/Desktop/manuscript_Mpro/naturecomm/supplementary_file_S2/6-chemical-library/molecular_docking/PDBQT/7cam_A_1232_chainA/docking_1232_chainA_out.pdbqt	/home/anacleto/Desktop/manuscript_Mpro/naturecomm/supplementary_file_S2/6-chemical-library/molecular_docking/PDBQT/7cam_B_1232_chainB/docking_1232_chainB_out.pdbqt	/home/anacleto/Desktop/manuscript_Mpro/naturecomm/supplementary_file_S2/6-chemical-library/molecular_docking/combined_complexes/7cam_1232_combined/7cam_1232_combined_pose_1.pdb
n1[nH]ccc1Nc2ccncn2	1233	1	-4.646	-4.255	/home/anacleto/Desktop/manuscript_Mpro/naturecomm/supplementary_file_S2/6-chemical-library/molecular_docking/PDBQT/7cam_A_1233_chainA/docking_1233_chainA_out.pdbqt	/home/anacleto/Desktop/manuscript_Mpro/naturecomm/supplementary_file_S2/6-chemical-library/molecular_docking/PDBQT/7cam_B_1233_chainB/docking_1233_chainB_out.pdbqt	/home/anacleto/Desktop/manuscript_Mpro/naturecomm/supplementary_file_S2/6-chemical-library/molecular_docking/combined_complexes/7cam_1233_combined/7cam_1233_combined_pose_1.pdb
c1[nH]ncc1Nc2ncccn2	1234	1	-4.726	-4.325	/home/anacleto/Desktop/manuscript_Mpro/naturecomm/supplementary_file_S2/6-chemical-library/molecular_docking/PDBQT/7cam_A_1234_chainA/docking_1234_chainA_out.pdbqt	/home/anacleto/Desktop/manuscript_Mpro/naturecomm/supplementary_file_S2/6-chemical-library/molecular_docking/PDBQT/7cam_B_1234_chainB/docking_1234_chainB_out.pdbqt	/home/anacleto/Desktop/manuscript_Mpro/naturecomm/supplementary_file_S2/6-chemical-library/molecular_docking/combined_complexes/7cam_1234_combined/7cam_1234_combined_pose_1.pdb
[nH]1c(=O)[nH]nc1-c2ccccc2	1235	1	-4.734	-4.736	/home/anacleto/Desktop/manuscript_Mpro/naturecomm/supplementary_file_S2/6-chemical-library/molecular_docking/PDBQT/7cam_A_1235_chainA/docking_1235_chainA_out.pdbqt	/home/anacleto/Desktop/manuscript_Mpro/naturecomm/supplementary_file_S2/6-chemical-library/molecular_docking/PDBQT/7cam_B_1235_chainB/docking_1235_chainB_out.pdbqt	/home/anacleto/Desktop/manuscript_Mpro/naturecomm/supplementary_file_S2/6-chemical-library/molecular_docking/combined_complexes/7cam_1235_combined/7cam_1235_combined_pose_1.pdb
o1cccc1C=C2C(=O)NC=C2	1236	1	-4.22	-4.408	/home/anacleto/Desktop/manuscript_Mpro/naturecomm/supplementary_file_S2/6-chemical-library/molecular_docking/PDBQT/7cam_A_1236_chainA/docking_1236_chainA_out.pdbqt	/home/anacleto/Desktop/manuscript_Mpro/naturecomm/supplementary_file_S2/6-chemical-library/molecular_docking/PDBQT/7cam_B_1236_chainB/docking_1236_chainB_out.pdbqt	/home/anacleto/Desktop/manuscript_Mpro/naturecomm/supplementary_file_S2/6-chemical-library/molecular_docking/combined_complexes/7cam_1236_combined/7cam_1236_combined_pose_1.pdb
c1ccccc1C2CCCCC2	1237	1	-4.791	-4.791	/home/anacleto/Desktop/manuscript_Mpro/naturecomm/supplementary_file_S2/6-chemical-library/molecular_docking/PDBQT/7cam_A_1237_chainA/docking_1237_chainA_out.pdbqt	/home/anacleto/Desktop/manuscript_Mpro/naturecomm/supplementary_file_S2/6-chemical-library/molecular_docking/PDBQT/7cam_B_1237_chainB/docking_1237_chainB_out.pdbqt	/home/anacleto/Desktop/manuscript_Mpro/naturecomm/supplementary_file_S2/6-chemical-library/molecular_docking/combined_complexes/7cam_1237_combined/7cam_1237_combined_pose_1.pdb
n1cccn1Cc2cnccn2	1238	1	-3.9	-3.767	/home/anacleto/Desktop/manuscript_Mpro/naturecomm/supplementary_file_S2/6-chemical-library/molecular_docking/PDBQT/7cam_A_1238_chainA/docking_1238_chainA_out.pdbqt	/home/anacleto/Desktop/manuscript_Mpro/naturecomm/supplementary_file_S2/6-chemical-library/molecular_docking/PDBQT/7cam_B_1238_chainB/docking_1238_chainB_out.pdbqt	/home/anacleto/Desktop/manuscript_Mpro/naturecomm/supplementary_file_S2/6-chemical-library/molecular_docking/combined_complexes/7cam_1238_combined/7cam_1238_combined_pose_1.pdb
o1ncnc1Cc2ccccc2	1239	1	-4.168	-4.16	/home/anacleto/Desktop/manuscript_Mpro/naturecomm/supplementary_file_S2/6-chemical-library/molecular_docking/PDBQT/7cam_A_1239_chainA/docking_1239_chainA_out.pdbqt	/home/anacleto/Desktop/manuscript_Mpro/naturecomm/supplementary_file_S2/6-chemical-library/molecular_docking/PDBQT/7cam_B_1239_chainB/docking_1239_chainB_out.pdbqt	/home/anacleto/Desktop/manuscript_Mpro/naturecomm/supplementary_file_S2/6-chemical-library/molecular_docking/combined_complexes/7cam_1239_combined/7cam_1239_combined_pose_1.pdb
c1cnoc1	124	1	-2.476	-2.302	/home/anacleto/Desktop/manuscript_Mpro/naturecomm/supplementary_file_S2/6-chemical-library/molecular_docking/PDBQT/7cam_A_124_chainA/docking_124_chainA_out.pdbqt	/home/anacleto/Desktop/manuscript_Mpro/naturecomm/supplementary_file_S2/6-chemical-library/molecular_docking/PDBQT/7cam_B_124_chainB/docking_124_chainB_out.pdbqt	/home/anacleto/Desktop/manuscript_Mpro/naturecomm/supplementary_file_S2/6-chemical-library/molecular_docking/combined_complexes/7cam_124_combined/7cam_124_combined_pose_1.pdb
[nH]1ccn(c1=O)-c2ccccc2	1240	1	-4.509	-4.44	/home/anacleto/Desktop/manuscript_Mpro/naturecomm/supplementary_file_S2/6-chemical-library/molecular_docking/PDBQT/7cam_A_1240_chainA/docking_1240_chainA_out.pdbqt	/home/anacleto/Desktop/manuscript_Mpro/naturecomm/supplementary_file_S2/6-chemical-library/molecular_docking/PDBQT/7cam_B_1240_chainB/docking_1240_chainB_out.pdbqt	/home/anacleto/Desktop/manuscript_Mpro/naturecomm/supplementary_file_S2/6-chemical-library/molecular_docking/combined_complexes/7cam_1240_combined/7cam_1240_combined_pose_1.pdb
c1[nH+]ccn1Cc2ccccc2	1241	1	-4.434	-4.48	/home/anacleto/Desktop/manuscript_Mpro/naturecomm/supplementary_file_S2/6-chemical-library/molecular_docking/PDBQT/7cam_A_1241_chainA/docking_1241_chainA_out.pdbqt	/home/anacleto/Desktop/manuscript_Mpro/naturecomm/supplementary_file_S2/6-chemical-library/molecular_docking/PDBQT/7cam_B_1241_chainB/docking_1241_chainB_out.pdbqt	/home/anacleto/Desktop/manuscript_Mpro/naturecomm/supplementary_file_S2/6-chemical-library/molecular_docking/combined_complexes/7cam_1241_combined/7cam_1241_combined_pose_1.pdb
n1cncn1Cc2ccccc2	1242	1	-4.115	-4.053	/home/anacleto/Desktop/manuscript_Mpro/naturecomm/supplementary_file_S2/6-chemical-library/molecular_docking/PDBQT/7cam_A_1242_chainA/docking_1242_chainA_out.pdbqt	/home/anacleto/Desktop/manuscript_Mpro/naturecomm/supplementary_file_S2/6-chemical-library/molecular_docking/PDBQT/7cam_B_1242_chainB/docking_1242_chainB_out.pdbqt	/home/anacleto/Desktop/manuscript_Mpro/naturecomm/supplementary_file_S2/6-chemical-library/molecular_docking/combined_complexes/7cam_1242_combined/7cam_1242_combined_pose_1.pdb
c1ccccc1C2CC=CCC2	1243	1	-4.857	-4.792	/home/anacleto/Desktop/manuscript_Mpro/naturecomm/supplementary_file_S2/6-chemical-library/molecular_docking/PDBQT/7cam_A_1243_chainA/docking_1243_chainA_out.pdbqt	/home/anacleto/Desktop/manuscript_Mpro/naturecomm/supplementary_file_S2/6-chemical-library/molecular_docking/PDBQT/7cam_B_1243_chainB/docking_1243_chainB_out.pdbqt	/home/anacleto/Desktop/manuscript_Mpro/naturecomm/supplementary_file_S2/6-chemical-library/molecular_docking/combined_complexes/7cam_1243_combined/7cam_1243_combined_pose_1.pdb
c1ccccc1C2C=CCCC2	1244	1	-4.805	-4.751	/home/anacleto/Desktop/manuscript_Mpro/naturecomm/supplementary_file_S2/6-chemical-library/molecular_docking/PDBQT/7cam_A_1244_chainA/docking_1244_chainA_out.pdbqt	/home/anacleto/Desktop/manuscript_Mpro/naturecomm/supplementary_file_S2/6-chemical-library/molecular_docking/PDBQT/7cam_B_1244_chainB/docking_1244_chainB_out.pdbqt	/home/anacleto/Desktop/manuscript_Mpro/naturecomm/supplementary_file_S2/6-chemical-library/molecular_docking/combined_complexes/7cam_1244_combined/7cam_1244_combined_pose_1.pdb
n1cccn1Cc2ccccc2	1245	1	-4.218	-4.03	/home/anacleto/Desktop/manuscript_Mpro/naturecomm/supplementary_file_S2/6-chemical-library/molecular_docking/PDBQT/7cam_A_1245_chainA/docking_1245_chainA_out.pdbqt	/home/anacleto/Desktop/manuscript_Mpro/naturecomm/supplementary_file_S2/6-chemical-library/molecular_docking/PDBQT/7cam_B_1245_chainB/docking_1245_chainB_out.pdbqt	/home/anacleto/Desktop/manuscript_Mpro/naturecomm/supplementary_file_S2/6-chemical-library/molecular_docking/combined_complexes/7cam_1245_combined/7cam_1245_combined_pose_1.pdb
c1nccn1Cc2ccccc2	1246	1	-4.115	-3.974	/home/anacleto/Desktop/manuscript_Mpro/naturecomm/supplementary_file_S2/6-chemical-library/molecular_docking/PDBQT/7cam_A_1246_chainA/docking_1246_chainA_out.pdbqt	/home/anacleto/Desktop/manuscript_Mpro/naturecomm/supplementary_file_S2/6-chemical-library/molecular_docking/PDBQT/7cam_B_1246_chainB/docking_1246_chainB_out.pdbqt	/home/anacleto/Desktop/manuscript_Mpro/naturecomm/supplementary_file_S2/6-chemical-library/molecular_docking/combined_complexes/7cam_1246_combined/7cam_1246_combined_pose_1.pdb
[nH]1nccc1Cc2ccccc2	1247	1	-4.318		/home/anacleto/Desktop/manuscript_Mpro/naturecomm/supplementary_file_S2/6-chemical-library/molecular_docking/PDBQT/7cam_A_1247_chainA/docking_1247_chainA_out.pdbqt		
[nH]1ccnc1Cc2ccccc2	1248	1					
c1ccccc1C2C=CNC=C2	1249	1					
c1cn[nH]c1	125	1	-3.039	-2.897	/home/anacleto/Desktop/manuscript_Mpro/naturecomm/supplementary_file_S2/6-chemical-library/molecular_docking/PDBQT/7cam_A_125_chainA/docking_125_chainA_out.pdbqt	/home/anacleto/Desktop/manuscript_Mpro/naturecomm/supplementary_file_S2/6-chemical-library/molecular_docking/PDBQT/7cam_B_125_chainB/docking_125_chainB_out.pdbqt	/home/anacleto/Desktop/manuscript_Mpro/naturecomm/supplementary_file_S2/6-chemical-library/molecular_docking/combined_complexes/7cam_125_combined/7cam_125_combined_pose_1.pdb
c1ccccc1-c2ncccn2	1250	1					
c1ccccc1-c2ccncc2	1251	1					
c1ccccc1-c2cccnc2	1252	1					
c1ccccc1-c2ccccn2	1253	1					
c1ccccc1-c2ccccc2	1254	1	-4.91	-4.954	/home/anacleto/Desktop/manuscript_Mpro/naturecomm/supplementary_file_S2/6-chemical-library/molecular_docking/PDBQT/7cam_A_1254_chainA/docking_1254_chainA_out.pdbqt	/home/anacleto/Desktop/manuscript_Mpro/naturecomm/supplementary_file_S2/6-chemical-library/molecular_docking/PDBQT/7cam_B_1254_chainB/docking_1254_chainB_out.pdbqt	/home/anacleto/Desktop/manuscript_Mpro/naturecomm/supplementary_file_S2/6-chemical-library/molecular_docking/combined_complexes/7cam_1254_combined/7cam_1254_combined_pose_1.pdb
s1ccnc1Sc2nncs2	1255	1	-3.666	-3.353	/home/anacleto/Desktop/manuscript_Mpro/naturecomm/supplementary_file_S2/6-chemical-library/molecular_docking/PDBQT/7cam_A_1255_chainA/docking_1255_chainA_out.pdbqt	/home/anacleto/Desktop/manuscript_Mpro/naturecomm/supplementary_file_S2/6-chemical-library/molecular_docking/PDBQT/7cam_B_1255_chainB/docking_1255_chainB_out.pdbqt	/home/anacleto/Desktop/manuscript_Mpro/naturecomm/supplementary_file_S2/6-chemical-library/molecular_docking/combined_complexes/7cam_1255_combined/7cam_1255_combined_pose_1.pdb
s1cncc1Sc2nnco2	1256	1	-3.773	-3.459	/home/anacleto/Desktop/manuscript_Mpro/naturecomm/supplementary_file_S2/6-chemical-library/molecular_docking/PDBQT/7cam_A_1256_chainA/docking_1256_chainA_out.pdbqt	/home/anacleto/Desktop/manuscript_Mpro/naturecomm/supplementary_file_S2/6-chemical-library/molecular_docking/PDBQT/7cam_B_1256_chainB/docking_1256_chainB_out.pdbqt	/home/anacleto/Desktop/manuscript_Mpro/naturecomm/supplementary_file_S2/6-chemical-library/molecular_docking/combined_complexes/7cam_1256_combined/7cam_1256_combined_pose_1.pdb
o1cnnc1Sc2nccs2	1257	1	-3.822	-3.528	/home/anacleto/Desktop/manuscript_Mpro/naturecomm/supplementary_file_S2/6-chemical-library/molecular_docking/PDBQT/7cam_A_1257_chainA/docking_1257_chainA_out.pdbqt	/home/anacleto/Desktop/manuscript_Mpro/naturecomm/supplementary_file_S2/6-chemical-library/molecular_docking/PDBQT/7cam_B_1257_chainB/docking_1257_chainB_out.pdbqt	/home/anacleto/Desktop/manuscript_Mpro/naturecomm/supplementary_file_S2/6-chemical-library/molecular_docking/combined_complexes/7cam_1257_combined/7cam_1257_combined_pose_1.pdb
[nH]1cnnc1Sc2nccs2	1258	1	-3.927	-3.705	/home/anacleto/Desktop/manuscript_Mpro/naturecomm/supplementary_file_S2/6-chemical-library/molecular_docking/PDBQT/7cam_A_1258_chainA/docking_1258_chainA_out.pdbqt	/home/anacleto/Desktop/manuscript_Mpro/naturecomm/supplementary_file_S2/6-chemical-library/molecular_docking/PDBQT/7cam_B_1258_chainB/docking_1258_chainB_out.pdbqt	/home/anacleto/Desktop/manuscript_Mpro/naturecomm/supplementary_file_S2/6-chemical-library/molecular_docking/combined_complexes/7cam_1258_combined/7cam_1258_combined_pose_1.pdb
s1cccc1Cc2cccs2	1259	1	-3.765	-3.691	/home/anacleto/Desktop/manuscript_Mpro/naturecomm/supplementary_file_S2/6-chemical-library/molecular_docking/PDBQT/7cam_A_1259_chainA/docking_1259_chainA_out.pdbqt	/home/anacleto/Desktop/manuscript_Mpro/naturecomm/supplementary_file_S2/6-chemical-library/molecular_docking/PDBQT/7cam_B_1259_chainB/docking_1259_chainB_out.pdbqt	/home/anacleto/Desktop/manuscript_Mpro/naturecomm/supplementary_file_S2/6-chemical-library/molecular_docking/combined_complexes/7cam_1259_combined/7cam_1259_combined_pose_1.pdb
c1c[nH]cn1	126	1	-2.665	-2.76	/home/anacleto/Desktop/manuscript_Mpro/naturecomm/supplementary_file_S2/6-chemical-library/molecular_docking/PDBQT/7cam_A_126_chainA/docking_126_chainA_out.pdbqt	/home/anacleto/Desktop/manuscript_Mpro/naturecomm/supplementary_file_S2/6-chemical-library/molecular_docking/PDBQT/7cam_B_126_chainB/docking_126_chainB_out.pdbqt	/home/anacleto/Desktop/manuscript_Mpro/naturecomm/supplementary_file_S2/6-chemical-library/molecular_docking/combined_complexes/7cam_126_combined/7cam_126_combined_pose_1.pdb
C1=CC=CC1[Ti+2]C2C=CC=C2	1260	1					
s1ccnc1N2CCOCC2	1261	1	-3.959	-3.712	/home/anacleto/Desktop/manuscript_Mpro/naturecomm/supplementary_file_S2/6-chemical-library/molecular_docking/PDBQT/7cam_A_1261_chainA/docking_1261_chainA_out.pdbqt	/home/anacleto/Desktop/manuscript_Mpro/naturecomm/supplementary_file_S2/6-chemical-library/molecular_docking/PDBQT/7cam_B_1261_chainB/docking_1261_chainB_out.pdbqt	/home/anacleto/Desktop/manuscript_Mpro/naturecomm/supplementary_file_S2/6-chemical-library/molecular_docking/combined_complexes/7cam_1261_combined/7cam_1261_combined_pose_1.pdb
s1ccnc1N2CCNCC2	1262	1	-3.846	-3.831	/home/anacleto/Desktop/manuscript_Mpro/naturecomm/supplementary_file_S2/6-chemical-library/molecular_docking/PDBQT/7cam_A_1262_chainA/docking_1262_chainA_out.pdbqt	/home/anacleto/Desktop/manuscript_Mpro/naturecomm/supplementary_file_S2/6-chemical-library/molecular_docking/PDBQT/7cam_B_1262_chainB/docking_1262_chainB_out.pdbqt	/home/anacleto/Desktop/manuscript_Mpro/naturecomm/supplementary_file_S2/6-chemical-library/molecular_docking/combined_complexes/7cam_1262_combined/7cam_1262_combined_pose_1.pdb
s1cccc1N2CCOCC2	1263	1	-3.985	-3.819	/home/anacleto/Desktop/manuscript_Mpro/naturecomm/supplementary_file_S2/6-chemical-library/molecular_docking/PDBQT/7cam_A_1263_chainA/docking_1263_chainA_out.pdbqt	/home/anacleto/Desktop/manuscript_Mpro/naturecomm/supplementary_file_S2/6-chemical-library/molecular_docking/PDBQT/7cam_B_1263_chainB/docking_1263_chainB_out.pdbqt	/home/anacleto/Desktop/manuscript_Mpro/naturecomm/supplementary_file_S2/6-chemical-library/molecular_docking/combined_complexes/7cam_1263_combined/7cam_1263_combined_pose_1.pdb
s1cccc1N2CCNCC2	1264	1	-4.0	-3.85	/home/anacleto/Desktop/manuscript_Mpro/naturecomm/supplementary_file_S2/6-chemical-library/molecular_docking/PDBQT/7cam_A_1264_chainA/docking_1264_chainA_out.pdbqt	/home/anacleto/Desktop/manuscript_Mpro/naturecomm/supplementary_file_S2/6-chemical-library/molecular_docking/PDBQT/7cam_B_1264_chainB/docking_1264_chainB_out.pdbqt	/home/anacleto/Desktop/manuscript_Mpro/naturecomm/supplementary_file_S2/6-chemical-library/molecular_docking/combined_complexes/7cam_1264_combined/7cam_1264_combined_pose_1.pdb
[nH]1c(=S)[nH]cc1-c2ccno2	1265	1	-4.246	-4.248	/home/anacleto/Desktop/manuscript_Mpro/naturecomm/supplementary_file_S2/6-chemical-library/molecular_docking/PDBQT/7cam_A_1265_chainA/docking_1265_chainA_out.pdbqt	/home/anacleto/Desktop/manuscript_Mpro/naturecomm/supplementary_file_S2/6-chemical-library/molecular_docking/PDBQT/7cam_B_1265_chainB/docking_1265_chainB_out.pdbqt	/home/anacleto/Desktop/manuscript_Mpro/naturecomm/supplementary_file_S2/6-chemical-library/molecular_docking/combined_complexes/7cam_1265_combined/7cam_1265_combined_pose_1.pdb
n1cscc1-c2cc[nH+]cc2	1266	1	-4.126	-3.992	/home/anacleto/Desktop/manuscript_Mpro/naturecomm/supplementary_file_S2/6-chemical-library/molecular_docking/PDBQT/7cam_A_1266_chainA/docking_1266_chainA_out.pdbqt	/home/anacleto/Desktop/manuscript_Mpro/naturecomm/supplementary_file_S2/6-chemical-library/molecular_docking/PDBQT/7cam_B_1266_chainB/docking_1266_chainB_out.pdbqt	/home/anacleto/Desktop/manuscript_Mpro/naturecomm/supplementary_file_S2/6-chemical-library/molecular_docking/combined_complexes/7cam_1266_combined/7cam_1266_combined_pose_1.pdb
s1cncc1-c2ccncc2	1267	1	-3.937	-3.802	/home/anacleto/Desktop/manuscript_Mpro/naturecomm/supplementary_file_S2/6-chemical-library/molecular_docking/PDBQT/7cam_A_1267_chainA/docking_1267_chainA_out.pdbqt	/home/anacleto/Desktop/manuscript_Mpro/naturecomm/supplementary_file_S2/6-chemical-library/molecular_docking/PDBQT/7cam_B_1267_chainB/docking_1267_chainB_out.pdbqt	/home/anacleto/Desktop/manuscript_Mpro/naturecomm/supplementary_file_S2/6-chemical-library/molecular_docking/combined_complexes/7cam_1267_combined/7cam_1267_combined_pose_1.pdb
s1ccnc1-c2ccccc2	1268	1	-4.166	-4.186	/home/anacleto/Desktop/manuscript_Mpro/naturecomm/supplementary_file_S2/6-chemical-library/molecular_docking/PDBQT/7cam_A_1268_chainA/docking_1268_chainA_out.pdbqt	/home/anacleto/Desktop/manuscript_Mpro/naturecomm/supplementary_file_S2/6-chemical-library/molecular_docking/PDBQT/7cam_B_1268_chainB/docking_1268_chainB_out.pdbqt	/home/anacleto/Desktop/manuscript_Mpro/naturecomm/supplementary_file_S2/6-chemical-library/molecular_docking/combined_complexes/7cam_1268_combined/7cam_1268_combined_pose_1.pdb
n1cscc1-c2ccccc2	1269	1	-4.163	-4.198	/home/anacleto/Desktop/manuscript_Mpro/naturecomm/supplementary_file_S2/6-chemical-library/molecular_docking/PDBQT/7cam_A_1269_chainA/docking_1269_chainA_out.pdbqt	/home/anacleto/Desktop/manuscript_Mpro/naturecomm/supplementary_file_S2/6-chemical-library/molecular_docking/PDBQT/7cam_B_1269_chainB/docking_1269_chainB_out.pdbqt	/home/anacleto/Desktop/manuscript_Mpro/naturecomm/supplementary_file_S2/6-chemical-library/molecular_docking/combined_complexes/7cam_1269_combined/7cam_1269_combined_pose_1.pdb
c1ccoc1	127	1	-2.592	-2.362	/home/anacleto/Desktop/manuscript_Mpro/naturecomm/supplementary_file_S2/6-chemical-library/molecular_docking/PDBQT/7cam_A_127_chainA/docking_127_chainA_out.pdbqt	/home/anacleto/Desktop/manuscript_Mpro/naturecomm/supplementary_file_S2/6-chemical-library/molecular_docking/PDBQT/7cam_B_127_chainB/docking_127_chainB_out.pdbqt	/home/anacleto/Desktop/manuscript_Mpro/naturecomm/supplementary_file_S2/6-chemical-library/molecular_docking/combined_complexes/7cam_127_combined/7cam_127_combined_pose_1.pdb
s1cccc1-c2ccccc2	1270	1	-4.365	-4.382	/home/anacleto/Desktop/manuscript_Mpro/naturecomm/supplementary_file_S2/6-chemical-library/molecular_docking/PDBQT/7cam_A_1270_chainA/docking_1270_chainA_out.pdbqt	/home/anacleto/Desktop/manuscript_Mpro/naturecomm/supplementary_file_S2/6-chemical-library/molecular_docking/PDBQT/7cam_B_1270_chainB/docking_1270_chainB_out.pdbqt	/home/anacleto/Desktop/manuscript_Mpro/naturecomm/supplementary_file_S2/6-chemical-library/molecular_docking/combined_complexes/7cam_1270_combined/7cam_1270_combined_pose_1.pdb
C1OCCC1N2CCNCC2	1272	1					
n1occ[n+]1N2CCOCC2	1273	1					
C1NCCC1C2CCNCC2	1274	1					
C1CC1C(=O)N2CCCCC2	1275	1					
n1ocnc1C2CCCNC2	1276	1					
n1nccn1CC2CCOC2	1277	1	-3.704	-3.586	/home/anacleto/Desktop/manuscript_Mpro/naturecomm/supplementary_file_S2/6-chemical-library/molecular_docking/PDBQT/7cam_A_1277_chainA/docking_1277_chainA_out.pdbqt	/home/anacleto/Desktop/manuscript_Mpro/naturecomm/supplementary_file_S2/6-chemical-library/molecular_docking/PDBQT/7cam_B_1277_chainB/docking_1277_chainB_out.pdbqt	/home/anacleto/Desktop/manuscript_Mpro/naturecomm/supplementary_file_S2/6-chemical-library/molecular_docking/combined_complexes/7cam_1277_combined/7cam_1277_combined_pose_1.pdb
[nH]1nccc1N2CCOCC2	1278	1	-4.088	-3.898	/home/anacleto/Desktop/manuscript_Mpro/naturecomm/supplementary_file_S2/6-chemical-library/molecular_docking/PDBQT/7cam_A_1278_chainA/docking_1278_chainA_out.pdbqt	/home/anacleto/Desktop/manuscript_Mpro/naturecomm/supplementary_file_S2/6-chemical-library/molecular_docking/PDBQT/7cam_B_1278_chainB/docking_1278_chainB_out.pdbqt	/home/anacleto/Desktop/manuscript_Mpro/naturecomm/supplementary_file_S2/6-chemical-library/molecular_docking/combined_complexes/7cam_1278_combined/7cam_1278_combined_pose_1.pdb
O1CCCC1Cn2ccnn2	1279	1	-3.74	-3.558	/home/anacleto/Desktop/manuscript_Mpro/naturecomm/supplementary_file_S2/6-chemical-library/molecular_docking/PDBQT/7cam_A_1279_chainA/docking_1279_chainA_out.pdbqt	/home/anacleto/Desktop/manuscript_Mpro/naturecomm/supplementary_file_S2/6-chemical-library/molecular_docking/PDBQT/7cam_B_1279_chainB/docking_1279_chainB_out.pdbqt	/home/anacleto/Desktop/manuscript_Mpro/naturecomm/supplementary_file_S2/6-chemical-library/molecular_docking/combined_complexes/7cam_1279_combined/7cam_1279_combined_pose_1.pdb
c1cc[nH]c1	128	1	-2.758	-2.918	/home/anacleto/Desktop/manuscript_Mpro/naturecomm/supplementary_file_S2/6-chemical-library/molecular_docking/PDBQT/7cam_A_128_chainA/docking_128_chainA_out.pdbqt	/home/anacleto/Desktop/manuscript_Mpro/naturecomm/supplementary_file_S2/6-chemical-library/molecular_docking/PDBQT/7cam_B_128_chainB/docking_128_chainB_out.pdbqt	/home/anacleto/Desktop/manuscript_Mpro/naturecomm/supplementary_file_S2/6-chemical-library/molecular_docking/combined_complexes/7cam_128_combined/7cam_128_combined_pose_1.pdb
C1OCC(C1=O)n2ccnn2	1280	1	-3.954	-3.685	/home/anacleto/Desktop/manuscript_Mpro/naturecomm/supplementary_file_S2/6-chemical-library/molecular_docking/PDBQT/7cam_A_1280_chainA/docking_1280_chainA_out.pdbqt	/home/anacleto/Desktop/manuscript_Mpro/naturecomm/supplementary_file_S2/6-chemical-library/molecular_docking/PDBQT/7cam_B_1280_chainB/docking_1280_chainB_out.pdbqt	/home/anacleto/Desktop/manuscript_Mpro/naturecomm/supplementary_file_S2/6-chemical-library/molecular_docking/combined_complexes/7cam_1280_combined/7cam_1280_combined_pose_1.pdb
[nH]1cnnc1C2CCNCC2	1281	1	-4.394	-4.276	/home/anacleto/Desktop/manuscript_Mpro/naturecomm/supplementary_file_S2/6-chemical-library/molecular_docking/PDBQT/7cam_A_1281_chainA/docking_1281_chainA_out.pdbqt	/home/anacleto/Desktop/manuscript_Mpro/naturecomm/supplementary_file_S2/6-chemical-library/molecular_docking/PDBQT/7cam_B_1281_chainB/docking_1281_chainB_out.pdbqt	/home/anacleto/Desktop/manuscript_Mpro/naturecomm/supplementary_file_S2/6-chemical-library/molecular_docking/combined_complexes/7cam_1281_combined/7cam_1281_combined_pose_1.pdb
[nH]1cnnc1C2CCCCN2	1282	1	-4.652	-4.368	/home/anacleto/Desktop/manuscript_Mpro/naturecomm/supplementary_file_S2/6-chemical-library/molecular_docking/PDBQT/7cam_A_1282_chainA/docking_1282_chainA_out.pdbqt	/home/anacleto/Desktop/manuscript_Mpro/naturecomm/supplementary_file_S2/6-chemical-library/molecular_docking/PDBQT/7cam_B_1282_chainB/docking_1282_chainB_out.pdbqt	/home/anacleto/Desktop/manuscript_Mpro/naturecomm/supplementary_file_S2/6-chemical-library/molecular_docking/combined_complexes/7cam_1282_combined/7cam_1282_combined_pose_1.pdb
o1ncnc1CC2CCCC2	1283	1	-4.021	-4.087	/home/anacleto/Desktop/manuscript_Mpro/naturecomm/supplementary_file_S2/6-chemical-library/molecular_docking/PDBQT/7cam_A_1283_chainA/docking_1283_chainA_out.pdbqt	/home/anacleto/Desktop/manuscript_Mpro/naturecomm/supplementary_file_S2/6-chemical-library/molecular_docking/PDBQT/7cam_B_1283_chainB/docking_1283_chainB_out.pdbqt	/home/anacleto/Desktop/manuscript_Mpro/naturecomm/supplementary_file_S2/6-chemical-library/molecular_docking/combined_complexes/7cam_1283_combined/7cam_1283_combined_pose_1.pdb
o1cnnc1C2CCCCC2	1284	1	-4.077	-4.059	/home/anacleto/Desktop/manuscript_Mpro/naturecomm/supplementary_file_S2/6-chemical-library/molecular_docking/PDBQT/7cam_A_1284_chainA/docking_1284_chainA_out.pdbqt	/home/anacleto/Desktop/manuscript_Mpro/naturecomm/supplementary_file_S2/6-chemical-library/molecular_docking/PDBQT/7cam_B_1284_chainB/docking_1284_chainB_out.pdbqt	/home/anacleto/Desktop/manuscript_Mpro/naturecomm/supplementary_file_S2/6-chemical-library/molecular_docking/combined_complexes/7cam_1284_combined/7cam_1284_combined_pose_1.pdb
n1cccn1C2CCCNC2	1285	1	-4.079	-3.954	/home/anacleto/Desktop/manuscript_Mpro/naturecomm/supplementary_file_S2/6-chemical-library/molecular_docking/PDBQT/7cam_A_1285_chainA/docking_1285_chainA_out.pdbqt	/home/anacleto/Desktop/manuscript_Mpro/naturecomm/supplementary_file_S2/6-chemical-library/molecular_docking/PDBQT/7cam_B_1285_chainB/docking_1285_chainB_out.pdbqt	/home/anacleto/Desktop/manuscript_Mpro/naturecomm/supplementary_file_S2/6-chemical-library/molecular_docking/combined_complexes/7cam_1285_combined/7cam_1285_combined_pose_1.pdb
c1[nH]ncc1C2CCCCN2	1286	1	-4.414	-4.833	/home/anacleto/Desktop/manuscript_Mpro/naturecomm/supplementary_file_S2/6-chemical-library/molecular_docking/PDBQT/7cam_A_1286_chainA/docking_1286_chainA_out.pdbqt	/home/anacleto/Desktop/manuscript_Mpro/naturecomm/supplementary_file_S2/6-chemical-library/molecular_docking/PDBQT/7cam_B_1286_chainB/docking_1286_chainB_out.pdbqt	/home/anacleto/Desktop/manuscript_Mpro/naturecomm/supplementary_file_S2/6-chemical-library/molecular_docking/combined_complexes/7cam_1286_combined/7cam_1286_combined_pose_1.pdb
[nH]1nccc1C2CCNCC2	1287	1	-4.303	-4.316	/home/anacleto/Desktop/manuscript_Mpro/naturecomm/supplementary_file_S2/6-chemical-library/molecular_docking/PDBQT/7cam_A_1287_chainA/docking_1287_chainA_out.pdbqt	/home/anacleto/Desktop/manuscript_Mpro/naturecomm/supplementary_file_S2/6-chemical-library/molecular_docking/PDBQT/7cam_B_1287_chainB/docking_1287_chainB_out.pdbqt	/home/anacleto/Desktop/manuscript_Mpro/naturecomm/supplementary_file_S2/6-chemical-library/molecular_docking/combined_complexes/7cam_1287_combined/7cam_1287_combined_pose_1.pdb
[nH]1nccc1C2CCCNC2	1288	1	-4.333	-4.698	/home/anacleto/Desktop/manuscript_Mpro/naturecomm/supplementary_file_S2/6-chemical-library/molecular_docking/PDBQT/7cam_A_1288_chainA/docking_1288_chainA_out.pdbqt	/home/anacleto/Desktop/manuscript_Mpro/naturecomm/supplementary_file_S2/6-chemical-library/molecular_docking/PDBQT/7cam_B_1288_chainB/docking_1288_chainB_out.pdbqt	/home/anacleto/Desktop/manuscript_Mpro/naturecomm/supplementary_file_S2/6-chemical-library/molecular_docking/combined_complexes/7cam_1288_combined/7cam_1288_combined_pose_1.pdb
[nH]1nccc1C2CCCCN2	1289	1	-4.585	-4.279	/home/anacleto/Desktop/manuscript_Mpro/naturecomm/supplementary_file_S2/6-chemical-library/molecular_docking/PDBQT/7cam_A_1289_chainA/docking_1289_chainA_out.pdbqt	/home/anacleto/Desktop/manuscript_Mpro/naturecomm/supplementary_file_S2/6-chemical-library/molecular_docking/PDBQT/7cam_B_1289_chainB/docking_1289_chainB_out.pdbqt	/home/anacleto/Desktop/manuscript_Mpro/naturecomm/supplementary_file_S2/6-chemical-library/molecular_docking/combined_complexes/7cam_1289_combined/7cam_1289_combined_pose_1.pdb
C1=CCC=C1	129	1	-3.004	-2.705	/home/anacleto/Desktop/manuscript_Mpro/naturecomm/supplementary_file_S2/6-chemical-library/molecular_docking/PDBQT/7cam_A_129_chainA/docking_129_chainA_out.pdbqt	/home/anacleto/Desktop/manuscript_Mpro/naturecomm/supplementary_file_S2/6-chemical-library/molecular_docking/PDBQT/7cam_B_129_chainB/docking_129_chainB_out.pdbqt	/home/anacleto/Desktop/manuscript_Mpro/naturecomm/supplementary_file_S2/6-chemical-library/molecular_docking/combined_complexes/7cam_129_combined/7cam_129_combined_pose_1.pdb
N1CCCC1Cn2ccnc2	1290	1	-3.904	-3.765	/home/anacleto/Desktop/manuscript_Mpro/naturecomm/supplementary_file_S2/6-chemical-library/molecular_docking/PDBQT/7cam_A_1290_chainA/docking_1290_chainA_out.pdbqt	/home/anacleto/Desktop/manuscript_Mpro/naturecomm/supplementary_file_S2/6-chemical-library/molecular_docking/PDBQT/7cam_B_1290_chainB/docking_1290_chainB_out.pdbqt	/home/anacleto/Desktop/manuscript_Mpro/naturecomm/supplementary_file_S2/6-chemical-library/molecular_docking/combined_complexes/7cam_1290_combined/7cam_1290_combined_pose_1.pdb
[nH]1nnnc1C2=CCNCC2	1291	1	-4.321	-4.328	/home/anacleto/Desktop/manuscript_Mpro/naturecomm/supplementary_file_S2/6-chemical-library/molecular_docking/PDBQT/7cam_A_1291_chainA/docking_1291_chainA_out.pdbqt	/home/anacleto/Desktop/manuscript_Mpro/naturecomm/supplementary_file_S2/6-chemical-library/molecular_docking/PDBQT/7cam_B_1291_chainB/docking_1291_chainB_out.pdbqt	/home/anacleto/Desktop/manuscript_Mpro/naturecomm/supplementary_file_S2/6-chemical-library/molecular_docking/combined_complexes/7cam_1291_combined/7cam_1291_combined_pose_1.pdb
O1CCOC1c2ccccc2	1293	1					
C1OCC1Oc2ccccc2	1294	1					
[nH]1cncc1Cc2ncon2	1295	1					
O1CCOB1c2cncnc2	1296	1					
N1CCCC1c2ncccn2	1297	1					
C1NCC1Oc2ccccc2	1298	1					
N1CCCC1c2cccnc2	1299	1					
O=c1cn[nH]c(=O)[nH]1	13	1	-3.63	-3.558	/home/anacleto/Desktop/manuscript_Mpro/naturecomm/supplementary_file_S2/6-chemical-library/molecular_docking/PDBQT/7cam_A_13_chainA/docking_13_chainA_out.pdbqt	/home/anacleto/Desktop/manuscript_Mpro/naturecomm/supplementary_file_S2/6-chemical-library/molecular_docking/PDBQT/7cam_B_13_chainB/docking_13_chainB_out.pdbqt	/home/anacleto/Desktop/manuscript_Mpro/naturecomm/supplementary_file_S2/6-chemical-library/molecular_docking/combined_complexes/7cam_13_combined/7cam_13_combined_pose_1.pdb
C1COC1	130	1	-2.067	-1.841	/home/anacleto/Desktop/manuscript_Mpro/naturecomm/supplementary_file_S2/6-chemical-library/molecular_docking/PDBQT/7cam_A_130_chainA/docking_130_chainA_out.pdbqt	/home/anacleto/Desktop/manuscript_Mpro/naturecomm/supplementary_file_S2/6-chemical-library/molecular_docking/PDBQT/7cam_B_130_chainB/docking_130_chainB_out.pdbqt	/home/anacleto/Desktop/manuscript_Mpro/naturecomm/supplementary_file_S2/6-chemical-library/molecular_docking/combined_complexes/7cam_130_combined/7cam_130_combined_pose_1.pdb
N1CCCC1c2ccccn2	1300	1	-4.404	-4.16	/home/anacleto/Desktop/manuscript_Mpro/naturecomm/supplementary_file_S2/6-chemical-library/molecular_docking/PDBQT/7cam_A_1300_chainA/docking_1300_chainA_out.pdbqt	/home/anacleto/Desktop/manuscript_Mpro/naturecomm/supplementary_file_S2/6-chemical-library/molecular_docking/PDBQT/7cam_B_1300_chainB/docking_1300_chainB_out.pdbqt	/home/anacleto/Desktop/manuscript_Mpro/naturecomm/supplementary_file_S2/6-chemical-library/molecular_docking/combined_complexes/7cam_1300_combined/7cam_1300_combined_pose_1.pdb
C1NCC1Nc2ccccc2	1301	1	-4.397	-4.394	/home/anacleto/Desktop/manuscript_Mpro/naturecomm/supplementary_file_S2/6-chemical-library/molecular_docking/PDBQT/7cam_A_1301_chainA/docking_1301_chainA_out.pdbqt	/home/anacleto/Desktop/manuscript_Mpro/naturecomm/supplementary_file_S2/6-chemical-library/molecular_docking/PDBQT/7cam_B_1301_chainB/docking_1301_chainB_out.pdbqt	/home/anacleto/Desktop/manuscript_Mpro/naturecomm/supplementary_file_S2/6-chemical-library/molecular_docking/combined_complexes/7cam_1301_combined/7cam_1301_combined_pose_1.pdb
C1CCCN1c2ccccn2	1302	1	-4.245	-4.023	/home/anacleto/Desktop/manuscript_Mpro/naturecomm/supplementary_file_S2/6-chemical-library/molecular_docking/PDBQT/7cam_A_1302_chainA/docking_1302_chainA_out.pdbqt	/home/anacleto/Desktop/manuscript_Mpro/naturecomm/supplementary_file_S2/6-chemical-library/molecular_docking/PDBQT/7cam_B_1302_chainB/docking_1302_chainB_out.pdbqt	/home/anacleto/Desktop/manuscript_Mpro/naturecomm/supplementary_file_S2/6-chemical-library/molecular_docking/combined_complexes/7cam_1302_combined/7cam_1302_combined_pose_1.pdb
C1CC1NCc2cccnc2	1303	1	-4.113	-3.827	/home/anacleto/Desktop/manuscript_Mpro/naturecomm/supplementary_file_S2/6-chemical-library/molecular_docking/PDBQT/7cam_A_1303_chainA/docking_1303_chainA_out.pdbqt	/home/anacleto/Desktop/manuscript_Mpro/naturecomm/supplementary_file_S2/6-chemical-library/molecular_docking/PDBQT/7cam_B_1303_chainB/docking_1303_chainB_out.pdbqt	/home/anacleto/Desktop/manuscript_Mpro/naturecomm/supplementary_file_S2/6-chemical-library/molecular_docking/combined_complexes/7cam_1303_combined/7cam_1303_combined_pose_1.pdb
C1CCC1Oc2ccccc2	1304	1	-4.286	-4.164	/home/anacleto/Desktop/manuscript_Mpro/naturecomm/supplementary_file_S2/6-chemical-library/molecular_docking/PDBQT/7cam_A_1304_chainA/docking_1304_chainA_out.pdbqt	/home/anacleto/Desktop/manuscript_Mpro/naturecomm/supplementary_file_S2/6-chemical-library/molecular_docking/PDBQT/7cam_B_1304_chainB/docking_1304_chainB_out.pdbqt	/home/anacleto/Desktop/manuscript_Mpro/naturecomm/supplementary_file_S2/6-chemical-library/molecular_docking/combined_complexes/7cam_1304_combined/7cam_1304_combined_pose_1.pdb
C1CC1COc2ccccc2	1305	1	-4.063	-4.119	/home/anacleto/Desktop/manuscript_Mpro/naturecomm/supplementary_file_S2/6-chemical-library/molecular_docking/PDBQT/7cam_A_1305_chainA/docking_1305_chainA_out.pdbqt	/home/anacleto/Desktop/manuscript_Mpro/naturecomm/supplementary_file_S2/6-chemical-library/molecular_docking/PDBQT/7cam_B_1305_chainB/docking_1305_chainB_out.pdbqt	/home/anacleto/Desktop/manuscript_Mpro/naturecomm/supplementary_file_S2/6-chemical-library/molecular_docking/combined_complexes/7cam_1305_combined/7cam_1305_combined_pose_1.pdb
c1nccn1Cc2ccoc2	1306	1	-3.799	-3.454	/home/anacleto/Desktop/manuscript_Mpro/naturecomm/supplementary_file_S2/6-chemical-library/molecular_docking/PDBQT/7cam_A_1306_chainA/docking_1306_chainA_out.pdbqt	/home/anacleto/Desktop/manuscript_Mpro/naturecomm/supplementary_file_S2/6-chemical-library/molecular_docking/PDBQT/7cam_B_1306_chainB/docking_1306_chainB_out.pdbqt	/home/anacleto/Desktop/manuscript_Mpro/naturecomm/supplementary_file_S2/6-chemical-library/molecular_docking/combined_complexes/7cam_1306_combined/7cam_1306_combined_pose_1.pdb
N1CCCC1c2ccccc2	1307	1	-4.477	-4.535	/home/anacleto/Desktop/manuscript_Mpro/naturecomm/supplementary_file_S2/6-chemical-library/molecular_docking/PDBQT/7cam_A_1307_chainA/docking_1307_chainA_out.pdbqt	/home/anacleto/Desktop/manuscript_Mpro/naturecomm/supplementary_file_S2/6-chemical-library/molecular_docking/PDBQT/7cam_B_1307_chainB/docking_1307_chainB_out.pdbqt	/home/anacleto/Desktop/manuscript_Mpro/naturecomm/supplementary_file_S2/6-chemical-library/molecular_docking/combined_complexes/7cam_1307_combined/7cam_1307_combined_pose_1.pdb
N1CCC1Cc2ccccc2	1308	1	-4.272	-4.271	/home/anacleto/Desktop/manuscript_Mpro/naturecomm/supplementary_file_S2/6-chemical-library/molecular_docking/PDBQT/7cam_A_1308_chainA/docking_1308_chainA_out.pdbqt	/home/anacleto/Desktop/manuscript_Mpro/naturecomm/supplementary_file_S2/6-chemical-library/molecular_docking/PDBQT/7cam_B_1308_chainB/docking_1308_chainB_out.pdbqt	/home/anacleto/Desktop/manuscript_Mpro/naturecomm/supplementary_file_S2/6-chemical-library/molecular_docking/combined_complexes/7cam_1308_combined/7cam_1308_combined_pose_1.pdb
C1NCCC1c2ccccc2	1309	1	-4.39	-4.612	/home/anacleto/Desktop/manuscript_Mpro/naturecomm/supplementary_file_S2/6-chemical-library/molecular_docking/PDBQT/7cam_A_1309_chainA/docking_1309_chainA_out.pdbqt	/home/anacleto/Desktop/manuscript_Mpro/naturecomm/supplementary_file_S2/6-chemical-library/molecular_docking/PDBQT/7cam_B_1309_chainB/docking_1309_chainB_out.pdbqt	/home/anacleto/Desktop/manuscript_Mpro/naturecomm/supplementary_file_S2/6-chemical-library/molecular_docking/combined_complexes/7cam_1309_combined/7cam_1309_combined_pose_1.pdb
C1CNC1	131	1	-2.613	-2.465	/home/anacleto/Desktop/manuscript_Mpro/naturecomm/supplementary_file_S2/6-chemical-library/molecular_docking/PDBQT/7cam_A_131_chainA/docking_131_chainA_out.pdbqt	/home/anacleto/Desktop/manuscript_Mpro/naturecomm/supplementary_file_S2/6-chemical-library/molecular_docking/PDBQT/7cam_B_131_chainB/docking_131_chainB_out.pdbqt	/home/anacleto/Desktop/manuscript_Mpro/naturecomm/supplementary_file_S2/6-chemical-library/molecular_docking/combined_complexes/7cam_131_combined/7cam_131_combined_pose_1.pdb
C1CCCN1c2ccccc2	1310	1	-4.267	-4.11	/home/anacleto/Desktop/manuscript_Mpro/naturecomm/supplementary_file_S2/6-chemical-library/molecular_docking/PDBQT/7cam_A_1310_chainA/docking_1310_chainA_out.pdbqt	/home/anacleto/Desktop/manuscript_Mpro/naturecomm/supplementary_file_S2/6-chemical-library/molecular_docking/PDBQT/7cam_B_1310_chainB/docking_1310_chainB_out.pdbqt	/home/anacleto/Desktop/manuscript_Mpro/naturecomm/supplementary_file_S2/6-chemical-library/molecular_docking/combined_complexes/7cam_1310_combined/7cam_1310_combined_pose_1.pdb
C1CCC1Nc2ccccc2	1311	1	-4.346	-4.324	/home/anacleto/Desktop/manuscript_Mpro/naturecomm/supplementary_file_S2/6-chemical-library/molecular_docking/PDBQT/7cam_A_1311_chainA/docking_1311_chainA_out.pdbqt	/home/anacleto/Desktop/manuscript_Mpro/naturecomm/supplementary_file_S2/6-chemical-library/molecular_docking/PDBQT/7cam_B_1311_chainB/docking_1311_chainB_out.pdbqt	/home/anacleto/Desktop/manuscript_Mpro/naturecomm/supplementary_file_S2/6-chemical-library/molecular_docking/combined_complexes/7cam_1311_combined/7cam_1311_combined_pose_1.pdb
C1CC1NCc2ccccc2	1312	1	-4.227	-4.095	/home/anacleto/Desktop/manuscript_Mpro/naturecomm/supplementary_file_S2/6-chemical-library/molecular_docking/PDBQT/7cam_A_1312_chainA/docking_1312_chainA_out.pdbqt	/home/anacleto/Desktop/manuscript_Mpro/naturecomm/supplementary_file_S2/6-chemical-library/molecular_docking/PDBQT/7cam_B_1312_chainB/docking_1312_chainB_out.pdbqt	/home/anacleto/Desktop/manuscript_Mpro/naturecomm/supplementary_file_S2/6-chemical-library/molecular_docking/combined_complexes/7cam_1312_combined/7cam_1312_combined_pose_1.pdb
C1CC1CNc2ccccc2	1313	1	-4.39	-4.087	/home/anacleto/Desktop/manuscript_Mpro/naturecomm/supplementary_file_S2/6-chemical-library/molecular_docking/PDBQT/7cam_A_1313_chainA/docking_1313_chainA_out.pdbqt	/home/anacleto/Desktop/manuscript_Mpro/naturecomm/supplementary_file_S2/6-chemical-library/molecular_docking/PDBQT/7cam_B_1313_chainB/docking_1313_chainB_out.pdbqt	/home/anacleto/Desktop/manuscript_Mpro/naturecomm/supplementary_file_S2/6-chemical-library/molecular_docking/combined_complexes/7cam_1313_combined/7cam_1313_combined_pose_1.pdb
n1ocnc1-c2ccccn2	1314	1	-4.197	-3.994	/home/anacleto/Desktop/manuscript_Mpro/naturecomm/supplementary_file_S2/6-chemical-library/molecular_docking/PDBQT/7cam_A_1314_chainA/docking_1314_chainA_out.pdbqt	/home/anacleto/Desktop/manuscript_Mpro/naturecomm/supplementary_file_S2/6-chemical-library/molecular_docking/PDBQT/7cam_B_1314_chainB/docking_1314_chainB_out.pdbqt	/home/anacleto/Desktop/manuscript_Mpro/naturecomm/supplementary_file_S2/6-chemical-library/molecular_docking/combined_complexes/7cam_1314_combined/7cam_1314_combined_pose_1.pdb
C1CCCC1c2ccccc2	1315	1	-4.526	-4.526	/home/anacleto/Desktop/manuscript_Mpro/naturecomm/supplementary_file_S2/6-chemical-library/molecular_docking/PDBQT/7cam_A_1315_chainA/docking_1315_chainA_out.pdbqt	/home/anacleto/Desktop/manuscript_Mpro/naturecomm/supplementary_file_S2/6-chemical-library/molecular_docking/PDBQT/7cam_B_1315_chainB/docking_1315_chainB_out.pdbqt	/home/anacleto/Desktop/manuscript_Mpro/naturecomm/supplementary_file_S2/6-chemical-library/molecular_docking/combined_complexes/7cam_1315_combined/7cam_1315_combined_pose_1.pdb
C1CNN=C1c2ccccc2	1317	1					
n1nncn1-c2ccccc2	1318	1					
n1ncnn1-c2ccccc2	1319	1					
C1CCC1	132	1	-2.384	-2.251	/home/anacleto/Desktop/manuscript_Mpro/naturecomm/supplementary_file_S2/6-chemical-library/molecular_docking/PDBQT/7cam_A_132_chainA/docking_132_chainA_out.pdbqt	/home/anacleto/Desktop/manuscript_Mpro/naturecomm/supplementary_file_S2/6-chemical-library/molecular_docking/PDBQT/7cam_B_132_chainB/docking_132_chainB_out.pdbqt	/home/anacleto/Desktop/manuscript_Mpro/naturecomm/supplementary_file_S2/6-chemical-library/molecular_docking/combined_complexes/7cam_132_combined/7cam_132_combined_pose_1.pdb
n1[nH]nnc1-c2ccccc2	1320	1					
n1[nH]cnc1-c2cccnc2	1321	1					
[nH]1nnnc1-c2ccccc2	1322	1					
o1ncnc1-c2ccccc2	1323	1	-4.292	-4.175	/home/anacleto/Desktop/manuscript_Mpro/naturecomm/supplementary_file_S2/6-chemical-library/molecular_docking/PDBQT/7cam_A_1323_chainA/docking_1323_chainA_out.pdbqt	/home/anacleto/Desktop/manuscript_Mpro/naturecomm/supplementary_file_S2/6-chemical-library/molecular_docking/PDBQT/7cam_B_1323_chainB/docking_1323_chainB_out.pdbqt	/home/anacleto/Desktop/manuscript_Mpro/naturecomm/supplementary_file_S2/6-chemical-library/molecular_docking/combined_complexes/7cam_1323_combined/7cam_1323_combined_pose_1.pdb
o1cnnc1-c2ccccc2	1324	1	-4.247	-4.193	/home/anacleto/Desktop/manuscript_Mpro/naturecomm/supplementary_file_S2/6-chemical-library/molecular_docking/PDBQT/7cam_A_1324_chainA/docking_1324_chainA_out.pdbqt	/home/anacleto/Desktop/manuscript_Mpro/naturecomm/supplementary_file_S2/6-chemical-library/molecular_docking/PDBQT/7cam_B_1324_chainB/docking_1324_chainB_out.pdbqt	/home/anacleto/Desktop/manuscript_Mpro/naturecomm/supplementary_file_S2/6-chemical-library/molecular_docking/combined_complexes/7cam_1324_combined/7cam_1324_combined_pose_1.pdb
n1ocnc1-c2ccccc2	1325	1	-4.296	-4.192	/home/anacleto/Desktop/manuscript_Mpro/naturecomm/supplementary_file_S2/6-chemical-library/molecular_docking/PDBQT/7cam_A_1325_chainA/docking_1325_chainA_out.pdbqt	/home/anacleto/Desktop/manuscript_Mpro/naturecomm/supplementary_file_S2/6-chemical-library/molecular_docking/PDBQT/7cam_B_1325_chainB/docking_1325_chainB_out.pdbqt	/home/anacleto/Desktop/manuscript_Mpro/naturecomm/supplementary_file_S2/6-chemical-library/molecular_docking/combined_complexes/7cam_1325_combined/7cam_1325_combined_pose_1.pdb
n1occc1-c2cccnc2	1326	1	-4.088	-3.999	/home/anacleto/Desktop/manuscript_Mpro/naturecomm/supplementary_file_S2/6-chemical-library/molecular_docking/PDBQT/7cam_A_1326_chainA/docking_1326_chainA_out.pdbqt	/home/anacleto/Desktop/manuscript_Mpro/naturecomm/supplementary_file_S2/6-chemical-library/molecular_docking/PDBQT/7cam_B_1326_chainB/docking_1326_chainB_out.pdbqt	/home/anacleto/Desktop/manuscript_Mpro/naturecomm/supplementary_file_S2/6-chemical-library/molecular_docking/combined_complexes/7cam_1326_combined/7cam_1326_combined_pose_1.pdb
n1nccn1-c2ccccc2	1327	1	-4.228	-4.139	/home/anacleto/Desktop/manuscript_Mpro/naturecomm/supplementary_file_S2/6-chemical-library/molecular_docking/PDBQT/7cam_A_1327_chainA/docking_1327_chainA_out.pdbqt	/home/anacleto/Desktop/manuscript_Mpro/naturecomm/supplementary_file_S2/6-chemical-library/molecular_docking/PDBQT/7cam_B_1327_chainB/docking_1327_chainB_out.pdbqt	/home/anacleto/Desktop/manuscript_Mpro/naturecomm/supplementary_file_S2/6-chemical-library/molecular_docking/combined_complexes/7cam_1327_combined/7cam_1327_combined_pose_1.pdb
n1n[nH]cc1-c2ccccc2	1328	1	-4.359	-4.532	/home/anacleto/Desktop/manuscript_Mpro/naturecomm/supplementary_file_S2/6-chemical-library/molecular_docking/PDBQT/7cam_A_1328_chainA/docking_1328_chainA_out.pdbqt	/home/anacleto/Desktop/manuscript_Mpro/naturecomm/supplementary_file_S2/6-chemical-library/molecular_docking/PDBQT/7cam_B_1328_chainB/docking_1328_chainB_out.pdbqt	/home/anacleto/Desktop/manuscript_Mpro/naturecomm/supplementary_file_S2/6-chemical-library/molecular_docking/combined_complexes/7cam_1328_combined/7cam_1328_combined_pose_1.pdb
n1cccn1-c2ccccn2	1329	1	-4.118	-4.005	/home/anacleto/Desktop/manuscript_Mpro/naturecomm/supplementary_file_S2/6-chemical-library/molecular_docking/PDBQT/7cam_A_1329_chainA/docking_1329_chainA_out.pdbqt	/home/anacleto/Desktop/manuscript_Mpro/naturecomm/supplementary_file_S2/6-chemical-library/molecular_docking/PDBQT/7cam_B_1329_chainB/docking_1329_chainB_out.pdbqt	/home/anacleto/Desktop/manuscript_Mpro/naturecomm/supplementary_file_S2/6-chemical-library/molecular_docking/combined_complexes/7cam_1329_combined/7cam_1329_combined_pose_1.pdb
C1=CCC1	133	1	-2.482	-2.279	/home/anacleto/Desktop/manuscript_Mpro/naturecomm/supplementary_file_S2/6-chemical-library/molecular_docking/PDBQT/7cam_A_133_chainA/docking_133_chainA_out.pdbqt	/home/anacleto/Desktop/manuscript_Mpro/naturecomm/supplementary_file_S2/6-chemical-library/molecular_docking/PDBQT/7cam_B_133_chainB/docking_133_chainB_out.pdbqt	/home/anacleto/Desktop/manuscript_Mpro/naturecomm/supplementary_file_S2/6-chemical-library/molecular_docking/combined_complexes/7cam_133_combined/7cam_133_combined_pose_1.pdb
n1[nH]cnc1-c2ccccc2	1330	1	-4.342	-4.522	/home/anacleto/Desktop/manuscript_Mpro/naturecomm/supplementary_file_S2/6-chemical-library/molecular_docking/PDBQT/7cam_A_1330_chainA/docking_1330_chainA_out.pdbqt	/home/anacleto/Desktop/manuscript_Mpro/naturecomm/supplementary_file_S2/6-chemical-library/molecular_docking/PDBQT/7cam_B_1330_chainB/docking_1330_chainB_out.pdbqt	/home/anacleto/Desktop/manuscript_Mpro/naturecomm/supplementary_file_S2/6-chemical-library/molecular_docking/combined_complexes/7cam_1330_combined/7cam_1330_combined_pose_1.pdb
n1[nH]ccc1-c2cccnc2	1331	1	-4.242	-4.453	/home/anacleto/Desktop/manuscript_Mpro/naturecomm/supplementary_file_S2/6-chemical-library/molecular_docking/PDBQT/7cam_A_1331_chainA/docking_1331_chainA_out.pdbqt	/home/anacleto/Desktop/manuscript_Mpro/naturecomm/supplementary_file_S2/6-chemical-library/molecular_docking/PDBQT/7cam_B_1331_chainB/docking_1331_chainB_out.pdbqt	/home/anacleto/Desktop/manuscript_Mpro/naturecomm/supplementary_file_S2/6-chemical-library/molecular_docking/combined_complexes/7cam_1331_combined/7cam_1331_combined_pose_1.pdb
c1nncn1-c2ccccc2	1332	1	-4.224	-4.098	/home/anacleto/Desktop/manuscript_Mpro/naturecomm/supplementary_file_S2/6-chemical-library/molecular_docking/PDBQT/7cam_A_1332_chainA/docking_1332_chainA_out.pdbqt	/home/anacleto/Desktop/manuscript_Mpro/naturecomm/supplementary_file_S2/6-chemical-library/molecular_docking/PDBQT/7cam_B_1332_chainB/docking_1332_chainB_out.pdbqt	/home/anacleto/Desktop/manuscript_Mpro/naturecomm/supplementary_file_S2/6-chemical-library/molecular_docking/combined_complexes/7cam_1332_combined/7cam_1332_combined_pose_1.pdb
c1nccn1-c2cccnc2	1333	1	-3.964	-3.816	/home/anacleto/Desktop/manuscript_Mpro/naturecomm/supplementary_file_S2/6-chemical-library/molecular_docking/PDBQT/7cam_A_1333_chainA/docking_1333_chainA_out.pdbqt	/home/anacleto/Desktop/manuscript_Mpro/naturecomm/supplementary_file_S2/6-chemical-library/molecular_docking/PDBQT/7cam_B_1333_chainB/docking_1333_chainB_out.pdbqt	/home/anacleto/Desktop/manuscript_Mpro/naturecomm/supplementary_file_S2/6-chemical-library/molecular_docking/combined_complexes/7cam_1333_combined/7cam_1333_combined_pose_1.pdb
c1nccn1-c2ccccn2	1334	1	-4.114	-3.925	/home/anacleto/Desktop/manuscript_Mpro/naturecomm/supplementary_file_S2/6-chemical-library/molecular_docking/PDBQT/7cam_A_1334_chainA/docking_1334_chainA_out.pdbqt	/home/anacleto/Desktop/manuscript_Mpro/naturecomm/supplementary_file_S2/6-chemical-library/molecular_docking/PDBQT/7cam_B_1334_chainB/docking_1334_chainB_out.pdbqt	/home/anacleto/Desktop/manuscript_Mpro/naturecomm/supplementary_file_S2/6-chemical-library/molecular_docking/combined_complexes/7cam_1334_combined/7cam_1334_combined_pose_1.pdb
c1[nH]ncc1-c2cccnc2	1335	1	-4.279	-4.289	/home/anacleto/Desktop/manuscript_Mpro/naturecomm/supplementary_file_S2/6-chemical-library/molecular_docking/PDBQT/7cam_A_1335_chainA/docking_1335_chainA_out.pdbqt	/home/anacleto/Desktop/manuscript_Mpro/naturecomm/supplementary_file_S2/6-chemical-library/molecular_docking/PDBQT/7cam_B_1335_chainB/docking_1335_chainB_out.pdbqt	/home/anacleto/Desktop/manuscript_Mpro/naturecomm/supplementary_file_S2/6-chemical-library/molecular_docking/combined_complexes/7cam_1335_combined/7cam_1335_combined_pose_1.pdb
c1[nH]ncc1-c2ccccn2	1336	1	-4.275	-4.499	/home/anacleto/Desktop/manuscript_Mpro/naturecomm/supplementary_file_S2/6-chemical-library/molecular_docking/PDBQT/7cam_A_1336_chainA/docking_1336_chainA_out.pdbqt	/home/anacleto/Desktop/manuscript_Mpro/naturecomm/supplementary_file_S2/6-chemical-library/molecular_docking/PDBQT/7cam_B_1336_chainB/docking_1336_chainB_out.pdbqt	/home/anacleto/Desktop/manuscript_Mpro/naturecomm/supplementary_file_S2/6-chemical-library/molecular_docking/combined_complexes/7cam_1336_combined/7cam_1336_combined_pose_1.pdb
[nH]1cnnc1-c2ccccc2	1337	1	-4.462	-4.421	/home/anacleto/Desktop/manuscript_Mpro/naturecomm/supplementary_file_S2/6-chemical-library/molecular_docking/PDBQT/7cam_A_1337_chainA/docking_1337_chainA_out.pdbqt	/home/anacleto/Desktop/manuscript_Mpro/naturecomm/supplementary_file_S2/6-chemical-library/molecular_docking/PDBQT/7cam_B_1337_chainB/docking_1337_chainB_out.pdbqt	/home/anacleto/Desktop/manuscript_Mpro/naturecomm/supplementary_file_S2/6-chemical-library/molecular_docking/combined_complexes/7cam_1337_combined/7cam_1337_combined_pose_1.pdb
o1ccnc1-c2ccccc2	1338	1	-4.265	-4.149	/home/anacleto/Desktop/manuscript_Mpro/naturecomm/supplementary_file_S2/6-chemical-library/molecular_docking/PDBQT/7cam_A_1338_chainA/docking_1338_chainA_out.pdbqt	/home/anacleto/Desktop/manuscript_Mpro/naturecomm/supplementary_file_S2/6-chemical-library/molecular_docking/PDBQT/7cam_B_1338_chainB/docking_1338_chainB_out.pdbqt	/home/anacleto/Desktop/manuscript_Mpro/naturecomm/supplementary_file_S2/6-chemical-library/molecular_docking/combined_complexes/7cam_1338_combined/7cam_1338_combined_pose_1.pdb
n1occc1-c2ccccc2	1339	1	-4.313		/home/anacleto/Desktop/manuscript_Mpro/naturecomm/supplementary_file_S2/6-chemical-library/molecular_docking/PDBQT/7cam_A_1339_chainA/docking_1339_chainA_out.pdbqt		
C1CO1	134	1	-1.593	-1.549	/home/anacleto/Desktop/manuscript_Mpro/naturecomm/supplementary_file_S2/6-chemical-library/molecular_docking/PDBQT/7cam_A_134_chainA/docking_134_chainA_out.pdbqt	/home/anacleto/Desktop/manuscript_Mpro/naturecomm/supplementary_file_S2/6-chemical-library/molecular_docking/PDBQT/7cam_B_134_chainB/docking_134_chainB_out.pdbqt	/home/anacleto/Desktop/manuscript_Mpro/naturecomm/supplementary_file_S2/6-chemical-library/molecular_docking/combined_complexes/7cam_134_combined/7cam_134_combined_pose_1.pdb
n1cccn1-c2ccccc2	1340	1					
n1c[nH]cc1-c2ccccc2	1341	1					
n1[nH]ccc1-c2ccccc2	1342	1					
c1nccn1-c2ccccc2	1343	1					
c1[nH]ncc1-c2ccccc2	1344	1					
[nH]1cncc1-c2ccccc2	1345	1					
[nH]1ccnc1-c2ccccc2	1346	1	-4.408	-4.411	/home/anacleto/Desktop/manuscript_Mpro/naturecomm/supplementary_file_S2/6-chemical-library/molecular_docking/PDBQT/7cam_A_1346_chainA/docking_1346_chainA_out.pdbqt	/home/anacleto/Desktop/manuscript_Mpro/naturecomm/supplementary_file_S2/6-chemical-library/molecular_docking/PDBQT/7cam_B_1346_chainB/docking_1346_chainB_out.pdbqt	/home/anacleto/Desktop/manuscript_Mpro/naturecomm/supplementary_file_S2/6-chemical-library/molecular_docking/combined_complexes/7cam_1346_combined/7cam_1346_combined_pose_1.pdb
o1cccc1-c2ccccc2	1347	1	-4.464	-4.339	/home/anacleto/Desktop/manuscript_Mpro/naturecomm/supplementary_file_S2/6-chemical-library/molecular_docking/PDBQT/7cam_A_1347_chainA/docking_1347_chainA_out.pdbqt	/home/anacleto/Desktop/manuscript_Mpro/naturecomm/supplementary_file_S2/6-chemical-library/molecular_docking/PDBQT/7cam_B_1347_chainB/docking_1347_chainB_out.pdbqt	/home/anacleto/Desktop/manuscript_Mpro/naturecomm/supplementary_file_S2/6-chemical-library/molecular_docking/combined_complexes/7cam_1347_combined/7cam_1347_combined_pose_1.pdb
c1cccn1-c2ccccc2	1348	1	-4.226	-4.173	/home/anacleto/Desktop/manuscript_Mpro/naturecomm/supplementary_file_S2/6-chemical-library/molecular_docking/PDBQT/7cam_A_1348_chainA/docking_1348_chainA_out.pdbqt	/home/anacleto/Desktop/manuscript_Mpro/naturecomm/supplementary_file_S2/6-chemical-library/molecular_docking/PDBQT/7cam_B_1348_chainB/docking_1348_chainB_out.pdbqt	/home/anacleto/Desktop/manuscript_Mpro/naturecomm/supplementary_file_S2/6-chemical-library/molecular_docking/combined_complexes/7cam_1348_combined/7cam_1348_combined_pose_1.pdb
[nH]1cccc1-c2ccccc2	1349	1	-4.526	-4.595	/home/anacleto/Desktop/manuscript_Mpro/naturecomm/supplementary_file_S2/6-chemical-library/molecular_docking/PDBQT/7cam_A_1349_chainA/docking_1349_chainA_out.pdbqt	/home/anacleto/Desktop/manuscript_Mpro/naturecomm/supplementary_file_S2/6-chemical-library/molecular_docking/PDBQT/7cam_B_1349_chainB/docking_1349_chainB_out.pdbqt	/home/anacleto/Desktop/manuscript_Mpro/naturecomm/supplementary_file_S2/6-chemical-library/molecular_docking/combined_complexes/7cam_1349_combined/7cam_1349_combined_pose_1.pdb
C1CC1	135	1	-1.908	-1.938	/home/anacleto/Desktop/manuscript_Mpro/naturecomm/supplementary_file_S2/6-chemical-library/molecular_docking/PDBQT/7cam_A_135_chainA/docking_135_chainA_out.pdbqt	/home/anacleto/Desktop/manuscript_Mpro/naturecomm/supplementary_file_S2/6-chemical-library/molecular_docking/PDBQT/7cam_B_135_chainB/docking_135_chainB_out.pdbqt	/home/anacleto/Desktop/manuscript_Mpro/naturecomm/supplementary_file_S2/6-chemical-library/molecular_docking/combined_complexes/7cam_135_combined/7cam_135_combined_pose_1.pdb
s1ccnc1C2CCOC2	1350	1	-3.661	-3.638	/home/anacleto/Desktop/manuscript_Mpro/naturecomm/supplementary_file_S2/6-chemical-library/molecular_docking/PDBQT/7cam_A_1350_chainA/docking_1350_chainA_out.pdbqt	/home/anacleto/Desktop/manuscript_Mpro/naturecomm/supplementary_file_S2/6-chemical-library/molecular_docking/PDBQT/7cam_B_1350_chainB/docking_1350_chainB_out.pdbqt	/home/anacleto/Desktop/manuscript_Mpro/naturecomm/supplementary_file_S2/6-chemical-library/molecular_docking/combined_complexes/7cam_1350_combined/7cam_1350_combined_pose_1.pdb
c1sccc1C2CCCN2	1351	1	-4.026	-3.736	/home/anacleto/Desktop/manuscript_Mpro/naturecomm/supplementary_file_S2/6-chemical-library/molecular_docking/PDBQT/7cam_A_1351_chainA/docking_1351_chainA_out.pdbqt	/home/anacleto/Desktop/manuscript_Mpro/naturecomm/supplementary_file_S2/6-chemical-library/molecular_docking/PDBQT/7cam_B_1351_chainB/docking_1351_chainB_out.pdbqt	/home/anacleto/Desktop/manuscript_Mpro/naturecomm/supplementary_file_S2/6-chemical-library/molecular_docking/combined_complexes/7cam_1351_combined/7cam_1351_combined_pose_1.pdb
s1cncc1-c2nnco2	1352	1	-3.714	-3.348	/home/anacleto/Desktop/manuscript_Mpro/naturecomm/supplementary_file_S2/6-chemical-library/molecular_docking/PDBQT/7cam_A_1352_chainA/docking_1352_chainA_out.pdbqt	/home/anacleto/Desktop/manuscript_Mpro/naturecomm/supplementary_file_S2/6-chemical-library/molecular_docking/PDBQT/7cam_B_1352_chainB/docking_1352_chainB_out.pdbqt	/home/anacleto/Desktop/manuscript_Mpro/naturecomm/supplementary_file_S2/6-chemical-library/molecular_docking/combined_complexes/7cam_1352_combined/7cam_1352_combined_pose_1.pdb
s1cccc1C2=NNCC2	1353	1	-3.856	-4.239	/home/anacleto/Desktop/manuscript_Mpro/naturecomm/supplementary_file_S2/6-chemical-library/molecular_docking/PDBQT/7cam_A_1353_chainA/docking_1353_chainA_out.pdbqt	/home/anacleto/Desktop/manuscript_Mpro/naturecomm/supplementary_file_S2/6-chemical-library/molecular_docking/PDBQT/7cam_B_1353_chainB/docking_1353_chainB_out.pdbqt	/home/anacleto/Desktop/manuscript_Mpro/naturecomm/supplementary_file_S2/6-chemical-library/molecular_docking/combined_complexes/7cam_1353_combined/7cam_1353_combined_pose_1.pdb
s1ccnc1-n2ccnn2	1354	1	-3.746	-3.484	/home/anacleto/Desktop/manuscript_Mpro/naturecomm/supplementary_file_S2/6-chemical-library/molecular_docking/PDBQT/7cam_A_1354_chainA/docking_1354_chainA_out.pdbqt	/home/anacleto/Desktop/manuscript_Mpro/naturecomm/supplementary_file_S2/6-chemical-library/molecular_docking/PDBQT/7cam_B_1354_chainB/docking_1354_chainB_out.pdbqt	/home/anacleto/Desktop/manuscript_Mpro/naturecomm/supplementary_file_S2/6-chemical-library/molecular_docking/combined_complexes/7cam_1354_combined/7cam_1354_combined_pose_1.pdb
[nH]1nccc1-c2cnns2	1355	1	-4.062	-3.702	/home/anacleto/Desktop/manuscript_Mpro/naturecomm/supplementary_file_S2/6-chemical-library/molecular_docking/PDBQT/7cam_A_1355_chainA/docking_1355_chainA_out.pdbqt	/home/anacleto/Desktop/manuscript_Mpro/naturecomm/supplementary_file_S2/6-chemical-library/molecular_docking/PDBQT/7cam_B_1355_chainB/docking_1355_chainB_out.pdbqt	/home/anacleto/Desktop/manuscript_Mpro/naturecomm/supplementary_file_S2/6-chemical-library/molecular_docking/combined_complexes/7cam_1355_combined/7cam_1355_combined_pose_1.pdb
[nH]1cnnc1-c2nccs2	1356	1	-3.966	-3.573	/home/anacleto/Desktop/manuscript_Mpro/naturecomm/supplementary_file_S2/6-chemical-library/molecular_docking/PDBQT/7cam_A_1356_chainA/docking_1356_chainA_out.pdbqt	/home/anacleto/Desktop/manuscript_Mpro/naturecomm/supplementary_file_S2/6-chemical-library/molecular_docking/PDBQT/7cam_B_1356_chainB/docking_1356_chainB_out.pdbqt	/home/anacleto/Desktop/manuscript_Mpro/naturecomm/supplementary_file_S2/6-chemical-library/molecular_docking/combined_complexes/7cam_1356_combined/7cam_1356_combined_pose_1.pdb
s1cccc1-c2nnco2	1357	1	-3.835	-3.599	/home/anacleto/Desktop/manuscript_Mpro/naturecomm/supplementary_file_S2/6-chemical-library/molecular_docking/PDBQT/7cam_A_1357_chainA/docking_1357_chainA_out.pdbqt	/home/anacleto/Desktop/manuscript_Mpro/naturecomm/supplementary_file_S2/6-chemical-library/molecular_docking/PDBQT/7cam_B_1357_chainB/docking_1357_chainB_out.pdbqt	/home/anacleto/Desktop/manuscript_Mpro/naturecomm/supplementary_file_S2/6-chemical-library/molecular_docking/combined_complexes/7cam_1357_combined/7cam_1357_combined_pose_1.pdb
c1[nH]ncc1-c2cscn2	1358	1	-3.928	-4.021	/home/anacleto/Desktop/manuscript_Mpro/naturecomm/supplementary_file_S2/6-chemical-library/molecular_docking/PDBQT/7cam_A_1358_chainA/docking_1358_chainA_out.pdbqt	/home/anacleto/Desktop/manuscript_Mpro/naturecomm/supplementary_file_S2/6-chemical-library/molecular_docking/PDBQT/7cam_B_1358_chainB/docking_1358_chainB_out.pdbqt	/home/anacleto/Desktop/manuscript_Mpro/naturecomm/supplementary_file_S2/6-chemical-library/molecular_docking/combined_complexes/7cam_1358_combined/7cam_1358_combined_pose_1.pdb
n1cscc1-c2ccco2	1359	1	-3.787	-3.542	/home/anacleto/Desktop/manuscript_Mpro/naturecomm/supplementary_file_S2/6-chemical-library/molecular_docking/PDBQT/7cam_A_1359_chainA/docking_1359_chainA_out.pdbqt	/home/anacleto/Desktop/manuscript_Mpro/naturecomm/supplementary_file_S2/6-chemical-library/molecular_docking/PDBQT/7cam_B_1359_chainB/docking_1359_chainB_out.pdbqt	/home/anacleto/Desktop/manuscript_Mpro/naturecomm/supplementary_file_S2/6-chemical-library/molecular_docking/combined_complexes/7cam_1359_combined/7cam_1359_combined_pose_1.pdb
C12=CC(=O)C=C(C1=O)NC(=O)C=CC=CCCC=CCCCCCC2	136	1	-6.883	-6.272	/home/anacleto/Desktop/manuscript_Mpro/naturecomm/supplementary_file_S2/6-chemical-library/molecular_docking/PDBQT/7cam_A_136_chainA/docking_136_chainA_out.pdbqt	/home/anacleto/Desktop/manuscript_Mpro/naturecomm/supplementary_file_S2/6-chemical-library/molecular_docking/PDBQT/7cam_B_136_chainB/docking_136_chainB_out.pdbqt	/home/anacleto/Desktop/manuscript_Mpro/naturecomm/supplementary_file_S2/6-chemical-library/molecular_docking/combined_complexes/7cam_136_combined/7cam_136_combined_pose_1.pdb
n1[nH]ccc1-c2cccs2	1360	1	-3.943	-4.181	/home/anacleto/Desktop/manuscript_Mpro/naturecomm/supplementary_file_S2/6-chemical-library/molecular_docking/PDBQT/7cam_A_1360_chainA/docking_1360_chainA_out.pdbqt	/home/anacleto/Desktop/manuscript_Mpro/naturecomm/supplementary_file_S2/6-chemical-library/molecular_docking/PDBQT/7cam_B_1360_chainB/docking_1360_chainB_out.pdbqt	/home/anacleto/Desktop/manuscript_Mpro/naturecomm/supplementary_file_S2/6-chemical-library/molecular_docking/combined_complexes/7cam_1360_combined/7cam_1360_combined_pose_1.pdb
N1CCCC1C2CCCN2	1361	1	-4.147	-4.091	/home/anacleto/Desktop/manuscript_Mpro/naturecomm/supplementary_file_S2/6-chemical-library/molecular_docking/PDBQT/7cam_A_1361_chainA/docking_1361_chainA_out.pdbqt	/home/anacleto/Desktop/manuscript_Mpro/naturecomm/supplementary_file_S2/6-chemical-library/molecular_docking/PDBQT/7cam_B_1361_chainB/docking_1361_chainB_out.pdbqt	/home/anacleto/Desktop/manuscript_Mpro/naturecomm/supplementary_file_S2/6-chemical-library/molecular_docking/combined_complexes/7cam_1361_combined/7cam_1361_combined_pose_1.pdb
C1CC1N(C(=O)N2)CC2=O	1362	1	-3.941	-3.641	/home/anacleto/Desktop/manuscript_Mpro/naturecomm/supplementary_file_S2/6-chemical-library/molecular_docking/PDBQT/7cam_A_1362_chainA/docking_1362_chainA_out.pdbqt	/home/anacleto/Desktop/manuscript_Mpro/naturecomm/supplementary_file_S2/6-chemical-library/molecular_docking/PDBQT/7cam_B_1362_chainB/docking_1362_chainB_out.pdbqt	/home/anacleto/Desktop/manuscript_Mpro/naturecomm/supplementary_file_S2/6-chemical-library/molecular_docking/combined_complexes/7cam_1362_combined/7cam_1362_combined_pose_1.pdb
n1[nH]nnc1C2CCCN2	1364	1					
o1cnnc1C2CCCN2	1365	1					
n1ocnc1C2CCCN2	1366	1					
n1nccn1C2CCOC2	1367	1					
n1n[nH]cc1C2CCCN2	1368	1					
n1[nH]cnc1C2CCCN2	1369	1	-4.302	-4.026	/home/anacleto/Desktop/manuscript_Mpro/naturecomm/supplementary_file_S2/6-chemical-library/molecular_docking/PDBQT/7cam_A_1369_chainA/docking_1369_chainA_out.pdbqt	/home/anacleto/Desktop/manuscript_Mpro/naturecomm/supplementary_file_S2/6-chemical-library/molecular_docking/PDBQT/7cam_B_1369_chainB/docking_1369_chainB_out.pdbqt	/home/anacleto/Desktop/manuscript_Mpro/naturecomm/supplementary_file_S2/6-chemical-library/molecular_docking/combined_complexes/7cam_1369_combined/7cam_1369_combined_pose_1.pdb
N1CNS(=O)(=O)c(c12)cccc2	137	1	-5.008	-4.543	/home/anacleto/Desktop/manuscript_Mpro/naturecomm/supplementary_file_S2/6-chemical-library/molecular_docking/PDBQT/7cam_A_137_chainA/docking_137_chainA_out.pdbqt	/home/anacleto/Desktop/manuscript_Mpro/naturecomm/supplementary_file_S2/6-chemical-library/molecular_docking/PDBQT/7cam_B_137_chainB/docking_137_chainB_out.pdbqt	/home/anacleto/Desktop/manuscript_Mpro/naturecomm/supplementary_file_S2/6-chemical-library/molecular_docking/combined_complexes/7cam_137_combined/7cam_137_combined_pose_1.pdb
n1occc1C2CCCN2	1370	1	-4.094	-3.829	/home/anacleto/Desktop/manuscript_Mpro/naturecomm/supplementary_file_S2/6-chemical-library/molecular_docking/PDBQT/7cam_A_1370_chainA/docking_1370_chainA_out.pdbqt	/home/anacleto/Desktop/manuscript_Mpro/naturecomm/supplementary_file_S2/6-chemical-library/molecular_docking/PDBQT/7cam_B_1370_chainB/docking_1370_chainB_out.pdbqt	/home/anacleto/Desktop/manuscript_Mpro/naturecomm/supplementary_file_S2/6-chemical-library/molecular_docking/combined_complexes/7cam_1370_combined/7cam_1370_combined_pose_1.pdb
n1[nH]ccc1C2CCCN2	1371	1	-4.296	-3.902	/home/anacleto/Desktop/manuscript_Mpro/naturecomm/supplementary_file_S2/6-chemical-library/molecular_docking/PDBQT/7cam_A_1371_chainA/docking_1371_chainA_out.pdbqt	/home/anacleto/Desktop/manuscript_Mpro/naturecomm/supplementary_file_S2/6-chemical-library/molecular_docking/PDBQT/7cam_B_1371_chainB/docking_1371_chainB_out.pdbqt	/home/anacleto/Desktop/manuscript_Mpro/naturecomm/supplementary_file_S2/6-chemical-library/molecular_docking/combined_complexes/7cam_1371_combined/7cam_1371_combined_pose_1.pdb
c1[nH]ncc1N2CCCC2	1372	1	-3.958	-3.731	/home/anacleto/Desktop/manuscript_Mpro/naturecomm/supplementary_file_S2/6-chemical-library/molecular_docking/PDBQT/7cam_A_1372_chainA/docking_1372_chainA_out.pdbqt	/home/anacleto/Desktop/manuscript_Mpro/naturecomm/supplementary_file_S2/6-chemical-library/molecular_docking/PDBQT/7cam_B_1372_chainB/docking_1372_chainB_out.pdbqt	/home/anacleto/Desktop/manuscript_Mpro/naturecomm/supplementary_file_S2/6-chemical-library/molecular_docking/combined_complexes/7cam_1372_combined/7cam_1372_combined_pose_1.pdb
c1[nH]ncc1C2CCCN2	1373	1	-4.082	-4.238	/home/anacleto/Desktop/manuscript_Mpro/naturecomm/supplementary_file_S2/6-chemical-library/molecular_docking/PDBQT/7cam_A_1373_chainA/docking_1373_chainA_out.pdbqt	/home/anacleto/Desktop/manuscript_Mpro/naturecomm/supplementary_file_S2/6-chemical-library/molecular_docking/PDBQT/7cam_B_1373_chainB/docking_1373_chainB_out.pdbqt	/home/anacleto/Desktop/manuscript_Mpro/naturecomm/supplementary_file_S2/6-chemical-library/molecular_docking/combined_complexes/7cam_1373_combined/7cam_1373_combined_pose_1.pdb
[nH]1ccnc1C2CCCN2	1374	1	-4.323	-3.999	/home/anacleto/Desktop/manuscript_Mpro/naturecomm/supplementary_file_S2/6-chemical-library/molecular_docking/PDBQT/7cam_A_1374_chainA/docking_1374_chainA_out.pdbqt	/home/anacleto/Desktop/manuscript_Mpro/naturecomm/supplementary_file_S2/6-chemical-library/molecular_docking/PDBQT/7cam_B_1374_chainB/docking_1374_chainB_out.pdbqt	/home/anacleto/Desktop/manuscript_Mpro/naturecomm/supplementary_file_S2/6-chemical-library/molecular_docking/combined_complexes/7cam_1374_combined/7cam_1374_combined_pose_1.pdb
C1CC1NCc2ncc[nH]2	1375	1	-4.208	-4.138	/home/anacleto/Desktop/manuscript_Mpro/naturecomm/supplementary_file_S2/6-chemical-library/molecular_docking/PDBQT/7cam_A_1375_chainA/docking_1375_chainA_out.pdbqt	/home/anacleto/Desktop/manuscript_Mpro/naturecomm/supplementary_file_S2/6-chemical-library/molecular_docking/PDBQT/7cam_B_1375_chainB/docking_1375_chainB_out.pdbqt	/home/anacleto/Desktop/manuscript_Mpro/naturecomm/supplementary_file_S2/6-chemical-library/molecular_docking/combined_complexes/7cam_1375_combined/7cam_1375_combined_pose_1.pdb
C1CC1NCc2cnc[nH]2	1376	1	-4.103	-3.963	/home/anacleto/Desktop/manuscript_Mpro/naturecomm/supplementary_file_S2/6-chemical-library/molecular_docking/PDBQT/7cam_A_1376_chainA/docking_1376_chainA_out.pdbqt	/home/anacleto/Desktop/manuscript_Mpro/naturecomm/supplementary_file_S2/6-chemical-library/molecular_docking/PDBQT/7cam_B_1376_chainB/docking_1376_chainB_out.pdbqt	/home/anacleto/Desktop/manuscript_Mpro/naturecomm/supplementary_file_S2/6-chemical-library/molecular_docking/combined_complexes/7cam_1376_combined/7cam_1376_combined_pose_1.pdb
C1CC1NCc2ccn[nH]2	1377	1	-4.107	-4.194	/home/anacleto/Desktop/manuscript_Mpro/naturecomm/supplementary_file_S2/6-chemical-library/molecular_docking/PDBQT/7cam_A_1377_chainA/docking_1377_chainA_out.pdbqt	/home/anacleto/Desktop/manuscript_Mpro/naturecomm/supplementary_file_S2/6-chemical-library/molecular_docking/PDBQT/7cam_B_1377_chainB/docking_1377_chainB_out.pdbqt	/home/anacleto/Desktop/manuscript_Mpro/naturecomm/supplementary_file_S2/6-chemical-library/molecular_docking/combined_complexes/7cam_1377_combined/7cam_1377_combined_pose_1.pdb
c1[nH]ncc1C2=NOCC2	1378	1	-3.992	-4.135	/home/anacleto/Desktop/manuscript_Mpro/naturecomm/supplementary_file_S2/6-chemical-library/molecular_docking/PDBQT/7cam_A_1378_chainA/docking_1378_chainA_out.pdbqt	/home/anacleto/Desktop/manuscript_Mpro/naturecomm/supplementary_file_S2/6-chemical-library/molecular_docking/PDBQT/7cam_B_1378_chainB/docking_1378_chainB_out.pdbqt	/home/anacleto/Desktop/manuscript_Mpro/naturecomm/supplementary_file_S2/6-chemical-library/molecular_docking/combined_complexes/7cam_1378_combined/7cam_1378_combined_pose_1.pdb
C1CC1c2nccc(=O)[nH]2	1379	1	-4.055	-3.877	/home/anacleto/Desktop/manuscript_Mpro/naturecomm/supplementary_file_S2/6-chemical-library/molecular_docking/PDBQT/7cam_A_1379_chainA/docking_1379_chainA_out.pdbqt	/home/anacleto/Desktop/manuscript_Mpro/naturecomm/supplementary_file_S2/6-chemical-library/molecular_docking/PDBQT/7cam_B_1379_chainB/docking_1379_chainB_out.pdbqt	/home/anacleto/Desktop/manuscript_Mpro/naturecomm/supplementary_file_S2/6-chemical-library/molecular_docking/combined_complexes/7cam_1379_combined/7cam_1379_combined_pose_1.pdb
C1CNS(=O)(=O)c(c12)cccc2	138	1	-4.482	-4.308	/home/anacleto/Desktop/manuscript_Mpro/naturecomm/supplementary_file_S2/6-chemical-library/molecular_docking/PDBQT/7cam_A_138_chainA/docking_138_chainA_out.pdbqt	/home/anacleto/Desktop/manuscript_Mpro/naturecomm/supplementary_file_S2/6-chemical-library/molecular_docking/PDBQT/7cam_B_138_chainB/docking_138_chainB_out.pdbqt	/home/anacleto/Desktop/manuscript_Mpro/naturecomm/supplementary_file_S2/6-chemical-library/molecular_docking/combined_complexes/7cam_138_combined/7cam_138_combined_pose_1.pdb
[nH]1cnnc1-n2cncn2	1380	1	-4.13	-3.874	/home/anacleto/Desktop/manuscript_Mpro/naturecomm/supplementary_file_S2/6-chemical-library/molecular_docking/PDBQT/7cam_A_1380_chainA/docking_1380_chainA_out.pdbqt	/home/anacleto/Desktop/manuscript_Mpro/naturecomm/supplementary_file_S2/6-chemical-library/molecular_docking/PDBQT/7cam_B_1380_chainB/docking_1380_chainB_out.pdbqt	/home/anacleto/Desktop/manuscript_Mpro/naturecomm/supplementary_file_S2/6-chemical-library/molecular_docking/combined_complexes/7cam_1380_combined/7cam_1380_combined_pose_1.pdb
c1[nH]ncc1-c2ncno2	1381	1	-3.901	-4.03	/home/anacleto/Desktop/manuscript_Mpro/naturecomm/supplementary_file_S2/6-chemical-library/molecular_docking/PDBQT/7cam_A_1381_chainA/docking_1381_chainA_out.pdbqt	/home/anacleto/Desktop/manuscript_Mpro/naturecomm/supplementary_file_S2/6-chemical-library/molecular_docking/PDBQT/7cam_B_1381_chainB/docking_1381_chainB_out.pdbqt	/home/anacleto/Desktop/manuscript_Mpro/naturecomm/supplementary_file_S2/6-chemical-library/molecular_docking/combined_complexes/7cam_1381_combined/7cam_1381_combined_pose_1.pdb
c1occc1-c2ncon2	1382	1	-3.752	-3.64	/home/anacleto/Desktop/manuscript_Mpro/naturecomm/supplementary_file_S2/6-chemical-library/molecular_docking/PDBQT/7cam_A_1382_chainA/docking_1382_chainA_out.pdbqt	/home/anacleto/Desktop/manuscript_Mpro/naturecomm/supplementary_file_S2/6-chemical-library/molecular_docking/PDBQT/7cam_B_1382_chainB/docking_1382_chainB_out.pdbqt	/home/anacleto/Desktop/manuscript_Mpro/naturecomm/supplementary_file_S2/6-chemical-library/molecular_docking/combined_complexes/7cam_1382_combined/7cam_1382_combined_pose_1.pdb
[nH]1nccc1-n2cnnc2	1383	1	-4.013	-3.834	/home/anacleto/Desktop/manuscript_Mpro/naturecomm/supplementary_file_S2/6-chemical-library/molecular_docking/PDBQT/7cam_A_1383_chainA/docking_1383_chainA_out.pdbqt	/home/anacleto/Desktop/manuscript_Mpro/naturecomm/supplementary_file_S2/6-chemical-library/molecular_docking/PDBQT/7cam_B_1383_chainB/docking_1383_chainB_out.pdbqt	/home/anacleto/Desktop/manuscript_Mpro/naturecomm/supplementary_file_S2/6-chemical-library/molecular_docking/combined_complexes/7cam_1383_combined/7cam_1383_combined_pose_1.pdb
o1cccc1-c2nnc[nH]2	1384	1	-4.134	-4.002	/home/anacleto/Desktop/manuscript_Mpro/naturecomm/supplementary_file_S2/6-chemical-library/molecular_docking/PDBQT/7cam_A_1384_chainA/docking_1384_chainA_out.pdbqt	/home/anacleto/Desktop/manuscript_Mpro/naturecomm/supplementary_file_S2/6-chemical-library/molecular_docking/PDBQT/7cam_B_1384_chainB/docking_1384_chainB_out.pdbqt	/home/anacleto/Desktop/manuscript_Mpro/naturecomm/supplementary_file_S2/6-chemical-library/molecular_docking/combined_complexes/7cam_1384_combined/7cam_1384_combined_pose_1.pdb
C1CCC1c2ncccn2	1386	1					
O1CCC1c2ccccc2	1387	1					
C1OCC1c2ccccc2	1388	1					
n1c[nH]cc1-c2ncc[nH]2	1389	1					
O=C1NS(=O)(=O)c(c12)cccc2	139	1	-4.549	-4.475	/home/anacleto/Desktop/manuscript_Mpro/naturecomm/supplementary_file_S2/6-chemical-library/molecular_docking/PDBQT/7cam_A_139_chainA/docking_139_chainA_out.pdbqt	/home/anacleto/Desktop/manuscript_Mpro/naturecomm/supplementary_file_S2/6-chemical-library/molecular_docking/PDBQT/7cam_B_139_chainB/docking_139_chainB_out.pdbqt	/home/anacleto/Desktop/manuscript_Mpro/naturecomm/supplementary_file_S2/6-chemical-library/molecular_docking/combined_complexes/7cam_139_combined/7cam_139_combined_pose_1.pdb
c1[nH]ncc1-c2cc[nH]n2	1390	1					
N1CCC1c2ccccc2	1391	1	-4.254	-4.227	/home/anacleto/Desktop/manuscript_Mpro/naturecomm/supplementary_file_S2/6-chemical-library/molecular_docking/PDBQT/7cam_A_1391_chainA/docking_1391_chainA_out.pdbqt	/home/anacleto/Desktop/manuscript_Mpro/naturecomm/supplementary_file_S2/6-chemical-library/molecular_docking/PDBQT/7cam_B_1391_chainB/docking_1391_chainB_out.pdbqt	/home/anacleto/Desktop/manuscript_Mpro/naturecomm/supplementary_file_S2/6-chemical-library/molecular_docking/combined_complexes/7cam_1391_combined/7cam_1391_combined_pose_1.pdb
C1CC1Nc2ccccc2	1392	1	-4.138	-4.1	/home/anacleto/Desktop/manuscript_Mpro/naturecomm/supplementary_file_S2/6-chemical-library/molecular_docking/PDBQT/7cam_A_1392_chainA/docking_1392_chainA_out.pdbqt	/home/anacleto/Desktop/manuscript_Mpro/naturecomm/supplementary_file_S2/6-chemical-library/molecular_docking/PDBQT/7cam_B_1392_chainB/docking_1392_chainB_out.pdbqt	/home/anacleto/Desktop/manuscript_Mpro/naturecomm/supplementary_file_S2/6-chemical-library/molecular_docking/combined_complexes/7cam_1392_combined/7cam_1392_combined_pose_1.pdb
C1CCC1c2ccccc2	1393	1	-4.164	-4.111	/home/anacleto/Desktop/manuscript_Mpro/naturecomm/supplementary_file_S2/6-chemical-library/molecular_docking/PDBQT/7cam_A_1393_chainA/docking_1393_chainA_out.pdbqt	/home/anacleto/Desktop/manuscript_Mpro/naturecomm/supplementary_file_S2/6-chemical-library/molecular_docking/PDBQT/7cam_B_1393_chainB/docking_1393_chainB_out.pdbqt	/home/anacleto/Desktop/manuscript_Mpro/naturecomm/supplementary_file_S2/6-chemical-library/molecular_docking/combined_complexes/7cam_1393_combined/7cam_1393_combined_pose_1.pdb
C1CC1Cc2ccccc2	1394	1	-4.111	-4.235	/home/anacleto/Desktop/manuscript_Mpro/naturecomm/supplementary_file_S2/6-chemical-library/molecular_docking/PDBQT/7cam_A_1394_chainA/docking_1394_chainA_out.pdbqt	/home/anacleto/Desktop/manuscript_Mpro/naturecomm/supplementary_file_S2/6-chemical-library/molecular_docking/PDBQT/7cam_B_1394_chainB/docking_1394_chainB_out.pdbqt	/home/anacleto/Desktop/manuscript_Mpro/naturecomm/supplementary_file_S2/6-chemical-library/molecular_docking/combined_complexes/7cam_1394_combined/7cam_1394_combined_pose_1.pdb
C1CC1N2CCNCC2	1395	1	-3.427	-3.44	/home/anacleto/Desktop/manuscript_Mpro/naturecomm/supplementary_file_S2/6-chemical-library/molecular_docking/PDBQT/7cam_A_1395_chainA/docking_1395_chainA_out.pdbqt	/home/anacleto/Desktop/manuscript_Mpro/naturecomm/supplementary_file_S2/6-chemical-library/molecular_docking/PDBQT/7cam_B_1395_chainB/docking_1395_chainB_out.pdbqt	/home/anacleto/Desktop/manuscript_Mpro/naturecomm/supplementary_file_S2/6-chemical-library/molecular_docking/combined_complexes/7cam_1395_combined/7cam_1395_combined_pose_1.pdb
C1CC1N(C2=O)CCN2	1396	1	-3.532	-3.646	/home/anacleto/Desktop/manuscript_Mpro/naturecomm/supplementary_file_S2/6-chemical-library/molecular_docking/PDBQT/7cam_A_1396_chainA/docking_1396_chainA_out.pdbqt	/home/anacleto/Desktop/manuscript_Mpro/naturecomm/supplementary_file_S2/6-chemical-library/molecular_docking/PDBQT/7cam_B_1396_chainB/docking_1396_chainB_out.pdbqt	/home/anacleto/Desktop/manuscript_Mpro/naturecomm/supplementary_file_S2/6-chemical-library/molecular_docking/combined_complexes/7cam_1396_combined/7cam_1396_combined_pose_1.pdb
C1OCC1c2ccno2	1397	1	-3.453	-3.342	/home/anacleto/Desktop/manuscript_Mpro/naturecomm/supplementary_file_S2/6-chemical-library/molecular_docking/PDBQT/7cam_A_1397_chainA/docking_1397_chainA_out.pdbqt	/home/anacleto/Desktop/manuscript_Mpro/naturecomm/supplementary_file_S2/6-chemical-library/molecular_docking/PDBQT/7cam_B_1397_chainB/docking_1397_chainB_out.pdbqt	/home/anacleto/Desktop/manuscript_Mpro/naturecomm/supplementary_file_S2/6-chemical-library/molecular_docking/combined_complexes/7cam_1397_combined/7cam_1397_combined_pose_1.pdb
C1NCC1n2cncn2	1398	1	-3.649	-3.566	/home/anacleto/Desktop/manuscript_Mpro/naturecomm/supplementary_file_S2/6-chemical-library/molecular_docking/PDBQT/7cam_A_1398_chainA/docking_1398_chainA_out.pdbqt	/home/anacleto/Desktop/manuscript_Mpro/naturecomm/supplementary_file_S2/6-chemical-library/molecular_docking/PDBQT/7cam_B_1398_chainB/docking_1398_chainB_out.pdbqt	/home/anacleto/Desktop/manuscript_Mpro/naturecomm/supplementary_file_S2/6-chemical-library/molecular_docking/combined_complexes/7cam_1398_combined/7cam_1398_combined_pose_1.pdb
C1CCC1c2ncon2	1399	1	-3.633	-3.483	/home/anacleto/Desktop/manuscript_Mpro/naturecomm/supplementary_file_S2/6-chemical-library/molecular_docking/PDBQT/7cam_A_1399_chainA/docking_1399_chainA_out.pdbqt	/home/anacleto/Desktop/manuscript_Mpro/naturecomm/supplementary_file_S2/6-chemical-library/molecular_docking/PDBQT/7cam_B_1399_chainB/docking_1399_chainB_out.pdbqt	/home/anacleto/Desktop/manuscript_Mpro/naturecomm/supplementary_file_S2/6-chemical-library/molecular_docking/combined_complexes/7cam_1399_combined/7cam_1399_combined_pose_1.pdb
O=c1cc[nH]c(=O)[nH]1	14	1	-3.6	-3.538	/home/anacleto/Desktop/manuscript_Mpro/naturecomm/supplementary_file_S2/6-chemical-library/molecular_docking/PDBQT/7cam_A_14_chainA/docking_14_chainA_out.pdbqt	/home/anacleto/Desktop/manuscript_Mpro/naturecomm/supplementary_file_S2/6-chemical-library/molecular_docking/PDBQT/7cam_B_14_chainB/docking_14_chainB_out.pdbqt	/home/anacleto/Desktop/manuscript_Mpro/naturecomm/supplementary_file_S2/6-chemical-library/molecular_docking/combined_complexes/7cam_14_combined/7cam_14_combined_pose_1.pdb
C1CS(=O)(=O)Cc(c12)cccc2	140	1	-4.423	-4.471	/home/anacleto/Desktop/manuscript_Mpro/naturecomm/supplementary_file_S2/6-chemical-library/molecular_docking/PDBQT/7cam_A_140_chainA/docking_140_chainA_out.pdbqt	/home/anacleto/Desktop/manuscript_Mpro/naturecomm/supplementary_file_S2/6-chemical-library/molecular_docking/PDBQT/7cam_B_140_chainB/docking_140_chainB_out.pdbqt	/home/anacleto/Desktop/manuscript_Mpro/naturecomm/supplementary_file_S2/6-chemical-library/molecular_docking/combined_complexes/7cam_140_combined/7cam_140_combined_pose_1.pdb
C1CCC1c2ncno2	1400	1	-3.654	-3.493	/home/anacleto/Desktop/manuscript_Mpro/naturecomm/supplementary_file_S2/6-chemical-library/molecular_docking/PDBQT/7cam_A_1400_chainA/docking_1400_chainA_out.pdbqt	/home/anacleto/Desktop/manuscript_Mpro/naturecomm/supplementary_file_S2/6-chemical-library/molecular_docking/PDBQT/7cam_B_1400_chainB/docking_1400_chainB_out.pdbqt	/home/anacleto/Desktop/manuscript_Mpro/naturecomm/supplementary_file_S2/6-chemical-library/molecular_docking/combined_complexes/7cam_1400_combined/7cam_1400_combined_pose_1.pdb
C1CC1c2ccncc2	1401	1	-3.713	-3.668	/home/anacleto/Desktop/manuscript_Mpro/naturecomm/supplementary_file_S2/6-chemical-library/molecular_docking/PDBQT/7cam_A_1401_chainA/docking_1401_chainA_out.pdbqt	/home/anacleto/Desktop/manuscript_Mpro/naturecomm/supplementary_file_S2/6-chemical-library/molecular_docking/PDBQT/7cam_B_1401_chainB/docking_1401_chainB_out.pdbqt	/home/anacleto/Desktop/manuscript_Mpro/naturecomm/supplementary_file_S2/6-chemical-library/molecular_docking/combined_complexes/7cam_1401_combined/7cam_1401_combined_pose_1.pdb
C1CC1c2ccccc2	1402	1	-3.929	-3.939	/home/anacleto/Desktop/manuscript_Mpro/naturecomm/supplementary_file_S2/6-chemical-library/molecular_docking/PDBQT/7cam_A_1402_chainA/docking_1402_chainA_out.pdbqt	/home/anacleto/Desktop/manuscript_Mpro/naturecomm/supplementary_file_S2/6-chemical-library/molecular_docking/PDBQT/7cam_B_1402_chainB/docking_1402_chainB_out.pdbqt	/home/anacleto/Desktop/manuscript_Mpro/naturecomm/supplementary_file_S2/6-chemical-library/molecular_docking/combined_complexes/7cam_1402_combined/7cam_1402_combined_pose_1.pdb
C1CC1C2CCCN2	1403	1	-3.561	-3.418	/home/anacleto/Desktop/manuscript_Mpro/naturecomm/supplementary_file_S2/6-chemical-library/molecular_docking/PDBQT/7cam_A_1403_chainA/docking_1403_chainA_out.pdbqt	/home/anacleto/Desktop/manuscript_Mpro/naturecomm/supplementary_file_S2/6-chemical-library/molecular_docking/PDBQT/7cam_B_1403_chainB/docking_1403_chainB_out.pdbqt	/home/anacleto/Desktop/manuscript_Mpro/naturecomm/supplementary_file_S2/6-chemical-library/molecular_docking/combined_complexes/7cam_1403_combined/7cam_1403_combined_pose_1.pdb
C1CC1n2cnnn2	1404	1	-3.251	-2.967	/home/anacleto/Desktop/manuscript_Mpro/naturecomm/supplementary_file_S2/6-chemical-library/molecular_docking/PDBQT/7cam_A_1404_chainA/docking_1404_chainA_out.pdbqt	/home/anacleto/Desktop/manuscript_Mpro/naturecomm/supplementary_file_S2/6-chemical-library/molecular_docking/PDBQT/7cam_B_1404_chainB/docking_1404_chainB_out.pdbqt	/home/anacleto/Desktop/manuscript_Mpro/naturecomm/supplementary_file_S2/6-chemical-library/molecular_docking/combined_complexes/7cam_1404_combined/7cam_1404_combined_pose_1.pdb
C1CC1c2ncno2	1405	1	-3.241	-3.203	/home/anacleto/Desktop/manuscript_Mpro/naturecomm/supplementary_file_S2/6-chemical-library/molecular_docking/PDBQT/7cam_A_1405_chainA/docking_1405_chainA_out.pdbqt	/home/anacleto/Desktop/manuscript_Mpro/naturecomm/supplementary_file_S2/6-chemical-library/molecular_docking/PDBQT/7cam_B_1405_chainB/docking_1405_chainB_out.pdbqt	/home/anacleto/Desktop/manuscript_Mpro/naturecomm/supplementary_file_S2/6-chemical-library/molecular_docking/combined_complexes/7cam_1405_combined/7cam_1405_combined_pose_1.pdb
C1CC1n2cnnc2	1406	1	-3.038	-2.956	/home/anacleto/Desktop/manuscript_Mpro/naturecomm/supplementary_file_S2/6-chemical-library/molecular_docking/PDBQT/7cam_A_1406_chainA/docking_1406_chainA_out.pdbqt	/home/anacleto/Desktop/manuscript_Mpro/naturecomm/supplementary_file_S2/6-chemical-library/molecular_docking/PDBQT/7cam_B_1406_chainB/docking_1406_chainB_out.pdbqt	/home/anacleto/Desktop/manuscript_Mpro/naturecomm/supplementary_file_S2/6-chemical-library/molecular_docking/combined_complexes/7cam_1406_combined/7cam_1406_combined_pose_1.pdb
C1CC1c2ncco2	1407	1	-3.112	-3.22	/home/anacleto/Desktop/manuscript_Mpro/naturecomm/supplementary_file_S2/6-chemical-library/molecular_docking/PDBQT/7cam_A_1407_chainA/docking_1407_chainA_out.pdbqt	/home/anacleto/Desktop/manuscript_Mpro/naturecomm/supplementary_file_S2/6-chemical-library/molecular_docking/PDBQT/7cam_B_1407_chainB/docking_1407_chainB_out.pdbqt	/home/anacleto/Desktop/manuscript_Mpro/naturecomm/supplementary_file_S2/6-chemical-library/molecular_docking/combined_complexes/7cam_1407_combined/7cam_1407_combined_pose_1.pdb
C1CC1n2cccn2	1408	1	-3.216	-3.054	/home/anacleto/Desktop/manuscript_Mpro/naturecomm/supplementary_file_S2/6-chemical-library/molecular_docking/PDBQT/7cam_A_1408_chainA/docking_1408_chainA_out.pdbqt	/home/anacleto/Desktop/manuscript_Mpro/naturecomm/supplementary_file_S2/6-chemical-library/molecular_docking/PDBQT/7cam_B_1408_chainB/docking_1408_chainB_out.pdbqt	/home/anacleto/Desktop/manuscript_Mpro/naturecomm/supplementary_file_S2/6-chemical-library/molecular_docking/combined_complexes/7cam_1408_combined/7cam_1408_combined_pose_1.pdb
C1CC1c2ccn[nH]2	1409	1	-3.423	-3.509	/home/anacleto/Desktop/manuscript_Mpro/naturecomm/supplementary_file_S2/6-chemical-library/molecular_docking/PDBQT/7cam_A_1409_chainA/docking_1409_chainA_out.pdbqt	/home/anacleto/Desktop/manuscript_Mpro/naturecomm/supplementary_file_S2/6-chemical-library/molecular_docking/PDBQT/7cam_B_1409_chainB/docking_1409_chainB_out.pdbqt	/home/anacleto/Desktop/manuscript_Mpro/naturecomm/supplementary_file_S2/6-chemical-library/molecular_docking/combined_complexes/7cam_1409_combined/7cam_1409_combined_pose_1.pdb
C1CCS(=O)(=O)c(c12)cccc2	141	1	-4.562	-4.395	/home/anacleto/Desktop/manuscript_Mpro/naturecomm/supplementary_file_S2/6-chemical-library/molecular_docking/PDBQT/7cam_A_141_chainA/docking_141_chainA_out.pdbqt	/home/anacleto/Desktop/manuscript_Mpro/naturecomm/supplementary_file_S2/6-chemical-library/molecular_docking/PDBQT/7cam_B_141_chainB/docking_141_chainB_out.pdbqt	/home/anacleto/Desktop/manuscript_Mpro/naturecomm/supplementary_file_S2/6-chemical-library/molecular_docking/combined_complexes/7cam_141_combined/7cam_141_combined_pose_1.pdb
C12C(C1)NC(=O)C3C(CCC3)C(=O)NCCCCC=C2	1410	1	-6.043		/home/anacleto/Desktop/manuscript_Mpro/naturecomm/supplementary_file_S2/6-chemical-library/molecular_docking/PDBQT/7cam_A_1410_chainA/docking_1410_chainA_out.pdbqt		
C1CNC(=O)C12c3c(S(=O)(=O)NC2)cccc3	1411	1					
C1C(=O)NC(=O)C12c3c(C(=O)NC2)cccc3	1412	1					
C12C(=O)O[Sb](O2)OCC3C(=O)O[Sb](O3)OC1	1413	1					
C=C1C(=O)OC2C1CCC=CCCC(O3)C23	1414	1	-5.101	-5.059	/home/anacleto/Desktop/manuscript_Mpro/naturecomm/supplementary_file_S2/6-chemical-library/molecular_docking/PDBQT/7cam_A_1414_chainA/docking_1414_chainA_out.pdbqt	/home/anacleto/Desktop/manuscript_Mpro/naturecomm/supplementary_file_S2/6-chemical-library/molecular_docking/PDBQT/7cam_B_1414_chainB/docking_1414_chainB_out.pdbqt	/home/anacleto/Desktop/manuscript_Mpro/naturecomm/supplementary_file_S2/6-chemical-library/molecular_docking/combined_complexes/7cam_1414_combined/7cam_1414_combined_pose_1.pdb
O=C(O1)NC(=O)C12c3c(OCC2)cccc3	1415	1	-5.264	-5.218	/home/anacleto/Desktop/manuscript_Mpro/naturecomm/supplementary_file_S2/6-chemical-library/molecular_docking/PDBQT/7cam_A_1415_chainA/docking_1415_chainA_out.pdbqt	/home/anacleto/Desktop/manuscript_Mpro/naturecomm/supplementary_file_S2/6-chemical-library/molecular_docking/PDBQT/7cam_B_1415_chainB/docking_1415_chainB_out.pdbqt	/home/anacleto/Desktop/manuscript_Mpro/naturecomm/supplementary_file_S2/6-chemical-library/molecular_docking/combined_complexes/7cam_1415_combined/7cam_1415_combined_pose_1.pdb
N1C(=O)NC(=O)C12c3c(OCC2)cccc3	1416	1	-5.432	-5.292	/home/anacleto/Desktop/manuscript_Mpro/naturecomm/supplementary_file_S2/6-chemical-library/molecular_docking/PDBQT/7cam_A_1416_chainA/docking_1416_chainA_out.pdbqt	/home/anacleto/Desktop/manuscript_Mpro/naturecomm/supplementary_file_S2/6-chemical-library/molecular_docking/PDBQT/7cam_B_1416_chainB/docking_1416_chainB_out.pdbqt	/home/anacleto/Desktop/manuscript_Mpro/naturecomm/supplementary_file_S2/6-chemical-library/molecular_docking/combined_complexes/7cam_1416_combined/7cam_1416_combined_pose_1.pdb
c1cccc(OCC2)c1C23C(=O)NCCC3	1417	1	-5.518	-5.29	/home/anacleto/Desktop/manuscript_Mpro/naturecomm/supplementary_file_S2/6-chemical-library/molecular_docking/PDBQT/7cam_A_1417_chainA/docking_1417_chainA_out.pdbqt	/home/anacleto/Desktop/manuscript_Mpro/naturecomm/supplementary_file_S2/6-chemical-library/molecular_docking/PDBQT/7cam_B_1417_chainB/docking_1417_chainB_out.pdbqt	/home/anacleto/Desktop/manuscript_Mpro/naturecomm/supplementary_file_S2/6-chemical-library/molecular_docking/combined_complexes/7cam_1417_combined/7cam_1417_combined_pose_1.pdb
C1C(=O)NC(=O)C12c3c(OCC2)cccc3	1418	1	-5.708	-5.615	/home/anacleto/Desktop/manuscript_Mpro/naturecomm/supplementary_file_S2/6-chemical-library/molecular_docking/PDBQT/7cam_A_1418_chainA/docking_1418_chainA_out.pdbqt	/home/anacleto/Desktop/manuscript_Mpro/naturecomm/supplementary_file_S2/6-chemical-library/molecular_docking/PDBQT/7cam_B_1418_chainB/docking_1418_chainB_out.pdbqt	/home/anacleto/Desktop/manuscript_Mpro/naturecomm/supplementary_file_S2/6-chemical-library/molecular_docking/combined_complexes/7cam_1418_combined/7cam_1418_combined_pose_1.pdb
c1cccc(NCC2)c1C23C(=O)NCCC3	1419	1	-5.365	-5.361	/home/anacleto/Desktop/manuscript_Mpro/naturecomm/supplementary_file_S2/6-chemical-library/molecular_docking/PDBQT/7cam_A_1419_chainA/docking_1419_chainA_out.pdbqt	/home/anacleto/Desktop/manuscript_Mpro/naturecomm/supplementary_file_S2/6-chemical-library/molecular_docking/PDBQT/7cam_B_1419_chainB/docking_1419_chainB_out.pdbqt	/home/anacleto/Desktop/manuscript_Mpro/naturecomm/supplementary_file_S2/6-chemical-library/molecular_docking/combined_complexes/7cam_1419_combined/7cam_1419_combined_pose_1.pdb
N1C(=O)NC(=O)C12CCCCC2	142	1	-4.792	-4.523	/home/anacleto/Desktop/manuscript_Mpro/naturecomm/supplementary_file_S2/6-chemical-library/molecular_docking/PDBQT/7cam_A_142_chainA/docking_142_chainA_out.pdbqt	/home/anacleto/Desktop/manuscript_Mpro/naturecomm/supplementary_file_S2/6-chemical-library/molecular_docking/PDBQT/7cam_B_142_chainB/docking_142_chainB_out.pdbqt	/home/anacleto/Desktop/manuscript_Mpro/naturecomm/supplementary_file_S2/6-chemical-library/molecular_docking/combined_complexes/7cam_142_combined/7cam_142_combined_pose_1.pdb
c1cccc(CNC2)c1C23C(=O)NCCC3	1420	1	-5.528	-5.347	/home/anacleto/Desktop/manuscript_Mpro/naturecomm/supplementary_file_S2/6-chemical-library/molecular_docking/PDBQT/7cam_A_1420_chainA/docking_1420_chainA_out.pdbqt	/home/anacleto/Desktop/manuscript_Mpro/naturecomm/supplementary_file_S2/6-chemical-library/molecular_docking/PDBQT/7cam_B_1420_chainB/docking_1420_chainB_out.pdbqt	/home/anacleto/Desktop/manuscript_Mpro/naturecomm/supplementary_file_S2/6-chemical-library/molecular_docking/combined_complexes/7cam_1420_combined/7cam_1420_combined_pose_1.pdb
N1C(=O)NC(=O)C12c3c(CCC2)cccc3	1421	1	-5.51	-5.385	/home/anacleto/Desktop/manuscript_Mpro/naturecomm/supplementary_file_S2/6-chemical-library/molecular_docking/PDBQT/7cam_A_1421_chainA/docking_1421_chainA_out.pdbqt	/home/anacleto/Desktop/manuscript_Mpro/naturecomm/supplementary_file_S2/6-chemical-library/molecular_docking/PDBQT/7cam_B_1421_chainB/docking_1421_chainB_out.pdbqt	/home/anacleto/Desktop/manuscript_Mpro/naturecomm/supplementary_file_S2/6-chemical-library/molecular_docking/combined_complexes/7cam_1421_combined/7cam_1421_combined_pose_1.pdb
C1CNC(=O)C12c3c(C(=O)NC2)cccc3	1422	1	-5.571	-5.346	/home/anacleto/Desktop/manuscript_Mpro/naturecomm/supplementary_file_S2/6-chemical-library/molecular_docking/PDBQT/7cam_A_1422_chainA/docking_1422_chainA_out.pdbqt	/home/anacleto/Desktop/manuscript_Mpro/naturecomm/supplementary_file_S2/6-chemical-library/molecular_docking/PDBQT/7cam_B_1422_chainB/docking_1422_chainB_out.pdbqt	/home/anacleto/Desktop/manuscript_Mpro/naturecomm/supplementary_file_S2/6-chemical-library/molecular_docking/combined_complexes/7cam_1422_combined/7cam_1422_combined_pose_1.pdb
C1C(=O)NC(=O)C12c3c(CNC2)cccc3	1423	1	-5.35	-5.207	/home/anacleto/Desktop/manuscript_Mpro/naturecomm/supplementary_file_S2/6-chemical-library/molecular_docking/PDBQT/7cam_A_1423_chainA/docking_1423_chainA_out.pdbqt	/home/anacleto/Desktop/manuscript_Mpro/naturecomm/supplementary_file_S2/6-chemical-library/molecular_docking/PDBQT/7cam_B_1423_chainB/docking_1423_chainB_out.pdbqt	/home/anacleto/Desktop/manuscript_Mpro/naturecomm/supplementary_file_S2/6-chemical-library/molecular_docking/combined_complexes/7cam_1423_combined/7cam_1423_combined_pose_1.pdb
c1cccc(c12)C(=O)c3c(C2=O)cccc3	1424	1	-5.048	-5.079	/home/anacleto/Desktop/manuscript_Mpro/naturecomm/supplementary_file_S2/6-chemical-library/molecular_docking/PDBQT/7cam_A_1424_chainA/docking_1424_chainA_out.pdbqt	/home/anacleto/Desktop/manuscript_Mpro/naturecomm/supplementary_file_S2/6-chemical-library/molecular_docking/PDBQT/7cam_B_1424_chainB/docking_1424_chainB_out.pdbqt	/home/anacleto/Desktop/manuscript_Mpro/naturecomm/supplementary_file_S2/6-chemical-library/molecular_docking/combined_complexes/7cam_1424_combined/7cam_1424_combined_pose_1.pdb
c1csc(CCC2)c1C23C(=O)NC(=O)N3	1425	1	-5.238	-5.002	/home/anacleto/Desktop/manuscript_Mpro/naturecomm/supplementary_file_S2/6-chemical-library/molecular_docking/PDBQT/7cam_A_1425_chainA/docking_1425_chainA_out.pdbqt	/home/anacleto/Desktop/manuscript_Mpro/naturecomm/supplementary_file_S2/6-chemical-library/molecular_docking/PDBQT/7cam_B_1425_chainB/docking_1425_chainB_out.pdbqt	/home/anacleto/Desktop/manuscript_Mpro/naturecomm/supplementary_file_S2/6-chemical-library/molecular_docking/combined_complexes/7cam_1425_combined/7cam_1425_combined_pose_1.pdb
c1cccc(c12)[nH]c3c(c2=S)cccc3	1426	1	-5.472	-5.554	/home/anacleto/Desktop/manuscript_Mpro/naturecomm/supplementary_file_S2/6-chemical-library/molecular_docking/PDBQT/7cam_A_1426_chainA/docking_1426_chainA_out.pdbqt	/home/anacleto/Desktop/manuscript_Mpro/naturecomm/supplementary_file_S2/6-chemical-library/molecular_docking/PDBQT/7cam_B_1426_chainB/docking_1426_chainB_out.pdbqt	/home/anacleto/Desktop/manuscript_Mpro/naturecomm/supplementary_file_S2/6-chemical-library/molecular_docking/combined_complexes/7cam_1426_combined/7cam_1426_combined_pose_1.pdb
O=C1NC(=O)N(C2)C1CC23CCCCC3	1427	1	-5.186	-5.427	/home/anacleto/Desktop/manuscript_Mpro/naturecomm/supplementary_file_S2/6-chemical-library/molecular_docking/PDBQT/7cam_A_1427_chainA/docking_1427_chainA_out.pdbqt	/home/anacleto/Desktop/manuscript_Mpro/naturecomm/supplementary_file_S2/6-chemical-library/molecular_docking/PDBQT/7cam_B_1427_chainB/docking_1427_chainB_out.pdbqt	/home/anacleto/Desktop/manuscript_Mpro/naturecomm/supplementary_file_S2/6-chemical-library/molecular_docking/combined_complexes/7cam_1427_combined/7cam_1427_combined_pose_1.pdb
N1C(=O)NC(=O)C12c3c(OC2)cccc3	1428	1	-5.439	-5.307	/home/anacleto/Desktop/manuscript_Mpro/naturecomm/supplementary_file_S2/6-chemical-library/molecular_docking/PDBQT/7cam_A_1428_chainA/docking_1428_chainA_out.pdbqt	/home/anacleto/Desktop/manuscript_Mpro/naturecomm/supplementary_file_S2/6-chemical-library/molecular_docking/PDBQT/7cam_B_1428_chainB/docking_1428_chainB_out.pdbqt	/home/anacleto/Desktop/manuscript_Mpro/naturecomm/supplementary_file_S2/6-chemical-library/molecular_docking/combined_complexes/7cam_1428_combined/7cam_1428_combined_pose_1.pdb
C1NCCC12CC(=O)c3c(O2)cccc3	1429	1	-5.161	-4.929	/home/anacleto/Desktop/manuscript_Mpro/naturecomm/supplementary_file_S2/6-chemical-library/molecular_docking/PDBQT/7cam_A_1429_chainA/docking_1429_chainA_out.pdbqt	/home/anacleto/Desktop/manuscript_Mpro/naturecomm/supplementary_file_S2/6-chemical-library/molecular_docking/PDBQT/7cam_B_1429_chainB/docking_1429_chainB_out.pdbqt	/home/anacleto/Desktop/manuscript_Mpro/naturecomm/supplementary_file_S2/6-chemical-library/molecular_docking/combined_complexes/7cam_1429_combined/7cam_1429_combined_pose_1.pdb
n1cn[nH]c(c12)nc(=O)[nH]c2=O	143	1	-4.994	-4.394	/home/anacleto/Desktop/manuscript_Mpro/naturecomm/supplementary_file_S2/6-chemical-library/molecular_docking/PDBQT/7cam_A_143_chainA/docking_143_chainA_out.pdbqt	/home/anacleto/Desktop/manuscript_Mpro/naturecomm/supplementary_file_S2/6-chemical-library/molecular_docking/PDBQT/7cam_B_143_chainB/docking_143_chainB_out.pdbqt	/home/anacleto/Desktop/manuscript_Mpro/naturecomm/supplementary_file_S2/6-chemical-library/molecular_docking/combined_complexes/7cam_143_combined/7cam_143_combined_pose_1.pdb
C1NC(=O)CC12c3c(OCC2)cccc3	1430	1	-5.133	-5.062	/home/anacleto/Desktop/manuscript_Mpro/naturecomm/supplementary_file_S2/6-chemical-library/molecular_docking/PDBQT/7cam_A_1430_chainA/docking_1430_chainA_out.pdbqt	/home/anacleto/Desktop/manuscript_Mpro/naturecomm/supplementary_file_S2/6-chemical-library/molecular_docking/PDBQT/7cam_B_1430_chainB/docking_1430_chainB_out.pdbqt	/home/anacleto/Desktop/manuscript_Mpro/naturecomm/supplementary_file_S2/6-chemical-library/molecular_docking/combined_complexes/7cam_1430_combined/7cam_1430_combined_pose_1.pdb
C1CNC(=O)C12c3c(OCC2)cccc3	1431	1					
C1CNC(=O)C12c3c(CNC2)cccc3	1432	1					
N1C(=O)NC(=O)C12c3c(CC2)cccc3	1433	1					
O=C1CC(=O)N2N1C=Nc(c23)cccc3	1434	1					
C1C(=O)N=C(C1=2)c3c(C(=O)C2)cccc3	1435	1	-5.178	-4.921	/home/anacleto/Desktop/manuscript_Mpro/naturecomm/supplementary_file_S2/6-chemical-library/molecular_docking/PDBQT/7cam_A_1435_chainA/docking_1435_chainA_out.pdbqt	/home/anacleto/Desktop/manuscript_Mpro/naturecomm/supplementary_file_S2/6-chemical-library/molecular_docking/PDBQT/7cam_B_1435_chainB/docking_1435_chainB_out.pdbqt	/home/anacleto/Desktop/manuscript_Mpro/naturecomm/supplementary_file_S2/6-chemical-library/molecular_docking/combined_complexes/7cam_1435_combined/7cam_1435_combined_pose_1.pdb
n1nccc(c1c23)CCCc2cccc3	1436	1	-5.251	-4.956	/home/anacleto/Desktop/manuscript_Mpro/naturecomm/supplementary_file_S2/6-chemical-library/molecular_docking/PDBQT/7cam_A_1436_chainA/docking_1436_chainA_out.pdbqt	/home/anacleto/Desktop/manuscript_Mpro/naturecomm/supplementary_file_S2/6-chemical-library/molecular_docking/PDBQT/7cam_B_1436_chainB/docking_1436_chainB_out.pdbqt	/home/anacleto/Desktop/manuscript_Mpro/naturecomm/supplementary_file_S2/6-chemical-library/molecular_docking/combined_complexes/7cam_1436_combined/7cam_1436_combined_pose_1.pdb
c1cc(=O)cc(c12)oc3c(c2)cccc3	1437	1	-5.395	-5.339	/home/anacleto/Desktop/manuscript_Mpro/naturecomm/supplementary_file_S2/6-chemical-library/molecular_docking/PDBQT/7cam_A_1437_chainA/docking_1437_chainA_out.pdbqt	/home/anacleto/Desktop/manuscript_Mpro/naturecomm/supplementary_file_S2/6-chemical-library/molecular_docking/PDBQT/7cam_B_1437_chainB/docking_1437_chainB_out.pdbqt	/home/anacleto/Desktop/manuscript_Mpro/naturecomm/supplementary_file_S2/6-chemical-library/molecular_docking/combined_complexes/7cam_1437_combined/7cam_1437_combined_pose_1.pdb
c1cccc(c12)Nc3c(CC2)cccc3	1438	1	-6.126	-5.876	/home/anacleto/Desktop/manuscript_Mpro/naturecomm/supplementary_file_S2/6-chemical-library/molecular_docking/PDBQT/7cam_A_1438_chainA/docking_1438_chainA_out.pdbqt	/home/anacleto/Desktop/manuscript_Mpro/naturecomm/supplementary_file_S2/6-chemical-library/molecular_docking/PDBQT/7cam_B_1438_chainB/docking_1438_chainB_out.pdbqt	/home/anacleto/Desktop/manuscript_Mpro/naturecomm/supplementary_file_S2/6-chemical-library/molecular_docking/combined_complexes/7cam_1438_combined/7cam_1438_combined_pose_1.pdb
c1cc(=N)cc(c12)[nH]c3c(n2)cccc3	1439	1	-5.634	-5.566	/home/anacleto/Desktop/manuscript_Mpro/naturecomm/supplementary_file_S2/6-chemical-library/molecular_docking/PDBQT/7cam_A_1439_chainA/docking_1439_chainA_out.pdbqt	/home/anacleto/Desktop/manuscript_Mpro/naturecomm/supplementary_file_S2/6-chemical-library/molecular_docking/PDBQT/7cam_B_1439_chainB/docking_1439_chainB_out.pdbqt	/home/anacleto/Desktop/manuscript_Mpro/naturecomm/supplementary_file_S2/6-chemical-library/molecular_docking/combined_complexes/7cam_1439_combined/7cam_1439_combined_pose_1.pdb
c1ccnc(c12)[nH]c(=O)[nH]c2=O	144	1	-4.842	-4.517	/home/anacleto/Desktop/manuscript_Mpro/naturecomm/supplementary_file_S2/6-chemical-library/molecular_docking/PDBQT/7cam_A_144_chainA/docking_144_chainA_out.pdbqt	/home/anacleto/Desktop/manuscript_Mpro/naturecomm/supplementary_file_S2/6-chemical-library/molecular_docking/PDBQT/7cam_B_144_chainB/docking_144_chainB_out.pdbqt	/home/anacleto/Desktop/manuscript_Mpro/naturecomm/supplementary_file_S2/6-chemical-library/molecular_docking/combined_complexes/7cam_144_combined/7cam_144_combined_pose_1.pdb
c1cccc(c12)Cc3c(C2=O)cccc3	1440	1	-5.18	-5.462	/home/anacleto/Desktop/manuscript_Mpro/naturecomm/supplementary_file_S2/6-chemical-library/molecular_docking/PDBQT/7cam_A_1440_chainA/docking_1440_chainA_out.pdbqt	/home/anacleto/Desktop/manuscript_Mpro/naturecomm/supplementary_file_S2/6-chemical-library/molecular_docking/PDBQT/7cam_B_1440_chainB/docking_1440_chainB_out.pdbqt	/home/anacleto/Desktop/manuscript_Mpro/naturecomm/supplementary_file_S2/6-chemical-library/molecular_docking/combined_complexes/7cam_1440_combined/7cam_1440_combined_pose_1.pdb
C1CCCc(c1c23)sc2nc[nH]c3=O	1441	1	-4.583	-4.865	/home/anacleto/Desktop/manuscript_Mpro/naturecomm/supplementary_file_S2/6-chemical-library/molecular_docking/PDBQT/7cam_A_1441_chainA/docking_1441_chainA_out.pdbqt	/home/anacleto/Desktop/manuscript_Mpro/naturecomm/supplementary_file_S2/6-chemical-library/molecular_docking/PDBQT/7cam_B_1441_chainB/docking_1441_chainB_out.pdbqt	/home/anacleto/Desktop/manuscript_Mpro/naturecomm/supplementary_file_S2/6-chemical-library/molecular_docking/combined_complexes/7cam_1441_combined/7cam_1441_combined_pose_1.pdb
c1cccc(c12)Sc3c(N2)cccc3	1442	1	-5.167	-5.482	/home/anacleto/Desktop/manuscript_Mpro/naturecomm/supplementary_file_S2/6-chemical-library/molecular_docking/PDBQT/7cam_A_1442_chainA/docking_1442_chainA_out.pdbqt	/home/anacleto/Desktop/manuscript_Mpro/naturecomm/supplementary_file_S2/6-chemical-library/molecular_docking/PDBQT/7cam_B_1442_chainB/docking_1442_chainB_out.pdbqt	/home/anacleto/Desktop/manuscript_Mpro/naturecomm/supplementary_file_S2/6-chemical-library/molecular_docking/combined_complexes/7cam_1442_combined/7cam_1442_combined_pose_1.pdb
c1cccc(c12)[s+]c3c(n2)cccc3	1443	1	-5.009	-5.007	/home/anacleto/Desktop/manuscript_Mpro/naturecomm/supplementary_file_S2/6-chemical-library/molecular_docking/PDBQT/7cam_A_1443_chainA/docking_1443_chainA_out.pdbqt	/home/anacleto/Desktop/manuscript_Mpro/naturecomm/supplementary_file_S2/6-chemical-library/molecular_docking/PDBQT/7cam_B_1443_chainB/docking_1443_chainB_out.pdbqt	/home/anacleto/Desktop/manuscript_Mpro/naturecomm/supplementary_file_S2/6-chemical-library/molecular_docking/combined_complexes/7cam_1443_combined/7cam_1443_combined_pose_1.pdb
O=C1NC(=O)N(C12)C3C(C2)CCCC3	1444	1	-4.947	-4.642	/home/anacleto/Desktop/manuscript_Mpro/naturecomm/supplementary_file_S2/6-chemical-library/molecular_docking/PDBQT/7cam_A_1444_chainA/docking_1444_chainA_out.pdbqt	/home/anacleto/Desktop/manuscript_Mpro/naturecomm/supplementary_file_S2/6-chemical-library/molecular_docking/PDBQT/7cam_B_1444_chainB/docking_1444_chainB_out.pdbqt	/home/anacleto/Desktop/manuscript_Mpro/naturecomm/supplementary_file_S2/6-chemical-library/molecular_docking/combined_complexes/7cam_1444_combined/7cam_1444_combined_pose_1.pdb
C1CCC12CCC3N(C2)C(=O)NC3=O	1445	1	-4.952	-4.926	/home/anacleto/Desktop/manuscript_Mpro/naturecomm/supplementary_file_S2/6-chemical-library/molecular_docking/PDBQT/7cam_A_1445_chainA/docking_1445_chainA_out.pdbqt	/home/anacleto/Desktop/manuscript_Mpro/naturecomm/supplementary_file_S2/6-chemical-library/molecular_docking/PDBQT/7cam_B_1445_chainB/docking_1445_chainB_out.pdbqt	/home/anacleto/Desktop/manuscript_Mpro/naturecomm/supplementary_file_S2/6-chemical-library/molecular_docking/combined_complexes/7cam_1445_combined/7cam_1445_combined_pose_1.pdb
O=c1[nH]c(=O)[nH]c(c12)nc3n2cc[nH]3	1446	1	-5.175	-5.028	/home/anacleto/Desktop/manuscript_Mpro/naturecomm/supplementary_file_S2/6-chemical-library/molecular_docking/PDBQT/7cam_A_1446_chainA/docking_1446_chainA_out.pdbqt	/home/anacleto/Desktop/manuscript_Mpro/naturecomm/supplementary_file_S2/6-chemical-library/molecular_docking/PDBQT/7cam_B_1446_chainB/docking_1446_chainB_out.pdbqt	/home/anacleto/Desktop/manuscript_Mpro/naturecomm/supplementary_file_S2/6-chemical-library/molecular_docking/combined_complexes/7cam_1446_combined/7cam_1446_combined_pose_1.pdb
C1NCCC12c3c(OCC2)cccc3	1447	1	-4.99	-5.161	/home/anacleto/Desktop/manuscript_Mpro/naturecomm/supplementary_file_S2/6-chemical-library/molecular_docking/PDBQT/7cam_A_1447_chainA/docking_1447_chainA_out.pdbqt	/home/anacleto/Desktop/manuscript_Mpro/naturecomm/supplementary_file_S2/6-chemical-library/molecular_docking/PDBQT/7cam_B_1447_chainB/docking_1447_chainB_out.pdbqt	/home/anacleto/Desktop/manuscript_Mpro/naturecomm/supplementary_file_S2/6-chemical-library/molecular_docking/combined_complexes/7cam_1447_combined/7cam_1447_combined_pose_1.pdb
C1CCC12CNCc3c(O2)cccc3	1448	1	-4.946	-4.82	/home/anacleto/Desktop/manuscript_Mpro/naturecomm/supplementary_file_S2/6-chemical-library/molecular_docking/PDBQT/7cam_A_1448_chainA/docking_1448_chainA_out.pdbqt	/home/anacleto/Desktop/manuscript_Mpro/naturecomm/supplementary_file_S2/6-chemical-library/molecular_docking/PDBQT/7cam_B_1448_chainB/docking_1448_chainB_out.pdbqt	/home/anacleto/Desktop/manuscript_Mpro/naturecomm/supplementary_file_S2/6-chemical-library/molecular_docking/combined_complexes/7cam_1448_combined/7cam_1448_combined_pose_1.pdb
c1cccc(c12)N3C(C2)C(=O)NC3=O	1449	1	-4.984	-5.045	/home/anacleto/Desktop/manuscript_Mpro/naturecomm/supplementary_file_S2/6-chemical-library/molecular_docking/PDBQT/7cam_A_1449_chainA/docking_1449_chainA_out.pdbqt	/home/anacleto/Desktop/manuscript_Mpro/naturecomm/supplementary_file_S2/6-chemical-library/molecular_docking/PDBQT/7cam_B_1449_chainB/docking_1449_chainB_out.pdbqt	/home/anacleto/Desktop/manuscript_Mpro/naturecomm/supplementary_file_S2/6-chemical-library/molecular_docking/combined_complexes/7cam_1449_combined/7cam_1449_combined_pose_1.pdb
C=C1NNC(=O)c(c12)cccc2	145	1	-5.056	-4.965	/home/anacleto/Desktop/manuscript_Mpro/naturecomm/supplementary_file_S2/6-chemical-library/molecular_docking/PDBQT/7cam_A_145_chainA/docking_145_chainA_out.pdbqt	/home/anacleto/Desktop/manuscript_Mpro/naturecomm/supplementary_file_S2/6-chemical-library/molecular_docking/PDBQT/7cam_B_145_chainB/docking_145_chainB_out.pdbqt	/home/anacleto/Desktop/manuscript_Mpro/naturecomm/supplementary_file_S2/6-chemical-library/molecular_docking/combined_complexes/7cam_145_combined/7cam_145_combined_pose_1.pdb
n1ncn(c12)c3c(c(=O)[nH]2)cccc3	1450	1	-5.115	-5.049	/home/anacleto/Desktop/manuscript_Mpro/naturecomm/supplementary_file_S2/6-chemical-library/molecular_docking/PDBQT/7cam_A_1450_chainA/docking_1450_chainA_out.pdbqt	/home/anacleto/Desktop/manuscript_Mpro/naturecomm/supplementary_file_S2/6-chemical-library/molecular_docking/PDBQT/7cam_B_1450_chainB/docking_1450_chainB_out.pdbqt	/home/anacleto/Desktop/manuscript_Mpro/naturecomm/supplementary_file_S2/6-chemical-library/molecular_docking/combined_complexes/7cam_1450_combined/7cam_1450_combined_pose_1.pdb
C=C(C1)Nc(c12)ccc3c2cccc3	1452	1					
c1cccc(c1c23)[nH+]cc2cccc3	1453	1					
c1cccc(c12)[nH+]c3c(c2)cccc3	1454	1					
c1cccc(c12)nc3c(c2)cccc3	1455	1					
c1cccc(c12)NC3C2CNCC3	1456	1					
C1CCC12CCc3c(O2)cccc3	1457	1	-5.189	-4.845	/home/anacleto/Desktop/manuscript_Mpro/naturecomm/supplementary_file_S2/6-chemical-library/molecular_docking/PDBQT/7cam_A_1457_chainA/docking_1457_chainA_out.pdbqt	/home/anacleto/Desktop/manuscript_Mpro/naturecomm/supplementary_file_S2/6-chemical-library/molecular_docking/PDBQT/7cam_B_1457_chainB/docking_1457_chainB_out.pdbqt	/home/anacleto/Desktop/manuscript_Mpro/naturecomm/supplementary_file_S2/6-chemical-library/molecular_docking/combined_complexes/7cam_1457_combined/7cam_1457_combined_pose_1.pdb
c1cccc(c12)n3c(c2)CNCC3	1458	1	-4.651	-4.815	/home/anacleto/Desktop/manuscript_Mpro/naturecomm/supplementary_file_S2/6-chemical-library/molecular_docking/PDBQT/7cam_A_1458_chainA/docking_1458_chainA_out.pdbqt	/home/anacleto/Desktop/manuscript_Mpro/naturecomm/supplementary_file_S2/6-chemical-library/molecular_docking/PDBQT/7cam_B_1458_chainB/docking_1458_chainB_out.pdbqt	/home/anacleto/Desktop/manuscript_Mpro/naturecomm/supplementary_file_S2/6-chemical-library/molecular_docking/combined_complexes/7cam_1458_combined/7cam_1458_combined_pose_1.pdb
C1NCCc(c1c23)[nH]c2cccc3	1459	1	-5.17	-4.895	/home/anacleto/Desktop/manuscript_Mpro/naturecomm/supplementary_file_S2/6-chemical-library/molecular_docking/PDBQT/7cam_A_1459_chainA/docking_1459_chainA_out.pdbqt	/home/anacleto/Desktop/manuscript_Mpro/naturecomm/supplementary_file_S2/6-chemical-library/molecular_docking/PDBQT/7cam_B_1459_chainB/docking_1459_chainB_out.pdbqt	/home/anacleto/Desktop/manuscript_Mpro/naturecomm/supplementary_file_S2/6-chemical-library/molecular_docking/combined_complexes/7cam_1459_combined/7cam_1459_combined_pose_1.pdb
c1cccc(c12)C=CC(=O)C2=O	146	1	-4.487	-4.826	/home/anacleto/Desktop/manuscript_Mpro/naturecomm/supplementary_file_S2/6-chemical-library/molecular_docking/PDBQT/7cam_A_146_chainA/docking_146_chainA_out.pdbqt	/home/anacleto/Desktop/manuscript_Mpro/naturecomm/supplementary_file_S2/6-chemical-library/molecular_docking/PDBQT/7cam_B_146_chainB/docking_146_chainB_out.pdbqt	/home/anacleto/Desktop/manuscript_Mpro/naturecomm/supplementary_file_S2/6-chemical-library/molecular_docking/combined_complexes/7cam_146_combined/7cam_146_combined_pose_1.pdb
C1CCCc(c1c23)[nH]c2cccc3	1460	1	-5.127	-4.784	/home/anacleto/Desktop/manuscript_Mpro/naturecomm/supplementary_file_S2/6-chemical-library/molecular_docking/PDBQT/7cam_A_1460_chainA/docking_1460_chainA_out.pdbqt	/home/anacleto/Desktop/manuscript_Mpro/naturecomm/supplementary_file_S2/6-chemical-library/molecular_docking/PDBQT/7cam_B_1460_chainB/docking_1460_chainB_out.pdbqt	/home/anacleto/Desktop/manuscript_Mpro/naturecomm/supplementary_file_S2/6-chemical-library/molecular_docking/combined_complexes/7cam_1460_combined/7cam_1460_combined_pose_1.pdb
C1=CCC(C12)CNc3c2cccc3	1461	1	-5.107	-5.085	/home/anacleto/Desktop/manuscript_Mpro/naturecomm/supplementary_file_S2/6-chemical-library/molecular_docking/PDBQT/7cam_A_1461_chainA/docking_1461_chainA_out.pdbqt	/home/anacleto/Desktop/manuscript_Mpro/naturecomm/supplementary_file_S2/6-chemical-library/molecular_docking/PDBQT/7cam_B_1461_chainB/docking_1461_chainB_out.pdbqt	/home/anacleto/Desktop/manuscript_Mpro/naturecomm/supplementary_file_S2/6-chemical-library/molecular_docking/combined_complexes/7cam_1461_combined/7cam_1461_combined_pose_1.pdb
n1cncc(c1c23)[nH]c2cccc3	1462	1	-5.078	-4.642	/home/anacleto/Desktop/manuscript_Mpro/naturecomm/supplementary_file_S2/6-chemical-library/molecular_docking/PDBQT/7cam_A_1462_chainA/docking_1462_chainA_out.pdbqt	/home/anacleto/Desktop/manuscript_Mpro/naturecomm/supplementary_file_S2/6-chemical-library/molecular_docking/PDBQT/7cam_B_1462_chainB/docking_1462_chainB_out.pdbqt	/home/anacleto/Desktop/manuscript_Mpro/naturecomm/supplementary_file_S2/6-chemical-library/molecular_docking/combined_complexes/7cam_1462_combined/7cam_1462_combined_pose_1.pdb
C1C=[NH+]c(c12)ccc3c2cccc3	1463	1	-4.78	-5.406	/home/anacleto/Desktop/manuscript_Mpro/naturecomm/supplementary_file_S2/6-chemical-library/molecular_docking/PDBQT/7cam_A_1463_chainA/docking_1463_chainA_out.pdbqt	/home/anacleto/Desktop/manuscript_Mpro/naturecomm/supplementary_file_S2/6-chemical-library/molecular_docking/PDBQT/7cam_B_1463_chainB/docking_1463_chainB_out.pdbqt	/home/anacleto/Desktop/manuscript_Mpro/naturecomm/supplementary_file_S2/6-chemical-library/molecular_docking/combined_complexes/7cam_1463_combined/7cam_1463_combined_pose_1.pdb
c1cccc(c1c23)[nH]c2cccc3	1464	1	-5.29	-5.04	/home/anacleto/Desktop/manuscript_Mpro/naturecomm/supplementary_file_S2/6-chemical-library/molecular_docking/PDBQT/7cam_A_1464_chainA/docking_1464_chainA_out.pdbqt	/home/anacleto/Desktop/manuscript_Mpro/naturecomm/supplementary_file_S2/6-chemical-library/molecular_docking/PDBQT/7cam_B_1464_chainB/docking_1464_chainB_out.pdbqt	/home/anacleto/Desktop/manuscript_Mpro/naturecomm/supplementary_file_S2/6-chemical-library/molecular_docking/combined_complexes/7cam_1464_combined/7cam_1464_combined_pose_1.pdb
c1cccc(c12)NC3C2CCN3	1465	1	-5.059	-5.169	/home/anacleto/Desktop/manuscript_Mpro/naturecomm/supplementary_file_S2/6-chemical-library/molecular_docking/PDBQT/7cam_A_1465_chainA/docking_1465_chainA_out.pdbqt	/home/anacleto/Desktop/manuscript_Mpro/naturecomm/supplementary_file_S2/6-chemical-library/molecular_docking/PDBQT/7cam_B_1465_chainB/docking_1465_chainB_out.pdbqt	/home/anacleto/Desktop/manuscript_Mpro/naturecomm/supplementary_file_S2/6-chemical-library/molecular_docking/combined_complexes/7cam_1465_combined/7cam_1465_combined_pose_1.pdb
[nH]1cnc(c1c23)cnc2[nH]cc3	1466	1	-4.921	-4.753	/home/anacleto/Desktop/manuscript_Mpro/naturecomm/supplementary_file_S2/6-chemical-library/molecular_docking/PDBQT/7cam_A_1466_chainA/docking_1466_chainA_out.pdbqt	/home/anacleto/Desktop/manuscript_Mpro/naturecomm/supplementary_file_S2/6-chemical-library/molecular_docking/PDBQT/7cam_B_1466_chainB/docking_1466_chainB_out.pdbqt	/home/anacleto/Desktop/manuscript_Mpro/naturecomm/supplementary_file_S2/6-chemical-library/molecular_docking/combined_complexes/7cam_1466_combined/7cam_1466_combined_pose_1.pdb
C1CCC12c3c(N=C2)cccc3	1467	1	-4.748	-4.782	/home/anacleto/Desktop/manuscript_Mpro/naturecomm/supplementary_file_S2/6-chemical-library/molecular_docking/PDBQT/7cam_A_1467_chainA/docking_1467_chainA_out.pdbqt	/home/anacleto/Desktop/manuscript_Mpro/naturecomm/supplementary_file_S2/6-chemical-library/molecular_docking/PDBQT/7cam_B_1467_chainB/docking_1467_chainB_out.pdbqt	/home/anacleto/Desktop/manuscript_Mpro/naturecomm/supplementary_file_S2/6-chemical-library/molecular_docking/combined_complexes/7cam_1467_combined/7cam_1467_combined_pose_1.pdb
c1cccc(c12)C3CCC2O3	1468	1	-4.485	-4.525	/home/anacleto/Desktop/manuscript_Mpro/naturecomm/supplementary_file_S2/6-chemical-library/molecular_docking/PDBQT/7cam_A_1468_chainA/docking_1468_chainA_out.pdbqt	/home/anacleto/Desktop/manuscript_Mpro/naturecomm/supplementary_file_S2/6-chemical-library/molecular_docking/PDBQT/7cam_B_1468_chainB/docking_1468_chainB_out.pdbqt	/home/anacleto/Desktop/manuscript_Mpro/naturecomm/supplementary_file_S2/6-chemical-library/molecular_docking/combined_complexes/7cam_1468_combined/7cam_1468_combined_pose_1.pdb
C1C(C2)Oc(c3C12)cccc3	1469	1	-4.428	-4.55	/home/anacleto/Desktop/manuscript_Mpro/naturecomm/supplementary_file_S2/6-chemical-library/molecular_docking/PDBQT/7cam_A_1469_chainA/docking_1469_chainA_out.pdbqt	/home/anacleto/Desktop/manuscript_Mpro/naturecomm/supplementary_file_S2/6-chemical-library/molecular_docking/PDBQT/7cam_B_1469_chainB/docking_1469_chainB_out.pdbqt	/home/anacleto/Desktop/manuscript_Mpro/naturecomm/supplementary_file_S2/6-chemical-library/molecular_docking/combined_complexes/7cam_1469_combined/7cam_1469_combined_pose_1.pdb
c1cccc(c12)C(=O)C=CC2=O	147	1	-4.358	-4.697	/home/anacleto/Desktop/manuscript_Mpro/naturecomm/supplementary_file_S2/6-chemical-library/molecular_docking/PDBQT/7cam_A_147_chainA/docking_147_chainA_out.pdbqt	/home/anacleto/Desktop/manuscript_Mpro/naturecomm/supplementary_file_S2/6-chemical-library/molecular_docking/PDBQT/7cam_B_147_chainB/docking_147_chainB_out.pdbqt	/home/anacleto/Desktop/manuscript_Mpro/naturecomm/supplementary_file_S2/6-chemical-library/molecular_docking/combined_complexes/7cam_147_combined/7cam_147_combined_pose_1.pdb
c1cccc(c12)C3CCC2N3	1470	1	-4.665	-4.44	/home/anacleto/Desktop/manuscript_Mpro/naturecomm/supplementary_file_S2/6-chemical-library/molecular_docking/PDBQT/7cam_A_1470_chainA/docking_1470_chainA_out.pdbqt	/home/anacleto/Desktop/manuscript_Mpro/naturecomm/supplementary_file_S2/6-chemical-library/molecular_docking/PDBQT/7cam_B_1470_chainB/docking_1470_chainB_out.pdbqt	/home/anacleto/Desktop/manuscript_Mpro/naturecomm/supplementary_file_S2/6-chemical-library/molecular_docking/combined_complexes/7cam_1470_combined/7cam_1470_combined_pose_1.pdb
C1CCC(C12)C3CC2CC3	1471	1	-4.606	-4.14	/home/anacleto/Desktop/manuscript_Mpro/naturecomm/supplementary_file_S2/6-chemical-library/molecular_docking/PDBQT/7cam_A_1471_chainA/docking_1471_chainA_out.pdbqt	/home/anacleto/Desktop/manuscript_Mpro/naturecomm/supplementary_file_S2/6-chemical-library/molecular_docking/PDBQT/7cam_B_1471_chainB/docking_1471_chainB_out.pdbqt	/home/anacleto/Desktop/manuscript_Mpro/naturecomm/supplementary_file_S2/6-chemical-library/molecular_docking/combined_complexes/7cam_1471_combined/7cam_1471_combined_pose_1.pdb
C12CC3CC(C1)CC(C2)C3	1472	1	-4.511	-4.29	/home/anacleto/Desktop/manuscript_Mpro/naturecomm/supplementary_file_S2/6-chemical-library/molecular_docking/PDBQT/7cam_A_1472_chainA/docking_1472_chainA_out.pdbqt	/home/anacleto/Desktop/manuscript_Mpro/naturecomm/supplementary_file_S2/6-chemical-library/molecular_docking/PDBQT/7cam_B_1472_chainB/docking_1472_chainB_out.pdbqt	/home/anacleto/Desktop/manuscript_Mpro/naturecomm/supplementary_file_S2/6-chemical-library/molecular_docking/combined_complexes/7cam_1472_combined/7cam_1472_combined_pose_1.pdb
c1cccc(c12)ccc(c2)CCC(=O)NCCNCCNCCNCCNCCNCCNCC(=O)N3CCCC3	1473	1	-4.339		/home/anacleto/Desktop/manuscript_Mpro/naturecomm/supplementary_file_S2/6-chemical-library/molecular_docking/PDBQT/7cam_A_1473_chainA/docking_1473_chainA_out.pdbqt		
c1cccc(c12)ccc(c2)CCC(=O)NC(C3=O)CSSCCNC(=O)CNC(=O)CNC(=O)CNC(=O)CN3	1474	1					
c1cccc(c12)[nH]cc2CCC(=O)NCC(=O)NCC(=O)NCC(=O)NCC(=O)NCC(=O)N3CCCC3	1475	1					
c1cccc(c12)[nH]cc2CC(C3=O)NC(=O)CNC(=O)CCSSCCNC(=O)CNC(=O)CN3	1476	1					
O1CCCOC1C(=O)OCC(=O)CNC(=O)CNC(=O)c(c2)[nH]c(c23)cccc3	1477	1					
c1cccc(c12)CN(CC2)C(=O)CNC(=O)CNC(=O)CNC(=O)C3CCCN3	1478	1					
C1CCCCC1C(=O)OCC(=O)CNC(=O)CNC(=O)c(c2)[nH]c(c23)cccc3	1479	1	-5.803	-4.728	/home/anacleto/Desktop/manuscript_Mpro/naturecomm/supplementary_file_S2/6-chemical-library/molecular_docking/PDBQT/7cam_A_1479_chainA/docking_1479_chainA_out.pdbqt	/home/anacleto/Desktop/manuscript_Mpro/naturecomm/supplementary_file_S2/6-chemical-library/molecular_docking/PDBQT/7cam_B_1479_chainB/docking_1479_chainB_out.pdbqt	/home/anacleto/Desktop/manuscript_Mpro/naturecomm/supplementary_file_S2/6-chemical-library/molecular_docking/combined_complexes/7cam_1479_combined/7cam_1479_combined_pose_1.pdb
O=C1C(=C)C(=O)c(c12)cccc2	148	1	-4.392	-4.571	/home/anacleto/Desktop/manuscript_Mpro/naturecomm/supplementary_file_S2/6-chemical-library/molecular_docking/PDBQT/7cam_A_148_chainA/docking_148_chainA_out.pdbqt	/home/anacleto/Desktop/manuscript_Mpro/naturecomm/supplementary_file_S2/6-chemical-library/molecular_docking/PDBQT/7cam_B_148_chainB/docking_148_chainB_out.pdbqt	/home/anacleto/Desktop/manuscript_Mpro/naturecomm/supplementary_file_S2/6-chemical-library/molecular_docking/combined_complexes/7cam_148_combined/7cam_148_combined_pose_1.pdb
c1ncncc1C(=O)OCC(=O)CNC(=O)CNC(=O)c(c2)[nH]c(c23)cccc3	1480	1	-5.874	-5.977	/home/anacleto/Desktop/manuscript_Mpro/naturecomm/supplementary_file_S2/6-chemical-library/molecular_docking/PDBQT/7cam_A_1480_chainA/docking_1480_chainA_out.pdbqt	/home/anacleto/Desktop/manuscript_Mpro/naturecomm/supplementary_file_S2/6-chemical-library/molecular_docking/PDBQT/7cam_B_1480_chainB/docking_1480_chainB_out.pdbqt	/home/anacleto/Desktop/manuscript_Mpro/naturecomm/supplementary_file_S2/6-chemical-library/molecular_docking/combined_complexes/7cam_1480_combined/7cam_1480_combined_pose_1.pdb
c1ncccc1C(=O)OCC(=O)CNC(=O)CNC(=O)c(c2)[nH]c(c23)cccc3	1482	1					
c1cnccc1C(=O)OCC(=O)CNC(=O)CNC(=O)c(c2)[nH]c(c23)cccc3	1483	1					
c1ccccc1C(=O)OCC(=O)CNC(=O)CNC(=O)c(c2)[nH]c(c23)cccc3	1484	1					
c1[nH]ncc1C(=O)OCC(=O)CNC(=O)CNC(=O)c(c2)[nH]c(c23)cccc3	1485	1					
c1cccc(c12)cncc2NC(=O)CNC(=O)COCC(=O)N3CCCC3	1486	1					
c1ccccc1CCNC(=O)CNC(=O)c(cc2)nc(c23)[nH]c(=O)[nH]c3=O	1487	1					
c1ccccc1C(=O)NCC(=O)NCC(=O)Nc2cncc(c23)cccc3	1488	1					
c1ccccc1CCNC(=O)CNC(=O)c(c2)nn(c23)CCNS3(=O)=O	1489	1					
c1cccc(c12)cccc(=O)c2	149	1	-4.664	-4.85	/home/anacleto/Desktop/manuscript_Mpro/naturecomm/supplementary_file_S2/6-chemical-library/molecular_docking/PDBQT/7cam_A_149_chainA/docking_149_chainA_out.pdbqt	/home/anacleto/Desktop/manuscript_Mpro/naturecomm/supplementary_file_S2/6-chemical-library/molecular_docking/PDBQT/7cam_B_149_chainB/docking_149_chainB_out.pdbqt	/home/anacleto/Desktop/manuscript_Mpro/naturecomm/supplementary_file_S2/6-chemical-library/molecular_docking/combined_complexes/7cam_149_combined/7cam_149_combined_pose_1.pdb
c1ccccc1CCNC(=O)CNC(=O)c2[nH]nc(c23)CCS(=O)(=O)C3	1490	1					
c1ccccc1CCNC(=O)CNC(=O)c(c2)[nH]c(c23)[nH]c(=O)[nH]c3=O	1491	1					
O=c1ccn(c(=O)[nH]1)CC(=O)NCC(=O)Nc2cncc(c23)cccc3	1492	1					
c1ccccc1CCNC(=O)CNC(=O)c(cc2=O)oc(c23)cccc3	1493	1					
c1cccc(c12)[nH]cc2CCC(=O)NCC(=O)NCCc3ccccc3	1494	1					
c1ccccc1CCNC(=O)CNc(c2)ccc(c23)S(=O)(=O)CCC3	1495	1					
N1CCCC(C1=O)CCNC(=O)CNC(=O)c(c2)[nH]c(c23)cccc3	1496	1					
C1CCC1C(=O)NCC(=O)NCC(=O)Nc2cncc(c23)cccc3	1497	1					
c1ccccc1CCNC(=O)CNC(=O)c2nnn(c23)cc[nH]c3=O	1498	1					
c1ccccc1CCNC(=O)CNC(=O)c([nH]2)cc(=O)n(c23)ncn3	1499	1					
C=C1C(=O)NNC1=O	15	1	-4.031	-4.341	/home/anacleto/Desktop/manuscript_Mpro/naturecomm/supplementary_file_S2/6-chemical-library/molecular_docking/PDBQT/7cam_A_15_chainA/docking_15_chainA_out.pdbqt	/home/anacleto/Desktop/manuscript_Mpro/naturecomm/supplementary_file_S2/6-chemical-library/molecular_docking/PDBQT/7cam_B_15_chainB/docking_15_chainB_out.pdbqt	/home/anacleto/Desktop/manuscript_Mpro/naturecomm/supplementary_file_S2/6-chemical-library/molecular_docking/combined_complexes/7cam_15_combined/7cam_15_combined_pose_1.pdb
C1CCC12C(=O)O[Pt-2]OC2=O	150	1					
c1cccc(c12)cncc2NC(=O)CNC(=O)COc3ccccc3	1500	1					
c1ncccc1NC(=O)CNS(=O)(=O)c2cccc(c23)cccn3	1501	1					
c1ccccc1CCNC(=O)CNC(=O)c(n2)sc(c23)ccnc3	1502	1					
n1ccncc1C(=O)NCC(=O)NCC(=O)N(C2)CC(C23)CCC3	1503	1					
O=C1CCC(N1)C(=O)NCC(=O)NCCc2c[nH]c(c23)cccc3	1504	1					
N1CCC(C1=O)CCNC(=O)CNC(=O)c(c2)[nH]c(c23)cccc3	1505	1					
N1CCN(C1=O)CC(=O)NCC(=O)Nc2cncc(c23)cccc3	1506	1					
O=C1CCC(CN1)C(=O)NCC(=O)Nc2cncc(c23)cccc3	1507	1					
c1ccccc1CCNC(=O)CNC(=O)c(n2)nn(c23)cccn3	1508	1					
c1ccccc1CCNC(=O)CNc(c2)ccc(c23)NC(=O)CC3	1509	1					
C1S(=O)(=O)CC(C12)CNCC2	151	1	-4.129	-4.125	/home/anacleto/Desktop/manuscript_Mpro/naturecomm/supplementary_file_S2/6-chemical-library/molecular_docking/PDBQT/7cam_A_151_chainA/docking_151_chainA_out.pdbqt	/home/anacleto/Desktop/manuscript_Mpro/naturecomm/supplementary_file_S2/6-chemical-library/molecular_docking/PDBQT/7cam_B_151_chainB/docking_151_chainB_out.pdbqt	/home/anacleto/Desktop/manuscript_Mpro/naturecomm/supplementary_file_S2/6-chemical-library/molecular_docking/combined_complexes/7cam_151_combined/7cam_151_combined_pose_1.pdb
c1ccccc1CCNC(=O)CNCc2cccc(c23)CCCC3	1510	1					
c1ccccc1CCNC(=O)CNC(=O)c(n2)cn(c23)cccc3	1511	1					
c1ccccc1CCNC(=O)CNC(=O)c(c2)[nH]c(c23)cccc3	1512	1					
c1ccccc1CC(=O)NCC(=O)Nc2cncc(c23)cccc3	1513	1					
c1ccccc1CCNC(=O)CNC(=O)c(n2)sc(c23)CCC3	1514	1					
s1cccc1CCC(=O)NCC(=O)N(CC2)Cc(c23)cccc3	1515	1					
O1CCNCC1C(=O)NCC(=O)Nc2cncc(c23)cccc3	1516	1					
C1OCCc(c12)[nH]c(=O)c(c2)CC(=O)NCCc3ccccc3	1517	1					
o1cccc1CCCNC(=O)Nc2c[nH]c(=O)c(c23)cccc3	1518	1					
n1ncnn1CC(=O)NCC(=O)Nc2cncc(c23)cccc3	1519	1					
c1cnn(c12)CCNS2(=O)=O	152	1	-4.193	-3.81	/home/anacleto/Desktop/manuscript_Mpro/naturecomm/supplementary_file_S2/6-chemical-library/molecular_docking/PDBQT/7cam_A_152_chainA/docking_152_chainA_out.pdbqt	/home/anacleto/Desktop/manuscript_Mpro/naturecomm/supplementary_file_S2/6-chemical-library/molecular_docking/PDBQT/7cam_B_152_chainB/docking_152_chainB_out.pdbqt	/home/anacleto/Desktop/manuscript_Mpro/naturecomm/supplementary_file_S2/6-chemical-library/molecular_docking/combined_complexes/7cam_152_combined/7cam_152_combined_pose_1.pdb
c1ccccc1CCNC(=O)CNc(c2)ccc(c23)COCC3	1520	1					
c1ccccc1CCNC(=O)CNc(c2)ccc(c23)CCOC3	1521	1					
c1ccccc1CCNC(=O)CNC(C2)COc(c23)cccc3	1522	1					
c1cccc(c12)NC(=O)CC2C(=O)NCCOc3ccccc3	1523	1					
n1cncn1CC(=O)NCC(=O)Nc2cncc(c23)cccc3	1524	1					
c1cccc(c12)[nH]c(=O)cc2C(=O)NCCOc3ccccc3	1525	1					
c1cccn(c12)c(=O)c(cn2)CC(=O)NCCc3ccccc3	1526	1					
c1cccc(c12)[nH]c(=O)cc2C(=O)NCCNc3ccccc3	1527	1					
c1ncccc1NC(=O)CC(=O)c2cc(=O)[nH]c(c23)cccc3	1528	1					
c1ccccc1CCNC(=O)Cc2cc(=O)[nH]c(c23)cccc3	1529	1					
c1[nH]nc(c12)CCS(=O)(=O)C2	153	1	-4.147	-4.103	/home/anacleto/Desktop/manuscript_Mpro/naturecomm/supplementary_file_S2/6-chemical-library/molecular_docking/PDBQT/7cam_A_153_chainA/docking_153_chainA_out.pdbqt	/home/anacleto/Desktop/manuscript_Mpro/naturecomm/supplementary_file_S2/6-chemical-library/molecular_docking/PDBQT/7cam_B_153_chainB/docking_153_chainB_out.pdbqt	/home/anacleto/Desktop/manuscript_Mpro/naturecomm/supplementary_file_S2/6-chemical-library/molecular_docking/combined_complexes/7cam_153_combined/7cam_153_combined_pose_1.pdb
c1ccccc1CCNC(=O)CCc(c2)ccc(c23)cccc3	1530	1					
O=S1(=O)CCC(CC1)CS(=O)(=O)N(CC2)Cc(c23)cccc3	1531	1					
c1cccc(c12)N(CCC2)CCNS(=O)(=O)c3ccccc3	1532	1					
c1ccccc1CC(=O)NC2CS(=O)(=O)Cc(c23)cccc3	1533	1					
n1csc(c12)ccc(c2)NCC(=O)NCCc3ccccc3	1534	1					
n1csc(c12)cc(cc2)NCC(=O)NCCc3ccccc3	1535	1					
c1cccc(c12)CN(CCC2)C(=S)NCCc3ccccc3	1536	1					
c1ccccc1CCNC(=O)CNC(CO2)CC23CCCC3	1537	1					
c1ccccc1CCNC(=O)CNC(C2)CCC(C23)OCC3	1538	1					
O1CCC12CCC(CC2)NCC(=O)NCCc3ccccc3	1539	1					
N1C(=O)NC(=O)C12CCSC2	154	1	-4.419	-3.989	/home/anacleto/Desktop/manuscript_Mpro/naturecomm/supplementary_file_S2/6-chemical-library/molecular_docking/PDBQT/7cam_A_154_chainA/docking_154_chainA_out.pdbqt	/home/anacleto/Desktop/manuscript_Mpro/naturecomm/supplementary_file_S2/6-chemical-library/molecular_docking/PDBQT/7cam_B_154_chainB/docking_154_chainB_out.pdbqt	/home/anacleto/Desktop/manuscript_Mpro/naturecomm/supplementary_file_S2/6-chemical-library/molecular_docking/combined_complexes/7cam_154_combined/7cam_154_combined_pose_1.pdb
c1cccc(c12)n(nn2)CC(=O)NCC(=O)N3CCNCC3	1540	1					
c1[nH]c(=O)[nH]c(=O)c1CNC(=O)C2CCOc(c23)cccc3	1541	1					
C1CCC12CC(CCC2)NCC(=O)NCCc3ccccc3	1542	1					
c1ccccc1CNC(=O)Cn(n2)c(=O)c(=O)n(c23)CCC3	1543	1					
O1CCCC1C(=O)NCC(=O)Nc2cncc(c23)cccc3	1544	1					
o1cccc1C(=O)NCC(=O)NCn(nn2)c(c23)cccc3	1545	1					
c1cccc(c12)n(cn2)CC(=O)NCCNC(=O)C3=CCC3	1546	1					
C1NCCC1C(=O)NCC(=O)Nc2cncc(c23)cccc3	1547	1					
c1oncc1CCNC(=O)Nc2c[nH]c(=O)c(c23)cccc3	1548	1					
O1N=CCC1C(=O)NCC(=O)Nc2cncc(c23)cccc3	1549	1					
C1SCCc(c12)[nH]cnc2=O	155	1	-4.204	-4.106	/home/anacleto/Desktop/manuscript_Mpro/naturecomm/supplementary_file_S2/6-chemical-library/molecular_docking/PDBQT/7cam_A_155_chainA/docking_155_chainA_out.pdbqt	/home/anacleto/Desktop/manuscript_Mpro/naturecomm/supplementary_file_S2/6-chemical-library/molecular_docking/PDBQT/7cam_B_155_chainB/docking_155_chainB_out.pdbqt	/home/anacleto/Desktop/manuscript_Mpro/naturecomm/supplementary_file_S2/6-chemical-library/molecular_docking/combined_complexes/7cam_155_combined/7cam_155_combined_pose_1.pdb
C1CCCCC1CCNC(=O)Nc2cncc(c23)cccc3	1550	1					
O=c1[nH]c(=O)[nH]c(c12)nc(cc2)C(=O)NCc3cccnc3	1551	1					
C1CCCCC1CCNC(=O)Cc2cncc(c23)cccc3	1552	1					
c1ccccc1CCNC(=O)CNC2COc(c23)cccc3	1553	1					
[nH]1c(=O)[nH]c(c12)ccc(c2)NC(=O)CNCc3ccccc3	1554	1					
n1coc(c12)cc(cc2)NCC(=O)NCCc3ccccc3	1555	1					
n1[nH]ccc1C(=O)NCC(=O)Nc2cncc(c23)cccc3	1556	1					
c1ccccc1CCNC(=O)CNC2CCc(c23)cccc3	1557	1					
n1c[nH]c(c12)ccc(c2)NCC(=O)NCCc3ccccc3	1558	1					
n1c[nH]c(c12)cc(cc2)NCC(=O)NCCc3ccccc3	1559	1					
C1=CS(=O)(=O)c(c12)cccc2	156	1	-4.246	-4.284	/home/anacleto/Desktop/manuscript_Mpro/naturecomm/supplementary_file_S2/6-chemical-library/molecular_docking/PDBQT/7cam_A_156_chainA/docking_156_chainA_out.pdbqt	/home/anacleto/Desktop/manuscript_Mpro/naturecomm/supplementary_file_S2/6-chemical-library/molecular_docking/PDBQT/7cam_B_156_chainB/docking_156_chainB_out.pdbqt	/home/anacleto/Desktop/manuscript_Mpro/naturecomm/supplementary_file_S2/6-chemical-library/molecular_docking/combined_complexes/7cam_156_combined/7cam_156_combined_pose_1.pdb
c1ccccc1CCNC(=O)CNc(c2)ccc(c23)[nH]nc3	1560	1					
c1cccc(c12)CN(C2=O)CC(=O)NCCc3ccccc3	1561	1					
c1ccccc1CCOC(=O)C=Cc2cccc(c23)OCC3	1562	1					
c1ccccc1CCNC(=O)CNc(c2)ccc(c23)[nH]cc3	1563	1					
c1ccccc1OCCC(=O)Nc2cncc(c23)cccc3	1564	1					
c1ccccc1CCNC(=O)c2cc(=O)[nH]c(c23)cccc3	1565	1					
c1cccc(c12)cncc2C(=O)NCCOc3ccccc3	1566	1					
c1cccc(c12)cccc2C(=O)NCCOc3ccccc3	1567	1					
c1ccccc1CCNC(=O)Cc2cncc(c23)cccc3	1568	1					
c1cccc(c12)ccc(c2)C(=O)CCNCc3ccccc3	1569	1					
c1cccc(c12)SCCCN2	157	1	-4.495	-4.299	/home/anacleto/Desktop/manuscript_Mpro/naturecomm/supplementary_file_S2/6-chemical-library/molecular_docking/PDBQT/7cam_A_157_chainA/docking_157_chainA_out.pdbqt	/home/anacleto/Desktop/manuscript_Mpro/naturecomm/supplementary_file_S2/6-chemical-library/molecular_docking/PDBQT/7cam_B_157_chainB/docking_157_chainB_out.pdbqt	/home/anacleto/Desktop/manuscript_Mpro/naturecomm/supplementary_file_S2/6-chemical-library/molecular_docking/combined_complexes/7cam_157_combined/7cam_157_combined_pose_1.pdb
c1ccccc1CCNS(=O)(=O)c2cccc(c23)scn3	1570	1					
c1[nH]ncc1CNS(=O)(=O)N(CC2)CCC23CCCCC3	1571	1					
O=S1(=O)NCCn(c12)nc(c2)C(=O)NCc3cccnc3	1572	1					
C1S(=O)(=O)CCc(c12)n[nH]c2C(=O)NCc3cccnc3	1573	1					
s1cccc1CNCC(=O)Nc(c2)ccc(c23)[nH]c(=O)[nH]3	1574	1					
c1ccccc1CCNC(=O)Cc2snc(c23)cccc3	1575	1					
c1ccccc1C(=O)NC(=S)N(CCC2)c(c23)cccc3	1576	1					
C1CCCCC1CC(=O)NCC(=O)N(C2)CC(C23)CCC3	1577	1					
O=C1NC(CN1)C(=O)NCCN(CC2)Cc(c23)cccc3	1578	1					
[nH]1ccnc1NC(=O)COCC2CCOc(c23)cccc3	1579	1					
C1CNCCC12CCCCC2	158	1	-4.292	-4.189	/home/anacleto/Desktop/manuscript_Mpro/naturecomm/supplementary_file_S2/6-chemical-library/molecular_docking/PDBQT/7cam_A_158_chainA/docking_158_chainA_out.pdbqt	/home/anacleto/Desktop/manuscript_Mpro/naturecomm/supplementary_file_S2/6-chemical-library/molecular_docking/PDBQT/7cam_B_158_chainB/docking_158_chainB_out.pdbqt	/home/anacleto/Desktop/manuscript_Mpro/naturecomm/supplementary_file_S2/6-chemical-library/molecular_docking/combined_complexes/7cam_158_combined/7cam_158_combined_pose_1.pdb
C1CCC(C12)CC(C2)NCC(=O)NCCc3ccccc3	1580	1					
O1CCCC1CNCC(=O)Nc2cncc(c23)cccc3	1581	1					
N1CCN(CC1=O)C(=O)CCCc2c[nH]c(c23)cccc3	1582	1					
O=c1[nH]c(=O)[nH]c(c12)[nH]c(c2)C(=O)NCc3cccnc3	1583	1					
c1ccccc1CNC(=O)Cn(c2=O)ncn(c23)ncc3	1584	1					
c1ccccc1CNC(=O)Cn(c2=O)cnc(c23)[nH]nc3	1585	1					
o1cccc1CNC(=O)Nc2c[nH]c(=O)c(c23)cccc3	1586	1					
c1ncccc1NC(=O)CN2C(=O)COc(c23)cccc3	1587	1					
c1cccc(c12)[nH]c(c2)C(=O)NCCN3C(=O)C=CC3=O	1588	1					
n1c[nH]cc1CCC(=O)NCCc2c[nH]c(c23)cccc3	1589	1					
C1CCn(c12)c(=O)c(=O)[nH]n2	159	1	-4.132	-3.99	/home/anacleto/Desktop/manuscript_Mpro/naturecomm/supplementary_file_S2/6-chemical-library/molecular_docking/PDBQT/7cam_A_159_chainA/docking_159_chainA_out.pdbqt	/home/anacleto/Desktop/manuscript_Mpro/naturecomm/supplementary_file_S2/6-chemical-library/molecular_docking/PDBQT/7cam_B_159_chainB/docking_159_chainB_out.pdbqt	/home/anacleto/Desktop/manuscript_Mpro/naturecomm/supplementary_file_S2/6-chemical-library/molecular_docking/combined_complexes/7cam_159_combined/7cam_159_combined_pose_1.pdb
[nH]1cncc1CCC(=O)NCCc2c[nH]c(c23)cccc3	1590	1					
c1ccccc1NC(=O)NCc(c2)ccc(c23)[nH]c(=O)[nH]3	1591	1					
c1ccccc1NC(=O)c(cc2)nc(c23)[nH]c(=O)[nH]c3=O	1592	1					
c1ncccc1NC(=O)CCN(CCC2)c(c23)cccc3	1593	1					
c1ccccc1CNC(=O)CC2CCOc(c23)cccc3	1594	1					
n1cnn(c12)cc(cn2)CC(=O)NCCc3ccccc3	1595	1					
c1ccccc1NCC(=O)NCn(nn2)c(c23)cccc3	1596	1					
c1ccccc1CCNC(=O)CNC2Cc(c23)cccc3	1597	1					
c1ccccc1CC(=O)NC2C(=O)NCc(c23)cccc3	1598	1					
c1cccc(c12)oc(cc2=O)C(=O)NCc3cccnc3	1599	1					
N=c1cc[nH]c(=O)[nH]1	16	1	-4.123	-4.104	/home/anacleto/Desktop/manuscript_Mpro/naturecomm/supplementary_file_S2/6-chemical-library/molecular_docking/PDBQT/7cam_A_16_chainA/docking_16_chainA_out.pdbqt	/home/anacleto/Desktop/manuscript_Mpro/naturecomm/supplementary_file_S2/6-chemical-library/molecular_docking/PDBQT/7cam_B_16_chainB/docking_16_chainB_out.pdbqt	/home/anacleto/Desktop/manuscript_Mpro/naturecomm/supplementary_file_S2/6-chemical-library/molecular_docking/combined_complexes/7cam_16_combined/7cam_16_combined_pose_1.pdb
[nH]1cnc(c12)[nH]c(=O)[nH]c2=O	160	1	-4.723	-4.489	/home/anacleto/Desktop/manuscript_Mpro/naturecomm/supplementary_file_S2/6-chemical-library/molecular_docking/PDBQT/7cam_A_160_chainA/docking_160_chainA_out.pdbqt	/home/anacleto/Desktop/manuscript_Mpro/naturecomm/supplementary_file_S2/6-chemical-library/molecular_docking/PDBQT/7cam_B_160_chainB/docking_160_chainB_out.pdbqt	/home/anacleto/Desktop/manuscript_Mpro/naturecomm/supplementary_file_S2/6-chemical-library/molecular_docking/combined_complexes/7cam_160_combined/7cam_160_combined_pose_1.pdb
c1cccn(c12)c(cn2)CC(=O)NCCc3ccccc3	1600	1					
c1ccccc1CCNC(=O)Cc2n[nH]c(c23)cccc3	1601	1					
c1ccccc1CCNC(=O)Cc2[nH]nc(c23)cccc3	1602	1					
c1ccccc1CCNC(=O)Cc2coc(c23)cccc3	1603	1					
c1ncccc1CNC(=O)c2cc(=O)[nH]c(c23)cccc3	1604	1					
c1ccccc1CC(=O)Nn(c2=O)cnc(c23)cccc3	1605	1					
c1ccccc1OCC(=O)Nc2cncc(c23)cccc3	1606	1					
c1ccccc1CC(=O)Nc2cc(=O)[nH]c(c23)cccc3	1607	1					
c1ccccc1CC(=O)Nc2c[nH]c(=O)c(c23)cccc3	1608	1					
c1ccccc1CNC(=O)Cc2cncc(c23)cccc3	1609	1					
O=C1NC(=O)C(C12)CC=CC2	161	1	-4.368	-4.27	/home/anacleto/Desktop/manuscript_Mpro/naturecomm/supplementary_file_S2/6-chemical-library/molecular_docking/PDBQT/7cam_A_161_chainA/docking_161_chainA_out.pdbqt	/home/anacleto/Desktop/manuscript_Mpro/naturecomm/supplementary_file_S2/6-chemical-library/molecular_docking/PDBQT/7cam_B_161_chainB/docking_161_chainB_out.pdbqt	/home/anacleto/Desktop/manuscript_Mpro/naturecomm/supplementary_file_S2/6-chemical-library/molecular_docking/combined_complexes/7cam_161_combined/7cam_161_combined_pose_1.pdb
c1ccccc1CCC(=O)Nc2cncc(c23)cccc3	1610	1					
c1ccccc1C(=O)NCCc(c2)ccc(c23)cccc3	1611	1					
O=S1(=O)CC(C1)CS(=O)(=O)N(CC2)Cc(c23)cccc3	1612	1					
s1cccc1S(=O)(=O)N=Cc2cccc(c23)cccc3	1613	1					
C1CNCCN1C(=O)C(N2)NS(=O)(=O)c(c23)cccc3	1614	1					
C1COCCC1CS(=O)(=O)N(CC2)Cc(c23)cccc3	1615	1					
c1ncccc1CNS(=O)(=O)c(n2)cn(c23)CCCC3	1616	1					
c1ccccc1NC(=O)c(c2)nn(c23)CCNS3(=O)=O	1617	1					
[nH]1cnnc1NC(=O)C2CCS(=O)(=O)c(c23)cccc3	1618	1					
n1cocc1C(=O)Nc(c2)ccc(c23)S(=O)(=O)CCC3	1619	1					
C1OCCc(c12)[nH]c(=O)cc2	162	1	-4.431	-4.236	/home/anacleto/Desktop/manuscript_Mpro/naturecomm/supplementary_file_S2/6-chemical-library/molecular_docking/PDBQT/7cam_A_162_chainA/docking_162_chainA_out.pdbqt	/home/anacleto/Desktop/manuscript_Mpro/naturecomm/supplementary_file_S2/6-chemical-library/molecular_docking/PDBQT/7cam_B_162_chainB/docking_162_chainB_out.pdbqt	/home/anacleto/Desktop/manuscript_Mpro/naturecomm/supplementary_file_S2/6-chemical-library/molecular_docking/combined_complexes/7cam_162_combined/7cam_162_combined_pose_1.pdb
c1ccccc1NC(=O)c2[nH]nc(c23)CCS(=O)(=O)C3	1620	1					
[nH]1cncc1C(=O)Nc(c2)ccc(c23)S(=O)(=O)CCC3	1621	1					
o1ccc(=O)cc1CN(C2=O)S(=O)(=O)c(c23)cccc3	1622	1					
o1ncnc1CNS(=O)(=O)c(c2)ccc(c23)cccc3	1623	1					
[nH]1c(=O)[nH]c(c12)ccc(c2)NS(=O)(=O)c3ccccc3	1624	1					
c1ncccc1CNc(c2)ccc(c23)S(=O)(=O)CCC3	1625	1					
c1ncccc1CNS(=O)(=O)C(C2)Cc(c23)cccc3	1626	1					
C1C=CS=C1CNC(=O)CN(C2=O)Cc(c23)cccc3	1627	1					
c1csc(c12)n(c(=O)nc2)CC(=O)Nc3ccccc3	1628	1					
c1ccccc1NC(=S)Nc(c2)ccc(c23)[nH]c(=O)[nH]3	1629	1					
c1c[nH]c(c12)[nH]c(=O)[nH]c2=O	163	1	-4.902	-4.534	/home/anacleto/Desktop/manuscript_Mpro/naturecomm/supplementary_file_S2/6-chemical-library/molecular_docking/PDBQT/7cam_A_163_chainA/docking_163_chainA_out.pdbqt	/home/anacleto/Desktop/manuscript_Mpro/naturecomm/supplementary_file_S2/6-chemical-library/molecular_docking/PDBQT/7cam_B_163_chainB/docking_163_chainB_out.pdbqt	/home/anacleto/Desktop/manuscript_Mpro/naturecomm/supplementary_file_S2/6-chemical-library/molecular_docking/combined_complexes/7cam_163_combined/7cam_163_combined_pose_1.pdb
n1cscc1CNC(=O)Cc2cncc(c23)cccc3	1630	1					
c1ccccc1NC(=O)CNc(cc2)cc(c23)scn3	1631	1					
s1cccc1CNC(=O)Cc2cncc(c23)cccc3	1632	1					
c1sccc1CNC(=O)Cc2cncc(c23)cccc3	1633	1					
n1cccnc1SC(=O)Cc(c2)ccc(c23)cccc3	1634	1					
C1CC1NC(=O)C(=O)CNC(=O)C2NCC(C23)CCC3	1635	1					
N1CCOCC1C(=O)NCC2CCOc(c23)cccc3	1636	1					
n1cocc1C(=O)NCc(c2)c(=O)[nH]c(c23)CCOC3	1637	1					
C1CNCCC1NC(=O)CC2CCOc(c23)cccc3	1638	1					
N1CCC(CC1=O)NC(=O)C2CCOc(c23)cccc3	1639	1					
N1C(=O)COc(c12)nccc2	164	1	-4.533	-4.326	/home/anacleto/Desktop/manuscript_Mpro/naturecomm/supplementary_file_S2/6-chemical-library/molecular_docking/PDBQT/7cam_A_164_chainA/docking_164_chainA_out.pdbqt	/home/anacleto/Desktop/manuscript_Mpro/naturecomm/supplementary_file_S2/6-chemical-library/molecular_docking/PDBQT/7cam_B_164_chainB/docking_164_chainB_out.pdbqt	/home/anacleto/Desktop/manuscript_Mpro/naturecomm/supplementary_file_S2/6-chemical-library/molecular_docking/combined_complexes/7cam_164_combined/7cam_164_combined_pose_1.pdb
C1COCCN1CCCn(c2=O)ncc(c23)cccc3	1640	1					
c1[nH]c(=O)[nH]c(=O)c1NCC2CCOc(c23)cccc3	1641	1					
C1CCC12CC(C2)NCC(=O)NCCc3ccccc3	1642	1					
C1CCC1CNC(=O)CN(C2=O)CCc(c23)cccc3	1643	1					
c1nccn1CC(=O)NCC2CCOc(c23)cccc3	1644	1					
[nH]1cncc1CNC(=O)CC2CCOc(c23)cccc3	1645	1					
[nH]1ccnc1CNC(=O)CC2CCOc(c23)cccc3	1646	1					
N1CCN(CC1=O)C(=O)c2cc(=O)[nH]c(c23)cccc3	1647	1					
c1cccc(c12)[nH]c(c2)C(=O)NCCC3CCCCC3	1648	1					
C1CNCCN1CC(=O)Nc2cncc(c23)cccc3	1649	1					
C1CCCCC12C=CNC=C2	165	1	-4.598	-4.364	/home/anacleto/Desktop/manuscript_Mpro/naturecomm/supplementary_file_S2/6-chemical-library/molecular_docking/PDBQT/7cam_A_165_chainA/docking_165_chainA_out.pdbqt	/home/anacleto/Desktop/manuscript_Mpro/naturecomm/supplementary_file_S2/6-chemical-library/molecular_docking/PDBQT/7cam_B_165_chainB/docking_165_chainB_out.pdbqt	/home/anacleto/Desktop/manuscript_Mpro/naturecomm/supplementary_file_S2/6-chemical-library/molecular_docking/combined_complexes/7cam_165_combined/7cam_165_combined_pose_1.pdb
c1c[nH]c(=O)cc1NC(=O)C2CCOc(c23)cccc3	1650	1					
O1COc(c12)ccc(c2)NC(=O)CNc3ccccc3	1651	1					
n1cnn(c12)c(=O)cc([nH]2)C(=O)NCc3cccnc3	1652	1					
n1ccccc1C(=O)NCc(nn2)n(c23)cc[nH]c3=O	1653	1					
c1ncccc1CNC(=O)c2nnn(c23)cc[nH]c3=O	1654	1					
n1cocc1C(=O)NCc(cn2)c(=O)n(c23)cccc3	1655	1					
c1ccccc1NC(=O)c(c2)[nH]c(c23)[nH]c(=O)[nH]c3=O	1656	1					
n1cocc1C(=O)NCc2cc(=O)[nH]c(c23)cccc3	1657	1					
n1ccncc1NC(=O)CN(CCC2)c(c23)cccc3	1658	1					
c1ncccc1CC(=O)NC2CCOc(c23)cccc3	1659	1					
c1cccc(c12)OCCNC2	166	1	-4.519	-4.338	/home/anacleto/Desktop/manuscript_Mpro/naturecomm/supplementary_file_S2/6-chemical-library/molecular_docking/PDBQT/7cam_A_166_chainA/docking_166_chainA_out.pdbqt	/home/anacleto/Desktop/manuscript_Mpro/naturecomm/supplementary_file_S2/6-chemical-library/molecular_docking/PDBQT/7cam_B_166_chainB/docking_166_chainB_out.pdbqt	/home/anacleto/Desktop/manuscript_Mpro/naturecomm/supplementary_file_S2/6-chemical-library/molecular_docking/combined_complexes/7cam_166_combined/7cam_166_combined_pose_1.pdb
c1ncccc1CC(=O)N(C2)CCOc(c23)cccc3	1660	1					
c1ccccc1CC(=O)Nc2cncc(c23)CCCO3	1661	1					
c1cccc(c12)OCC2C(=O)OCCc3ccccc3	1662	1					
c1[nH]c(=O)[nH]c(=O)c1CNc2cncc(c23)cccc3	1663	1					
[nH]1cncc1C(=O)NCc2cc(=O)[nH]c(c23)cccc3	1664	1					
o1cccc1C(=O)NCc2cc(=O)[nH]c(c23)cccc3	1665	1					
c1ccccc1CC(=O)Nc2cncc(c23)NCCC3	1666	1					
c1ccccc1CC(=O)Nc2cncc(c23)CCCN3	1667	1					
c1ccccc1CC(=O)NC2COCc(c23)cccc3	1668	1					
c1ncccc1CC(=O)NCn(nn2)c(c23)cccc3	1669	1					
N1C(=O)COc(c12)cccc2	167	1	-4.67	-4.464	/home/anacleto/Desktop/manuscript_Mpro/naturecomm/supplementary_file_S2/6-chemical-library/molecular_docking/PDBQT/7cam_A_167_chainA/docking_167_chainA_out.pdbqt	/home/anacleto/Desktop/manuscript_Mpro/naturecomm/supplementary_file_S2/6-chemical-library/molecular_docking/PDBQT/7cam_B_167_chainB/docking_167_chainB_out.pdbqt	/home/anacleto/Desktop/manuscript_Mpro/naturecomm/supplementary_file_S2/6-chemical-library/molecular_docking/combined_complexes/7cam_167_combined/7cam_167_combined_pose_1.pdb
c1cccc(c12)n(nn2)NC(=O)NCc3ccccc3	1670	1					
c1cccc(c12)n(nn2)CC(=O)NCc3cccnc3	1671	1					
c1cccc(c12)n(nn2)CC(=O)NCc3ccccn3	1672	1					
n1ccccc1NC(=O)CN(C2=O)Cc(c23)cccc3	1673	1					
c1ncccc1NC(=O)CN(C2=O)Cc(c23)cccc3	1674	1					
c1cnccc1NC(=O)CN(C2=O)Cc(c23)cccc3	1675	1					
c1ccccc1CC(=O)Nc2cncc(c23)CCCC3	1676	1					
n1ccncc1C(=O)NCCc2c[nH]c(c23)cccc3	1677	1					
n1ccccc1CNC(=O)Cc2cnn(c23)cccc3	1678	1					
c1cnccc1CNC(=O)Cc2c[nH]c(c23)nccc3	1679	1					
c1ncnc(c12)CCCC2=O	168	1	-4.015	-4.053	/home/anacleto/Desktop/manuscript_Mpro/naturecomm/supplementary_file_S2/6-chemical-library/molecular_docking/PDBQT/7cam_A_168_chainA/docking_168_chainA_out.pdbqt	/home/anacleto/Desktop/manuscript_Mpro/naturecomm/supplementary_file_S2/6-chemical-library/molecular_docking/PDBQT/7cam_B_168_chainB/docking_168_chainB_out.pdbqt	/home/anacleto/Desktop/manuscript_Mpro/naturecomm/supplementary_file_S2/6-chemical-library/molecular_docking/combined_complexes/7cam_168_combined/7cam_168_combined_pose_1.pdb
c1ccccc1CNC(=O)Cc2nnn(c23)cccc3	1680	1					
c1ccccc1CCC(=O)Nc2nnn(c23)cccc3	1681	1					
c1cccc(c12)n(nn2)NC(=O)CCc3ccccc3	1682	1					
c1cccc(c12)n(nn2)CC(=O)NCc3ccccc3	1683	1					
c1cccc(c12)n(cn2)CC(=O)NCc3ccccn3	1684	1					
c1ccccc1NC(=O)CN(C2=O)Cc(c23)cccc3	1685	1					
c1ccccc1CNC(=O)Cc2noc(c23)cccc3	1686	1					
c1ccccc1CC(=O)NC2C(=O)Nc(c23)cccc3	1687	1					
c1ccccc1CNCc([nH]c2=O)nc(c23)cccc3	1688	1					
c1ccccc1CNC(=O)Cc2[nH]nc(c23)cccc3	1689	1					
N1C(=O)CNc(c12)cccc2	169	1	-4.684	-4.488	/home/anacleto/Desktop/manuscript_Mpro/naturecomm/supplementary_file_S2/6-chemical-library/molecular_docking/PDBQT/7cam_A_169_chainA/docking_169_chainA_out.pdbqt	/home/anacleto/Desktop/manuscript_Mpro/naturecomm/supplementary_file_S2/6-chemical-library/molecular_docking/PDBQT/7cam_B_169_chainB/docking_169_chainB_out.pdbqt	/home/anacleto/Desktop/manuscript_Mpro/naturecomm/supplementary_file_S2/6-chemical-library/molecular_docking/combined_complexes/7cam_169_combined/7cam_169_combined_pose_1.pdb
c1ccccc1CC(=O)NCc(n2)[nH]c(c23)cccc3	1690	1					
c1cccc(c12)n(cn2)NC(=O)CCc3ccccc3	1691	1					
c1cccc(c12)n(cn2)CC(=O)NCc3ccccc3	1692	1					
c1ccccc1CC(=O)NC(CC2=O)c(c23)cccc3	1693	1					
c1ccccc1CC(=O)N(CC2=O)Cc(c23)cccc3	1694	1					
c1cccc(c12)N(CC(=O)C2)C(=O)Cc3ccccc3	1695	1					
c1ccccc1NC(=O)c(cc2=O)oc(c23)cccc3	1696	1					
c1ccccc1CNC(=O)Cc2c[nH]c(c23)cccc3	1697	1					
c1ccccc1CNC(=O)Cc(c2)[nH]c(c23)cccc3	1698	1					
c1cccc(c12)[nH]c(c2)C(=O)NCCc3ccccc3	1699	1					
C=C1C(=C)CCCC1	17	1	-3.782	-3.907	/home/anacleto/Desktop/manuscript_Mpro/naturecomm/supplementary_file_S2/6-chemical-library/molecular_docking/PDBQT/7cam_A_17_chainA/docking_17_chainA_out.pdbqt	/home/anacleto/Desktop/manuscript_Mpro/naturecomm/supplementary_file_S2/6-chemical-library/molecular_docking/PDBQT/7cam_B_17_chainB/docking_17_chainB_out.pdbqt	/home/anacleto/Desktop/manuscript_Mpro/naturecomm/supplementary_file_S2/6-chemical-library/molecular_docking/combined_complexes/7cam_17_combined/7cam_17_combined_pose_1.pdb
C1CNC(C1=2)=CC(=O)C(C2)=N	170	1	-4.423	-4.803	/home/anacleto/Desktop/manuscript_Mpro/naturecomm/supplementary_file_S2/6-chemical-library/molecular_docking/PDBQT/7cam_A_170_chainA/docking_170_chainA_out.pdbqt	/home/anacleto/Desktop/manuscript_Mpro/naturecomm/supplementary_file_S2/6-chemical-library/molecular_docking/PDBQT/7cam_B_170_chainB/docking_170_chainB_out.pdbqt	/home/anacleto/Desktop/manuscript_Mpro/naturecomm/supplementary_file_S2/6-chemical-library/molecular_docking/combined_complexes/7cam_170_combined/7cam_170_combined_pose_1.pdb
c1ccccc1CC(=O)Nc2cncc(c23)nccn3	1700	1					
c1ccccc1NC(=O)c2cc(=O)[nH]c(c23)cccc3	1701	1					
c1ccccc1CC(=O)NC2=NC(=O)c(c23)cccc3	1702	1					
c1cccc(c12)ncc(n2)C(=O)OCc3ccccc3	1703	1					
n1ccccc1NC(=O)Cc2cncc(c23)cccc3	1704	1					
n1ccccc1CC(=O)Nc2cncc(c23)cccc3	1705	1					
c1ncccc1NC(=O)Cc2cncc(c23)cccc3	1706	1					
c1ncccc1CC(=O)Nc2cncc(c23)cccc3	1707	1					
c1cnccc1CC(=O)Nc2cncc(c23)cccc3	1708	1					
c1ccccc1NC(=O)Nc2cncc(c23)cccc3	1709	1					
c1cccc(c12)OCCC2=O	171	1	-4.175	-4.191	/home/anacleto/Desktop/manuscript_Mpro/naturecomm/supplementary_file_S2/6-chemical-library/molecular_docking/PDBQT/7cam_A_171_chainA/docking_171_chainA_out.pdbqt	/home/anacleto/Desktop/manuscript_Mpro/naturecomm/supplementary_file_S2/6-chemical-library/molecular_docking/PDBQT/7cam_B_171_chainB/docking_171_chainB_out.pdbqt	/home/anacleto/Desktop/manuscript_Mpro/naturecomm/supplementary_file_S2/6-chemical-library/molecular_docking/combined_complexes/7cam_171_combined/7cam_171_combined_pose_1.pdb
c1ccccc1CC(=O)Nc2nncc(c23)cccc3	1710	1					
c1ccccc1CC(=O)Nc2ncnc(c23)cccc3	1711	1					
c1ccccc1CC(=O)Nc2cnnc(c23)cccc3	1712	1					
c1ccccc1CC(=O)Nc2cncc(c23)nccc3	1713	1					
c1ccccc1CC(=O)Nc2cncc(c23)cncc3	1714	1					
c1ccccc1CC(=O)Nc2cncc(c23)ccnc3	1715	1					
c1ccccc1CC(=O)Nc2cncc(c23)cccn3	1716	1					
c1ccccc1CC(=O)c2cc(=O)[nH]c(c23)cccc3	1717	1					
c1ccccc1NC(=O)Cc2cncc(c23)cccc3	1718	1					
c1ccccc1CNC(=O)c2cncc(c23)cccc3	1719	1					
c1cccc(c12)NCCCC2	172	1	-4.524	-4.663	/home/anacleto/Desktop/manuscript_Mpro/naturecomm/supplementary_file_S2/6-chemical-library/molecular_docking/PDBQT/7cam_A_172_chainA/docking_172_chainA_out.pdbqt	/home/anacleto/Desktop/manuscript_Mpro/naturecomm/supplementary_file_S2/6-chemical-library/molecular_docking/PDBQT/7cam_B_172_chainB/docking_172_chainB_out.pdbqt	/home/anacleto/Desktop/manuscript_Mpro/naturecomm/supplementary_file_S2/6-chemical-library/molecular_docking/combined_complexes/7cam_172_combined/7cam_172_combined_pose_1.pdb
c1ccccc1CC(=O)Nc2cncc(c23)cccc3	1720	1					
c1ccccc1CC(=O)Nc2ccnc(c23)cccc3	1721	1					
C1=CCOc(c12)c(ccc2)C(=O)C=Cc3ccccc3	1722	1					
c1cnccc1C(=O)C=Cc(cc2)nc(c23)cccc3	1723	1					
n1scnc1C(=N)C(=O)NC2C(=O)N(C23)C=CCS3	1724	1					
n1cscc1C(=N)C(=O)NC2C(=O)N(C23)C=CCS3	1725	1					
n1cscc1C(=C)C(=O)NC2C(=O)N(C23)C=CCS3	1726	1					
c1cccc(c12)CN(CC2)S(=O)(=O)N3CCOCC3	1727	1					
O=C1NCC(O1)CN(C2=O)S(=O)(=O)c(c23)cccc3	1728	1					
c1cccc(c12)CN(CC2)S(=O)(=O)N3CCNCC3	1729	1					
c1cccc(c12)CNCCC2	173	1	-4.462	-4.531	/home/anacleto/Desktop/manuscript_Mpro/naturecomm/supplementary_file_S2/6-chemical-library/molecular_docking/PDBQT/7cam_A_173_chainA/docking_173_chainA_out.pdbqt	/home/anacleto/Desktop/manuscript_Mpro/naturecomm/supplementary_file_S2/6-chemical-library/molecular_docking/PDBQT/7cam_B_173_chainB/docking_173_chainB_out.pdbqt	/home/anacleto/Desktop/manuscript_Mpro/naturecomm/supplementary_file_S2/6-chemical-library/molecular_docking/combined_complexes/7cam_173_combined/7cam_173_combined_pose_1.pdb
C1CC1NC(=O)CN(CC2)S(=O)(=O)c(c23)cccc3	1730	1					
C1CCCC1CS(=O)(=O)N(CC2)Cc(c23)cccc3	1731	1					
C1SCCC1C(=O)NCC2CCOc(c23)cccc3	1732	1					
O1COc(c12)ccc(c2)S(=O)(=O)Nc3ccccc3	1733	1					
O1COc(c12)ccc(c2)NS(=O)(=O)c3ccccc3	1734	1					
C1C=CCC=C1CC(=O)NC2C(=O)N(C23)C=CCS3	1735	1					
c1ccccc1CC(=O)NC2C(=O)N(C23)C=CCS3	1736	1					
n1cnn(c12)C(=O)C(S2)CC(=O)Nc3ccccc3	1737	1					
s1cncc1CC(=O)NCc(nn2)n(c23)cccc3	1738	1					
n1cscc1CNC(=O)Cn(nn2)c(c23)cccc3	1739	1					
c1cccc(c12)CCNCC2	174	1	-4.582	-4.61	/home/anacleto/Desktop/manuscript_Mpro/naturecomm/supplementary_file_S2/6-chemical-library/molecular_docking/PDBQT/7cam_A_174_chainA/docking_174_chainA_out.pdbqt	/home/anacleto/Desktop/manuscript_Mpro/naturecomm/supplementary_file_S2/6-chemical-library/molecular_docking/PDBQT/7cam_B_174_chainB/docking_174_chainB_out.pdbqt	/home/anacleto/Desktop/manuscript_Mpro/naturecomm/supplementary_file_S2/6-chemical-library/molecular_docking/combined_complexes/7cam_174_combined/7cam_174_combined_pose_1.pdb
s1cccc1CNC(=O)Cn(nn2)c(c23)cccc3	1740	1					
c1cccn(c12)c(nn2)NC(=O)CCc3ccsc3	1741	1					
c1cccc(c12)n(nn2)CC(=O)NCc3ccsc3	1742	1					
s1cccc1CNC(=O)Cc2cnn(c23)cccc3	1743	1					
c1sccc1CCC(=O)Nc2n[nH]c(c23)cccc3	1744	1					
c1cccc(c12)n(cn2)NC(=O)CCc3ccsc3	1745	1					
c1nccc(c12)sc(n2)C(=O)NCc3cccnc3	1746	1					
c1ccccc1CC(=O)Nc2cncc(c23)scc3	1747	1					
n1cccnc1SC(=O)c(cc2)nc(c23)cccc3	1748	1					
C12C(C1)CN(C2)C(=O)CNC(=O)NC3CCCCC3	1749	1					
c1cccc(c12)CNCC2=O	175	1	-4.474	-4.482	/home/anacleto/Desktop/manuscript_Mpro/naturecomm/supplementary_file_S2/6-chemical-library/molecular_docking/PDBQT/7cam_A_175_chainA/docking_175_chainA_out.pdbqt	/home/anacleto/Desktop/manuscript_Mpro/naturecomm/supplementary_file_S2/6-chemical-library/molecular_docking/PDBQT/7cam_B_175_chainB/docking_175_chainB_out.pdbqt	/home/anacleto/Desktop/manuscript_Mpro/naturecomm/supplementary_file_S2/6-chemical-library/molecular_docking/combined_complexes/7cam_175_combined/7cam_175_combined_pose_1.pdb
C1COCCN1C(=O)CC2CCOc(c23)cccc3	1750	1					
C1CNCCN1C(=O)CC2CCOc(c23)cccc3	1751	1					
c1cccc(c12)n(nn2)CC(=O)NCC3CCOC3	1752	1					
O=C1CC(CN1)NC(=O)C2CCOc(c23)cccc3	1753	1					
C1OCC1NC(=O)CN(C2=O)CCc(c23)cccc3	1754	1					
C1CNCCN1C(=O)CN(CC2)Cc(c23)cccc3	1755	1					
C1CCCCN1C(=O)CC2CCOc(c23)cccc3	1756	1					
O1CCCC1CNC(=O)Cn(cn2)c(c23)cccc3	1757	1					
O1CCCC1CNC(=O)Cc2cnn(c23)cccc3	1758	1					
C1COCCC1NC(=O)Cc2cnn(c23)cccc3	1759	1					
c1cccc(c12)CCNC2=O	176	1	-4.281	-4.658	/home/anacleto/Desktop/manuscript_Mpro/naturecomm/supplementary_file_S2/6-chemical-library/molecular_docking/PDBQT/7cam_A_176_chainA/docking_176_chainA_out.pdbqt	/home/anacleto/Desktop/manuscript_Mpro/naturecomm/supplementary_file_S2/6-chemical-library/molecular_docking/PDBQT/7cam_B_176_chainB/docking_176_chainB_out.pdbqt	/home/anacleto/Desktop/manuscript_Mpro/naturecomm/supplementary_file_S2/6-chemical-library/molecular_docking/combined_complexes/7cam_176_combined/7cam_176_combined_pose_1.pdb
C1CNCCN1C(=O)C2CC(=O)Nc(c23)cccc3	1760	1					
o1cnnc1NC(=O)CC2CCOc(c23)cccc3	1761	1					
C1CCC12C(C2)NCC(=O)NCCc3ccccc3	1762	1					
c1cccc(c12)n(nn2)CC(=O)NCC3CCCC3	1763	1					
C1CCCCCN1C(=O)Cn(nn2)c(c23)cccc3	1764	1					
C1CCCCC1NC(=O)Cn(nn2)c(c23)cccc3	1765	1					
C1COCCN1CCOc(c2)ccc(c23)cncc3	1766	1					
C1CCCCN1C(=O)c(c2)ccc(c23)NC(=O)CC3	1767	1					
C1CCCCN1C(=O)CN(C2=O)Cc(c23)cccc3	1768	1					
C1CCC1NC(=O)CN(C2=O)CCc(c23)cccc3	1769	1					
C1CC(=O)Nc(c12)cccc2	177	1	-4.731	-4.555	/home/anacleto/Desktop/manuscript_Mpro/naturecomm/supplementary_file_S2/6-chemical-library/molecular_docking/PDBQT/7cam_A_177_chainA/docking_177_chainA_out.pdbqt	/home/anacleto/Desktop/manuscript_Mpro/naturecomm/supplementary_file_S2/6-chemical-library/molecular_docking/PDBQT/7cam_B_177_chainB/docking_177_chainB_out.pdbqt	/home/anacleto/Desktop/manuscript_Mpro/naturecomm/supplementary_file_S2/6-chemical-library/molecular_docking/combined_complexes/7cam_177_combined/7cam_177_combined_pose_1.pdb
C1CC1CNC(=O)CN(C2=O)CCc(c23)cccc3	1770	1					
N1CCN(CC1=O)C(=O)Cn(cn2)c(c23)cccc3	1771	1					
C1CCCCN1C(=O)CCc(n2)[nH]c(c23)cccc3	1772	1					
C1CCCCCN1C(=O)Cc2cnn(c23)cccc3	1773	1					
C1CC=CCN1C(=O)CC2CCOc(c23)cccc3	1774	1					
n1ncnn1CC(=O)N(CCC2)Cc(c23)cccc3	1775	1					
c1[nH]ncc1C(=O)NCC2CCOc(c23)cccc3	1776	1					
C1CNCCN1C(=O)c2cc(=O)[nH]c(c23)cccc3	1777	1					
C1CCC1C(=O)OCC(=O)c2c[nH]c(c23)cccc3	1778	1					
n1cocc1C(=O)Nc(c2)ccc(c23)NC(=O)CC3	1779	1					
C1C(=O)NCc(c12)cccc2	178	1	-4.375	-4.707	/home/anacleto/Desktop/manuscript_Mpro/naturecomm/supplementary_file_S2/6-chemical-library/molecular_docking/PDBQT/7cam_A_178_chainA/docking_178_chainA_out.pdbqt	/home/anacleto/Desktop/manuscript_Mpro/naturecomm/supplementary_file_S2/6-chemical-library/molecular_docking/PDBQT/7cam_B_178_chainB/docking_178_chainB_out.pdbqt	/home/anacleto/Desktop/manuscript_Mpro/naturecomm/supplementary_file_S2/6-chemical-library/molecular_docking/combined_complexes/7cam_178_combined/7cam_178_combined_pose_1.pdb
n1cnccc1C(=O)NCc(c2)ccc(c23)OCO3	1780	1					
O=C1CN(C(=O)N1)Cc2cc(=O)[nH]c(c23)cccc3	1781	1					
C1CCCN1CCCOc(c2)ccc(c23)cncc3	1782	1					
n1cnn(c12)CC(CC2)C(=O)NCc3ccccc3	1783	1					
C=C1CCN(CC1)C(=O)Cn(nn2)c(c23)cccc3	1784	1					
c1ccccc1NCc(c2)c(=O)[nH]c(c23)CCOC3	1785	1					
c1cccc(c12)n(nn2)CC(=O)NCc3cn[nH]c3	1786	1					
[nH]1nncc1CC(=O)NCc(n2)[nH]c(c23)cccc3	1787	1					
[nH]1nccc1CNC(=O)Cn(nn2)c(c23)cccc3	1788	1					
[nH]1ccnc1CNC(=O)Cn(nn2)c(c23)cccc3	1789	1					
C1C(=O)CNc(c12)cccc2	179	1	-4.572	-4.543	/home/anacleto/Desktop/manuscript_Mpro/naturecomm/supplementary_file_S2/6-chemical-library/molecular_docking/PDBQT/7cam_A_179_chainA/docking_179_chainA_out.pdbqt	/home/anacleto/Desktop/manuscript_Mpro/naturecomm/supplementary_file_S2/6-chemical-library/molecular_docking/PDBQT/7cam_B_179_chainB/docking_179_chainB_out.pdbqt	/home/anacleto/Desktop/manuscript_Mpro/naturecomm/supplementary_file_S2/6-chemical-library/molecular_docking/combined_complexes/7cam_179_combined/7cam_179_combined_pose_1.pdb
o1cccc1CNC(=O)Cn(nn2)c(c23)cccc3	1790	1					
c1cccc(c12)n(nn2)CC(=O)NCc3ccoc3	1791	1					
[nH]1cncc1C(=O)Nc(c2)ccc(c23)NC(=O)CC3	1792	1					
c1ncccc1OC(=O)c2cccc(c23)NCCO3	1793	1					
c1ncccc1CC(=O)Nc(c2)ccc(c23)OCO3	1794	1					
c1ncncc1CNCC2CCOc(c23)cccc3	1795	1					
c1[nH]ncc1C(=O)Nc(c2)ccc(c23)CCCCC3	1796	1					
N1CCNCC1C(=O)Nc(c2)ccc(c23)cccc3	1797	1					
C1CCCn(c12)c(cn2)NC(=O)Cc3ccccc3	1798	1					
C1CC1CNCC(=O)Nc2cncc(c23)cccc3	1799	1					
O=C1C=CC(=O)C=C1	18	1	-3.525	-3.351	/home/anacleto/Desktop/manuscript_Mpro/naturecomm/supplementary_file_S2/6-chemical-library/molecular_docking/PDBQT/7cam_A_18_chainA/docking_18_chainA_out.pdbqt	/home/anacleto/Desktop/manuscript_Mpro/naturecomm/supplementary_file_S2/6-chemical-library/molecular_docking/PDBQT/7cam_B_18_chainB/docking_18_chainB_out.pdbqt	/home/anacleto/Desktop/manuscript_Mpro/naturecomm/supplementary_file_S2/6-chemical-library/molecular_docking/combined_complexes/7cam_18_combined/7cam_18_combined_pose_1.pdb
c1cncc(c12)nc[nH]c2=O	180	1	-4.192	-4.174	/home/anacleto/Desktop/manuscript_Mpro/naturecomm/supplementary_file_S2/6-chemical-library/molecular_docking/PDBQT/7cam_A_180_chainA/docking_180_chainA_out.pdbqt	/home/anacleto/Desktop/manuscript_Mpro/naturecomm/supplementary_file_S2/6-chemical-library/molecular_docking/PDBQT/7cam_B_180_chainB/docking_180_chainB_out.pdbqt	/home/anacleto/Desktop/manuscript_Mpro/naturecomm/supplementary_file_S2/6-chemical-library/molecular_docking/combined_complexes/7cam_180_combined/7cam_180_combined_pose_1.pdb
o1cccc1C(=O)NCc2cccc(c23)CCCC3	1800	1					
c1nccn1CC(=O)NCc(n2)[nH]c(c23)cccc3	1801	1					
c1[nH]ncc1CNC(=O)Cc2cnn(c23)cccc3	1802	1					
c1[nH]ncc1CCC(=O)Nc2n[nH]c(c23)cccc3	1803	1					
o1cccc1CNC(=O)Cc2cnn(c23)cccc3	1804	1					
N1CCN(CC1=O)C(=O)c2cncc(c23)cccc3	1805	1					
n1cnn(c12)c(=O)cc([nH]2)C(=O)Nc3ccccc3	1806	1					
c1ccccc1NC(=O)c2nnn(c23)cc[nH]c3=O	1807	1					
c1ncccc1CNCC2CCOc(c23)cccc3	1808	1					
C1NCCCC1NC(=O)c(c2)ccc(c23)cccc3	1809	1					
c1cccc(c12)ncoc2=O	181	1	-4.031	-4.348	/home/anacleto/Desktop/manuscript_Mpro/naturecomm/supplementary_file_S2/6-chemical-library/molecular_docking/PDBQT/7cam_A_181_chainA/docking_181_chainA_out.pdbqt	/home/anacleto/Desktop/manuscript_Mpro/naturecomm/supplementary_file_S2/6-chemical-library/molecular_docking/PDBQT/7cam_B_181_chainB/docking_181_chainB_out.pdbqt	/home/anacleto/Desktop/manuscript_Mpro/naturecomm/supplementary_file_S2/6-chemical-library/molecular_docking/combined_complexes/7cam_181_combined/7cam_181_combined_pose_1.pdb
c1[nH]ncc1CCC(=O)Nc2c[nH]c(c23)cccc3	1810	1					
n1ccccc1NC(=O)C2CCOc(c23)cccc3	1811	1					
c1ncccc1NC(=O)C2CCOc(c23)cccc3	1812	1					
c1ccccc1C(=O)OC(C2)COc(c23)cccc3	1813	1					
n1cccn(c12)nc(n2)C(=O)NCc3cccnc3	1814	1					
c1ncncc1NC(=O)Cn(nn2)c(c23)cccc3	1815	1					
c1cccn1NC(=O)c2n[nH]c(=O)c(c23)cccc3	1816	1					
o1cccc1C(=O)NC(=O)c(c2)[nH]c(c23)cccc3	1817	1					
c1ccccc1CNCC2CCOc(c23)cccc3	1818	1					
c1ncccc1NC(=O)C2CNCc(c23)cccc3	1819	1					
O=C1NC(=O)c(c12)cccc2	182	1	-4.436	-4.451	/home/anacleto/Desktop/manuscript_Mpro/naturecomm/supplementary_file_S2/6-chemical-library/molecular_docking/PDBQT/7cam_A_182_chainA/docking_182_chainA_out.pdbqt	/home/anacleto/Desktop/manuscript_Mpro/naturecomm/supplementary_file_S2/6-chemical-library/molecular_docking/PDBQT/7cam_B_182_chainB/docking_182_chainB_out.pdbqt	/home/anacleto/Desktop/manuscript_Mpro/naturecomm/supplementary_file_S2/6-chemical-library/molecular_docking/combined_complexes/7cam_182_combined/7cam_182_combined_pose_1.pdb
c1ncccc1NC(=O)C2CCNc(c23)cccc3	1820	1					
c1ncccc1CNc(c2)ccc(c23)NC(=O)CC3	1821	1					
c1ccccc1C(=O)N(C2)CCOc(c23)cccc3	1822	1					
n1ccccc1NC(=O)Cn(nn2)c(c23)cccc3	1823	1					
c1ncccc1NC(=O)Cn(nn2)c(c23)cccc3	1824	1					
c1ccccc1NC(=O)Nn(nn2)c(c23)cccc3	1825	1					
c1ccccc1CC(=O)Nc2cncn(c23)cnn3	1826	1					
c1noc(c12)c(cnc2)NC(=O)Cc3ccccc3	1827	1					
c1ccccc1CC(=O)Nc2noc(c23)nccc3	1828	1					
c1ccccc1CC(=O)Nc2cncc(c23)onc3	1829	1					
O=C1C(=O)Nc(c12)cccc2	183	1	-4.616	-4.38	/home/anacleto/Desktop/manuscript_Mpro/naturecomm/supplementary_file_S2/6-chemical-library/molecular_docking/PDBQT/7cam_A_183_chainA/docking_183_chainA_out.pdbqt	/home/anacleto/Desktop/manuscript_Mpro/naturecomm/supplementary_file_S2/6-chemical-library/molecular_docking/PDBQT/7cam_B_183_chainB/docking_183_chainB_out.pdbqt	/home/anacleto/Desktop/manuscript_Mpro/naturecomm/supplementary_file_S2/6-chemical-library/molecular_docking/combined_complexes/7cam_183_combined/7cam_183_combined_pose_1.pdb
c1ncccc1CNCc2cccc(c23)CCCC3	1830	1					
c1cncc(c12)N(CCC2)C(=O)Cc3ccccc3	1831	1					
c1ccccc1CC(=O)Nc2cncc(c23)CCC3	1832	1					
c1ccccc1CC(=O)NC2CNc(c23)cccc3	1833	1					
n1ccccc1NC(=O)Cc2cnn(c23)cccc3	1834	1					
c1ncccc1NC(=O)Cn(cn2)c(c23)cccc3	1835	1					
c1n[nH]c(c12)c(cnc2)NC(=O)Cc3ccccc3	1836	1					
c1cccn(c12)cc(n2)C(=O)NCc3cccnc3	1837	1					
c1ccccc1NC(=O)Nc2c[nH]c(c23)nccc3	1838	1					
c1ccccc1NC(=O)Cn(nn2)c(c23)cccc3	1839	1					
c1cccc(c12)CCCCC2	184	1	-4.522	-4.583	/home/anacleto/Desktop/manuscript_Mpro/naturecomm/supplementary_file_S2/6-chemical-library/molecular_docking/PDBQT/7cam_A_184_chainA/docking_184_chainA_out.pdbqt	/home/anacleto/Desktop/manuscript_Mpro/naturecomm/supplementary_file_S2/6-chemical-library/molecular_docking/PDBQT/7cam_B_184_chainB/docking_184_chainB_out.pdbqt	/home/anacleto/Desktop/manuscript_Mpro/naturecomm/supplementary_file_S2/6-chemical-library/molecular_docking/combined_complexes/7cam_184_combined/7cam_184_combined_pose_1.pdb
c1ccccc1NC(=O)Cc2nnn(c23)cccc3	1840	1					
c1ccccc1CC(=O)Nn(nn2)c(c23)cccc3	1841	1					
c1ccccc1CC(=O)Nc2nnn(c23)cccc3	1842	1					
c1ccccc1CC(=O)Nc2n[nH]c(c23)ccnc3	1843	1					
c1ccccc1CC(=O)Nc2cncc(c23)nc[nH]3	1844	1					
c1ccccc1CC(=O)Nc2cncc(c23)[nH]nc3	1845	1					
c1ccccc1CC(=O)Nc2cccn(c23)cnn3	1846	1					
c1ccccc1CC(=O)Nc2[nH]nc(c23)nccc3	1847	1					
c1ccccc1CC(=O)Nc2[nH]nc(c23)cccn3	1848	1					
c1ccccc1CC(=O)Nc(nn2)n(c23)cccc3	1849	1					
n1ccc(=O)n(c12)cccc2	185	1	-4.005	-4.061	/home/anacleto/Desktop/manuscript_Mpro/naturecomm/supplementary_file_S2/6-chemical-library/molecular_docking/PDBQT/7cam_A_185_chainA/docking_185_chainA_out.pdbqt	/home/anacleto/Desktop/manuscript_Mpro/naturecomm/supplementary_file_S2/6-chemical-library/molecular_docking/PDBQT/7cam_B_185_chainB/docking_185_chainB_out.pdbqt	/home/anacleto/Desktop/manuscript_Mpro/naturecomm/supplementary_file_S2/6-chemical-library/molecular_docking/combined_complexes/7cam_185_combined/7cam_185_combined_pose_1.pdb
c1cccc(c12)n(nn2)C(=O)NCc3ccccc3	1850	1					
o1cccc1C(=O)NCc2cncc(c23)cccc3	1851	1					
c1ccccc1NC(=O)Cc2noc(c23)cccc3	1852	1					
c1ccccc1CC(=O)Nc2noc(c23)cccc3	1853	1					
c1cccc(c12)N(CCC2)C(=O)Cc3ccccc3	1854	1					
c1cccc(c12)CN(CC2)C(=O)Cc3ccccc3	1855	1					
c1n[nH]c(c12)c(ccc2)NC(=O)Cc3ccccc3	1856	1					
c1cccn(c12)c(=O)c(cn2)CNc3ccccc3	1857	1					
c1ccccc1NC(=O)Cn(cn2)c(c23)cccc3	1858	1					
c1ccccc1NC(=O)Cc2cnn(c23)cccc3	1859	1					
c1cccc(c12)nc[nH]c2=O	186	1	-4.35	-4.444	/home/anacleto/Desktop/manuscript_Mpro/naturecomm/supplementary_file_S2/6-chemical-library/molecular_docking/PDBQT/7cam_A_186_chainA/docking_186_chainA_out.pdbqt	/home/anacleto/Desktop/manuscript_Mpro/naturecomm/supplementary_file_S2/6-chemical-library/molecular_docking/PDBQT/7cam_B_186_chainB/docking_186_chainB_out.pdbqt	/home/anacleto/Desktop/manuscript_Mpro/naturecomm/supplementary_file_S2/6-chemical-library/molecular_docking/combined_complexes/7cam_186_combined/7cam_186_combined_pose_1.pdb
c1ccccc1NC(=O)Cc2[nH]nc(c23)cccc3	1860	1					
c1ccccc1CC(=O)Nn(cn2)c(c23)cccc3	1861	1					
c1ccccc1CC(=O)Nc2ncn(c23)cccc3	1862	1					
c1ccccc1CC(=O)Nc2n[nH]c(c23)cccc3	1863	1					
c1ccccc1CC(=O)Nc2cnn(c23)cccc3	1864	1					
c1ccccc1CC(=O)Nc2cncc(c23)[nH]cc3	1865	1					
c1ccccc1CC(=O)Nc2cccc(c23)[nH]nc3	1866	1					
c1ccccc1CC(=O)Nc2[nH]nc(c23)cccc3	1867	1					
c1ccccc1CC(=O)Nc(cn2)n(c23)cccc3	1868	1					
c1cccc(c12)[nH]c(c2)C(=O)NCc3cccnc3	1869	1					
c1cccc(c12)cn[nH]c2=O	187	1	-4.393	-4.622	/home/anacleto/Desktop/manuscript_Mpro/naturecomm/supplementary_file_S2/6-chemical-library/molecular_docking/PDBQT/7cam_A_187_chainA/docking_187_chainA_out.pdbqt	/home/anacleto/Desktop/manuscript_Mpro/naturecomm/supplementary_file_S2/6-chemical-library/molecular_docking/PDBQT/7cam_B_187_chainB/docking_187_chainB_out.pdbqt	/home/anacleto/Desktop/manuscript_Mpro/naturecomm/supplementary_file_S2/6-chemical-library/molecular_docking/combined_complexes/7cam_187_combined/7cam_187_combined_pose_1.pdb
c1c[nH]c(c12)c(cnc2)NC(=O)Cc3ccccc3	1870	1					
c1ccccc1NCc2cc(=O)[nH]c(c23)cccc3	1871	1					
c1ccccc1NC(=O)Cc2c[nH]c(c23)cccc3	1872	1					
c1ccccc1CC(=O)Nc2c[nH]c(c23)cccc3	1873	1					
c1ccccc1C(=O)NCc(ccc2)c(c23)[nH]cc3	1874	1					
c1ccccc1COCc2cccc(c23)nccc3	1875	1					
c1ccccc1CNCc2cncc(c23)cccc3	1876	1					
N1CCN(C=12)C(=CS2)CSCNC3CCCCC3	1877	1					
N1CCN(C=12)C(=CS2)CSC=NC3CCCCC3	1878	1					
o1cccc1C(=O)SCC(CS2)=CN(C23)C(=O)C3	1879	1					
N=C1C(=O)Nc(c12)cccc2	188	1	-4.627	-4.733	/home/anacleto/Desktop/manuscript_Mpro/naturecomm/supplementary_file_S2/6-chemical-library/molecular_docking/PDBQT/7cam_A_188_chainA/docking_188_chainA_out.pdbqt	/home/anacleto/Desktop/manuscript_Mpro/naturecomm/supplementary_file_S2/6-chemical-library/molecular_docking/PDBQT/7cam_B_188_chainB/docking_188_chainB_out.pdbqt	/home/anacleto/Desktop/manuscript_Mpro/naturecomm/supplementary_file_S2/6-chemical-library/molecular_docking/combined_complexes/7cam_188_combined/7cam_188_combined_pose_1.pdb
s1cccc1CC(=O)NC2C(=O)N(C23)C=CCS3	1880	1					
s1ccn(c12)c(cn2)S(=O)(=O)Nc3ccccc3	1881	1					
s1cnnc1SC(=O)c(c2)ccc(c23)cccc3	1882	1					
n1cccnc1SC(=O)c(c2)sc(c23)cccc3	1883	1					
O1COc(c12)ccc(c2)S(=O)(=O)N3CCOCC3	1884	1					
O1COc(c12)ccc(c2)S(=O)(=O)N3CCNCC3	1885	1					
C1OCCC1S(=O)(=O)N(CC2)Cc(c23)cccc3	1886	1					
C1NCC1CS(=O)(=O)N(CC2)Cc(c23)cccc3	1887	1					
C1CCCN1S(=O)(=O)N(CC2)Cc(c23)cccc3	1888	1					
C1CCC1NS(=O)(=O)N(CC2)Cc(c23)cccc3	1889	1					
c1cccc(c12)occc2=O	189	1	-4.154	-4.325	/home/anacleto/Desktop/manuscript_Mpro/naturecomm/supplementary_file_S2/6-chemical-library/molecular_docking/PDBQT/7cam_A_189_chainA/docking_189_chainA_out.pdbqt	/home/anacleto/Desktop/manuscript_Mpro/naturecomm/supplementary_file_S2/6-chemical-library/molecular_docking/PDBQT/7cam_B_189_chainB/docking_189_chainB_out.pdbqt	/home/anacleto/Desktop/manuscript_Mpro/naturecomm/supplementary_file_S2/6-chemical-library/molecular_docking/combined_complexes/7cam_189_combined/7cam_189_combined_pose_1.pdb
C1CCCC1S(=O)(=O)N(CC2)Cc(c23)cccc3	1890	1					
C1CCC1CS(=O)(=O)N(CC2)Cc(c23)cccc3	1891	1					
C1CC1CS(=O)(=O)N(C2=O)CCc(c23)cccc3	1892	1					
n1[nH]ncc1S(=O)(=O)N(CC2)Cc(c23)cccc3	1893	1					
[nH]1ccnc1S(=O)(=O)N(CC2)Cc(c23)cccc3	1894	1					
N1CCCC1C(=O)Nc(cc2)cc(c23)sc(=O)[nH]3	1895	1					
[nH]1cncc1CN(C2=O)S(=O)(=O)c(c23)cccc3	1896	1					
c1oncc1CC(=O)N(C2)CCCc(c23)scc3	1897	1					
n1csc(c12)cc(cc2)N=c3[nH]c(=O)[nH]c(=O)[nH]3	1898	1					
C1CCc(c12)sc(n2)C(=O)NCc3cccnc3	1899	1					
C=C1C=CC(=[NH2+])C=C1	19	1	-3.784	-3.974	/home/anacleto/Desktop/manuscript_Mpro/naturecomm/supplementary_file_S2/6-chemical-library/molecular_docking/PDBQT/7cam_A_19_chainA/docking_19_chainA_out.pdbqt	/home/anacleto/Desktop/manuscript_Mpro/naturecomm/supplementary_file_S2/6-chemical-library/molecular_docking/PDBQT/7cam_B_19_chainB/docking_19_chainB_out.pdbqt	/home/anacleto/Desktop/manuscript_Mpro/naturecomm/supplementary_file_S2/6-chemical-library/molecular_docking/combined_complexes/7cam_19_combined/7cam_19_combined_pose_1.pdb
c1cccc(c12)ccoc2=O	190	1	-4.177	-4.519	/home/anacleto/Desktop/manuscript_Mpro/naturecomm/supplementary_file_S2/6-chemical-library/molecular_docking/PDBQT/7cam_A_190_chainA/docking_190_chainA_out.pdbqt	/home/anacleto/Desktop/manuscript_Mpro/naturecomm/supplementary_file_S2/6-chemical-library/molecular_docking/PDBQT/7cam_B_190_chainB/docking_190_chainB_out.pdbqt	/home/anacleto/Desktop/manuscript_Mpro/naturecomm/supplementary_file_S2/6-chemical-library/molecular_docking/combined_complexes/7cam_190_combined/7cam_190_combined_pose_1.pdb
s1ccnc1NC(=O)Cn(nn2)c(c23)cccc3	1900	1					
n1ccccc1CS(=O)c([nH]2)nc(c23)nccc3	1901	1					
o1cccc1C(=O)NCc2snc(c23)cccc3	1902	1					
n1ccccc1CS(=O)c(n2)[nH]c(c23)cccc3	1903	1					
c1cccc(c12)n(cc2)S(=O)(=O)c3ccccc3	1904	1					
n1ccccc1CS(=O)c([n-]2)nc(c23)cccc3	1905	1					
n1cccnc1SC(=O)c(c2)[nH]c(c23)cccc3	1906	1					
c1ccccc1NC(=O)c(n2)sc(c23)ccnc3	1907	1					
c1ccccc1SC(=O)c(c2)[nH]c(c23)cccc3	1908	1					
C1CC1NC(=O)C(=O)CNC(=O)C2NCC(C23)C3	1909	1					
C=C1C(=O)Oc(c12)cccc2	191	1	-4.353	-4.36	/home/anacleto/Desktop/manuscript_Mpro/naturecomm/supplementary_file_S2/6-chemical-library/molecular_docking/PDBQT/7cam_A_191_chainA/docking_191_chainA_out.pdbqt	/home/anacleto/Desktop/manuscript_Mpro/naturecomm/supplementary_file_S2/6-chemical-library/molecular_docking/PDBQT/7cam_B_191_chainB/docking_191_chainB_out.pdbqt	/home/anacleto/Desktop/manuscript_Mpro/naturecomm/supplementary_file_S2/6-chemical-library/molecular_docking/combined_complexes/7cam_191_combined/7cam_191_combined_pose_1.pdb
o1nccc1CN(C(=O)N2)C(=O)C23CCCCC3	1910	1					
O1CCCC1C(=O)NC2CCOc(c23)cccc3	1911	1					
[nH]1c(=O)oc(c12)c(ccc2)C(=O)N3CCNCC3	1912	1					
C1NCCC1CNCC2CCOc(c23)cccc3	1913	1					
C1CNCCN1C(=O)c2ccnc(c23)NC(=O)C3	1914	1					
c1cccc(c12)occ(c2=O)OC3CCCCO3	1915	1					
O=c1ccoc(c12)cc(cc2)OC3CCCCO3	1916	1					
C1CCCN1C(=O)CC2CCOc(c23)cccc3	1917	1					
c1nccn1CC(=O)N(C2)CCCc(c23)occ3	1918	1					
C1CNCCN1C(=O)c2cccc(c23)NC(=O)C3	1919	1					
c1cccc(c12)NCCC=C2	192	1	-4.535	-4.435	/home/anacleto/Desktop/manuscript_Mpro/naturecomm/supplementary_file_S2/6-chemical-library/molecular_docking/PDBQT/7cam_A_192_chainA/docking_192_chainA_out.pdbqt	/home/anacleto/Desktop/manuscript_Mpro/naturecomm/supplementary_file_S2/6-chemical-library/molecular_docking/PDBQT/7cam_B_192_chainB/docking_192_chainB_out.pdbqt	/home/anacleto/Desktop/manuscript_Mpro/naturecomm/supplementary_file_S2/6-chemical-library/molecular_docking/combined_complexes/7cam_192_combined/7cam_192_combined_pose_1.pdb
n1n[nH]cc1CNCC2CCOc(c23)cccc3	1920	1					
[nH]1nncc1CNCC2CCOc(c23)cccc3	1921	1					
C1CNCCN1C(=O)Cc2c[nH]c(c23)nccc3	1922	1					
C1CCCCN1C(=O)Cn(nn2)c(c23)cccc3	1923	1					
C1CCC1CNC(=O)Cn(nn2)c(c23)cccc3	1924	1					
c1oncc1CNCC2CCOc(c23)cccc3	1925	1					
C1CCC1CNC(=O)Cc2noc(c23)cccc3	1926	1					
C1CC1NC(=O)CN(C2=O)CCc(c23)cccc3	1927	1					
[nH]1cnnc1NC(=O)C2CCOc(c23)cccc3	1928	1					
N1CCN(CC1=O)C(=O)c2cccc(c23)[nH]nc3	1929	1					
c1cccc(c12)cc[nH]c2=O	193	1	-4.402	-4.682	/home/anacleto/Desktop/manuscript_Mpro/naturecomm/supplementary_file_S2/6-chemical-library/molecular_docking/PDBQT/7cam_A_193_chainA/docking_193_chainA_out.pdbqt	/home/anacleto/Desktop/manuscript_Mpro/naturecomm/supplementary_file_S2/6-chemical-library/molecular_docking/PDBQT/7cam_B_193_chainB/docking_193_chainB_out.pdbqt	/home/anacleto/Desktop/manuscript_Mpro/naturecomm/supplementary_file_S2/6-chemical-library/molecular_docking/combined_complexes/7cam_193_combined/7cam_193_combined_pose_1.pdb
n1cocc1C(=O)Nc(c2)ccc(c23)COCC3	1930	1					
n1cocc1C(=O)NC(C2)COc(c23)cccc3	1931	1					
n1cocc1C(=O)NCc(cn2)cn(c23)ncn3	1932	1					
c1[nH]nc(c12)ccc(c2)N=c3[nH]c(=O)[nH]c(=O)[nH]3	1933	1					
n1[nH]ccc1CNCC2CCOc(c23)cccc3	1934	1					
c1[nH]ncc1CNCC2CCOc(c23)cccc3	1935	1					
C1CCCCN1C(=O)Cn(cn2)c(c23)cccc3	1936	1					
C1CCCCN1C(=O)Cc2cnn(c23)cccc3	1937	1					
[nH]1cnnc1NC(=O)C2CNCc(c23)cccc3	1938	1					
c1[nH]ncc1NC(=O)C2CCOc(c23)cccc3	1939	1					
c1cccc(c12)[nH]ccc2=O	194	1	-4.56	-4.347	/home/anacleto/Desktop/manuscript_Mpro/naturecomm/supplementary_file_S2/6-chemical-library/molecular_docking/PDBQT/7cam_A_194_chainA/docking_194_chainA_out.pdbqt	/home/anacleto/Desktop/manuscript_Mpro/naturecomm/supplementary_file_S2/6-chemical-library/molecular_docking/PDBQT/7cam_B_194_chainB/docking_194_chainB_out.pdbqt	/home/anacleto/Desktop/manuscript_Mpro/naturecomm/supplementary_file_S2/6-chemical-library/molecular_docking/combined_complexes/7cam_194_combined/7cam_194_combined_pose_1.pdb
[nH]1cncc1NC(=O)C2CCOc(c23)cccc3	1940	1					
[nH]1cncc1C(=O)Nc(c2)ccc(c23)CCOC3	1941	1					
O1CCn(c12)nc(c2)C(=O)NCc3ccccc3	1942	1					
C1CCCC(=C)C1=CC=C2CCCC(C23)CCC3	1943	1					
C1CCCN1CCOc(cc2)cc(c23)cncc3	1944	1					
C1CCCN1CCOc(c2)ccc(c23)cncc3	1945	1					
C1CCCN1C(=O)CCc2c[nH]c(c23)cccc3	1946	1					
n1nccn1CC(=O)N(CC2)Cc(c23)cccc3	1947	1					
C1CC=CCN1C(=O)Cn(nn2)c(c23)cccc3	1948	1					
C1CCCN1C(=O)c2cc(=O)[nH]c(c23)cccc3	1949	1					
c1cccc(c12)[nH]c(=O)cc2	195	1	-4.726	-4.503	/home/anacleto/Desktop/manuscript_Mpro/naturecomm/supplementary_file_S2/6-chemical-library/molecular_docking/PDBQT/7cam_A_195_chainA/docking_195_chainA_out.pdbqt	/home/anacleto/Desktop/manuscript_Mpro/naturecomm/supplementary_file_S2/6-chemical-library/molecular_docking/PDBQT/7cam_B_195_chainB/docking_195_chainB_out.pdbqt	/home/anacleto/Desktop/manuscript_Mpro/naturecomm/supplementary_file_S2/6-chemical-library/molecular_docking/combined_complexes/7cam_195_combined/7cam_195_combined_pose_1.pdb
c1[nH]ncc1NC(=O)Cn(nn2)c(c23)cccc3	1950	1					
c1cccc(c12)C(C(=C)C2=O)NC3CCCCC3	1951	1					
C1CNCCN1C(=O)c2cncc(c23)cccc3	1952	1					
C1CNCCN1C(=O)c2ccnc(c23)cccc3	1953	1					
C1CNCCN1C(=O)c2cccc(c23)ccnc3	1954	1					
C1CNCCN1C(=O)c(cc2)nc(c23)cccc3	1955	1					
n1ccccc1COc2cccc(c23)CCCO3	1956	1					
c1ncccc1COc2cccc(c23)CCCO3	1957	1					
c1cnccc1COc2cccc(c23)CCCO3	1958	1					
c1ccccc1CC(=O)Nc2n[nH]c(c23)[nH]nc3	1959	1					
c1cccc(c12)[nH]ccc2=N	196	1	-4.789	-4.711	/home/anacleto/Desktop/manuscript_Mpro/naturecomm/supplementary_file_S2/6-chemical-library/molecular_docking/PDBQT/7cam_A_196_chainA/docking_196_chainA_out.pdbqt	/home/anacleto/Desktop/manuscript_Mpro/naturecomm/supplementary_file_S2/6-chemical-library/molecular_docking/PDBQT/7cam_B_196_chainB/docking_196_chainB_out.pdbqt	/home/anacleto/Desktop/manuscript_Mpro/naturecomm/supplementary_file_S2/6-chemical-library/molecular_docking/combined_complexes/7cam_196_combined/7cam_196_combined_pose_1.pdb
o1cccc1C(=O)NCc2n[nH]c(c23)cccc3	1960	1					
o1cccc1C(=O)NCc2[nH]nc(c23)cccc3	1961	1					
o1cccc1C(=O)NCc(cn2)n(c23)cccc3	1962	1					
o1cccc1C(=O)NCc2coc(c23)cccc3	1963	1					
O=c1[nH]c(=O)nc(c12)[nH]nc(n2)-c3ccccc3	1964	1					
c1ncccc1CNc(c2)ccc(c23)COCC3	1965	1					
c1ncccc1CNc(c2)ccc(c23)CCOC3	1966	1					
c1ncccc1CNC(C2)COc(c23)cccc3	1967	1					
c1ccccc1COc2cccc(c23)CCCO3	1968	1					
c1ncccc1OC(=O)c2cccc(c23)NCC3	1969	1					
O=C1C(=C)Cc(c12)cccc2	197	1	-4.389	-4.665	/home/anacleto/Desktop/manuscript_Mpro/naturecomm/supplementary_file_S2/6-chemical-library/molecular_docking/PDBQT/7cam_A_197_chainA/docking_197_chainA_out.pdbqt	/home/anacleto/Desktop/manuscript_Mpro/naturecomm/supplementary_file_S2/6-chemical-library/molecular_docking/PDBQT/7cam_B_197_chainB/docking_197_chainB_out.pdbqt	/home/anacleto/Desktop/manuscript_Mpro/naturecomm/supplementary_file_S2/6-chemical-library/molecular_docking/combined_complexes/7cam_197_combined/7cam_197_combined_pose_1.pdb
c1ncccc1NC(=O)C2COc(c23)cccc3	1970	1					
c1ncccc1OC(=O)c2cccc(c23)nco3	1971	1					
c1ccccc1CNc(c2)ccc(c23)[nH]c(=O)[nH]3	1972	1					
n1nnn(c12)cc(cc2)C(=O)Nc3ccccc3	1973	1					
n1cccn(c12)nc(n2)C(=O)Nc3ccccc3	1974	1					
n1ccccc1NC(=O)c2cnn(c23)cccn3	1975	1					
c1ncccc1OC(=O)c2cccc(c23)[nH]cn3	1976	1					
c1ccccc1CNc(c2)ccc(c23)NCCC3	1977	1					
n1ccnc(c12)[nH]cc2CNCc3ccccc3	1978	1					
c1ncccc1C(=O)Nc(n2)[nH]c(c23)cccc3	1979	1					
[nH]1c(=S)sc(c12)cccc2	198	1	-4.337	-4.091	/home/anacleto/Desktop/manuscript_Mpro/naturecomm/supplementary_file_S2/6-chemical-library/molecular_docking/PDBQT/7cam_A_198_chainA/docking_198_chainA_out.pdbqt	/home/anacleto/Desktop/manuscript_Mpro/naturecomm/supplementary_file_S2/6-chemical-library/molecular_docking/PDBQT/7cam_B_198_chainB/docking_198_chainB_out.pdbqt	/home/anacleto/Desktop/manuscript_Mpro/naturecomm/supplementary_file_S2/6-chemical-library/molecular_docking/combined_complexes/7cam_198_combined/7cam_198_combined_pose_1.pdb
c1ncccc1C(=O)Nc(cn2)n(c23)cccc3	1980	1					
c1cccc(c12)n(nn2)C(=O)Nc3ccccc3	1981	1					
c1ncccc1OC(=O)c2cccc(c23)[nH]cc3	1982	1					
c1ncccc1OC(=O)c(c2)ccc(c23)[nH]cc3	1983	1					
c1ncccc1OC(=O)c(c2)[nH]c(c23)cccc3	1984	1					
c1cccc(c12)nc(oc2=O)Nc3ccccc3	1985	1					
n1cccc(c12)n(nc2)C(=O)Cc3ccccc3	1986	1					
c1ncccc1NC(=O)c2cccc(c23)[nH]cc3	1987	1					
c1ccnc(c12)n(nc2)C(=O)Cc3ccccc3	1988	1					
c1ccccc1NC(=O)c(n2)cn(c23)cccc3	1989	1					
c1csc(c12)CCCNC2	199	1	-4.052	-3.901	/home/anacleto/Desktop/manuscript_Mpro/naturecomm/supplementary_file_S2/6-chemical-library/molecular_docking/PDBQT/7cam_A_199_chainA/docking_199_chainA_out.pdbqt	/home/anacleto/Desktop/manuscript_Mpro/naturecomm/supplementary_file_S2/6-chemical-library/molecular_docking/PDBQT/7cam_B_199_chainB/docking_199_chainB_out.pdbqt	/home/anacleto/Desktop/manuscript_Mpro/naturecomm/supplementary_file_S2/6-chemical-library/molecular_docking/combined_complexes/7cam_199_combined/7cam_199_combined_pose_1.pdb
c1ccccc1Cc([nH]c2=O)nc(c23)cncc3	1990	1					
c1cccc(c12)nc([nH]c2=O)Nc3ccccc3	1991	1					
c1ccccc1OC(=O)c2cccc(c23)[nH]cc3	1992	1					
c1ccccc1CN(C(=O)C2=O)c(c23)cccc3	1993	1					
c1ccccc1CN(C(=O)C2=N)c(c23)cccc3	1994	1					
c1cccc(c12)n(nc2)C(=O)Cc3ccccc3	1995	1					
n1ccccc1NCc(cc2)cc(c23)nccc3	1996	1					
c1ncccc1C=C(C2=O)C(=O)c(c23)cccc3	1997	1					
c1ccccc1NCc2cncc(c23)cccc3	1998	1					
c1ccccc1NCc2cccc(c23)cccc3	1999	1					
O=C1CCSSCCNC(=O)CNC(=O)CNC(=O)CNC(=O)CN1	2	1	-6.396	-6.036	/home/anacleto/Desktop/manuscript_Mpro/naturecomm/supplementary_file_S2/6-chemical-library/molecular_docking/PDBQT/7cam_A_2_chainA/docking_2_chainA_out.pdbqt	/home/anacleto/Desktop/manuscript_Mpro/naturecomm/supplementary_file_S2/6-chemical-library/molecular_docking/PDBQT/7cam_B_2_chainB/docking_2_chainB_out.pdbqt	/home/anacleto/Desktop/manuscript_Mpro/naturecomm/supplementary_file_S2/6-chemical-library/molecular_docking/combined_complexes/7cam_2_combined/7cam_2_combined_pose_1.pdb
C=C1C=CC(=O)C=C1	20	1	-3.726	-3.716	/home/anacleto/Desktop/manuscript_Mpro/naturecomm/supplementary_file_S2/6-chemical-library/molecular_docking/PDBQT/7cam_A_20_chainA/docking_20_chainA_out.pdbqt	/home/anacleto/Desktop/manuscript_Mpro/naturecomm/supplementary_file_S2/6-chemical-library/molecular_docking/PDBQT/7cam_B_20_chainB/docking_20_chainB_out.pdbqt	/home/anacleto/Desktop/manuscript_Mpro/naturecomm/supplementary_file_S2/6-chemical-library/molecular_docking/combined_complexes/7cam_20_combined/7cam_20_combined_pose_1.pdb
n1c[nH]c(c12)[nH]cnc2=S	200	1	-4.228	-4.163	/home/anacleto/Desktop/manuscript_Mpro/naturecomm/supplementary_file_S2/6-chemical-library/molecular_docking/PDBQT/7cam_A_200_chainA/docking_200_chainA_out.pdbqt	/home/anacleto/Desktop/manuscript_Mpro/naturecomm/supplementary_file_S2/6-chemical-library/molecular_docking/PDBQT/7cam_B_200_chainB/docking_200_chainB_out.pdbqt	/home/anacleto/Desktop/manuscript_Mpro/naturecomm/supplementary_file_S2/6-chemical-library/molecular_docking/combined_complexes/7cam_200_combined/7cam_200_combined_pose_1.pdb
c1ccccc1CCc2cccc(c23)cccc3	2000	1					
c1cccc(c12)ccc(c2)N=Nc3ccccc3	2001	1					
s1cccc1C(=O)Sc(n2)sc(c23)cccc3	2002	1					
C12C(C1)CCCC2CNS(=O)(=O)c3cncs3	2003	1					
s1ccnc1CN(C(=O)N2)C(=O)C23CCSC3	2004	1					
c1cccc(c12)sc(n2)SNC3CCCCC3	2005	1					
s1cnnc1SC(=O)c(c2)oc(c23)cccc3	2006	1					
s1cnnc1SC(=O)c2cccc(c23)[nH]cc3	2007	1					
s1cnnc1SC(=O)c(cc2)cc(c23)[nH]cc3	2008	1					
s1cnnc1SC(=O)c(c2)ccc(c23)[nH]cc3	2009	1					
[nH]1cnc(c12)nc[nH]c2=S	201	1	-4.15	-3.944	/home/anacleto/Desktop/manuscript_Mpro/naturecomm/supplementary_file_S2/6-chemical-library/molecular_docking/PDBQT/7cam_A_201_chainA/docking_201_chainA_out.pdbqt	/home/anacleto/Desktop/manuscript_Mpro/naturecomm/supplementary_file_S2/6-chemical-library/molecular_docking/PDBQT/7cam_B_201_chainB/docking_201_chainB_out.pdbqt	/home/anacleto/Desktop/manuscript_Mpro/naturecomm/supplementary_file_S2/6-chemical-library/molecular_docking/combined_complexes/7cam_201_combined/7cam_201_combined_pose_1.pdb
s1cnnc1SC(=O)c(c2)[nH]c(c23)cccc3	2010	1					
c1c[nH]c(c12)c(ccc2)C(=O)Sc3nncs3	2011	1					
o1cccc1C(=O)Sc(n2)sc(c23)cccc3	2012	1					
s1cccc1C(=O)Oc(cc2)cc(c23)scc3	2013	1					
c1ccccc1CSc(n2)sc(c23)cccc3	2014	1					
C1OCC1S(=O)(=O)N(CC2)Cc(c23)cccc3	2015	1					
C1NCC1S(=O)(=O)N(CC2)Cc(c23)cccc3	2016	1					
C1CCN1S(=O)(=O)N(CC2)Cc(c23)cccc3	2017	1					
C1CC1NS(=O)(=O)N(CC2)Cc(c23)cccc3	2018	1					
C1CC1CS(=O)(=O)N(CC2)Cc(c23)cccc3	2019	1					
s1ccn(c12)c(=O)ccn2	202	1	-3.612	-3.504	/home/anacleto/Desktop/manuscript_Mpro/naturecomm/supplementary_file_S2/6-chemical-library/molecular_docking/PDBQT/7cam_A_202_chainA/docking_202_chainA_out.pdbqt	/home/anacleto/Desktop/manuscript_Mpro/naturecomm/supplementary_file_S2/6-chemical-library/molecular_docking/PDBQT/7cam_B_202_chainB/docking_202_chainB_out.pdbqt	/home/anacleto/Desktop/manuscript_Mpro/naturecomm/supplementary_file_S2/6-chemical-library/molecular_docking/combined_complexes/7cam_202_combined/7cam_202_combined_pose_1.pdb
C1CC1S(=O)(=O)Nc(cc2)cc(c23)cncc3	2020	1					
c1nsc(c12)c(ccc2)C(=O)N3CCNCC3	2021	1					
C1CNCCN1C(=O)c2cccc(c23)snc3	2022	1					
N1C(=O)NC(C1=O)Cc2csc(c23)cccc3	2023	1					
n1nnn(c12)nc(cc2)S(=O)c3ccccc3	2024	1					
o1cnnc1SC(=O)c(c2)[nH]c(c23)cccc3	2025	1					
n1cocc1C(=O)Nc(cc2)cc(c23)scn3	2026	1					
n1cocc1C(=O)Nc(c2)ccc(c23)scn3	2027	1					
C1CCc(c12)sc(n2)C(=O)Nc3ccccc3	2028	1					
s1ccnc1NC(=O)c(c2)ccn(c23)ccn3	2029	1					
c1csc(c12)c(=O)[nH]cn2	203	1	-3.839	-3.906	/home/anacleto/Desktop/manuscript_Mpro/naturecomm/supplementary_file_S2/6-chemical-library/molecular_docking/PDBQT/7cam_A_203_chainA/docking_203_chainA_out.pdbqt	/home/anacleto/Desktop/manuscript_Mpro/naturecomm/supplementary_file_S2/6-chemical-library/molecular_docking/PDBQT/7cam_B_203_chainB/docking_203_chainB_out.pdbqt	/home/anacleto/Desktop/manuscript_Mpro/naturecomm/supplementary_file_S2/6-chemical-library/molecular_docking/combined_complexes/7cam_203_combined/7cam_203_combined_pose_1.pdb
[nH]1cnnc1SC(=O)c(c2)[nH]c(c23)cccc3	2030	1					
[nH]1cncc1C(=O)Nc(cc2)cc(c23)scn3	2031	1					
n1cscc1CN(C(=O)C2=O)c(c23)cccc3	2032	1					
[nH]1c(=O)sn(c1=O)-c2cccc(c23)cccc3	2033	1					
s1ccn(c12)c(cn2)NC(=O)c3ccccc3	2034	1					
c1ccccc1C(=O)c2csc(c23)CCCC3	2035	1					
c1ncccc1CNc(cc2)cc(c23)scn3	2036	1					
c1ncccc1CNc(c2)ccc(c23)scn3	2037	1					
c1ccccc1NCc2snc(c23)cccc3	2038	1					
C12C(C1)CNC2C(=O)NCCC(C3=O)CCN3	2039	1					
c1csc(c12)[nH]c(=O)nc2	204	1	-4.137	-3.866	/home/anacleto/Desktop/manuscript_Mpro/naturecomm/supplementary_file_S2/6-chemical-library/molecular_docking/PDBQT/7cam_A_204_chainA/docking_204_chainA_out.pdbqt	/home/anacleto/Desktop/manuscript_Mpro/naturecomm/supplementary_file_S2/6-chemical-library/molecular_docking/PDBQT/7cam_B_204_chainB/docking_204_chainB_out.pdbqt	/home/anacleto/Desktop/manuscript_Mpro/naturecomm/supplementary_file_S2/6-chemical-library/molecular_docking/combined_complexes/7cam_204_combined/7cam_204_combined_pose_1.pdb
N1CCC(C1=O)CN(C(=O)N2)C(=O)C23CCC3	2040	1					
n1cocc1C(=O)NC(CO2)CC23CCCC3	2041	1					
n1cocc1C(=O)NC(CC2)CCC23CCO3	2042	1					
n1cocc1C(=O)NC(C2)CCC(C23)OCC3	2043	1					
[nH]1cncc1C(=O)NC(CC2)CCC23CCO3	2044	1					
[nH]1cncc1C(=O)NC(C2)CCC(C23)OCC3	2045	1					
[nH]1cncc1C(=O)NC(CCC2)CC23CCC3	2046	1					
C1CCCC12CN(C2)C(=O)CCc3cn[nH]c3	2047	1					
n1ncccc1C(=O)N(CC2)C(C23)CCOC3	2048	1					
c1ncccc1CNC(CO2)CC23CCCC3	2049	1					
N1CCSc(c12)cccc2	205	1	-4.335	-4.149	/home/anacleto/Desktop/manuscript_Mpro/naturecomm/supplementary_file_S2/6-chemical-library/molecular_docking/PDBQT/7cam_A_205_chainA/docking_205_chainA_out.pdbqt	/home/anacleto/Desktop/manuscript_Mpro/naturecomm/supplementary_file_S2/6-chemical-library/molecular_docking/PDBQT/7cam_B_205_chainB/docking_205_chainB_out.pdbqt	/home/anacleto/Desktop/manuscript_Mpro/naturecomm/supplementary_file_S2/6-chemical-library/molecular_docking/combined_complexes/7cam_205_combined/7cam_205_combined_pose_1.pdb
c1ncccc1CNC(CC2)CCC23CCO3	2050	1					
c1ncccc1CNC(C2)CCC(C23)OCC3	2051	1					
C1CNCCN1C(=O)c2nccc(c23)[nH]nn3	2052	1					
C1CNCCN1C(=O)c2cccn(c23)nnn3	2053	1					
C1CNCCN1Cc(c2)ccc(c23)CCNC3	2054	1					
C1CNCCC1NCc2cncc(c23)nc[nH]3	2055	1					
C1CCCCN1C(=O)C2COc(c23)cccc3	2056	1					
C1CC1NC(=O)CC2CCOc(c23)cccc3	2057	1					
n1ncn(c12)c(ccc2)C(=O)N3CCNCC3	2058	1					
C1CNCCN1C(=O)c2ccnc(c23)[nH]nc3	2059	1					
c1csc(c12)[nH]c(=O)cc2	206	1	-4.164	-4.09	/home/anacleto/Desktop/manuscript_Mpro/naturecomm/supplementary_file_S2/6-chemical-library/molecular_docking/PDBQT/7cam_A_206_chainA/docking_206_chainA_out.pdbqt	/home/anacleto/Desktop/manuscript_Mpro/naturecomm/supplementary_file_S2/6-chemical-library/molecular_docking/PDBQT/7cam_B_206_chainB/docking_206_chainB_out.pdbqt	/home/anacleto/Desktop/manuscript_Mpro/naturecomm/supplementary_file_S2/6-chemical-library/molecular_docking/combined_complexes/7cam_206_combined/7cam_206_combined_pose_1.pdb
C1CNCCN1C(=O)c2cccn(c23)cnn3	2060	1					
C1CNCCN1C(=O)c2cccc(c23)nn[nH]3	2061	1					
n1ccccc1CN(C(=O)N2)C(=O)C23CCC3	2062	1					
c1cccn(c12)c(=O)cc(n2)N3CCOCC3	2063	1					
C1OCC1NC(=O)Cn(cn2)c(c23)cccc3	2064	1					
O=C1CNC(=O)N1Cc2noc(c23)cccc3	2065	1					
c1ncccc1CNC(CCC2)CC23CCC3	2066	1					
c1ccccc1CNCC(C23)CN(CC2)CC3	2067	1					
C1CNCCC1CN(CC2)Cc(c23)cccc3	2068	1					
C1CC1NC(=O)CN(CC2)Cc(c23)cccc3	2069	1					
[nH]1c(=S)oc(c12)cccc2	207	1	-4.425	-4.305	/home/anacleto/Desktop/manuscript_Mpro/naturecomm/supplementary_file_S2/6-chemical-library/molecular_docking/PDBQT/7cam_A_207_chainA/docking_207_chainA_out.pdbqt	/home/anacleto/Desktop/manuscript_Mpro/naturecomm/supplementary_file_S2/6-chemical-library/molecular_docking/PDBQT/7cam_B_207_chainB/docking_207_chainB_out.pdbqt	/home/anacleto/Desktop/manuscript_Mpro/naturecomm/supplementary_file_S2/6-chemical-library/molecular_docking/combined_complexes/7cam_207_combined/7cam_207_combined_pose_1.pdb
c1n[nH]c(c12)c(ccc2)C(=O)N3CCNCC3	2070	1					
c1c[nH]c(c12)c(cnc2)C(=O)N3CCNCC3	2071	1					
C1CNCCN1C(=O)c2n[nH]c(c23)cccc3	2072	1					
C1CNCCN1C(=O)c2cnn(c23)cccc3	2073	1					
C1CNCCN1C(=O)c2cccc(c23)[nH]nc3	2074	1					
C1CNCCN1C(=O)c2c[nH]c(c23)nccc3	2075	1					
C1CCCN1C(=O)Cn(nn2)c(c23)cccc3	2076	1					
C1CC1CNC(=O)Cn(nn2)c(c23)cccc3	2077	1					
O=C1CC(CN1)N(C2=O)CCc(c23)cccc3	2078	1					
N1CCC(C1=O)N(C2=O)CCc(c23)cccc3	2079	1					
[nH]1c(=O)sc(c12)cccc2	208	1	-4.459	-4.372	/home/anacleto/Desktop/manuscript_Mpro/naturecomm/supplementary_file_S2/6-chemical-library/molecular_docking/PDBQT/7cam_A_208_chainA/docking_208_chainA_out.pdbqt	/home/anacleto/Desktop/manuscript_Mpro/naturecomm/supplementary_file_S2/6-chemical-library/molecular_docking/PDBQT/7cam_B_208_chainB/docking_208_chainB_out.pdbqt	/home/anacleto/Desktop/manuscript_Mpro/naturecomm/supplementary_file_S2/6-chemical-library/molecular_docking/combined_complexes/7cam_208_combined/7cam_208_combined_pose_1.pdb
C1CCCN1C(=O)Cc2noc(c23)cccc3	2080	1					
C1CCC1NC(=O)Cc2noc(c23)cccc3	2081	1					
C1CC1CNC(=O)Cc2noc(c23)cccc3	2082	1					
n1cocc1C(=O)NC2COc(c23)cccc3	2083	1					
N1C(=O)NC(C1=O)Cc(c2)oc(c23)cccc3	2084	1					
n1c[nH]c(c12)cc(cc2)C(=O)N3CCCCC3	2085	1					
C1CNCCN1C(=O)c(c2)[nH]c(c23)cccc3	2086	1					
C1CCCN1C(=O)Cc2cnn(c23)cccc3	2087	1					
C1CCCCN1C(=O)c2c[nH]c(c23)nccc3	2088	1					
C1CCC1NC(=O)Cc2cnn(c23)cccc3	2089	1					
O=c1[nH]sc(c12)cccc2	209	1	-3.979	-4.184	/home/anacleto/Desktop/manuscript_Mpro/naturecomm/supplementary_file_S2/6-chemical-library/molecular_docking/PDBQT/7cam_A_209_chainA/docking_209_chainA_out.pdbqt	/home/anacleto/Desktop/manuscript_Mpro/naturecomm/supplementary_file_S2/6-chemical-library/molecular_docking/PDBQT/7cam_B_209_chainB/docking_209_chainB_out.pdbqt	/home/anacleto/Desktop/manuscript_Mpro/naturecomm/supplementary_file_S2/6-chemical-library/molecular_docking/combined_complexes/7cam_209_combined/7cam_209_combined_pose_1.pdb
C1CC1CNC(=O)Cn(cn2)c(c23)cccc3	2090	1					
N1C(=O)NC(C1=O)Cc2c[nH]c(c23)cccc3	2091	1					
n1cocc1C(=O)Nc(cc2)cc(c23)ocn3	2092	1					
n1[nH]cnc1Nc(c2)ccc(c23)CCCCC3	2093	1					
[nH]1nncc1C(=O)N(CC2)Cc(c23)cccc3	2094	1					
o1cncc1C(=O)N(CC2)Cc(c23)cccc3	2095	1					
o1ccnc1C(=O)N(CC2)Cc(c23)cccc3	2096	1					
n1cocc1C(=O)NC2CCc(c23)cccc3	2097	1					
c1oncc1C(=O)N(CC2)Cc(c23)cccc3	2098	1					
C1CCN1C(=O)c2cc(=O)[nH]c(c23)cccc3	2099	1					
N1CCCS1(=O)=O	21	1	-3.587	-3.149	/home/anacleto/Desktop/manuscript_Mpro/naturecomm/supplementary_file_S2/6-chemical-library/molecular_docking/PDBQT/7cam_A_21_chainA/docking_21_chainA_out.pdbqt	/home/anacleto/Desktop/manuscript_Mpro/naturecomm/supplementary_file_S2/6-chemical-library/molecular_docking/PDBQT/7cam_B_21_chainB/docking_21_chainB_out.pdbqt	/home/anacleto/Desktop/manuscript_Mpro/naturecomm/supplementary_file_S2/6-chemical-library/molecular_docking/combined_complexes/7cam_21_combined/7cam_21_combined_pose_1.pdb
C1CCSc(c12)cccc2	210	1	-4.026	-4.258	/home/anacleto/Desktop/manuscript_Mpro/naturecomm/supplementary_file_S2/6-chemical-library/molecular_docking/PDBQT/7cam_A_210_chainA/docking_210_chainA_out.pdbqt	/home/anacleto/Desktop/manuscript_Mpro/naturecomm/supplementary_file_S2/6-chemical-library/molecular_docking/PDBQT/7cam_B_210_chainB/docking_210_chainB_out.pdbqt	/home/anacleto/Desktop/manuscript_Mpro/naturecomm/supplementary_file_S2/6-chemical-library/molecular_docking/combined_complexes/7cam_210_combined/7cam_210_combined_pose_1.pdb
c1ccccc1COc(c2)ccc(c23)OCO3	2100	1					
n1[nH]ccc1C(=O)Nc(cn2)cn(c23)ccn3	2101	1					
c1[nH]ncc1NC(=O)c(n2)ccn(c23)ncc3	2102	1					
n1cocc1C(=O)Nc(cc2)cc(c23)[nH]cn3	2103	1					
n1cocc1C(=O)Nc(c2)ccc(c23)[nH]nc3	2104	1					
n1cocc1C(=O)Nc(c2)ccc(c23)[nH]cn3	2105	1					
[nH]1cncc1C(=O)Nc(cc2)cc(c23)ocn3	2106	1					
C1CNCCN1Cc(cc2)cc(c23)nccc3	2107	1					
C1CNCCN1Cc(cc2)cc(c23)cncc3	2108	1					
C1CNCCN1Cc(c2)ccc(c23)cncc3	2109	1					
N1CCOC(C12)CCCC2	211	1	-4.245	-3.99	/home/anacleto/Desktop/manuscript_Mpro/naturecomm/supplementary_file_S2/6-chemical-library/molecular_docking/PDBQT/7cam_A_211_chainA/docking_211_chainA_out.pdbqt	/home/anacleto/Desktop/manuscript_Mpro/naturecomm/supplementary_file_S2/6-chemical-library/molecular_docking/PDBQT/7cam_B_211_chainB/docking_211_chainB_out.pdbqt	/home/anacleto/Desktop/manuscript_Mpro/naturecomm/supplementary_file_S2/6-chemical-library/molecular_docking/combined_complexes/7cam_211_combined/7cam_211_combined_pose_1.pdb
c1cccc(c12)cncc2N3CCNCC3=O	2110	1					
c1cccc(c12)OCCC2Nc3ncccn3	2111	1					
[nH]1nccc1C(=O)N(CC2)Cc(c23)cccc3	2112	1					
[nH]1cncc1CN(C2=O)CCc(c23)cccc3	2113	1					
[nH]1cncc1C(=O)N(CC2)Cc(c23)cccc3	2114	1					
C=C1CN(C1)C(=O)Cc2cnn(c23)cccc3	2115	1					
[nH]1cncc1C(=O)Nc(c2)ccc(c23)[nH]nc3	2116	1					
[nH]1cncc1C(=O)Nc(c2)ccc(c23)[nH]cn3	2117	1					
n1cocc1C(=O)Nc(c2)ccc(c23)[nH]cc3	2118	1					
O=C1CNC(=O)N1c2cncc(c23)cccc3	2119	1					
C1CCC12C(=O)NC(=O)N2	212	1	-4.18	-3.969	/home/anacleto/Desktop/manuscript_Mpro/naturecomm/supplementary_file_S2/6-chemical-library/molecular_docking/PDBQT/7cam_A_212_chainA/docking_212_chainA_out.pdbqt	/home/anacleto/Desktop/manuscript_Mpro/naturecomm/supplementary_file_S2/6-chemical-library/molecular_docking/PDBQT/7cam_B_212_chainB/docking_212_chainB_out.pdbqt	/home/anacleto/Desktop/manuscript_Mpro/naturecomm/supplementary_file_S2/6-chemical-library/molecular_docking/combined_complexes/7cam_212_combined/7cam_212_combined_pose_1.pdb
C1CNCCN1Cc2cccc(c23)cccc3	2120	1					
c1ncccc1CNC2COc(c23)cccc3	2121	1					
c1cccc(c12)cncc2N3CCCCC3=O	2122	1					
[nH]1cncc1C(=O)Nc(c2)ccc(c23)[nH]cc3	2123	1					
o1cccc1C(=O)Nc(c2)ccc(c23)[nH]cc3	2124	1					
N1C(=O)NC(C1=O)c2cccc(c23)cccc3	2125	1					
n1cnn(c12)cc(cn2)CNc3ccccc3	2126	1					
c1ccccc1CNc2ncnc(c23)[nH]cn3	2127	1					
c1ncccc1CNc(cc2)cc(c23)ocn3	2128	1					
c1ccccc1NCc(c2)cnc(c23)onc3	2129	1					
n1ncn(c12)CCCCC2	213	1	-4.027	-3.922	/home/anacleto/Desktop/manuscript_Mpro/naturecomm/supplementary_file_S2/6-chemical-library/molecular_docking/PDBQT/7cam_A_213_chainA/docking_213_chainA_out.pdbqt	/home/anacleto/Desktop/manuscript_Mpro/naturecomm/supplementary_file_S2/6-chemical-library/molecular_docking/PDBQT/7cam_B_213_chainB/docking_213_chainB_out.pdbqt	/home/anacleto/Desktop/manuscript_Mpro/naturecomm/supplementary_file_S2/6-chemical-library/molecular_docking/combined_complexes/7cam_213_combined/7cam_213_combined_pose_1.pdb
c1ncccc1CNC2CCc(c23)cccc3	2130	1					
c1ncccc1CNc(cc2)cc(c23)[nH]cn3	2131	1					
c1ncccc1CNc(c2)ccc(c23)[nH]nc3	2132	1					
c1ncccc1CNc(c2)ccc(c23)[nH]cn3	2133	1					
c1ccccc1OCc2n[nH]c(c23)cccc3	2134	1					
c1ccccc1OCc(c2)oc(c23)cccc3	2135	1					
c1cccc(c12)OC(CC2=O)c3ccccc3	2136	1					
c1ccccc1CC2NCCc(c23)cccc3	2137	1					
c1cccc(c12)N(CCC2)Cc3ccccc3	2138	1					
c1cccc(c12)CCNCC2c3ccccc3	2139	1					
c1coc(c12)CCCNC2	214	1	-4.493	-4.18	/home/anacleto/Desktop/manuscript_Mpro/naturecomm/supplementary_file_S2/6-chemical-library/molecular_docking/PDBQT/7cam_A_214_chainA/docking_214_chainA_out.pdbqt	/home/anacleto/Desktop/manuscript_Mpro/naturecomm/supplementary_file_S2/6-chemical-library/molecular_docking/PDBQT/7cam_B_214_chainB/docking_214_chainB_out.pdbqt	/home/anacleto/Desktop/manuscript_Mpro/naturecomm/supplementary_file_S2/6-chemical-library/molecular_docking/combined_complexes/7cam_214_combined/7cam_214_combined_pose_1.pdb
c1ncccc1CNc(c2)ccc(c23)[nH]cc3	2140	1					
c1cccn(c12)c(cn2)CNc3ccccc3	2141	1					
c1ccccc1NCc2n[nH]c(c23)cccc3	2142	1					
c1ccccc1NCc2[nH]nc(c23)cccc3	2143	1					
c1ccccc1NCc2coc(c23)cccc3	2144	1					
c1ccccc1CN(C2=O)Cc(c23)cccc3	2145	1					
c1cccc(c12)CN(C(=O)C2)c3ccccc3	2146	1					
c1cccc(c12)CC(=O)NC2c3ccccc3	2147	1					
c1ccccc1Cc(c2)ccc(c23)OCC=C3	2148	1					
c1cccc(c12)nnc(n2)Nc3ccccc3	2149	1					
C=C1CCCC(C12)CCC2	215	1	-4.198	-4.205	/home/anacleto/Desktop/manuscript_Mpro/naturecomm/supplementary_file_S2/6-chemical-library/molecular_docking/PDBQT/7cam_A_215_chainA/docking_215_chainA_out.pdbqt	/home/anacleto/Desktop/manuscript_Mpro/naturecomm/supplementary_file_S2/6-chemical-library/molecular_docking/PDBQT/7cam_B_215_chainB/docking_215_chainB_out.pdbqt	/home/anacleto/Desktop/manuscript_Mpro/naturecomm/supplementary_file_S2/6-chemical-library/molecular_docking/combined_complexes/7cam_215_combined/7cam_215_combined_pose_1.pdb
c1cccc(c12)c(=O)[nH]nc2-c3ccccc3	2150	1					
c1cccc(c12)oc(cc2=O)-c3ccccc3	2151	1					
O=c1ccoc(c12)c(ccc2)-c3ccccc3	2152	1					
c1c[nH+]ccc1C=Cc2c[nH]c(c23)cccc3	2153	1					
c1ccccc1C(=O)c(cc2)n(c23)cccc3	2154	1					
c1ccccc1C=C(C2=O)Cc(c23)cccc3	2155	1					
c1ccccc1Cc(cc2)cc(c23)nccc3	2156	1					
c1ccccc1Cc(c2)cnc(c23)cccc3	2157	1					
C1C(=O)N(C12)C=C(CS2)CSc3nnn[nH]3	2158	1					
c1cccc(c12)sc(n2)SN3CCOCC3	2159	1					
O1CCOc(c12)cccc2	216	1	-3.942	-3.791	/home/anacleto/Desktop/manuscript_Mpro/naturecomm/supplementary_file_S2/6-chemical-library/molecular_docking/PDBQT/7cam_A_216_chainA/docking_216_chainA_out.pdbqt	/home/anacleto/Desktop/manuscript_Mpro/naturecomm/supplementary_file_S2/6-chemical-library/molecular_docking/PDBQT/7cam_B_216_chainB/docking_216_chainB_out.pdbqt	/home/anacleto/Desktop/manuscript_Mpro/naturecomm/supplementary_file_S2/6-chemical-library/molecular_docking/combined_complexes/7cam_216_combined/7cam_216_combined_pose_1.pdb
n1cscc1C(=O)Nc(s2)nn(c23)cnn3	2160	1					
s1cncc1C=CC(CS2)=CN(C23)C(=O)C3	2161	1					
C1CC1NS(=O)(=O)c(n2)cn(c23)CCCC3	2162	1					
n1nscc1C(=O)N2C(CNC3)CCCC23	2163	1					
C1CC1S(=O)(=O)N(CC2)Cc(c23)cccc3	2164	1					
C1CC1CN(CC2)S(=O)(=O)c(c23)cccc3	2165	1					
c1ncn(c12)c(cs2)C(=O)N3CCCCC3	2166	1					
C1C(=O)N(C12)C=C(CS2)C[n+]3ccccc3	2167	1					
n1cscc1CN(CC2)Cc(c23)cccc3	2168	1					
[nH]1ccn(c1=S)C(C2)CCc(c23)cccc3	2169	1					
n1ncn(c12)cc[nH]c2=O	217	1	-3.847	-3.881	/home/anacleto/Desktop/manuscript_Mpro/naturecomm/supplementary_file_S2/6-chemical-library/molecular_docking/PDBQT/7cam_A_217_chainA/docking_217_chainA_out.pdbqt	/home/anacleto/Desktop/manuscript_Mpro/naturecomm/supplementary_file_S2/6-chemical-library/molecular_docking/PDBQT/7cam_B_217_chainB/docking_217_chainB_out.pdbqt	/home/anacleto/Desktop/manuscript_Mpro/naturecomm/supplementary_file_S2/6-chemical-library/molecular_docking/combined_complexes/7cam_217_combined/7cam_217_combined_pose_1.pdb
s1cnn(c12)c(cn2)CNc3ccccc3	2170	1					
n1onc(c12)cccc2Sc3cccc[nH+]3	2171	1					
n1n[nH]c(c12)ncnc2Sc3ccccn3	2172	1					
n1c[nH]c(=O)c(c12)sc(c2)-c3ccccc3	2173	1					
c1cccc(c12)SCC(N2)c3ccccc3	2174	1					
c1cccc(c12)sn(c2=O)-c3ccccc3	2175	1					
c1cc(=O)[nH]c(c12)scc2-c3ccccc3	2176	1					
c1cccc(c12)sc(n2)Nc3ccccc3	2177	1					
C1CCC12C(=O)N(C(=O)N2)C(C3=O)CCN3	2178	1					
[nH]1nnnc1CN(C(=O)N2)C(=O)C23CCC3	2179	1					
n1cnn(c12)c(=O)cc[nH]2	218	1	-4.089	-3.952	/home/anacleto/Desktop/manuscript_Mpro/naturecomm/supplementary_file_S2/6-chemical-library/molecular_docking/PDBQT/7cam_A_218_chainA/docking_218_chainA_out.pdbqt	/home/anacleto/Desktop/manuscript_Mpro/naturecomm/supplementary_file_S2/6-chemical-library/molecular_docking/PDBQT/7cam_B_218_chainB/docking_218_chainB_out.pdbqt	/home/anacleto/Desktop/manuscript_Mpro/naturecomm/supplementary_file_S2/6-chemical-library/molecular_docking/combined_complexes/7cam_218_combined/7cam_218_combined_pose_1.pdb
n1oncc1CN(C(=O)N2)C(=O)C23CCC3	2180	1					
C1COCCN1Cc(c2)ccc(c23)OCO3	2181	1					
[nH]1ncnc1CN(C(=O)N2)C(=O)C23CCC3	2182	1					
[nH]1cnnc1CN(C(=O)N2)C(=O)C23CCC3	2183	1					
[nH]1cncc1C(=O)N(C2)CC(N3)CCCC23	2184	1					
n1cocc1C(=O)NC(C2)CC(C23)CCC3	2185	1					
[nH]1nnnc1CNC(CC2)Cn(c23)ncn3	2186	1					
[nH]1ccnc1CN(C(=O)N2)C(=O)C23CCC3	2187	1					
O1COc(c12)ccc(c2)C(C3=O)NC(=O)N3	2188	1					
[nH]1ncn(c1=O)-c(c2)ccc(c23)OCCO3	2189	1					
c1nnn(c12)cc[nH]c2=O	219	1	-3.823	-3.873	/home/anacleto/Desktop/manuscript_Mpro/naturecomm/supplementary_file_S2/6-chemical-library/molecular_docking/PDBQT/7cam_A_219_chainA/docking_219_chainA_out.pdbqt	/home/anacleto/Desktop/manuscript_Mpro/naturecomm/supplementary_file_S2/6-chemical-library/molecular_docking/PDBQT/7cam_B_219_chainB/docking_219_chainB_out.pdbqt	/home/anacleto/Desktop/manuscript_Mpro/naturecomm/supplementary_file_S2/6-chemical-library/molecular_docking/combined_complexes/7cam_219_combined/7cam_219_combined_pose_1.pdb
n1cnn(c12)c(ccn2)N3CCCNCC3	2190	1					
[nH]1c(=O)[nH]c(c12)cccc2N3CCNCC3	2191	1					
N1CCC(C1=O)Nc(ccn2)n(c23)ncn3	2192	1					
C1COc(c12)ccc(c2)C(C3=O)NC(=O)N3	2193	1					
C1CCC12C(=O)N(C(=O)N2)c3cccnc3	2194	1					
o1cnnc1CNc(cc2)nn(c23)cnn3	2195	1					
c1ncccc1CNC(C2)CC(C23)CCC3	2196	1					
C1CNCCC1CN(CC2)c(c23)cccc3	2197	1					
c1c[nH]c(c12)ncnc2NC3CCCCC3	2198	1					
C1CCCCN1Cc(cn2)n(c23)ccnc3	2199	1					
C1CCCS1(=O)=O	22	1	-3.007	-2.779	/home/anacleto/Desktop/manuscript_Mpro/naturecomm/supplementary_file_S2/6-chemical-library/molecular_docking/PDBQT/7cam_A_22_chainA/docking_22_chainA_out.pdbqt	/home/anacleto/Desktop/manuscript_Mpro/naturecomm/supplementary_file_S2/6-chemical-library/molecular_docking/PDBQT/7cam_B_22_chainB/docking_22_chainB_out.pdbqt	/home/anacleto/Desktop/manuscript_Mpro/naturecomm/supplementary_file_S2/6-chemical-library/molecular_docking/combined_complexes/7cam_22_combined/7cam_22_combined_pose_1.pdb
c1n[nH]c(c12)nc[nH]c2=O	220	1	-4.318	-4.15	/home/anacleto/Desktop/manuscript_Mpro/naturecomm/supplementary_file_S2/6-chemical-library/molecular_docking/PDBQT/7cam_A_220_chainA/docking_220_chainA_out.pdbqt	/home/anacleto/Desktop/manuscript_Mpro/naturecomm/supplementary_file_S2/6-chemical-library/molecular_docking/PDBQT/7cam_B_220_chainB/docking_220_chainB_out.pdbqt	/home/anacleto/Desktop/manuscript_Mpro/naturecomm/supplementary_file_S2/6-chemical-library/molecular_docking/combined_complexes/7cam_220_combined/7cam_220_combined_pose_1.pdb
N1CCOCC1Cc2c[nH]c(c23)cccc3	2200	1					
N1CCC(C1=O)N(CC2)Cc(c23)cccc3	2201	1					
C1CCN1C(=O)Cn(nn2)c(c23)cccc3	2202	1					
C1CC1NC(=O)Cn(nn2)c(c23)cccc3	2203	1					
c1cccc(c12)CCC2C(C3=O)NC(=O)N3	2204	1					
N1C(=O)NC(=O)C12CC(C2)c3ccccc3	2205	1					
C1CCc(c12)ccc(c2)C(C3=O)NC(=O)N3	2206	1					
C1CC1NC(=O)Cc2noc(c23)cccc3	2207	1					
c1cccc(c12)oc(c2)C(C3=O)NC(=O)N3	2208	1					
C1CCCN1C(CC2)CCc(c23)cccc3	2209	1					
c1cnn(c12)cn[nH]c2=O	221	1	-3.976	-3.939	/home/anacleto/Desktop/manuscript_Mpro/naturecomm/supplementary_file_S2/6-chemical-library/molecular_docking/PDBQT/7cam_A_221_chainA/docking_221_chainA_out.pdbqt	/home/anacleto/Desktop/manuscript_Mpro/naturecomm/supplementary_file_S2/6-chemical-library/molecular_docking/PDBQT/7cam_B_221_chainB/docking_221_chainB_out.pdbqt	/home/anacleto/Desktop/manuscript_Mpro/naturecomm/supplementary_file_S2/6-chemical-library/molecular_docking/combined_complexes/7cam_221_combined/7cam_221_combined_pose_1.pdb
n1ccn(c12)c(ccc2)CN3CCCCC3	2210	1					
c1c[nH]c(c12)c(ccc2)CN3CCNCC3	2211	1					
n1ccnc(c12)nc(cc2)N3CCNCC3	2212	1					
C1CCN1C(=O)Cc2cnn(c23)cccc3	2213	1					
C1CC1NC(=O)Cc2cnn(c23)cccc3	2214	1					
c1cccn1CC(O2)COc(c23)cccc3	2215	1					
c1cccc(c12)[nH]cc2C(C3=O)NC(=O)N3	2216	1					
n1n[nH]cc1CN(CC2)Cc(c23)cccc3	2217	1					
c1cccc(c12)ncc(n2)N3CCNCC3	2218	1					
[nH]1cnnc1CN(CCC2)c(c23)cccc3	2219	1					
N1CCOc(c12)cccc2	222	1	-4.324	-4.122	/home/anacleto/Desktop/manuscript_Mpro/naturecomm/supplementary_file_S2/6-chemical-library/molecular_docking/PDBQT/7cam_A_222_chainA/docking_222_chainA_out.pdbqt	/home/anacleto/Desktop/manuscript_Mpro/naturecomm/supplementary_file_S2/6-chemical-library/molecular_docking/PDBQT/7cam_B_222_chainB/docking_222_chainB_out.pdbqt	/home/anacleto/Desktop/manuscript_Mpro/naturecomm/supplementary_file_S2/6-chemical-library/molecular_docking/combined_complexes/7cam_222_combined/7cam_222_combined_pose_1.pdb
[nH]1cnnc1CN(CC2)Cc(c23)cccc3	2220	1					
[nH]1ncc(c12)CN(C2=O)Cc3cccnc3	2221	1					
o1cccc1C(CC2=O)Cc(c23)ncnc3	2222	1					
n1cocc1C(=O)NC2Cc(c23)cccc3	2223	1					
n1[nH]ccc1CN(CC2)Cc(c23)cccc3	2224	1					
c1cccc(c12)ncnc2C3CCNCC3	2225	1					
[nH]1nccc1CN(CCC2)c(c23)cccc3	2226	1					
[nH]1cncc1CN(CCC2)c(c23)cccc3	2227	1					
[nH]1cncc1CN(CC2)Cc(c23)cccc3	2228	1					
[nH]1ccnc1CN(CCC2)c(c23)cccc3	2229	1					
C1CCOc(c12)ccnc2	223	1	-3.813	-3.709	/home/anacleto/Desktop/manuscript_Mpro/naturecomm/supplementary_file_S2/6-chemical-library/molecular_docking/PDBQT/7cam_A_223_chainA/docking_223_chainA_out.pdbqt	/home/anacleto/Desktop/manuscript_Mpro/naturecomm/supplementary_file_S2/6-chemical-library/molecular_docking/PDBQT/7cam_B_223_chainB/docking_223_chainB_out.pdbqt	/home/anacleto/Desktop/manuscript_Mpro/naturecomm/supplementary_file_S2/6-chemical-library/molecular_docking/combined_complexes/7cam_223_combined/7cam_223_combined_pose_1.pdb
N1CCN=C1Nc(c2)ccc(c23)nccn3	2230	1					
C1CCCN1Cc(cc2)cc(c23)nccc3	2231	1					
O=C1CCCN1c2cncc(c23)cccc3	2232	1					
c1ccccc1Cc(c2)ccc(c23)OCO3	2233	1					
c1nncn1C(=O)c(c2)[nH]c(c23)cccc3	2234	1					
O=c1[nH]cnc(c12)n(nc2)-c3ccccc3	2235	1					
c1ncnc(c12)n(nn2)Cc3ccccc3	2236	1					
n1c[nH]c(c12)cc(nc2)Oc3ccccc3	2237	1					
c1ncccc1CNC2Cc(c23)cccc3	2238	1					
c1cccc(c12)CCNC2c3cccnc3	2239	1					
[nH]1c(=O)[nH]c(c12)cncc2	224	1	-4.427	-4.168	/home/anacleto/Desktop/manuscript_Mpro/naturecomm/supplementary_file_S2/6-chemical-library/molecular_docking/PDBQT/7cam_A_224_chainA/docking_224_chainA_out.pdbqt	/home/anacleto/Desktop/manuscript_Mpro/naturecomm/supplementary_file_S2/6-chemical-library/molecular_docking/PDBQT/7cam_B_224_chainB/docking_224_chainB_out.pdbqt	/home/anacleto/Desktop/manuscript_Mpro/naturecomm/supplementary_file_S2/6-chemical-library/molecular_docking/combined_complexes/7cam_224_combined/7cam_224_combined_pose_1.pdb
c1cccc(c12)OC(CC2)c3ccccc3	2240	1					
c1cccn(c12)nc(n2)Nc3ccccc3	2241	1					
c1cccc(c12)CNCC2c3ccccc3	2242	1					
c1cccc(c12)CNC(C2)c3ccccc3	2243	1					
c1nccn1Cc(cc2)cc(c23)cncc3	2244	1					
c1ccccc1Cc(n2)[nH]c(c23)cccc3	2245	1					
c1ccccc1Cc2c[nH]c(c23)cccc3	2246	1					
c1cccc(c12)[o+]c(cc2)-c3ccccc3	2247	1					
c1ccccc1-c(c2)ccc(c23)ncnn3	2248	1					
c1cccc(c12)nccc2-c3ccnnc3	2249	1					
[nH]1c(=O)oc(c12)cccc2	225	1	-4.399	-4.268	/home/anacleto/Desktop/manuscript_Mpro/naturecomm/supplementary_file_S2/6-chemical-library/molecular_docking/PDBQT/7cam_A_225_chainA/docking_225_chainA_out.pdbqt	/home/anacleto/Desktop/manuscript_Mpro/naturecomm/supplementary_file_S2/6-chemical-library/molecular_docking/PDBQT/7cam_B_225_chainB/docking_225_chainB_out.pdbqt	/home/anacleto/Desktop/manuscript_Mpro/naturecomm/supplementary_file_S2/6-chemical-library/molecular_docking/combined_complexes/7cam_225_combined/7cam_225_combined_pose_1.pdb
c1cccc(c12)nc(nc2)-c3cccnc3	2250	1					
c1ccnc(c12)ccc(c2)-c3cccnc3	2251	1					
c1ccccc1C=C2C=Cc(c23)cccc3	2252	1					
C1C(=O)N(C12)C=C(CS2)Sc3nccs3	2253	1					
s1ccn(c12)c(cn2)CN3CCNCC3	2254	1					
S=c1nc[nH]c(c12)n(cn2)C3CCCO3	2255	1					
n1cnn(c12)c(ccn2)Sc3nnco3	2256	1					
c1cccc(c12)sc(n2)NC3CCNC3	2257	1					
c1csc(c12)c(=O)[nH]c(n2)-c3nnc[nH]3	2258	1					
c1csc(c12)cccc2N3CCNCC3	2259	1					
C1NCCc(c12)cncc2	226	1	-4.161	-4.118	/home/anacleto/Desktop/manuscript_Mpro/naturecomm/supplementary_file_S2/6-chemical-library/molecular_docking/PDBQT/7cam_A_226_chainA/docking_226_chainA_out.pdbqt	/home/anacleto/Desktop/manuscript_Mpro/naturecomm/supplementary_file_S2/6-chemical-library/molecular_docking/PDBQT/7cam_B_226_chainB/docking_226_chainB_out.pdbqt	/home/anacleto/Desktop/manuscript_Mpro/naturecomm/supplementary_file_S2/6-chemical-library/molecular_docking/combined_complexes/7cam_226_combined/7cam_226_combined_pose_1.pdb
n1cnc(c12)nc[nH]c2Sc3cnc[nH]3	2260	1					
[nH]1c(=O)oc(c12)cc(cc2)-c3cscn3	2261	1					
c1csc(c12)CCNC2c3ccccc3	2262	1					
s1ccnc1-c(cc2)nc(c23)cccc3	2263	1					
c1cccc(c12)sc(n2)-c3ccccc3	2264	1					
s1cccc1-c(c2)ccc(c23)cccc3	2265	1					
C12C(C1)CNC2C(=O)NCCC3CCC3	2266	1					
n1cocc1C(=O)NC(C2)CC23CCC3	2267	1					
c1[nH]ncc1C(=O)NC2CCCC(C23)C3	2268	1					
C1CC1COc2cccc(c23)CCCO3	2269	1					
C1CCNc(c12)cncc2	227	1	-4.142	-4.181	/home/anacleto/Desktop/manuscript_Mpro/naturecomm/supplementary_file_S2/6-chemical-library/molecular_docking/PDBQT/7cam_A_227_chainA/docking_227_chainA_out.pdbqt	/home/anacleto/Desktop/manuscript_Mpro/naturecomm/supplementary_file_S2/6-chemical-library/molecular_docking/PDBQT/7cam_B_227_chainB/docking_227_chainB_out.pdbqt	/home/anacleto/Desktop/manuscript_Mpro/naturecomm/supplementary_file_S2/6-chemical-library/molecular_docking/combined_complexes/7cam_227_combined/7cam_227_combined_pose_1.pdb
C1OCCC(C12)NCC2c3ccccc3	2270	1					
c1[nH]nc(c12)ccnc2N(C3=O)CCN3	2271	1					
c1ncccc1CNC(C2)CC23CCC3	2272	1					
C1CC1CCC2CCOc(c23)cccc3	2273	1					
c1cccn(c12)c(nn2)C3CCCNC3	2274	1					
c1cccc(c12)oc(n2)C3CCCNC3	2275	1					
c1ccnc(c12)[nH]cc2C3CCNCC3	2276	1					
c1c[nH]c(c12)cccc2N3CCNCC3	2277	1					
c1c[nH]c(c12)c(ccc2)N3CCNCC3	2278	1					
C1CC1CN(C2=O)CCc(c23)cccc3	2279	1					
C1CCNc(c12)ccnc2	228	1	-4.208	-3.985	/home/anacleto/Desktop/manuscript_Mpro/naturecomm/supplementary_file_S2/6-chemical-library/molecular_docking/PDBQT/7cam_A_228_chainA/docking_228_chainA_out.pdbqt	/home/anacleto/Desktop/manuscript_Mpro/naturecomm/supplementary_file_S2/6-chemical-library/molecular_docking/PDBQT/7cam_B_228_chainB/docking_228_chainB_out.pdbqt	/home/anacleto/Desktop/manuscript_Mpro/naturecomm/supplementary_file_S2/6-chemical-library/molecular_docking/combined_complexes/7cam_228_combined/7cam_228_combined_pose_1.pdb
C1CC1C(=O)N(CC2)Cc(c23)cccc3	2280	1					
o1cnnc1C(C2)NCc(c23)cccc3	2281	1					
[nH]1cnc(c12)CCNC2c3cccnc3	2282	1					
C1OCCc(c12)[nH]nc2-c3ccccc3	2283	1					
n1c[nH]c(c12)CCNC2c3ccccc3	2284	1					
c1ccnc(c12)[nH]cc2C3=CCNCC3	2285	1					
[nH]1ncc(c12)C(NC2=O)c3ccccc3	2286	1					
C1NC(=O)c(c12)[nH]nc2-c3ccccc3	2287	1					
c1ccn(c12)CCNC2c3ccccc3	2288	1					
c1cccc(c12)[nH]cc2C3=CCNCC3	2289	1					
C1COCc(c12)cccc2	229	1	-4.056	-4.187	/home/anacleto/Desktop/manuscript_Mpro/naturecomm/supplementary_file_S2/6-chemical-library/molecular_docking/PDBQT/7cam_A_229_chainA/docking_229_chainA_out.pdbqt	/home/anacleto/Desktop/manuscript_Mpro/naturecomm/supplementary_file_S2/6-chemical-library/molecular_docking/PDBQT/7cam_B_229_chainB/docking_229_chainB_out.pdbqt	/home/anacleto/Desktop/manuscript_Mpro/naturecomm/supplementary_file_S2/6-chemical-library/molecular_docking/combined_complexes/7cam_229_combined/7cam_229_combined_pose_1.pdb
O1COc(c12)ccc(c2)-c3ccccc3	2290	1					
c1cccc(c12)OC(C2)c3ccccc3	2291	1					
n1cnn(c12)ccc(n2)-c3ccccc3	2292	1					
c1ccnn(c12)c(nn2)-c3ccccc3	2293	1					
n1cnn(c12)cccc2-c3ccccc3	2294	1					
c1cccc(c12)[nH]c(n2)-c3ccccc3	2295	1					
c1cccc(c12)oc(c2)-c3ccccc3	2296	1					
c1csc(c12)CCNC2c3cccs3	2297	1					
c1cccc(c12)sc(n2)C3CCCN3	2298	1					
n1cccn(c12)c(cn2)-c3cscn3	2299	1					
O=c1[nH]c(=O)s[nH]1	23	1	-3.416	-3.244	/home/anacleto/Desktop/manuscript_Mpro/naturecomm/supplementary_file_S2/6-chemical-library/molecular_docking/PDBQT/7cam_A_23_chainA/docking_23_chainA_out.pdbqt	/home/anacleto/Desktop/manuscript_Mpro/naturecomm/supplementary_file_S2/6-chemical-library/molecular_docking/PDBQT/7cam_B_23_chainB/docking_23_chainB_out.pdbqt	/home/anacleto/Desktop/manuscript_Mpro/naturecomm/supplementary_file_S2/6-chemical-library/molecular_docking/combined_complexes/7cam_23_combined/7cam_23_combined_pose_1.pdb
C1CCOc(c12)cccc2	230	1	-4.11	-4.181	/home/anacleto/Desktop/manuscript_Mpro/naturecomm/supplementary_file_S2/6-chemical-library/molecular_docking/PDBQT/7cam_A_230_chainA/docking_230_chainA_out.pdbqt	/home/anacleto/Desktop/manuscript_Mpro/naturecomm/supplementary_file_S2/6-chemical-library/molecular_docking/PDBQT/7cam_B_230_chainB/docking_230_chainB_out.pdbqt	/home/anacleto/Desktop/manuscript_Mpro/naturecomm/supplementary_file_S2/6-chemical-library/molecular_docking/combined_complexes/7cam_230_combined/7cam_230_combined_pose_1.pdb
n1cscc1-c2c[nH]c(c23)nccc3	2300	1					
n1cscc1-c(cn2)n(c23)cccc3	2301	1					
s1ccn(c12)cc(n2)-c3ccccc3	2302	1					
N1C(=O)NC(C1=O)C(C23)CC(C2)CC3	2303	1					
N1C(=O)NC(=O)C12CC(C2)C3CCC3	2304	1					
o1cccc1C(=O)NC(C2)C23CCC3	2305	1					
o1ncnc1-c(cc2)n(c23)CCNC3	2306	1					
c1ncnc(c12)n(cn2)C3CCCO3	2307	1					
n1ncn(c12)nc(cc2)N3CCCC3	2308	1					
n1c[nH]c(c12)CCNC2c3ccn[nH]3	2309	1					
[nH]1c(=O)[nH]c(c12)cccc2	231	1	-4.418	-4.255	/home/anacleto/Desktop/manuscript_Mpro/naturecomm/supplementary_file_S2/6-chemical-library/molecular_docking/PDBQT/7cam_A_231_chainA/docking_231_chainA_out.pdbqt	/home/anacleto/Desktop/manuscript_Mpro/naturecomm/supplementary_file_S2/6-chemical-library/molecular_docking/PDBQT/7cam_B_231_chainB/docking_231_chainB_out.pdbqt	/home/anacleto/Desktop/manuscript_Mpro/naturecomm/supplementary_file_S2/6-chemical-library/molecular_docking/combined_complexes/7cam_231_combined/7cam_231_combined_pose_1.pdb
O1CCCC1c(cc2)n(c23)ncnc3	2310	1					
c1ncccc1CNC(C2)C23CCC3	2311	1					
C12CC(NC1)CN2Cc3ccccc3	2312	1					
c1cccc(c12)[nH]c(n2)C3CCCN3	2313	1					
C1CC1N(C2=O)CCc(c23)cccc3	2314	1					
n1ocnc1-c(cn2)n(c23)ccnc3	2315	1					
c1nccc(c12)[nH]c(n2)-c3cnon3	2316	1					
C1CCn(c12)c(nn2)-c3ccccc3	2317	1					
c1[nH]ncc1-c(n2)cn(c23)cccc3	2318	1					
s1ccn(c12)c(cn2)-c3ncon3	2319	1					
C1C(=O)Nc(c12)nccc2	232	1	-4.421	-4.195	/home/anacleto/Desktop/manuscript_Mpro/naturecomm/supplementary_file_S2/6-chemical-library/molecular_docking/PDBQT/7cam_A_232_chainA/docking_232_chainA_out.pdbqt	/home/anacleto/Desktop/manuscript_Mpro/naturecomm/supplementary_file_S2/6-chemical-library/molecular_docking/PDBQT/7cam_B_232_chainB/docking_232_chainB_out.pdbqt	/home/anacleto/Desktop/manuscript_Mpro/naturecomm/supplementary_file_S2/6-chemical-library/molecular_docking/combined_complexes/7cam_232_combined/7cam_232_combined_pose_1.pdb
C1CCCC12C(NC2)c3ccco3	2320	1					
C12CC(NC1)CN2c3ccccc3	2321	1					
C1CC1n2cnc(c23)CNCC3	2322	1					
O1CC12C(C3CO3)CCCC2	2323	1					
C1CCCN1C(=O)CNC(=O)CNC(=O)CNC(=O)C(Cc2ccccc2)NC(=O)CNC(=O)CNC(=O)CNC(=O)C(N3)CCC3=O	2324	1					
O=C1CCC(N1)C(=O)NC(Cc2cnc[nH]2)C(=O)NCC(=O)NCC(=O)NCC(=O)NCC(=O)NCC(=O)NCC(=O)N3CCCC3	2325	1					
O=C1CCC(N1)C(=O)NC(Cc2c[nH]cn2)C(=O)NCC(=O)NCC(=O)NCC(=O)NCC(=O)NCC(=O)NCC(=O)N3CCCC3	2326	1					
C1CCCN1C(=O)CNC(=O)CNC(=O)CNC(=O)C(Cc2ccccc2)NC(=O)CNC(=O)CNC(=O)CCc3cnc[nH]3	2327	1					
C1CCCN1C(=O)CNC(=O)CNC(=O)CNC(=O)C(Cc2ccccc2)NC(=O)CNC(=O)CNC(=O)CCc3c[nH]cn3	2328	1					
n1cscc1CNC(=O)NCC(=O)NCCCC(Cc2ccccc2)NC(=O)OCc3cncs3	2329	1					
C1CNCc(c12)cccc2	233	1	-4.294	-4.635	/home/anacleto/Desktop/manuscript_Mpro/naturecomm/supplementary_file_S2/6-chemical-library/molecular_docking/PDBQT/7cam_A_233_chainA/docking_233_chainA_out.pdbqt	/home/anacleto/Desktop/manuscript_Mpro/naturecomm/supplementary_file_S2/6-chemical-library/molecular_docking/PDBQT/7cam_B_233_chainB/docking_233_chainB_out.pdbqt	/home/anacleto/Desktop/manuscript_Mpro/naturecomm/supplementary_file_S2/6-chemical-library/molecular_docking/combined_complexes/7cam_233_combined/7cam_233_combined_pose_1.pdb
n1cscc1CNC(=O)NCC(=O)NC(Cc2ccccc2)CCCNC(=O)OCc3cncs3	2330	1					
O=C1CCC(N1)C(=O)NC(Cc2cnc[nH]2)C(=O)NCC(=O)NCC(=O)NCCc3ccccc3	2331	1					
O=C1CCC(N1)C(=O)NC(Cc2c[nH]cn2)C(=O)NCC(=O)NCC(=O)NCCc3ccccc3	2332	1					
c1ccccc1CCC(=O)NC(Cc2ccccc2)C(=O)NCC(=O)NCC(=O)N3CCCCC3	2333	1					
N1CCCN(C1=O)CC(=O)NCCCC(Cc2ccccc2)NC(=O)COc3ccccc3	2334	1					
N1CCCN(C1=O)CC(=O)NC(Cc2ccccc2)CCCNC(=O)COc3ccccc3	2335	1					
n1cscc1CNC(=O)NCC(=O)NC(Cc2ccccc2)CCCCc3ccccc3	2336	1					
n1occc1C(=O)NCC(=O)CC(Cc2ccccc2)C(=O)NCCC(C3=O)CCN3	2337	1					
n1[nH]c(=O)[nH]c(=O)c1C(=O)NC(c2cccnc2)C(=O)NCCc3ccccc3	2338	1					
n1cocc1C(=O)NC(c2cccnc2)C(=O)NCC(=O)OCc3ccccc3	2339	1					
C1CCNc(c12)cccc2	234	1	-4.417	-4.307	/home/anacleto/Desktop/manuscript_Mpro/naturecomm/supplementary_file_S2/6-chemical-library/molecular_docking/PDBQT/7cam_A_234_chainA/docking_234_chainA_out.pdbqt	/home/anacleto/Desktop/manuscript_Mpro/naturecomm/supplementary_file_S2/6-chemical-library/molecular_docking/PDBQT/7cam_B_234_chainB/docking_234_chainB_out.pdbqt	/home/anacleto/Desktop/manuscript_Mpro/naturecomm/supplementary_file_S2/6-chemical-library/molecular_docking/combined_complexes/7cam_234_combined/7cam_234_combined_pose_1.pdb
N1CCCN(C1=O)CC(=O)NC(Cc2ccccc2)CCCCc3ccccc3	2340	1					
n1[nH]c(=O)[nH]c(=O)c1C(=O)N(c2ccccc2)CC(=O)NCCc3ccccc3	2341	1					
[nH]1c(=O)[nH]c(=O)cc1C(=O)NC(c2cccnc2)C(=O)NCCc3ccccc3	2342	1					
c1ccccc1N(C(=O)c2cocn2)CC(=O)NCC(=O)OCc3ccccc3	2343	1					
[nH]1c(=O)[nH]c(=O)cc1C(=O)N(c2ccccc2)CC(=O)NCCc3ccccc3	2344	1					
c1ccccc1OCC(=O)NC(Cc2ccccc2)CCCCc3ccccc3	2345	1					
n1cocc1C(=O)NC(c2cccnc2)C(=O)NCS(=O)(=O)c3ccccc3	2346	1					
o1cccc1C(=O)NC(c2cccnc2)C(=O)NCS(=O)(=O)c3ccccc3	2347	1					
c1ccccc1N(C(=O)c2cocn2)CC(=O)NCS(=O)(=O)c3ccccc3	2348	1					
c1ccccc1N(C(=O)c2ccco2)CC(=O)NCS(=O)(=O)c3ccccc3	2349	1					
C1CCCc(c12)nccc2	235	1	-4.242	-4.3	/home/anacleto/Desktop/manuscript_Mpro/naturecomm/supplementary_file_S2/6-chemical-library/molecular_docking/PDBQT/7cam_A_235_chainA/docking_235_chainA_out.pdbqt	/home/anacleto/Desktop/manuscript_Mpro/naturecomm/supplementary_file_S2/6-chemical-library/molecular_docking/PDBQT/7cam_B_235_chainB/docking_235_chainB_out.pdbqt	/home/anacleto/Desktop/manuscript_Mpro/naturecomm/supplementary_file_S2/6-chemical-library/molecular_docking/combined_complexes/7cam_235_combined/7cam_235_combined_pose_1.pdb
s1cncc1COC(=O)NC(Cc2ccccc2)CCCCc3ccccc3	2350	1					
n1cocc1C(=O)NC(c2c(=O)[nH]c(=O)[nH]c2)C(=O)NCCc3ccccc3	2351	1					
c1ccccc1CCNC(=O)CN(C(=O)c2ccco2)CCC3CCCCC3	2352	1					
n1cocc1C(=O)NC(c2cccnc2)C(=O)NCC(=O)Nc3ccccc3	2353	1					
n1nc[nH]c(=O)c1C(=O)NC(c2cccnc2)C(=O)NCCc3ccccc3	2354	1					
c1ccccc1N(C(=O)c2cocn2)CC(=O)NCC(=O)Nc3ccccc3	2355	1					
n1nc[nH]c(=O)c1C(=O)N(c2ccccc2)CC(=O)NCCc3ccccc3	2356	1					
n1cc(=O)[nH]cc1C(=O)NC(c2cccnc2)C(=O)NCCc3ccccc3	2357	1					
n1c[nH]c(=O)cc1C(=O)NC(c2cccnc2)C(=O)NCCc3ccccc3	2358	1					
n1[nH]c(=O)ccc1C(=O)NC(c2cccnc2)C(=O)NCCc3ccccc3	2359	1					
C1CCCc(c12)cncc2	236	1	-3.896	-4.157	/home/anacleto/Desktop/manuscript_Mpro/naturecomm/supplementary_file_S2/6-chemical-library/molecular_docking/PDBQT/7cam_A_236_chainA/docking_236_chainA_out.pdbqt	/home/anacleto/Desktop/manuscript_Mpro/naturecomm/supplementary_file_S2/6-chemical-library/molecular_docking/PDBQT/7cam_B_236_chainB/docking_236_chainB_out.pdbqt	/home/anacleto/Desktop/manuscript_Mpro/naturecomm/supplementary_file_S2/6-chemical-library/molecular_docking/combined_complexes/7cam_236_combined/7cam_236_combined_pose_1.pdb
O=c(o1)cccc1C(=O)NC(c2cccnc2)C(=O)NCCc3ccccc3	2360	1					
c1ccccc1CCNC(=O)CN(C(=O)c2ccco2)CCc3ccccc3	2361	1					
n1cc(=O)[nH]cc1C(=O)N(c2ccccc2)CC(=O)NCCc3ccccc3	2362	1					
n1c[nH]c(=O)cc1C(=O)N(c2ccccc2)CC(=O)NCCc3ccccc3	2363	1					
n1[nH]c(=O)ccc1C(=O)N(c2ccccc2)CC(=O)NCCc3ccccc3	2364	1					
O=c(o1)cccc1C(=O)N(c2ccccc2)CC(=O)NCCc3ccccc3	2365	1					
c1ccccc1NC(c2cccnc2)C(=O)NCC(=O)OCc3ccccc3	2366	1					
O=c(s1)[nH]cc1C(=O)NC(c2cccnc2)C(=O)NCCc3ccccc3	2367	1					
c1ccccc1NC(c2cccnc2)C(=O)NCS(=O)(=O)c3ccccc3	2368	1					
c1ccccc1N(C(=O)c2c[nH]c(=O)s2)CC(=O)NCCc3ccccc3	2369	1					
O=C1NCc(c12)cccc2	237	1	-4.124	-4.325	/home/anacleto/Desktop/manuscript_Mpro/naturecomm/supplementary_file_S2/6-chemical-library/molecular_docking/PDBQT/7cam_A_237_chainA/docking_237_chainA_out.pdbqt	/home/anacleto/Desktop/manuscript_Mpro/naturecomm/supplementary_file_S2/6-chemical-library/molecular_docking/PDBQT/7cam_B_237_chainB/docking_237_chainB_out.pdbqt	/home/anacleto/Desktop/manuscript_Mpro/naturecomm/supplementary_file_S2/6-chemical-library/molecular_docking/combined_complexes/7cam_237_combined/7cam_237_combined_pose_1.pdb
C1CCCCCC1N(C(=O)c2cocn2)CC(=O)NCCc3ccccc3	2370	1					
C1CCCCCC1N(C(=O)c2cnc[nH]2)CC(=O)NCCc3ccccc3	2371	1					
[nH]1[nH]c(=O)nc1C(=O)NC(c2cccnc2)C(=O)NCCc3ccccc3	2372	1					
n1cocc1C(=O)NC(c2ccc(=O)[nH]c2)C(=O)NCCc3ccccc3	2373	1					
n1cocc1C(=O)NC(c2c(=O)[nH]ccc2)C(=O)NCCc3ccccc3	2374	1					
c1ccccc1CCNC(=O)C(c2cccnc2)NCCC3CCCCC3	2375	1					
c1ccccc1N(C(=O)c2nc(=O)[nH][nH]2)CC(=O)NCCc3ccccc3	2376	1					
[nH]1c(=O)[nH]cc1C(=O)NC(c2cccnc2)C(=O)NCCc3ccccc3	2377	1					
[nH]1[nH]c(=O)cc1C(=O)NC(c2cccnc2)C(=O)NCCc3ccccc3	2378	1					
c1ncccc1CN(C(=O)c2cocn2)CC(=O)NCCc3ccccc3	2379	1					
C1C(=O)Nc(c12)cccc2	238	1	-4.489	-4.399	/home/anacleto/Desktop/manuscript_Mpro/naturecomm/supplementary_file_S2/6-chemical-library/molecular_docking/PDBQT/7cam_A_238_chainA/docking_238_chainA_out.pdbqt	/home/anacleto/Desktop/manuscript_Mpro/naturecomm/supplementary_file_S2/6-chemical-library/molecular_docking/PDBQT/7cam_B_238_chainB/docking_238_chainB_out.pdbqt	/home/anacleto/Desktop/manuscript_Mpro/naturecomm/supplementary_file_S2/6-chemical-library/molecular_docking/combined_complexes/7cam_238_combined/7cam_238_combined_pose_1.pdb
c1ccccc1NC(c2c(=O)[nH]c(=O)[nH]c2)C(=O)NCCc3ccccc3	2380	1					
c1ccccc1N(C(=O)c2cc(=O)[nH][nH]2)CC(=O)NCCc3ccccc3	2381	1					
c1ccccc1N(C(=O)c2c[nH]c(=O)[nH]2)CC(=O)NCCc3ccccc3	2382	1					
c1ncccc1CN(C(=O)c2cnc[nH]2)CC(=O)NCCc3ccccc3	2383	1					
o1cccc1C(=O)NC(c2cccnc2)C(=O)NCCCc3ccccc3	2384	1					
c1ccccc1CN(C(=O)c2cocn2)CC(=O)NCCc3ccccc3	2385	1					
c1ccccc1CN(C(=O)c2cnc[nH]2)CC(=O)NCCc3ccccc3	2386	1					
c1ccccc1N(C(=O)c2ccco2)CC(=O)NCCCc3ccccc3	2387	1					
c1ccccc1CN(C(=O)c2ccco2)CC(=O)NCCc3ccccc3	2388	1					
n1ncccc1C(=O)NC(c2cccnc2)C(=O)NCCc3ccccc3	2389	1					
C1CCCc(c12)cccc2	239	1	-4.178	-4.45	/home/anacleto/Desktop/manuscript_Mpro/naturecomm/supplementary_file_S2/6-chemical-library/molecular_docking/PDBQT/7cam_A_239_chainA/docking_239_chainA_out.pdbqt	/home/anacleto/Desktop/manuscript_Mpro/naturecomm/supplementary_file_S2/6-chemical-library/molecular_docking/PDBQT/7cam_B_239_chainB/docking_239_chainB_out.pdbqt	/home/anacleto/Desktop/manuscript_Mpro/naturecomm/supplementary_file_S2/6-chemical-library/molecular_docking/combined_complexes/7cam_239_combined/7cam_239_combined_pose_1.pdb
n1cnccc1C(=O)NC(c2cccnc2)C(=O)NCCc3ccccc3	2390	1					
n1ncccc1C(=O)N(c2ccccc2)CC(=O)NCCc3ccccc3	2391	1					
n1cnccc1C(=O)N(c2ccccc2)CC(=O)NCCc3ccccc3	2392	1					
c1ccccc1NC(c2cccnc2)C(=O)NCC(=O)Nc3ccccc3	2393	1					
c1ccccc1CCNC(=O)C(c2cccnc2)NC(=O)c3ccncc3	2394	1					
c1ccccc1CCNC(=O)C(c2cccnc2)NCCc3ccccc3	2395	1					
c1cnccc1C(=O)N(c2ccccc2)CC(=O)NCCc3ccccc3	2396	1					
c1ccccc1CCNC(=O)C(c2cccnc2)NC(=O)c3ccccc3	2397	1					
c1ccccc1CCNC(=O)CN(c2ccccc2)C(=O)c3ccccc3	2398	1					
o1cccc1C(=O)N(Cc2cccs2)CC(=O)NCCc3ccccc3	2399	1					
O=C1CSC(=O)N1	24	1	-3.185	-3.088	/home/anacleto/Desktop/manuscript_Mpro/naturecomm/supplementary_file_S2/6-chemical-library/molecular_docking/PDBQT/7cam_A_24_chainA/docking_24_chainA_out.pdbqt	/home/anacleto/Desktop/manuscript_Mpro/naturecomm/supplementary_file_S2/6-chemical-library/molecular_docking/PDBQT/7cam_B_24_chainB/docking_24_chainB_out.pdbqt	/home/anacleto/Desktop/manuscript_Mpro/naturecomm/supplementary_file_S2/6-chemical-library/molecular_docking/combined_complexes/7cam_24_combined/7cam_24_combined_pose_1.pdb
O=C1CCc(c12)cccc2	240	1	-4.178	-4.396	/home/anacleto/Desktop/manuscript_Mpro/naturecomm/supplementary_file_S2/6-chemical-library/molecular_docking/PDBQT/7cam_A_240_chainA/docking_240_chainA_out.pdbqt	/home/anacleto/Desktop/manuscript_Mpro/naturecomm/supplementary_file_S2/6-chemical-library/molecular_docking/PDBQT/7cam_B_240_chainB/docking_240_chainB_out.pdbqt	/home/anacleto/Desktop/manuscript_Mpro/naturecomm/supplementary_file_S2/6-chemical-library/molecular_docking/combined_complexes/7cam_240_combined/7cam_240_combined_pose_1.pdb
n1sncc1C(=O)NC(c2cccnc2)C(=O)NCCc3ccccc3	2400	1					
s1nccc1C(=O)NC(c2cccnc2)C(=O)NCCc3ccccc3	2401	1					
s1cncc1C(=O)NC(c2cccnc2)C(=O)NCCc3ccccc3	2402	1					
s1ccnc1C(=O)NC(c2cccnc2)C(=O)NCCc3ccccc3	2403	1					
n1cscc1C(=O)NC(c2cccnc2)C(=O)NCCc3ccccc3	2404	1					
c1ccccc1N(C(=O)c2cnsn2)CC(=O)NCCc3ccccc3	2405	1					
c1ccccc1N(C(=O)c2nccs2)CC(=O)NCCc3ccccc3	2406	1					
c1ccccc1N(C(=O)c2cscn2)CC(=O)NCCc3ccccc3	2407	1					
c1ccccc1N(C(=O)c2cncs2)CC(=O)NCCc3ccccc3	2408	1					
c1ccccc1N(C(=O)c2ccns2)CC(=O)NCCc3ccccc3	2409	1					
C1C=COc(c12)cccc2	241	1	-4.091	-4.212	/home/anacleto/Desktop/manuscript_Mpro/naturecomm/supplementary_file_S2/6-chemical-library/molecular_docking/PDBQT/7cam_A_241_chainA/docking_241_chainA_out.pdbqt	/home/anacleto/Desktop/manuscript_Mpro/naturecomm/supplementary_file_S2/6-chemical-library/molecular_docking/PDBQT/7cam_B_241_chainB/docking_241_chainB_out.pdbqt	/home/anacleto/Desktop/manuscript_Mpro/naturecomm/supplementary_file_S2/6-chemical-library/molecular_docking/combined_complexes/7cam_241_combined/7cam_241_combined_pose_1.pdb
n1cocc1C(=O)NC(c2cccnc2)C(=O)NCCN3CCOCC3	2410	1					
o1cccc1C(=O)NC(c2cccnc2)C(=O)NCCN3CCOCC3	2411	1					
c1ccccc1N(C(=O)c2cocn2)CC(=O)NCCN3CCOCC3	2412	1					
c1ccccc1N(C(=O)c2ccco2)CC(=O)NCCN3CCOCC3	2413	1					
C1OCCCC1N(C(=O)c2cocn2)CC(=O)NCCc3ccccc3	2414	1					
C1NCCCC1N(C(=O)c2cocn2)CC(=O)NCCc3ccccc3	2415	1					
C1CNCCC1N(C(=O)c2ccco2)CC(=O)NCCc3ccccc3	2416	1					
C1CCCCC1N(C(=O)c2cocn2)CC(=O)NCCc3ccccc3	2417	1					
C1CCCCC1N(C(=O)c2ccco2)CC(=O)NCCc3ccccc3	2418	1					
O1CCCC1C(=O)NC(c2cccnc2)C(=O)NCCc3ccccc3	2419	1					
C1=CCOc(c12)cccc2	242	1	-4.116	-4.235	/home/anacleto/Desktop/manuscript_Mpro/naturecomm/supplementary_file_S2/6-chemical-library/molecular_docking/PDBQT/7cam_A_242_chainA/docking_242_chainA_out.pdbqt	/home/anacleto/Desktop/manuscript_Mpro/naturecomm/supplementary_file_S2/6-chemical-library/molecular_docking/PDBQT/7cam_B_242_chainB/docking_242_chainB_out.pdbqt	/home/anacleto/Desktop/manuscript_Mpro/naturecomm/supplementary_file_S2/6-chemical-library/molecular_docking/combined_complexes/7cam_242_combined/7cam_242_combined_pose_1.pdb
N1CCCC1C(=O)NC(c2cccnc2)C(=O)NCCc3ccccc3	2420	1					
c1ccccc1N(C(=O)C2CCCO2)CC(=O)NCCc3ccccc3	2421	1					
C1CCCCCC1NC(c2cccnc2)C(=O)NCCc3ccccc3	2422	1					
c1ccccc1N(C(=O)C2CCCN2)CC(=O)NCCc3ccccc3	2423	1					
[nH]1nnnc1C(=O)NC(c2cccnc2)C(=O)NCCc3ccccc3	2424	1					
n1oncc1C(=O)NC(c2cccnc2)C(=O)NCCc3ccccc3	2425	1					
n1cocc1C(=O)NC(c2cncnc2)C(=O)NCCc3ccccc3	2426	1					
n1cocc1C(=O)NC(c2cnccn2)C(=O)NCCc3ccccc3	2427	1					
n1cocc1C(=O)NC(c2ccnnc2)C(=O)NCCc3ccccc3	2428	1					
c1ncncc1N(C(=O)c2cocn2)CC(=O)NCCc3ccccc3	2429	1					
c1cc[o+]c(c12)cccc2	243	1	-4.143	-4.246	/home/anacleto/Desktop/manuscript_Mpro/naturecomm/supplementary_file_S2/6-chemical-library/molecular_docking/PDBQT/7cam_A_243_chainA/docking_243_chainA_out.pdbqt	/home/anacleto/Desktop/manuscript_Mpro/naturecomm/supplementary_file_S2/6-chemical-library/molecular_docking/PDBQT/7cam_B_243_chainB/docking_243_chainB_out.pdbqt	/home/anacleto/Desktop/manuscript_Mpro/naturecomm/supplementary_file_S2/6-chemical-library/molecular_docking/combined_complexes/7cam_243_combined/7cam_243_combined_pose_1.pdb
n1n[nH]cc1C(=O)NC(c2cccnc2)C(=O)NCCc3ccccc3	2430	1					
n1[nH]ncc1C(=O)NC(c2cccnc2)C(=O)NCCc3ccccc3	2431	1					
n1[nH]cnc1C(=O)NC(c2cccnc2)C(=O)NCCc3ccccc3	2432	1					
c1ncncc1N(C(=O)c2cnc[nH]2)CC(=O)NCCc3ccccc3	2433	1					
c1ccccc1N(C(=O)c2nnn[nH]2)CC(=O)NCCc3ccccc3	2434	1					
[nH]1nncc1C(=O)NC(c2cccnc2)C(=O)NCCc3ccccc3	2435	1					
o1nccc1C(=O)NC(c2cccnc2)C(=O)NCCc3ccccc3	2436	1					
o1cncc1C(=O)NC(c2cccnc2)C(=O)NCCc3ccccc3	2437	1					
n1occc1C(=O)NC(c2cccnc2)C(=O)NCCc3ccccc3	2438	1					
n1cocc1C(=O)NC(c2cccnc2)C(=O)NCCc3ccccc3	2439	1					
n1cnnc(c12)cccc2	244	1	-3.876	-3.921	/home/anacleto/Desktop/manuscript_Mpro/naturecomm/supplementary_file_S2/6-chemical-library/molecular_docking/PDBQT/7cam_A_244_chainA/docking_244_chainA_out.pdbqt	/home/anacleto/Desktop/manuscript_Mpro/naturecomm/supplementary_file_S2/6-chemical-library/molecular_docking/PDBQT/7cam_B_244_chainB/docking_244_chainB_out.pdbqt	/home/anacleto/Desktop/manuscript_Mpro/naturecomm/supplementary_file_S2/6-chemical-library/molecular_docking/combined_complexes/7cam_244_combined/7cam_244_combined_pose_1.pdb
c1ncccc1N(C(=O)c2cocn2)CC(=O)NCCc3ccccc3	2440	1					
c1ccccc1N(C(=O)c2cnon2)CC(=O)NCCc3ccccc3	2441	1					
c1ncccc1N(C(=O)c2cnc[nH]2)CC(=O)NCCc3ccccc3	2442	1					
c1ccccc1N(C(=O)c2nc[nH]n2)CC(=O)NCCc3ccccc3	2443	1					
c1ccccc1N(C(=O)c2cnn[nH]2)CC(=O)NCCc3ccccc3	2444	1					
c1ccccc1N(C(=O)c2cn[nH]n2)CC(=O)NCCc3ccccc3	2445	1					
c1ccccc1N(C(=O)c2c[nH]nn2)CC(=O)NCCc3ccccc3	2446	1					
c1[nH]ncc1C(=O)NC(c2cccnc2)C(=O)NCCc3ccccc3	2447	1					
[nH]1nccc1C(=O)NC(c2cccnc2)C(=O)NCCc3ccccc3	2448	1					
[nH]1cncc1C(=O)NC(c2cccnc2)C(=O)NCCc3ccccc3	2449	1					
n1ccnc(c12)nccc2	245	1	-3.759	-3.6	/home/anacleto/Desktop/manuscript_Mpro/naturecomm/supplementary_file_S2/6-chemical-library/molecular_docking/PDBQT/7cam_A_245_chainA/docking_245_chainA_out.pdbqt	/home/anacleto/Desktop/manuscript_Mpro/naturecomm/supplementary_file_S2/6-chemical-library/molecular_docking/PDBQT/7cam_B_245_chainB/docking_245_chainB_out.pdbqt	/home/anacleto/Desktop/manuscript_Mpro/naturecomm/supplementary_file_S2/6-chemical-library/molecular_docking/combined_complexes/7cam_245_combined/7cam_245_combined_pose_1.pdb
[nH]1ccnc1C(=O)NC(c2cccnc2)C(=O)NCCc3ccccc3	2450	1					
o1cccc1C(=O)NC(c2cccnc2)C(=O)NCCc3ccccc3	2451	1					
c1ccccc1N(C(=O)c2cocn2)CC(=O)NCCc3ccccc3	2452	1					
c1ccccc1N(C(=O)c2cnco2)CC(=O)NCCc3ccccc3	2453	1					
c1ccccc1N(C(=O)c2ccon2)CC(=O)NCCc3ccccc3	2454	1					
c1ccccc1N(C(=O)c2ccno2)CC(=O)NCCc3ccccc3	2455	1					
c1ccccc1NC(=O)C(Cc2ccccc2)NC(=O)Cn3ccnc3	2456	1					
c1ccccc1N(C(=O)c2ncc[nH]2)CC(=O)NCCc3ccccc3	2457	1					
c1ccccc1N(C(=O)c2cnc[nH]2)CC(=O)NCCc3ccccc3	2458	1					
c1ccccc1N(C(=O)c2ccn[nH]2)CC(=O)NCCc3ccccc3	2459	1					
n1ccnc(c12)cncc2	246	1	-3.634	-3.497	/home/anacleto/Desktop/manuscript_Mpro/naturecomm/supplementary_file_S2/6-chemical-library/molecular_docking/PDBQT/7cam_A_246_chainA/docking_246_chainA_out.pdbqt	/home/anacleto/Desktop/manuscript_Mpro/naturecomm/supplementary_file_S2/6-chemical-library/molecular_docking/PDBQT/7cam_B_246_chainB/docking_246_chainB_out.pdbqt	/home/anacleto/Desktop/manuscript_Mpro/naturecomm/supplementary_file_S2/6-chemical-library/molecular_docking/combined_complexes/7cam_246_combined/7cam_246_combined_pose_1.pdb
c1[nH]ncc1C(=O)N(c2ccccc2)CC(=O)NCCc3ccccc3	2460	1					
o1cccc1C(=O)NCC(=O)NCC(c2ccccc2)c3ccccc3	2461	1					
c1ccccc1N(C(=O)c2ccco2)CC(=O)NCCc3ccccc3	2462	1					
c1ccccc1NC(c2ccc(=O)[nH]c2)C(=O)NCCc3ccccc3	2463	1					
c1ccccc1NC(c2c(=O)[nH]ccc2)C(=O)NCCc3ccccc3	2464	1					
c1ncccc1CNC(c2cccnc2)C(=O)NCCc3ccccc3	2465	1					
c1ccccc1NC(c2cccnc2)C(=O)NCCCc3ccccc3	2466	1					
c1ccccc1CNC(c2cccnc2)C(=O)NCCc3ccccc3	2467	1					
n1cocc1C(=O)N(c2nccs2)CC(=O)NCCc3ccccc3	2468	1					
o1cccc1C(=O)N(c2nccs2)CC(=O)NCCc3ccccc3	2469	1					
O=C1N=Cc(c12)cccc2	247	1	-4.01	-4.219	/home/anacleto/Desktop/manuscript_Mpro/naturecomm/supplementary_file_S2/6-chemical-library/molecular_docking/PDBQT/7cam_A_247_chainA/docking_247_chainA_out.pdbqt	/home/anacleto/Desktop/manuscript_Mpro/naturecomm/supplementary_file_S2/6-chemical-library/molecular_docking/PDBQT/7cam_B_247_chainB/docking_247_chainB_out.pdbqt	/home/anacleto/Desktop/manuscript_Mpro/naturecomm/supplementary_file_S2/6-chemical-library/molecular_docking/combined_complexes/7cam_247_combined/7cam_247_combined_pose_1.pdb
s1cccc1CNC(c2cccnc2)C(=O)NCCc3ccccc3	2470	1					
n1cocc1C(=O)N(C2CCNC2)CC(=O)NCCc3ccccc3	2471	1					
[nH]1nnnc1CCNC(=O)C(c2cccnc2)NC(=O)c3cocn3	2472	1					
[nH]1cncc1C(=O)N(C2CCNC2)CC(=O)NCCc3ccccc3	2473	1					
c1cc[nH]c(=O)c1CNC(=O)N(C2CCOC2)CCc3ccccc3	2474	1					
[nH]1nnnc1CCNC(=O)CN(C(=O)c2cocn2)c3ccccc3	2475	1					
c1ccccc1NC(c2cccnc2)C(=O)NCCN3CCOCC3	2476	1					
c1ncccc1NC(=O)NC(C2CC2)CNC(=O)Nc3cccnc3	2477	1					
[nH]1cncc1CCNC(=O)C(c2cccnc2)NC(=O)c3cocn3	2478	1					
n1cocc1C(=O)N(c2ncco2)CC(=O)NCCc3ccccc3	2479	1					
C1=CCCc(c12)cccc2	248	1	-4.289	-4.596	/home/anacleto/Desktop/manuscript_Mpro/naturecomm/supplementary_file_S2/6-chemical-library/molecular_docking/PDBQT/7cam_A_248_chainA/docking_248_chainA_out.pdbqt	/home/anacleto/Desktop/manuscript_Mpro/naturecomm/supplementary_file_S2/6-chemical-library/molecular_docking/PDBQT/7cam_B_248_chainB/docking_248_chainB_out.pdbqt	/home/anacleto/Desktop/manuscript_Mpro/naturecomm/supplementary_file_S2/6-chemical-library/molecular_docking/combined_complexes/7cam_248_combined/7cam_248_combined_pose_1.pdb
n1cocc1C(=O)N(c2ccon2)CC(=O)NCCc3ccccc3	2480	1					
C1OCCCC1NC(c2cccnc2)C(=O)NCCc3ccccc3	2481	1					
n1cocc1C(=O)N(c2cn[nH]c2)CC(=O)NCCc3ccccc3	2482	1					
n1cocc1C(=O)N(c2c[nH]cn2)CC(=O)NCCc3ccccc3	2483	1					
[nH]1cncc1CCNC(=O)CN(C(=O)c2cocn2)c3ccccc3	2484	1					
C1NCCCC1NC(c2cccnc2)C(=O)NCCc3ccccc3	2485	1					
C1CNCCC1NC(c2cccnc2)C(=O)NCCc3ccccc3	2486	1					
c1ncccc1CC(=O)N(c2ccccc2)CC(=O)N3CCNCC3	2487	1					
C1CCCCC1NC(c2cccnc2)C(=O)NCCc3ccccc3	2488	1					
n1cocc1C(=O)NC(c2cccnc2)C(=O)NCc3ccncc3	2489	1					
c1c[nH+]cc(c12)cccc2	249	1	-4.152	-4.516	/home/anacleto/Desktop/manuscript_Mpro/naturecomm/supplementary_file_S2/6-chemical-library/molecular_docking/PDBQT/7cam_A_249_chainA/docking_249_chainA_out.pdbqt	/home/anacleto/Desktop/manuscript_Mpro/naturecomm/supplementary_file_S2/6-chemical-library/molecular_docking/PDBQT/7cam_B_249_chainB/docking_249_chainB_out.pdbqt	/home/anacleto/Desktop/manuscript_Mpro/naturecomm/supplementary_file_S2/6-chemical-library/molecular_docking/combined_complexes/7cam_249_combined/7cam_249_combined_pose_1.pdb
n1cocc1C(=O)NC(c2cccnc2)C(=O)NCc3cccnc3	2490	1					
n1c[nH]cc1C(=O)NC(c2cnccn2)C(=O)NCc3ccccc3	2491	1					
o1nccc1C(=O)NC(c2cccnc2)C(=O)NCc3ccccc3	2492	1					
o1cncc1C(=O)NC(c2cccnc2)C(=O)NCc3ccccc3	2493	1					
o1cccc1C(=O)NC(c2cnccn2)C(=O)NCc3ccccc3	2494	1					
c1ncccc1CNC(=O)CN(C(=O)c2cocn2)c3ccccc3	2495	1					
c1cnccc1CNC(=O)CN(C(=O)c2cocn2)c3ccccc3	2496	1					
n1c[nH]cc1C(=O)NC(c2cccnc2)C(=O)NCc3ccccc3	2497	1					
o1cccc1C(=O)NC(c2cccnc2)C(=O)NCc3ccccc3	2498	1					
c1ccccc1N(C(=O)c2cnco2)CC(=O)NCc3ccccc3	2499	1					
C=C1NC(=O)CS1	25	1	-3.274	-3.273	/home/anacleto/Desktop/manuscript_Mpro/naturecomm/supplementary_file_S2/6-chemical-library/molecular_docking/PDBQT/7cam_A_25_chainA/docking_25_chainA_out.pdbqt	/home/anacleto/Desktop/manuscript_Mpro/naturecomm/supplementary_file_S2/6-chemical-library/molecular_docking/PDBQT/7cam_B_25_chainB/docking_25_chainB_out.pdbqt	/home/anacleto/Desktop/manuscript_Mpro/naturecomm/supplementary_file_S2/6-chemical-library/molecular_docking/combined_complexes/7cam_25_combined/7cam_25_combined_pose_1.pdb
n1ccnc(c12)cccc2	250	1	-3.88	-3.908	/home/anacleto/Desktop/manuscript_Mpro/naturecomm/supplementary_file_S2/6-chemical-library/molecular_docking/PDBQT/7cam_A_250_chainA/docking_250_chainA_out.pdbqt	/home/anacleto/Desktop/manuscript_Mpro/naturecomm/supplementary_file_S2/6-chemical-library/molecular_docking/PDBQT/7cam_B_250_chainB/docking_250_chainB_out.pdbqt	/home/anacleto/Desktop/manuscript_Mpro/naturecomm/supplementary_file_S2/6-chemical-library/molecular_docking/combined_complexes/7cam_250_combined/7cam_250_combined_pose_1.pdb
c1ccccc1N(C(=O)c2ccno2)CC(=O)NCc3ccccc3	2500	1					
c1ccccc1N(C(=O)c2c[nH]cn2)CC(=O)NCc3ccccc3	2501	1					
c1ccccc1N(C(=O)c2ccco2)CC(=O)NCc3ccccc3	2502	1					
c1ncncc1NC(c2cccnc2)C(=O)NCCc3ccccc3	2503	1					
c1ncccc1NC(c2cccnc2)C(=O)NCCc3ccccc3	2504	1					
c1ccccc1NC(c2cncnc2)C(=O)NCCc3ccccc3	2505	1					
c1ccccc1NC(c2cnccn2)C(=O)NCCc3ccccc3	2506	1					
c1ccccc1NC(c2ccnnc2)C(=O)NCCc3ccccc3	2507	1					
c1ccccc1NC(c2cccnc2)C(=O)NCCc3ccccc3	2508	1					
c1ccccc1NCC(=O)NCC(c2ccccc2)c3ccccc3	2509	1					
n1cccc(c12)nccc2	251	1	-3.756	-3.813	/home/anacleto/Desktop/manuscript_Mpro/naturecomm/supplementary_file_S2/6-chemical-library/molecular_docking/PDBQT/7cam_A_251_chainA/docking_251_chainA_out.pdbqt	/home/anacleto/Desktop/manuscript_Mpro/naturecomm/supplementary_file_S2/6-chemical-library/molecular_docking/PDBQT/7cam_B_251_chainB/docking_251_chainB_out.pdbqt	/home/anacleto/Desktop/manuscript_Mpro/naturecomm/supplementary_file_S2/6-chemical-library/molecular_docking/combined_complexes/7cam_251_combined/7cam_251_combined_pose_1.pdb
c1ncccc1C(Nc2nccs2)C(=O)NCCc3ccccc3	2510	1					
O1CCCC1CNC(=O)C(c2cccnc2)NC(=O)c3cocn3	2511	1					
C1OCCC1CNC(=O)C(c2cccnc2)NC(=O)c3cocn3	2512	1					
C1COCCC1NC(=O)C(c2cccnc2)NC(=O)c3cocn3	2513	1					
O1CCCC1CNC(=O)CN(C(=O)c2cocn2)c3ccccc3	2514	1					
C1OCCC1CNC(=O)CN(C(=O)c2cocn2)c3ccccc3	2515	1					
C1COCCC1NC(=O)CN(C(=O)c2cocn2)c3ccccc3	2516	1					
n1nccn1CC(=O)N(c2ccccc2)CC(=O)N3CCNCC3	2517	1					
C1CCCCC1NC(=O)C(c2cccnc2)NC(=O)c3cnc[nH]3	2518	1					
C1CCCCC1NC(=O)C(c2cccnc2)NC(=O)c3c[nH]cn3	2519	1					
c1nncc(c12)cccc2	252	1	-4.024	-4.179	/home/anacleto/Desktop/manuscript_Mpro/naturecomm/supplementary_file_S2/6-chemical-library/molecular_docking/PDBQT/7cam_A_252_chainA/docking_252_chainA_out.pdbqt	/home/anacleto/Desktop/manuscript_Mpro/naturecomm/supplementary_file_S2/6-chemical-library/molecular_docking/PDBQT/7cam_B_252_chainB/docking_252_chainB_out.pdbqt	/home/anacleto/Desktop/manuscript_Mpro/naturecomm/supplementary_file_S2/6-chemical-library/molecular_docking/combined_complexes/7cam_252_combined/7cam_252_combined_pose_1.pdb
n1cocc1C(=O)N(C2CCC2)CC(=O)NCCc3ccccc3	2520	1					
C1CCCCC1NC(=O)C(c2cccnc2)NC(=O)c3ccco3	2521	1					
o1cncc1CNC(=O)C(c2cccnc2)NC(=O)c3cocn3	2522	1					
C1CCCCC1NC(=O)CN(C(=O)c2cnc[nH]2)c3ccccc3	2523	1					
C1CCCCC1NC(=O)CN(C(=O)c2c[nH]cn2)c3ccccc3	2524	1					
o1cccc1C(=O)N(C2CCC2)CC(=O)NCCc3ccccc3	2525	1					
C1CCCCC1NC(=O)CN(C(=O)c2ccco2)c3ccccc3	2526	1					
o1cncc1CNC(=O)CN(C(=O)c2cocn2)c3ccccc3	2527	1					
C1NCCC1NC(c2cccnc2)C(=O)NCCc3ccccc3	2528	1					
c1ncccc1NC(=O)N(c2ccccc2)CCC3CCCCC3	2529	1					
c1ncnc(c12)cccc2	253	1	-3.969	-4.015	/home/anacleto/Desktop/manuscript_Mpro/naturecomm/supplementary_file_S2/6-chemical-library/molecular_docking/PDBQT/7cam_A_253_chainA/docking_253_chainA_out.pdbqt	/home/anacleto/Desktop/manuscript_Mpro/naturecomm/supplementary_file_S2/6-chemical-library/molecular_docking/PDBQT/7cam_B_253_chainB/docking_253_chainB_out.pdbqt	/home/anacleto/Desktop/manuscript_Mpro/naturecomm/supplementary_file_S2/6-chemical-library/molecular_docking/combined_complexes/7cam_253_combined/7cam_253_combined_pose_1.pdb
[nH]1nnnc1CCNC(=O)C(c2cccnc2)Nc3ccccc3	2530	1					
n1[nH]c(=O)[nH]c(=O)c1C(=O)N(c2ccccc2)Cc3cccnc3	2531	1					
c1ncccc1NC(=O)C(c2cccnc2)NC(=O)c3cocn3	2532	1					
c1ncccc1C(Nc2ncco2)C(=O)NCCc3ccccc3	2533	1					
c1ncccc1C(Nc2ccon2)C(=O)NCCc3ccccc3	2534	1					
c1ncccc1NC(=O)CN(C(=O)c2cocn2)c3ccccc3	2535	1					
[nH]1c(=O)[nH]c(=O)cc1C(=O)N(c2ccccc2)Cc3cccnc3	2536	1					
c1ncccc1C(Nc2c[nH]cn2)C(=O)NCCc3ccccc3	2537	1					
c1[nH]ncc1NC(c2cccnc2)C(=O)NCCc3ccccc3	2538	1					
[nH]1cncc1CCNC(=O)C(c2cccnc2)Nc3ccccc3	2539	1					
c1nccc(c12)nccc2	254	1	-3.785	-3.852	/home/anacleto/Desktop/manuscript_Mpro/naturecomm/supplementary_file_S2/6-chemical-library/molecular_docking/PDBQT/7cam_A_254_chainA/docking_254_chainA_out.pdbqt	/home/anacleto/Desktop/manuscript_Mpro/naturecomm/supplementary_file_S2/6-chemical-library/molecular_docking/PDBQT/7cam_B_254_chainB/docking_254_chainB_out.pdbqt	/home/anacleto/Desktop/manuscript_Mpro/naturecomm/supplementary_file_S2/6-chemical-library/molecular_docking/combined_complexes/7cam_254_combined/7cam_254_combined_pose_1.pdb
c1ccccc1NC(=O)C(c2cccnc2)NC(=O)c3ccco3	2540	1					
c1ncccc1CC(=O)N(CCc2ccco2)Cc3ccccc3	2541	1					
c1ccccc1NC(=O)CN(C(=O)c2ccco2)c3ccccc3	2542	1					
n1ccncc1CNC(=O)NC(c2ccccn2)c3ccccc3	2543	1					
c1ncccc1NC(=O)N(Cc2ccncc2)Cc3cccnc3	2544	1					
c1ncccc1CNC(=O)C(c2cccnc2)Nc3ccccc3	2545	1					
c1cnccc1CNC(=O)C(c2cccnc2)Nc3ccccc3	2546	1					
c1ccccc1NC(c2cnccn2)C(=O)NCc3ccccc3	2547	1					
c1ccccc1NC(c2cccnc2)C(=O)NCc3ccccc3	2548	1					
c1ncccc1CC(=O)NCC(c2ccccc2)c3ccccc3	2549	1					
c1nccc(c12)cncc2	255	1	-3.711	-3.729	/home/anacleto/Desktop/manuscript_Mpro/naturecomm/supplementary_file_S2/6-chemical-library/molecular_docking/PDBQT/7cam_A_255_chainA/docking_255_chainA_out.pdbqt	/home/anacleto/Desktop/manuscript_Mpro/naturecomm/supplementary_file_S2/6-chemical-library/molecular_docking/PDBQT/7cam_B_255_chainB/docking_255_chainB_out.pdbqt	/home/anacleto/Desktop/manuscript_Mpro/naturecomm/supplementary_file_S2/6-chemical-library/molecular_docking/combined_complexes/7cam_255_combined/7cam_255_combined_pose_1.pdb
c1ccccc1C(=O)NCC(c2ccccn2)Cc3ccccc3	2550	1					
C1OCCC1NC(=O)C(c2cccnc2)NC(=O)c3cocn3	2551	1					
C1NCCC1NC(=O)C(c2cccnc2)NC(=O)c3cocn3	2552	1					
C1OCCC1NC(=O)CN(C(=O)c2cocn2)c3ccccc3	2553	1					
C1COCCN1C(=O)C(c2cccnc2)NC(=O)c3ccco3	2554	1					
C1NCCC1NC(=O)CN(C(=O)c2cocn2)c3ccccc3	2555	1					
C1CCCCN1C(=O)C(c2cccnc2)NC(=O)c3cocn3	2556	1					
C1CCCC1NC(=O)C(c2cccnc2)NC(=O)c3cocn3	2557	1					
C1COCCN1C(=O)CN(C(=O)c2ccco2)c3ccccc3	2558	1					
C1CCCC1NC(=O)C(c2cccnc2)NC(=O)c3c[nH]cn3	2559	1					
c1cnnc(c12)cccc2	256	1	-4.052	-4.159	/home/anacleto/Desktop/manuscript_Mpro/naturecomm/supplementary_file_S2/6-chemical-library/molecular_docking/PDBQT/7cam_A_256_chainA/docking_256_chainA_out.pdbqt	/home/anacleto/Desktop/manuscript_Mpro/naturecomm/supplementary_file_S2/6-chemical-library/molecular_docking/PDBQT/7cam_B_256_chainB/docking_256_chainB_out.pdbqt	/home/anacleto/Desktop/manuscript_Mpro/naturecomm/supplementary_file_S2/6-chemical-library/molecular_docking/combined_complexes/7cam_256_combined/7cam_256_combined_pose_1.pdb
C1CCCCN1C(=O)CN(C(=O)c2cocn2)c3ccccc3	2560	1					
C1CCCC1NC(=O)CN(C(=O)c2cocn2)c3ccccc3	2561	1					
C1CCCC1NC(=O)C(c2cccnc2)NC(=O)c3ccco3	2562	1					
c1ncccc1CN(C(=O)c2ccco2)CCC3CCCCC3	2563	1					
C1CCCC1NC(=O)CN(C(=O)c2c[nH]cn2)c3ccccc3	2564	1					
C1CCCC1NC(=O)CN(C(=O)c2ccco2)c3ccccc3	2565	1					
c1ccccc1N(C(=O)c2cocn2)Cc3c(=O)[nH]c(=O)[nH]c3	2566	1					
O1CCCC1CNC(=O)C(c2cccnc2)Nc3ccccc3	2567	1					
C1OCCC1CNC(=O)C(c2cccnc2)Nc3ccccc3	2568	1					
C1COCCC1NC(=O)C(c2cccnc2)Nc3ccccc3	2569	1					
c1cncc(c12)nccc2	257	1	-3.832	-3.934	/home/anacleto/Desktop/manuscript_Mpro/naturecomm/supplementary_file_S2/6-chemical-library/molecular_docking/PDBQT/7cam_A_257_chainA/docking_257_chainA_out.pdbqt	/home/anacleto/Desktop/manuscript_Mpro/naturecomm/supplementary_file_S2/6-chemical-library/molecular_docking/PDBQT/7cam_B_257_chainB/docking_257_chainB_out.pdbqt	/home/anacleto/Desktop/manuscript_Mpro/naturecomm/supplementary_file_S2/6-chemical-library/molecular_docking/combined_complexes/7cam_257_combined/7cam_257_combined_pose_1.pdb
c1ncccc1CC(=O)N(C2CCOC2)CCc3ccccc3	2570	1					
c1ncccc1C(NC2CCC2)C(=O)NCCc3ccccc3	2571	1					
C1CCCCC1NC(=O)C(c2cccnc2)Nc3ccccc3	2572	1					
c1ncncc1NC(=O)N(Cc2ccco2)Cc3cccnc3	2573	1					
o1cncc1CNC(=O)C(c2cccnc2)Nc3ccccc3	2574	1					
n1nc[nH]c(=O)c1C(=O)N(c2ccccc2)Cc3cccnc3	2575	1					
c1ncccc1CN(C(=O)c2ccco2)CCc3ccccc3	2576	1					
n1cc(=O)[nH]cc1C(=O)N(c2ccccc2)Cc3cccnc3	2577	1					
n1c[nH]c(=O)cc1C(=O)N(c2ccccc2)Cc3cccnc3	2578	1					
n1[nH]c(=O)ccc1C(=O)N(c2ccccc2)Cc3cccnc3	2579	1					
c1cncc(c12)cncc2	258	1	-3.793	-3.829	/home/anacleto/Desktop/manuscript_Mpro/naturecomm/supplementary_file_S2/6-chemical-library/molecular_docking/PDBQT/7cam_A_258_chainA/docking_258_chainA_out.pdbqt	/home/anacleto/Desktop/manuscript_Mpro/naturecomm/supplementary_file_S2/6-chemical-library/molecular_docking/PDBQT/7cam_B_258_chainB/docking_258_chainB_out.pdbqt	/home/anacleto/Desktop/manuscript_Mpro/naturecomm/supplementary_file_S2/6-chemical-library/molecular_docking/combined_complexes/7cam_258_combined/7cam_258_combined_pose_1.pdb
O=c(o1)cccc1C(=O)N(c2ccccc2)Cc3cccnc3	2580	1					
c1ncncc1NC(=O)NC(c2ccccc2)c3cccnc3	2581	1					
c1ncccc1NC(=O)C(c2cccnc2)Nc3ccccc3	2582	1					
c1ccccc1NC(=O)C(c2cncnc2)Nc3ccccc3	2583	1					
c1ncncc1CC(=O)N(c2ccccc2)Cc3ccccc3	2584	1					
c1ncccc1NC(=O)N(c2ccccc2)Cc3ccccc3	2585	1					
c1ccccc1NC(=O)C(c2cccnc2)Nc3ccccc3	2586	1					
c1ncccc1CC(=O)N(c2ccccc2)Cc3ccccc3	2587	1					
c1ccccc1N(C(=O)c2c[nH]c(=O)s2)Cc3cccnc3	2588	1					
C1OCC1NC(=O)C(c2cccnc2)NC(=O)c3cocn3	2589	1					
c1ccnc(c12)nccc2	259	1	-3.925	-4.055	/home/anacleto/Desktop/manuscript_Mpro/naturecomm/supplementary_file_S2/6-chemical-library/molecular_docking/PDBQT/7cam_A_259_chainA/docking_259_chainA_out.pdbqt	/home/anacleto/Desktop/manuscript_Mpro/naturecomm/supplementary_file_S2/6-chemical-library/molecular_docking/PDBQT/7cam_B_259_chainB/docking_259_chainB_out.pdbqt	/home/anacleto/Desktop/manuscript_Mpro/naturecomm/supplementary_file_S2/6-chemical-library/molecular_docking/combined_complexes/7cam_259_combined/7cam_259_combined_pose_1.pdb
C1NCC1NC(=O)C(c2cccnc2)NC(=O)c3cocn3	2590	1					
C1OCC1NC(=O)CN(C(=O)c2cocn2)c3ccccc3	2591	1					
C1NCC1NC(=O)CN(C(=O)c2cocn2)c3ccccc3	2592	1					
C1CCC1NC(=O)C(c2cccnc2)NC(=O)c3cocn3	2593	1					
C1CCCCCC1N(C(=O)c2cocn2)Cc3cccnc3	2594	1					
C1CCC1NC(=O)CN(C(=O)c2cocn2)c3ccccc3	2595	1					
C1CCCCCC1N(C(=O)c2cnc[nH]2)Cc3cccnc3	2596	1					
C1OCCC1NC(=O)C(c2cccnc2)Nc3ccccc3	2597	1					
C1COCCN1C(=O)C(c2cccnc2)Nc3ccccc3	2598	1					
C1NCCC1NC(=O)C(c2cccnc2)Nc3ccccc3	2599	1					
S=C1NC=CCN1	26	1	-3.407	-3.075	/home/anacleto/Desktop/manuscript_Mpro/naturecomm/supplementary_file_S2/6-chemical-library/molecular_docking/PDBQT/7cam_A_26_chainA/docking_26_chainA_out.pdbqt	/home/anacleto/Desktop/manuscript_Mpro/naturecomm/supplementary_file_S2/6-chemical-library/molecular_docking/PDBQT/7cam_B_26_chainB/docking_26_chainB_out.pdbqt	/home/anacleto/Desktop/manuscript_Mpro/naturecomm/supplementary_file_S2/6-chemical-library/molecular_docking/combined_complexes/7cam_26_combined/7cam_26_combined_pose_1.pdb
c1cncc(c12)cccc2	260	1	-4.122	-4.298	/home/anacleto/Desktop/manuscript_Mpro/naturecomm/supplementary_file_S2/6-chemical-library/molecular_docking/PDBQT/7cam_A_260_chainA/docking_260_chainA_out.pdbqt	/home/anacleto/Desktop/manuscript_Mpro/naturecomm/supplementary_file_S2/6-chemical-library/molecular_docking/PDBQT/7cam_B_260_chainB/docking_260_chainB_out.pdbqt	/home/anacleto/Desktop/manuscript_Mpro/naturecomm/supplementary_file_S2/6-chemical-library/molecular_docking/combined_complexes/7cam_260_combined/7cam_260_combined_pose_1.pdb
c1ccccc1C(c2ccccc2)OCCN3CCCCC3	2600	1					
N1CCNCC1C(=O)NC(c2ccccc2)c3ccccc3	2601	1					
C1CCCCN1C(=O)C(c2cccnc2)Nc3ccccc3	2602	1					
C1CCCC1NC(=O)C(c2cccnc2)Nc3ccccc3	2603	1					
c1ccccc1C(=O)NC(c2ccccc2)C3CCOCC3	2604	1					
c1ccccc1N(C(=O)c2nc(=O)[nH][nH]2)Cc3cccnc3	2605	1					
c1ccccc1N(C(=O)c2cocn2)Cc3ccc(=O)[nH]c3	2606	1					
c1ccccc1N(C(=O)c2cocn2)Cc3c(=O)[nH]ccc3	2607	1					
c1ncccc1CN(C(=O)c2cocn2)Cc3cccnc3	2608	1					
c1ncccc1C(Nc2ccon2)C(=O)Nc3ccccc3	2609	1					
c1ccnc(c12)cccc2	261	1	-4.138	-4.244	/home/anacleto/Desktop/manuscript_Mpro/naturecomm/supplementary_file_S2/6-chemical-library/molecular_docking/PDBQT/7cam_A_261_chainA/docking_261_chainA_out.pdbqt	/home/anacleto/Desktop/manuscript_Mpro/naturecomm/supplementary_file_S2/6-chemical-library/molecular_docking/PDBQT/7cam_B_261_chainB/docking_261_chainB_out.pdbqt	/home/anacleto/Desktop/manuscript_Mpro/naturecomm/supplementary_file_S2/6-chemical-library/molecular_docking/combined_complexes/7cam_261_combined/7cam_261_combined_pose_1.pdb
c1ccccc1N(C(=O)c2cc(=O)[nH][nH]2)Cc3cccnc3	2610	1					
c1ccccc1N(C(=O)c2c[nH]c(=O)[nH]2)Cc3cccnc3	2611	1					
c1ncccc1CN(C(=O)c2cnc[nH]2)Cc3cccnc3	2612	1					
c1ncccc1CN(C(=O)c2cocn2)Cc3ccccc3	2613	1					
c1ncccc1CN(C(=O)c2cnc[nH]2)Cc3ccccc3	2614	1					
c1ncccc1CN(C(=O)c2ccco2)Cc3ccccc3	2615	1					
n1ncccc1C(=O)N(c2ccccc2)Cc3cccnc3	2616	1					
n1cnccc1C(=O)N(c2ccccc2)Cc3cccnc3	2617	1					
c1cnccc1C(=O)N(c2ccccc2)Cc3cccnc3	2618	1					
c1ccccc1C(=O)N(c2ccccc2)Cc3cccnc3	2619	1					
c1cccc(c12)cccc2	262	1	-4.272	-4.512	/home/anacleto/Desktop/manuscript_Mpro/naturecomm/supplementary_file_S2/6-chemical-library/molecular_docking/PDBQT/7cam_A_262_chainA/docking_262_chainA_out.pdbqt	/home/anacleto/Desktop/manuscript_Mpro/naturecomm/supplementary_file_S2/6-chemical-library/molecular_docking/PDBQT/7cam_B_262_chainB/docking_262_chainB_out.pdbqt	/home/anacleto/Desktop/manuscript_Mpro/naturecomm/supplementary_file_S2/6-chemical-library/molecular_docking/combined_complexes/7cam_262_combined/7cam_262_combined_pose_1.pdb
n1nccn1CC(=O)N(Cc2cscn2)c3cccnc3	2620	1					
n1nccn1CC(=O)N(Cc2ccsc2)c3ccccc3	2621	1					
o1cccc1C(=O)N(Cc2cccs2)Cc3cccnc3	2622	1					
c1ccccc1N(C(=O)c2cnsn2)Cc3cccnc3	2623	1					
c1ccccc1N(C(=O)c2nccs2)Cc3cccnc3	2624	1					
c1ccccc1N(C(=O)c2cscn2)Cc3cccnc3	2625	1					
c1ccccc1N(C(=O)c2cncs2)Cc3cccnc3	2626	1					
c1ccccc1N(C(=O)c2ccns2)Cc3cccnc3	2627	1					
C1OCCCC1N(C(=O)c2cocn2)Cc3cccnc3	2628	1					
C1NCCCC1N(C(=O)c2cocn2)Cc3cccnc3	2629	1					
C=C1C=Cc(c12)cccc2	263	1	-4.314	-4.519	/home/anacleto/Desktop/manuscript_Mpro/naturecomm/supplementary_file_S2/6-chemical-library/molecular_docking/PDBQT/7cam_A_263_chainA/docking_263_chainA_out.pdbqt	/home/anacleto/Desktop/manuscript_Mpro/naturecomm/supplementary_file_S2/6-chemical-library/molecular_docking/PDBQT/7cam_B_263_chainB/docking_263_chainB_out.pdbqt	/home/anacleto/Desktop/manuscript_Mpro/naturecomm/supplementary_file_S2/6-chemical-library/molecular_docking/combined_complexes/7cam_263_combined/7cam_263_combined_pose_1.pdb
C1CNCCC1N(C(=O)c2ccco2)Cc3cccnc3	2630	1					
C1CCCCC1N(C(=O)c2cocn2)Cc3cccnc3	2631	1					
c1ncccc1C(C(=O)NC2CC2)NC(=O)c3ccco3	2632	1					
C1CCCCC1N(C(=O)c2ccco2)Cc3cccnc3	2633	1					
C1CC1NC(=O)CN(C(=O)c2ccco2)c3ccccc3	2634	1					
C1OCC1NC(=O)C(c2cccnc2)Nc3ccccc3	2635	1					
c1ncccc1NC(=O)N(CC2CC2)Cc3cccnc3	2636	1					
C1NCC1NC(=O)C(c2cccnc2)Nc3ccccc3	2637	1					
c1ccccc1N(C(=O)C2CCCO2)Cc3cccnc3	2638	1					
c1ccccc1N(C(=O)C2CCCN2)Cc3cccnc3	2639	1					
C1C(=O)N(C12)C=CCS2	264	1	-3.684	-3.285	/home/anacleto/Desktop/manuscript_Mpro/naturecomm/supplementary_file_S2/6-chemical-library/molecular_docking/PDBQT/7cam_A_264_chainA/docking_264_chainA_out.pdbqt	/home/anacleto/Desktop/manuscript_Mpro/naturecomm/supplementary_file_S2/6-chemical-library/molecular_docking/PDBQT/7cam_B_264_chainB/docking_264_chainB_out.pdbqt	/home/anacleto/Desktop/manuscript_Mpro/naturecomm/supplementary_file_S2/6-chemical-library/molecular_docking/combined_complexes/7cam_264_combined/7cam_264_combined_pose_1.pdb
C1CCC1NC(=O)C(c2cccnc2)Nc3ccccc3	2640	1					
[nH]1cncc1CC(=O)NC(c2ncc[nH]2)c3ccccc3	2641	1					
c1ncncc1N(C(=O)c2cocn2)Cc3cccnc3	2642	1					
c1ncncc1N(C(=O)c2cnc[nH]2)Cc3cccnc3	2643	1					
c1ccccc1N(C(=O)c2nnn[nH]2)Cc3cccnc3	2644	1					
c1ncccc1N(C(=O)c2cocn2)Cc3cccnc3	2645	1					
c1ccccc1N(C(=O)c2cocn2)Cc3cncnc3	2646	1					
c1ccccc1N(C(=O)c2cocn2)Cc3cnccn3	2647	1					
c1ccccc1N(C(=O)c2cocn2)Cc3ccnnc3	2648	1					
c1ccccc1N(C(=O)c2cnon2)Cc3cccnc3	2649	1					
S1CC(=O)n(c12)ncn2	265	1	-3.396	-3.211	/home/anacleto/Desktop/manuscript_Mpro/naturecomm/supplementary_file_S2/6-chemical-library/molecular_docking/PDBQT/7cam_A_265_chainA/docking_265_chainA_out.pdbqt	/home/anacleto/Desktop/manuscript_Mpro/naturecomm/supplementary_file_S2/6-chemical-library/molecular_docking/PDBQT/7cam_B_265_chainB/docking_265_chainB_out.pdbqt	/home/anacleto/Desktop/manuscript_Mpro/naturecomm/supplementary_file_S2/6-chemical-library/molecular_docking/combined_complexes/7cam_265_combined/7cam_265_combined_pose_1.pdb
c1ncccc1N(C(=O)c2cnc[nH]2)Cc3cccnc3	2650	1					
c1ccccc1N(C(=O)c2nc[nH]n2)Cc3cccnc3	2651	1					
c1ccccc1N(C(=O)c2cnn[nH]2)Cc3cccnc3	2652	1					
c1ccccc1N(C(=O)c2cn[nH]n2)Cc3cccnc3	2653	1					
c1ccccc1N(C(=O)c2c[nH]nn2)Cc3cccnc3	2654	1					
c1ccccc1N(C(=O)c2c[nH]cn2)Cc3cnccn3	2655	1					
c1ccccc1N(C(=O)c2cocn2)Cc3cccnc3	2656	1					
c1ccccc1N(C(=O)c2cnco2)Cc3cccnc3	2657	1					
c1ccccc1N(C(=O)c2ccon2)Cc3cccnc3	2658	1					
c1ccccc1N(C(=O)c2ccno2)Cc3cccnc3	2659	1					
c1csc(c12)CNCC2	266	1	-3.918	-3.967	/home/anacleto/Desktop/manuscript_Mpro/naturecomm/supplementary_file_S2/6-chemical-library/molecular_docking/PDBQT/7cam_A_266_chainA/docking_266_chainA_out.pdbqt	/home/anacleto/Desktop/manuscript_Mpro/naturecomm/supplementary_file_S2/6-chemical-library/molecular_docking/PDBQT/7cam_B_266_chainB/docking_266_chainB_out.pdbqt	/home/anacleto/Desktop/manuscript_Mpro/naturecomm/supplementary_file_S2/6-chemical-library/molecular_docking/combined_complexes/7cam_266_combined/7cam_266_combined_pose_1.pdb
c1ccccc1N(C(=O)c2ccco2)Cc3cncnc3	2660	1					
c1ccccc1N(C(=O)c2ccco2)Cc3cnccn3	2661	1					
c1ccccc1N(C(=O)c2ncc[nH]2)Cc3cccnc3	2662	1					
c1ccccc1N(C(=O)c2cnc[nH]2)Cc3cccnc3	2663	1					
c1ccccc1N(C(=O)c2ccn[nH]2)Cc3cccnc3	2664	1					
c1ccccc1N(C(=O)c2c[nH]cn2)Cc3cccnc3	2665	1					
c1[nH]ncc1C(=O)N(c2ccccc2)Cc3cccnc3	2666	1					
c1ccccc1N(C(=O)c2ccco2)Cc3cccnc3	2667	1					
s1cccc1C(c2cccs2)=CCCN3CCCCC3	2668	1					
n1cocc1C(=O)N(c2nccs2)Cc3cccnc3	2669	1					
c1csc(c12)CCNC2	267	1	-3.618	-3.701	/home/anacleto/Desktop/manuscript_Mpro/naturecomm/supplementary_file_S2/6-chemical-library/molecular_docking/PDBQT/7cam_A_267_chainA/docking_267_chainA_out.pdbqt	/home/anacleto/Desktop/manuscript_Mpro/naturecomm/supplementary_file_S2/6-chemical-library/molecular_docking/PDBQT/7cam_B_267_chainB/docking_267_chainB_out.pdbqt	/home/anacleto/Desktop/manuscript_Mpro/naturecomm/supplementary_file_S2/6-chemical-library/molecular_docking/combined_complexes/7cam_267_combined/7cam_267_combined_pose_1.pdb
o1cccc1C(=O)N(c2nccs2)Cc3cccnc3	2670	1					
n1cocc1C(=O)N(C2CCNC2)Cc3cccnc3	2671	1					
[nH]1cncc1C(=O)N(C2CCNC2)Cc3cccnc3	2672	1					
n1cocc1C(=O)N(c2ncco2)Cc3cccnc3	2673	1					
n1cocc1C(=O)N(c2ccon2)Cc3cccnc3	2674	1					
n1cocc1C(=O)N(c2cn[nH]c2)Cc3cccnc3	2675	1					
n1cocc1C(=O)N(c2c[nH]cn2)Cc3cccnc3	2676	1					
c1ncccc1C(C(=O)NC2CC2)Nc3ccccc3	2677	1					
n1c[nH]cc1CN(C(=O)c2ccco2)c3ccccc3	2678	1					
c1ccccc1C(c2ccccc2)=C3C=CC(=[NH2+])C=C3	2679	1					
c1csc(c12)CCCC2	268	1	-3.762	-3.88	/home/anacleto/Desktop/manuscript_Mpro/naturecomm/supplementary_file_S2/6-chemical-library/molecular_docking/PDBQT/7cam_A_268_chainA/docking_268_chainA_out.pdbqt	/home/anacleto/Desktop/manuscript_Mpro/naturecomm/supplementary_file_S2/6-chemical-library/molecular_docking/PDBQT/7cam_B_268_chainB/docking_268_chainB_out.pdbqt	/home/anacleto/Desktop/manuscript_Mpro/naturecomm/supplementary_file_S2/6-chemical-library/molecular_docking/combined_complexes/7cam_268_combined/7cam_268_combined_pose_1.pdb
c1ccccc1C(c2ccccc2)=C3C=CC(=O)C=C3	2680	1					
C1COCCC1C(c2ccccc2)N3CCNCC3	2681	1					
C1CCCCC1C(c2ccccc2)N3CCNCC3	2682	1					
n1cocc1C(=O)N(C2CCC2)Cc3cccnc3	2683	1					
c1ccccc1C(c2ncno2)N3CCCCC3=O	2684	1					
o1cccc1C(=O)N(C2CCC2)Cc3cccnc3	2685	1					
c1ccccc1C(c2ccccc2)N3CCNCC3	2686	1					
C1CCCC1C(c2ncno2)Cc3cccnc3	2687	1					
c1ccccc1C(C2CC2)NCc3ccccc3	2688	1					
N1CC(=O)NCC(=O)NCC(=O)NC(C(=O)N2CCCC2)CSSCCC(=O)NC(C1=O)Cc3ccccc3	2689	1					
n1csc(c12)nccc2	269	1	-3.498	-3.467	/home/anacleto/Desktop/manuscript_Mpro/naturecomm/supplementary_file_S2/6-chemical-library/molecular_docking/PDBQT/7cam_A_269_chainA/docking_269_chainA_out.pdbqt	/home/anacleto/Desktop/manuscript_Mpro/naturecomm/supplementary_file_S2/6-chemical-library/molecular_docking/PDBQT/7cam_B_269_chainB/docking_269_chainB_out.pdbqt	/home/anacleto/Desktop/manuscript_Mpro/naturecomm/supplementary_file_S2/6-chemical-library/molecular_docking/combined_complexes/7cam_269_combined/7cam_269_combined_pose_1.pdb
N1CC(=O)NCC(=O)NC(C(=O)N2CCCC2)CSSCCC(=O)NCC(=O)NC(C1=O)Cc3ccccc3	2690	1					
c1ccccc1CC(C2=O)NC(=O)CCSSCCNC(=O)CNC(=O)CNC(=O)C(N2)Cc3ccccc3	2691	1					
C1CCCN1S(=O)(=O)N(CC2)CCN2C(=O)NCCNS(=O)(=O)c3ccccc3	2692	1					
c1ccccc1CCNC(=O)CNC(=O)c2cn(nn2)CCN3CCOCC3	2693	1					
c1ccccc1CCNC(=O)CNC(=O)c([nH]n2)cc2C(=O)N3CCOCC3	2694	1					
c1ccccc1CCNC(=O)CNc(ccc2)cc2NC(=O)C3CCCCC3	2695	1					
c1ccccc1CCNC(=O)CNC(=O)c2nc(cs2)CN3CCOCC3	2696	1					
c1ccccc1CCNC(=O)CNc2ccc(cc2)S(=O)(=O)C3CCCC3	2697	1					
c1ccccc1CCNC(=O)CNc(ccc2)cc2CSC3CCOCC3	2698	1					
[nH]1c(=O)[nH]c(=O)cc1C(=O)OCC(=O)N(CC2)CCC2Cc3ccccc3	2699	1					
C=C1C(=O)N=CS1	27	1	-2.887	-2.756	/home/anacleto/Desktop/manuscript_Mpro/naturecomm/supplementary_file_S2/6-chemical-library/molecular_docking/PDBQT/7cam_A_27_chainA/docking_27_chainA_out.pdbqt	/home/anacleto/Desktop/manuscript_Mpro/naturecomm/supplementary_file_S2/6-chemical-library/molecular_docking/PDBQT/7cam_B_27_chainB/docking_27_chainB_out.pdbqt	/home/anacleto/Desktop/manuscript_Mpro/naturecomm/supplementary_file_S2/6-chemical-library/molecular_docking/combined_complexes/7cam_27_combined/7cam_27_combined_pose_1.pdb
n1csc(c12)cncc2	270	1	-3.433	-3.326	/home/anacleto/Desktop/manuscript_Mpro/naturecomm/supplementary_file_S2/6-chemical-library/molecular_docking/PDBQT/7cam_A_270_chainA/docking_270_chainA_out.pdbqt	/home/anacleto/Desktop/manuscript_Mpro/naturecomm/supplementary_file_S2/6-chemical-library/molecular_docking/PDBQT/7cam_B_270_chainB/docking_270_chainB_out.pdbqt	/home/anacleto/Desktop/manuscript_Mpro/naturecomm/supplementary_file_S2/6-chemical-library/molecular_docking/combined_complexes/7cam_270_combined/7cam_270_combined_pose_1.pdb
c1ccccc1CCNC(=O)CNC(=O)c2ccnc(n2)N3CCOCC3	2700	1					
c1ccccc1CCNC(=O)CNc(cc2)ccc2C(CC3=O)CC(=O)N3	2701	1					
s1cccc1CCNC(=O)CNC(=O)C2CCCN2C(=O)C3CCCN3	2702	1					
c1ccccc1CCNC(=O)CNC(=O)c2cnc(s2)N3CCOCC3	2703	1					
c1ccccc1CCNC(=O)CNc2ccc(cc2)N3CCCS3(=O)=O	2704	1					
c1ccccc1CCNC(=O)C2CNCCN2S(=O)(=O)c3ccccc3	2705	1					
c1ccccc1CCOC(=O)CC(C2=C)C=COC2OC3CCCCO3	2706	1					
C1COCCN1c([nH]c(=O)[nH]c2=O)c2CC(=O)NCCc3ccccc3	2707	1					
c1ccccc1CCNC(=O)CNC(=O)c2cn(nn2)C(C3=O)COC3	2708	1					
c1ccccc1CCNC(=O)CNc2ccc(cc2)N(C3=O)CCCN3	2709	1					
n1csc(c12)ccnc2	271	1	-3.452	-3.18	/home/anacleto/Desktop/manuscript_Mpro/naturecomm/supplementary_file_S2/6-chemical-library/molecular_docking/PDBQT/7cam_A_271_chainA/docking_271_chainA_out.pdbqt	/home/anacleto/Desktop/manuscript_Mpro/naturecomm/supplementary_file_S2/6-chemical-library/molecular_docking/PDBQT/7cam_B_271_chainB/docking_271_chainB_out.pdbqt	/home/anacleto/Desktop/manuscript_Mpro/naturecomm/supplementary_file_S2/6-chemical-library/molecular_docking/combined_complexes/7cam_271_combined/7cam_271_combined_pose_1.pdb
c1ccccc1CCNC(=O)CNc(cc2)ccc2NC(=O)NC3CC3	2710	1					
c1ccccc1C=CC(=O)OC2CCC(OC2)OCCc3ccccc3	2711	1					
c1ccccc1COC(=O)CCNC(=O)c2cc(ccc2)-n3cccn3	2712	1					
c1ccccc1CCNC(=O)CNc2cc(ccc2)Oc3cccnn3	2713	1					
c1ccccc1CCNC(=O)CNc2ccc(cc2)Oc3ccccc3	2714	1					
c1ccccc1CCCNC(=O)CNc(cc2)ccc2-c3ccccc3	2715	1					
c1ncccc1C(=O)N(CCN2)CC2C(=O)NS(=O)(=O)c3cccs3	2716	1					
c1ccccc1CCNC(=O)C2CNCCN2S(=O)(=O)c3ccsc3	2717	1					
[nH]1c(=O)[nH]c(=O)cc1C(=O)N(CCN2)CC2C(=O)NCc3cccs3	2718	1					
c1ccccc1CNC(=O)C2CNCCN2S(=O)(=O)c3ccccc3	2719	1					
c1csc(c12)ncnc2	272	1	-3.417	-3.401	/home/anacleto/Desktop/manuscript_Mpro/naturecomm/supplementary_file_S2/6-chemical-library/molecular_docking/PDBQT/7cam_A_272_chainA/docking_272_chainA_out.pdbqt	/home/anacleto/Desktop/manuscript_Mpro/naturecomm/supplementary_file_S2/6-chemical-library/molecular_docking/PDBQT/7cam_B_272_chainB/docking_272_chainB_out.pdbqt	/home/anacleto/Desktop/manuscript_Mpro/naturecomm/supplementary_file_S2/6-chemical-library/molecular_docking/combined_complexes/7cam_272_combined/7cam_272_combined_pose_1.pdb
c1ccccc1CCNC(=O)CNC(=O)c2cnc(s2)C3CCOC3	2720	1					
c1ccccc1C=CC(=O)N2CCN(CC2)S(=O)(=O)c3ccccc3	2721	1					
c1ccccc1CCNC(=O)CNC(=O)c2cnc(s2)-c3nnc[nH]3	2722	1					
s1cccc1C(=O)NCCCNc2ccnc(n2)Nc3ccccc3	2723	1					
c1ccccc1CCNC(=O)CNC(=O)c2cn(nn2)C3CCOC3	2724	1					
c1ncccc1NC(=O)Cc2cc(ccc2)OCCN3CCOCC3	2725	1					
c1ccccc1CCNC(=O)CNc2ccc(cc2)OC3CCOC3	2726	1					
c1ccccc1CCNC(=O)CNC(=O)c2ncn(n2)-c3nnc[nH]3	2727	1					
c1ccccc1CCNC(=O)CNC(=O)c2cc(no2)-c3cn[nH]c3	2728	1					
c1ccccc1CCNC(=O)CNC2CCN(CC2)c3ccccc3	2729	1					
n1csc(c12)cccc2	273	1	-3.688	-3.7	/home/anacleto/Desktop/manuscript_Mpro/naturecomm/supplementary_file_S2/6-chemical-library/molecular_docking/PDBQT/7cam_A_273_chainA/docking_273_chainA_out.pdbqt	/home/anacleto/Desktop/manuscript_Mpro/naturecomm/supplementary_file_S2/6-chemical-library/molecular_docking/PDBQT/7cam_B_273_chainB/docking_273_chainB_out.pdbqt	/home/anacleto/Desktop/manuscript_Mpro/naturecomm/supplementary_file_S2/6-chemical-library/molecular_docking/combined_complexes/7cam_273_combined/7cam_273_combined_pose_1.pdb
c1ccccc1CCNC(=O)CNc2ccc(cc2)N3CCCC3=O	2730	1					
c1ccccc1CCNC(=O)CNc(cc2)ccc2C(N3)CCC3=O	2731	1					
c1ccccc1CCNC(=O)CNC(CCC2)CC2c3ccccc3	2732	1					
c1ccccc1CCNC(=O)CNc2ccc(cc2)-n(c3=O)cc[nH]3	2733	1					
n1cccn1-c(ccc2)cc2C(=O)NNC(=O)OCc3ccccc3	2734	1					
O=c1ccn(c(=O)[nH]1)CC(=O)OCc2ccc(cc2)-c3ccccc3	2735	1					
c1ccccc1CCNC(=O)CNc2cn(cn2)Cc3ccccc3	2736	1					
c1ccccc1CCNC(=O)CNc(cc2)ccc2Cn3cccn3	2737	1					
c1ccccc1CNC(=O)CNc(cc2)ccc2Cc3ccccc3	2738	1					
c1ccccc1CCNC(=O)CNc(cc2)ccc2-c3ccccc3	2739	1					
c1snc(c12)cccc2	274	1	-3.771	-3.787	/home/anacleto/Desktop/manuscript_Mpro/naturecomm/supplementary_file_S2/6-chemical-library/molecular_docking/PDBQT/7cam_A_274_chainA/docking_274_chainA_out.pdbqt	/home/anacleto/Desktop/manuscript_Mpro/naturecomm/supplementary_file_S2/6-chemical-library/molecular_docking/PDBQT/7cam_B_274_chainB/docking_274_chainB_out.pdbqt	/home/anacleto/Desktop/manuscript_Mpro/naturecomm/supplementary_file_S2/6-chemical-library/molecular_docking/combined_complexes/7cam_274_combined/7cam_274_combined_pose_1.pdb
C1CCCCC1CNC(=O)C2CNCCN2S(=O)(=O)c3ccsc3	2740	1					
n1ccccc1CNC(=O)C2CNCCN2S(=O)(=O)c3ccsc3	2741	1					
c1ccccc1CNC(=O)C2CNCCN2S(=O)(=O)c3ccsc3	2742	1					
c1ccccc1CS(=O)(=O)c(ocn2)c2S(=O)(=O)c3ccccc3	2743	1					
c1ccccc1C=CC(=O)N2CCN(CC2)S(=O)(=O)c3cccs3	2744	1					
C1CCCCC1NC(=O)C2CNCCN2S(=O)(=O)c3ccccc3	2745	1					
s1cccc1CNC(=O)C2CN(CCN2)C(=O)C(N3)CCCC3=O	2746	1					
c1c[nH]c(=O)cc1C(=O)N(CCN2)CC2C(=O)NCc3cccs3	2747	1					
o1cccc1C=NN(CC2=O)C(=O)N2CCCCN3CCNCC3	2748	1					
c1ccccc1C=CC(=O)OC(COCC2)C2OC3CCCCO3	2749	1					
c1nsc(c12)cccc2	275	1	-3.861	-3.805	/home/anacleto/Desktop/manuscript_Mpro/naturecomm/supplementary_file_S2/6-chemical-library/molecular_docking/PDBQT/7cam_A_275_chainA/docking_275_chainA_out.pdbqt	/home/anacleto/Desktop/manuscript_Mpro/naturecomm/supplementary_file_S2/6-chemical-library/molecular_docking/PDBQT/7cam_B_275_chainB/docking_275_chainB_out.pdbqt	/home/anacleto/Desktop/manuscript_Mpro/naturecomm/supplementary_file_S2/6-chemical-library/molecular_docking/combined_complexes/7cam_275_combined/7cam_275_combined_pose_1.pdb
c1ccccc1C(=O)CC2COCCN2C(=O)CN3CCCC3=O	2750	1					
c1ccccc1CCNC(=O)CNC(=O)c2cc(on2)C3COC3	2751	1					
c1ccccc1CCNC(=O)Cc2cnc(nc2)N3CCOCC3	2752	1					
c1ccccc1NC(=O)c2ccc(cc2)OCCN3CCOCC3	2753	1					
c1ccccc1CCNC(=O)CNc(cc2)ccc2C3OCCO3	2754	1					
c1ccccc1CCNC(=O)Cc2cnc(nc2)N3CCNCC3	2755	1					
c1ccccc1CCNC(=O)CNC2CC(C2)Oc3ccccc3	2756	1					
c1ccccc1NCC(=O)NC2CCN(CC2)Cc3ccccc3	2757	1					
c1ccccc1CNC(=O)CNc2ccc(cc2)N3CCCCC3	2758	1					
c1ccccc1CCNC(=O)CNC2CCN(C2)c3ccccc3	2759	1					
c1csc(c12)cncc2	276	1	-3.537	-3.548	/home/anacleto/Desktop/manuscript_Mpro/naturecomm/supplementary_file_S2/6-chemical-library/molecular_docking/PDBQT/7cam_A_276_chainA/docking_276_chainA_out.pdbqt	/home/anacleto/Desktop/manuscript_Mpro/naturecomm/supplementary_file_S2/6-chemical-library/molecular_docking/PDBQT/7cam_B_276_chainB/docking_276_chainB_out.pdbqt	/home/anacleto/Desktop/manuscript_Mpro/naturecomm/supplementary_file_S2/6-chemical-library/molecular_docking/combined_complexes/7cam_276_combined/7cam_276_combined_pose_1.pdb
c1ccccc1CNC(=O)CNc(cc2)ccc2C3CCCCC3	2760	1					
c1ccccc1CCNC(=O)CNc(cc2)ccc2C3CCCC3	2761	1					
c1ccccc1CCNC(=O)CNCc2c(C3CCC3)cccc2	2762	1					
c1ccccc1CCNC(=O)CNc2ccc(cc2)-n3ncnn3	2763	1					
c1ccccc1CCNC(=O)CNc2ccc(cc2)-n3ccnn3	2764	1					
c1ccccc1CCNC(=O)CNc2cnn(c2)-c3ccccc3	2765	1					
c1ccccc1CCNC(=O)CNc2ccc(cc2)-n3ccnc3	2766	1					
c1ncccc1NC(=O)Cc2cc(ccc2)OCc3ccccc3	2767	1					
c1ccccc1CNC(=O)CNc(cc2)ccc2-c3ccccn3	2768	1					
c1ccccc1CNC(=O)CNc(cc2)ccc2-c3ccccc3	2769	1					
c1csc(c12)cccc2	277	1	-3.964	-3.936	/home/anacleto/Desktop/manuscript_Mpro/naturecomm/supplementary_file_S2/6-chemical-library/molecular_docking/PDBQT/7cam_A_277_chainA/docking_277_chainA_out.pdbqt	/home/anacleto/Desktop/manuscript_Mpro/naturecomm/supplementary_file_S2/6-chemical-library/molecular_docking/PDBQT/7cam_B_277_chainB/docking_277_chainB_out.pdbqt	/home/anacleto/Desktop/manuscript_Mpro/naturecomm/supplementary_file_S2/6-chemical-library/molecular_docking/combined_complexes/7cam_277_combined/7cam_277_combined_pose_1.pdb
c1ncccc1NC(=O)Cc(ccc2)cc2C=Cc3ccccc3	2770	1					
c1ccccc1CSc(cccc2)c2NS(=O)(=O)c3ccsc3	2771	1					
C1CCCCC1NC(=O)C2CNCCN2S(=O)(=O)c3ccsc3	2772	1					
n1ccccc1NC(=O)C2CNCCN2S(=O)(=O)c3ccsc3	2773	1					
s1cccc1S(=O)(=O)NC(=O)C2CNCCN2c3ccccc3	2774	1					
c1ccccc1NC(=O)C2CNCCN2S(=O)(=O)c3ccsc3	2775	1					
O=C1NC(CN1)C(=O)N(CCN2)CC2C(=O)NCc3cccs3	2776	1					
O=C1CC(CN1)C(=O)N(CCN2)CC2C(=O)NCc3cccs3	2777	1					
n1cncn1CC(=O)NS(=O)(=O)c2cnn(c2)-c3ccccc3	2778	1					
n1ccncc1C(=O)N(CCN2)CC2C(=O)NCc3cccs3	2779	1					
C1CNC(C12)CCOC2	278	1	-3.681	-3.716	/home/anacleto/Desktop/manuscript_Mpro/naturecomm/supplementary_file_S2/6-chemical-library/molecular_docking/PDBQT/7cam_A_278_chainA/docking_278_chainA_out.pdbqt	/home/anacleto/Desktop/manuscript_Mpro/naturecomm/supplementary_file_S2/6-chemical-library/molecular_docking/PDBQT/7cam_B_278_chainB/docking_278_chainB_out.pdbqt	/home/anacleto/Desktop/manuscript_Mpro/naturecomm/supplementary_file_S2/6-chemical-library/molecular_docking/combined_complexes/7cam_278_combined/7cam_278_combined_pose_1.pdb
c1ncncc1C(=O)N(CCN2)CC2C(=O)NCc3cccs3	2780	1					
c1ncccc1C(=O)N(CCN2)CC2C(=O)NCc3cccs3	2781	1					
c1ccccc1S(=O)CCC(C2=O)C(=O)NN2c3ccccc3	2782	1					
c1ccccc1NC(=O)CC(C2=O)SC(=O)N2c3ccccc3	2783	1					
c1ccccc1C=C(CS2(=O)=O)C(=O)C(C2)=Cc3ccccc3	2784	1					
c1ccccc1CNC(=O)CNc(cc2)ccc2-c3cccs3	2785	1					
n1cocc1C(=O)NCc2c([nH]c(=O)[nH]c2=O)N3CCOCC3	2786	1					
C1COCCN1C(=O)NCc2c(cccc2)CN3CCNCC3	2787	1					
C1OCCCC1C(=O)NCc2c(cccc2)CN3CCNCC3	2788	1					
C1CCOC=C1C(=O)NC2CCN(C2)C(=O)c3cc(=O)[nH]cc3	2789	1					
C1CNC(C12)CCCN2	279	1	-4.003	-3.719	/home/anacleto/Desktop/manuscript_Mpro/naturecomm/supplementary_file_S2/6-chemical-library/molecular_docking/PDBQT/7cam_A_279_chainA/docking_279_chainA_out.pdbqt	/home/anacleto/Desktop/manuscript_Mpro/naturecomm/supplementary_file_S2/6-chemical-library/molecular_docking/PDBQT/7cam_B_279_chainB/docking_279_chainB_out.pdbqt	/home/anacleto/Desktop/manuscript_Mpro/naturecomm/supplementary_file_S2/6-chemical-library/molecular_docking/combined_complexes/7cam_279_combined/7cam_279_combined_pose_1.pdb
c1ncccc1CNC(=O)c2cn(nn2)CCN3CCOCC3	2790	1					
c1ncccc1CNC(=O)c([nH]n2)cc2C(=O)N3CCOCC3	2791	1					
[nH]1ncn(c1=O)CC(=O)NC(CCCCC2)C2c3ccccc3	2792	1					
n1cncn1CC(=O)OC(C2=O)CCCN2Cc3ccccc3	2793	1					
O=c1ccn(c(=O)[nH]1)CC(=O)N2CCN(CC2)c3ccccc3	2794	1					
n1cncn1CC(=O)N(C2)CCC2CNC(=O)c3ccccc3	2795	1					
n1cocc1C(=O)NCC(=O)N(CC2)CCC2c3ccccc3	2796	1					
c1ccccc1CCNC(=O)CNC(=O)c2cnc(o2)C3CC3	2797	1					
o1cccc1C(=O)Nc2cc(ccc2)NC(=O)C3CCCCC3	2798	1					
c1ccccc1C(=O)NC2CCN(C2)C(=O)c3cc(=O)[nH]nc3	2799	1					
C1CNCCNC1	28	1	-3.332	-3.26	/home/anacleto/Desktop/manuscript_Mpro/naturecomm/supplementary_file_S2/6-chemical-library/molecular_docking/PDBQT/7cam_A_28_chainA/docking_28_chainA_out.pdbqt	/home/anacleto/Desktop/manuscript_Mpro/naturecomm/supplementary_file_S2/6-chemical-library/molecular_docking/PDBQT/7cam_B_28_chainB/docking_28_chainB_out.pdbqt	/home/anacleto/Desktop/manuscript_Mpro/naturecomm/supplementary_file_S2/6-chemical-library/molecular_docking/combined_complexes/7cam_28_combined/7cam_28_combined_pose_1.pdb
C12CCCC(N2)CNC1	280	1	-3.884	-3.809	/home/anacleto/Desktop/manuscript_Mpro/naturecomm/supplementary_file_S2/6-chemical-library/molecular_docking/PDBQT/7cam_A_280_chainA/docking_280_chainA_out.pdbqt	/home/anacleto/Desktop/manuscript_Mpro/naturecomm/supplementary_file_S2/6-chemical-library/molecular_docking/PDBQT/7cam_B_280_chainB/docking_280_chainB_out.pdbqt	/home/anacleto/Desktop/manuscript_Mpro/naturecomm/supplementary_file_S2/6-chemical-library/molecular_docking/combined_complexes/7cam_280_combined/7cam_280_combined_pose_1.pdb
[nH]1cncc1CCC(=O)NC(CCCC2)C2Cc3ccccc3	2800	1					
c1ncccc1NC(=O)NCC2C(OCCC2)c3ccccc3	2801	1					
c1ccccc1CCNC(=O)CNc(cn2)cnc2C3CCC3	2802	1					
c1ccccc1CCNC(=O)CNc(ccc2)cc2C3COC3	2803	1					
c1ccccc1CCNC(=O)CNc(cc2)ccc2C3COC3	2804	1					
c1ncccc1C(=O)N(CCN2)CC2C(=O)Nc3ccccc3	2805	1					
c1ncccc1NC(=O)Cc2cc(ccc2)OCc3nnco3	2806	1					
c1ncccc1NC(=O)Cc2cc(ccc2)OCc3ncno3	2807	1					
c1ncccc1NC(=O)Cc2cc(ccc2)NC3CCCCC3	2808	1					
C1CCCCC1C(=O)Nc2cc(ccc2)NCc3cccnc3	2809	1					
O1CCCC12CCCC2	281	1	-3.855	-3.681	/home/anacleto/Desktop/manuscript_Mpro/naturecomm/supplementary_file_S2/6-chemical-library/molecular_docking/PDBQT/7cam_A_281_chainA/docking_281_chainA_out.pdbqt	/home/anacleto/Desktop/manuscript_Mpro/naturecomm/supplementary_file_S2/6-chemical-library/molecular_docking/PDBQT/7cam_B_281_chainB/docking_281_chainB_out.pdbqt	/home/anacleto/Desktop/manuscript_Mpro/naturecomm/supplementary_file_S2/6-chemical-library/molecular_docking/combined_complexes/7cam_281_combined/7cam_281_combined_pose_1.pdb
c1ncccc1NC(=O)Cc2cc(ccc2)OCc3ncn[nH]3	2810	1					
c1ncccc1NC(=O)Cc2cc(ccc2)OCc3ccno3	2811	1					
c1ccccc1CCNC(=O)CNC(C2)CC2c3ccccc3	2812	1					
C1CCCCC1NC(=O)CNc(cc2)ccc2-c3ccccc3	2813	1					
c1ncccc1NC(=O)Cc2cc(ccc2)OCc3ncc[nH]3	2814	1					
c1ncccc1-c(n[nH]c2)c2C(=O)NCCOc3ccccc3	2815	1					
c1ccccc1CNC(=O)CNc(cc2)ccc2-c3ccco3	2816	1					
c1ccccc1CNC(=O)CNc2ccc(cc2)-n3cccc3	2817	1					
C1COCCN1C(=O)C2CNCCN2S(=O)(=O)c3ccsc3	2818	1					
C1CNCCN1C(=O)C2CNCCN2S(=O)(=O)c3ccsc3	2819	1					
O1CCC12CCCCC2	282	1	-3.938	-3.706	/home/anacleto/Desktop/manuscript_Mpro/naturecomm/supplementary_file_S2/6-chemical-library/molecular_docking/PDBQT/7cam_A_282_chainA/docking_282_chainA_out.pdbqt	/home/anacleto/Desktop/manuscript_Mpro/naturecomm/supplementary_file_S2/6-chemical-library/molecular_docking/PDBQT/7cam_B_282_chainB/docking_282_chainB_out.pdbqt	/home/anacleto/Desktop/manuscript_Mpro/naturecomm/supplementary_file_S2/6-chemical-library/molecular_docking/combined_complexes/7cam_282_combined/7cam_282_combined_pose_1.pdb
c1ccccc1NC(=O)c2ccc(cc2)S(=O)c3nccs3	2820	1					
c1ccccc1NC(=O)Nc2c(cccc2)Sc3nccs3	2821	1					
N1CCCC1C(=O)N(CCN2)CC2C(=O)NCc3cccs3	2822	1					
[nH]1ncnc1C(=O)N(CCN2)CC2C(=O)NCc3cccs3	2823	1					
n1cocc1C(=O)Nc2ccc(cc2)S(=O)(=O)C3CCCC3	2824	1					
n1[nH]ccc1C(=O)N(CCN2)CC2C(=O)NCc3cccs3	2825	1					
n1cnccc1NC(=O)N2CCOCC2CCc3cccs3	2826	1					
c1ncccc1CNC(=O)c(n2)scc2CN3CCOCC3	2827	1					
o1cccc1C(=O)Nc(ccc2)cc2CSC3CCOCC3	2828	1					
c1ncccc1CNc2ccc(cc2)S(=O)(=O)C3CCCC3	2829	1					
C1COC(C12)CCCC2	283	1	-3.659	-3.745	/home/anacleto/Desktop/manuscript_Mpro/naturecomm/supplementary_file_S2/6-chemical-library/molecular_docking/PDBQT/7cam_A_283_chainA/docking_283_chainA_out.pdbqt	/home/anacleto/Desktop/manuscript_Mpro/naturecomm/supplementary_file_S2/6-chemical-library/molecular_docking/PDBQT/7cam_B_283_chainB/docking_283_chainB_out.pdbqt	/home/anacleto/Desktop/manuscript_Mpro/naturecomm/supplementary_file_S2/6-chemical-library/molecular_docking/combined_complexes/7cam_283_combined/7cam_283_combined_pose_1.pdb
[nH]1cncc1CC(=O)NCC2(CCCC2)Sc3ccccc3	2830	1					
c1ncccc1CNc(ccc2)cc2CSC3CCOCC3	2831	1					
c1ccccc1CCOC(OCC2)CC2OC3CCCCO3	2832	1					
c1ccccc1C#Cc2ccc(o2)C(=O)Sc3ncccn3	2833	1					
C1CNCCN1C(=O)CNc2ccc(cc2)N3CCOCC3	2834	1					
c1ccccc1CNC(=O)C2CCC(O2)C(=O)N3CCCC3	2835	1					
c1ccccc1NCc2c([nH]c(=O)[nH]c2=O)N3CCOCC3	2836	1					
N1C(=O)NC(CC1=O)C(=O)N2CCN(CC2)c3ccccc3	2837	1					
c1ccccc1NC(=O)c2cn(nn2)CCN3CCOCC3	2838	1					
c1ccccc1C2(CCC2)C(=O)NCCCc3nc(=O)[nH][nH]3	2839	1					
C1CNC(C12)CCCC2	284	1	-4.076	-3.971	/home/anacleto/Desktop/manuscript_Mpro/naturecomm/supplementary_file_S2/6-chemical-library/molecular_docking/PDBQT/7cam_A_284_chainA/docking_284_chainA_out.pdbqt	/home/anacleto/Desktop/manuscript_Mpro/naturecomm/supplementary_file_S2/6-chemical-library/molecular_docking/PDBQT/7cam_B_284_chainB/docking_284_chainB_out.pdbqt	/home/anacleto/Desktop/manuscript_Mpro/naturecomm/supplementary_file_S2/6-chemical-library/molecular_docking/combined_complexes/7cam_284_combined/7cam_284_combined_pose_1.pdb
c1ccccc1NC(=O)c([nH]n2)cc2C(=O)N3CCOCC3	2840	1					
[nH]1c(=O)[nH]c(=O)cc1C(=O)N2CCN(CC2)c3ccccc3	2841	1					
c1ncccc1CNC(=O)c2ccnc(n2)N3CCOCC3	2842	1					
c1ccccc1CC(=O)N2CCN(CC2)C(=O)c3c[nH]nn3	2843	1					
[nH]1c(=O)[nH]c(=O)cc1C(=O)N(CC2)CCC2c3ccccc3	2844	1					
n1[nH]cnc1Cn(c(=O)[nH]2)c(=O)n(c2=N)Cc3ccccc3	2845	1					
n1cocc1C(=O)Nc(cc2)ccc2C(CC3=O)CC(=O)N3	2846	1					
C1CCCCC1CC(=O)NCc2c(nccc2)-n3ccnc3	2847	1					
c1ncncc1CC(=O)Nc2cc(ccc2)OC(N3)CC3=O	2848	1					
C1CNCCN1C(=O)CNc(cc2)ccc2-c3ncccn3	2849	1					
C1CCC12CCCCC2	285	1	-3.828	-3.899	/home/anacleto/Desktop/manuscript_Mpro/naturecomm/supplementary_file_S2/6-chemical-library/molecular_docking/PDBQT/7cam_A_285_chainA/docking_285_chainA_out.pdbqt	/home/anacleto/Desktop/manuscript_Mpro/naturecomm/supplementary_file_S2/6-chemical-library/molecular_docking/PDBQT/7cam_B_285_chainB/docking_285_chainB_out.pdbqt	/home/anacleto/Desktop/manuscript_Mpro/naturecomm/supplementary_file_S2/6-chemical-library/molecular_docking/combined_complexes/7cam_285_combined/7cam_285_combined_pose_1.pdb
c1ncccc1NC(=O)Cc2cc(ccc2)OC(N3)CC3=O	2850	1					
c1ncccc1CC(=O)Nc2cc(ccc2)OC(N3)CC3=O	2851	1					
C1CNCCN1CC(=O)Nc(cncc2)c2-c3ccccc3	2852	1					
C1CNCCN1C(=O)CNc(cc2)ccc2-c3ccccn3	2853	1					
c1ncccc1NC(=O)Cc2cc(ccc2)NC3CCCC3	2854	1					
C1CNCCN1C(=O)CNc(cc2)ccc2-c3ccccc3	2855	1					
c1ncccc1CNc(cc2)ccc2C(CC3=O)CC(=O)N3	2856	1					
c1ccccc1NCC(=O)N(CC2)CCC2c3ccccc3	2857	1					
C1CCCC1NC(=O)CNc(cc2)ccc2-c3ccccc3	2858	1					
c1ncccc1CC(=O)NCc2nc(no2)-c3ccccc3	2859	1					
n1ncn(c12)CCNC2	286	1	-3.468	-3.667	/home/anacleto/Desktop/manuscript_Mpro/naturecomm/supplementary_file_S2/6-chemical-library/molecular_docking/PDBQT/7cam_A_286_chainA/docking_286_chainA_out.pdbqt	/home/anacleto/Desktop/manuscript_Mpro/naturecomm/supplementary_file_S2/6-chemical-library/molecular_docking/PDBQT/7cam_B_286_chainB/docking_286_chainB_out.pdbqt	/home/anacleto/Desktop/manuscript_Mpro/naturecomm/supplementary_file_S2/6-chemical-library/molecular_docking/combined_complexes/7cam_286_combined/7cam_286_combined_pose_1.pdb
c1ccccc1Cn(c(=O)[nH]c(=O)[nH]2)c2=Nc3ccccc3	2860	1					
c1ccccc1CNC(=O)Cn(n2)nnc2-c3ccccc3	2861	1					
c1ccccc1CNC(=O)Cc2ccc(cc2)-n3cnnn3	2862	1					
c1ccccc1OCc2ccc(cc2)OCc3ccccc3	2863	1					
c1ncccc1CC(=O)Nc(cc2)ccc2-c3ncccn3	2864	1					
n1cnccc1C(=O)Nc(cccc2)c2Cc3ccccc3	2865	1					
c1ncccc1NC(=O)Cc2cc(ccc2)-c3ccccc3	2866	1					
c1ccccc1CC(=O)Nc(cncc2)c2-c3ccccc3	2867	1					
s1cccc1CNS(=O)(=O)c2cnc(s2)-c3ccccc3	2868	1					
c1ccccc1C#Cc2ccc(o2)C(=O)Sc3nncs3	2869	1					
c1n[nH]c(c12)CCOC2	287	1	-3.791	-3.628	/home/anacleto/Desktop/manuscript_Mpro/naturecomm/supplementary_file_S2/6-chemical-library/molecular_docking/PDBQT/7cam_A_287_chainA/docking_287_chainA_out.pdbqt	/home/anacleto/Desktop/manuscript_Mpro/naturecomm/supplementary_file_S2/6-chemical-library/molecular_docking/PDBQT/7cam_B_287_chainB/docking_287_chainB_out.pdbqt	/home/anacleto/Desktop/manuscript_Mpro/naturecomm/supplementary_file_S2/6-chemical-library/molecular_docking/combined_complexes/7cam_287_combined/7cam_287_combined_pose_1.pdb
n1cocc1C(=O)Nc2ccc(cc2)N3CCCS3(=O)=O	2870	1					
c1ncccc1CNC(=O)c2cnc(s2)N3CCOCC3	2871	1					
c1ncccc1CNc2ccc(cc2)N3CCCS3(=O)=O	2872	1					
c1ccccc1NC(=O)c(n2)scc2CN3CCOCC3	2873	1					
c1ccccc1-c2c(cccc2)S(=O)(=O)N3CCNCC3	2874	1					
s1cccc1CNC(=O)C2CNCCN2c3ccccc3	2875	1					
c1ccccc1CCC(C2=O)NC(=O)N2Cc3cscn3	2876	1					
O1CCCCC1COC(OC2)CCC2OC3CCCCO3	2877	1					
c1ccccc1CS(=O)(=O)c2cnc(o2)-c3ccccc3	2878	1					
c1ccccc1S(=O)(=O)Cc2ccn(n2)-c3ccccc3	2879	1					
C12C(O2)C(=O)C=CC1=O	288	1	-3.671	-3.451	/home/anacleto/Desktop/manuscript_Mpro/naturecomm/supplementary_file_S2/6-chemical-library/molecular_docking/PDBQT/7cam_A_288_chainA/docking_288_chainA_out.pdbqt	/home/anacleto/Desktop/manuscript_Mpro/naturecomm/supplementary_file_S2/6-chemical-library/molecular_docking/PDBQT/7cam_B_288_chainB/docking_288_chainB_out.pdbqt	/home/anacleto/Desktop/manuscript_Mpro/naturecomm/supplementary_file_S2/6-chemical-library/molecular_docking/combined_complexes/7cam_288_combined/7cam_288_combined_pose_1.pdb
c1ccccc1NC(=S)Nc(cccc2)c2-c3nnn[nH]3	2880	1					
c1ncccc1NC(=O)Cc2c(ncs2)-c3ccccc3	2881	1					
[nH]1cccc1C(=O)N2CCCC2CNC(=O)C3CCCC3	2882	1					
n1cocc1C(=O)NCc2cnc(nc2)N3CCOCC3	2883	1					
C1CCCCN1C(=O)Cn(c(=O)on2)c2-c3cnccn3	2884	1					
C1CCCN1C(=O)C2CCC(O2)CNCc3ccccc3	2885	1					
C1CCCCC1CCNc2cc(ccc2)OC(N3)CC3=O	2886	1					
n1cocc1C(=O)NCc2cnc(nc2)N3CCNCC3	2887	1					
c1ccccc1NCC2CCC(CC2)N(CC3=O)CCN3	2888	1					
O=C1CCCC(N1)C(=O)N2CCN(CC2)c3ccccc3	2889	1					
n1cnn(c12)CCCC2	289	1	-3.536	-3.592	/home/anacleto/Desktop/manuscript_Mpro/naturecomm/supplementary_file_S2/6-chemical-library/molecular_docking/PDBQT/7cam_A_289_chainA/docking_289_chainA_out.pdbqt	/home/anacleto/Desktop/manuscript_Mpro/naturecomm/supplementary_file_S2/6-chemical-library/molecular_docking/PDBQT/7cam_B_289_chainB/docking_289_chainB_out.pdbqt	/home/anacleto/Desktop/manuscript_Mpro/naturecomm/supplementary_file_S2/6-chemical-library/molecular_docking/combined_complexes/7cam_289_combined/7cam_289_combined_pose_1.pdb
C1CCCCN1C(=O)c2cc(ccc2)N(C3=O)CCCN3	2890	1					
n1nccn1CC(=O)Nc2ccc(cc2)N3CCOCC3	2891	1					
C1OCC(C1=O)n(nn2)cc2C(=O)NCc3cccnc3	2892	1					
C1CCCCN1C(=O)c2cc(ccc2)CN3CCCC3=O	2893	1					
n1cocc1C(=O)Nc2ccc(cc2)NC(=O)NC3CC3	2894	1					
n1cocc1C(=O)Nc2ccc(cc2)N(C3=O)CCCN3	2895	1					
n1[nH]cnc1Cn(c(=O)[nH]2)c(=O)[nH]c2=Nc3ccccc3	2896	1					
c1ccccc1CC(=O)N(C2)CCCC2Cn3ccnn3	2897	1					
C1C=CNC=C1C(=O)OC2CCN(C2)Cc3ccccc3	2898	1					
n1c[nH]c(=O)cc1C(=O)N2CCN(CC2)c3ccccc3	2899	1					
O=C1NCCCN1	29	1	-3.402	-3.386	/home/anacleto/Desktop/manuscript_Mpro/naturecomm/supplementary_file_S2/6-chemical-library/molecular_docking/PDBQT/7cam_A_29_chainA/docking_29_chainA_out.pdbqt	/home/anacleto/Desktop/manuscript_Mpro/naturecomm/supplementary_file_S2/6-chemical-library/molecular_docking/PDBQT/7cam_B_29_chainB/docking_29_chainB_out.pdbqt	/home/anacleto/Desktop/manuscript_Mpro/naturecomm/supplementary_file_S2/6-chemical-library/molecular_docking/combined_complexes/7cam_29_combined/7cam_29_combined_pose_1.pdb
n1ccn(c12)CCNC2	290	1	-3.654	-3.584	/home/anacleto/Desktop/manuscript_Mpro/naturecomm/supplementary_file_S2/6-chemical-library/molecular_docking/PDBQT/7cam_A_290_chainA/docking_290_chainA_out.pdbqt	/home/anacleto/Desktop/manuscript_Mpro/naturecomm/supplementary_file_S2/6-chemical-library/molecular_docking/PDBQT/7cam_B_290_chainB/docking_290_chainB_out.pdbqt	/home/anacleto/Desktop/manuscript_Mpro/naturecomm/supplementary_file_S2/6-chemical-library/molecular_docking/combined_complexes/7cam_290_combined/7cam_290_combined_pose_1.pdb
c1ccccc1NC(=O)c2ccnc(n2)N3CCOCC3	2900	1					
c1ncccc1NC(=O)Cc2cc(ccc2)OC3COC3	2901	1					
n1c[nH]cc1CC(=O)N(C2)CCCC2Cc3ccccc3	2902	1					
C1CCCN1C(=O)Nc2cc(ccc2)Nc3ncccn3	2903	1					
c1c[nH]c(=O)cc1C(=O)N2CCN(CC2)c3ccccc3	2904	1					
[nH]1ccc(=O)cc1C(=O)N2CCN(CC2)c3ccccc3	2905	1					
[nH]1c(=O)cccc1C(=O)N2CCN(CC2)c3ccccc3	2906	1					
c1ncccc1CNc2ccc(cc2)N(C3=O)CCCN3	2907	1					
C1CC1NC(=O)Nc2ccc(cc2)NCc3cccnc3	2908	1					
N1C(=O)NC(C1=O)Cc2cc(ccc2)Oc3ccccc3	2909	1					
n1c[nH]c(c12)CNCC2	291	1	-3.914	-4.083	/home/anacleto/Desktop/manuscript_Mpro/naturecomm/supplementary_file_S2/6-chemical-library/molecular_docking/PDBQT/7cam_A_291_chainA/docking_291_chainA_out.pdbqt	/home/anacleto/Desktop/manuscript_Mpro/naturecomm/supplementary_file_S2/6-chemical-library/molecular_docking/PDBQT/7cam_B_291_chainB/docking_291_chainB_out.pdbqt	/home/anacleto/Desktop/manuscript_Mpro/naturecomm/supplementary_file_S2/6-chemical-library/molecular_docking/combined_complexes/7cam_291_combined/7cam_291_combined_pose_1.pdb
c1ncncc1CC(=O)N2CCCCC2c3ccccc3	2910	1					
c1ccccc1NC(=O)C2CNCCN2c3ccccc3	2911	1					
c1ccccc1CCC(C2=O)NC(=O)N2c3cccnc3	2912	1					
[nH]1cncc1C(=O)Nc2cc(ccc2)Oc3cccnn3	2913	1					
c1ncccc1CC(=O)N(CC2)CCC2c3ccccc3	2914	1					
c1ccccc1CNc2ccc(cc2)N3CCCCC3=O	2915	1					
C1CCCCN1C(=O)c2c(cccc2)Nc3ccccc3	2916	1					
c1ccccc1CCc2ccc(cc2)N3CCCCC3=O	2917	1					
n1nccn1CC(=O)Nc(cn2)ccc2-c3ccccc3	2918	1					
n1nccn1CC(=O)Nc(cc2)ccc2-c3ccccn3	2919	1					
n1c[nH]c(c12)CCNC2	292	1	-4.002	-3.886	/home/anacleto/Desktop/manuscript_Mpro/naturecomm/supplementary_file_S2/6-chemical-library/molecular_docking/PDBQT/7cam_A_292_chainA/docking_292_chainA_out.pdbqt	/home/anacleto/Desktop/manuscript_Mpro/naturecomm/supplementary_file_S2/6-chemical-library/molecular_docking/PDBQT/7cam_B_292_chainB/docking_292_chainB_out.pdbqt	/home/anacleto/Desktop/manuscript_Mpro/naturecomm/supplementary_file_S2/6-chemical-library/molecular_docking/combined_complexes/7cam_292_combined/7cam_292_combined_pose_1.pdb
c1ncncc1CC(=O)Nc(cc2)ccc2-c3cn[nH]c3	2920	1					
c1ncccc1CN(C2=O)C(=O)C=C2Nc3ccccc3	2921	1					
o1cccc1C(=O)Nc2ccc(cc2)Oc3ccccc3	2922	1					
n1nccn1CC(=O)Nc(cc2)ccc2-c3ccccc3	2923	1					
c1ncccc1NC(=O)Cc2cc(ccc2)-c3ncc[nH]3	2924	1					
c1ncccc1NC(=O)Cc2cc(ccc2)-c3cn[nH]c3	2925	1					
c1ncccc1NC(=O)Cc2cc(ccc2)-c3cc[nH]n3	2926	1					
c1ncccc1CNc2cc(ccc2)Oc3cccnn3	2927	1					
c1ncccc1CC(=O)Nc(cc2)ccc2-c3cn[nH]c3	2928	1					
c1ccccc1CC(=O)Nc2cncn2-c3ccccc3	2929	1					
c1cnn(c12)CCNC2	293	1	-3.504	-3.652	/home/anacleto/Desktop/manuscript_Mpro/naturecomm/supplementary_file_S2/6-chemical-library/molecular_docking/PDBQT/7cam_A_293_chainA/docking_293_chainA_out.pdbqt	/home/anacleto/Desktop/manuscript_Mpro/naturecomm/supplementary_file_S2/6-chemical-library/molecular_docking/PDBQT/7cam_B_293_chainB/docking_293_chainB_out.pdbqt	/home/anacleto/Desktop/manuscript_Mpro/naturecomm/supplementary_file_S2/6-chemical-library/molecular_docking/combined_complexes/7cam_293_combined/7cam_293_combined_pose_1.pdb
o1cccc1C(=O)Nc(cc2)ccc2Cc3ccccc3	2930	1					
c1ncccc1CNc2ccc(cc2)Oc3ccccc3	2931	1					
c1ccccc1CNc(cc2)ccc2-c3c(=O)[nH]ccc3	2932	1					
c1ccccc1Cc2ccc(cc2)NCc3cccnc3	2933	1					
c1ncccc1NC(=O)c2c(cccc2)-c3ccccc3	2934	1					
s1ccnc1N2CCN(CC2)S(=O)(=O)c3ccccc3	2935	1					
c1sccc1CNc2ccc(cc2)NS(=O)(=O)C3CC3	2936	1					
c1ccccc1-c2c(scc2)S(=O)(=O)N3CCNCC3	2937	1					
s1cccc1NC(=O)Cc2csc(n2)-c3ccccc3	2938	1					
n1cscc1CC(=O)Nc(s2)ccc2-c3ccccc3	2939	1					
c1cnn(c12)CCCN2	294	1	-3.824	-3.766	/home/anacleto/Desktop/manuscript_Mpro/naturecomm/supplementary_file_S2/6-chemical-library/molecular_docking/PDBQT/7cam_A_294_chainA/docking_294_chainA_out.pdbqt	/home/anacleto/Desktop/manuscript_Mpro/naturecomm/supplementary_file_S2/6-chemical-library/molecular_docking/PDBQT/7cam_B_294_chainB/docking_294_chainB_out.pdbqt	/home/anacleto/Desktop/manuscript_Mpro/naturecomm/supplementary_file_S2/6-chemical-library/molecular_docking/combined_complexes/7cam_294_combined/7cam_294_combined_pose_1.pdb
n1cccnc1SC(=O)c2ccc(s2)-c3ccccc3	2940	1					
c1ccccc1C=C2C(=O)N(C(=S)S2)c3ccccc3	2941	1					
s1cncc1C(=O)N(C2)CCCC2N3CCCCC3=O	2942	1					
c1ncccc1CNC(=O)c2cnc(s2)C3CCOC3	2943	1					
c1ccccc1NC(=O)c2cnc(s2)N3CCOCC3	2944	1					
c1ncccc1CNC(=O)c2cnc(s2)-c3nnc[nH]3	2945	1					
c1ccccc1S(=O)(=O)c2coc(n2)-c3ccccc3	2946	1					
c1ccccc1Cn(c2=O)c(=O)sn2-c3ccccc3	2947	1					
c1sccc1CNc(cc2)ccc2-c3c(=O)[nH]ccc3	2948	1					
n1cccnc1SC(=O)c2ccc(o2)-c3ccccc3	2949	1					
[nH]1ncc(c12)CNC2=O	295	1	-3.919	-3.97	/home/anacleto/Desktop/manuscript_Mpro/naturecomm/supplementary_file_S2/6-chemical-library/molecular_docking/PDBQT/7cam_A_295_chainA/docking_295_chainA_out.pdbqt	/home/anacleto/Desktop/manuscript_Mpro/naturecomm/supplementary_file_S2/6-chemical-library/molecular_docking/PDBQT/7cam_B_295_chainB/docking_295_chainB_out.pdbqt	/home/anacleto/Desktop/manuscript_Mpro/naturecomm/supplementary_file_S2/6-chemical-library/molecular_docking/combined_complexes/7cam_295_combined/7cam_295_combined_pose_1.pdb
C1CCCCC1CC(C2=O)NC(=O)N2C(C3=O)CCN3	2950	1					
n1occc1CN2C(=O)NC(C2=O)C3CCCCCC3	2951	1					
[nH]1cncc1C(=O)N(C2)CCCC2N3CCCCC3=O	2952	1					
C1OCCCC1CC(C2=O)NC(=O)N2c3cccnc3	2953	1					
N1CCNCC1C(=O)N2CCN(CC2)c3ccccc3	2954	1					
c1nccn1CC(=O)N2CCCCC2Cc3c[nH]nn3	2955	1					
O=C1NC(CN1)C(=O)N2CCN(CC2)c3ccccc3	2956	1					
n1cocc1C(=O)Nc2ccc(cc2)OC3CCOC3	2957	1					
C1CCCCN1C(=O)c2c(cccc2)N3CCNCC3	2958	1					
c1ccccc1CNC(=O)CN(C2=O)CCN2C3CC3	2959	1					
n1ccn(c12)CCCC2	296	1	-3.626	-3.534	/home/anacleto/Desktop/manuscript_Mpro/naturecomm/supplementary_file_S2/6-chemical-library/molecular_docking/PDBQT/7cam_A_296_chainA/docking_296_chainA_out.pdbqt	/home/anacleto/Desktop/manuscript_Mpro/naturecomm/supplementary_file_S2/6-chemical-library/molecular_docking/PDBQT/7cam_B_296_chainB/docking_296_chainB_out.pdbqt	/home/anacleto/Desktop/manuscript_Mpro/naturecomm/supplementary_file_S2/6-chemical-library/molecular_docking/combined_complexes/7cam_296_combined/7cam_296_combined_pose_1.pdb
O=C1CC(CN1)C(=O)N2CCN(CC2)c3ccccc3	2960	1					
C1CCCCC1CC(C2=O)NC(=O)N2c3cccnc3	2961	1					
c1ncccc1CNC(=O)c2cn(nn2)C3CCOC3	2962	1					
[nH]1cncc1C(=O)Nc2ccc(cc2)OC3CCOC3	2963	1					
c1ccccc1NC(=O)c2cn(nn2)C(C3=O)COC3	2964	1					
n1c[nH]cc1CC(=O)N(CCO2)CC2c3ccccc3	2965	1					
C1CNCCC1OC(=O)c2c(n[nH]c2)-c3ccccc3	2966	1					
n1occc1CN2C(=O)NC(C2=O)Cc3ccccc3	2967	1					
n1cocc1C(=O)Nc2ccc(cc2)N3CCCC3=O	2968	1					
n1cocc1C(=O)Nc(cc2)ccc2C(N3)CCC3=O	2969	1					
c1cnn(c12)CCCC2	297	1	-3.587	-3.733	/home/anacleto/Desktop/manuscript_Mpro/naturecomm/supplementary_file_S2/6-chemical-library/molecular_docking/PDBQT/7cam_A_297_chainA/docking_297_chainA_out.pdbqt	/home/anacleto/Desktop/manuscript_Mpro/naturecomm/supplementary_file_S2/6-chemical-library/molecular_docking/PDBQT/7cam_B_297_chainB/docking_297_chainB_out.pdbqt	/home/anacleto/Desktop/manuscript_Mpro/naturecomm/supplementary_file_S2/6-chemical-library/molecular_docking/combined_complexes/7cam_297_combined/7cam_297_combined_pose_1.pdb
c1ccccc1NCc2cnc(nc2)N3CCOCC3	2970	1					
C1CCCCC1NC(=O)c2c(n[nH]c2)-c3cccnc3	2971	1					
C1CCCC1CNC(=O)c2c(n[nH]c2)-c3cccnc3	2972	1					
o1nccc1C(=O)Nc(cc2)ccc2C3CCCCC3	2973	1					
o1cccc1C(=O)Nc2ccc(cc2)N3CCCCC3	2974	1					
o1cccc1C(=O)NC2CCN(CC2)c3ccccc3	2975	1					
c1ncccc1CNc2ccc(cc2)OC3CCOC3	2976	1					
C1NCCC1OC(=O)C2=CNC=CC2c3ccccc3	2977	1					
n1[nH]ccc1CN2C(=O)N(CC2=O)Cc3ccccc3	2978	1					
c1ccccc1CNC(=O)C(C2)ON=C2c3cn[nH]c3	2979	1					
c1ccn(c12)CCNC2	298	1	-3.546	-3.689	/home/anacleto/Desktop/manuscript_Mpro/naturecomm/supplementary_file_S2/6-chemical-library/molecular_docking/PDBQT/7cam_A_298_chainA/docking_298_chainA_out.pdbqt	/home/anacleto/Desktop/manuscript_Mpro/naturecomm/supplementary_file_S2/6-chemical-library/molecular_docking/PDBQT/7cam_B_298_chainB/docking_298_chainB_out.pdbqt	/home/anacleto/Desktop/manuscript_Mpro/naturecomm/supplementary_file_S2/6-chemical-library/molecular_docking/combined_complexes/7cam_298_combined/7cam_298_combined_pose_1.pdb
c1ncccc1CNC(=O)c2ncn(n2)-c3nnc[nH]3	2980	1					
n1cocc1C(=O)Nc2ccc(cc2)-n(c3=O)cc[nH]3	2981	1					
c1ccccc1NCc2cnc(nc2)N3CCNCC3	2982	1					
C1CCCC1CNC(=O)c2cnn(c2)-c3ccccc3	2983	1					
o1cccc1C(=O)Nc(cc2)ccc2C3CCCCC3	2984	1					
o1cccc1C(=O)NC(CCC2)CC2c3ccccc3	2985	1					
n1nccn1CC(=O)Nc2ccc(cc2)-n3cnnc3	2986	1					
c1ncccc1CNC(=O)c2cc(no2)-c3cn[nH]c3	2987	1					
O=C1CN(C(=O)N1)N=Cc2ccc(o2)-c3ccccc3	2988	1					
c1ccccc1CNc2ccc(cc2)N3CCOCC3	2989	1					
O1COc(c12)cccc2	299	1	-3.78	-3.643	/home/anacleto/Desktop/manuscript_Mpro/naturecomm/supplementary_file_S2/6-chemical-library/molecular_docking/PDBQT/7cam_A_299_chainA/docking_299_chainA_out.pdbqt	/home/anacleto/Desktop/manuscript_Mpro/naturecomm/supplementary_file_S2/6-chemical-library/molecular_docking/PDBQT/7cam_B_299_chainB/docking_299_chainB_out.pdbqt	/home/anacleto/Desktop/manuscript_Mpro/naturecomm/supplementary_file_S2/6-chemical-library/molecular_docking/combined_complexes/7cam_299_combined/7cam_299_combined_pose_1.pdb
n1ccncc1C(=O)N2CCN(CC2)c3ccccc3	2990	1					
c1ncncc1C(=O)N2CCN(CC2)c3ccccc3	2991	1					
c1ncccc1NC(=O)Cc2cc(ccc2)C3COC3	2992	1					
n1cncn1CC(=O)Nc2c(cccc2)-n3cccn3	2993	1					
c1nncn1-c([nH]nc2)c2C(=O)NCc3ccccc3	2994	1					
n1cocc1C(=O)Nc2cn(cn2)Cc3ccccc3	2995	1					
n1cocc1C(=O)Nc(cc2)ccc2Cn3cccn3	2996	1					
c1ncccc1CCc2nc(no2)C(C3=O)C=CC=N3	2997	1					
n1ccccc1CNc(cc2)ccc2C3CCNCC3	2998	1					
c1ncccc1CNc2ccc(cc2)N3CCCCC3	2999	1					
O=S1(=O)CC(=C)C(=O)C(=C)C1	3	1	-4.116	-3.799	/home/anacleto/Desktop/manuscript_Mpro/naturecomm/supplementary_file_S2/6-chemical-library/molecular_docking/PDBQT/7cam_A_3_chainA/docking_3_chainA_out.pdbqt	/home/anacleto/Desktop/manuscript_Mpro/naturecomm/supplementary_file_S2/6-chemical-library/molecular_docking/PDBQT/7cam_B_3_chainB/docking_3_chainB_out.pdbqt	/home/anacleto/Desktop/manuscript_Mpro/naturecomm/supplementary_file_S2/6-chemical-library/molecular_docking/combined_complexes/7cam_3_combined/7cam_3_combined_pose_1.pdb
O=C1CNCCN1	30	1	-3.555	-3.211	/home/anacleto/Desktop/manuscript_Mpro/naturecomm/supplementary_file_S2/6-chemical-library/molecular_docking/PDBQT/7cam_A_30_chainA/docking_30_chainA_out.pdbqt	/home/anacleto/Desktop/manuscript_Mpro/naturecomm/supplementary_file_S2/6-chemical-library/molecular_docking/PDBQT/7cam_B_30_chainB/docking_30_chainB_out.pdbqt	/home/anacleto/Desktop/manuscript_Mpro/naturecomm/supplementary_file_S2/6-chemical-library/molecular_docking/combined_complexes/7cam_30_combined/7cam_30_combined_pose_1.pdb
n1nnn(c12)nccc2	300	1	-3.625	-3.502	/home/anacleto/Desktop/manuscript_Mpro/naturecomm/supplementary_file_S2/6-chemical-library/molecular_docking/PDBQT/7cam_A_300_chainA/docking_300_chainA_out.pdbqt	/home/anacleto/Desktop/manuscript_Mpro/naturecomm/supplementary_file_S2/6-chemical-library/molecular_docking/PDBQT/7cam_B_300_chainB/docking_300_chainB_out.pdbqt	/home/anacleto/Desktop/manuscript_Mpro/naturecomm/supplementary_file_S2/6-chemical-library/molecular_docking/combined_complexes/7cam_300_combined/7cam_300_combined_pose_1.pdb
c1ncccc1CNC2CCN(CC2)c3ccccc3	3000	1					
c1ccccc1Nc2ccc(cc2)NC3CCNCC3	3001	1					
c1ccccc1CCc2ccc(cc2)N3CCOCC3	3002	1					
n1ccccc1C(=O)N2CCN(CC2)c3ccccc3	3003	1					
c1ncccc1NC(=O)NCC2C(C2)c3ccccc3	3004	1					
c1ncccc1NC(=O)N2CCC2Cc3ccccc3	3005	1					
c1ncccc1NC(=O)N(C2)CCC2c3ccccc3	3006	1					
c1ncccc1NC(=O)Cc2cc(ccc2)NC3CC3	3007	1					
c1ncccc1CNc2ccc(cc2)N3CCCC3=O	3008	1					
c1ncccc1CNc(cc2)ccc2C(N3)CCC3=O	3009	1					
n1n[nH]c(c12)ncnc2	301	1	-3.825	-3.624	/home/anacleto/Desktop/manuscript_Mpro/naturecomm/supplementary_file_S2/6-chemical-library/molecular_docking/PDBQT/7cam_A_301_chainA/docking_301_chainA_out.pdbqt	/home/anacleto/Desktop/manuscript_Mpro/naturecomm/supplementary_file_S2/6-chemical-library/molecular_docking/PDBQT/7cam_B_301_chainB/docking_301_chainB_out.pdbqt	/home/anacleto/Desktop/manuscript_Mpro/naturecomm/supplementary_file_S2/6-chemical-library/molecular_docking/combined_complexes/7cam_301_combined/7cam_301_combined_pose_1.pdb
c1ncccc1C(=O)N2CCN(CC2)c3ccccc3	3010	1					
c1cnccc1C(=O)N2CCN(CC2)c3ccccc3	3011	1					
c1ccccc1C(=O)c2c(cccc2)N3CCOCC3	3012	1					
[nH]1cncc1C(=O)Nc(cc2)ccc2Cn3cccn3	3013	1					
c1ccccc1CN(CC2=O)C(=O)N2c3cccnc3	3014	1					
c1ccccc1CC(C2=O)NC(=O)N2c3cccnc3	3015	1					
c1ncccc1CNc(cc2)ccc2C3CCCCC3	3016	1					
c1ncccc1CNC(CCC2)CC2c3ccccc3	3017	1					
c1ccccc1CNc2ccc(cc2)N3CCCCC3	3018	1					
c1ccccc1NC(=O)CNc(cc2)ccc2C3CC3	3019	1					
C1COc(c12)cccc2	302	1	-4.028	-3.885	/home/anacleto/Desktop/manuscript_Mpro/naturecomm/supplementary_file_S2/6-chemical-library/molecular_docking/PDBQT/7cam_A_302_chainA/docking_302_chainA_out.pdbqt	/home/anacleto/Desktop/manuscript_Mpro/naturecomm/supplementary_file_S2/6-chemical-library/molecular_docking/PDBQT/7cam_B_302_chainB/docking_302_chainB_out.pdbqt	/home/anacleto/Desktop/manuscript_Mpro/naturecomm/supplementary_file_S2/6-chemical-library/molecular_docking/combined_complexes/7cam_302_combined/7cam_302_combined_pose_1.pdb
c1ccccc1C(=O)N2CCN(CC2)c3ccccc3	3020	1					
C1CCCCN1C(=O)c2cc(ccc2)-c3ccccn3	3021	1					
C1CC1NC(=O)CNc(cc2)ccc2-c3ccccc3	3022	1					
c1ncccc1CNc2ccc(cc2)-n(c3=O)cc[nH]3	3023	1					
c1ccccc1NC(=O)c2c(noc2)-c3cccnc3	3024	1					
c1ncccc1CNc2cn(cn2)Cc3ccccc3	3025	1					
c1ncccc1CNc(cc2)ccc2Cn3cccn3	3026	1					
c1ccccc1N(N=C2)C(=O)C2=NNc3ccccc3	3027	1					
c1ccccc1C(=O)Nc(cc2)ccc2-c3nnc[nH]3	3028	1					
C1=NNC(=O)C1=NNc(ccc2)cc2-c3ccccc3	3029	1					
n1nnn(c12)cccc2	303	1	-3.667	-3.603	/home/anacleto/Desktop/manuscript_Mpro/naturecomm/supplementary_file_S2/6-chemical-library/molecular_docking/PDBQT/7cam_A_303_chainA/docking_303_chainA_out.pdbqt	/home/anacleto/Desktop/manuscript_Mpro/naturecomm/supplementary_file_S2/6-chemical-library/molecular_docking/PDBQT/7cam_B_303_chainB/docking_303_chainB_out.pdbqt	/home/anacleto/Desktop/manuscript_Mpro/naturecomm/supplementary_file_S2/6-chemical-library/molecular_docking/combined_complexes/7cam_303_combined/7cam_303_combined_pose_1.pdb
o1nccc1C(=O)Nc(cc2)ccc2-c3ccccc3	3030	1					
o1cncc1C(=O)Nc(cc2)ccc2-c3ccccc3	3031	1					
o1cccc1C(=O)Nc(cc2)ccc2-c3ccccn3	3032	1					
c1ncccc1CN(C2=O)C(=O)C=C2c3ccccc3	3033	1					
c1ccccc1C2=C(C(=O)NC2=O)Nc3ccccc3	3034	1					
c1ccccc1OCCn2cccc2-c3ccccc3	3035	1					
n1c[nH]cc1C(=O)Nc(cc2)ccc2-c3ccccc3	3036	1					
o1cccc1C(=O)Nc(cc2)ccc2-c3ccccc3	3037	1					
c1ccccc1C(=O)C2CCC=CC2c3ccccc3	3038	1					
c1ccccc1C(=O)C2C(CC=CC2)c3ccccc3	3039	1					
n1ncn(c12)nccc2	304	1	-3.613	-3.531	/home/anacleto/Desktop/manuscript_Mpro/naturecomm/supplementary_file_S2/6-chemical-library/molecular_docking/PDBQT/7cam_A_304_chainA/docking_304_chainA_out.pdbqt	/home/anacleto/Desktop/manuscript_Mpro/naturecomm/supplementary_file_S2/6-chemical-library/molecular_docking/PDBQT/7cam_B_304_chainB/docking_304_chainB_out.pdbqt	/home/anacleto/Desktop/manuscript_Mpro/naturecomm/supplementary_file_S2/6-chemical-library/molecular_docking/combined_complexes/7cam_304_combined/7cam_304_combined_pose_1.pdb
n1ccccc1CNc2cnc(nc2)-c3ccccc3	3040	1					
O=c1ccncn1Cc2ccc(cc2)-c3ccccc3	3041	1					
n1ccncc1CNc(cc2)ccc2-c3ccccc3	3042	1					
c1ncccc1CNc(cc2)ccc2-c3cccnc3	3043	1					
c1ncccc1CNc(cc2)ccc2-c3ccccn3	3044	1					
c1ncccc1CNc(cc2)ccc2-c3ccccc3	3045	1					
c1ccccc1CNc(cc2)ccc2-c3cccnc3	3046	1					
s1cccc1C(=O)c2c([nH+]on2)C(=O)c3cccs3	3047	1					
s1cnnc1SC(=O)c2ccc(o2)-c3ccccc3	3048	1					
s1cnnc1SC(=O)c2ccc([nH]2)-c3ccccc3	3049	1					
n1ncn(c12)cncc2	305	1	-3.524	-3.366	/home/anacleto/Desktop/manuscript_Mpro/naturecomm/supplementary_file_S2/6-chemical-library/molecular_docking/PDBQT/7cam_A_305_chainA/docking_305_chainA_out.pdbqt	/home/anacleto/Desktop/manuscript_Mpro/naturecomm/supplementary_file_S2/6-chemical-library/molecular_docking/PDBQT/7cam_B_305_chainB/docking_305_chainB_out.pdbqt	/home/anacleto/Desktop/manuscript_Mpro/naturecomm/supplementary_file_S2/6-chemical-library/molecular_docking/combined_complexes/7cam_305_combined/7cam_305_combined_pose_1.pdb
c1sccc1CNc2ccc(cc2)N3CCOCC3	3050	1					
c1ccccc1NC(=O)c2cnc(s2)C3CCOC3	3051	1					
c1ccccc1C(S2(=O)=O)CCN2c3cccnc3	3052	1					
s1cnnc1CN2C(=O)NC(C2=O)c3ccccc3	3053	1					
[nH]1cnnc1SC(C2=O)CC(=O)N2c3ccccc3	3054	1					
c1ccccc1Cc(s2)ncc2CN3CCNCC3	3055	1					
s1nccc1C(=O)N2CCN(CC2)c3ccccc3	3056	1					
s1ccnc1CN2C(=O)NC(C2=O)c3ccccc3	3057	1					
s1cccc1CC(C2=O)NC(=O)N2c3cccnc3	3058	1					
n1cscc1CN2C(=O)NC(C2=O)c3ccccc3	3059	1					
n1n[nH]c(c12)nccc2	306	1	-4.012	-3.995	/home/anacleto/Desktop/manuscript_Mpro/naturecomm/supplementary_file_S2/6-chemical-library/molecular_docking/PDBQT/7cam_A_306_chainA/docking_306_chainA_out.pdbqt	/home/anacleto/Desktop/manuscript_Mpro/naturecomm/supplementary_file_S2/6-chemical-library/molecular_docking/PDBQT/7cam_B_306_chainB/docking_306_chainB_out.pdbqt	/home/anacleto/Desktop/manuscript_Mpro/naturecomm/supplementary_file_S2/6-chemical-library/molecular_docking/combined_complexes/7cam_306_combined/7cam_306_combined_pose_1.pdb
c1sccc1CNc2ccc(cc2)N3CCCCC3	3060	1					
C1CC1NC(=O)c2ccc(cc2)NCc3ccsc3	3061	1					
C1CC1C(=O)Nc2ccc(cc2)NCc3ccsc3	3062	1					
[nH]1cncc1Cc2nc(on2)CSc3ccccc3	3063	1					
c1ccccc1NC(=O)c2cnc(s2)-c3nnc[nH]3	3064	1					
o1cccc1C=C2C(=O)N=C(S2)Nc3ccccc3	3065	1					
s1cccc1-c(n[nH]c2)c2CNCc3ccccc3	3066	1					
o1cccc1C=c2c(=O)n(c(s2)=C)-c3ccccc3	3067	1					
o1cccc1C(=O)Nc(cc2)ccc2-c3cccs3	3068	1					
n1cscc1CNc(cn2)ccc2-c3ccccc3	3069	1					
n1n[nH]c(c12)ccnc2	307	1	-3.805	-3.949	/home/anacleto/Desktop/manuscript_Mpro/naturecomm/supplementary_file_S2/6-chemical-library/molecular_docking/PDBQT/7cam_A_307_chainA/docking_307_chainA_out.pdbqt	/home/anacleto/Desktop/manuscript_Mpro/naturecomm/supplementary_file_S2/6-chemical-library/molecular_docking/PDBQT/7cam_B_307_chainB/docking_307_chainB_out.pdbqt	/home/anacleto/Desktop/manuscript_Mpro/naturecomm/supplementary_file_S2/6-chemical-library/molecular_docking/combined_complexes/7cam_307_combined/7cam_307_combined_pose_1.pdb
n1cscc1CNc(cc2)ccc2-c3cccnc3	3070	1					
c1sccc1CNc(cc2)ccc2-c3ccncc3	3071	1					
c1sccc1CNc(cc2)ccc2-c3cccnc3	3072	1					
c1sccc1CNc(cc2)ccc2-c3ccccn3	3073	1					
c1ncccc1CNc(cc2)ccc2-c3cccs3	3074	1					
c1sccc1CNc(cc2)ccc2-c3ccccc3	3075	1					
n1nccn1Cc2nc(on2)CN3CCCCC3=O	3076	1					
C1OCCC1CC(C2=O)NC(=O)N2c3cccnc3	3077	1					
C1OCCC1CNc(cc2)ccc2C3CCNCC3	3078	1					
C1CC1c2c(cncc2)NC(=O)CN3CCNCC3	3079	1					
n1cnn(c12)cccn2	308	1	-3.487	-3.354	/home/anacleto/Desktop/manuscript_Mpro/naturecomm/supplementary_file_S2/6-chemical-library/molecular_docking/PDBQT/7cam_A_308_chainA/docking_308_chainA_out.pdbqt	/home/anacleto/Desktop/manuscript_Mpro/naturecomm/supplementary_file_S2/6-chemical-library/molecular_docking/PDBQT/7cam_B_308_chainB/docking_308_chainB_out.pdbqt	/home/anacleto/Desktop/manuscript_Mpro/naturecomm/supplementary_file_S2/6-chemical-library/molecular_docking/combined_complexes/7cam_308_combined/7cam_308_combined_pose_1.pdb
o1nccc1CNc(n2)nccc2N3CCNCC3	3080	1					
n1cocc1C(=O)Nc(cc2)ccc2C3OCCO3	3081	1					
N1CCCC1C(=O)N2CCN(CC2)c3ccccc3	3082	1					
C1CCCCN1C(=O)c2ccc(nc2)N3CCCC3	3083	1					
C1CCCCC1C(C2=O)NC(=O)N2c3cccnc3	3084	1					
C1OCC1c(on2)cc2C(=O)NCc3cccnc3	3085	1					
c1ccccc1C(=O)N(CC2)CCC2C3CCNC3	3086	1					
c1ccccc1OCc2nnc(o2)C3CCCCC3	3087	1					
c1ccccc1NC(=O)c2cn(nn2)C3CCOC3	3088	1					
n1cocc1C(=O)NC2CC(C2)Oc3ccccc3	3089	1					
n1cnc(c12)nc[nH]c2	309	1	-3.602	-3.559	/home/anacleto/Desktop/manuscript_Mpro/naturecomm/supplementary_file_S2/6-chemical-library/molecular_docking/PDBQT/7cam_A_309_chainA/docking_309_chainA_out.pdbqt	/home/anacleto/Desktop/manuscript_Mpro/naturecomm/supplementary_file_S2/6-chemical-library/molecular_docking/PDBQT/7cam_B_309_chainB/docking_309_chainB_out.pdbqt	/home/anacleto/Desktop/manuscript_Mpro/naturecomm/supplementary_file_S2/6-chemical-library/molecular_docking/combined_complexes/7cam_309_combined/7cam_309_combined_pose_1.pdb
C1COCCN1C2=CC(=O)N(C2=O)c3ccccc3	3090	1					
[nH]1nncc1C(=O)N2CCN(CC2)c3ccccc3	3091	1					
[nH]1ncnc1C(=O)N2CCN(CC2)c3ccccc3	3092	1					
n1cocc1C(=O)NC2CCN(C2)c3ccccc3	3093	1					
C1CNCCN1C2=CC(=O)N(C2=O)c3ccccc3	3094	1					
o1nccc1CNc(n2)nccc2Nc3cc[nH]n3	3095	1					
n1occc1CN2C(=O)NC(C2=O)c3ccccc3	3096	1					
c1[nH]ncc1CNc2ccc(cc2)N3CCCCC3	3097	1					
c1occc1CN2CCN(CC2)Cc3ccccc3	3098	1					
n1[nH]ccc1C(=O)N2CCN(CC2)c3ccccc3	3099	1					
O=C1CNC(=O)N1	31	1	-3.527	-3.368	/home/anacleto/Desktop/manuscript_Mpro/naturecomm/supplementary_file_S2/6-chemical-library/molecular_docking/PDBQT/7cam_A_31_chainA/docking_31_chainA_out.pdbqt	/home/anacleto/Desktop/manuscript_Mpro/naturecomm/supplementary_file_S2/6-chemical-library/molecular_docking/PDBQT/7cam_B_31_chainB/docking_31_chainB_out.pdbqt	/home/anacleto/Desktop/manuscript_Mpro/naturecomm/supplementary_file_S2/6-chemical-library/molecular_docking/combined_complexes/7cam_31_combined/7cam_31_combined_pose_1.pdb
n1c[nH]c(c12)ncnc2	310	1	-3.846	-3.641	/home/anacleto/Desktop/manuscript_Mpro/naturecomm/supplementary_file_S2/6-chemical-library/molecular_docking/PDBQT/7cam_A_310_chainA/docking_310_chainA_out.pdbqt	/home/anacleto/Desktop/manuscript_Mpro/naturecomm/supplementary_file_S2/6-chemical-library/molecular_docking/PDBQT/7cam_B_310_chainB/docking_310_chainB_out.pdbqt	/home/anacleto/Desktop/manuscript_Mpro/naturecomm/supplementary_file_S2/6-chemical-library/molecular_docking/combined_complexes/7cam_310_combined/7cam_310_combined_pose_1.pdb
c1ncccc1C(=O)N(C2)CCCC2c3ccn[nH]3	3100	1					
c1ccccc1C(=O)N(CC2)CCC2c3nnc[nH]3	3101	1					
[nH]1cncc1C(=O)NC2CCN(C2)c3ccccc3	3102	1					
o1cccc1C(=O)N2CCN(CC2)c3ccccc3	3103	1					
c1ncccc1CNc(cc2)ccc2C3OCCO3	3104	1					
n1cocc1C(=O)Nc2ccc(cc2)-n3ncnn3	3105	1					
c1ccccc1CN2CCN(CC2)c3nccnn3	3106	1					
c1nccn1CC(=O)N2CCCC2c3ccccc3	3107	1					
[nH]1nccc1CC(=O)N2CCCC2c3ccccc3	3108	1					
[nH]1cncc1C(=O)N(CC2)CCC2c3ccccc3	3109	1					
c1n[nH]c(c12)ncnc2	311	1	-3.909	-4.025	/home/anacleto/Desktop/manuscript_Mpro/naturecomm/supplementary_file_S2/6-chemical-library/molecular_docking/PDBQT/7cam_A_311_chainA/docking_311_chainA_out.pdbqt	/home/anacleto/Desktop/manuscript_Mpro/naturecomm/supplementary_file_S2/6-chemical-library/molecular_docking/PDBQT/7cam_B_311_chainB/docking_311_chainB_out.pdbqt	/home/anacleto/Desktop/manuscript_Mpro/naturecomm/supplementary_file_S2/6-chemical-library/molecular_docking/combined_complexes/7cam_311_combined/7cam_311_combined_pose_1.pdb
o1cccc1C(=O)Nc(cc2)ccc2C3CCCC3	3110	1					
o1cccc1C(=O)NCc2c(C3CCC3)cccc2	3111	1					
c1ccccc1NC(=O)c2ncn(n2)-c3nnc[nH]3	3112	1					
n1cocc1C(=O)Nc2ccc(cc2)-n3ccnn3	3113	1					
c1ncccc1CNC2CC(C2)Oc3ccccc3	3114	1					
C1OCCC1CNc(cc2)ccc2-c3cccnc3	3115	1					
n1cocc1C(=O)Nc2cnn(c2)-c3ccccc3	3116	1					
n1cocc1C(=O)Nc2ccc(cc2)-n3ccnc3	3117	1					
c1ccccc1NC(=O)c2cc(no2)-c3cn[nH]c3	3118	1					
o1cccc1C=C2C(=O)N(NC2=O)c3ccccc3	3119	1					
n1onc(c12)cccc2	312	1	-3.722	-3.678	/home/anacleto/Desktop/manuscript_Mpro/naturecomm/supplementary_file_S2/6-chemical-library/molecular_docking/PDBQT/7cam_A_312_chainA/docking_312_chainA_out.pdbqt	/home/anacleto/Desktop/manuscript_Mpro/naturecomm/supplementary_file_S2/6-chemical-library/molecular_docking/PDBQT/7cam_B_312_chainB/docking_312_chainB_out.pdbqt	/home/anacleto/Desktop/manuscript_Mpro/naturecomm/supplementary_file_S2/6-chemical-library/molecular_docking/combined_complexes/7cam_312_combined/7cam_312_combined_pose_1.pdb
c1ncccc1CNC2CCN(C2)c3ccccc3	3120	1					
c1[nH]ncc1NC(=O)c2cnn(c2)-c3ccccc3	3121	1					
c1ccccc1C(C2=O)NC(=O)N2c3cccnc3	3122	1					
o1cccc1C(=O)Nc(cc2)ccc2-c3ccco3	3123	1					
c1ncccc1CNc(cc2)ccc2C3CCCC3	3124	1					
C1CCCC1CNc(cc2)ccc2-c3cccnc3	3125	1					
C1CCC1c(cccc2)c2CNCc3cccnc3	3126	1					
C1CC1c2c(cncc2)NC(=O)Cc3ccccc3	3127	1					
c1ncccc1CNc2ccc(cc2)-n3ncnn3	3128	1					
o1cccc1C(=O)Nc2ccc(cc2)-n3cccc3	3129	1					
c1noc(c12)nccc2	313	1	-3.634	-3.615	/home/anacleto/Desktop/manuscript_Mpro/naturecomm/supplementary_file_S2/6-chemical-library/molecular_docking/PDBQT/7cam_A_313_chainA/docking_313_chainA_out.pdbqt	/home/anacleto/Desktop/manuscript_Mpro/naturecomm/supplementary_file_S2/6-chemical-library/molecular_docking/PDBQT/7cam_B_313_chainB/docking_313_chainB_out.pdbqt	/home/anacleto/Desktop/manuscript_Mpro/naturecomm/supplementary_file_S2/6-chemical-library/molecular_docking/combined_complexes/7cam_313_combined/7cam_313_combined_pose_1.pdb
c1ccccc1N(C(=O)CC2=O)N2c3ccccc3	3130	1					
c1ccccc1C2(C(=O)NC(=O)N2)c3ccccc3	3131	1					
C1CCCN1C(=O)c2ccc(cc2)-c3ccccc3	3132	1					
n1ccccc1CNc2ccc(cc2)-n3cnnc3	3133	1					
c1ncccc1CNc2ccc(cc2)-n3ccnn3	3134	1					
c1ccccc1COc(cc2)ccc2-n3cnnc3	3135	1					
c1ccccc1OCc2cc(no2)-c3ccccc3	3136	1					
c1ncccc1CNc2cnn(c2)-c3ccccc3	3137	1					
c1ncccc1CNc2ccc(cc2)-n3ccnc3	3138	1					
c1ccccc1CNc(nc2)ccc2-c3cn[nH]c3	3139	1					
c1noc(c12)cncc2	314	1	-3.524	-3.436	/home/anacleto/Desktop/manuscript_Mpro/naturecomm/supplementary_file_S2/6-chemical-library/molecular_docking/PDBQT/7cam_A_314_chainA/docking_314_chainA_out.pdbqt	/home/anacleto/Desktop/manuscript_Mpro/naturecomm/supplementary_file_S2/6-chemical-library/molecular_docking/PDBQT/7cam_B_314_chainB/docking_314_chainB_out.pdbqt	/home/anacleto/Desktop/manuscript_Mpro/naturecomm/supplementary_file_S2/6-chemical-library/molecular_docking/combined_complexes/7cam_314_combined/7cam_314_combined_pose_1.pdb
c1ccccc1CNc(cn2)ccc2-c3cn[nH]c3	3140	1					
c1ccccc1CNc(ccc2)cc2-c3nc[nH]n3	3141	1					
c1ncccc1CNc(cc2)ccc2-c3ccco3	3142	1					
c1ccccc1C(=O)n(n2)cnc2-c3cccnc3	3143	1					
c1ncccc1CNc2ccc(cc2)-n3cccc3	3144	1					
c1ccccc1CNc(cc2)ccc2-c3cn[nH]c3	3145	1					
c1ccccc1CNc(cc2)ccc2-c3c[nH]cn3	3146	1					
c1ccccc1C(=O)n(n2)cnc2-c3ccccc3	3147	1					
c1ccccc1N(C(=O)C2=C)C(=C2)c3ccccc3	3148	1					
c1ccccc1-c2cc([nH]c(=O)c2)-c3ccccc3	3149	1					
c1noc(c12)ccnc2	315	1	-3.628	-3.383	/home/anacleto/Desktop/manuscript_Mpro/naturecomm/supplementary_file_S2/6-chemical-library/molecular_docking/PDBQT/7cam_A_315_chainA/docking_315_chainA_out.pdbqt	/home/anacleto/Desktop/manuscript_Mpro/naturecomm/supplementary_file_S2/6-chemical-library/molecular_docking/PDBQT/7cam_B_315_chainB/docking_315_chainB_out.pdbqt	/home/anacleto/Desktop/manuscript_Mpro/naturecomm/supplementary_file_S2/6-chemical-library/molecular_docking/combined_complexes/7cam_315_combined/7cam_315_combined_pose_1.pdb
N1=COC(=O)C1=Cc2ccc(s2)N3CCOCC3	3150	1					
c1ccccc1Cn(c(=S)[nH]2)cc2-c3ccno3	3151	1					
c1sccc1CNc2ccc(cc2)-n3cnnc3	3152	1					
c1sccc1CNc(cc2)ccc2-c3cn[nH]c3	3153	1					
c1sccc1CNc(cc2)ccc2-c3c[nH]cn3	3154	1					
s1cccc1C=C2C(=O)OC(=N2)c3ccccc3	3155	1					
S1C=NC(=O)C1=Cc2ccc(o2)-c3ccccc3	3156	1					
c1ccccc1-c2nc(=N)sn2-c3ccccc3	3157	1					
C1CNCCN1C(=O)c2cc(=O)[nH]c(n2)C3CC3	3158	1					
c1nccn1CC(=O)N2CCCC2c3c[nH]nn3	3159	1					
C1CNc(c12)cccc2	316	1	-4.156	-4.147	/home/anacleto/Desktop/manuscript_Mpro/naturecomm/supplementary_file_S2/6-chemical-library/molecular_docking/PDBQT/7cam_A_316_chainA/docking_316_chainA_out.pdbqt	/home/anacleto/Desktop/manuscript_Mpro/naturecomm/supplementary_file_S2/6-chemical-library/molecular_docking/PDBQT/7cam_B_316_chainB/docking_316_chainB_out.pdbqt	/home/anacleto/Desktop/manuscript_Mpro/naturecomm/supplementary_file_S2/6-chemical-library/molecular_docking/combined_complexes/7cam_316_combined/7cam_316_combined_pose_1.pdb
n1[nH]ccc1Nc2cc(ncn2)N3CCNCC3	3160	1					
C1CCCC1Cc2nc(no2)C(C3=O)C=CC=N3	3161	1					
c1ccccc1CN(CC2)CCC2C3CCNC3	3162	1					
n1cocc1C(=O)Nc(cn2)cnc2C3CCC3	3163	1					
n1cocc1C(=O)Nc(cc2)ccc2C3COC3	3164	1					
c1ccccc1NC(=O)c2cc(on2)C3COC3	3165	1					
[nH]1cncc1C(=O)Nc(cn2)cnc2C3CCC3	3166	1					
[nH]1cncc1C(=O)Nc(ccc2)cc2C3COC3	3167	1					
[nH]1cncc1C(=O)Nc(cc2)ccc2C3COC3	3168	1					
C1CC1c(o2)ncc2C(=O)NCc3cccnc3	3169	1					
C1CCc(c12)cncc2	317	1	-3.782	-3.902	/home/anacleto/Desktop/manuscript_Mpro/naturecomm/supplementary_file_S2/6-chemical-library/molecular_docking/PDBQT/7cam_A_317_chainA/docking_317_chainA_out.pdbqt	/home/anacleto/Desktop/manuscript_Mpro/naturecomm/supplementary_file_S2/6-chemical-library/molecular_docking/PDBQT/7cam_B_317_chainB/docking_317_chainB_out.pdbqt	/home/anacleto/Desktop/manuscript_Mpro/naturecomm/supplementary_file_S2/6-chemical-library/molecular_docking/combined_complexes/7cam_317_combined/7cam_317_combined_pose_1.pdb
n1cncn1CC(=O)N2CCC2c3ccccc3	3170	1					
o1cccc1C(=O)NC(C2)CC2c3ccccc3	3171	1					
c1ccccc1Cc(on2)nc2Cn3ccnn3	3172	1					
c1ncccc1CNc(cn2)cnc2C3CCC3	3173	1					
c1ncccc1CNc(ccc2)cc2C3COC3	3174	1					
c1ncccc1CNc(cc2)ccc2C3COC3	3175	1					
c1ccccc1CCc2nc(on2)-c3cn[nH]c3	3176	1					
n1ccccc1CCn2ccnc2-c3c[nH]cn3	3177	1					
c1ccccc1N(C2=O)CCN2c3cccnc3	3178	1					
c1ncccc1CNC(C2)CC2c3ccccc3	3179	1					
n1ncn(c12)cccc2	318	1	-3.666	-3.636	/home/anacleto/Desktop/manuscript_Mpro/naturecomm/supplementary_file_S2/6-chemical-library/molecular_docking/PDBQT/7cam_A_318_chainA/docking_318_chainA_out.pdbqt	/home/anacleto/Desktop/manuscript_Mpro/naturecomm/supplementary_file_S2/6-chemical-library/molecular_docking/PDBQT/7cam_B_318_chainB/docking_318_chainB_out.pdbqt	/home/anacleto/Desktop/manuscript_Mpro/naturecomm/supplementary_file_S2/6-chemical-library/molecular_docking/combined_complexes/7cam_318_combined/7cam_318_combined_pose_1.pdb
C1CCC1CNc(cc2)ccc2-c3cccnc3	3180	1					
c1ncccc1NC(=O)C2C(C2)c3ccccc3	3181	1					
c1ncccc1NC(=O)C2(CC2)c3ccccc3	3182	1					
c1ccccc1C(C2=O)CCN2c3cccnc3	3183	1					
o1cccc1C=C2C(=O)N(N=C2)c3ccccc3	3184	1					
C1=NNC(=O)C1=Cc2ccc(o2)-c3ccccc3	3185	1					
c1ccccc1NC(=O)C2C(C2)c3ccccc3	3186	1					
o1cccc1C=C2C(=O)NC(=C2)c3ccccc3	3187	1					
o1cccc1C=C2C(=O)N(C=C2)c3ccccc3	3188	1					
C1=CNC(=O)C1=Cc2ccc(o2)-c3ccccc3	3189	1					
n1n[nH]c(c12)cccc2	319	1	-4.047	-4.048	/home/anacleto/Desktop/manuscript_Mpro/naturecomm/supplementary_file_S2/6-chemical-library/molecular_docking/PDBQT/7cam_A_319_chainA/docking_319_chainA_out.pdbqt	/home/anacleto/Desktop/manuscript_Mpro/naturecomm/supplementary_file_S2/6-chemical-library/molecular_docking/PDBQT/7cam_B_319_chainB/docking_319_chainB_out.pdbqt	/home/anacleto/Desktop/manuscript_Mpro/naturecomm/supplementary_file_S2/6-chemical-library/molecular_docking/combined_complexes/7cam_319_combined/7cam_319_combined_pose_1.pdb
c1nccn1-c2ccc(cc2)Oc3ccccc3	3190	1					
c1ccccc1C2C=CCC(C2)c3ccccc3	3191	1					
s1cccc1C(=O)n2nccc2-c3cnns3	3192	1					
s1cncc1Sc(o2)nnc2-c3ccccc3	3193	1					
c1ccccc1-c2nnc(o2)Sc3nccs3	3194	1					
s1cccc1C=C2C(=O)OC(=N2)c3cccs3	3195	1					
s1ccnc1Sc2nncn2-c3ccccc3	3196	1					
c1sccc1CN(CC2)CCC2c3ccn[nH]3	3197	1					
c1ccccc1-c2c(scn2)-c3ccncc3	3198	1					
C1CC1N(C(=O)N2)C(C2=O)Cc3ccccc3	3199	1					
O=C1CC(=O)NN1	32	1	-3.892	-4.142	/home/anacleto/Desktop/manuscript_Mpro/naturecomm/supplementary_file_S2/6-chemical-library/molecular_docking/PDBQT/7cam_A_32_chainA/docking_32_chainA_out.pdbqt	/home/anacleto/Desktop/manuscript_Mpro/naturecomm/supplementary_file_S2/6-chemical-library/molecular_docking/PDBQT/7cam_B_32_chainB/docking_32_chainB_out.pdbqt	/home/anacleto/Desktop/manuscript_Mpro/naturecomm/supplementary_file_S2/6-chemical-library/molecular_docking/combined_complexes/7cam_32_combined/7cam_32_combined_pose_1.pdb
n1cnn(c12)cccc2	320	1	-3.665	-3.607	/home/anacleto/Desktop/manuscript_Mpro/naturecomm/supplementary_file_S2/6-chemical-library/molecular_docking/PDBQT/7cam_A_320_chainA/docking_320_chainA_out.pdbqt	/home/anacleto/Desktop/manuscript_Mpro/naturecomm/supplementary_file_S2/6-chemical-library/molecular_docking/PDBQT/7cam_B_320_chainB/docking_320_chainB_out.pdbqt	/home/anacleto/Desktop/manuscript_Mpro/naturecomm/supplementary_file_S2/6-chemical-library/molecular_docking/combined_complexes/7cam_320_combined/7cam_320_combined_pose_1.pdb
C1CC1C(=O)Nc(ccc2)cc2-c3nc[nH]n3	3200	1					
c1ccccc1NC(=O)c2cnc(o2)C3CC3	3201	1					
c1ncccc1CNc(cc2)ccc2C3CC3	3202	1					
C1CC1CNc(cc2)ccc2-c3cccnc3	3203	1					
c1ccccc1C2=NNC(C2)c3ccccc3	3204	1					
[nH]1nnnc1-c2c(cccc2)-c3ccccc3	3205	1					
c1ncccc1-c2ccn(n2)-c3ccccc3	3206	1					
c1ccccc1-c2cn(cn2)-c3ccccc3	3207	1					
[nH]1cncc1-c2ccc(cc2)-c3ccccc3	3208	1					
o1cccc1-c2nnc([nH]2)Sc3nccs3	3209	1					
n1ccn(c12)ccnc2	321	1	-3.386	-3.231	/home/anacleto/Desktop/manuscript_Mpro/naturecomm/supplementary_file_S2/6-chemical-library/molecular_docking/PDBQT/7cam_A_321_chainA/docking_321_chainA_out.pdbqt	/home/anacleto/Desktop/manuscript_Mpro/naturecomm/supplementary_file_S2/6-chemical-library/molecular_docking/PDBQT/7cam_B_321_chainB/docking_321_chainB_out.pdbqt	/home/anacleto/Desktop/manuscript_Mpro/naturecomm/supplementary_file_S2/6-chemical-library/molecular_docking/combined_complexes/7cam_321_combined/7cam_321_combined_pose_1.pdb
n1sncc1CN2C(=O)NC(C2=O)C3CC3	3210	1					
n1nscc1CN2C(=O)NC(C2=O)C3CC3	3211	1					
o1cnnc1-c2cnc(s2)-c3ccccc3	3212	1					
s1cccc1C2=NNC(C2)c3ccccc3	3213	1					
C1CC1N(CC2=O)C(=O)N2c3cccnc3	3214	1					
c1occc1Cn2ccnc2-c3c[nH]cn3	3215	1					
c1ccccc1-c2cnc([nH]2)C3CCCN3	3216	1					
o1ncnc1-c2c(n[nH]c2)-c3cccnc3	3217	1					
c1[nH]ncc1-c2nc(no2)-c3ccccn3	3218	1					
o1cccc1-c2nncn2-c3ccccc3	3219	1					
n1ccn(c12)cccn2	322	1	-3.48	-3.372	/home/anacleto/Desktop/manuscript_Mpro/naturecomm/supplementary_file_S2/6-chemical-library/molecular_docking/PDBQT/7cam_A_322_chainA/docking_322_chainA_out.pdbqt	/home/anacleto/Desktop/manuscript_Mpro/naturecomm/supplementary_file_S2/6-chemical-library/molecular_docking/PDBQT/7cam_B_322_chainB/docking_322_chainB_out.pdbqt	/home/anacleto/Desktop/manuscript_Mpro/naturecomm/supplementary_file_S2/6-chemical-library/molecular_docking/combined_complexes/7cam_322_combined/7cam_322_combined_pose_1.pdb
O1CCC1c2ccc(cc2)-c3ccccc3	3220	1					
s1cccc1-c2nnc(o2)-c3cncs3	3221	1					
N1CCCC1c2cn(nn2)-c3nccs3	3222	1					
s1cccc1C(=O)n2nccc2C3CC3	3223	1					
c1occc1C(=O)N2CCCC2C3CC3	3224	1					
[nH]1cncc1Cc2nc(on2)C3CCC3	3225	1					
C1CNCCN1C2(CC2)c3ccccc3	3226	1					
c1occc1-c2nc(on2)-c3cn[nH]c3	3227	1					
C1CC1c2cc(n[nH]2)Nc3ccncn3	3228	1					
o1ncnc1C2C(CC2)c3ccccc3	3229	1					
n1c[nH]c(c12)nccc2	323	1	-4.046	-3.682	/home/anacleto/Desktop/manuscript_Mpro/naturecomm/supplementary_file_S2/6-chemical-library/molecular_docking/PDBQT/7cam_A_323_chainA/docking_323_chainA_out.pdbqt	/home/anacleto/Desktop/manuscript_Mpro/naturecomm/supplementary_file_S2/6-chemical-library/molecular_docking/PDBQT/7cam_B_323_chainB/docking_323_chainB_out.pdbqt	/home/anacleto/Desktop/manuscript_Mpro/naturecomm/supplementary_file_S2/6-chemical-library/molecular_docking/combined_complexes/7cam_323_combined/7cam_323_combined_pose_1.pdb
C1CC1c2ccc(cc2)-c3ccccc3	3230	1					
C1CCC1c2nc(on2)-c3cn[nH]c3	3231	1					
C1CC1c2nc(no2)C3CCCN3	3232	1					
C1C(=O)CC(=O)C(C2=O)C1CC(C3=C)C2C(=O)c(c34)cccc4	3233	1					
c1cccc(c12)CC3C(C2=O)C(=O)C4C(C3)CC(=O)CC4=O	3234	1					
C1CCCc(c2)c1cc(c23)C(=O)c4c(C3=O)cccc4	3235	1					
c1cccc2[nH]c(c3c12)CCC4CCCN(C4)CC3	3236	1					
C1COC(=C12)c3c(C(=O)C2=O)c4c(cc3)CCCC4	3237	1					
c1cccc(c12)Cc3c(cccc3)N4C2CNCC4	3238	1					
c1coc(c12)c3c(C(=O)C2=O)c4c(cc3)cccc4	3239	1					
n1c[nH]c(c12)ccnc2	324	1	-3.811	-3.897	/home/anacleto/Desktop/manuscript_Mpro/naturecomm/supplementary_file_S2/6-chemical-library/molecular_docking/PDBQT/7cam_A_324_chainA/docking_324_chainA_out.pdbqt	/home/anacleto/Desktop/manuscript_Mpro/naturecomm/supplementary_file_S2/6-chemical-library/molecular_docking/PDBQT/7cam_B_324_chainB/docking_324_chainB_out.pdbqt	/home/anacleto/Desktop/manuscript_Mpro/naturecomm/supplementary_file_S2/6-chemical-library/molecular_docking/combined_complexes/7cam_324_combined/7cam_324_combined_pose_1.pdb
c1cccc(c12)CCC3C2c4c(CN3)cccc4	3240	1					
c1cccc(c1c23)C(=O)c2cnc4c3cccc4	3241	1					
C1CCC(C12)CCC3C2CCC4C3CCCC4	3242	1					
C1CCC(C12)CCC3C2CC=C4C3CCCC4	3243	1					
c1cccc(c12)CC3C2c4c(OC3)cccc4	3244	1					
c1cccc(c1c23)CC4c2c(ccc3)CCN4	3245	1					
c1ccc(c2c13)NCCN2C4C3CNCC4	3246	1					
c1cccc2n(c3c4c12)CCNC3CCC4	3247	1					
C1CC1S(=O)(=O)NC(=O)C23C(C2)C=CCCCCNC(=O)C4C(C(=O)N3)CCC4	3248	1					
c1cccc(c12)cncc2NC(=O)CNC(=O)Cn(n3)c(=O)c(=O)n(c34)CCC4	3249	1					
c1nnn(c12)cccc2	325	1	-3.648	-3.611	/home/anacleto/Desktop/manuscript_Mpro/naturecomm/supplementary_file_S2/6-chemical-library/molecular_docking/PDBQT/7cam_A_325_chainA/docking_325_chainA_out.pdbqt	/home/anacleto/Desktop/manuscript_Mpro/naturecomm/supplementary_file_S2/6-chemical-library/molecular_docking/PDBQT/7cam_B_325_chainB/docking_325_chainB_out.pdbqt	/home/anacleto/Desktop/manuscript_Mpro/naturecomm/supplementary_file_S2/6-chemical-library/molecular_docking/combined_complexes/7cam_325_combined/7cam_325_combined_pose_1.pdb
c1cccc(c12)cncc2NC(=O)CNC(=O)Cn(c3=O)ncn(c34)ncc4	3250	1					
c1cccc(c12)cncc2NC(=O)CNC(=O)Cn(c3=O)cnc(c34)[nH]nc4	3251	1					
c1ccccc1C(=O)CNCCCN(c(c23)cccc2)c4c(CC3)cccc4	3252	1					
O=S1(=O)CCC(CC1)CS(=O)(=O)N(C2)Cc(cccc3)c3C24C(=O)NCC4	3253	1					
n1cnn(c12)CC(CC2)C(=O)NCC(=O)Nc3cncc(c34)cccc4	3254	1					
c1cccc(c12)[nH]c(=O)cc2C(=O)NCCOc(ccc3)c(c34)OCC4	3255	1					
O=S1(=O)CC(C1)CS(=O)(=O)N(C2)Cc(cccc3)c3C24C(=O)NCC4	3256	1					
C1COCCC1CS(=O)(=O)N(C2)Cc(cccc3)c3C24C(=O)NCC4	3257	1					
C1CC1CNC(=O)CN(C2)S(=O)(=O)c(cccc3)c3C24C(=O)NCC4	3258	1					
c1cccc(c12)S(=O)(=O)NCC2C(=O)Nc3cncc(c34)CCCC4	3259	1					
c1n[nH]c(c12)nccc2	326	1	-4.09	-4.067	/home/anacleto/Desktop/manuscript_Mpro/naturecomm/supplementary_file_S2/6-chemical-library/molecular_docking/PDBQT/7cam_A_326_chainA/docking_326_chainA_out.pdbqt	/home/anacleto/Desktop/manuscript_Mpro/naturecomm/supplementary_file_S2/6-chemical-library/molecular_docking/PDBQT/7cam_B_326_chainB/docking_326_chainB_out.pdbqt	/home/anacleto/Desktop/manuscript_Mpro/naturecomm/supplementary_file_S2/6-chemical-library/molecular_docking/combined_complexes/7cam_326_combined/7cam_326_combined_pose_1.pdb
c1cccc(c12)S(=O)(=O)NCC2C(=O)Nc3cncc(c34)cccc4	3260	1					
c1cccc(c12)S(=O)(=O)CCC2C(=O)Nc3cncc(c34)cccc4	3261	1					
O1CCn(c12)nc(c2)C(=O)NCC(=O)Nc3cncc(c34)cccc4	3262	1					
c1cccc(c12)C(=O)N(C2=O)CCNCC3CCOc(c34)cccc4	3263	1					
C1S(=O)(=O)CC(C12)CN(CC2)C(=O)CC3CCOc(c34)cccc4	3264	1					
C1CCCC1CS(=O)(=O)N(C2)Cc(cccc3)c3C24C(=O)NCC4	3265	1					
c1cccc(c12)S(=O)(=O)CCC2C(=O)Nc3cnn(c34)cccc4	3266	1					
[nH]1c(=O)oc(c12)cc(cc2)S(=O)(=O)Nc(c3)ccc(c34)nccc4	3267	1					
O=c1[nH]c(=O)[nH]c(c12)nc([nH]2)CNCC3CCOc(c34)cccc4	3268	1					
N1C(=O)COc(c12)ncc(c2)CNCC3CCOc(c34)cccc4	3269	1					
c1n[nH]c(c12)cncc2	327	1	-3.917	-3.983	/home/anacleto/Desktop/manuscript_Mpro/naturecomm/supplementary_file_S2/6-chemical-library/molecular_docking/PDBQT/7cam_A_327_chainA/docking_327_chainA_out.pdbqt	/home/anacleto/Desktop/manuscript_Mpro/naturecomm/supplementary_file_S2/6-chemical-library/molecular_docking/PDBQT/7cam_B_327_chainB/docking_327_chainB_out.pdbqt	/home/anacleto/Desktop/manuscript_Mpro/naturecomm/supplementary_file_S2/6-chemical-library/molecular_docking/combined_complexes/7cam_327_combined/7cam_327_combined_pose_1.pdb
n1coc(c12)cc(cc2)NC(=O)NCc(c3)ccc(c34)[nH]c(=O)[nH]4	3270	1					
[nH]1c(=O)oc(c12)cc(cc2)CNC(=O)Nc(c3)ccn(c34)ccn4	3271	1					
c1cccn(c12)c(=O)c(cn2)CNCC3CCOc(c34)cccc4	3272	1					
c1cccc(c12)C(CNC2=O)C(=O)Nc3cncc(c34)CCCC4	3273	1					
c1cccn(c12)c(cn2)C(=O)NCCNc(n3)oc(c34)cccc4	3274	1					
c1cccc(c12)OCCC2C(=O)Nc3cc(=O)[nH]c(c34)cccc4	3275	1					
c1cccc(c12)OCCC2C(=O)Nc3c[nH]c(=O)c(c34)cccc4	3276	1					
c1ccnc(c12)c(ncc2)C(=O)NCc(cc3)cc(c34)oc(=O)[nH]4	3277	1					
c1cccc(c12)OCCC2CC(=O)Nc3cncc(c34)cccc4	3278	1					
c1cccc(c12)NC(=O)CC2C(=O)Nc3cncc(c34)cccc4	3279	1					
c1n[nH]c(c12)ccnc2	328	1	-3.882	-4.031	/home/anacleto/Desktop/manuscript_Mpro/naturecomm/supplementary_file_S2/6-chemical-library/molecular_docking/PDBQT/7cam_A_328_chainA/docking_328_chainA_out.pdbqt	/home/anacleto/Desktop/manuscript_Mpro/naturecomm/supplementary_file_S2/6-chemical-library/molecular_docking/PDBQT/7cam_B_328_chainB/docking_328_chainB_out.pdbqt	/home/anacleto/Desktop/manuscript_Mpro/naturecomm/supplementary_file_S2/6-chemical-library/molecular_docking/combined_complexes/7cam_328_combined/7cam_328_combined_pose_1.pdb
c1cccc(c12)C(CNC2=O)C(=O)Nc3cncc(c34)cccc4	3280	1					
c1cccc(c12)nccc2C(=O)NNc3ccnc(c34)nccc4	3281	1					
c1cncc(c12)cc(cc2)C(=O)Nc(cc3)cc(c34)[nH]ccc4=O	3282	1					
c1ccnc(c12)ccc(c2)C(=O)NN=c3cc[nH]c(c34)cccc4	3283	1					
c1cccc(c12)ccc(c2)NC(=O)Nc(c3)ccc(c34)cccc4	3284	1					
n1cccc(c12)cccc2O[GaH]Oc3cccc(c34)cccn4	3285	1					
C1CCC1CS(=O)(=O)N(C2)Cc(cccc3)c3C24C(=O)NCC4	3286	1					
C1CC1CS(=O)(=O)N(C2)Cc(cccc3)c3C24C(=O)NCCC4	3287	1					
C1CC1CS(=O)(=O)N(C2)Cc(cccc3)c3C24C(=O)NC(=O)C4	3288	1					
n1csc(c12)cc(cc2)NC(=O)Cn(c3=O)ncn(c34)ncc4	3289	1					
c1n[nH]c(c12)cccn2	329	1	-3.911	-3.917	/home/anacleto/Desktop/manuscript_Mpro/naturecomm/supplementary_file_S2/6-chemical-library/molecular_docking/PDBQT/7cam_A_329_chainA/docking_329_chainA_out.pdbqt	/home/anacleto/Desktop/manuscript_Mpro/naturecomm/supplementary_file_S2/6-chemical-library/molecular_docking/PDBQT/7cam_B_329_chainB/docking_329_chainB_out.pdbqt	/home/anacleto/Desktop/manuscript_Mpro/naturecomm/supplementary_file_S2/6-chemical-library/molecular_docking/combined_complexes/7cam_329_combined/7cam_329_combined_pose_1.pdb
n1csc(c12)cc(cc2)C(=O)NCc(nn3)n(c34)cc[nH]c4=O	3290	1					
s1ccn(c12)c(=O)c(cn2)C(=O)NCc(n3)[nH]c(c34)cccc4	3291	1					
[nH]1c(=S)oc(c12)ccc(c2)C(=O)NCc(nn3)n(c34)cccc4	3292	1					
c1cccc(c12)n(nn2)CC(=O)N3CCCSc(c34)cccc4	3293	1					
c1cnn(c12)c(ccn2)NC(=O)NCc(n3)sc(c34)cccc4	3294	1					
s1ccn(c12)c(=O)c(cn2)C(=O)Nc3cccc(c34)nccc4	3295	1					
c1cncc(c12)cc(cc2)C(=O)NNc(n3)sc(c34)nccc4	3296	1					
c1cccc(c12)SCCC2C(=O)Nc3cncc(c34)cccc4	3297	1					
C1CC1CNC(=O)CN(C2)Cc(cccc3)c3C24C(=O)NCC4	3298	1					
c1cccc(c12)C(CNC2=O)C(=O)Nc3cnn(c34)CCCC4	3299	1					
C1CCCNCC1	33	1	-3.557	-3.551	/home/anacleto/Desktop/manuscript_Mpro/naturecomm/supplementary_file_S2/6-chemical-library/molecular_docking/PDBQT/7cam_A_33_chainA/docking_33_chainA_out.pdbqt	/home/anacleto/Desktop/manuscript_Mpro/naturecomm/supplementary_file_S2/6-chemical-library/molecular_docking/PDBQT/7cam_B_33_chainB/docking_33_chainB_out.pdbqt	/home/anacleto/Desktop/manuscript_Mpro/naturecomm/supplementary_file_S2/6-chemical-library/molecular_docking/combined_complexes/7cam_33_combined/7cam_33_combined_pose_1.pdb
c1cnn(c12)ccnc2	330	1	-3.446	-3.43	/home/anacleto/Desktop/manuscript_Mpro/naturecomm/supplementary_file_S2/6-chemical-library/molecular_docking/PDBQT/7cam_A_330_chainA/docking_330_chainA_out.pdbqt	/home/anacleto/Desktop/manuscript_Mpro/naturecomm/supplementary_file_S2/6-chemical-library/molecular_docking/PDBQT/7cam_B_330_chainB/docking_330_chainB_out.pdbqt	/home/anacleto/Desktop/manuscript_Mpro/naturecomm/supplementary_file_S2/6-chemical-library/molecular_docking/combined_complexes/7cam_330_combined/7cam_330_combined_pose_1.pdb
[nH]1c(=O)[nH]c(c12)cncc2NC(=O)C3CCOc(c34)cccc4	3300	1					
c1n[nH]c(c12)nc([nH]c2=O)NNC(=O)c3cccn(c34)ncc4	3301	1					
c1cnn(c12)c(ccn2)C(=O)NCc(nn3)n(c34)cc[nH]c4=O	3302	1					
n1coc(c12)ccc(c2)NC(=O)Cn(c3=O)cnc(c34)[nH]nc4	3303	1					
c1ncccc1NC(=O)NC(CC23CCC2)c4c(O3)cccc4	3304	1					
c1cccc(c12)OCCC2C(=O)Nc3cncc(c34)CCNC4	3305	1					
c1ncccc1CC(=O)N(CC23CCC2)Cc4c(O3)cccc4	3306	1					
c1cccc(c12)n(nn2)CC(=O)NC3CCOc(c34)cccc4	3307	1					
c1ncccc1C(=O)N(C2)CCC23CC(=O)c4c(O3)cccc4	3308	1					
c1cccc(c12)NCCC2C(=O)Nc3cncc(c34)CCCC4	3309	1					
c1cnn(c12)cccn2	331	1	-3.501	-3.502	/home/anacleto/Desktop/manuscript_Mpro/naturecomm/supplementary_file_S2/6-chemical-library/molecular_docking/PDBQT/7cam_A_331_chainA/docking_331_chainA_out.pdbqt	/home/anacleto/Desktop/manuscript_Mpro/naturecomm/supplementary_file_S2/6-chemical-library/molecular_docking/PDBQT/7cam_B_331_chainB/docking_331_chainB_out.pdbqt	/home/anacleto/Desktop/manuscript_Mpro/naturecomm/supplementary_file_S2/6-chemical-library/molecular_docking/combined_complexes/7cam_331_combined/7cam_331_combined_pose_1.pdb
c1cccc(c12)CNCC2C(=O)Nc3cncc(c34)CCCC4	3310	1					
C1CCn(c12)c(nn2)CCNC(=O)c3ccnc(c34)cccc4	3311	1					
c1cccc(c12)n(nn2)CC(=O)N3CC(=O)Nc(c34)cccc4	3312	1					
c1cccc(c12)n(nn2)CC(=O)NC3CCCc(c34)cccc4	3313	1					
c1cccc(c12)N(CCCC2)C(=O)Cn(nn3)c(c34)cccc4	3314	1					
c1cccc(c12)C(CNC2=O)C(=O)Nc3cnn(c34)cccc4	3315	1					
c1cccc(c12)C(CNC2=O)C(=O)Nc(cn3)n(c34)cccc4	3316	1					
[nH]1c(=O)[nH]c(c12)cccc2NC(=O)Cc3c[nH]c(c34)cccc4	3317	1					
c1cccc(c12)N(CCCC2)C(=O)Cc3cnn(c34)cccc4	3318	1					
c1cccc(c12)OCCC2C(=O)Nc3c[nH+]cc(c34)cccc4	3319	1					
c1ccn(c12)ncnc2	332	1	-3.51	-3.529	/home/anacleto/Desktop/manuscript_Mpro/naturecomm/supplementary_file_S2/6-chemical-library/molecular_docking/PDBQT/7cam_A_332_chainA/docking_332_chainA_out.pdbqt	/home/anacleto/Desktop/manuscript_Mpro/naturecomm/supplementary_file_S2/6-chemical-library/molecular_docking/PDBQT/7cam_B_332_chainB/docking_332_chainB_out.pdbqt	/home/anacleto/Desktop/manuscript_Mpro/naturecomm/supplementary_file_S2/6-chemical-library/molecular_docking/combined_complexes/7cam_332_combined/7cam_332_combined_pose_1.pdb
c1cccc(c12)OCCN2C(=O)Nc3cncc(c34)cccc4	3320	1					
c1cccc(c12)OCCC2C(=O)Nc3cncc(c34)cncc4	3321	1					
c1cccc(c12)OCCC2C(=O)Nc3cncc(c34)ccnc4	3322	1					
c1cccc(c12)OCCC2C(=O)Oc3cncc(c34)cccc4	3323	1					
c1ncnc(c12)n(cn2)CC(=O)Nc3cccc(c34)nccn4	3324	1					
n1coc(c12)ccc(c2)C(=O)NNc3ccnc(c34)cccn4	3325	1					
n1cccn(c12)ncc2C(=O)Nc(c3)ccc(c34)[nH]ccc4=O	3326	1					
c1cccc(c12)[nH]c(c2)CC(=O)NCc(n3)[nH]c(c34)cccc4	3327	1					
c1cccc(c12)NCCC2C(=O)Nc3cncc(c34)cncc4	3328	1					
c1cccc(c12)NCCC2C(=O)Nc3cncc(c34)ccnc4	3329	1					
c1c[nH]c(c12)ncnc2	333	1	-3.871	-4.03	/home/anacleto/Desktop/manuscript_Mpro/naturecomm/supplementary_file_S2/6-chemical-library/molecular_docking/PDBQT/7cam_A_333_chainA/docking_333_chainA_out.pdbqt	/home/anacleto/Desktop/manuscript_Mpro/naturecomm/supplementary_file_S2/6-chemical-library/molecular_docking/PDBQT/7cam_B_333_chainB/docking_333_chainB_out.pdbqt	/home/anacleto/Desktop/manuscript_Mpro/naturecomm/supplementary_file_S2/6-chemical-library/molecular_docking/combined_complexes/7cam_333_combined/7cam_333_combined_pose_1.pdb
c1cccc(c12)OCCN2C(=O)Cc3cncc(c34)cccc4	3330	1					
c1cccc(c12)OCCC2C(=O)Nc3cncc(c34)cccc4	3331	1					
c1cccc(c12)OCC(C2)C(=O)Nc3cncc(c34)cccc4	3332	1					
c1cccc(c12)N(CCC=C2)C(=O)Cc3noc(c34)cccc4	3333	1					
c1cccc(c12)COCC2C(=O)Nc3cncc(c34)cccc4	3334	1					
C1COc(c12)c(ccc2)CC(=O)Nc3cncc(c34)cccc4	3335	1					
c1cccc(c12)NCCC2C(=O)Nc3cncc(c34)cccc4	3336	1					
c1cccc(c12)N(CCC=C2)C(=O)Cc3cnn(c34)cccc4	3337	1					
c1cccc(c12)CNCC2C(=O)Nc3cncc(c34)cccc4	3338	1					
c1cccc(c12)CCNC2C(=O)Nc3cncc(c34)cccc4	3339	1					
c1c[nH]c(c12)nccn2	334	1	-3.906	-3.669	/home/anacleto/Desktop/manuscript_Mpro/naturecomm/supplementary_file_S2/6-chemical-library/molecular_docking/PDBQT/7cam_A_334_chainA/docking_334_chainA_out.pdbqt	/home/anacleto/Desktop/manuscript_Mpro/naturecomm/supplementary_file_S2/6-chemical-library/molecular_docking/PDBQT/7cam_B_334_chainB/docking_334_chainB_out.pdbqt	/home/anacleto/Desktop/manuscript_Mpro/naturecomm/supplementary_file_S2/6-chemical-library/molecular_docking/combined_complexes/7cam_334_combined/7cam_334_combined_pose_1.pdb
c1cccn(c12)c(nn2)CNC(=O)c3ccnc(c34)cccc4	3340	1					
c1cccc(c12)nccc2C(=O)NNc(n3)[nH]c(c34)cccc4	3341	1					
c1c[nH]c(c12)ccc(c2)C(=O)NNc3ccnc(c34)nccc4	3342	1					
c1cccc(c12)NC(=O)C2C(=O)Nc3cncc(c34)cccc4	3343	1					
c1cccc(c12)CCCC2C(=O)Nc3cncc(c34)cccc4	3344	1					
c1cccc(c12)OCC=C2C(=O)Nc3cncc(c34)cccc4	3345	1					
c1cccc(c12)CCC=C2C(=O)Nc3cncc(c34)cccc4	3346	1					
c1cccc(c12)nccc2C(=O)Nc3cncc(c34)cccc4	3347	1					
s1ccn(c12)c(=O)c(cn2)C(=O)NCc(cn3)n(c34)ccs4	3348	1					
c1cccc(c12)nc(cc2)C(=O)Sc(n3)sc(c34)cccc4	3349	1					
c1[nH]nc(c12)nccc2	335	1	-3.797	-3.82	/home/anacleto/Desktop/manuscript_Mpro/naturecomm/supplementary_file_S2/6-chemical-library/molecular_docking/PDBQT/7cam_A_335_chainA/docking_335_chainA_out.pdbqt	/home/anacleto/Desktop/manuscript_Mpro/naturecomm/supplementary_file_S2/6-chemical-library/molecular_docking/PDBQT/7cam_B_335_chainB/docking_335_chainB_out.pdbqt	/home/anacleto/Desktop/manuscript_Mpro/naturecomm/supplementary_file_S2/6-chemical-library/molecular_docking/combined_complexes/7cam_335_combined/7cam_335_combined_pose_1.pdb
C1CCN1S(=O)(=O)N(C2)Cc(cccc3)c3C24C(=O)NCC4	3350	1					
C1CC1CS(=O)(=O)N(C2)Cc(cccc3)c3C24C(=O)NCC4	3351	1					
c1cccc(c12)cccc2SSc3cccc(c34)cccc4	3352	1					
c1noc(c12)ncc(c2)NS(=O)(=O)c(c3)cnc(c34)onc4	3353	1					
n1onc(c12)cccc2S(=O)(=O)Nc(cc3)cc(c34)ocn4	3354	1					
n1csc(c12)cncc2NC(=O)C3CCOc(c34)cccc4	3355	1					
c1n[nH]c(c12)ncc(c2)C(=O)NNc(n3)sc(c34)nccc4	3356	1					
n1coc(c12)ccc(c2)C(=O)NNc(n3)sc(c34)cncc4	3357	1					
c1cccc(c12)n(nn2)CC(=O)N3CCSc(c34)cccc4	3358	1					
c1cccc(c12)OCCC2C(=O)Nc3cncc(c34)scc4	3359	1					
c1[nH]nc(c12)ccnc2	336	1	-3.646	-3.656	/home/anacleto/Desktop/manuscript_Mpro/naturecomm/supplementary_file_S2/6-chemical-library/molecular_docking/PDBQT/7cam_A_336_chainA/docking_336_chainA_out.pdbqt	/home/anacleto/Desktop/manuscript_Mpro/naturecomm/supplementary_file_S2/6-chemical-library/molecular_docking/PDBQT/7cam_B_336_chainB/docking_336_chainB_out.pdbqt	/home/anacleto/Desktop/manuscript_Mpro/naturecomm/supplementary_file_S2/6-chemical-library/molecular_docking/combined_complexes/7cam_336_combined/7cam_336_combined_pose_1.pdb
s1ccn(c12)c(cn2)CNC(=O)c(c3)ccc(c34)nccn4	3360	1					
n1n[nH]c(c12)ccc(c2)C(=O)NCc(n3)sc(c34)cccc4	3361	1					
c1cccc(c12)[nH]cc2C(=O)CSc(n3)[nH]c(c34)nccc4	3362	1					
c1cccc(c12)C(=O)N(NC2=C)Cc(n3)sc(c34)cccc4	3363	1					
N1CCCC(C12)N(CC2)C(=O)CC3CCOc(c34)cccc4	3364	1					
c1cccc(c12)n(nn2)CC(=O)N3CCOC(C34)CCCC4	3365	1					
C1CC1NC(=O)CN(C2)Cc(cccc3)c3C24C(=O)NCC4	3366	1					
n1ncn(c12)CCN(C2)C(=O)CC3CCOc(c34)cccc4	3367	1					
n1c[nH]c(c12)CN(CC2)C(=O)CC3CCOc(c34)cccc4	3368	1					
c1cnn(c12)CCN(C2)C(=O)CC3CCOc(c34)cccc4	3369	1					
c1[nH]nc(c12)cccn2	337	1	-3.695	-3.865	/home/anacleto/Desktop/manuscript_Mpro/naturecomm/supplementary_file_S2/6-chemical-library/molecular_docking/PDBQT/7cam_A_337_chainA/docking_337_chainA_out.pdbqt	/home/anacleto/Desktop/manuscript_Mpro/naturecomm/supplementary_file_S2/6-chemical-library/molecular_docking/PDBQT/7cam_B_337_chainB/docking_337_chainB_out.pdbqt	/home/anacleto/Desktop/manuscript_Mpro/naturecomm/supplementary_file_S2/6-chemical-library/molecular_docking/combined_complexes/7cam_337_combined/7cam_337_combined_pose_1.pdb
[nH]1nccc1C(=O)N(C2)Cc(cccc3)c3C24C(=O)NCC4	3370	1					
n1n[nH]c(c12)nccc2C(=O)NNc3ccnc(c34)[nH]nc4	3371	1					
n1coc(c12)cccc2C(=O)Nc3cccc(c34)[nH]c(=O)o4	3372	1					
c1cccc(c12)OCCC2C(=O)Nc3cncc(c34)CCC4	3373	1					
c1cccc(C2=O)c1Cc(c23)cccc3OC4CCCCO4	3374	1					
n1ncn(c12)cccc2NC(=O)C3CCOc(c34)cccc4	3375	1					
n1cccc(c12)n[nH]c2NC(=O)C3CCOc(c34)cccc4	3376	1					
c1cccc(c12)n(nn2)CC(=O)N3CCOc(c34)cccc4	3377	1					
c1cccc(c12)OCCC2C(=O)Nc3n[nH]c(c34)ccnc4	3378	1					
c1cccc(c12)OCCC2C(=O)Nc3[nH]nc(c34)nccc4	3379	1					
[nH]1cnc(c12)nccc2	338	1	-3.925	-3.962	/home/anacleto/Desktop/manuscript_Mpro/naturecomm/supplementary_file_S2/6-chemical-library/molecular_docking/PDBQT/7cam_A_338_chainA/docking_338_chainA_out.pdbqt	/home/anacleto/Desktop/manuscript_Mpro/naturecomm/supplementary_file_S2/6-chemical-library/molecular_docking/PDBQT/7cam_B_338_chainB/docking_338_chainB_out.pdbqt	/home/anacleto/Desktop/manuscript_Mpro/naturecomm/supplementary_file_S2/6-chemical-library/molecular_docking/combined_complexes/7cam_338_combined/7cam_338_combined_pose_1.pdb
[nH]1cnc(c12)cncc2NC(=O)C3CCOc(c34)cccc4	3380	1					
c1cccc(c12)OCCC2C(=O)Nc3noc(c34)cccc4	3381	1					
c1n[nH]c(c12)c(cnc2)NC(=O)C3CNCc(c34)cccc4	3382	1					
c1[nH]nc(c12)c(cnc2)NC(=O)C3CNCc(c34)cccc4	3383	1					
n1ccccc1CN(C(=O)N2)C(=O)C23c4c(CC3)cccc4	3384	1					
c1ncccc1N(C(=O)N2)C(=O)C23c4c(CCC3)cccc4	3385	1					
c1cccn(c12)c(cn2)NC(=O)C3CCOc(c34)cccc4	3386	1					
c1cccc(c12)OCCC2C(=O)Nc3[nH]nc(c34)cccc4	3387	1					
c1cccc(c12)OCCC2C(=O)NC3N=Nc(c34)cccc4	3388	1					
c1[nH]nc(c12)c(ccc2)NC(=O)C3CCOc(c34)cccc4	3389	1					
n1coc(c12)cccc2	339	1	-3.732	-3.674	/home/anacleto/Desktop/manuscript_Mpro/naturecomm/supplementary_file_S2/6-chemical-library/molecular_docking/PDBQT/7cam_A_339_chainA/docking_339_chainA_out.pdbqt	/home/anacleto/Desktop/manuscript_Mpro/naturecomm/supplementary_file_S2/6-chemical-library/molecular_docking/PDBQT/7cam_B_339_chainB/docking_339_chainB_out.pdbqt	/home/anacleto/Desktop/manuscript_Mpro/naturecomm/supplementary_file_S2/6-chemical-library/molecular_docking/combined_complexes/7cam_339_combined/7cam_339_combined_pose_1.pdb
c1c[nH]c(c12)c(ccc2)NC(=O)c3cccc(c34)[nH]c(=O)o4	3390	1					
c1cccn(c12)c(cn2)NC(=O)C3CCNc(c34)cccc4	3391	1					
c1cccc(c12)n(nn2)CC(=O)NC3CCc(c34)cccc4	3392	1					
c1cccc(c12)N(CCC2)C(=O)Cn(nn3)c(c34)cccc4	3393	1					
c1cccc(c12)CN(CC2)C(=O)Cn(nn3)c(c34)cccc4	3394	1					
c1cccn(c12)c(cn2)C(=O)NCc(nn3)n(c34)cccc4	3395	1					
c1ccccc1NCc(nn2)n(c23)c4c(c(=O)[nH]3)cccc4	3396	1					
[nH]1c(=O)[nH]c(c12)ccc(c2)CNc3ncnc(c34)cccc4	3397	1					
c1cccc(c12)OCC2C(=O)Nc3cncc(c34)cccc4	3398	1					
c1cccc(c12)NCC2C(=O)Nc3cncc(c34)cccc4	3399	1					
O=C1CCNCC1	34	1	-3.311	-3.063	/home/anacleto/Desktop/manuscript_Mpro/naturecomm/supplementary_file_S2/6-chemical-library/molecular_docking/PDBQT/7cam_A_34_chainA/docking_34_chainA_out.pdbqt	/home/anacleto/Desktop/manuscript_Mpro/naturecomm/supplementary_file_S2/6-chemical-library/molecular_docking/PDBQT/7cam_B_34_chainB/docking_34_chainB_out.pdbqt	/home/anacleto/Desktop/manuscript_Mpro/naturecomm/supplementary_file_S2/6-chemical-library/molecular_docking/combined_complexes/7cam_34_combined/7cam_34_combined_pose_1.pdb
c1noc(c12)cccc2	340	1	-3.89	-3.821	/home/anacleto/Desktop/manuscript_Mpro/naturecomm/supplementary_file_S2/6-chemical-library/molecular_docking/PDBQT/7cam_A_340_chainA/docking_340_chainA_out.pdbqt	/home/anacleto/Desktop/manuscript_Mpro/naturecomm/supplementary_file_S2/6-chemical-library/molecular_docking/PDBQT/7cam_B_340_chainB/docking_340_chainB_out.pdbqt	/home/anacleto/Desktop/manuscript_Mpro/naturecomm/supplementary_file_S2/6-chemical-library/molecular_docking/combined_complexes/7cam_340_combined/7cam_340_combined_pose_1.pdb
c1ccccc1Nc(c2)c(=N)cc(c23)[nH]c4c(n3)cccc4	3400	1					
c1cccc(c12)ncc(c2)CCc3cccc(c34)cccc4	3401	1					
c1cccc(c12)sc(c2)C(=O)Sc(n3)sc(c34)cccc4	3402	1					
s1cnnc1CN(C(=O)N2)C(=O)C23c4c(CCC3)scc4	3403	1					
n1ccn(c12)c(cs2)CC(=O)Nc(n3)sc(c34)cccc4	3404	1					
c1cccc(c12)oc(c2)C(=O)Sc(n3)sc(c34)cccc4	3405	1					
c1cccc(c12)[nH]c(c2)C(=O)Sc(n3)sc(c34)cccc4	3406	1					
s1cnnc1CN(C2)Cc(cccc3)c3C24C(=O)NCC4	3407	1					
s1nncc1CN(C(=O)N2)C(=O)C23c4c(CC3)cccc4	3408	1					
n1sncc1CN(C(=O)N2)C(=O)C23c4c(CC3)cccc4	3409	1					
C1CCc(c12)cccc2	341	1	-4.196	-4.253	/home/anacleto/Desktop/manuscript_Mpro/naturecomm/supplementary_file_S2/6-chemical-library/molecular_docking/PDBQT/7cam_A_341_chainA/docking_341_chainA_out.pdbqt	/home/anacleto/Desktop/manuscript_Mpro/naturecomm/supplementary_file_S2/6-chemical-library/molecular_docking/PDBQT/7cam_B_341_chainB/docking_341_chainB_out.pdbqt	/home/anacleto/Desktop/manuscript_Mpro/naturecomm/supplementary_file_S2/6-chemical-library/molecular_docking/combined_complexes/7cam_341_combined/7cam_341_combined_pose_1.pdb
n1nscc1CN(C(=O)N2)C(=O)C23c4c(CC3)cccc4	3410	1					
s1ccnc1CN(C(=O)N2)C(=O)C23c4c(CC3)cccc4	3411	1					
c1cccc(c12)N(CC2)CC(=O)N(C3)CCc(c34)scc4	3412	1					
c1csc(c12)CN(CC2)C(=O)Cn(nn3)c(c34)cccc4	3413	1					
c1cccc(c12)n(nn2)CC(=O)N(C3)CCc(c34)scc4	3414	1					
O=c1[nH]ccn(c12)c(nn2)CNc(n3)sc(c34)cccc4	3415	1					
c1cccc(c12)sc(n2)CCNc(cc3)nn(c34)nnn4	3416	1					
s1ccn(c12)c(cn2)CNC(=O)c3cnn(c34)cccc4	3417	1					
s1ccn(c12)c(cn2)CNC(=O)c(n3)cn(c34)cccc4	3418	1					
n1ccn(c12)c(cs2)CC(=O)Nc(n3)[nH]c(c34)cccc4	3419	1					
n1ccn(c12)cccc2	342	1	-3.644	-3.637	/home/anacleto/Desktop/manuscript_Mpro/naturecomm/supplementary_file_S2/6-chemical-library/molecular_docking/PDBQT/7cam_A_342_chainA/docking_342_chainA_out.pdbqt	/home/anacleto/Desktop/manuscript_Mpro/naturecomm/supplementary_file_S2/6-chemical-library/molecular_docking/PDBQT/7cam_B_342_chainB/docking_342_chainB_out.pdbqt	/home/anacleto/Desktop/manuscript_Mpro/naturecomm/supplementary_file_S2/6-chemical-library/molecular_docking/combined_complexes/7cam_342_combined/7cam_342_combined_pose_1.pdb
[nH]1c(=O)oc(c12)cc(cc2)CNc(c3)ccc(c34)scn4	3420	1					
c1cccc(c12)sc(n2)CNCc(c3)cnc(c34)[nH]nc4	3421	1					
n1ncn(c12)cc(cc2)NC(=O)c(c3)ccc(c34)scn4	3422	1					
n1csc(c12)cc(cc2)NC(=O)c3cnn(c34)cccn4	3423	1					
c1ncn(c12)c(cs2)C(=O)Nc(c3)ccc(c34)nccn4	3424	1					
C1CCC12C(=O)N(C(=O)N2)Cc(nn3)n(c34)CCCCC4	3425	1					
O1CC(C2)CC12CNC(=O)CC3CCOc(c34)cccc4	3426	1					
n1c[nH]c(c12)cc(cc2)C(=O)N3CCOC(C34)CCCC4	3427	1					
c1ncccc1N(C2=O)C(=O)N(C3)C2CC34CCCCC4	3428	1					
c1cccc(CC2)c1C23C(=O)N(C(=O)N3)C(C4=O)CCN4	3429	1					
n1c[nH]c(c12)cccc2	343	1	-4.131	-4.025	/home/anacleto/Desktop/manuscript_Mpro/naturecomm/supplementary_file_S2/6-chemical-library/molecular_docking/PDBQT/7cam_A_343_chainA/docking_343_chainA_out.pdbqt	/home/anacleto/Desktop/manuscript_Mpro/naturecomm/supplementary_file_S2/6-chemical-library/molecular_docking/PDBQT/7cam_B_343_chainB/docking_343_chainB_out.pdbqt	/home/anacleto/Desktop/manuscript_Mpro/naturecomm/supplementary_file_S2/6-chemical-library/molecular_docking/combined_complexes/7cam_343_combined/7cam_343_combined_pose_1.pdb
C1CCCN1CCCOc(cc2)cc(N=C3)c2C34CCC4	3430	1					
C1CCCC(C12)N(CC2)C(=O)C(C3)NCc(c34)cccc4	3431	1					
[nH]1nnnc1CN(C(=O)N2)C(=O)C23c4c(CC3)cccc4	3432	1					
o1ncnc1CN(C(=O)N2)C(=O)C23c4c(CC3)cccc4	3433	1					
o1cnnc1CN(C(=O)N2)C(=O)C23c4c(CC3)cccc4	3434	1					
n1ocnc1CN(C(=O)N2)C(=O)C23c4c(CC3)cccc4	3435	1					
n1ncn(c12)CCN(C2)C(=O)Cn(nn3)c(c34)cccc4	3436	1					
n1[nH]ncc1CN(C(=O)N2)C(=O)C23c4c(CC3)cccc4	3437	1					
[nH]1ncnc1CN(C(=O)N2)C(=O)C23c4c(CC3)cccc4	3438	1					
[nH]1cnnc1CN(C(=O)N2)C(=O)C23c4c(CC3)cccc4	3439	1					
c1ncn(c12)cccc2	344	1	-3.665	-3.655	/home/anacleto/Desktop/manuscript_Mpro/naturecomm/supplementary_file_S2/6-chemical-library/molecular_docking/PDBQT/7cam_A_344_chainA/docking_344_chainA_out.pdbqt	/home/anacleto/Desktop/manuscript_Mpro/naturecomm/supplementary_file_S2/6-chemical-library/molecular_docking/PDBQT/7cam_B_344_chainB/docking_344_chainB_out.pdbqt	/home/anacleto/Desktop/manuscript_Mpro/naturecomm/supplementary_file_S2/6-chemical-library/molecular_docking/combined_complexes/7cam_344_combined/7cam_344_combined_pose_1.pdb
n1occc1CN(C(=O)N2)C(=O)C23c4c(CC3)cccc4	3440	1					
c1cnn(c12)c(c[nH]2)CNCC3CCOc(c34)cccc4	3441	1					
n1ncn(c12)CCN(C2)C(=O)Cc3cnn(c34)cccc4	3442	1					
n1ccn(c12)CCN(C2)C(=O)Cn(nn3)c(c34)cccc4	3443	1					
n1c[nH]c(c12)CN(CC2)C(=O)Cn(nn3)c(c34)cccc4	3444	1					
n1c[nH]c(c12)CCN(C2)C(=O)Cn(nn3)c(c34)cccc4	3445	1					
n1[nH]ccc1CN(C(=O)N2)C(=O)C23c4c(CC3)cccc4	3446	1					
c1cnn(c12)CCCN2C(=O)Cc3noc(c34)cccc4	3447	1					
[nH]1ccnc1CN(C(=O)N2)C(=O)C23c4c(CC3)cccc4	3448	1					
c1cnn(c12)CCCN2C(=O)Cc3cnn(c34)cccc4	3449	1					
c1n[nH]c(c12)cccc2	345	1	-4.169	-3.852	/home/anacleto/Desktop/manuscript_Mpro/naturecomm/supplementary_file_S2/6-chemical-library/molecular_docking/PDBQT/7cam_A_345_chainA/docking_345_chainA_out.pdbqt	/home/anacleto/Desktop/manuscript_Mpro/naturecomm/supplementary_file_S2/6-chemical-library/molecular_docking/PDBQT/7cam_B_345_chainB/docking_345_chainB_out.pdbqt	/home/anacleto/Desktop/manuscript_Mpro/naturecomm/supplementary_file_S2/6-chemical-library/molecular_docking/combined_complexes/7cam_345_combined/7cam_345_combined_pose_1.pdb
c1cccc(c12)n(nn2)CC(=O)N(C3)CCn(c34)ccc4	3450	1					
c1noc(c12)nccc2C(=O)Nc3cccc(c34)non4	3451	1					
n1n[nH]c(c12)nccc2C(=O)Nc(c3)cnc(c34)[nH]nc4	3452	1					
c1nccc(c12)n(nc2)C(=O)C3CCOc(c34)cccc4	3453	1					
c1ccnc(c12)n(nc2)C(=O)C3CCOc(c34)cccc4	3454	1					
c1cccc(CC2)c1C23C(=O)N(C(=O)N3)c4cccnc4	3455	1					
c1cnn(c12)cc(cn2)C(=O)Nc(c3)ccc(c34)ocn4	3456	1					
c1cccn(c12)c(cn2)CNCc(nn3)n(c34)cccc4	3457	1					
c1cccc(c12)N(CC2)C(=O)Cn(nn3)c(c34)cccc4	3458	1					
c1cccc(c12)n(nc2)C(=O)C3CCOc(c34)cccc4	3459	1					
c1cnn(c12)cccc2	346	1	-3.702	-3.784	/home/anacleto/Desktop/manuscript_Mpro/naturecomm/supplementary_file_S2/6-chemical-library/molecular_docking/PDBQT/7cam_A_346_chainA/docking_346_chainA_out.pdbqt	/home/anacleto/Desktop/manuscript_Mpro/naturecomm/supplementary_file_S2/6-chemical-library/molecular_docking/PDBQT/7cam_B_346_chainB/docking_346_chainB_out.pdbqt	/home/anacleto/Desktop/manuscript_Mpro/naturecomm/supplementary_file_S2/6-chemical-library/molecular_docking/combined_complexes/7cam_346_combined/7cam_346_combined_pose_1.pdb
n1onc(c12)ccc(c2)CNc3ncnc(c34)cccc4	3460	1					
c1cccc(c12)CCc3c(nccc3)C2=C4CCNCC4	3461	1					
c1ccnc(c12)cc(cc2)CNc3ncnc(c34)[nH]nc4	3462	1					
c1cccc(c12)CCNC2Cc3cccc(c34)cccc4	3463	1					
c1ccccc1-c2c(cccc3)c3oc(c24)cc(=O)cc4	3464	1					
c1c(=N)ccc(c12)nc3c(cccc3)n2-c4ccccc4	3465	1					
c1cccc(c12)sc(n2)SSc(n3)sc(c34)cccc4	3466	1					
s1cnn(c12)c(cn2)CNc(c3)ccc(c34)oc(=O)[nH]4	3467	1					
n1ccn(c12)cc(s2)C(=O)Nc(cn3)cn(c34)ccn4	3468	1					
n1ccn(c12)nc(s2)NCc(c3)ccc(c34)nccc4	3469	1					
c1c[nH]c(c12)nccc2	347	1	-4.123	-3.816	/home/anacleto/Desktop/manuscript_Mpro/naturecomm/supplementary_file_S2/6-chemical-library/molecular_docking/PDBQT/7cam_A_347_chainA/docking_347_chainA_out.pdbqt	/home/anacleto/Desktop/manuscript_Mpro/naturecomm/supplementary_file_S2/6-chemical-library/molecular_docking/PDBQT/7cam_B_347_chainB/docking_347_chainB_out.pdbqt	/home/anacleto/Desktop/manuscript_Mpro/naturecomm/supplementary_file_S2/6-chemical-library/molecular_docking/combined_complexes/7cam_347_combined/7cam_347_combined_pose_1.pdb
c1cccc(c12)[nH]c(n2)CSc(n3)oc(c34)cccc4	3470	1					
C1CCCc(c12)sc(c2)N=Cc3c[nH]c(c34)cccc4	3471	1					
n1[nH]ccc1CN(C2=O)C(=O)N(C23)C4C(C3)CCCC4	3472	1					
C12CC(NC1)CN2C(=O)CC3CCOc(c34)cccc4	3473	1					
C1CCC12CCC3N(C2)C(=O)N(C3=O)c4cccnc4	3474	1					
c1cccn(c12)c(nn2)CN(C(=O)N3)C(=O)C34CCC4	3475	1					
C1C=CC(CC12)N(C2)C(=O)Cn(nn3)c(c34)cccc4	3476	1					
C1CCC12C(=O)N(C(=O)N2)c3cncc(c34)cccc4	3477	1					
O=c1[nH]c(=O)[nH]c(c12)nc3n2ccn3-c4ccccc4	3478	1					
C1CCC(C12)CN(C2)C(=O)c3cccc(c34)ccnc4	3479	1					
c1c[nH]c(c12)cncc2	348	1	-3.974	-4.008	/home/anacleto/Desktop/manuscript_Mpro/naturecomm/supplementary_file_S2/6-chemical-library/molecular_docking/PDBQT/7cam_A_348_chainA/docking_348_chainA_out.pdbqt	/home/anacleto/Desktop/manuscript_Mpro/naturecomm/supplementary_file_S2/6-chemical-library/molecular_docking/PDBQT/7cam_B_348_chainB/docking_348_chainB_out.pdbqt	/home/anacleto/Desktop/manuscript_Mpro/naturecomm/supplementary_file_S2/6-chemical-library/molecular_docking/combined_complexes/7cam_348_combined/7cam_348_combined_pose_1.pdb
c1cccn(c12)c(nn2)CNc(cc3)nn(c34)cnn4	3480	1					
c1cccc(c12)N3C(C2)C(=O)N(C3=O)c4cccnc4	3481	1					
c1cccn(c12)c(cn2)CNc(cc3)cn(c34)ncn4	3482	1					
n1cncn1-c(nn2)cc(c2c34)CCCc3cccc4	3483	1					
c1ccccc1-c(c(c23)cccc3)[nH+]c4c2cccc4	3484	1					
n1ccn(c12)cc(s2)CNc(n3)[nH]c(c34)cccc4	3485	1					
n1csc(c12)cc(cc2)Nc(ccn3)n(c34)ncn4	3486	1					
c1cccc(c12)n(cn2)[Mg]n(cn3)c(c34)cccc4	3487	1					
C12C(C1)CN(CC2)C(=O)Cn(nn3)c(c34)cccc4	3488	1					
C1CC1N(C2)C(=O)c(cccc3)c3C24C(=O)NCC4	3489	1					
c1c[nH]c(c12)ccnc2	349	1	-3.924	-3.801	/home/anacleto/Desktop/manuscript_Mpro/naturecomm/supplementary_file_S2/6-chemical-library/molecular_docking/PDBQT/7cam_A_349_chainA/docking_349_chainA_out.pdbqt	/home/anacleto/Desktop/manuscript_Mpro/naturecomm/supplementary_file_S2/6-chemical-library/molecular_docking/PDBQT/7cam_B_349_chainB/docking_349_chainB_out.pdbqt	/home/anacleto/Desktop/manuscript_Mpro/naturecomm/supplementary_file_S2/6-chemical-library/molecular_docking/combined_complexes/7cam_349_combined/7cam_349_combined_pose_1.pdb
C12C=CC(C1)N(C2)C(=O)Cn(nn3)c(c34)cccc4	3490	1					
c1ccccc1C(C(C23)CC=C2)Nc4c3cccc4	3491	1					
c1csc(c12)ncnc2N(C3)CCc(c34)[nH]cn4	3492	1					
C1CC1N(C2)Cc(cccc3)c3C24C(=O)NCC4	3493	1					
C12CC(NC1)CN2C(=O)c3cccc(c34)[nH]nc4	3494	1					
c1c[nH]c2ncc(c3c12)ncn3C4CCCCC4	3495	1					
C1NCC12CN(C2)Cc(cc3)cc(c34)cncc4	3496	1					
C1NCC12CN(C2)Cc(c3)ccc(c34)cncc4	3497	1					
c1c[nH]c2ncc(c3c12)nc([nH]3)-c4ccco4	3498	1					
O=C1CCC(N1)C(=O)NCC(=O)NC(Cc2c[nH]c(c23)cccc3)C(=O)NCC(=O)NCC(=O)NCC(=O)NCC(=O)NCC(=O)N4CCCC4	3499	1					
O=C1CCCCN1	35	1	-3.348	-3.354	/home/anacleto/Desktop/manuscript_Mpro/naturecomm/supplementary_file_S2/6-chemical-library/molecular_docking/PDBQT/7cam_A_35_chainA/docking_35_chainA_out.pdbqt	/home/anacleto/Desktop/manuscript_Mpro/naturecomm/supplementary_file_S2/6-chemical-library/molecular_docking/PDBQT/7cam_B_35_chainB/docking_35_chainB_out.pdbqt	/home/anacleto/Desktop/manuscript_Mpro/naturecomm/supplementary_file_S2/6-chemical-library/molecular_docking/combined_complexes/7cam_35_combined/7cam_35_combined_pose_1.pdb
c1[nH]nc(c12)cccc2	350	1	-3.844	-4.046	/home/anacleto/Desktop/manuscript_Mpro/naturecomm/supplementary_file_S2/6-chemical-library/molecular_docking/PDBQT/7cam_A_350_chainA/docking_350_chainA_out.pdbqt	/home/anacleto/Desktop/manuscript_Mpro/naturecomm/supplementary_file_S2/6-chemical-library/molecular_docking/PDBQT/7cam_B_350_chainB/docking_350_chainB_out.pdbqt	/home/anacleto/Desktop/manuscript_Mpro/naturecomm/supplementary_file_S2/6-chemical-library/molecular_docking/combined_complexes/7cam_350_combined/7cam_350_combined_pose_1.pdb
c1cccc(c12)[nH]cc2CC(NC(=O)CCc3cnc[nH]3)C(=O)NCC(=O)NCC(=O)NCC(=O)NCC(=O)NCC(=O)N4CCCC4	3500	1					
c1cccc(c12)[nH]cc2CC(NC(=O)CCc3c[nH]cn3)C(=O)NCC(=O)NCC(=O)NCC(=O)NCC(=O)NCC(=O)N4CCCC4	3501	1					
c1cccc(c12)ccc(c2)CCC(=O)NC(Cc3ccccc3)CNCCNCCNCCNCCNCCNCC(=O)N4CCCC4	3502	1					
C1CCCN1C(=O)CNC(=O)CNC(=O)CNC(=O)C(Cc2ccccc2)NC(=O)CNC(=O)CCc3c[nH]c(c34)cccc4	3503	1					
O=C1CCC(N1)C(=O)NCC(=O)NC(Cc2c[nH]c(c23)cccc3)C(=O)NCC(=O)NCCc4ccccc4	3504	1					
O1CCCOC1C(=O)OCC(=O)C(CC(C2=O)CCCN2)NC(=O)CNC(=O)c(c3)[nH]c(c34)cccc4	3505	1					
C1CCCCC1C(=O)OCC(=O)C(CC(C2=O)CCCN2)NC(=O)CNC(=O)c(c3)[nH]c(c34)cccc4	3506	1					
c1ncncc1C(=O)OCC(=O)C(CC(C2=O)CCCN2)NC(=O)CNC(=O)c(c3)[nH]c(c34)cccc4	3507	1					
n1ccccc1C(=O)OCC(=O)C(CC(C2=O)CCCN2)NC(=O)CNC(=O)c(c3)[nH]c(c34)cccc4	3508	1					
c1ncccc1C(=O)OCC(=O)C(CC(C2=O)CCCN2)NC(=O)CNC(=O)c(c3)[nH]c(c34)cccc4	3509	1					
C1N=Nc(c12)cccc2	351	1	-3.906	-3.815	/home/anacleto/Desktop/manuscript_Mpro/naturecomm/supplementary_file_S2/6-chemical-library/molecular_docking/PDBQT/7cam_A_351_chainA/docking_351_chainA_out.pdbqt	/home/anacleto/Desktop/manuscript_Mpro/naturecomm/supplementary_file_S2/6-chemical-library/molecular_docking/PDBQT/7cam_B_351_chainB/docking_351_chainB_out.pdbqt	/home/anacleto/Desktop/manuscript_Mpro/naturecomm/supplementary_file_S2/6-chemical-library/molecular_docking/combined_complexes/7cam_351_combined/7cam_351_combined_pose_1.pdb
c1cnccc1C(=O)OCC(=O)C(CC(C2=O)CCCN2)NC(=O)CNC(=O)c(c3)[nH]c(c34)cccc4	3510	1					
c1ccccc1C(=O)OCC(=O)C(CC(C2=O)CCCN2)NC(=O)CNC(=O)c(c3)[nH]c(c34)cccc4	3511	1					
c1[nH]ncc1C(=O)OCC(=O)C(CC(C2=O)CCCN2)NC(=O)CNC(=O)c(c3)[nH]c(c34)cccc4	3512	1					
c1ncccc1C(=O)OCC(=O)C(CC(C2=O)CCN2)NC(=O)CNC(=O)c(c3)[nH]c(c34)cccc4	3513	1					
c1cccc(c12)[nH]cc2CC(NC(=O)CCc3cnc[nH]3)C(=O)NCC(=O)NCCc4ccccc4	3514	1					
c1cccc(c12)[nH]cc2CC(NC(=O)CCc3c[nH]cn3)C(=O)NCC(=O)NCCc4ccccc4	3515	1					
c1cccc(c12)CN(CC2)C(=O)CNC(=O)C(Cc3cccs3)NC(=O)CNC(=O)C4CCCN4	3516	1					
c1cccc(c12)cncc2NC(=O)C(c3ccccc3)NC(=O)COCC(=O)N4CCCC4	3517	1					
c1ccccc1CCNC(=O)C(c2cccnc2)NC(=O)c(cc3)nc(c34)[nH]c(=O)[nH]c4=O	3518	1					
c1ccccc1CCNC(=O)CN(c2ccccc2)C(=O)c(cc3)nc(c34)[nH]c(=O)[nH]c4=O	3519	1					
c1coc(c12)cccc2	352	1	-4.031	-4.011	/home/anacleto/Desktop/manuscript_Mpro/naturecomm/supplementary_file_S2/6-chemical-library/molecular_docking/PDBQT/7cam_A_352_chainA/docking_352_chainA_out.pdbqt	/home/anacleto/Desktop/manuscript_Mpro/naturecomm/supplementary_file_S2/6-chemical-library/molecular_docking/PDBQT/7cam_B_352_chainB/docking_352_chainB_out.pdbqt	/home/anacleto/Desktop/manuscript_Mpro/naturecomm/supplementary_file_S2/6-chemical-library/molecular_docking/combined_complexes/7cam_352_combined/7cam_352_combined_pose_1.pdb
c1cccc(c12)cncc2NC(=O)C(c3ccccc3)NC(=O)CNC(=O)c4ccccc4	3520	1					
c1ccccc1CCNC(=O)C(c2cccnc2)NC(=O)c(c3)nn(c34)CCNS4(=O)=O	3521	1					
c1ccccc1CCNC(=O)CN(c2ccccc2)C(=O)c(c3)nn(c34)CCNS4(=O)=O	3522	1					
c1ccccc1CCNC(=O)C(c2cccnc2)NC(=O)c3[nH]nc(c34)CCS(=O)(=O)C4	3523	1					
c1ccccc1CCNC(=O)CN(C(=O)c2cocn2)c(c3)ccc(c34)S(=O)(=O)CCC4	3524	1					
c1ccccc1CCNC(=O)CN(c2ccccc2)C(=O)c3[nH]nc(c34)CCS(=O)(=O)C4	3525	1					
c1ccccc1CCNC(=O)CN(C(=O)c2cnc[nH]2)c(c3)ccc(c34)S(=O)(=O)CCC4	3526	1					
c1ccccc1CCNC(=O)C(c2cccnc2)NC(=O)c(c3)[nH]c(c34)[nH]c(=O)[nH]c4=O	3527	1					
c1ccccc1CCNC(=O)CN(c2ccccc2)C(=O)c(c3)[nH]c(c34)[nH]c(=O)[nH]c4=O	3528	1					
O=c1ccn(c(=O)[nH]1)CC(=O)NC(c2ccccc2)C(=O)Nc3cncc(c34)cccc4	3529	1					
c1ccn(c12)cccc2	353	1	-3.71	-3.874	/home/anacleto/Desktop/manuscript_Mpro/naturecomm/supplementary_file_S2/6-chemical-library/molecular_docking/PDBQT/7cam_A_353_chainA/docking_353_chainA_out.pdbqt	/home/anacleto/Desktop/manuscript_Mpro/naturecomm/supplementary_file_S2/6-chemical-library/molecular_docking/PDBQT/7cam_B_353_chainB/docking_353_chainB_out.pdbqt	/home/anacleto/Desktop/manuscript_Mpro/naturecomm/supplementary_file_S2/6-chemical-library/molecular_docking/combined_complexes/7cam_353_combined/7cam_353_combined_pose_1.pdb
c1ccccc1CCNC(=O)C(c2cccnc2)NC(=O)c(cc3=O)oc(c34)cccc4	3530	1					
c1ccccc1CCNC(=O)CN(c2ccccc2)C(=O)c(cc3=O)oc(c34)cccc4	3531	1					
c1ccccc1CCNC(=O)C(c2cccnc2)Nc(c3)ccc(c34)S(=O)(=O)CCC4	3532	1					
N1CCC(C1=O)CCNC(=O)C(CC2CCCCC2)NC(=O)c(c3)[nH]c(c34)cccc4	3533	1					
C1OCCc(c12)[nH]c(=O)c(c2)C(NC(=O)c3cocn3)C(=O)NCCc4ccccc4	3534	1					
N1CCC(C1=O)CCNC(=O)C(Cc2ccccc2)NC(=O)c(c3)[nH]c(c34)cccc4	3535	1					
c1ccccc1CCNC(=O)CN(C(=O)c2cocn2)c(c3)ccc(c34)NC(=O)CC4	3536	1					
c1ccccc1CCNC(=O)CN(C(=O)c2cnc[nH]2)c(c3)ccc(c34)NC(=O)CC4	3537	1					
c1ccccc1CCNC(=O)C(c2cccnc2)NC(=O)c3nnn(c34)cc[nH]c4=O	3538	1					
c1ccccc1CCNC(=O)C(c2cccnc2)NC(=O)c([nH]3)cc(=O)n(c34)ncn4	3539	1					
c1c[nH]c(c12)cccc2	354	1	-4.205	-4.002	/home/anacleto/Desktop/manuscript_Mpro/naturecomm/supplementary_file_S2/6-chemical-library/molecular_docking/PDBQT/7cam_A_354_chainA/docking_354_chainA_out.pdbqt	/home/anacleto/Desktop/manuscript_Mpro/naturecomm/supplementary_file_S2/6-chemical-library/molecular_docking/PDBQT/7cam_B_354_chainB/docking_354_chainB_out.pdbqt	/home/anacleto/Desktop/manuscript_Mpro/naturecomm/supplementary_file_S2/6-chemical-library/molecular_docking/combined_complexes/7cam_354_combined/7cam_354_combined_pose_1.pdb
c1cccn(c12)c(=O)c(cn2)C(NC(=O)c3cocn3)C(=O)NCCc4ccccc4	3540	1					
c1ccccc1CCNC(=O)CN(C(=O)c2ccco2)Cc3cccc(c34)CCCC4	3541	1					
c1cccc(c12)cncc2NC(=O)C(c3ccccc3)NC(=O)CNC(=O)C4CCC4	3542	1					
c1ccccc1CCNC(=O)CN(c2ccccc2)C(=O)c3nnn(c34)cc[nH]c4=O	3543	1					
c1ccccc1CCNC(=O)CN(c2ccccc2)C(=O)c([nH]3)cc(=O)n(c34)ncn4	3544	1					
c1ccccc1CCNC(=O)C(NC(=O)c2cocn2)c3cc(=O)[nH]c(c34)cccc4	3545	1					
c1ccccc1CCNC(=O)C(NC(=O)c2cnc[nH]2)c3cc(=O)[nH]c(c34)cccc4	3546	1					
c1ccccc1CCNC(=O)CN(C(=O)c2ccco2)C(=O)c(c3)[nH]c(c34)cccc4	3547	1					
c1ccccc1CCNC(=O)C(NC(=O)c2ccco2)c3cc(=O)[nH]c(c34)cccc4	3548	1					
c1cccc(c12)cncc2NC(=O)C(c3ccccc3)NC(=O)COc4ccccc4	3549	1					
[n-]1cnc(c12)cccc2	355	1	-3.759	-3.688	/home/anacleto/Desktop/manuscript_Mpro/naturecomm/supplementary_file_S2/6-chemical-library/molecular_docking/PDBQT/7cam_A_355_chainA/docking_355_chainA_out.pdbqt	/home/anacleto/Desktop/manuscript_Mpro/naturecomm/supplementary_file_S2/6-chemical-library/molecular_docking/PDBQT/7cam_B_355_chainB/docking_355_chainB_out.pdbqt	/home/anacleto/Desktop/manuscript_Mpro/naturecomm/supplementary_file_S2/6-chemical-library/molecular_docking/combined_complexes/7cam_355_combined/7cam_355_combined_pose_1.pdb
c1ccccc1CCNC(=O)C(c2cccnc2)NC(=O)c(n3)sc(c34)ccnc4	3550	1					
c1ccccc1CCNC(=O)CN(c2ccccc2)C(=O)c(n3)sc(c34)ccnc4	3551	1					
n1ccncc1C(=O)NC(C2CCCCC2)C(=O)NCC(=O)N(C3)CC(C34)CCC4	3552	1					
O=C1CCC(N1)C(=O)NC(Cc2cnc[nH]2)C(=O)NCCc3c[nH]c(c34)cccc4	3553	1					
O=C1CCC(N1)C(=O)NC(Cc2c[nH]cn2)C(=O)NCCc3c[nH]c(c34)cccc4	3554	1					
c1ccccc1CCNC(=O)CN(C(=O)c2cocn2)c(c3)ccc(c34)COCC4	3555	1					
c1ccccc1CCNC(=O)CN(C(=O)c2cocn2)C(C3)COc(c34)cccc4	3556	1					
c1ccccc1CCNC(=O)CN(C(=O)c2cnc[nH]2)c(c3)ccc(c34)CCOC4	3557	1					
C1OCCc(c12)[nH]c(=O)c(c2)C(Nc3ccccc3)C(=O)NCCc4ccccc4	3558	1					
N1CCN(C1=O)CC(=O)NC(c2ccccc2)C(=O)Nc3cncc(c34)cccc4	3559	1					
S1C=CN(C1=2)CCN2	356	1	-3.047	-2.893	/home/anacleto/Desktop/manuscript_Mpro/naturecomm/supplementary_file_S2/6-chemical-library/molecular_docking/PDBQT/7cam_A_356_chainA/docking_356_chainA_out.pdbqt	/home/anacleto/Desktop/manuscript_Mpro/naturecomm/supplementary_file_S2/6-chemical-library/molecular_docking/PDBQT/7cam_B_356_chainB/docking_356_chainB_out.pdbqt	/home/anacleto/Desktop/manuscript_Mpro/naturecomm/supplementary_file_S2/6-chemical-library/molecular_docking/combined_complexes/7cam_356_combined/7cam_356_combined_pose_1.pdb
O=C1CCC(CN1)C(=O)NC(c2ccccc2)C(=O)Nc3cncc(c34)cccc4	3560	1					
c1ccccc1CCNC(=O)C(c2cccnc2)NC(=O)c(n3)nn(c34)cccn4	3561	1					
c1ccccc1CCNC(=O)C(c2cccnc2)Nc(c3)ccc(c34)NC(=O)CC4	3562	1					
c1ccccc1CCNC(=O)CN(c2ccccc2)C(=O)c(n3)nn(c34)cccn4	3563	1					
c1ccccc1CCNC(=O)C(c2cccnc2)NCc3cccc(c34)CCCC4	3564	1					
c1ccccc1CCNC(=O)C(c2cccnc2)NC(=O)c(n3)cn(c34)cccc4	3565	1					
c1ccccc1CCNC(=O)C(NC(=O)c2ccco2)c3cncc(c34)cccc4	3566	1					
c1ccccc1NC(c(cn2)c(=O)n(c23)cccc3)C(=O)NCCc4ccccc4	3567	1					
c1ccccc1CCNC(=O)CN(c2ccccc2)C(=O)c(n3)cn(c34)cccc4	3568	1					
c1ccccc1CCNC(=O)C(c2cccnc2)NC(=O)c(c3)[nH]c(c34)cccc4	3569	1					
s1cnn(c12)cnn2	357	1	-3.224	-2.987	/home/anacleto/Desktop/manuscript_Mpro/naturecomm/supplementary_file_S2/6-chemical-library/molecular_docking/PDBQT/7cam_A_357_chainA/docking_357_chainA_out.pdbqt	/home/anacleto/Desktop/manuscript_Mpro/naturecomm/supplementary_file_S2/6-chemical-library/molecular_docking/PDBQT/7cam_B_357_chainB/docking_357_chainB_out.pdbqt	/home/anacleto/Desktop/manuscript_Mpro/naturecomm/supplementary_file_S2/6-chemical-library/molecular_docking/combined_complexes/7cam_357_combined/7cam_357_combined_pose_1.pdb
c1ccccc1CCNC(=O)C(Nc2ccccc2)c3cc(=O)[nH]c(c34)cccc4	3570	1					
c1ccccc1CC(=O)NC(c2ccccc2)C(=O)Nc3cncc(c34)cccc4	3571	1					
c1ccccc1CCNC(=O)C(c2cccnc2)NC(=O)c(n3)sc(c34)CCC4	3572	1					
n1csc(c12)ccc(c2)N(C(=O)c3cocn3)CC(=O)NCCc4ccccc4	3573	1					
n1cocc1C(=O)N(c(cc2)cc(c23)scn3)CC(=O)NCCc4ccccc4	3574	1					
c1ccccc1CCNC(=O)CN(c2ccccc2)C(=O)c(n3)sc(c34)CCC4	3575	1					
n1csc(c12)cc(cc2)N(C(=O)c3cnc[nH]3)CC(=O)NCCc4ccccc4	3576	1					
c1ccccc1CCNC(=O)C(NC(=O)c2ccco2)c3snc(c34)cccc4	3577	1					
c1ccccc1CCNC(=O)CN(C(=O)c2cocn2)C(CO3)CC34CCCC4	3578	1					
c1ccccc1CCNC(=O)CN(C(=O)c2cocn2)C(C3)CCC(C34)OCC4	3579	1					
n1csc(c12)CCC2	358	1	-3.325	-3.236	/home/anacleto/Desktop/manuscript_Mpro/naturecomm/supplementary_file_S2/6-chemical-library/molecular_docking/PDBQT/7cam_A_358_chainA/docking_358_chainA_out.pdbqt	/home/anacleto/Desktop/manuscript_Mpro/naturecomm/supplementary_file_S2/6-chemical-library/molecular_docking/PDBQT/7cam_B_358_chainB/docking_358_chainB_out.pdbqt	/home/anacleto/Desktop/manuscript_Mpro/naturecomm/supplementary_file_S2/6-chemical-library/molecular_docking/combined_complexes/7cam_358_combined/7cam_358_combined_pose_1.pdb
O1CCC12CCC(CC2)N(C(=O)c3cocn3)CC(=O)NCCc4ccccc4	3580	1					
c1ccccc1CCNC(=O)CN(C(=O)c2cnc[nH]2)C(C3)CCC(C34)OCC4	3581	1					
O1CCC12CCC(CC2)N(C(=O)c3cnc[nH]3)CC(=O)NCCc4ccccc4	3582	1					
C1CCC12CC(CCC2)N(C(=O)c3cnc[nH]3)CC(=O)NCCc4ccccc4	3583	1					
c1ccccc1CCNC(=O)CN(C(=O)c2cocn2)C3COc(c34)cccc4	3584	1					
n1cocc1C(=O)NC(c(cn2)cn(c23)ncn3)C(=O)NCCc4ccccc4	3585	1					
O1CCNCC1C(=O)NC(c2ccccc2)C(=O)Nc3cncc(c34)cccc4	3586	1					
n1cocc1C(=O)N(c(cc2)cc(c23)ocn3)CC(=O)NCCc4ccccc4	3587	1					
c1ccccc1CCNC(=O)CN(C(=O)c2cocn2)C3CCc(c34)cccc4	3588	1					
n1cocc1C(=O)N(c(cc2)cc(c23)[nH]cn3)CC(=O)NCCc4ccccc4	3589	1					
s1cnn(c12)ccn2	359	1	-3.223	-2.953	/home/anacleto/Desktop/manuscript_Mpro/naturecomm/supplementary_file_S2/6-chemical-library/molecular_docking/PDBQT/7cam_A_359_chainA/docking_359_chainA_out.pdbqt	/home/anacleto/Desktop/manuscript_Mpro/naturecomm/supplementary_file_S2/6-chemical-library/molecular_docking/PDBQT/7cam_B_359_chainB/docking_359_chainB_out.pdbqt	/home/anacleto/Desktop/manuscript_Mpro/naturecomm/supplementary_file_S2/6-chemical-library/molecular_docking/combined_complexes/7cam_359_combined/7cam_359_combined_pose_1.pdb
n1coc(c12)cc(cc2)N(C(=O)c3cnc[nH]3)CC(=O)NCCc4ccccc4	3590	1					
n1c[nH]c(c12)ccc(c2)N(C(=O)c3cocn3)CC(=O)NCCc4ccccc4	3591	1					
c1ccccc1CCNC(=O)CN(C(=O)c2cocn2)c(c3)ccc(c34)[nH]nc4	3592	1					
n1c[nH]c(c12)ccc(c2)N(C(=O)c3cnc[nH]3)CC(=O)NCCc4ccccc4	3593	1					
c1ccccc1CCNC(=O)CN(C(=O)c2cnc[nH]2)c(c3)ccc(c34)[nH]nc4	3594	1					
o1cccc1C(=O)NC(c(cn2)n(c23)cccc3)C(=O)NCCc4ccccc4	3595	1					
c1ccccc1CCNC(=O)CN(C(=O)c2cocn2)c(c3)ccc(c34)[nH]cc4	3596	1					
c1ccccc1CCNC(=O)C(NC(=O)c2ccco2)c3n[nH]c(c34)cccc4	3597	1					
c1ccccc1CCNC(=O)C(NC(=O)c2ccco2)c3[nH]nc(c34)cccc4	3598	1					
c1ccccc1CCNC(=O)C(NC(=O)c2ccco2)c3coc(c34)cccc4	3599	1					
O=C1CCC(=O)N1	36	1	-3.453	-3.509	/home/anacleto/Desktop/manuscript_Mpro/naturecomm/supplementary_file_S2/6-chemical-library/molecular_docking/PDBQT/7cam_A_36_chainA/docking_36_chainA_out.pdbqt	/home/anacleto/Desktop/manuscript_Mpro/naturecomm/supplementary_file_S2/6-chemical-library/molecular_docking/PDBQT/7cam_B_36_chainB/docking_36_chainB_out.pdbqt	/home/anacleto/Desktop/manuscript_Mpro/naturecomm/supplementary_file_S2/6-chemical-library/molecular_docking/combined_complexes/7cam_36_combined/7cam_36_combined_pose_1.pdb
s1ccn(c12)cnc2	360	1	-3.061	-2.912	/home/anacleto/Desktop/manuscript_Mpro/naturecomm/supplementary_file_S2/6-chemical-library/molecular_docking/PDBQT/7cam_A_360_chainA/docking_360_chainA_out.pdbqt	/home/anacleto/Desktop/manuscript_Mpro/naturecomm/supplementary_file_S2/6-chemical-library/molecular_docking/PDBQT/7cam_B_360_chainB/docking_360_chainB_out.pdbqt	/home/anacleto/Desktop/manuscript_Mpro/naturecomm/supplementary_file_S2/6-chemical-library/molecular_docking/combined_complexes/7cam_360_combined/7cam_360_combined_pose_1.pdb
c1ccccc1CCNC(=O)C(c2cccnc2)Nc(c3)ccc(c34)COCC4	3600	1					
c1ccccc1CCNC(=O)C(c2cccnc2)Nc(c3)ccc(c34)CCOC4	3601	1					
c1ccccc1CCNC(=O)C(c2cccnc2)NC(C3)COc(c34)cccc4	3602	1					
c1ccccc1CCNC(=O)CN(C(=O)c2cnc[nH]2)c(c3)ccc(c34)[nH]cc4	3603	1					
n1ncnn1CC(=O)NC(c2ccccc2)C(=O)Nc3cncc(c34)cccc4	3604	1					
n1cncn1CC(=O)NC(c2ccccc2)C(=O)Nc3cncc(c34)cccc4	3605	1					
c1ncccc1NC(=O)C(c2ccccc2)C(=O)c3cc(=O)[nH]c(c34)cccc4	3606	1					
c1ccccc1CCNC(=O)C(Nc2ccccc2)c3cncc(c34)cccc4	3607	1					
C1CCCCC1CCN(Cc2cccs2)C(=O)Cc3cncc(c34)cccc4	3608	1					
n1csc(c12)ccc(c2)NC(c3cccnc3)C(=O)NCCc4ccccc4	3609	1					
s1ccn(c12)ccn2	361	1	-3.193	-2.901	/home/anacleto/Desktop/manuscript_Mpro/naturecomm/supplementary_file_S2/6-chemical-library/molecular_docking/PDBQT/7cam_A_361_chainA/docking_361_chainA_out.pdbqt	/home/anacleto/Desktop/manuscript_Mpro/naturecomm/supplementary_file_S2/6-chemical-library/molecular_docking/PDBQT/7cam_B_361_chainB/docking_361_chainB_out.pdbqt	/home/anacleto/Desktop/manuscript_Mpro/naturecomm/supplementary_file_S2/6-chemical-library/molecular_docking/combined_complexes/7cam_361_combined/7cam_361_combined_pose_1.pdb
n1csc(c12)cc(cc2)NC(c3cccnc3)C(=O)NCCc4ccccc4	3610	1					
c1ccccc1CCNC(=O)C(Nc2ccccc2)c3snc(c34)cccc4	3611	1					
C1CCC(C12)CC(C2)N(C(=O)c3cocn3)CC(=O)NCCc4ccccc4	3612	1					
c1ccccc1CCNC(=O)C(c2cccnc2)NC(CO3)CC34CCCC4	3613	1					
c1ccccc1CCNC(=O)C(c2cccnc2)NC(C3)CCC(C34)OCC4	3614	1					
O1CCC12CCC(CC2)NC(c3cccnc3)C(=O)NCCc4ccccc4	3615	1					
c1cccc(c12)n(nn2)CC(=O)N(c3ccccc3)CC(=O)N4CCNCC4	3616	1					
C1CCC12CC(CCC2)NC(c3cccnc3)C(=O)NCCc4ccccc4	3617	1					
o1cccc1C(=O)NC(c2cccnc2)C(=O)NCn(nn3)c(c34)cccc4	3618	1					
c1ccccc1CCNC(=O)CN(C(=O)c2cocn2)C3Cc(c34)cccc4	3619	1					
O1CC12CCCCC2	362	1	-3.597	-3.448	/home/anacleto/Desktop/manuscript_Mpro/naturecomm/supplementary_file_S2/6-chemical-library/molecular_docking/PDBQT/7cam_A_362_chainA/docking_362_chainA_out.pdbqt	/home/anacleto/Desktop/manuscript_Mpro/naturecomm/supplementary_file_S2/6-chemical-library/molecular_docking/PDBQT/7cam_B_362_chainB/docking_362_chainB_out.pdbqt	/home/anacleto/Desktop/manuscript_Mpro/naturecomm/supplementary_file_S2/6-chemical-library/molecular_docking/combined_complexes/7cam_362_combined/7cam_362_combined_pose_1.pdb
O1CCCC1C(=O)NC(c2ccccc2)C(=O)Nc3cncc(c34)cccc4	3620	1					
c1ccccc1N(C(=O)c2ccco2)CC(=O)NCn(nn3)c(c34)cccc4	3621	1					
C1NCCC1C(=O)NC(c2ccccc2)C(=O)Nc3cncc(c34)cccc4	3622	1					
O1N=CCC1C(=O)NC(c2ccccc2)C(=O)Nc3cncc(c34)cccc4	3623	1					
C1CCCCC1CCN(c2ccccc2)C(=O)Nc3cncc(c34)cccc4	3624	1					
c1ccccc1CCNC(=O)C(c2cccnc2)NC3COc(c34)cccc4	3625	1					
O=c1[nH]c(=O)[nH]c(c12)nc(cc2)C(=O)N(c3ccccc3)Cc4cccnc4	3626	1					
C1CCCCC1CCN(c2ccccc2)C(=O)Cc3cncc(c34)cccc4	3627	1					
c1ccccc1NC(c(cn2)cn(c23)ncn3)C(=O)NCCc4ccccc4	3628	1					
n1coc(c12)cc(cc2)NC(c3cccnc3)C(=O)NCCc4ccccc4	3629	1					
C1NCC12CCCC2	363	1	-3.585	-3.532	/home/anacleto/Desktop/manuscript_Mpro/naturecomm/supplementary_file_S2/6-chemical-library/molecular_docking/PDBQT/7cam_A_363_chainA/docking_363_chainA_out.pdbqt	/home/anacleto/Desktop/manuscript_Mpro/naturecomm/supplementary_file_S2/6-chemical-library/molecular_docking/PDBQT/7cam_B_363_chainB/docking_363_chainB_out.pdbqt	/home/anacleto/Desktop/manuscript_Mpro/naturecomm/supplementary_file_S2/6-chemical-library/molecular_docking/combined_complexes/7cam_363_combined/7cam_363_combined_pose_1.pdb
c1ccccc1CCNC(=O)C(c2cccnc2)NC3CCc(c34)cccc4	3630	1					
n1c[nH]c(c12)ccc(c2)NC(c3cccnc3)C(=O)NCCc4ccccc4	3631	1					
n1c[nH]c(c12)cc(cc2)NC(c3cccnc3)C(=O)NCCc4ccccc4	3632	1					
c1ccccc1CCNC(=O)C(c2cccnc2)Nc(c3)ccc(c34)[nH]nc4	3633	1					
n1[nH]ccc1C(=O)NC(c2ccccc2)C(=O)Nc3cncc(c34)cccc4	3634	1					
c1ccccc1NC(c(cn2)n(c23)cccc3)C(=O)NCCc4ccccc4	3635	1					
c1ccccc1CCNC(=O)C(c2cccnc2)Nc(c3)ccc(c34)[nH]cc4	3636	1					
c1ccccc1CCNC(=O)C(Nc2ccccc2)c3n[nH]c(c34)cccc4	3637	1					
c1ccccc1CCNC(=O)C(Nc2ccccc2)c3[nH]nc(c34)cccc4	3638	1					
c1ccccc1CCNC(=O)C(Nc2ccccc2)c3coc(c34)cccc4	3639	1					
C1NCC(C12)CCC2	364	1	-3.637	-3.652	/home/anacleto/Desktop/manuscript_Mpro/naturecomm/supplementary_file_S2/6-chemical-library/molecular_docking/PDBQT/7cam_A_364_chainA/docking_364_chainA_out.pdbqt	/home/anacleto/Desktop/manuscript_Mpro/naturecomm/supplementary_file_S2/6-chemical-library/molecular_docking/PDBQT/7cam_B_364_chainB/docking_364_chainB_out.pdbqt	/home/anacleto/Desktop/manuscript_Mpro/naturecomm/supplementary_file_S2/6-chemical-library/molecular_docking/combined_complexes/7cam_364_combined/7cam_364_combined_pose_1.pdb
c1cccc(c12)CN(C2=O)C(c3ccccc3)C(=O)NCCc4ccccc4	3640	1					
c1ccccc1CCN(c2ccccc2)C(=O)c3cc(=O)[nH]c(c34)cccc4	3641	1					
O=S1(=O)NCCn(c12)nc(c2)C(=O)N(c3ccccc3)Cc4cccnc4	3642	1					
c1ncccc1CN(C(=O)c2cocn2)c(c3)ccc(c34)S(=O)(=O)CCC4	3643	1					
c1ncccc1CN(C(=O)c2cnc[nH]2)c(c3)ccc(c34)S(=O)(=O)CCC4	3644	1					
C1S(=O)(=O)CCc(c12)n[nH]c2C(=O)N(c3ccccc3)Cc4cccnc4	3645	1					
c1ccccc1CN(c(c2)ccc(c23)[nH]c(=O)[nH]3)S(=O)(=O)c4ccccc4	3646	1					
[nH]1c(=O)[nH]c(c12)ccc(c2)NC(=O)CNC(c3cccs3)c4ccccc4	3647	1					
C1CCC12CC(C2)N(C(=O)c3cocn3)CC(=O)NCCc4ccccc4	3648	1					
C1CCC(C12)CC(C2)NC(c3cccnc3)C(=O)NCCc4ccccc4	3649	1					
C12CCN(CC1)CC2	365	1	-3.48	-3.324	/home/anacleto/Desktop/manuscript_Mpro/naturecomm/supplementary_file_S2/6-chemical-library/molecular_docking/PDBQT/7cam_A_365_chainA/docking_365_chainA_out.pdbqt	/home/anacleto/Desktop/manuscript_Mpro/naturecomm/supplementary_file_S2/6-chemical-library/molecular_docking/PDBQT/7cam_B_365_chainB/docking_365_chainB_out.pdbqt	/home/anacleto/Desktop/manuscript_Mpro/naturecomm/supplementary_file_S2/6-chemical-library/molecular_docking/combined_complexes/7cam_365_combined/7cam_365_combined_pose_1.pdb
O1CCCC1CNC(c2ccccc2)C(=O)Nc3cncc(c34)cccc4	3650	1					
O=c1[nH]c(=O)[nH]c(c12)[nH]c(c2)C(=O)N(c3ccccc3)Cc4cccnc4	3651	1					
c1ccccc1NC(c2cccnc2)C(=O)NCn(nn3)c(c34)cccc4	3652	1					
c1ccccc1CCNC(=O)C(c2cccnc2)NC3Cc(c34)cccc4	3653	1					
c1cccc(c12)oc(cc2=O)C(=O)N(c3ccccc3)Cc4cccnc4	3654	1					
c1ncccc1CN(c2ccccc2)C(=O)c3cc(=O)[nH]c(c34)cccc4	3655	1					
c1ccccc1CN(c2cccnc2)C(=O)Cc3cncc(c34)cccc4	3656	1					
c1ccccc1CN(c2ccccn2)C(=O)Cc3cncc(c34)cccc4	3657	1					
C1C=CS=C1CNC(=O)C(c2ccccc2)N(C3=O)Cc(c34)cccc4	3658	1					
c1cccc(c12)n(nn2)CC(=O)N(Cc3cccs3)Cc4ccccc4	3659	1					
C1CCC(C12)CCC2	366	1	-3.912	-3.713	/home/anacleto/Desktop/manuscript_Mpro/naturecomm/supplementary_file_S2/6-chemical-library/molecular_docking/PDBQT/7cam_A_366_chainA/docking_366_chainA_out.pdbqt	/home/anacleto/Desktop/manuscript_Mpro/naturecomm/supplementary_file_S2/6-chemical-library/molecular_docking/PDBQT/7cam_B_366_chainB/docking_366_chainB_out.pdbqt	/home/anacleto/Desktop/manuscript_Mpro/naturecomm/supplementary_file_S2/6-chemical-library/molecular_docking/combined_complexes/7cam_366_combined/7cam_366_combined_pose_1.pdb
n1cscc1CN(c2ccccn2)C(=O)Cc3cncc(c34)cccc4	3660	1					
c1ccccc1NC(=O)C(c2cccnc2)Nc(cc3)cc(c34)scn4	3661	1					
c1ccccc1N(Cc2cscn2)C(=O)Cc3cncc(c34)cccc4	3662	1					
c1sccc1CN(c2ccccc2)C(=O)Cc3cncc(c34)cccc4	3663	1					
o1cccc1C(=O)N(C(C2)C23CCC3)CC(=O)NCCc4ccccc4	3664	1					
c1ccccc1N(C(=O)c2cocn2)Cc(c3)c(=O)[nH]c(c34)CCOC4	3665	1					
C1CCC12CC(C2)NC(c3cccnc3)C(=O)NCCc4ccccc4	3666	1					
c1cccc(c12)n(cn2)CC(=O)N(CC3CCCO3)Cc4ccccc4	3667	1					
c1ncccc1CN(C(=O)c2cocn2)c(c3)ccc(c34)NC(=O)CC4	3668	1					
c1ncccc1CN(C(=O)c2cnc[nH]2)c(c3)ccc(c34)NC(=O)CC4	3669	1					
O1CCn(c12)ncc2	367	1	-3.303	-3.06	/home/anacleto/Desktop/manuscript_Mpro/naturecomm/supplementary_file_S2/6-chemical-library/molecular_docking/PDBQT/7cam_A_367_chainA/docking_367_chainA_out.pdbqt	/home/anacleto/Desktop/manuscript_Mpro/naturecomm/supplementary_file_S2/6-chemical-library/molecular_docking/PDBQT/7cam_B_367_chainB/docking_367_chainB_out.pdbqt	/home/anacleto/Desktop/manuscript_Mpro/naturecomm/supplementary_file_S2/6-chemical-library/molecular_docking/combined_complexes/7cam_367_combined/7cam_367_combined_pose_1.pdb
O1COc(c12)ccc(c2)NC(=O)C(c3cccnc3)Nc4ccccc4	3670	1					
c1ncccc1CN(C(=O)c2ccco2)Cc3cccc(c34)CCCC4	3671	1					
c1cccc(c12)n(nn2)CC(=O)N(Cc3ccco3)Cc4ccccc4	3672	1					
n1cnn(c12)c(=O)cc([nH]2)C(=O)N(c3ccccc3)Cc4cccnc4	3673	1					
c1ncccc1CN(c2ccccc2)C(=O)c3nnn(c34)cc[nH]c4=O	3674	1					
c1ccccc1N(C(=O)c2cocn2)Cc(cn3)c(=O)n(c34)cccc4	3675	1					
c1cccc(c12)n(nn2)CC(=O)N(Cc3ccccn3)c4cncnc4	3676	1					
c1ccccc1N(C(=O)c2cocn2)Cc3cc(=O)[nH]c(c34)cccc4	3677	1					
c1cccc(c12)[nH]c(c2)C(=O)N(C(=O)c3ccco3)Cc4cccnc4	3678	1					
c1ccccc1N(C(=O)c2cnc[nH]2)Cc3cc(=O)[nH]c(c34)cccc4	3679	1					
C12CC(NC1)C=CC2	368	1	-3.843	-3.767	/home/anacleto/Desktop/manuscript_Mpro/naturecomm/supplementary_file_S2/6-chemical-library/molecular_docking/PDBQT/7cam_A_368_chainA/docking_368_chainA_out.pdbqt	/home/anacleto/Desktop/manuscript_Mpro/naturecomm/supplementary_file_S2/6-chemical-library/molecular_docking/PDBQT/7cam_B_368_chainB/docking_368_chainB_out.pdbqt	/home/anacleto/Desktop/manuscript_Mpro/naturecomm/supplementary_file_S2/6-chemical-library/molecular_docking/combined_complexes/7cam_368_combined/7cam_368_combined_pose_1.pdb
c1ccccc1N(C(=O)c2ccco2)Cc3cc(=O)[nH]c(c34)cccc4	3680	1					
c1cccc(c12)n(nn2)NC(=O)N(c3ccccc3)Cc4ccccc4	3681	1					
c1cccc(c12)n(nn2)CC(=O)N(c3cccnc3)Cc4ccccc4	3682	1					
c1cccc(c12)n(nn2)CC(=O)N(c3ccccn3)Cc4ccccc4	3683	1					
c1cccc(c12)n(nn2)CC(=O)N(c3ccccc3)Cc4cccnc4	3684	1					
c1cccc(c12)n(nn2)CC(=O)N(Cc3ccccn3)c4ccccc4	3685	1					
n1ccccc1NC(=O)C(c2ccccc2)N(C3=O)Cc(c34)cccc4	3686	1					
c1ncccc1NC(=O)C(c2ccccc2)N(C3=O)Cc(c34)cccc4	3687	1					
c1cnccc1NC(=O)C(c2ccccc2)N(C3=O)Cc(c34)cccc4	3688	1					
n1ccncc1C(=O)NCC(c2ccccc2)c3c[nH]c(c34)cccc4	3689	1					
n1ncn(c12)CCC2	369	1	-3.287	-3.25	/home/anacleto/Desktop/manuscript_Mpro/naturecomm/supplementary_file_S2/6-chemical-library/molecular_docking/PDBQT/7cam_A_369_chainA/docking_369_chainA_out.pdbqt	/home/anacleto/Desktop/manuscript_Mpro/naturecomm/supplementary_file_S2/6-chemical-library/molecular_docking/PDBQT/7cam_B_369_chainB/docking_369_chainB_out.pdbqt	/home/anacleto/Desktop/manuscript_Mpro/naturecomm/supplementary_file_S2/6-chemical-library/molecular_docking/combined_complexes/7cam_369_combined/7cam_369_combined_pose_1.pdb
c1ccccc1CN(c2ccccc2)C(=O)Cc3nnn(c34)cccc4	3690	1					
c1ccccc1CC(c2ccccc2)C(=O)Nc3nnn(c34)cccc4	3691	1					
c1cccc(c12)n(nn2)NC(=O)C(c3ccccc3)Cc4ccccc4	3692	1					
c1cccc(c12)n(nn2)CC(=O)N(c3ccccc3)Cc4ccccc4	3693	1					
c1ccccc1NC(=O)C(c2ccccc2)N(C3=O)Cc(c34)cccc4	3694	1					
c1ccccc1CN(c2ccccc2)C(=O)Cc3[nH]nc(c34)cccc4	3695	1					
c1ccccc1CC(=O)NC(c2ccccc2)c(n3)[nH]c(c34)cccc4	3696	1					
c1cccc(c12)n(cn2)NC(=O)C(c3ccccc3)Cc4ccccc4	3697	1					
c1ccccc1CN(c2ccccc2)C(=O)Cc3c[nH]c(c34)cccc4	3698	1					
C1CCCCC1NC(SCC(=CS2)N(C2=3)CCN3)=NC4CCCCC4	3699	1					
C1CCCCCC1	37	1	-3.529	-3.303	/home/anacleto/Desktop/manuscript_Mpro/naturecomm/supplementary_file_S2/6-chemical-library/molecular_docking/PDBQT/7cam_A_37_chainA/docking_37_chainA_out.pdbqt	/home/anacleto/Desktop/manuscript_Mpro/naturecomm/supplementary_file_S2/6-chemical-library/molecular_docking/PDBQT/7cam_B_37_chainB/docking_37_chainB_out.pdbqt	/home/anacleto/Desktop/manuscript_Mpro/naturecomm/supplementary_file_S2/6-chemical-library/molecular_docking/combined_complexes/7cam_37_combined/7cam_37_combined_pose_1.pdb
c1n[nH]c(c12)[nH]nc2	370	1	-3.745	-4.489	/home/anacleto/Desktop/manuscript_Mpro/naturecomm/supplementary_file_S2/6-chemical-library/molecular_docking/PDBQT/7cam_A_370_chainA/docking_370_chainA_out.pdbqt	/home/anacleto/Desktop/manuscript_Mpro/naturecomm/supplementary_file_S2/6-chemical-library/molecular_docking/PDBQT/7cam_B_370_chainB/docking_370_chainB_out.pdbqt	/home/anacleto/Desktop/manuscript_Mpro/naturecomm/supplementary_file_S2/6-chemical-library/molecular_docking/combined_complexes/7cam_370_combined/7cam_370_combined_pose_1.pdb
c1ccccc1N(Cc2cscn2)C(=O)Cn(nn3)c(c34)cccc4	3700	1					
c1cccn(c12)c(nn2)NC(=O)C(Cc3ccsc3)c4ccccc4	3701	1					
c1cccc(c12)n(nn2)CC(=O)N(Cc3ccsc3)c4ccccc4	3702	1					
c1sccc1CC(c2ccccc2)C(=O)Nc3n[nH]c(c34)cccc4	3703	1					
c1cccc(c12)n(cn2)NC(=O)C(Cc3ccsc3)c4ccccc4	3704	1					
c1nccc(c12)sc(n2)C(=O)N(c3ccccc3)Cc4cccnc4	3705	1					
c1cccc(c12)n(nn2)CC(=O)N(CC3CCOC3)c4ccccc4	3706	1					
C1CCC12C(C2)NC(c3cccnc3)C(=O)NCCc4ccccc4	3707	1					
c1ccccc1N(C2CCOCC2)C(=O)Cc3cnn(c34)cccc4	3708	1					
c1ncccc1CN(C(=O)c2cocn2)c(c3)ccc(c34)COCC4	3709	1					
[nH]1ccn(c12)ncc2	371	1	-3.567	-3.576	/home/anacleto/Desktop/manuscript_Mpro/naturecomm/supplementary_file_S2/6-chemical-library/molecular_docking/PDBQT/7cam_A_371_chainA/docking_371_chainA_out.pdbqt	/home/anacleto/Desktop/manuscript_Mpro/naturecomm/supplementary_file_S2/6-chemical-library/molecular_docking/PDBQT/7cam_B_371_chainB/docking_371_chainB_out.pdbqt	/home/anacleto/Desktop/manuscript_Mpro/naturecomm/supplementary_file_S2/6-chemical-library/molecular_docking/combined_complexes/7cam_371_combined/7cam_371_combined_pose_1.pdb
c1ncccc1CN(C(=O)c2cocn2)C(C3)COc(c34)cccc4	3710	1					
c1ccccc1N(C2CCCCC2)C(=O)Cn(nn3)c(c34)cccc4	3711	1					
c1cccc(c12)n(nn2)CC(=O)N(CC3CCCC3)c4ccccc4	3712	1					
c1cccc(c12)n(nn2)CC(=O)N(CC3CCC3)Cc4ccccc4	3713	1					
C1CCCCN1C(=O)C(c2ccccc2)N(C3=O)Cc(c34)cccc4	3714	1					
c1ncccc1CN(C(=O)c2cnc[nH]2)c(c3)ccc(c34)CCOC4	3715	1					
c1ccccc1N(Cc2ccn[nH]2)C(=O)Cn(nn3)c(c34)cccc4	3716	1					
c1cccc(c12)n(nn2)CC(=O)N(Cc3cn[nH]c3)c4ccccc4	3717	1					
[nH]1nncc1CC(=O)NC(c2ccccc2)c(n3)[nH]c(c34)cccc4	3718	1					
n1ccccc1N(Cc2ccco2)C(=O)Cc3cnn(c34)cccc4	3719	1					
C1Cc(c12)cccc2	372	1	-4.028	-4.066	/home/anacleto/Desktop/manuscript_Mpro/naturecomm/supplementary_file_S2/6-chemical-library/molecular_docking/PDBQT/7cam_A_372_chainA/docking_372_chainA_out.pdbqt	/home/anacleto/Desktop/manuscript_Mpro/naturecomm/supplementary_file_S2/6-chemical-library/molecular_docking/PDBQT/7cam_B_372_chainB/docking_372_chainB_out.pdbqt	/home/anacleto/Desktop/manuscript_Mpro/naturecomm/supplementary_file_S2/6-chemical-library/molecular_docking/combined_complexes/7cam_372_combined/7cam_372_combined_pose_1.pdb
c1ccccc1C(NCC2CC2)C(=O)Nc3cncc(c34)cccc4	3720	1					
c1[nH]ncc1CC(c2ccccc2)C(=O)Nc3n[nH]c(c34)cccc4	3721	1					
c1[nH]ncc1CC(c2ccccc2)C(=O)Nc3c[nH]c(c34)cccc4	3722	1					
n1cccn(c12)nc(n2)C(=O)N(c3ccccc3)Cc4cccnc4	3723	1					
c1cccn(c12)cc(n2)C(=O)N(c3ccccc3)Cc4cccnc4	3724	1					
c1ccccc1N(c2ccccc2)C(=O)Cn(nn3)c(c34)cccc4	3725	1					
c1cccc(c12)n(nn2)C(=O)N(c3ccccc3)Cc4ccccc4	3726	1					
c1ccccc1N(C(=O)c2ccco2)Cc3cncc(c34)cccc4	3727	1					
n1csc(c12)ccc(c2)N(C(=O)c3cocn3)Cc4cccnc4	3728	1					
n1cocc1C(=O)N(c(cc2)cc(c23)scn3)Cc4cccnc4	3729	1					
C1NCC12CNC2	373	1	-3.349	-3.657	/home/anacleto/Desktop/manuscript_Mpro/naturecomm/supplementary_file_S2/6-chemical-library/molecular_docking/PDBQT/7cam_A_373_chainA/docking_373_chainA_out.pdbqt	/home/anacleto/Desktop/manuscript_Mpro/naturecomm/supplementary_file_S2/6-chemical-library/molecular_docking/PDBQT/7cam_B_373_chainB/docking_373_chainB_out.pdbqt	/home/anacleto/Desktop/manuscript_Mpro/naturecomm/supplementary_file_S2/6-chemical-library/molecular_docking/combined_complexes/7cam_373_combined/7cam_373_combined_pose_1.pdb
C1CCc(c12)sc(n2)C(=O)N(c3ccccc3)Cc4cccnc4	3730	1					
n1csc(c12)cc(cc2)N(C(=O)c3cnc[nH]3)Cc4cccnc4	3731	1					
c1ccccc1N(c2nccs2)C(=O)Cn(nn3)c(c34)cccc4	3732	1					
c1ccccc1N(C(=O)c2ccco2)Cc3snc(c34)cccc4	3733	1					
c1ncccc1CN(C(=O)c2cocn2)C(CO3)CC34CCCC4	3734	1					
c1ncccc1CN(C(=O)c2cocn2)C(C3)CCC(C34)OCC4	3735	1					
O1CCC12CCC(CC2)N(C(=O)c3cocn3)Cc4cccnc4	3736	1					
c1ncccc1CN(C(=O)c2cnc[nH]2)C(C3)CCC(C34)OCC4	3737	1					
O1CCC12CCC(CC2)N(C(=O)c3cnc[nH]3)Cc4cccnc4	3738	1					
C1CCC12CC(CCC2)N(C(=O)c3cnc[nH]3)Cc4cccnc4	3739	1					
C12CC(CN2)NC1	374	1	-3.377	-3.345	/home/anacleto/Desktop/manuscript_Mpro/naturecomm/supplementary_file_S2/6-chemical-library/molecular_docking/PDBQT/7cam_A_374_chainA/docking_374_chainA_out.pdbqt	/home/anacleto/Desktop/manuscript_Mpro/naturecomm/supplementary_file_S2/6-chemical-library/molecular_docking/PDBQT/7cam_B_374_chainB/docking_374_chainB_out.pdbqt	/home/anacleto/Desktop/manuscript_Mpro/naturecomm/supplementary_file_S2/6-chemical-library/molecular_docking/combined_complexes/7cam_374_combined/7cam_374_combined_pose_1.pdb
c1cccc(c12)n(cn2)CC(=O)N(C3COC3)Cc4ccccc4	3740	1					
c1ncccc1CN(C(=O)c2cocn2)C3COc(c34)cccc4	3741	1					
c1ccccc1N(CC2CCC2)C(=O)Cn(nn3)c(c34)cccc4	3742	1					
c1ccccc1N(CC2CCC2)C(=O)Cc3noc(c34)cccc4	3743	1					
c1ccccc1N(C(=O)c2cocn2)Cc(cn3)cn(c34)ncn4	3744	1					
n1cocc1C(=O)N(c(cc2)cc(c23)ocn3)Cc4cccnc4	3745	1					
c1cccc(c12)n(cn2)CC(=O)N(CC3CC3)Cc4ccccc4	3746	1					
c1ncccc1CN(C(=O)c2cocn2)C3CCc(c34)cccc4	3747	1					
n1cocc1C(=O)N(c(cc2)cc(c23)[nH]cn3)Cc4cccnc4	3748	1					
n1coc(c12)cc(cc2)N(C(=O)c3cnc[nH]3)Cc4cccnc4	3749	1					
C12C(C1)CNCC2	375	1	-3.534	-3.314	/home/anacleto/Desktop/manuscript_Mpro/naturecomm/supplementary_file_S2/6-chemical-library/molecular_docking/PDBQT/7cam_A_375_chainA/docking_375_chainA_out.pdbqt	/home/anacleto/Desktop/manuscript_Mpro/naturecomm/supplementary_file_S2/6-chemical-library/molecular_docking/PDBQT/7cam_B_375_chainB/docking_375_chainB_out.pdbqt	/home/anacleto/Desktop/manuscript_Mpro/naturecomm/supplementary_file_S2/6-chemical-library/molecular_docking/combined_complexes/7cam_375_combined/7cam_375_combined_pose_1.pdb
n1c[nH]c(c12)ccc(c2)N(C(=O)c3cocn3)Cc4cccnc4	3750	1					
c1ncccc1CN(C(=O)c2cocn2)c(c3)ccc(c34)[nH]nc4	3751	1					
n1c[nH]c(c12)ccc(c2)N(C(=O)c3cnc[nH]3)Cc4cccnc4	3752	1					
c1ncccc1CN(C(=O)c2cnc[nH]2)c(c3)ccc(c34)[nH]nc4	3753	1					
c1ncccc1CN(C(=O)c2cocn2)c(c3)ccc(c34)[nH]cc4	3754	1					
c1ncccc1CN(C(=O)c2cnc[nH]2)c(c3)ccc(c34)[nH]cc4	3755	1					
c1ccccc1N(C(=O)c2ccco2)Cc3n[nH]c(c34)cccc4	3756	1					
c1ccccc1N(C(=O)c2ccco2)Cc3[nH]nc(c34)cccc4	3757	1					
c1ccccc1N(C(=O)c2ccco2)Cc(cn3)n(c34)cccc4	3758	1					
c1ccccc1N(C(=O)c2ccco2)Cc3coc(c34)cccc4	3759	1					
C1CCC12CCC2	376	1	-3.344	-3.375	/home/anacleto/Desktop/manuscript_Mpro/naturecomm/supplementary_file_S2/6-chemical-library/molecular_docking/PDBQT/7cam_A_376_chainA/docking_376_chainA_out.pdbqt	/home/anacleto/Desktop/manuscript_Mpro/naturecomm/supplementary_file_S2/6-chemical-library/molecular_docking/PDBQT/7cam_B_376_chainB/docking_376_chainB_out.pdbqt	/home/anacleto/Desktop/manuscript_Mpro/naturecomm/supplementary_file_S2/6-chemical-library/molecular_docking/combined_complexes/7cam_376_combined/7cam_376_combined_pose_1.pdb
n1ccccc1NC(c2ccccc2)c(cc3)cc(c34)nccc4	3760	1					
c1ncccc1CN(C2CC2)S(=O)(=O)c(n3)cn(c34)CCCC4	3761	1					
[nH]1cncc1CN(C2CC2)C(=O)CC3CCOc(c34)cccc4	3762	1					
[nH]1ccnc1CN(C2CC2)C(=O)CC3CCOc(c34)cccc4	3763	1					
C1CCC(C12)CC(C2)N(C(=O)c3cocn3)Cc4cccnc4	3764	1					
c1ccccc1N(CC2CC2)C(=O)Cn(nn3)c(c34)cccc4	3765	1					
c1cccc(c12)n(nn2)CC(=O)N(C3CC3)Cc4ccccc4	3766	1					
c1ccccc1N(CC2CC2)C(=O)Cc3noc(c34)cccc4	3767	1					
c1ccccc1N(C2CCC2)C(=O)Cc3noc(c34)cccc4	3768	1					
c1ccccc1N(C2CCC2)C(=O)Cc3cnn(c34)cccc4	3769	1					
C12CC(CC1)CC2	377	1	-3.583	-3.256	/home/anacleto/Desktop/manuscript_Mpro/naturecomm/supplementary_file_S2/6-chemical-library/molecular_docking/PDBQT/7cam_A_377_chainA/docking_377_chainA_out.pdbqt	/home/anacleto/Desktop/manuscript_Mpro/naturecomm/supplementary_file_S2/6-chemical-library/molecular_docking/PDBQT/7cam_B_377_chainB/docking_377_chainB_out.pdbqt	/home/anacleto/Desktop/manuscript_Mpro/naturecomm/supplementary_file_S2/6-chemical-library/molecular_docking/combined_complexes/7cam_377_combined/7cam_377_combined_pose_1.pdb
c1ncccc1CN(C(=O)c2cocn2)C3Cc(c34)cccc4	3770	1					
c1ccccc1C(N2CCNCC2)c(cc3)cc(c34)nccc4	3771	1					
C1CCC12CC(C2)N(C(=O)c3cocn3)Cc4cccnc4	3772	1					
c1ccccc1C(c(c2)ccc(c23)OCO3)N4CCOCC4	3773	1					
[nH]1nccc1CN(C2CC2)C(=O)Cn(nn3)c(c34)cccc4	3774	1					
c1ccccc1N(C2CC2)C(=O)Cc3noc(c34)cccc4	3775	1					
o1cccc1C(=O)N(C(C2)C23CCC3)Cc4cccnc4	3776	1					
c1cccc(c12)CNCC2c3cc(ccc3)S(=O)(=O)NCCOCCOCCNC(=O)NCCCCNC(=O)NCCOCCOCCNS(=O)(=O)c4ccccc4	3777	1					
c1cccc(c12)ccc(c2)CCC(=O)NC(C(=O)NC(C3=O)Cc4ccccc4)CSSCCNC(=O)CNC(=O)CNC(=O)CN3	3778	1					
c1cccc(c12)[nH]cc2CC(N3)C(=O)NCC(=O)NCC(=O)NCCSSCCC(=O)NC(C3=O)Cc4ccccc4	3779	1					
C12C(C1)CCCC2	378	1	-3.555	-3.408	/home/anacleto/Desktop/manuscript_Mpro/naturecomm/supplementary_file_S2/6-chemical-library/molecular_docking/PDBQT/7cam_A_378_chainA/docking_378_chainA_out.pdbqt	/home/anacleto/Desktop/manuscript_Mpro/naturecomm/supplementary_file_S2/6-chemical-library/molecular_docking/PDBQT/7cam_B_378_chainB/docking_378_chainB_out.pdbqt	/home/anacleto/Desktop/manuscript_Mpro/naturecomm/supplementary_file_S2/6-chemical-library/molecular_docking/combined_complexes/7cam_378_combined/7cam_378_combined_pose_1.pdb
C1CC1NC(=O)C(=O)CNC(=O)C2N(CC(C23)CCC3)C(=O)CNC(=O)CNC(=O)c4cnccn4	3780	1					
c1cccc(c12)CN(CC2)C(=O)CNC(=O)CNC(=O)CNC(=O)C3CCCN3C(=O)C4CCCN4	3781	1					
C1CC1NC(=O)C(=O)CNC(=O)C2N(CC(C23)CCC3)C(=O)CNC(=O)CC4CCCCC4	3782	1					
c1ccccc1CCOC(=O)C=Cc2cccc(c23)OCC3C(=O)OCCc4ccccc4	3783	1					
C1CC1NC(=O)C(=O)CNC(=O)C2N(CC(C23)C3)C(=O)CNC(=O)NC4CCCCC4	3784	1					
O1COc(c12)ccc(c2)CNC(=O)c3ccnc(n3)S(=O)(=O)Cc4ccccc4	3785	1					
c1cccc(c12)cncc2NC(=O)Cc3c(cccc3)CNS(=O)(=O)N4CCC4	3786	1					
c1cccc(c12)cncc2NC(=O)Cc3c(cccc3)CNS(=O)(=O)CC4CC4	3787	1					
c1cccc(c12)cncc2NC(=O)CNC(=O)C3CCC(O3)C(=O)N4CCCC4	3788	1					
c1cccc(c12)[nH]c(=O)cc2C(=O)NCCOc3cc(ccc3)OC(N4)CC4=O	3789	1					
C12C=CC(C1)NC2	379	1	-3.526	-3.554	/home/anacleto/Desktop/manuscript_Mpro/naturecomm/supplementary_file_S2/6-chemical-library/molecular_docking/PDBQT/7cam_A_379_chainA/docking_379_chainA_out.pdbqt	/home/anacleto/Desktop/manuscript_Mpro/naturecomm/supplementary_file_S2/6-chemical-library/molecular_docking/PDBQT/7cam_B_379_chainB/docking_379_chainB_out.pdbqt	/home/anacleto/Desktop/manuscript_Mpro/naturecomm/supplementary_file_S2/6-chemical-library/molecular_docking/combined_complexes/7cam_379_combined/7cam_379_combined_pose_1.pdb
C1COCCN1c(n2)c(c(=O)n(c23)cccc3)CC(=O)NCCc4ccccc4	3790	1					
n1nncn1-c(cc2)ccc2CC(=O)NCC(=O)Nc3cncc(c34)cccc4	3791	1					
c1cccc(c12)cncc2NC(=O)CNC(=O)Cn(n3)nnc3-c4ccccc4	3792	1					
n1cscc1C(=N)C(=O)NC2C(=O)N(C23)C=C(CS3)CSC(=O)c4ccco4	3793	1					
c1cccc(c12)[nH]c(=O)cc2C(=O)N3CCN(CC3)S(=O)(=O)c4ccccc4	3794	1					
c1cccc(c12)[nH]c(=O)cc2C(=O)N(CCN3)CC3C(=O)NCc4cccs4	3795	1					
c1cccc(c12)cncc2NC(=O)CNCC(O3)CCC3C(=O)N4CCCC4	3796	1					
c1cccc(c12)[nH]c(=O)cc2C(=O)NCCOc3c(cccc3)OCC4CC4	3797	1					
c1ccccc1CCNC(=O)CNc(cc2)ccc2-c3n[nH]c(c34)CCOC4	3798	1					
c1ccccc1CC(=O)Nc2cncc(c23)ccc(c3)OCCN4CCCC4	3799	1					
C=C1CCNCC1	38	1	-3.639	-3.229	/home/anacleto/Desktop/manuscript_Mpro/naturecomm/supplementary_file_S2/6-chemical-library/molecular_docking/PDBQT/7cam_A_38_chainA/docking_38_chainA_out.pdbqt	/home/anacleto/Desktop/manuscript_Mpro/naturecomm/supplementary_file_S2/6-chemical-library/molecular_docking/PDBQT/7cam_B_38_chainB/docking_38_chainB_out.pdbqt	/home/anacleto/Desktop/manuscript_Mpro/naturecomm/supplementary_file_S2/6-chemical-library/molecular_docking/combined_complexes/7cam_38_combined/7cam_38_combined_pose_1.pdb
C12CC(C1)OC2	380	1	-2.795	-2.653	/home/anacleto/Desktop/manuscript_Mpro/naturecomm/supplementary_file_S2/6-chemical-library/molecular_docking/PDBQT/7cam_A_380_chainA/docking_380_chainA_out.pdbqt	/home/anacleto/Desktop/manuscript_Mpro/naturecomm/supplementary_file_S2/6-chemical-library/molecular_docking/PDBQT/7cam_B_380_chainB/docking_380_chainB_out.pdbqt	/home/anacleto/Desktop/manuscript_Mpro/naturecomm/supplementary_file_S2/6-chemical-library/molecular_docking/combined_complexes/7cam_380_combined/7cam_380_combined_pose_1.pdb
c1ccccc1CC(=O)Nc2cncc(c23)cc(cc3)OCCN4CCCC4	3800	1					
c1cccc(c12)cncc2NC(=O)Cc3cc(ccc3)Oc4cccc(=O)[nH]4	3801	1					
c1ccccc1CCOC(=O)C=Cc2cccc(c23)OC(C3)c4ccccc4	3802	1					
c1cccc(c12)cncc2NC(=O)Cc3cc(ccc3)NCc4ccccc4	3803	1					
[nH]1c(=O)sc(c12)cc(cc2)NC(=O)C3CCCN3S(=O)(=O)c4ccccc4	3804	1					
c1cccc(c12)ccc(c2)NC(=O)C3CNCCN3S(=O)(=O)c4ccsc4	3805	1					
c1ccccc1COc(cc(c23)OCO3)c(c2)NS(=O)(=O)c4ccccc4	3806	1					
c1ccccc1COc(c2)c(cc(c23)OCO3)S(=O)(=O)Nc4ccccc4	3807	1					
c1cccc(c12)nc(cc2)C(=O)N(CCN3)CC3C(=O)NCc4cccs4	3808	1					
c1ncccc1OC(=O)c(c2)ccc(c23)n(cc3)S(=O)(=O)c4ccccc4	3809	1					
C12C(C1)CNC2	381	1	-3.106	-3.127	/home/anacleto/Desktop/manuscript_Mpro/naturecomm/supplementary_file_S2/6-chemical-library/molecular_docking/PDBQT/7cam_A_381_chainA/docking_381_chainA_out.pdbqt	/home/anacleto/Desktop/manuscript_Mpro/naturecomm/supplementary_file_S2/6-chemical-library/molecular_docking/PDBQT/7cam_B_381_chainB/docking_381_chainB_out.pdbqt	/home/anacleto/Desktop/manuscript_Mpro/naturecomm/supplementary_file_S2/6-chemical-library/molecular_docking/combined_complexes/7cam_381_combined/7cam_381_combined_pose_1.pdb
c1cccc(c12)cncc2NC(=O)CNC(=O)CN(C3=O)CCN3C4CC4	3810	1					
c1cccc(c12)cncc2NC(=O)CNC(=O)C(C3)ON=C3c4cn[nH]c4	3811	1					
O=C1CC(N1)Oc(ccc2)cc2CC(=O)Nn(c3=O)cnc(c34)cccc4	3812	1					
O=C1CC(N1)Oc(ccc2)cc2CC(=O)Nc3cc(=O)[nH]c(c34)cccc4	3813	1					
c1cccc(c12)[nH]c(n2)CCC(=O)N(CC3)CCC3CCc4ccccc4	3814	1					
c1ccccc1CCNC(=O)CNc(cc2)ccc2-c(nn3)n(c34)CCC4	3815	1					
O=C1CCC(N1)Oc(ccc2)cc2NC(=O)Cc3cncc(c34)cccc4	3816	1					
O=C1CCC(N1)Oc(ccc2)cc2CC(=O)Nc3cncc(c34)cccc4	3817	1					
c1ncccc1NC(=O)Cc2cc(ccc2)OCc3n[nH]c(c34)cccc4	3818	1					
c1ncccc1NC(=O)Cc2cc(ccc2)OCc(c3)oc(c34)cccc4	3819	1					
C1CC12CCC2	382	1	-3.17	-3.123	/home/anacleto/Desktop/manuscript_Mpro/naturecomm/supplementary_file_S2/6-chemical-library/molecular_docking/PDBQT/7cam_A_382_chainA/docking_382_chainA_out.pdbqt	/home/anacleto/Desktop/manuscript_Mpro/naturecomm/supplementary_file_S2/6-chemical-library/molecular_docking/PDBQT/7cam_B_382_chainB/docking_382_chainB_out.pdbqt	/home/anacleto/Desktop/manuscript_Mpro/naturecomm/supplementary_file_S2/6-chemical-library/molecular_docking/combined_complexes/7cam_382_combined/7cam_382_combined_pose_1.pdb
c1cccc(c12)cncc2NC(=O)Cc3cc(ccc3)Oc4cccnc4	3820	1					
c1cccc(c12)cncc2CC(=O)Nc3cc(ccc3)Oc4ccccn4	3821	1					
c1cccc(c12)cncc2NC(=O)Cc3cc(ccc3)Nc4ccccn4	3822	1					
c1ccccc1C=CC(=O)c(c(c23)OCC=C3)cc(c2)Cc4ccccc4	3823	1					
n1cscc1C(=N)C(=O)NC2C(=O)N(C23)C=C(CS3)C=Cc4cncs4	3824	1					
c1ccccc1CC(=O)NC2C(=O)N(C23)C=C(CS3)CSc4nnn[nH]4	3825	1					
c1ccccc1COc(c2)c(cc(c23)OCO3)S(=O)(=O)N4CCOCC4	3826	1					
c1cccc(c12)n(nn2)CC(=O)Nc3ccc(cc3)NS(=O)(=O)C4CC4	3827	1					
s1cccc1CNC(=O)C2CN(CCN2)C(=O)c(cnc3)c(c34)[nH]cc4	3828	1					
c1ccnc(c12)[nH]cc2C(=O)N(CCN3)CC3C(=O)NCc4cccs4	3829	1					
c1ccccc1S(=O)(=O)NCCOCCOCCNC(=O)NCCCCNC(=O)NCCOCCOCCNS(=O)(=O)c2ccccc2	383	1	-5.11	-4.735	/home/anacleto/Desktop/manuscript_Mpro/naturecomm/supplementary_file_S2/6-chemical-library/molecular_docking/PDBQT/7cam_A_383_chainA/docking_383_chainA_out.pdbqt	/home/anacleto/Desktop/manuscript_Mpro/naturecomm/supplementary_file_S2/6-chemical-library/molecular_docking/PDBQT/7cam_B_383_chainB/docking_383_chainB_out.pdbqt	/home/anacleto/Desktop/manuscript_Mpro/naturecomm/supplementary_file_S2/6-chemical-library/molecular_docking/combined_complexes/7cam_383_combined/7cam_383_combined_pose_1.pdb
c1cccn(c12)ncc2C(=O)N(CCN3)CC3C(=O)NCc4cccs4	3830	1					
c1cccc(c12)[nH]nc2C(=O)N(CCN3)CC3C(=O)NCc4cccs4	3831	1					
c1ccnc(c12)ccc(c2)-c3cc(cnc3)NS(=O)(=O)c4ccccc4	3832	1					
O1CCCCC1OCC2CCCC(O2)Oc(cc3)cc(c34)occc4=O	3833	1					
n1cocc1C(=O)NCc(c(=O)n(c23)cccc2)c(n3)N4CCOCC4	3834	1					
N1CCN(CC1=O)c(cc2)ccc2CNCC3CCOc(c34)cccc4	3835	1					
C1COCCN1CCCn(c(=O)c(c23)cccc3)nc2-c4ccccc4	3836	1					
c1cccc(c12)n(nn2)NC(=O)Cc3ccc(cc3)N4CCCCC4=O	3837	1					
c1cccc(c12)n[nH]c2CC(=O)Nc3ccc(cc3)N4CCCCC4=O	3838	1					
O=C1CC(N1)Oc(ccc2)cc2NC(=O)Nc3cncc(c34)cccc4	3839	1					
C1CCCN1C(=O)CNC(=O)CNC(=O)CNC(=O)CNC(=O)CNC(=O)CNC(=O)CNC(=O)C(N2)CCC2=O	384	1	-5.484	-5.748	/home/anacleto/Desktop/manuscript_Mpro/naturecomm/supplementary_file_S2/6-chemical-library/molecular_docking/PDBQT/7cam_A_384_chainA/docking_384_chainA_out.pdbqt	/home/anacleto/Desktop/manuscript_Mpro/naturecomm/supplementary_file_S2/6-chemical-library/molecular_docking/PDBQT/7cam_B_384_chainB/docking_384_chainB_out.pdbqt	/home/anacleto/Desktop/manuscript_Mpro/naturecomm/supplementary_file_S2/6-chemical-library/molecular_docking/combined_complexes/7cam_384_combined/7cam_384_combined_pose_1.pdb
c1cccc(c12)[nH]c(=O)cc2C(=O)N3CCN(CC3)Cc4ccccc4	3840	1					
c1cccc(c12)[nH]c(=O)cc2C(=O)N(CC3=O)CCN3c4ccccc4	3841	1					
O=C1CC(N1)Oc(ccc2)cc2CC(=O)Nc3cncc(c34)cccc4	3842	1					
C1CNCCN1c(ccc2)cc2CC(=O)Nc3cncc(c34)cccc4	3843	1					
O=C1CC(N1)Cc(ccc2)cc2CC(=O)Nc3cncc(c34)cccc4	3844	1					
c1cccc(c12)n(nn2)CC(=O)Nc3ccc(cc3)Oc4ccccn4	3845	1					
c1cccc(c12)n(nn2)CC(=O)Nc(cc3)ccc3-c4c(=O)[nH]ccc4	3846	1					
c1cccc(c12)OC(c3ccccc3)C2C(=O)OCCc4ccccc4	3847	1					
[nH]1nccc1Cc(ccc2)cc2CC(=O)Nc3cncc(c34)cccc4	3848	1					
n1scnc1C(=N)C(=O)NC2C(=O)N(C23)C=C(CS3)Sc4nccs4	3849	1					
n1c[nH]cc1CCC(=O)NCC(=O)NCC(=O)NCC(=O)NCC(=O)NCC(=O)NCC(=O)N2CCCC2	385	1	-6.344	-5.899	/home/anacleto/Desktop/manuscript_Mpro/naturecomm/supplementary_file_S2/6-chemical-library/molecular_docking/PDBQT/7cam_A_385_chainA/docking_385_chainA_out.pdbqt	/home/anacleto/Desktop/manuscript_Mpro/naturecomm/supplementary_file_S2/6-chemical-library/molecular_docking/PDBQT/7cam_B_385_chainB/docking_385_chainB_out.pdbqt	/home/anacleto/Desktop/manuscript_Mpro/naturecomm/supplementary_file_S2/6-chemical-library/molecular_docking/combined_complexes/7cam_385_combined/7cam_385_combined_pose_1.pdb
s1cccc1CC(=O)NC2C(=O)N(C23)C=C(CS3)C[n+]4ccccc4	3850	1					
O=S1(=O)CC(CC1)n(c2)ncc2CNCC3CCOc(c34)cccc4	3851	1					
[nH]1cnnc1NC(=O)C2CN(S(=O)(=O)CC3CC3)Cc(c24)cccc4	3852	1					
c1ccccc1OP(=O)OCC2CCC(O2)c(cc3)n(c34)ncnc4	3853	1					
c1ccccc1Cn(c(=O)[nH]c(=O)[nH]2)c2=Nc(cc3)cc(c34)scn4	3854	1					
c1cccc(c12)OCCC2NC(=O)C3CCC(O3)C(=O)N4CCCC4	3855	1					
C1COCCN1c(nc2)ncc2CNCC3CCOc(c34)cccc4	3856	1					
C1CCCC1C(=O)NCC(=O)N2CCCC2c(n3)[nH]c(c34)cccc4	3857	1					
c1cccc(c12)CN(CC2)CC(=O)N3CCN(CC3)c4ncccn4	3858	1					
c1cccc(c12)n(nn2)CC(=O)Nc3ccc(cc3)N4CCOCC4	3859	1					
[nH]1cncc1CCC(=O)NCC(=O)NCC(=O)NCC(=O)NCC(=O)NCC(=O)NCC(=O)N2CCCC2	386	1	-6.148	-4.902	/home/anacleto/Desktop/manuscript_Mpro/naturecomm/supplementary_file_S2/6-chemical-library/molecular_docking/PDBQT/7cam_A_386_chainA/docking_386_chainA_out.pdbqt	/home/anacleto/Desktop/manuscript_Mpro/naturecomm/supplementary_file_S2/6-chemical-library/molecular_docking/PDBQT/7cam_B_386_chainB/docking_386_chainB_out.pdbqt	/home/anacleto/Desktop/manuscript_Mpro/naturecomm/supplementary_file_S2/6-chemical-library/molecular_docking/combined_complexes/7cam_386_combined/7cam_386_combined_pose_1.pdb
c1ncccc1NC(=O)N(CC2)CCC2CN(CC3)c(c34)cccc4	3860	1					
c1ccccc1NCc(c(=O)n(c23)cccc2)c(n3)N4CCOCC4	3861	1					
c1cccc(c12)n(cn2)NC(=O)Cc3ccc(cc3)N4CCOCC4	3862	1					
c1cccc(c12)n(cn2)NC(=O)Cc3cc(ccc3)OC(N4)CC4=O	3863	1					
n1ccncc1Cn(n2)ccc2CNCC3CCOc(c34)cccc4	3864	1					
c1cccn(c12)nnc2CC(=O)Nc3ccc(cc3)N4CCCCC4	3865	1					
c1cccc(c12)n(nn2)CC(=O)Nc3ccc(cc3)N4CCCCC4	3866	1					
c1cccc(c12)n(nn2)CC(=O)Nc(cc3)ccc3C4CCNCC4	3867	1					
C1CCCN1CCOc(cc2)ccc2Nc(n3)nnc(c34)cccc4	3868	1					
c1ncccc1CC(=O)N2CCOCC2Cc3c[nH]c(c34)cccc4	3869	1					
C1CCCN1C(=O)CNCCNCCNCCNCCNCCNCCCc2ccccc2	387	1	-5.265	-4.658	/home/anacleto/Desktop/manuscript_Mpro/naturecomm/supplementary_file_S2/6-chemical-library/molecular_docking/PDBQT/7cam_A_387_chainA/docking_387_chainA_out.pdbqt	/home/anacleto/Desktop/manuscript_Mpro/naturecomm/supplementary_file_S2/6-chemical-library/molecular_docking/PDBQT/7cam_B_387_chainB/docking_387_chainB_out.pdbqt	/home/anacleto/Desktop/manuscript_Mpro/naturecomm/supplementary_file_S2/6-chemical-library/molecular_docking/combined_complexes/7cam_387_combined/7cam_387_combined_pose_1.pdb
c1cccc(c12)NC(=O)CC2C(=O)N3CCN(CC3)c4ccccc4	3870	1					
c1n[nH]c(c12)cccc2C(=O)N3CCN(CC3)C(=O)c4cccnc4	3871	1					
c1cccc(c12)n(nn2)CC(=O)Nc3ccc(cc3)NC(=O)C4CC4	3872	1					
c1cccc(c12)n(nn2)CC(=O)Nc(cc3)ccc3C(=O)NC4CC4	3873	1					
C1CCCCC1CNc2ccc(cc2)N(C(=O)C3)Cc(c34)cccc4	3874	1					
c1cccc(c12)[nH]c(=O)cc2C(=O)N(C3)CCC3Oc4ccccc4	3875	1					
c1ccccc1Cn(c(=O)[nH]c(=O)[nH]2)c2=Nc(c3)ccc(c34)n[nH]c4	3876	1					
c1cccc(c12)[nH]c(=O)cc2C(=O)N3CCN(CC3)c4ccccc4	3877	1					
c1cccc(c12)[nH]cc2C(=O)COC(=O)C3(CCC3)c4ccccc4	3878	1					
c1ccccc1N2C(=O)N(CC2=O)Cc3cc(=O)[nH]c(c34)cccc4	3879	1					
O=C1CCSSCC(C(=O)N2CCCC2)NC(=O)CNC(=O)CNC(=O)CNC(=O)CN1	388	1	-6.229	-6.345	/home/anacleto/Desktop/manuscript_Mpro/naturecomm/supplementary_file_S2/6-chemical-library/molecular_docking/PDBQT/7cam_A_388_chainA/docking_388_chainA_out.pdbqt	/home/anacleto/Desktop/manuscript_Mpro/naturecomm/supplementary_file_S2/6-chemical-library/molecular_docking/PDBQT/7cam_B_388_chainB/docking_388_chainB_out.pdbqt	/home/anacleto/Desktop/manuscript_Mpro/naturecomm/supplementary_file_S2/6-chemical-library/molecular_docking/combined_complexes/7cam_388_combined/7cam_388_combined_pose_1.pdb
C1CCCN1Cc(cc(c23)nccc3)cc2COCc4ccccc4	3880	1					
c1cccc(c12)cncc2C(=O)N(CC3=O)CCN3c4ccccc4	3881	1					
c1ccccc1C(=O)OC(C2)C(c3ccccc3)Oc(c24)cccc4	3882	1					
c1cccc(c12)n(nn2)CC(=O)Nc3cnc(nc3)-c4ccccc4	3883	1					
[nH]1nnnc1-c(ccc2)cc2CC(=O)Nc3cncc(c34)cccc4	3884	1					
c1ccccc1C(=O)Nc2cc(ccc2)Oc(nc3)cc(c34)[nH]cn4	3885	1					
c1cccc(c12)n(nn2)CC(=O)Nc(cc3)ccc3-c4ccncc4	3886	1					
c1cccc(c12)n(nn2)CC(=O)Nc(cc3)ccc3-c4cccnc4	3887	1					
c1cccc(c12)n(nn2)CC(=O)Nc(cc3)ccc3-c4ccccn4	3888	1					
[nH]1cnnc1-c(ccc2)cc2CC(=O)Nc3cncc(c34)cccc4	3889	1					
c1ccccc1CC(C2=O)NC(=O)CNC(=O)CCSSCCNC(=O)CNC(=O)CN2	389	1	-7.325	-6.066	/home/anacleto/Desktop/manuscript_Mpro/naturecomm/supplementary_file_S2/6-chemical-library/molecular_docking/PDBQT/7cam_A_389_chainA/docking_389_chainA_out.pdbqt	/home/anacleto/Desktop/manuscript_Mpro/naturecomm/supplementary_file_S2/6-chemical-library/molecular_docking/PDBQT/7cam_B_389_chainB/docking_389_chainB_out.pdbqt	/home/anacleto/Desktop/manuscript_Mpro/naturecomm/supplementary_file_S2/6-chemical-library/molecular_docking/combined_complexes/7cam_389_combined/7cam_389_combined_pose_1.pdb
c1ncccc1NC(=O)Cn(c(c23)cccc2)c(n3)-c4ccccc4	3890	1					
c1cccc(c12)n(nn2)CC(=O)Nc(cc3)ccc3-c4ccccc4	3891	1					
O1COc(c12)ccc(c2)S(=O)(=O)N(CC3)CCN3c4ncccn4	3892	1					
O1COc(c12)ccc(c2)S(=O)(=O)N(CC3)CCN3c4ccccc4	3893	1					
c1ccnc(c12)[nH]cc2C3=CCN(CC3)S(=O)(=O)c4ccccc4	3894	1					
c1nccn1CC(=O)Nc(cccc2)c2-c(n3)sc(c34)cccc4	3895	1					
c1ccccc1Cn(c2=O)c(=O)sn2-c3cccc(c34)cccc4	3896	1					
C1OCCC1N(CC2)CCN2C(=O)CC3CCOc(c34)cccc4	3897	1					
O1CCCC1Cn(nn2)cc2CNCC3CCOc(c34)cccc4	3898	1					
C1OCCC1Cn(nn2)cc2CNCC3CCOc(c34)cccc4	3899	1					
O=c1cnnc[nH]1	39	1	-3.305	-3.054	/home/anacleto/Desktop/manuscript_Mpro/naturecomm/supplementary_file_S2/6-chemical-library/molecular_docking/PDBQT/7cam_A_39_chainA/docking_39_chainA_out.pdbqt	/home/anacleto/Desktop/manuscript_Mpro/naturecomm/supplementary_file_S2/6-chemical-library/molecular_docking/PDBQT/7cam_B_39_chainB/docking_39_chainB_out.pdbqt	/home/anacleto/Desktop/manuscript_Mpro/naturecomm/supplementary_file_S2/6-chemical-library/molecular_docking/combined_complexes/7cam_39_combined/7cam_39_combined_pose_1.pdb
c1ccccc1CC(C2=O)NC(=O)CCSSCCNC(=O)CNC(=O)CNC(=O)CN2	390	1	-7.11	-6.272	/home/anacleto/Desktop/manuscript_Mpro/naturecomm/supplementary_file_S2/6-chemical-library/molecular_docking/PDBQT/7cam_A_390_chainA/docking_390_chainA_out.pdbqt	/home/anacleto/Desktop/manuscript_Mpro/naturecomm/supplementary_file_S2/6-chemical-library/molecular_docking/PDBQT/7cam_B_390_chainB/docking_390_chainB_out.pdbqt	/home/anacleto/Desktop/manuscript_Mpro/naturecomm/supplementary_file_S2/6-chemical-library/molecular_docking/combined_complexes/7cam_390_combined/7cam_390_combined_pose_1.pdb
C1COCCN1c([nH]nc2)c2CNCC3CCOc(c34)cccc4	3900	1					
C1CC(=O)Nc(c12)ccc(c2)C(=O)N(CC3)CCC3C4CCNC4	3901	1					
c1cccc(c12)onc2CN3C(=O)NC(C3=O)CC4CCCCC4	3902	1					
c1cccc(c12)OCCC2CC(=O)N3CCCCC3c4nnc[nH]4	3903	1					
c1cccc(c12)OCCC2CC(=O)N3CCCCC3c4cn[nH]c4	3904	1					
c1cccc(c12)OCCC2CC(=O)N3CCCCC3c4ccn[nH]4	3905	1					
c1cccc(c12)OCCC2CC(=O)N3CCCC3Cn4ccnc4	3906	1					
[nH]1nnnc1C2=CCN(CC2)C(=O)CC3CCOc(c34)cccc4	3907	1					
n1[nH]cnc1Cn(c(=O)[nH]2)c(=O)[nH]c2=Nc(c3)ccc(c34)n[nH]c4	3908	1					
c1cccc(c12)n(nn2)CC(=O)N3CCCCC3Cn4cccn4	3909	1					
O=C1CCC(N1)C(=O)NCC(=O)NCC(=O)NCC(=O)NCCc2ccccc2	391	1	-5.777	-6.104	/home/anacleto/Desktop/manuscript_Mpro/naturecomm/supplementary_file_S2/6-chemical-library/molecular_docking/PDBQT/7cam_A_391_chainA/docking_391_chainA_out.pdbqt	/home/anacleto/Desktop/manuscript_Mpro/naturecomm/supplementary_file_S2/6-chemical-library/molecular_docking/PDBQT/7cam_B_391_chainB/docking_391_chainB_out.pdbqt	/home/anacleto/Desktop/manuscript_Mpro/naturecomm/supplementary_file_S2/6-chemical-library/molecular_docking/combined_complexes/7cam_391_combined/7cam_391_combined_pose_1.pdb
C1CCCCC1CC(C2=O)NC(=O)N2c3cncc(c34)cccc4	3910	1					
O=c(o1)[nH]c(c12)cccc2C(=O)N3CCN(CC3)c4ccccc4	3911	1					
c1nncn1-c([nH]nc2)c2C(=O)Nc(c3)ccc(c34)CCCCC4	3912	1					
C1C(=O)Nc(c12)nccc2C(=O)N3CCN(CC3)c4ccccc4	3913	1					
c1ccccc1-c(cc2=O)oc(c23)cc(cc3)OC4CCCCO4	3914	1					
c1cccc(c12)oc(-c3ccccc3)c(c2=O)OC4CCCCO4	3915	1					
n1ccnc(c12)[nH]cc2CNCc3c(cccc3)N4CCCCC4	3916	1					
C1C(=O)Nc(c12)cccc2C(=O)N3CCN(CC3)c4ccccc4	3917	1					
n1cccn1-c(nc2)ccc2CNCC3CCOc(c34)cccc4	3918	1					
c1cccc(c12)n(nn2)CC(=O)N3CCCC3Cc4ccccc4	3919	1					
n1cscc1CNC(=O)NCC(=O)NCCCCNC(=O)OCc2cncs2	392	1	-4.831	-5.275	/home/anacleto/Desktop/manuscript_Mpro/naturecomm/supplementary_file_S2/6-chemical-library/molecular_docking/PDBQT/7cam_A_392_chainA/docking_392_chainA_out.pdbqt	/home/anacleto/Desktop/manuscript_Mpro/naturecomm/supplementary_file_S2/6-chemical-library/molecular_docking/PDBQT/7cam_B_392_chainB/docking_392_chainB_out.pdbqt	/home/anacleto/Desktop/manuscript_Mpro/naturecomm/supplementary_file_S2/6-chemical-library/molecular_docking/combined_complexes/7cam_392_combined/7cam_392_combined_pose_1.pdb
c1n[nH]c(c12)cccc2C(=O)N(CC3=O)CCN3c4ccccc4	3920	1					
c1cccc(c12)OCCC2C(=O)Nc3cncn3-c4cccnc4	3921	1					
c1cccc(c12)[nH]c(=O)cc2C(=O)N(C3)CC3Oc4ccccc4	3922	1					
c1cccc(c12)[nH]c(=O)cc2C(=O)N(C3)CC3Nc4ccccc4	3923	1					
c1cccc(c12)n(nn2)CC(=O)Nc3ccc(cc3)-n4cnnc4	3924	1					
c1cccc(c12)n(nn2)CC(=O)Nc(nc3)ccc3-c4cn[nH]c4	3925	1					
c1cccc(c12)n(nn2)CC(=O)Nc(cn3)ccc3-c4cn[nH]c4	3926	1					
c1cccc(c12)n(nn2)CC(=O)Nc(cc3)ccc3-c4cn[nH]c4	3927	1					
c1cccc(c12)n(nn2)CC(=O)Nc(cc3)ccc3-c4c[nH]cn4	3928	1					
c1ccccc1C=C(C2=O)C(c(c23)cccc3)NC4CCCCC4	3929	1					
c1ccccc1CCC(=O)NCC(=O)NCC(=O)NCC(=O)N2CCCCC2	393	1	-6.133	-6.535	/home/anacleto/Desktop/manuscript_Mpro/naturecomm/supplementary_file_S2/6-chemical-library/molecular_docking/PDBQT/7cam_A_393_chainA/docking_393_chainA_out.pdbqt	/home/anacleto/Desktop/manuscript_Mpro/naturecomm/supplementary_file_S2/6-chemical-library/molecular_docking/PDBQT/7cam_B_393_chainB/docking_393_chainB_out.pdbqt	/home/anacleto/Desktop/manuscript_Mpro/naturecomm/supplementary_file_S2/6-chemical-library/molecular_docking/combined_complexes/7cam_393_combined/7cam_393_combined_pose_1.pdb
c1nccc(c12)cccc2C(=O)N3CCN(CC3)c4ccccc4	3930	1					
c1cccc(c12)nccc2C(=O)N3CCN(CC3)c4ccccc4	3931	1					
c1cccc(c12)nc(cc2)C(=O)N3CCN(CC3)c4ccccc4	3932	1					
c1cccc(c12)cncc2C(=O)N3CCN(CC3)c4ccccc4	3933	1					
c1cccc(c12)ccc(c2)N=Nc(cc3)ccc3-c4ccccc4	3934	1					
c1cccc(c12)sc(n2)SC(=O)c3ccc(s3)-c4ccccc4	3935	1					
s1ccn(c12)c(cn2)S(=O)(=O)Nc(ccc3)cc3-c4nnc[nH]4	3936	1					
c1cccc(c12)sc(n2)SC(=O)c3ccc(o3)-c4ccccc4	3937	1					
c1ncn(c12)c(cs2)C(=O)N(C3)CCCC3N4CCCCC4=O	3938	1					
n1nscc1C(=O)N2C(CCCC23)CN(C3)C(=O)c4cnc[nH]4	3939	1					
c1ccccc1CCC(=O)NCC(=O)NCC(=O)NCC(=O)N2CCCC2	394	1	-5.892	-5.519	/home/anacleto/Desktop/manuscript_Mpro/naturecomm/supplementary_file_S2/6-chemical-library/molecular_docking/PDBQT/7cam_A_394_chainA/docking_394_chainA_out.pdbqt	/home/anacleto/Desktop/manuscript_Mpro/naturecomm/supplementary_file_S2/6-chemical-library/molecular_docking/PDBQT/7cam_B_394_chainB/docking_394_chainB_out.pdbqt	/home/anacleto/Desktop/manuscript_Mpro/naturecomm/supplementary_file_S2/6-chemical-library/molecular_docking/combined_complexes/7cam_394_combined/7cam_394_combined_pose_1.pdb
c1cccc(c12)S(=O)(=O)CCC2C(=O)Nc3nncn3C4CC4	3940	1					
c1nsc(c12)cccc2C(=O)N3CCN(CC3)c4ccccc4	3941	1					
c1nsc(c12)c(ccc2)C(=O)N3CCN(CC3)c4ccccc4	3942	1					
c1ccccc1CNc(n2)scc2-c(cc3)cc(c34)oc(=O)[nH]4	3943	1					
c1cccc(c12)scc2CC(C3=O)NC(=O)N3c4cccnc4	3944	1					
C1CNCCN1C(=O)c2ccc(s2)-c(c3)ccc(c34)cccc4	3945	1					
c1ccccc1Cn(nn2)c(c23)ncnc3Sc4ccccn4	3946	1					
c1ccccc1C(=O)Nc(n(c23)ccs3)c(n2)-c4ccccc4	3947	1					
n1[nH]nnc1C2CCCN2C(=O)CC3CCOc(c34)cccc4	3948	1					
c1[nH]ncc1N(C2)CCC2CNCC3CCOc(c34)cccc4	3949	1					
N1CCCN(C1=O)CC(=O)NCCCCNC(=O)COc2ccccc2	395	1	-5.375	-5.677	/home/anacleto/Desktop/manuscript_Mpro/naturecomm/supplementary_file_S2/6-chemical-library/molecular_docking/PDBQT/7cam_A_395_chainA/docking_395_chainA_out.pdbqt	/home/anacleto/Desktop/manuscript_Mpro/naturecomm/supplementary_file_S2/6-chemical-library/molecular_docking/PDBQT/7cam_B_395_chainB/docking_395_chainB_out.pdbqt	/home/anacleto/Desktop/manuscript_Mpro/naturecomm/supplementary_file_S2/6-chemical-library/molecular_docking/combined_complexes/7cam_395_combined/7cam_395_combined_pose_1.pdb
n1ccnc(c12)nc(cc2)N3CCN(CC3)C(C4=O)CCCN4	3950	1					
c1cccc(c12)n(nn2)CC(=O)N(C3)CCCC3c4ncon4	3951	1					
N1CCCC1C2CCCN2C(=O)CCc3c[nH]c(c34)cccc4	3952	1					
n1ncccc1C(=O)N(C(C23)CCOC3)CC2c4ccccc4	3953	1					
o1cccc1C(=O)Nc(cc2)ccc2-c3n[nH]c(c34)CCOC4	3954	1					
c1ccccc1CN2CCCN(CC2)c(ccn3)n(c34)ncn4	3955	1					
n1nnn(c12)cccc2C(=O)N3CCN(CC3)c4ccccc4	3956	1					
n1n[nH]c(c12)ccnc2C(=O)N3CCN(CC3)c4ccccc4	3957	1					
c1cccc(c12)n(nn2)CC(=O)N3CCCC3c4ncccn4	3958	1					
n1ncn(c12)cccc2C(=O)N3CCN(CC3)c4ccccc4	3959	1					
n1c[nH]cc1CCC(=O)NCC(=O)NCC(=O)NCCc2ccccc2	396	1	-5.893	-5.154	/home/anacleto/Desktop/manuscript_Mpro/naturecomm/supplementary_file_S2/6-chemical-library/molecular_docking/PDBQT/7cam_A_396_chainA/docking_396_chainA_out.pdbqt	/home/anacleto/Desktop/manuscript_Mpro/naturecomm/supplementary_file_S2/6-chemical-library/molecular_docking/PDBQT/7cam_B_396_chainB/docking_396_chainB_out.pdbqt	/home/anacleto/Desktop/manuscript_Mpro/naturecomm/supplementary_file_S2/6-chemical-library/molecular_docking/combined_complexes/7cam_396_combined/7cam_396_combined_pose_1.pdb
n1ncn(c12)c(ccc2)C(=O)N3CCN(CC3)c4ccccc4	3960	1					
c1n[nH]c(c12)nccc2C(=O)N3CCN(CC3)c4ccccc4	3961	1					
c1cccc(c12)n(nn2)CC(=O)N3CCCC3c4ccccn4	3962	1					
[nH]1nnc(c12)cccc2C(=O)N3CCN(CC3)c4ccccc4	3963	1					
n1ccccc1CN(C(=O)N2)C(=O)C23CC(C3)c4ccccc4	3964	1					
c1cccc(c12)onc2CC(=O)N3CCCC3c4cccnc4	3965	1					
c1cccc(c12)onc2CN3C(=O)NC(C3=O)c4ccccc4	3966	1					
c1cccc(c12)oc(c2)CC(C3=O)NC(=O)N3c4cccnc4	3967	1					
c1ncccc1CNc(cc2)ccc2-c3n[nH]c(c34)CCOC4	3968	1					
c1n[nH]c(c12)cccc2C(=O)N3CCN(CC3)c4ccccc4	3969	1					
[nH]1cncc1CCC(=O)NCC(=O)NCC(=O)NCCc2ccccc2	397	1	-5.968	-5.552	/home/anacleto/Desktop/manuscript_Mpro/naturecomm/supplementary_file_S2/6-chemical-library/molecular_docking/PDBQT/7cam_A_397_chainA/docking_397_chainA_out.pdbqt	/home/anacleto/Desktop/manuscript_Mpro/naturecomm/supplementary_file_S2/6-chemical-library/molecular_docking/PDBQT/7cam_B_397_chainB/docking_397_chainB_out.pdbqt	/home/anacleto/Desktop/manuscript_Mpro/naturecomm/supplementary_file_S2/6-chemical-library/molecular_docking/combined_complexes/7cam_397_combined/7cam_397_combined_pose_1.pdb
c1n[nH]c(c12)c(ccc2)C(=O)N3CCN(CC3)c4ccccc4	3970	1					
c1ccnc(c12)[nH]cc2C(=O)N3CCN(CC3)c4ccccc4	3971	1					
c1cccn(c12)ncc2CC(=O)N3CCCC3c4cccnc4	3972	1					
c1cccn(c12)ncc2C(=O)N3CCN(CC3)c4ccccc4	3973	1					
c1cccc(c12)n(nn2)CC(=O)N3CCCC3c4ccccc4	3974	1					
c1cccc(c12)[nH]nc2C(=O)N3CCN(CC3)c4ccccc4	3975	1					
c1cccc(c12)[nH]c(c2)C(=O)N3CCN(CC3)c4ccccn4	3976	1					
c1c[nH]c(c12)c(cnc2)C(=O)N3CCN(CC3)c4ccccc4	3977	1					
c1cccc(c12)onc2CC(=O)N3CCCC3c4ccccc4	3978	1					
n1[nH]ccc1CN2C(=O)NC(C2=O)c3cccc(c34)cccc4	3979	1					
c1ccccc1NC(=O)CCCCCCCCC(=O)Nc2ccccc2	398	1	-5.468	-5.709	/home/anacleto/Desktop/manuscript_Mpro/naturecomm/supplementary_file_S2/6-chemical-library/molecular_docking/PDBQT/7cam_A_398_chainA/docking_398_chainA_out.pdbqt	/home/anacleto/Desktop/manuscript_Mpro/naturecomm/supplementary_file_S2/6-chemical-library/molecular_docking/PDBQT/7cam_B_398_chainB/docking_398_chainB_out.pdbqt	/home/anacleto/Desktop/manuscript_Mpro/naturecomm/supplementary_file_S2/6-chemical-library/molecular_docking/combined_complexes/7cam_398_combined/7cam_398_combined_pose_1.pdb
c1cccc(c12)[nH]cc2CC(C3=O)NC(=O)N3c4cccnc4	3980	1					
n1nnn(c12)cc(cc2)C(=O)Nc(ccc3)cc3-c4c[nH]nn4	3981	1					
c1ccccc1CN2CCN(CC2)c(n3)cnc(c34)cccc4	3982	1					
n1ccn(c12)cc(cn2)NC(=O)c3ccn(n3)-c4ccccc4	3983	1					
n1cccn1-c(nccc2)c2C(=O)Nc(n3)[nH]c(c34)cccc4	3984	1					
c1ncccc1C(=O)Nc(n(c23)cccc2)c(n3)-c4cn[nH]c4	3985	1					
c1cccc(c12)cncc2N3CCNC(C3=O)c4ccccc4	3986	1					
c1ccccc1C(C2=O)NC(=O)N2c3cncc(c34)cccc4	3987	1					
c1cccc(c12)cncc2N3CCCC(C3=O)c4ccccc4	3988	1					
n1c[nH]c(c12)ncnc2NCc3ccc(cc3)-c4ccccn4	3989	1					
n1cscc1CNC(=O)NCC(=O)NCCCCCc2ccccc2	399	1	-5.488	-5.607	/home/anacleto/Desktop/manuscript_Mpro/naturecomm/supplementary_file_S2/6-chemical-library/molecular_docking/PDBQT/7cam_A_399_chainA/docking_399_chainA_out.pdbqt	/home/anacleto/Desktop/manuscript_Mpro/naturecomm/supplementary_file_S2/6-chemical-library/molecular_docking/PDBQT/7cam_B_399_chainB/docking_399_chainB_out.pdbqt	/home/anacleto/Desktop/manuscript_Mpro/naturecomm/supplementary_file_S2/6-chemical-library/molecular_docking/combined_complexes/7cam_399_combined/7cam_399_combined_pose_1.pdb
c1cccc(c12)CC(=O)N(c3ccccc3)C2c4ccccc4	3990	1					
c1ccccc1-c(c2)ccc(c23)nc(nn3)Nc4ccccc4	3991	1					
c1ccccc1-c(ccc2)c(c23)oc(cc3=O)-c4ccccc4	3992	1					
s1ccnc1Sc2n(c(=O)[nH]n2)-c(c3)ccc(c34)OCCO4	3993	1					
n1ncn(c12)nc(s2)NC(=O)c3csc(n3)-c4ccccc4	3994	1					
s1cnnc1CN2C(=O)NC(C2=O)c(c3)ccc(c34)OCO4	3995	1					
c1n[nH]c(c12)cccc2C(=O)N3CCN(CC3)c4nccs4	3996	1					
s1ccnc1CN2C(=O)NC(C2=O)c(c3)ccc(c34)CCC4	3997	1					
c1nccn1CC(=O)N2CCCC2c(n3)sc(c34)cccc4	3998	1					
c1n[nH]c(c12)cccc2C(=O)N3CCN(CC3)c4cccs4	3999	1					
N=c1[nH]c(=O)[nH]c(=O)[nH]1	4	1	-4.445	-4.415	/home/anacleto/Desktop/manuscript_Mpro/naturecomm/supplementary_file_S2/6-chemical-library/molecular_docking/PDBQT/7cam_A_4_chainA/docking_4_chainA_out.pdbqt	/home/anacleto/Desktop/manuscript_Mpro/naturecomm/supplementary_file_S2/6-chemical-library/molecular_docking/PDBQT/7cam_B_4_chainB/docking_4_chainB_out.pdbqt	/home/anacleto/Desktop/manuscript_Mpro/naturecomm/supplementary_file_S2/6-chemical-library/molecular_docking/combined_complexes/7cam_4_combined/7cam_4_combined_pose_1.pdb
N=C1C(=O)NN=C1	40	1	-3.722	-3.503	/home/anacleto/Desktop/manuscript_Mpro/naturecomm/supplementary_file_S2/6-chemical-library/molecular_docking/PDBQT/7cam_A_40_chainA/docking_40_chainA_out.pdbqt	/home/anacleto/Desktop/manuscript_Mpro/naturecomm/supplementary_file_S2/6-chemical-library/molecular_docking/PDBQT/7cam_B_40_chainB/docking_40_chainB_out.pdbqt	/home/anacleto/Desktop/manuscript_Mpro/naturecomm/supplementary_file_S2/6-chemical-library/molecular_docking/combined_complexes/7cam_40_combined/7cam_40_combined_pose_1.pdb
c1ccccc1NC(=S)NCCCCNC(=S)Nc2ccccc2	400	1	-5.071	-4.973	/home/anacleto/Desktop/manuscript_Mpro/naturecomm/supplementary_file_S2/6-chemical-library/molecular_docking/PDBQT/7cam_A_400_chainA/docking_400_chainA_out.pdbqt	/home/anacleto/Desktop/manuscript_Mpro/naturecomm/supplementary_file_S2/6-chemical-library/molecular_docking/PDBQT/7cam_B_400_chainB/docking_400_chainB_out.pdbqt	/home/anacleto/Desktop/manuscript_Mpro/naturecomm/supplementary_file_S2/6-chemical-library/molecular_docking/combined_complexes/7cam_400_combined/7cam_400_combined_pose_1.pdb
c1cccc(c12)onc2CC(=O)N3CCCC3c4ccsc4	4000	1					
s1cnn(c12)c(cn2)CNc(cc3)ccc3Cn4cncn4	4001	1					
n1ccn(c12)ccc(c2)C(=O)Nc(n3)scc3-c4cn[nH]c4	4002	1					
c1cc(=O)[nH]c(c12)scc2-c3ccc(cc3)-c4ccccc4	4003	1					
C1CCCC12C(c3ccco3)N(C2)C(=O)CCc4cn[nH]c4	4004	1					
C1CNCCC1NCc(cnc2)c(c23)[nH]c(n3)-c4cnon4	4005	1					
N1CCC(C1=O)N(C(=O)N2)C(=O)C23CC(C3)c4ccccc4	4006	1					
n1occc1CN2C(=O)NC(C2=O)c(c3)ccc(c34)OCC4	4007	1					
n1c[nH]c(c12)cc(cc2)C(=O)N(CC3)CCC3C4CCNC4	4008	1					
c1cccc(c12)n(nn2)CC(=O)N3CCCC3c4ncon4	4009	1					
C1CCCN1C(=O)CNC(=O)CNC(=O)CNC(=O)C2CCCN2	401	1	-5.764	-5.363	/home/anacleto/Desktop/manuscript_Mpro/naturecomm/supplementary_file_S2/6-chemical-library/molecular_docking/PDBQT/7cam_A_401_chainA/docking_401_chainA_out.pdbqt	/home/anacleto/Desktop/manuscript_Mpro/naturecomm/supplementary_file_S2/6-chemical-library/molecular_docking/PDBQT/7cam_B_401_chainB/docking_401_chainB_out.pdbqt	/home/anacleto/Desktop/manuscript_Mpro/naturecomm/supplementary_file_S2/6-chemical-library/molecular_docking/combined_complexes/7cam_401_combined/7cam_401_combined_pose_1.pdb
[nH]1nnnc1CN(C(=O)N2)C(=O)C23CC(C3)c4ccccc4	4010	1					
n1[nH]cnc1Nc(c2)ccc(c23)CCC(CC3)N4CCCC4	4011	1					
c1cccc(c12)OCC2C(=O)N3CCCCC3c4cn[nH]c4	4012	1					
c1cccn(c12)ncc2CC(=O)N3CCCC3c4nnco4	4013	1					
c1cccc(c12)onc2CC(=O)N3CCCC3c4nc[nH]n4	4014	1					
c1cccc(c12)n(nn2)CC(=O)N3CCCC3c4ccon4	4015	1					
n1occc1CN2C(=O)NC(C2=O)c(c3)oc(c34)cccc4	4016	1					
c1cccn(c12)ncc2CC(=O)N3CCCC3c4c[nH]nn4	4017	1					
c1cccc(c12)n(nn2)CC(=O)N3CCCC3c4cn[nH]c4	4018	1					
c1cccc(c12)n(nn2)CC(=O)N3CCCC3c4cc[nH]n4	4019	1					
n1occc1C(=O)NCC(=O)CCC(=O)NCCC(C2=O)CCN2	402	1	-5.349	-5.26	/home/anacleto/Desktop/manuscript_Mpro/naturecomm/supplementary_file_S2/6-chemical-library/molecular_docking/PDBQT/7cam_A_402_chainA/docking_402_chainA_out.pdbqt	/home/anacleto/Desktop/manuscript_Mpro/naturecomm/supplementary_file_S2/6-chemical-library/molecular_docking/PDBQT/7cam_B_402_chainB/docking_402_chainB_out.pdbqt	/home/anacleto/Desktop/manuscript_Mpro/naturecomm/supplementary_file_S2/6-chemical-library/molecular_docking/combined_complexes/7cam_402_combined/7cam_402_combined_pose_1.pdb
[nH]1ccnc1CN(C(=O)N2)C(=O)C23CC(C3)c4ccccc4	4020	1					
c1ccnc(c12)[nH]cc2C(=O)N(C3)CCCC3n4cccn4	4021	1					
n1cocc1C(=O)Nc(cc2)ccc2-c(nn3)n(c34)CCC4	4022	1					
c1cccn(c12)nc(n2)Nc3cc(ccc3)N4CCNCC4	4023	1					
C1CC1c2c(cncc2)NC(=O)C3CCOc(c34)cccc4	4024	1					
N1CCC(C1=O)Nc(n(c23)ncn2)cc(n3)-c4ccccc4	4025	1					
c1cnn(c12)ccc(n2)C(=O)Nc(c[nH]n3)c3-c4cn[nH]c4	4026	1					
C1CC1c2c(cncc2)NC(=O)C3CCNc(c34)cccc4	4027	1					
c1ccccc1CN(C2=O)CCN2c3nccc(c34)n[nH]c4	4028	1					
c1cccc(c12)CCC2C(C3=O)NC(=O)N3c4cccnc4	4029	1					
c1ccccc1CCC(=O)NCC(=O)NCC(=O)N2CCCCC2	403	1	-6.452	-6.018	/home/anacleto/Desktop/manuscript_Mpro/naturecomm/supplementary_file_S2/6-chemical-library/molecular_docking/PDBQT/7cam_A_403_chainA/docking_403_chainA_out.pdbqt	/home/anacleto/Desktop/manuscript_Mpro/naturecomm/supplementary_file_S2/6-chemical-library/molecular_docking/PDBQT/7cam_B_403_chainB/docking_403_chainB_out.pdbqt	/home/anacleto/Desktop/manuscript_Mpro/naturecomm/supplementary_file_S2/6-chemical-library/molecular_docking/combined_complexes/7cam_403_combined/7cam_403_combined_pose_1.pdb
o1cnnc1CNc(cc2)nn(c23)c(nn3)-c4ccccc4	4030	1					
c1noc(c12)ncc(c2)CNc(cc3)ccc3-c4nnn[nH]4	4031	1					
c1cccc(c12)[nH]cc2C(C3=O)NC(=O)N3c4cccnc4	4032	1					
c1ncccc1CNc(cc2)ccc2-c(nn3)n(c34)CCC4	4033	1					
c1cccc(c12)nc(-c3cccnc3)nc2C4CCNCC4	4034	1					
c1ncccc1CN(C2)C(=O)c(c23)[nH]nc3-c4ccccc4	4035	1					
c1ncccc1CN(C(=O)c(c23)[nH]nc2)C3c4ccccc4	4036	1					
c1ccccc1C(C2=O)CCN2c3cncc(c34)cccc4	4037	1					
c1ccccc1Nc(n2)nn(c23)cccc3-c4ccccc4	4038	1					
c1ncccc1-c(c2)ccc(c23)nccc3-c4ccnnc4	4039	1					
N=c1ccn(cc1)CCCCCCCCCCn(cc2)ccc2=N	404	1	-4.538	-5.491	/home/anacleto/Desktop/manuscript_Mpro/naturecomm/supplementary_file_S2/6-chemical-library/molecular_docking/PDBQT/7cam_A_404_chainA/docking_404_chainA_out.pdbqt	/home/anacleto/Desktop/manuscript_Mpro/naturecomm/supplementary_file_S2/6-chemical-library/molecular_docking/PDBQT/7cam_B_404_chainB/docking_404_chainB_out.pdbqt	/home/anacleto/Desktop/manuscript_Mpro/naturecomm/supplementary_file_S2/6-chemical-library/molecular_docking/combined_complexes/7cam_404_combined/7cam_404_combined_pose_1.pdb
C1C(=O)N(C12)C=C(CS2)Sc(n3)scc3-c4cc[nH+]cc4	4040	1					
c1sccc1CN2CCN(CC2)Cc(cn3)n(c34)ccs4	4041	1					
o1cnnc1Sc(n(c23)ncn2)cc(n3)-c4ccccc4	4042	1					
c1ccnc(c12)[nH]cc2-c3csc(n3)-c4c(=O)[nH]ncc4	4043	1					
[nH]1cnnc1-c(n2)[nH]c(=O)c(c23)sc(c3)-c4ccccc4	4044	1					
n1cccn(c12)c(cn2)-c3csc(n3)Nc4ccccc4	4045	1					
c1cccn(c12)c(cn2)-c3csc(n3)Nc4ccccc4	4046	1					
N1CCC(C1=O)CN(C(=O)N2)C(=O)C23CC(C3)C4CCC4	4047	1					
c1cccc(c12)OCCC2C(=O)Nc3nncn3C4CC4	4048	1					
c1cccc(c12)CNCC2C(=O)Nc3nncn3C4CC4	4049	1					
n1ccccc1C(=C)NNC(=S)NNC(=S)Nc2ccccc2	405	1	-5.153	-5.336	/home/anacleto/Desktop/manuscript_Mpro/naturecomm/supplementary_file_S2/6-chemical-library/molecular_docking/PDBQT/7cam_A_405_chainA/docking_405_chainA_out.pdbqt	/home/anacleto/Desktop/manuscript_Mpro/naturecomm/supplementary_file_S2/6-chemical-library/molecular_docking/PDBQT/7cam_B_405_chainB/docking_405_chainB_out.pdbqt	/home/anacleto/Desktop/manuscript_Mpro/naturecomm/supplementary_file_S2/6-chemical-library/molecular_docking/combined_complexes/7cam_405_combined/7cam_405_combined_pose_1.pdb
c1cccc(c12)n(nn2)CC(=O)N(C3)CC3n4cncn4	4050	1					
C12C(C1)CCCC2NC(=O)c3c(n[nH]c3)-c4cccnc4	4051	1					
o1nccc1CN(CC2)CC=C2c3c[nH]c(c34)cccc4	4052	1					
n1oncc1-c(n2)[nH]c(c23)cc(nc3)Oc4ccccc4	4053	1					
c1cccc(c12)CN(C(=O)C3CC3)CC2c4ccccc4	4054	1					
c1ccccc1C2NC(=O)c(c23)[nH]nc3-c4ccccc4	4055	1					
c1cccc(c12)oc(c2)-c3ccc(cc3)C4C=CCCC4	4056	1					
s1cccc1-c2nnc(o2)Sc(ccn3)n(c34)ncn4	4057	1					
N1CCC(C1=O)N(C(=O)N2)C(=O)C23CC(C3)C4CCC4	4058	1					
n1oncc1CN(C(=O)N2)C(=O)C23CC(C3)C4CCC4	4059	1					
N1CCC(C1=O)CCNC(=O)CNC(=O)OCc2ccccc2	406	1	-5.908	-5.951	/home/anacleto/Desktop/manuscript_Mpro/naturecomm/supplementary_file_S2/6-chemical-library/molecular_docking/PDBQT/7cam_A_406_chainA/docking_406_chainA_out.pdbqt	/home/anacleto/Desktop/manuscript_Mpro/naturecomm/supplementary_file_S2/6-chemical-library/molecular_docking/PDBQT/7cam_B_406_chainB/docking_406_chainB_out.pdbqt	/home/anacleto/Desktop/manuscript_Mpro/naturecomm/supplementary_file_S2/6-chemical-library/molecular_docking/combined_complexes/7cam_406_combined/7cam_406_combined_pose_1.pdb
[nH]1ncnc1CN(C(=O)N2)C(=O)C23CC(C3)C4CCC4	4060	1					
[nH]1cnnc1CN(C(=O)N2)C(=O)C23CC(C3)C4CCC4	4061	1					
C1CCC1C(C2)CC23C(=O)N(C(=O)N3)c4cccnc4	4062	1					
C1CC(C2)CC(C12)C(C3=O)NC(=O)N3c4cccnc4	4063	1					
C1CC1C(=O)N(CC2)CCC2c3c[nH]c(c34)nccc4	4064	1					
n1nncn1C2(CC2)C(=O)N(CC3)Cc(c34)cccc4	4065	1					
s1ccn(c12)c(cn2)-c3nc(on3)-c4ccccc4	4066	1					
n1cscc1CNC(=O)NCC(=O)NC(Cc2ccccc2)CCC(Cc3ccccc3)NC(=O)OCc4cncs4	4067	1					
N1CCCN(C1=O)CC(=O)NC(Cc2ccccc2)CCC(Cc3ccccc3)NC(=O)COc4ccccc4	4068	1					
n1[nH]c(=O)[nH]c(=O)c1C(=O)N(c2ccccc2)C(c3cccnc3)C(=O)NCCc4ccccc4	4069	1					
n1[nH]c(=O)[nH]c(=O)c1C(=O)NCC(=O)NCCc2ccccc2	407	1	-6.184	-6.334	/home/anacleto/Desktop/manuscript_Mpro/naturecomm/supplementary_file_S2/6-chemical-library/molecular_docking/PDBQT/7cam_A_407_chainA/docking_407_chainA_out.pdbqt	/home/anacleto/Desktop/manuscript_Mpro/naturecomm/supplementary_file_S2/6-chemical-library/molecular_docking/PDBQT/7cam_B_407_chainB/docking_407_chainB_out.pdbqt	/home/anacleto/Desktop/manuscript_Mpro/naturecomm/supplementary_file_S2/6-chemical-library/molecular_docking/combined_complexes/7cam_407_combined/7cam_407_combined_pose_1.pdb
c1ccccc1N(C(=O)c2cocn2)C(c3cccnc3)C(=O)NCC(=O)OCc4ccccc4	4070	1					
[nH]1c(=O)[nH]c(=O)cc1C(=O)N(c2ccccc2)C(c3cccnc3)C(=O)NCCc4ccccc4	4071	1					
c1ccccc1N(C(=O)c2cocn2)C(c3cccnc3)C(=O)NCS(=O)(=O)c4ccccc4	4072	1					
c1ccccc1N(C(=O)c2ccco2)C(c3cccnc3)C(=O)NCS(=O)(=O)c4ccccc4	4073	1					
c1ccccc1CCNC(=O)C(c2cccnc2)N(C(=O)c3ccco3)CCC4CCCCC4	4074	1					
c1ccccc1N(C(=O)c2cocn2)C(c3c(=O)[nH]c(=O)[nH]c3)C(=O)NCCc4ccccc4	4075	1					
c1ccccc1N(C(=O)c2cocn2)C(c3cccnc3)C(=O)NCC(=O)Nc4ccccc4	4076	1					
n1nc[nH]c(=O)c1C(=O)N(c2ccccc2)C(c3cccnc3)C(=O)NCCc4ccccc4	4077	1					
c1ccccc1CCNC(=O)C(c2cccnc2)N(C(=O)c3ccco3)CCc4ccccc4	4078	1					
n1cc(=O)[nH]cc1C(=O)N(c2ccccc2)C(c3cccnc3)C(=O)NCCc4ccccc4	4079	1					
n1cocc1C(=O)NCC(=O)NCC(=O)OCc2ccccc2	408	1	-5.49	-5.502	/home/anacleto/Desktop/manuscript_Mpro/naturecomm/supplementary_file_S2/6-chemical-library/molecular_docking/PDBQT/7cam_A_408_chainA/docking_408_chainA_out.pdbqt	/home/anacleto/Desktop/manuscript_Mpro/naturecomm/supplementary_file_S2/6-chemical-library/molecular_docking/PDBQT/7cam_B_408_chainB/docking_408_chainB_out.pdbqt	/home/anacleto/Desktop/manuscript_Mpro/naturecomm/supplementary_file_S2/6-chemical-library/molecular_docking/combined_complexes/7cam_408_combined/7cam_408_combined_pose_1.pdb
n1c[nH]c(=O)cc1C(=O)N(c2ccccc2)C(c3cccnc3)C(=O)NCCc4ccccc4	4080	1					
n1[nH]c(=O)ccc1C(=O)N(c2ccccc2)C(c3cccnc3)C(=O)NCCc4ccccc4	4081	1					
O=c(o1)cccc1C(=O)N(c2ccccc2)C(c3cccnc3)C(=O)NCCc4ccccc4	4082	1					
c1ccccc1N(C(=O)c2c[nH]c(=O)s2)C(c3cccnc3)C(=O)NCCc4ccccc4	4083	1					
C1CCCCCC1N(C(=O)c2cocn2)C(c3cccnc3)C(=O)NCCc4ccccc4	4084	1					
C1CCCCCC1N(C(=O)c2cnc[nH]2)C(c3cccnc3)C(=O)NCCc4ccccc4	4085	1					
c1ccccc1N(C(=O)c2nc(=O)[nH][nH]2)C(c3cccnc3)C(=O)NCCc4ccccc4	4086	1					
c1ccccc1N(C(=O)c2cocn2)C(c3ccc(=O)[nH]c3)C(=O)NCCc4ccccc4	4087	1					
c1ccccc1N(C(=O)c2cocn2)C(c3c(=O)[nH]ccc3)C(=O)NCCc4ccccc4	4088	1					
c1ncccc1CN(C(=O)c2cocn2)C(c3cccnc3)C(=O)NCCc4ccccc4	4089	1					
[nH]1c(=O)[nH]c(=O)cc1C(=O)NCC(=O)NCCc2ccccc2	409	1	-6.443	-6.223	/home/anacleto/Desktop/manuscript_Mpro/naturecomm/supplementary_file_S2/6-chemical-library/molecular_docking/PDBQT/7cam_A_409_chainA/docking_409_chainA_out.pdbqt	/home/anacleto/Desktop/manuscript_Mpro/naturecomm/supplementary_file_S2/6-chemical-library/molecular_docking/PDBQT/7cam_B_409_chainB/docking_409_chainB_out.pdbqt	/home/anacleto/Desktop/manuscript_Mpro/naturecomm/supplementary_file_S2/6-chemical-library/molecular_docking/combined_complexes/7cam_409_combined/7cam_409_combined_pose_1.pdb
c1ccccc1N(C(=O)c2cc(=O)[nH][nH]2)C(c3cccnc3)C(=O)NCCc4ccccc4	4090	1					
c1ccccc1N(C(=O)c2c[nH]c(=O)[nH]2)C(c3cccnc3)C(=O)NCCc4ccccc4	4091	1					
c1ncccc1CN(C(=O)c2cnc[nH]2)C(c3cccnc3)C(=O)NCCc4ccccc4	4092	1					
c1ccccc1CN(C(=O)c2cocn2)C(c3cccnc3)C(=O)NCCc4ccccc4	4093	1					
c1ccccc1CN(C(=O)c2cnc[nH]2)C(c3cccnc3)C(=O)NCCc4ccccc4	4094	1					
c1ccccc1N(C(=O)c2ccco2)C(c3cccnc3)C(=O)NCCCc4ccccc4	4095	1					
c1ccccc1CN(C(=O)c2ccco2)C(c3cccnc3)C(=O)NCCc4ccccc4	4096	1					
n1ncccc1C(=O)N(c2ccccc2)C(c3cccnc3)C(=O)NCCc4ccccc4	4097	1					
n1cnccc1C(=O)N(c2ccccc2)C(c3cccnc3)C(=O)NCCc4ccccc4	4098	1					
c1cnccc1C(=O)N(c2ccccc2)C(c3cccnc3)C(=O)NCCc4ccccc4	4099	1					
O=C1C=CC(=O)N1	41	1	-3.487	-3.57	/home/anacleto/Desktop/manuscript_Mpro/naturecomm/supplementary_file_S2/6-chemical-library/molecular_docking/PDBQT/7cam_A_41_chainA/docking_41_chainA_out.pdbqt	/home/anacleto/Desktop/manuscript_Mpro/naturecomm/supplementary_file_S2/6-chemical-library/molecular_docking/PDBQT/7cam_B_41_chainB/docking_41_chainB_out.pdbqt	/home/anacleto/Desktop/manuscript_Mpro/naturecomm/supplementary_file_S2/6-chemical-library/molecular_docking/combined_complexes/7cam_41_combined/7cam_41_combined_pose_1.pdb
c1ccccc1CCC(=O)NCC(=O)NCCc2ccccc2	410	1	-5.536	-5.728	/home/anacleto/Desktop/manuscript_Mpro/naturecomm/supplementary_file_S2/6-chemical-library/molecular_docking/PDBQT/7cam_A_410_chainA/docking_410_chainA_out.pdbqt	/home/anacleto/Desktop/manuscript_Mpro/naturecomm/supplementary_file_S2/6-chemical-library/molecular_docking/PDBQT/7cam_B_410_chainB/docking_410_chainB_out.pdbqt	/home/anacleto/Desktop/manuscript_Mpro/naturecomm/supplementary_file_S2/6-chemical-library/molecular_docking/combined_complexes/7cam_410_combined/7cam_410_combined_pose_1.pdb
c1ccccc1CCNC(=O)C(c2cccnc2)N(c3ccccc3)C(=O)c4ccccc4	4100	1					
o1cccc1C(=O)N(Cc2cccs2)C(c3cccnc3)C(=O)NCCc4ccccc4	4101	1					
c1ccccc1N(C(=O)c2cnsn2)C(c3cccnc3)C(=O)NCCc4ccccc4	4102	1					
c1ccccc1N(C(=O)c2nccs2)C(c3cccnc3)C(=O)NCCc4ccccc4	4103	1					
c1ccccc1N(C(=O)c2cscn2)C(c3cccnc3)C(=O)NCCc4ccccc4	4104	1					
c1ccccc1N(C(=O)c2cncs2)C(c3cccnc3)C(=O)NCCc4ccccc4	4105	1					
c1ccccc1N(C(=O)c2ccns2)C(c3cccnc3)C(=O)NCCc4ccccc4	4106	1					
c1ccccc1N(C(=O)c2cocn2)C(c3cccnc3)C(=O)NCCN4CCOCC4	4107	1					
c1ccccc1N(C(=O)c2ccco2)C(c3cccnc3)C(=O)NCCN4CCOCC4	4108	1					
C1OCCCC1N(C(=O)c2cocn2)C(c3cccnc3)C(=O)NCCc4ccccc4	4109	1					
n1cocc1C(=O)NCC(=O)NCS(=O)(=O)c2ccccc2	411	1	-5.678	-5.636	/home/anacleto/Desktop/manuscript_Mpro/naturecomm/supplementary_file_S2/6-chemical-library/molecular_docking/PDBQT/7cam_A_411_chainA/docking_411_chainA_out.pdbqt	/home/anacleto/Desktop/manuscript_Mpro/naturecomm/supplementary_file_S2/6-chemical-library/molecular_docking/PDBQT/7cam_B_411_chainB/docking_411_chainB_out.pdbqt	/home/anacleto/Desktop/manuscript_Mpro/naturecomm/supplementary_file_S2/6-chemical-library/molecular_docking/combined_complexes/7cam_411_combined/7cam_411_combined_pose_1.pdb
C1NCCCC1N(C(=O)c2cocn2)C(c3cccnc3)C(=O)NCCc4ccccc4	4110	1					
C1CNCCC1N(C(=O)c2ccco2)C(c3cccnc3)C(=O)NCCc4ccccc4	4111	1					
C1CCCCC1N(C(=O)c2cocn2)C(c3cccnc3)C(=O)NCCc4ccccc4	4112	1					
C1CCCCC1N(C(=O)c2ccco2)C(c3cccnc3)C(=O)NCCc4ccccc4	4113	1					
c1ccccc1N(C(=O)C2CCCO2)C(c3cccnc3)C(=O)NCCc4ccccc4	4114	1					
c1ccccc1N(C(=O)C2CCCN2)C(c3cccnc3)C(=O)NCCc4ccccc4	4115	1					
c1ncncc1N(C(=O)c2cocn2)C(c3cccnc3)C(=O)NCCc4ccccc4	4116	1					
c1ncncc1N(C(=O)c2cnc[nH]2)C(c3cccnc3)C(=O)NCCc4ccccc4	4117	1					
c1ccccc1N(C(=O)c2nnn[nH]2)C(c3cccnc3)C(=O)NCCc4ccccc4	4118	1					
c1ncccc1N(C(=O)c2cocn2)C(c3cccnc3)C(=O)NCCc4ccccc4	4119	1					
o1cccc1C(=O)NCC(=O)NCS(=O)(=O)c2ccccc2	412	1	-5.815	-5.914	/home/anacleto/Desktop/manuscript_Mpro/naturecomm/supplementary_file_S2/6-chemical-library/molecular_docking/PDBQT/7cam_A_412_chainA/docking_412_chainA_out.pdbqt	/home/anacleto/Desktop/manuscript_Mpro/naturecomm/supplementary_file_S2/6-chemical-library/molecular_docking/PDBQT/7cam_B_412_chainB/docking_412_chainB_out.pdbqt	/home/anacleto/Desktop/manuscript_Mpro/naturecomm/supplementary_file_S2/6-chemical-library/molecular_docking/combined_complexes/7cam_412_combined/7cam_412_combined_pose_1.pdb
c1ccccc1N(C(=O)c2cocn2)C(c3cncnc3)C(=O)NCCc4ccccc4	4120	1					
c1ccccc1N(C(=O)c2cocn2)C(c3cnccn3)C(=O)NCCc4ccccc4	4121	1					
c1ccccc1N(C(=O)c2cocn2)C(c3ccnnc3)C(=O)NCCc4ccccc4	4122	1					
c1ccccc1N(C(=O)c2cnon2)C(c3cccnc3)C(=O)NCCc4ccccc4	4123	1					
c1ncccc1N(C(=O)c2cnc[nH]2)C(c3cccnc3)C(=O)NCCc4ccccc4	4124	1					
c1ccccc1N(C(=O)c2nc[nH]n2)C(c3cccnc3)C(=O)NCCc4ccccc4	4125	1					
c1ccccc1N(C(=O)c2cnn[nH]2)C(c3cccnc3)C(=O)NCCc4ccccc4	4126	1					
c1ccccc1N(C(=O)c2cn[nH]n2)C(c3cccnc3)C(=O)NCCc4ccccc4	4127	1					
c1ccccc1N(C(=O)c2c[nH]nn2)C(c3cccnc3)C(=O)NCCc4ccccc4	4128	1					
c1ccccc1N(C(=O)c2cocn2)C(c3cccnc3)C(=O)NCCc4ccccc4	4129	1					
c1ccccc1CCNC(=O)CNC(=O)NCc2cscn2	413	1	-5.799	-5.766	/home/anacleto/Desktop/manuscript_Mpro/naturecomm/supplementary_file_S2/6-chemical-library/molecular_docking/PDBQT/7cam_A_413_chainA/docking_413_chainA_out.pdbqt	/home/anacleto/Desktop/manuscript_Mpro/naturecomm/supplementary_file_S2/6-chemical-library/molecular_docking/PDBQT/7cam_B_413_chainB/docking_413_chainB_out.pdbqt	/home/anacleto/Desktop/manuscript_Mpro/naturecomm/supplementary_file_S2/6-chemical-library/molecular_docking/combined_complexes/7cam_413_combined/7cam_413_combined_pose_1.pdb
c1ccccc1N(C(=O)c2cnco2)C(c3cccnc3)C(=O)NCCc4ccccc4	4130	1					
c1ccccc1N(C(=O)c2ccon2)C(c3cccnc3)C(=O)NCCc4ccccc4	4131	1					
c1ccccc1N(C(=O)c2ccno2)C(c3cccnc3)C(=O)NCCc4ccccc4	4132	1					
c1ccccc1N(C(=O)c2ncc[nH]2)C(c3cccnc3)C(=O)NCCc4ccccc4	4133	1					
c1ccccc1N(C(=O)c2cnc[nH]2)C(c3cccnc3)C(=O)NCCc4ccccc4	4134	1					
c1ccccc1N(C(=O)c2ccn[nH]2)C(c3cccnc3)C(=O)NCCc4ccccc4	4135	1					
c1[nH]ncc1C(=O)N(c2ccccc2)C(c3cccnc3)C(=O)NCCc4ccccc4	4136	1					
o1cccc1C(=O)NC(c2cccnc2)C(=O)NCC(c3ccccc3)c4ccccc4	4137	1					
c1ccccc1N(C(=O)c2ccco2)C(c3cccnc3)C(=O)NCCc4ccccc4	4138	1					
n1cocc1C(=O)N(c2nccs2)C(c3cccnc3)C(=O)NCCc4ccccc4	4139	1					
N1CCCN(C1=O)CC(=O)NCCCCCc2ccccc2	414	1	-5.323	-5.43	/home/anacleto/Desktop/manuscript_Mpro/naturecomm/supplementary_file_S2/6-chemical-library/molecular_docking/PDBQT/7cam_A_414_chainA/docking_414_chainA_out.pdbqt	/home/anacleto/Desktop/manuscript_Mpro/naturecomm/supplementary_file_S2/6-chemical-library/molecular_docking/PDBQT/7cam_B_414_chainB/docking_414_chainB_out.pdbqt	/home/anacleto/Desktop/manuscript_Mpro/naturecomm/supplementary_file_S2/6-chemical-library/molecular_docking/combined_complexes/7cam_414_combined/7cam_414_combined_pose_1.pdb
o1cccc1C(=O)N(c2nccs2)C(c3cccnc3)C(=O)NCCc4ccccc4	4140	1					
n1cocc1C(=O)N(C2CCNC2)C(c3cccnc3)C(=O)NCCc4ccccc4	4141	1					
[nH]1cncc1C(=O)N(C2CCNC2)C(c3cccnc3)C(=O)NCCc4ccccc4	4142	1					
[nH]1nnnc1CCNC(=O)C(c2cccnc2)N(C(=O)c3cocn3)c4ccccc4	4143	1					
n1cocc1C(=O)N(c2ncco2)C(c3cccnc3)C(=O)NCCc4ccccc4	4144	1					
n1cocc1C(=O)N(c2ccon2)C(c3cccnc3)C(=O)NCCc4ccccc4	4145	1					
n1cocc1C(=O)N(c2cn[nH]c2)C(c3cccnc3)C(=O)NCCc4ccccc4	4146	1					
n1cocc1C(=O)N(c2c[nH]cn2)C(c3cccnc3)C(=O)NCCc4ccccc4	4147	1					
[nH]1cncc1CCNC(=O)C(c2cccnc2)N(C(=O)c3cocn3)c4ccccc4	4148	1					
c1ncccc1CNC(=O)C(c2cccnc2)N(C(=O)c3cocn3)c4ccccc4	4149	1					
n1cocc1C(=O)NCC(=O)NCC(=O)Nc2ccccc2	415	1	-6.058	-5.718	/home/anacleto/Desktop/manuscript_Mpro/naturecomm/supplementary_file_S2/6-chemical-library/molecular_docking/PDBQT/7cam_A_415_chainA/docking_415_chainA_out.pdbqt	/home/anacleto/Desktop/manuscript_Mpro/naturecomm/supplementary_file_S2/6-chemical-library/molecular_docking/PDBQT/7cam_B_415_chainB/docking_415_chainB_out.pdbqt	/home/anacleto/Desktop/manuscript_Mpro/naturecomm/supplementary_file_S2/6-chemical-library/molecular_docking/combined_complexes/7cam_415_combined/7cam_415_combined_pose_1.pdb
c1cnccc1CNC(=O)C(c2cccnc2)N(C(=O)c3cocn3)c4ccccc4	4150	1					
c1ccccc1N(C(=O)c2c[nH]cn2)C(c3cnccn3)C(=O)NCc4ccccc4	4151	1					
c1ccccc1N(C(=O)c2cnco2)C(c3cccnc3)C(=O)NCc4ccccc4	4152	1					
c1ccccc1N(C(=O)c2ccno2)C(c3cccnc3)C(=O)NCc4ccccc4	4153	1					
c1ccccc1N(C(=O)c2ccco2)C(c3cnccn3)C(=O)NCc4ccccc4	4154	1					
c1ccccc1N(C(=O)c2c[nH]cn2)C(c3cccnc3)C(=O)NCc4ccccc4	4155	1					
c1ccccc1N(C(=O)c2ccco2)C(c3cccnc3)C(=O)NCc4ccccc4	4156	1					
c1ccccc1NC(c2cccnc2)C(=O)NCC(c3ccccc3)c4ccccc4	4157	1					
O1CCCC1CNC(=O)C(c2cccnc2)N(C(=O)c3cocn3)c4ccccc4	4158	1					
C1OCCC1CNC(=O)C(c2cccnc2)N(C(=O)c3cocn3)c4ccccc4	4159	1					
n1nc[nH]c(=O)c1C(=O)NCC(=O)NCCc2ccccc2	416	1	-5.627	-5.635	/home/anacleto/Desktop/manuscript_Mpro/naturecomm/supplementary_file_S2/6-chemical-library/molecular_docking/PDBQT/7cam_A_416_chainA/docking_416_chainA_out.pdbqt	/home/anacleto/Desktop/manuscript_Mpro/naturecomm/supplementary_file_S2/6-chemical-library/molecular_docking/PDBQT/7cam_B_416_chainB/docking_416_chainB_out.pdbqt	/home/anacleto/Desktop/manuscript_Mpro/naturecomm/supplementary_file_S2/6-chemical-library/molecular_docking/combined_complexes/7cam_416_combined/7cam_416_combined_pose_1.pdb
C1COCCC1NC(=O)C(c2cccnc2)N(C(=O)c3cocn3)c4ccccc4	4160	1					
n1cocc1C(=O)N(C2CCC2)C(c3cccnc3)C(=O)NCCc4ccccc4	4161	1					
C1CCCCC1NC(=O)C(c2cccnc2)N(C(=O)c3cnc[nH]3)c4ccccc4	4162	1					
C1CCCCC1NC(=O)C(c2cccnc2)N(C(=O)c3c[nH]cn3)c4ccccc4	4163	1					
o1cccc1C(=O)N(C2CCC2)C(c3cccnc3)C(=O)NCCc4ccccc4	4164	1					
C1CCCCC1NC(=O)C(c2cccnc2)N(C(=O)c3ccco3)c4ccccc4	4165	1					
o1cncc1CNC(=O)C(c2cccnc2)N(C(=O)c3cocn3)c4ccccc4	4166	1					
c1ncccc1NC(=O)C(c2cccnc2)N(C(=O)c3cocn3)c4ccccc4	4167	1					
c1ccccc1NC(=O)C(c2cccnc2)N(C(=O)c3ccco3)c4ccccc4	4168	1					
C1OCCC1NC(=O)C(c2cccnc2)N(C(=O)c3cocn3)c4ccccc4	4169	1					
c1ncccc1NC(=O)NCCNC(=O)Nc2cccnc2	417	1	-5.789	-5.775	/home/anacleto/Desktop/manuscript_Mpro/naturecomm/supplementary_file_S2/6-chemical-library/molecular_docking/PDBQT/7cam_A_417_chainA/docking_417_chainA_out.pdbqt	/home/anacleto/Desktop/manuscript_Mpro/naturecomm/supplementary_file_S2/6-chemical-library/molecular_docking/PDBQT/7cam_B_417_chainB/docking_417_chainB_out.pdbqt	/home/anacleto/Desktop/manuscript_Mpro/naturecomm/supplementary_file_S2/6-chemical-library/molecular_docking/combined_complexes/7cam_417_combined/7cam_417_combined_pose_1.pdb
C1NCCC1NC(=O)C(c2cccnc2)N(C(=O)c3cocn3)c4ccccc4	4170	1					
C1COCCN1C(=O)C(c2cccnc2)N(C(=O)c3ccco3)c4ccccc4	4171	1					
C1CCCCN1C(=O)C(c2cccnc2)N(C(=O)c3cocn3)c4ccccc4	4172	1					
C1CCCC1NC(=O)C(c2cccnc2)N(C(=O)c3cocn3)c4ccccc4	4173	1					
C1CCCC1NC(=O)C(c2cccnc2)N(C(=O)c3c[nH]cn3)c4ccccc4	4174	1					
C1CCCC1NC(=O)C(c2cccnc2)N(C(=O)c3ccco3)c4ccccc4	4175	1					
C1OCC1NC(=O)C(c2cccnc2)N(C(=O)c3cocn3)c4ccccc4	4176	1					
C1NCC1NC(=O)C(c2cccnc2)N(C(=O)c3cocn3)c4ccccc4	4177	1					
C1CCC1NC(=O)C(c2cccnc2)N(C(=O)c3cocn3)c4ccccc4	4178	1					
c1ncccc1C(C(=O)NC2CC2)N(C(=O)c3ccco3)c4ccccc4	4179	1					
n1cc(=O)[nH]cc1C(=O)NCC(=O)NCCc2ccccc2	418	1	-5.975	-5.8	/home/anacleto/Desktop/manuscript_Mpro/naturecomm/supplementary_file_S2/6-chemical-library/molecular_docking/PDBQT/7cam_A_418_chainA/docking_418_chainA_out.pdbqt	/home/anacleto/Desktop/manuscript_Mpro/naturecomm/supplementary_file_S2/6-chemical-library/molecular_docking/PDBQT/7cam_B_418_chainB/docking_418_chainB_out.pdbqt	/home/anacleto/Desktop/manuscript_Mpro/naturecomm/supplementary_file_S2/6-chemical-library/molecular_docking/combined_complexes/7cam_418_combined/7cam_418_combined_pose_1.pdb
c1ccccc1CCNC(=O)CN(C(=O)c2ccco2)c3cc(ccc3)NC(=O)C4CCCCC4	4180	1					
c1ccccc1CCNC(=O)CN(C(=O)c2cocn2)c3ccc(cc3)S(=O)(=O)C4CCCC4	4181	1					
c1ccccc1CCNC(=O)CN(C(=O)c2ccco2)c(ccc3)cc3CSC4CCOCC4	4182	1					
C1COCCN1c([nH]c(=O)[nH]c2=O)c2C(NC(=O)c3cocn3)C(=O)NCCc4ccccc4	4183	1					
c1ccccc1CCNC(=O)C(c2cccnc2)NC(=O)c3cn(nn3)CCN4CCOCC4	4184	1					
c1ccccc1CCNC(=O)CN(c2ccccc2)C(=O)c3cn(nn3)CCN4CCOCC4	4185	1					
c1ccccc1CCNC(=O)C(c2cccnc2)NC(=O)c([nH]n3)cc3C(=O)N4CCOCC4	4186	1					
c1ccccc1CCNC(=O)CN(c2ccccc2)C(=O)c([nH]n3)cc3C(=O)N4CCOCC4	4187	1					
c1ccccc1CCNC(=O)CN(C(=O)c2cocn2)c(cc3)ccc3C(CC4=O)CC(=O)N4	4188	1					
c1ccccc1CCNC(=O)C(c2cccnc2)Nc(ccc3)cc3NC(=O)C4CCCCC4	4189	1					
n1c[nH]c(=O)cc1C(=O)NCC(=O)NCCc2ccccc2	419	1	-5.981	-5.749	/home/anacleto/Desktop/manuscript_Mpro/naturecomm/supplementary_file_S2/6-chemical-library/molecular_docking/PDBQT/7cam_A_419_chainA/docking_419_chainA_out.pdbqt	/home/anacleto/Desktop/manuscript_Mpro/naturecomm/supplementary_file_S2/6-chemical-library/molecular_docking/PDBQT/7cam_B_419_chainB/docking_419_chainB_out.pdbqt	/home/anacleto/Desktop/manuscript_Mpro/naturecomm/supplementary_file_S2/6-chemical-library/molecular_docking/combined_complexes/7cam_419_combined/7cam_419_combined_pose_1.pdb
c1ccccc1CCNC(=O)CN(C(=O)c2cocn2)c3ccc(cc3)N4CCCS4(=O)=O	4190	1					
c1ccccc1CCNC(=O)C(c2cccnc2)NC(=O)c3nc(cs3)CN4CCOCC4	4191	1					
c1ccccc1CCNC(=O)CN(c2ccccc2)C(=O)c3nc(cs3)CN4CCOCC4	4192	1					
c1ccccc1CCNC(=O)C(c2cccnc2)Nc3ccc(cc3)S(=O)(=O)C4CCCC4	4193	1					
c1ccccc1CCNC(=O)C(c2cccnc2)Nc(ccc3)cc3CSC4CCOCC4	4194	1					
C1COCCN1c([nH]c(=O)[nH]c2=O)c2C(Nc3ccccc3)C(=O)NCCc4ccccc4	4195	1					
c1ccccc1CCNC(=O)CN(C(=O)c2cocn2)c3ccc(cc3)NC(=O)NC4CC4	4196	1					
c1ccccc1CCNC(=O)CN(C(=O)c2cocn2)c3ccc(cc3)N(C4=O)CCCN4	4197	1					
c1ccccc1CCNC(=O)C(c2cccnc2)NC(=O)c3ccnc(n3)N4CCOCC4	4198	1					
c1ccccc1CCNC(=O)CN(c2ccccc2)C(=O)c3ccnc(n3)N4CCOCC4	4199	1					
C=C1C(=O)OC=N1	42	1	-3.207	-2.805	/home/anacleto/Desktop/manuscript_Mpro/naturecomm/supplementary_file_S2/6-chemical-library/molecular_docking/PDBQT/7cam_A_42_chainA/docking_42_chainA_out.pdbqt	/home/anacleto/Desktop/manuscript_Mpro/naturecomm/supplementary_file_S2/6-chemical-library/molecular_docking/PDBQT/7cam_B_42_chainB/docking_42_chainB_out.pdbqt	/home/anacleto/Desktop/manuscript_Mpro/naturecomm/supplementary_file_S2/6-chemical-library/molecular_docking/combined_complexes/7cam_42_combined/7cam_42_combined_pose_1.pdb
n1[nH]c(=O)ccc1C(=O)NCC(=O)NCCc2ccccc2	420	1	-5.807	-5.917	/home/anacleto/Desktop/manuscript_Mpro/naturecomm/supplementary_file_S2/6-chemical-library/molecular_docking/PDBQT/7cam_A_420_chainA/docking_420_chainA_out.pdbqt	/home/anacleto/Desktop/manuscript_Mpro/naturecomm/supplementary_file_S2/6-chemical-library/molecular_docking/PDBQT/7cam_B_420_chainB/docking_420_chainB_out.pdbqt	/home/anacleto/Desktop/manuscript_Mpro/naturecomm/supplementary_file_S2/6-chemical-library/molecular_docking/combined_complexes/7cam_420_combined/7cam_420_combined_pose_1.pdb
c1ccccc1CCNC(=O)C(c2cccnc2)Nc(cc3)ccc3C(CC4=O)CC(=O)N4	4200	1					
c1ccccc1CCNC(=O)CN(C(=O)c2cnc[nH]2)c3cc(ccc3)Oc4cccnn4	4201	1					
c1ccccc1CCNC(=O)CN(C(=O)c2ccco2)c3ccc(cc3)Oc4ccccc4	4202	1					
c1ccccc1CCCNC(=O)CN(C(=O)c2ccco2)c(cc3)ccc3-c4ccccc4	4203	1					
c1ccccc1CCNC(=O)C(c2cccnc2)NC(=O)c3cnc(s3)N4CCOCC4	4204	1					
c1ccccc1CCNC(=O)CN(c2ccccc2)C(=O)c3cnc(s3)N4CCOCC4	4205	1					
c1ccccc1CCNC(=O)C(c2cccnc2)Nc3ccc(cc3)N4CCCS4(=O)=O	4206	1					
c1ccccc1CCNC(=O)C(NC(=O)c2cocn2)c3cnc(nc3)N4CCOCC4	4207	1					
c1ccccc1CCNC(=O)C(NC(=O)c2cocn2)c3cnc(nc3)N4CCNCC4	4208	1					
c1ccccc1CCNC(=O)CN(C(=O)c2cocn2)c3ccc(cc3)OC4CCOC4	4209	1					
O=c(o1)cccc1C(=O)NCC(=O)NCCc2ccccc2	421	1	-6.053	-5.957	/home/anacleto/Desktop/manuscript_Mpro/naturecomm/supplementary_file_S2/6-chemical-library/molecular_docking/PDBQT/7cam_A_421_chainA/docking_421_chainA_out.pdbqt	/home/anacleto/Desktop/manuscript_Mpro/naturecomm/supplementary_file_S2/6-chemical-library/molecular_docking/PDBQT/7cam_B_421_chainB/docking_421_chainB_out.pdbqt	/home/anacleto/Desktop/manuscript_Mpro/naturecomm/supplementary_file_S2/6-chemical-library/molecular_docking/combined_complexes/7cam_421_combined/7cam_421_combined_pose_1.pdb
c1ccccc1CCNC(=O)CN(C(=O)c2cnc[nH]2)c3ccc(cc3)OC4CCOC4	4210	1					
c1ccccc1CCNC(=O)C(c2cccnc2)NC(=O)c3cn(nn3)C(C4=O)COC4	4211	1					
c1ccccc1CCNC(=O)CN(c2ccccc2)C(=O)c3cn(nn3)C(C4=O)COC4	4212	1					
c1ccccc1CCNC(=O)CN(C(=O)c2cocn2)c3ccc(cc3)N4CCCC4=O	4213	1					
c1ccccc1CCNC(=O)CN(C(=O)c2cocn2)c(cc3)ccc3C(N4)CCC4=O	4214	1					
c1ccccc1CCNC(=O)CN(C(=O)c2ccco2)C3CCN(CC3)c4ccccc4	4215	1					
c1ccccc1CCNC(=O)CN(C(=O)c2cocn2)c3ccc(cc3)-n(c4=O)cc[nH]4	4216	1					
c1ccccc1CCNC(=O)CN(C(=O)c2ccco2)C(CCC3)CC3c4ccccc4	4217	1					
c1ccccc1CCNC(=O)C(c2cccnc2)Nc3ccc(cc3)N(C4=O)CCCN4	4218	1					
c1ccccc1CCNC(=O)C(c2cccnc2)Nc(cc3)ccc3NC(=O)NC4CC4	4219	1					
c1ccccc1NCC(=O)NCC(=O)OCc2ccccc2	422	1	-5.179	-5.62	/home/anacleto/Desktop/manuscript_Mpro/naturecomm/supplementary_file_S2/6-chemical-library/molecular_docking/PDBQT/7cam_A_422_chainA/docking_422_chainA_out.pdbqt	/home/anacleto/Desktop/manuscript_Mpro/naturecomm/supplementary_file_S2/6-chemical-library/molecular_docking/PDBQT/7cam_B_422_chainB/docking_422_chainB_out.pdbqt	/home/anacleto/Desktop/manuscript_Mpro/naturecomm/supplementary_file_S2/6-chemical-library/molecular_docking/combined_complexes/7cam_422_combined/7cam_422_combined_pose_1.pdb
c1ccccc1CCNC(=O)CN(C(=O)c2cocn2)c3cn(cn3)Cc4ccccc4	4220	1					
c1ccccc1CCNC(=O)CN(C(=O)c2cocn2)c(cc3)ccc3Cn4cccn4	4221	1					
c1ccccc1CCNC(=O)CN(C(=O)c2cnc[nH]2)c(cc3)ccc3Cn4cccn4	4222	1					
c1ccccc1CCNC(=O)C(c2cccnc2)Nc3cc(ccc3)Oc4cccnn4	4223	1					
c1ccccc1CNC(=O)CN(C(=O)c2ccco2)c(cc3)ccc3Cc4ccccc4	4224	1					
c1ccccc1CCNC(=O)CN(C(=O)c2ccco2)c(cc3)ccc3-c4ccccc4	4225	1					
c1ccccc1CCNC(=O)C(c2cccnc2)Nc3ccc(cc3)Oc4ccccc4	4226	1					
c1ccccc1CCCNC(=O)C(c2cccnc2)Nc(cc3)ccc3-c4ccccc4	4227	1					
c1ccccc1CCNC(=O)C(c2cccnc2)NC(=O)c3cnc(s3)C4CCOC4	4228	1					
c1ccccc1CCNC(=O)CN(c2ccccc2)C(=O)c3cnc(s3)C4CCOC4	4229	1					
c1ccccc1OCC(=O)NCCCCCc2ccccc2	423	1	-5.08	-5.054	/home/anacleto/Desktop/manuscript_Mpro/naturecomm/supplementary_file_S2/6-chemical-library/molecular_docking/PDBQT/7cam_A_423_chainA/docking_423_chainA_out.pdbqt	/home/anacleto/Desktop/manuscript_Mpro/naturecomm/supplementary_file_S2/6-chemical-library/molecular_docking/PDBQT/7cam_B_423_chainB/docking_423_chainB_out.pdbqt	/home/anacleto/Desktop/manuscript_Mpro/naturecomm/supplementary_file_S2/6-chemical-library/molecular_docking/combined_complexes/7cam_423_combined/7cam_423_combined_pose_1.pdb
c1ccccc1CCNC(=O)C(c2cccnc2)NC(=O)c3cnc(s3)-c4nnc[nH]4	4230	1					
c1ccccc1CCNC(=O)CN(c2ccccc2)C(=O)c3cnc(s3)-c4nnc[nH]4	4231	1					
c1ccccc1CCNC(=O)CN(C(=O)c2cocn2)c(cc3)ccc3C4OCCO4	4232	1					
c1ccccc1CCNC(=O)C(c2cccnc2)NC(=O)c3cn(nn3)C4CCOC4	4233	1					
c1ccccc1CCNC(=O)CN(c2ccccc2)C(=O)c3cn(nn3)C4CCOC4	4234	1					
c1ccccc1CCNC(=O)CN(C(=O)c2cocn2)C3CC(C3)Oc4ccccc4	4235	1					
c1ccccc1CCNC(=O)CN(C(=O)c2cocn2)C3CCN(C3)c4ccccc4	4236	1					
c1ccccc1CCNC(=O)CN(C(=O)c2cnc[nH]2)C3CCN(C3)c4ccccc4	4237	1					
c1ccccc1CCNC(=O)C(Nc2ccccc2)c3cnc(nc3)N4CCOCC4	4238	1					
c1ccccc1CNC(=O)CN(C(=O)c2ccno2)c(cc3)ccc3C4CCCCC4	4239	1					
C1CNCCN1C(=O)NCCNS(=O)(=O)c2ccccc2	424	1	-5.657	-5.11	/home/anacleto/Desktop/manuscript_Mpro/naturecomm/supplementary_file_S2/6-chemical-library/molecular_docking/PDBQT/7cam_A_424_chainA/docking_424_chainA_out.pdbqt	/home/anacleto/Desktop/manuscript_Mpro/naturecomm/supplementary_file_S2/6-chemical-library/molecular_docking/PDBQT/7cam_B_424_chainB/docking_424_chainB_out.pdbqt	/home/anacleto/Desktop/manuscript_Mpro/naturecomm/supplementary_file_S2/6-chemical-library/molecular_docking/combined_complexes/7cam_424_combined/7cam_424_combined_pose_1.pdb
c1ccccc1CNC(=O)CN(C(=O)c2ccco2)c3ccc(cc3)N4CCCCC4	4240	1					
c1ccccc1CCNC(=O)C(c2cccnc2)Nc3ccc(cc3)OC4CCOC4	4241	1					
c1ccccc1CCNC(=O)C(c2cccnc2)NC(=O)c3ncn(n3)-c4nnc[nH]4	4242	1					
c1ccccc1CCNC(=O)CN(C(=O)c2cocn2)c3ccc(cc3)-n4ncnn4	4243	1					
c1ccccc1CCNC(=O)C(Nc2ccccc2)c3cnc(nc3)N4CCNCC4	4244	1					
c1ccccc1CNC(=O)CN(C(=O)c2ccco2)c(cc3)ccc3C4CCCCC4	4245	1					
c1ccccc1CCNC(=O)CN(C(=O)c2ccco2)c(cc3)ccc3C4CCCC4	4246	1					
c1ccccc1CCNC(=O)CN(C(=O)c2ccco2)Cc3c(C4CCC4)cccc3	4247	1					
c1ncccc1CC(=O)N(CC(=O)N2CCNCC2)c(cc3)ccc3-c4ncccn4	4248	1					
c1ccccc1CCNC(=O)CN(c2ccccc2)C(=O)c3ncn(n3)-c4nnc[nH]4	4249	1					
O=c(s1)[nH]cc1C(=O)NCC(=O)NCCc2ccccc2	425	1	-5.683	-5.313	/home/anacleto/Desktop/manuscript_Mpro/naturecomm/supplementary_file_S2/6-chemical-library/molecular_docking/PDBQT/7cam_A_425_chainA/docking_425_chainA_out.pdbqt	/home/anacleto/Desktop/manuscript_Mpro/naturecomm/supplementary_file_S2/6-chemical-library/molecular_docking/PDBQT/7cam_B_425_chainB/docking_425_chainB_out.pdbqt	/home/anacleto/Desktop/manuscript_Mpro/naturecomm/supplementary_file_S2/6-chemical-library/molecular_docking/combined_complexes/7cam_425_combined/7cam_425_combined_pose_1.pdb
c1ccccc1CCNC(=O)CN(C(=O)c2cocn2)c3ccc(cc3)-n4ccnn4	4250	1					
c1ccccc1CCNC(=O)C(c2cccnc2)NC(=O)c3cc(no3)-c4cn[nH]c4	4251	1					
c1ccccc1CCNC(=O)CN(c2ccccc2)C(=O)c3cc(no3)-c4cn[nH]c4	4252	1					
c1ccccc1CCNC(=O)CN(C(=O)c2cocn2)c3cnn(c3)-c4ccccc4	4253	1					
c1ccccc1CCNC(=O)CN(C(=O)c2cocn2)c3ccc(cc3)-n4ccnc4	4254	1					
c1ccccc1CCNC(=O)C(c2cccnc2)NC3CCN(CC3)c4ccccc4	4255	1					
c1ccccc1CCNC(=O)C(c2cccnc2)Nc3ccc(cc3)N4CCCC4=O	4256	1					
c1ccccc1CCNC(=O)C(c2cccnc2)Nc(cc3)ccc3C(N4)CCC4=O	4257	1					
c1ccccc1CCNC(=O)C(c2cccnc2)NC(CCC3)CC3c4ccccc4	4258	1					
c1ccccc1CCNC(=O)C(c2cccnc2)Nc3ccc(cc3)-n(c4=O)cc[nH]4	4259	1					
s1cncc1COC(=O)NCCCCCc2ccccc2	426	1	-4.837	-4.957	/home/anacleto/Desktop/manuscript_Mpro/naturecomm/supplementary_file_S2/6-chemical-library/molecular_docking/PDBQT/7cam_A_426_chainA/docking_426_chainA_out.pdbqt	/home/anacleto/Desktop/manuscript_Mpro/naturecomm/supplementary_file_S2/6-chemical-library/molecular_docking/PDBQT/7cam_B_426_chainB/docking_426_chainB_out.pdbqt	/home/anacleto/Desktop/manuscript_Mpro/naturecomm/supplementary_file_S2/6-chemical-library/molecular_docking/combined_complexes/7cam_426_combined/7cam_426_combined_pose_1.pdb
c1ccccc1CCNC(=O)C(c2cccnc2)Nc3cn(cn3)Cc4ccccc4	4260	1					
c1ccccc1CCNC(=O)C(c2cccnc2)Nc(cc3)ccc3Cn4cccn4	4261	1					
c1ccccc1CNC(=O)CN(C(=O)c2cnco2)c(cc3)ccc3-c4ccccc4	4262	1					
c1ccccc1CNC(=O)CN(C(=O)c2ccno2)c(cc3)ccc3-c4ccccc4	4263	1					
c1ccccc1CNC(=O)CN(C(=O)c2ccco2)c(cc3)ccc3-c4ccccn4	4264	1					
c1ccccc1CNC(=O)CN(C(=O)c2c[nH]cn2)c(cc3)ccc3-c4ccccc4	4265	1					
c1ccccc1CNC(=O)CN(C(=O)c2ccco2)c(cc3)ccc3-c4ccccc4	4266	1					
c1ccccc1CNC(=O)C(c2cccnc2)Nc(cc3)ccc3Cc4ccccc4	4267	1					
c1ccccc1CCNC(=O)C(c2cccnc2)Nc(cc3)ccc3-c4ccccc4	4268	1					
c1ccccc1C(c2ccccc2)CNC(=O)CNc(cc3)ccc3-c4ccccc4	4269	1					
c1ccccc1NCC(=O)NCS(=O)(=O)c2ccccc2	427	1	-4.983	-5.831	/home/anacleto/Desktop/manuscript_Mpro/naturecomm/supplementary_file_S2/6-chemical-library/molecular_docking/PDBQT/7cam_A_427_chainA/docking_427_chainA_out.pdbqt	/home/anacleto/Desktop/manuscript_Mpro/naturecomm/supplementary_file_S2/6-chemical-library/molecular_docking/PDBQT/7cam_B_427_chainB/docking_427_chainB_out.pdbqt	/home/anacleto/Desktop/manuscript_Mpro/naturecomm/supplementary_file_S2/6-chemical-library/molecular_docking/combined_complexes/7cam_427_combined/7cam_427_combined_pose_1.pdb
c1ccccc1C(c2ccccc2)NC(=O)C3CNCCN3S(=O)(=O)c4ccsc4	4270	1					
c1ccccc1CNC(=O)CN(C(=O)c2ccco2)c(cc3)ccc3-c4cccs4	4271	1					
C1CNCCN1C(=O)CN(C(=O)Cn2ccnn2)c3ccc(cc3)N4CCOCC4	4272	1					
c1ccccc1CCNC(=O)C(c2cccnc2)NC(=O)c3cc(on3)C4COC4	4273	1					
C1CNCCN1C(=O)CN(C(=O)Cn2ccnn2)c(cc3)ccc3-c4ccccn4	4274	1					
c1ccccc1CCNC(=O)CN(C(=O)c2cocn2)c(cn3)cnc3C4CCC4	4275	1					
c1ccccc1CCNC(=O)CN(c2ccccc2)C(=O)c3cc(on3)C4COC4	4276	1					
c1ccccc1CCNC(=O)CN(C(=O)c2cocn2)c(cc3)ccc3C4COC4	4277	1					
c1ccccc1CCNC(=O)CN(C(=O)c2cnc[nH]2)c(cn3)cnc3C4CCC4	4278	1					
C1CNCCN1C(=O)CN(C(=O)Cn2ccnn2)c(cc3)ccc3-c4ccccc4	4279	1					
N1CCCC(C1=O)CCC(=O)COC(=O)C2OCCCO2	428	1	-5.468	-5.029	/home/anacleto/Desktop/manuscript_Mpro/naturecomm/supplementary_file_S2/6-chemical-library/molecular_docking/PDBQT/7cam_A_428_chainA/docking_428_chainA_out.pdbqt	/home/anacleto/Desktop/manuscript_Mpro/naturecomm/supplementary_file_S2/6-chemical-library/molecular_docking/PDBQT/7cam_B_428_chainB/docking_428_chainB_out.pdbqt	/home/anacleto/Desktop/manuscript_Mpro/naturecomm/supplementary_file_S2/6-chemical-library/molecular_docking/combined_complexes/7cam_428_combined/7cam_428_combined_pose_1.pdb
c1ccccc1CCNC(=O)CN(C(=O)c2cnc[nH]2)c(ccc3)cc3C4COC4	4280	1					
c1ccccc1CCNC(=O)CN(C(=O)c2cnc[nH]2)c(cc3)ccc3C4COC4	4281	1					
c1ncccc1CN(C(=O)c2ccco2)c3cc(ccc3)NC(=O)C4CCCCC4	4282	1					
c1ccccc1CCNC(=O)C(c2cccnc2)Nc(cc3)ccc3C4OCCO4	4283	1					
C1CCCCC1NC(=O)CN(C(=O)c2c[nH]cn2)c(cc3)ccc3-c4ccccc4	4284	1					
c1ccccc1CCNC(=O)CN(C(=O)c2ccco2)C(C3)CC3c4ccccc4	4285	1					
C1CCCCC1NC(=O)CN(C(=O)c2ccco2)c(cc3)ccc3-c4ccccc4	4286	1					
c1ccccc1CCNC(=O)C(c2cccnc2)NC3CC(C3)Oc4ccccc4	4287	1					
c1ccccc1CNC(=O)C(c2cccnc2)Nc3ccc(cc3)N4CCCCC4	4288	1					
c1ccccc1CCNC(=O)C(c2cccnc2)NC3CCN(C3)c4ccccc4	4289	1					
N1CCCC(C1=O)CCC(=O)COC(=O)C2CCCCC2	429	1	-5.566	-4.766	/home/anacleto/Desktop/manuscript_Mpro/naturecomm/supplementary_file_S2/6-chemical-library/molecular_docking/PDBQT/7cam_A_429_chainA/docking_429_chainA_out.pdbqt	/home/anacleto/Desktop/manuscript_Mpro/naturecomm/supplementary_file_S2/6-chemical-library/molecular_docking/PDBQT/7cam_B_429_chainB/docking_429_chainB_out.pdbqt	/home/anacleto/Desktop/manuscript_Mpro/naturecomm/supplementary_file_S2/6-chemical-library/molecular_docking/combined_complexes/7cam_429_combined/7cam_429_combined_pose_1.pdb
c1ccccc1CNC(=O)CN(C(=O)c2ccco2)c(cc3)ccc3-c4ccco4	4290	1					
c1ccccc1CNC(=O)C(c2cccnc2)Nc(cc3)ccc3C4CCCCC4	4291	1					
c1ccccc1CCNC(=O)C(c2cccnc2)Nc(cc3)ccc3C4CCCC4	4292	1					
c1ccccc1CCNC(=O)C(c2cccnc2)NCc3c(C4CCC4)cccc3	4293	1					
c1ccccc1CCNC(=O)C(c2cccnc2)Nc3ccc(cc3)-n4ncnn4	4294	1					
c1ccccc1CNC(=O)CN(C(=O)c2ccco2)c3ccc(cc3)-n4cccc4	4295	1					
c1ccccc1CCNC(=O)C(c2cccnc2)Nc3ccc(cc3)-n4ccnn4	4296	1					
c1ccccc1CCNC(=O)C(c2cccnc2)Nc3cnn(c3)-c4ccccc4	4297	1					
c1ccccc1CCNC(=O)C(c2cccnc2)Nc3ccc(cc3)-n4ccnc4	4298	1					
c1ccccc1CNC(=O)C(c2cnccn2)Nc(cc3)ccc3-c4ccccc4	4299	1					
C=C1CC=COC1	43	1	-3.532	-3.41	/home/anacleto/Desktop/manuscript_Mpro/naturecomm/supplementary_file_S2/6-chemical-library/molecular_docking/PDBQT/7cam_A_43_chainA/docking_43_chainA_out.pdbqt	/home/anacleto/Desktop/manuscript_Mpro/naturecomm/supplementary_file_S2/6-chemical-library/molecular_docking/PDBQT/7cam_B_43_chainB/docking_43_chainB_out.pdbqt	/home/anacleto/Desktop/manuscript_Mpro/naturecomm/supplementary_file_S2/6-chemical-library/molecular_docking/combined_complexes/7cam_43_combined/7cam_43_combined_pose_1.pdb
N1CCCC(C1=O)CCC(=O)COC(=O)c2cncnc2	430	1	-5.388	-5.06	/home/anacleto/Desktop/manuscript_Mpro/naturecomm/supplementary_file_S2/6-chemical-library/molecular_docking/PDBQT/7cam_A_430_chainA/docking_430_chainA_out.pdbqt	/home/anacleto/Desktop/manuscript_Mpro/naturecomm/supplementary_file_S2/6-chemical-library/molecular_docking/PDBQT/7cam_B_430_chainB/docking_430_chainB_out.pdbqt	/home/anacleto/Desktop/manuscript_Mpro/naturecomm/supplementary_file_S2/6-chemical-library/molecular_docking/combined_complexes/7cam_430_combined/7cam_430_combined_pose_1.pdb
c1ccccc1CNC(=O)C(c2cccnc2)Nc(cc3)ccc3-c4ccccn4	4300	1					
c1ccccc1CNC(=O)C(c2cccnc2)Nc(cc3)ccc3-c4ccccc4	4301	1					
c1ncccc1CN(C(=O)c2cocn2)c3ccc(cc3)S(=O)(=O)C4CCCC4	4302	1					
c1ncccc1CN(C(=O)c2ccco2)c(ccc3)cc3CSC4CCOCC4	4303	1					
c1ccccc1CNC(=O)C(c2cccnc2)Nc(cc3)ccc3-c4cccs4	4304	1					
c1ccccc1N(C(=O)c2cocn2)Cc3c([nH]c(=O)[nH]c3=O)N4CCOCC4	4305	1					
c1ncccc1CN(c2ccccc2)C(=O)c3cn(nn3)CCN4CCOCC4	4306	1					
c1ncccc1CN(c2ccccc2)C(=O)c([nH]n3)cc3C(=O)N4CCOCC4	4307	1					
n1cocc1C(=O)NC(c2cccnc2)C(=O)N(CC3)CCC3c4ccccc4	4308	1					
c1ccccc1CCNC(=O)C(c2cccnc2)NC(=O)c3cnc(o3)C4CC4	4309	1					
N1CCCC(C1=O)CCC(=O)COC(=O)c2ccncc2	431	1	-5.425	-5.375	/home/anacleto/Desktop/manuscript_Mpro/naturecomm/supplementary_file_S2/6-chemical-library/molecular_docking/PDBQT/7cam_A_431_chainA/docking_431_chainA_out.pdbqt	/home/anacleto/Desktop/manuscript_Mpro/naturecomm/supplementary_file_S2/6-chemical-library/molecular_docking/PDBQT/7cam_B_431_chainB/docking_431_chainB_out.pdbqt	/home/anacleto/Desktop/manuscript_Mpro/naturecomm/supplementary_file_S2/6-chemical-library/molecular_docking/combined_complexes/7cam_431_combined/7cam_431_combined_pose_1.pdb
c1ncccc1CN(C(=O)c2cocn2)c(cc3)ccc3C(CC4=O)CC(=O)N4	4310	1					
c1ccccc1N(C(=O)c2cocn2)CC(=O)N(CC3)CCC3c4ccccc4	4311	1					
c1ccccc1CCNC(=O)CN(c2ccccc2)C(=O)c3cnc(o3)C4CC4	4312	1					
C1CCCC1NC(=O)CN(C(=O)c2c[nH]cn2)c(cc3)ccc3-c4ccccc4	4313	1					
C1CCCC1NC(=O)CN(C(=O)c2ccco2)c(cc3)ccc3-c4ccccc4	4314	1					
c1ccccc1CCNC(=O)C(c2cccnc2)Nc(cn3)cnc3C4CCC4	4315	1					
c1ccccc1CCNC(=O)C(c2cccnc2)Nc(ccc3)cc3C4COC4	4316	1					
c1ccccc1CCNC(=O)C(c2cccnc2)Nc(cc3)ccc3C4COC4	4317	1					
c1ccccc1CCNC(=O)C(c2cccnc2)NC(C3)CC3c4ccccc4	4318	1					
C1CCCCC1NC(=O)C(c2cccnc2)Nc(cc3)ccc3-c4ccccc4	4319	1					
N1CCCC(C1=O)CCC(=O)COC(=O)c2cccnc2	432	1	-5.525	-5.155	/home/anacleto/Desktop/manuscript_Mpro/naturecomm/supplementary_file_S2/6-chemical-library/molecular_docking/PDBQT/7cam_A_432_chainA/docking_432_chainA_out.pdbqt	/home/anacleto/Desktop/manuscript_Mpro/naturecomm/supplementary_file_S2/6-chemical-library/molecular_docking/PDBQT/7cam_B_432_chainB/docking_432_chainB_out.pdbqt	/home/anacleto/Desktop/manuscript_Mpro/naturecomm/supplementary_file_S2/6-chemical-library/molecular_docking/combined_complexes/7cam_432_combined/7cam_432_combined_pose_1.pdb
c1ccccc1CNC(=O)C(c2cccnc2)Nc(cc3)ccc3-c4ccco4	4320	1					
c1ccccc1CNC(=O)C(c2cccnc2)Nc3ccc(cc3)-n4cccc4	4321	1					
c1ncccc1CN(C(=O)c2cocn2)c3ccc(cc3)N4CCCS4(=O)=O	4322	1					
c1ncccc1CN(c2ccccc2)C(=O)c(n3)scc3CN4CCOCC4	4323	1					
c1ncccc1CN(C(=O)c2cocn2)c3ccc(cc3)NC(=O)NC4CC4	4324	1					
c1ncccc1CN(C(=O)c2cocn2)c3ccc(cc3)N(C4=O)CCCN4	4325	1					
c1ncccc1CN(c2ccccc2)C(=O)c3ccnc(n3)N4CCOCC4	4326	1					
c1ncccc1CN(C(=O)c2cnc[nH]2)c3cc(ccc3)Oc4cccnn4	4327	1					
c1ccccc1NC(c2cccnc2)C(=O)N(CC3)CCC3c4ccccc4	4328	1					
C1CCCC1NC(=O)C(c2cccnc2)Nc(cc3)ccc3-c4ccccc4	4329	1					
N1CCCC(C1=O)CCC(=O)COC(=O)c2ccccn2	433	1	-5.383	-5.48	/home/anacleto/Desktop/manuscript_Mpro/naturecomm/supplementary_file_S2/6-chemical-library/molecular_docking/PDBQT/7cam_A_433_chainA/docking_433_chainA_out.pdbqt	/home/anacleto/Desktop/manuscript_Mpro/naturecomm/supplementary_file_S2/6-chemical-library/molecular_docking/PDBQT/7cam_B_433_chainB/docking_433_chainB_out.pdbqt	/home/anacleto/Desktop/manuscript_Mpro/naturecomm/supplementary_file_S2/6-chemical-library/molecular_docking/combined_complexes/7cam_433_combined/7cam_433_combined_pose_1.pdb
c1ncccc1CN(C(=O)c2ccco2)c3ccc(cc3)Oc4ccccc4	4330	1					
c1ncncc1CC(=O)N(Cc2ccccc2)c(cc3)ccc3-c4cn[nH]c4	4331	1					
c1ncccc1CC(=O)N(Cc2ccccc2)c(cc3)ccc3-c4cn[nH]c4	4332	1					
c1ncccc1CN(C(=O)c2ccco2)c(cc3)ccc3Cc4ccccc4	4333	1					
c1ncccc1CN(c2ccccc2)C(=O)c3cnc(s3)N4CCOCC4	4334	1					
n1nccn1CC(=O)N(Cc2cscn2)c(cn3)ccc3-c4ccccc4	4335	1					
n1nccn1CC(=O)N(Cc2ccsc2)c(cc3)ccc3-c4ccccc4	4336	1					
c1ccccc1N(C(=O)c2cocn2)Cc3cnc(nc3)N4CCOCC4	4337	1					
c1ncccc1CN(C(=O)c2cocn2)c3ccc(cc3)OC4CCOC4	4338	1					
c1ccccc1N(C(=O)c2cocn2)Cc3cnc(nc3)N4CCNCC4	4339	1					
N1CCCC(C1=O)CCC(=O)COC(=O)c2ccccc2	434	1	-5.721	-5.115	/home/anacleto/Desktop/manuscript_Mpro/naturecomm/supplementary_file_S2/6-chemical-library/molecular_docking/PDBQT/7cam_A_434_chainA/docking_434_chainA_out.pdbqt	/home/anacleto/Desktop/manuscript_Mpro/naturecomm/supplementary_file_S2/6-chemical-library/molecular_docking/PDBQT/7cam_B_434_chainB/docking_434_chainB_out.pdbqt	/home/anacleto/Desktop/manuscript_Mpro/naturecomm/supplementary_file_S2/6-chemical-library/molecular_docking/combined_complexes/7cam_434_combined/7cam_434_combined_pose_1.pdb
c1ncccc1CN(C(=O)c2cnc[nH]2)c3ccc(cc3)OC4CCOC4	4340	1					
C1OCC(C1=O)n(nn2)cc2C(=O)N(c3ccccc3)Cc4cccnc4	4341	1					
c1ncccc1CN(C(=O)c2cocn2)c3ccc(cc3)N4CCCC4=O	4342	1					
c1ncccc1CN(C(=O)c2cocn2)c(cc3)ccc3C(N4)CCC4=O	4343	1					
c1ncccc1CN(C(=O)c2ccno2)c(cc3)ccc3C4CCCCC4	4344	1					
c1ncccc1CN(C(=O)c2ccco2)c3ccc(cc3)N4CCCCC4	4345	1					
c1ncccc1CN(C(=O)c2ccco2)C3CCN(CC3)c4ccccc4	4346	1					
c1ncccc1CN(C(=O)c2cocn2)c3ccc(cc3)-n(c4=O)cc[nH]4	4347	1					
c1ncccc1CN(C(=O)c2ccco2)c(cc3)ccc3C4CCCCC4	4348	1					
c1ncccc1CN(C(=O)c2ccco2)C(CCC3)CC3c4ccccc4	4349	1					
[nH]1[nH]c(=O)nc1C(=O)NCC(=O)NCCc2ccccc2	435	1	-6.096	-6.767	/home/anacleto/Desktop/manuscript_Mpro/naturecomm/supplementary_file_S2/6-chemical-library/molecular_docking/PDBQT/7cam_A_435_chainA/docking_435_chainA_out.pdbqt	/home/anacleto/Desktop/manuscript_Mpro/naturecomm/supplementary_file_S2/6-chemical-library/molecular_docking/PDBQT/7cam_B_435_chainB/docking_435_chainB_out.pdbqt	/home/anacleto/Desktop/manuscript_Mpro/naturecomm/supplementary_file_S2/6-chemical-library/molecular_docking/combined_complexes/7cam_435_combined/7cam_435_combined_pose_1.pdb
C1CC1NC(=O)CN(C(=O)c2ccco2)c(cc3)ccc3-c4ccccc4	4350	1					
c1ncccc1CN(C(=O)c2cocn2)c3cn(cn3)Cc4ccccc4	4351	1					
c1ncccc1CN(C(=O)c2cocn2)c(cc3)ccc3Cn4cccn4	4352	1					
c1ncccc1CN(C(=O)c2cnc[nH]2)c(cc3)ccc3Cn4cccn4	4353	1					
n1ccncc1CN(C(=O)c2c[nH]cn2)c(cc3)ccc3-c4ccccc4	4354	1					
n1ccncc1CN(C(=O)c2ccco2)c(cc3)ccc3-c4ccccc4	4355	1					
c1ncccc1CN(C(=O)c2cnco2)c(cc3)ccc3-c4ccccc4	4356	1					
c1ncccc1CN(C(=O)c2ccno2)c(cc3)ccc3-c4ccccc4	4357	1					
c1ncccc1CN(C(=O)c2ccco2)c(cc3)ccc3-c4ccccn4	4358	1					
c1ncccc1CN(C(=O)c2c[nH]cn2)c(cc3)ccc3-c4ccccc4	4359	1					
c1ccccc1CCNC(=O)CNCCC2CCCCC2	436	1	-4.817	-5.432	/home/anacleto/Desktop/manuscript_Mpro/naturecomm/supplementary_file_S2/6-chemical-library/molecular_docking/PDBQT/7cam_A_436_chainA/docking_436_chainA_out.pdbqt	/home/anacleto/Desktop/manuscript_Mpro/naturecomm/supplementary_file_S2/6-chemical-library/molecular_docking/PDBQT/7cam_B_436_chainB/docking_436_chainB_out.pdbqt	/home/anacleto/Desktop/manuscript_Mpro/naturecomm/supplementary_file_S2/6-chemical-library/molecular_docking/combined_complexes/7cam_436_combined/7cam_436_combined_pose_1.pdb
c1ncccc1CN(C(=O)c2ccco2)c(cc3)ccc3-c4ccccc4	4360	1					
c1ncccc1CN(c2ccccc2)C(=O)c3cnc(s3)C4CCOC4	4361	1					
n1nccn1CC(=O)N(Cc2ccsc2)c3ccc(cc3)-n4cnnc4	4362	1					
c1ncccc1CN(c2ccccc2)C(=O)c3cnc(s3)-c4nnc[nH]4	4363	1					
c1ncccc1CN(C(=O)c2ccco2)c(cc3)ccc3-c4cccs4	4364	1					
c1ncccc1CN(C(=O)c2cocn2)c(cc3)ccc3C4OCCO4	4365	1					
c1ncccc1CN(c2ccccc2)C(=O)c3cn(nn3)C4CCOC4	4366	1					
c1ncccc1CN(C(=O)c2cocn2)C3CC(C3)Oc4ccccc4	4367	1					
c1ncccc1CN(C(=O)c2cocn2)C3CCN(C3)c4ccccc4	4368	1					
c1ncccc1CN(C(=O)c2cnc[nH]2)C3CCN(C3)c4ccccc4	4369	1					
[nH]1c(=O)[nH]cc1C(=O)NCC(=O)NCCc2ccccc2	437	1	-6.219	-5.704	/home/anacleto/Desktop/manuscript_Mpro/naturecomm/supplementary_file_S2/6-chemical-library/molecular_docking/PDBQT/7cam_A_437_chainA/docking_437_chainA_out.pdbqt	/home/anacleto/Desktop/manuscript_Mpro/naturecomm/supplementary_file_S2/6-chemical-library/molecular_docking/PDBQT/7cam_B_437_chainB/docking_437_chainB_out.pdbqt	/home/anacleto/Desktop/manuscript_Mpro/naturecomm/supplementary_file_S2/6-chemical-library/molecular_docking/combined_complexes/7cam_437_combined/7cam_437_combined_pose_1.pdb
c1ncccc1CN(C(=O)c2cocn2)c3ccc(cc3)-n4ncnn4	4370	1					
c1ncccc1CN(C(=O)c2ccco2)c(cc3)ccc3C4CCCC4	4371	1					
c1ncccc1CN(C(=O)c2ccco2)Cc3c(C4CCC4)cccc3	4372	1					
c1ncccc1CN(c2ccccc2)C(=O)c3ncn(n3)-c4nnc[nH]4	4373	1					
c1ncccc1CN(C(=O)c2cocn2)c3ccc(cc3)-n4ccnn4	4374	1					
c1ncccc1CN(c2ccccc2)C(=O)c3cc(no3)-c4cn[nH]c4	4375	1					
c1ncccc1CN(C(=O)c2cocn2)c3cnn(c3)-c4ccccc4	4376	1					
c1ncccc1CN(C(=O)c2cocn2)c3ccc(cc3)-n4ccnc4	4377	1					
c1ncccc1CN(C(=O)c2ccco2)c(cc3)ccc3-c4ccco4	4378	1					
c1ncccc1C(C(=O)NC2CC2)Nc(cc3)ccc3-c4ccccc4	4379	1					
[nH]1[nH]c(=O)cc1C(=O)NCC(=O)NCCc2ccccc2	438	1	-5.574	-6.211	/home/anacleto/Desktop/manuscript_Mpro/naturecomm/supplementary_file_S2/6-chemical-library/molecular_docking/PDBQT/7cam_A_438_chainA/docking_438_chainA_out.pdbqt	/home/anacleto/Desktop/manuscript_Mpro/naturecomm/supplementary_file_S2/6-chemical-library/molecular_docking/PDBQT/7cam_B_438_chainB/docking_438_chainB_out.pdbqt	/home/anacleto/Desktop/manuscript_Mpro/naturecomm/supplementary_file_S2/6-chemical-library/molecular_docking/combined_complexes/7cam_438_combined/7cam_438_combined_pose_1.pdb
c1ccccc1NC(=O)C(c2cccnc2)Nc(cc3)ccc3C4CC4	4380	1					
c1ncccc1CN(C(=O)c2ccco2)c3ccc(cc3)-n4cccc4	4381	1					
O=C1CCCCN1C(c2ccccc2)c3nc(no3)Cn4ccnn4	4382	1					
c1ncccc1CC(C2CCCC2)c3nc(no3)C(C4=O)C=CC=N4	4383	1					
c1ncccc1CN(C(=O)c2cocn2)c(cn3)cnc3C4CCC4	4384	1					
c1ncccc1CN(C(=O)c2cocn2)c(cc3)ccc3C4COC4	4385	1					
C1OCC1c(on2)cc2C(=O)N(c3ccccc3)Cc4cccnc4	4386	1					
c1ncccc1CN(C(=O)c2cnc[nH]2)c(cn3)cnc3C4CCC4	4387	1					
c1ncccc1CN(C(=O)c2cnc[nH]2)c(ccc3)cc3C4COC4	4388	1					
c1ncccc1CN(C(=O)c2cnc[nH]2)c(cc3)ccc3C4COC4	4389	1					
o1cccc1C(=O)NCC(=O)NCCCc2ccccc2	439	1	-4.912	-5.539	/home/anacleto/Desktop/manuscript_Mpro/naturecomm/supplementary_file_S2/6-chemical-library/molecular_docking/PDBQT/7cam_A_439_chainA/docking_439_chainA_out.pdbqt	/home/anacleto/Desktop/manuscript_Mpro/naturecomm/supplementary_file_S2/6-chemical-library/molecular_docking/PDBQT/7cam_B_439_chainB/docking_439_chainB_out.pdbqt	/home/anacleto/Desktop/manuscript_Mpro/naturecomm/supplementary_file_S2/6-chemical-library/molecular_docking/combined_complexes/7cam_439_combined/7cam_439_combined_pose_1.pdb
c1ccccc1C(c2ccccc2)N3CCN(CC3)Cc4ccoc4	4390	1					
c1ncccc1CN(C(=O)c2ccco2)C(C3)CC3c4ccccc4	4391	1					
C1CC1c(o2)ncc2C(=O)N(c3ccccc3)Cc4cccnc4	4392	1					
c1ccccc1CC(C2=O)NC(=O)CCSSCC(C(=O)N3CCCC3)NC(=O)CNC(=O)CNC(=O)C(N2)Cc4ccccc4	4393	1					
s1cccc1C(=O)NCCCNc2ccnc(n2)Nc(ccc3)cc3NC(=O)N4CCCC4	4394	1					
c1ccccc1C=CC(=O)OC(C2OC3CCCCO3)COC(C2)OCCc4ccccc4	4395	1					
c1ncccc1NC(=O)Cc2cc(ccc2)OCc3ccc(cc3)OCc4ccccc4	4396	1					
c1ccccc1N2CCN(C(=O)c3cccnc3)CC2C(=O)NS(=O)(=O)c4cccs4	4397	1					
c1ccccc1N2CCN(C(=O)c3cc(=O)[nH]c(=O)[nH]3)CC2C(=O)NCc4cccs4	4398	1					
c1ccccc1CS(=O)(=O)c(c2S(=O)(=O)c3ccccc3)oc(n2)-c4ccccc4	4399	1					
O=c1cncc[nH]1	44	1	-3.306	-3.019	/home/anacleto/Desktop/manuscript_Mpro/naturecomm/supplementary_file_S2/6-chemical-library/molecular_docking/PDBQT/7cam_A_44_chainA/docking_44_chainA_out.pdbqt	/home/anacleto/Desktop/manuscript_Mpro/naturecomm/supplementary_file_S2/6-chemical-library/molecular_docking/PDBQT/7cam_B_44_chainB/docking_44_chainB_out.pdbqt	/home/anacleto/Desktop/manuscript_Mpro/naturecomm/supplementary_file_S2/6-chemical-library/molecular_docking/combined_complexes/7cam_44_combined/7cam_44_combined_pose_1.pdb
n1ncccc1C(=O)NCC(=O)NCCc2ccccc2	440	1	-5.698	-5.236	/home/anacleto/Desktop/manuscript_Mpro/naturecomm/supplementary_file_S2/6-chemical-library/molecular_docking/PDBQT/7cam_A_440_chainA/docking_440_chainA_out.pdbqt	/home/anacleto/Desktop/manuscript_Mpro/naturecomm/supplementary_file_S2/6-chemical-library/molecular_docking/PDBQT/7cam_B_440_chainB/docking_440_chainB_out.pdbqt	/home/anacleto/Desktop/manuscript_Mpro/naturecomm/supplementary_file_S2/6-chemical-library/molecular_docking/combined_complexes/7cam_440_combined/7cam_440_combined_pose_1.pdb
s1cccc1CNC(=O)C2CN(C(=O)C(N3)CCCC3=O)CCN2c4ccccc4	4400	1					
c1ccccc1N2CCN(C(=O)c3cc(=O)[nH]cc3)CC2C(=O)NCc4cccs4	4401	1					
c1ccccc1-c(o2)ccc2C=NN(CC3=O)C(=O)N3CCCCN4CCNCC4	4402	1					
c1ccccc1N2CCN(C(=O)C(CN3)NC3=O)CC2C(=O)NCc4cccs4	4403	1					
c1ccccc1N2CCN(C(=O)C(CC3=O)CN3)CC2C(=O)NCc4cccs4	4404	1					
c1ccccc1N2CCN(C(=O)c3cncnc3)CC2C(=O)NCc4cccs4	4405	1					
c1ccccc1N2CCN(C(=O)c3cnccn3)CC2C(=O)NCc4cccs4	4406	1					
c1ccccc1N2CCN(C(=O)c3cccnc3)CC2C(=O)NCc4cccs4	4407	1					
c1ccccc1S(=O)CCC(C2=O)C(=O)N(c3ccccc3)N2c4ccccc4	4408	1					
c1ncccc1NC(=O)Cc2cc(ccc2)OCc3nnc(o3)C4CCCCC4	4409	1					
n1cnccc1C(=O)NCC(=O)NCCc2ccccc2	441	1	-5.851	-5.553	/home/anacleto/Desktop/manuscript_Mpro/naturecomm/supplementary_file_S2/6-chemical-library/molecular_docking/PDBQT/7cam_A_441_chainA/docking_441_chainA_out.pdbqt	/home/anacleto/Desktop/manuscript_Mpro/naturecomm/supplementary_file_S2/6-chemical-library/molecular_docking/PDBQT/7cam_B_441_chainB/docking_441_chainB_out.pdbqt	/home/anacleto/Desktop/manuscript_Mpro/naturecomm/supplementary_file_S2/6-chemical-library/molecular_docking/combined_complexes/7cam_441_combined/7cam_441_combined_pose_1.pdb
c1ccccc1N2CCN(C(=O)c3cccnc3)CC2C(=O)Nc4ccccc4	4410	1					
c1ncccc1NC(=O)Cc2cc(ccc2)OCc3cc(no3)-c4ccccc4	4411	1					
c1ccccc1N(CC2)CCN2C(=O)C3CNCCN3S(=O)(=O)c4ccsc4	4412	1					
c1ccccc1N2CCN(C(=O)C3CCCN3)CC2C(=O)NCc4cccs4	4413	1					
c1ccccc1N2CCN(C(=O)c3ncn[nH]3)CC2C(=O)NCc4cccs4	4414	1					
c1ccccc1N2CCN(C(=O)c3cc[nH]n3)CC2C(=O)NCc4cccs4	4415	1					
n1[nH]cnc1Cn(c(=O)[nH]2)c(=O)n(Cc3ccccc3)c2=Nc4ccccc4	4416	1					
c1ccccc1C2C=CNC=C2C(=O)OC3CCN(C3)Cc4ccccc4	4417	1					
c1ncccc1N2C(=O)NC(C2=O)Cc3cc(ccc3)Oc4ccccc4	4418	1					
c1ncccc1CN(C2=O)C(=O)C(=C2c3ccccc3)Nc4ccccc4	4419	1					
c1ncccc1CC(=O)NCC(=O)OCc2ccccc2	442	1	-5.842	-4.922	/home/anacleto/Desktop/manuscript_Mpro/naturecomm/supplementary_file_S2/6-chemical-library/molecular_docking/PDBQT/7cam_A_442_chainA/docking_442_chainA_out.pdbqt	/home/anacleto/Desktop/manuscript_Mpro/naturecomm/supplementary_file_S2/6-chemical-library/molecular_docking/PDBQT/7cam_B_442_chainB/docking_442_chainB_out.pdbqt	/home/anacleto/Desktop/manuscript_Mpro/naturecomm/supplementary_file_S2/6-chemical-library/molecular_docking/combined_complexes/7cam_442_combined/7cam_442_combined_pose_1.pdb
c1ccccc1-c(n2)scc2CC(=O)Nc(s3)ccc3-c4ccccc4	4420	1					
N1CCCN(C1=O)c(ccc2)cc2C(=O)N(CC3)CCC3C4CCNC4	4421	1					
C1NCCC1C2CCN(CC2)C(=O)c3cc(ccc3)CN4CCCC4=O	4422	1					
c1ccccc1Nc(cccc2)c2C(=O)N(CC3)CCC3C4CCNC4	4423	1					
C1CCCC1CNC(=O)c2c(-c3cccnc3)nn(c2)-c4ccccc4	4424	1					
c1ncccc1NC(=O)Cc2cc(ccc2)-c(cc3)ccc3C4CCO4	4425	1					
c1ccccc1N(N=C2)C(=O)C2=NNc(ccc3)cc3-c4ccccc4	4426	1					
c1ccccc1C(=O)C2C(c3ccccc3)C=CCC2c4ccccc4	4427	1					
c1ccccc1COc(cc2)ccc2-n3cnnc3Sc4nccs4	4428	1					
s1ccnc1CN(C(=O)N2)C(=O)C2(c3ccccc3)c4ccccc4	4429	1					
c1cnccc1C(=O)NCC(=O)NCCc2ccccc2	443	1	-5.656	-5.604	/home/anacleto/Desktop/manuscript_Mpro/naturecomm/supplementary_file_S2/6-chemical-library/molecular_docking/PDBQT/7cam_A_443_chainA/docking_443_chainA_out.pdbqt	/home/anacleto/Desktop/manuscript_Mpro/naturecomm/supplementary_file_S2/6-chemical-library/molecular_docking/PDBQT/7cam_B_443_chainB/docking_443_chainB_out.pdbqt	/home/anacleto/Desktop/manuscript_Mpro/naturecomm/supplementary_file_S2/6-chemical-library/molecular_docking/combined_complexes/7cam_443_combined/7cam_443_combined_pose_1.pdb
c1ccccc1-c(o2)ccc2C=C3C(=O)N=C(S3)Nc4ccccc4	4430	1					
C1CNCCN1c(cccc2)c2C(=O)N(CC3)CCC3C4CCNC4	4431	1					
o1nccc1CNc(n2)nc(N3CCNCC3)cc2Nc4cc[nH]n4	4432	1					
n1ccccc1-c(ccc2)cc2C(=O)N(CC3)CCC3C4CCNC4	4433	1					
O=c1ccncn1Cc2ccc(cc2)-c(cccc3)c3-c4nnn[nH]4	4434	1					
c1ncccc1NC(=O)Cc2cc(ccc2)-c(cc3)ccc3C4CC4	4435	1					
C1CCCN1c(nc2)ccc2C(=O)N(C3)CCCC3c4ccn[nH]4	4436	1					
C1CC1c(n2)[nH]c(=O)cc2C(=O)N3CCN(CC3)c4ccccc4	4437	1					
c1ccccc1CCc2nc(on2)-c3c(n[nH]c3)-c4cccnc4	4438	1					
c1ccccc1COc(cc2)ccc2-n3cnnc3-c4ccco4	4439	1					
c1ccccc1NCC(=O)NCC(=O)Nc2ccccc2	444	1	-5.678	-5.796	/home/anacleto/Desktop/manuscript_Mpro/naturecomm/supplementary_file_S2/6-chemical-library/molecular_docking/PDBQT/7cam_A_444_chainA/docking_444_chainA_out.pdbqt	/home/anacleto/Desktop/manuscript_Mpro/naturecomm/supplementary_file_S2/6-chemical-library/molecular_docking/PDBQT/7cam_B_444_chainB/docking_444_chainB_out.pdbqt	/home/anacleto/Desktop/manuscript_Mpro/naturecomm/supplementary_file_S2/6-chemical-library/molecular_docking/combined_complexes/7cam_444_combined/7cam_444_combined_pose_1.pdb
c1ccccc1N(N=C2)C(=O)C2=Cc3ccc(o3)-c4ccccc4	4440	1					
o1cccc1C=C2C(=O)N(c3ccccc3)C(=C2)c4ccccc4	4441	1					
c1ccccc1N(C=C2)C(=O)C2=Cc3ccc(o3)-c4ccccc4	4442	1					
c1ccccc1-c(o2)ccc2C=C3C(=O)NC(=C3)c4ccccc4	4443	1					
c1ccccc1-c2cn(cn2)-c3ccc(cc3)Oc4ccccc4	4444	1					
s1cccc1C(=N2)OC(=O)C2=Cc3ccc(s3)N4CCOCC4	4445	1					
c1nccn1CC(=O)N2CCCC2c3cn(nn3)-c4nccs4	4446	1					
c1ccccc1CC(C2=O)N(C3CC3)C(=O)N2c4cccnc4	4447	1					
c1ccccc1C(C2)C2C(=O)Nc(ccc3)cc3-c4nc[nH]n4	4448	1					
o1cccc1-c2nnc(Sc3nccs3)n2-c4ccccc4	4449	1					
c1ccccc1COC(=O)CCNC(=O)c2ccccc2	445	1	-4.814	-4.382	/home/anacleto/Desktop/manuscript_Mpro/naturecomm/supplementary_file_S2/6-chemical-library/molecular_docking/PDBQT/7cam_A_445_chainA/docking_445_chainA_out.pdbqt	/home/anacleto/Desktop/manuscript_Mpro/naturecomm/supplementary_file_S2/6-chemical-library/molecular_docking/PDBQT/7cam_B_445_chainB/docking_445_chainB_out.pdbqt	/home/anacleto/Desktop/manuscript_Mpro/naturecomm/supplementary_file_S2/6-chemical-library/molecular_docking/combined_complexes/7cam_445_combined/7cam_445_combined_pose_1.pdb
o1nccc1CNc(n2)nccc2Nc(n[nH]3)cc3C4CC4	4450	1					
c1ncccc1-c(n[nH]c2)c2-c3nc(no3)-c4ccccn4	4451	1					
N1CCCC1c([nH]2)ncc2-c3ccc(cc3)-c4ccccc4	4452	1					
[nH]1cncc1-c2ccc(cc2)-c(cc3)ccc3-c4cnc[nH]4	4453	1					
s1cccc1-c2nnc(o2)-c3cnc(s3)-c4ccccc4	4454	1					
C1CC1c2cc(n[nH]2)Nc3cc(ncn3)N4CCNCC4	4455	1					
[nH]1cncc1Cc2nc(on2)C3C(CC3)c4ccccc4	4456	1					
c1ncccc1-c(n[nH]c2)c2-c(on3)nc3-c4ccoc4	4457	1					
C1CCC1c2nc(on2)-c3c(n[nH]c3)-c4cccnc4	4458	1					
C1=CC(=O)CC(C1C=23)CCC3C4C(C(=O)C2)C5C(CC4)CCCC5	4459	1					
c1ccccc1CCNC(=O)CNCCc2ccccc2	446	1	-4.532	-4.975	/home/anacleto/Desktop/manuscript_Mpro/naturecomm/supplementary_file_S2/6-chemical-library/molecular_docking/PDBQT/7cam_A_446_chainA/docking_446_chainA_out.pdbqt	/home/anacleto/Desktop/manuscript_Mpro/naturecomm/supplementary_file_S2/6-chemical-library/molecular_docking/PDBQT/7cam_B_446_chainB/docking_446_chainB_out.pdbqt	/home/anacleto/Desktop/manuscript_Mpro/naturecomm/supplementary_file_S2/6-chemical-library/molecular_docking/combined_complexes/7cam_446_combined/7cam_446_combined_pose_1.pdb
c12ccc(n2)cc3ccc([nH]3)cc4nc(CC4)cc5ccc(c1)[nH]5	4460	1					
c12ccc(n2)cc3ccc([nH]3)cc4ccc(n4)cc5ccc(c1)[nH]5	4461	1					
c1cccc(C(=O)O2)c1C23c4c(cccc4)Oc5c3cccc5	4462	1					
[Sb+3]123[O-]C(=O)C([O-]2)C4C(=O)[O-][Sb+3]5([O-]4)[O-]C(=O)C([O-]5)C([O-]3)C(=O)[O-]1	4463	1					
C1CCCC2C1CCC(C2=3)C4C(CC3)C5C(CC4)CCCC5	4464	1					
O=C1C=CC(=O)C(=C12)C3c4c(cccc4)C2c5c3cccc5	4465	1					
O=C1C(=C)C(C2)CCC(C123)C45C(CC3OC5)CCCC4	4466	1					
c12c3c[nH]c1cccc2C4c5c(cccc5)CNC4C3	4467	1					
C1CCCC(C1C234)(OC2)C=CC3C5C(CC4)CCC5	4468	1					
c1cccc(c1C234)NC3CCC5C2N(CC4)CC=C5	4469	1					
c1ccccc1CCNC(=O)CNC(=O)c2ccccc2	447	1	-5.292	-5.794	/home/anacleto/Desktop/manuscript_Mpro/naturecomm/supplementary_file_S2/6-chemical-library/molecular_docking/PDBQT/7cam_A_447_chainA/docking_447_chainA_out.pdbqt	/home/anacleto/Desktop/manuscript_Mpro/naturecomm/supplementary_file_S2/6-chemical-library/molecular_docking/PDBQT/7cam_B_447_chainB/docking_447_chainB_out.pdbqt	/home/anacleto/Desktop/manuscript_Mpro/naturecomm/supplementary_file_S2/6-chemical-library/molecular_docking/combined_complexes/7cam_447_combined/7cam_447_combined_pose_1.pdb
O=C1C=CC(=O)N1CCCCCC(=O)NN=CC(CC2)Cc(c3)c2cc(c34)C(=O)c5c(C4=O)cccc5	4470	1					
C1=CCCCCNC(=O)C(C2C(=O)NC(C13)C3)CC(C2)Oc4ccnc(c45)cccc5	4471	1					
O1CCCCC1OCCCCC2CCC(C23)C4C(CC3)C5C(=CC4)CCCC5	4472	1					
c1cccc(S(=O)(=O)NC2)c1C23C(=O)N(CC3)c4cncc(c45)cccc5	4473	1					
c1cccc(C2=O)c1C(=O)c(c23)cc4c(c3)C(CCC4)OC5CCCCO5	4474	1					
c1ccccc1C(=O)CCCN(CC2)CC3C2N4CCNc(c4c35)ccc5	4475	1					
c1cccc(C(=O)NC2)c1C23C(=O)N(C(=O)C3)c4cncc(c45)cccc5	4476	1					
C1CCCCn(c12)c(nn2)CN(C(=O)N3)C(=O)C34c5c(CC4)cccc5	4477	1					
c1cccc(c12)n(nn2)CN(C(=O)N3)C(=O)C34c5c(OCC4)cccc5	4478	1					
c1cccc(OCC2)c1C23C(=O)N(C(=O)O3)c4cncc(c45)cccc5	4479	1					
n1sncc1C(=O)NCC(=O)NCCc2ccccc2	448	1	-5.486	-5.362	/home/anacleto/Desktop/manuscript_Mpro/naturecomm/supplementary_file_S2/6-chemical-library/molecular_docking/PDBQT/7cam_A_448_chainA/docking_448_chainA_out.pdbqt	/home/anacleto/Desktop/manuscript_Mpro/naturecomm/supplementary_file_S2/6-chemical-library/molecular_docking/PDBQT/7cam_B_448_chainB/docking_448_chainB_out.pdbqt	/home/anacleto/Desktop/manuscript_Mpro/naturecomm/supplementary_file_S2/6-chemical-library/molecular_docking/combined_complexes/7cam_448_combined/7cam_448_combined_pose_1.pdb
c1cccc(OCC2)c1C23C(=O)N(C(=O)N3)c4cncc(c45)cccc5	4480	1					
c1cccc(c12)cncc2N(CCC3)C(=O)C34c5c(OCC4)cccc5	4481	1					
c1cccc(OCC2)c1C23C(=O)N(C(=O)C3)c4cncc(c45)cccc5	4482	1					
c1cccc(c12)cncc2N(CCC3)C(=O)C34c5c(NCC4)cccc5	4483	1					
c1cccc(c12)cncc2N(CCC3)C(=O)C34c5c(CNC4)cccc5	4484	1					
c1cccc(CNC2)c1C23C(=O)N(C(=O)C3)c4cncc(c45)cccc5	4485	1					
c1cccc(C(=O)NC2)c1C23C(=O)N(CC3)c4cncc(c45)cccc5	4486	1					
c1cccc(c12)snc2CN(C(=O)N3)C(=O)C34c5c(CC4)cccc5	4487	1					
c1cccc(c12)sc(n2)CN(C(=O)N3)C(=O)C34c5c(CC4)cccc5	4488	1					
O1CCCCC1OCC2CCC(C23)C4C(CC3)C5C(CC4)CCCC5	4489	1					
c1ncccc1CC(=O)NCS(=O)(=O)c2ccccc2	449	1	-4.773	-5.375	/home/anacleto/Desktop/manuscript_Mpro/naturecomm/supplementary_file_S2/6-chemical-library/molecular_docking/PDBQT/7cam_A_449_chainA/docking_449_chainA_out.pdbqt	/home/anacleto/Desktop/manuscript_Mpro/naturecomm/supplementary_file_S2/6-chemical-library/molecular_docking/PDBQT/7cam_B_449_chainB/docking_449_chainB_out.pdbqt	/home/anacleto/Desktop/manuscript_Mpro/naturecomm/supplementary_file_S2/6-chemical-library/molecular_docking/combined_complexes/7cam_449_combined/7cam_449_combined_pose_1.pdb
c1cccc(CNC2)c1C23C(=O)N(CC3)c4cncc(c45)CCCC5	4490	1					
c1cccc(c12)n(nn2)CN(C(=O)N3)C(=O)C34c5c(CC4)cccc5	4491	1					
c1cccc(c12)onc2CN(C(=O)N3)C(=O)C34c5c(CC4)cccc5	4492	1					
c1cccc(OC2)c1C23C(=O)N(C(=O)N3)c4cncc(c45)cccc5	4493	1					
c1cccc(OCC2)c1C23CC(=O)N(C3)c4cncc(c45)cccc5	4494	1					
c1cccc(OCC2)c1C23C(=O)N(CC3)c4cncc(c45)cccc5	4495	1					
c1cccc(CNC2)c1C23C(=O)N(CC3)c4cncc(c45)cccc5	4496	1					
c1cccc(c12)cccc2C(=O)N(C3)CCc(c3c45)[nH]c4cccc5	4497	1					
C1CCC(C12)CCC3C2CCC4C3CCC(C4)OC5CCCCO5	4498	1					
C1CCC(C12)CCC3C2C(OC4CCCCO4)C=C5C3CCCC5	4499	1					
O=c1ccnc[nH]1	45	1	-3.368	-3.243	/home/anacleto/Desktop/manuscript_Mpro/naturecomm/supplementary_file_S2/6-chemical-library/molecular_docking/PDBQT/7cam_A_45_chainA/docking_45_chainA_out.pdbqt	/home/anacleto/Desktop/manuscript_Mpro/naturecomm/supplementary_file_S2/6-chemical-library/molecular_docking/PDBQT/7cam_B_45_chainB/docking_45_chainB_out.pdbqt	/home/anacleto/Desktop/manuscript_Mpro/naturecomm/supplementary_file_S2/6-chemical-library/molecular_docking/combined_complexes/7cam_45_combined/7cam_45_combined_pose_1.pdb
s1nccc1C(=O)NCC(=O)NCCc2ccccc2	450	1	-5.466	-5.406	/home/anacleto/Desktop/manuscript_Mpro/naturecomm/supplementary_file_S2/6-chemical-library/molecular_docking/PDBQT/7cam_A_450_chainA/docking_450_chainA_out.pdbqt	/home/anacleto/Desktop/manuscript_Mpro/naturecomm/supplementary_file_S2/6-chemical-library/molecular_docking/PDBQT/7cam_B_450_chainB/docking_450_chainB_out.pdbqt	/home/anacleto/Desktop/manuscript_Mpro/naturecomm/supplementary_file_S2/6-chemical-library/molecular_docking/combined_complexes/7cam_450_combined/7cam_450_combined_pose_1.pdb
n1nnn(c12)cc(cc2)C(=O)N(CC3)Cc(c4)n3c(c45)cccc5	4500	1					
c1cccc(OCC2)c1C23CCN(C3)c4cncc(c45)cccc5	4501	1					
c1cccc(OC(C2)C3)c1C23C(=O)Nc4cncc(c45)cccc5	4502	1					
c1cccc(C(O2)CC3)c1C23C(=O)Nc4cncc(c45)cccc5	4503	1					
s1ccn(c12)c(=O)c(cn2)C(=O)N3C4CCC3c(c45)cccc5	4504	1					
C1CCC2NCCn(c2c1c34)c3ccc(c4)C5CCCCC5	4505	1					
c1cccc2[nH]c(c3c12)CCN(C3)c4nccn(c45)ncc5	4506	1					
c1cccc(c12)COC(C2)C34CC5CC(C3)CC(C4)C5	4507	1					
c1cccc(c12)cncc2NC(=O)C(c3ccccc3)NC(=O)Cn(n4)c(=O)c(=O)n(c45)CCC5	4508	1					
c1cccc(c12)cncc2NC(=O)C(c3ccccc3)NC(=O)Cn(c4=O)ncn(c45)ncc5	4509	1					
s1cncc1C(=O)NCC(=O)NCCc2ccccc2	451	1	-5.441	-5.436	/home/anacleto/Desktop/manuscript_Mpro/naturecomm/supplementary_file_S2/6-chemical-library/molecular_docking/PDBQT/7cam_A_451_chainA/docking_451_chainA_out.pdbqt	/home/anacleto/Desktop/manuscript_Mpro/naturecomm/supplementary_file_S2/6-chemical-library/molecular_docking/PDBQT/7cam_B_451_chainB/docking_451_chainB_out.pdbqt	/home/anacleto/Desktop/manuscript_Mpro/naturecomm/supplementary_file_S2/6-chemical-library/molecular_docking/combined_complexes/7cam_451_combined/7cam_451_combined_pose_1.pdb
c1cccc(c12)cncc2NC(=O)C(c3ccccc3)NC(=O)Cn(c4=O)cnc(c45)[nH]nc5	4510	1					
c1cccc(c12)OCCC2C(=O)N(Cc3c(=O)[nH]c(=O)[nH]c3)c4cncc(c45)cccc5	4511	1					
n1cnn(c12)CC(CC2)C(=O)NC(c3ccccc3)C(=O)Nc4cncc(c45)cccc5	4512	1					
O1CCn(c12)nc(c2)C(=O)NC(c3ccccc3)C(=O)Nc4cncc(c45)cccc5	4513	1					
c1cccc(c12)[nH]c(c2)CC(=O)NC(c3ccccc3)c(n4)[nH]c(c45)cccc5	4514	1					
c1cccc(c12)ncc(c2)C(c3ccccc3)Cc4cccc(c45)cccc5	4515	1					
c1cccc(c12)ccc(c2)CCC(=O)NC(CSSCCNC(=O)CNC(=O)CN3)C(=O)NCC(=O)NC(C3=O)Cc4c[nH]c(c45)cccc5	4516	1					
N1CCCC1C(=O)NCC(=O)NCC(=O)NCC(=O)N(Cc(c23)cccc2)C(C3)C(=O)N(CC4)C(C45)CCCC5	4517	1					
O=S1(=O)CCC(CC1)CS(=O)(=O)N(Cc(c23)cccc2)CC3C(=O)Nc4cncc(c45)cccc5	4518	1					
s1cccc1CCC(=O)NCC(=O)N(Cc(c23)cccc2)C(C3)C(=O)N(CC4)C(C45)CCCC5	4519	1					
s1ccnc1C(=O)NCC(=O)NCCc2ccccc2	452	1	-5.055	-5.409	/home/anacleto/Desktop/manuscript_Mpro/naturecomm/supplementary_file_S2/6-chemical-library/molecular_docking/PDBQT/7cam_A_452_chainA/docking_452_chainA_out.pdbqt	/home/anacleto/Desktop/manuscript_Mpro/naturecomm/supplementary_file_S2/6-chemical-library/molecular_docking/PDBQT/7cam_B_452_chainB/docking_452_chainB_out.pdbqt	/home/anacleto/Desktop/manuscript_Mpro/naturecomm/supplementary_file_S2/6-chemical-library/molecular_docking/combined_complexes/7cam_452_combined/7cam_452_combined_pose_1.pdb
[nH]1ccnc1NC(=O)COCC2(CCOc(c23)cccc3)C(=O)Nc4cncc(c45)cccc5	4520	1					
c1ccccc1CNC(=O)CC2(CCOc(c23)cccc3)C(=O)Nc4cncc(c45)cccc5	4521	1					
c1cccc(c12)CN(S(=O)(=O)CC(C3)CS3(=O)=O)CC2C(=O)Nc4cncc(c45)cccc5	4522	1					
c1cccc(c12)cncc2NC(=O)C3CN(Cc(c34)cccc4)S(=O)(=O)CC5CCOCC5	4523	1					
N1CCOCC1C(=O)NCC2(CCOc(c23)cccc3)C(=O)Nc4cncc(c45)cccc5	4524	1					
C1CNCCC1NC(=O)CC2(CCOc(c23)cccc3)C(=O)Nc4cncc(c45)cccc5	4525	1					
c1cccc(c12)OCCC2(CNc3c(=O)[nH]c(=O)[nH]c3)C(=O)Nc4cncc(c45)cccc5	4526	1					
C1CCC1CNC(=O)CN(C2=O)CC(c(c23)cccc3)C(=O)Nc4cncc(c45)cccc5	4527	1					
c1nccn1CC(=O)NCC2(CCOc(c23)cccc3)C(=O)Nc4cncc(c45)cccc5	4528	1					
[nH]1cncc1CNC(=O)CC2(CCOc(c23)cccc3)C(=O)Nc4cncc(c45)cccc5	4529	1					
n1cscc1C(=O)NCC(=O)NCCc2ccccc2	453	1	-5.529	-5.382	/home/anacleto/Desktop/manuscript_Mpro/naturecomm/supplementary_file_S2/6-chemical-library/molecular_docking/PDBQT/7cam_A_453_chainA/docking_453_chainA_out.pdbqt	/home/anacleto/Desktop/manuscript_Mpro/naturecomm/supplementary_file_S2/6-chemical-library/molecular_docking/PDBQT/7cam_B_453_chainB/docking_453_chainB_out.pdbqt	/home/anacleto/Desktop/manuscript_Mpro/naturecomm/supplementary_file_S2/6-chemical-library/molecular_docking/combined_complexes/7cam_453_combined/7cam_453_combined_pose_1.pdb
[nH]1ccnc1CNC(=O)CC2(CCOc(c23)cccc3)C(=O)Nc4cncc(c45)cccc5	4530	1					
C1COCCN1S(=O)(=O)N(Cc(c23)cccc2)CC3C(=O)Nc4cncc(c45)cccc5	4531	1					
C1CNCCN1S(=O)(=O)N(Cc(c23)cccc2)CC3C(=O)Nc4cncc(c45)cccc5	4532	1					
C1CC1NC(=O)CN(S(=O)(=O)c(c23)cccc2)CC3C(=O)Nc4cncc(c45)cccc5	4533	1					
c1cccc(c12)cncc2NC(=O)C3CN(Cc(c34)cccc4)S(=O)(=O)CC5CCCC5	4534	1					
C1SCCC1C(=O)NCC2(CCOc(c23)cccc3)C(=O)Nc4cncc(c45)cccc5	4535	1					
c1cccc(c12)OCCC2(CC(=O)N3CCOCC3)C(=O)Nc4cncc(c45)cccc5	4536	1					
c1cccc(c12)OCCC2(CC(=O)N3CCNCC3)C(=O)Nc4cncc(c45)cccc5	4537	1					
C1OCC1NC(=O)CN(C2=O)CC(c(c23)cccc3)C(=O)Nc4cncc(c45)cccc5	4538	1					
c1cccc(c12)OCCC2(CC(=O)N3CCCCC3)C(=O)Nc4cncc(c45)cccc5	4539	1					
n1cocc1C(=O)NCC(=O)NCCN2CCOCC2	454	1	-4.957	-4.654	/home/anacleto/Desktop/manuscript_Mpro/naturecomm/supplementary_file_S2/6-chemical-library/molecular_docking/PDBQT/7cam_A_454_chainA/docking_454_chainA_out.pdbqt	/home/anacleto/Desktop/manuscript_Mpro/naturecomm/supplementary_file_S2/6-chemical-library/molecular_docking/PDBQT/7cam_B_454_chainB/docking_454_chainB_out.pdbqt	/home/anacleto/Desktop/manuscript_Mpro/naturecomm/supplementary_file_S2/6-chemical-library/molecular_docking/combined_complexes/7cam_454_combined/7cam_454_combined_pose_1.pdb
c1cccc(c12)OCCC2(CC(=O)Nc3nnco3)C(=O)Nc4cncc(c45)cccc5	4540	1					
C1CCC1NC(=O)CN(C2=O)CC(c(c23)cccc3)C(=O)Nc4cncc(c45)cccc5	4541	1					
C1CC1CNC(=O)CN(C2=O)CC(c(c23)cccc3)C(=O)Nc4cncc(c45)cccc5	4542	1					
c1cccc(c12)OCCC2(CC(=O)N3CC=CCC3)C(=O)Nc4cncc(c45)cccc5	4543	1					
c1[nH]ncc1C(=O)NCC2(CCOc(c23)cccc3)C(=O)Nc4cncc(c45)cccc5	4544	1					
c1ncncc1CNCC2(CCOc(c23)cccc3)C(=O)Nc4cncc(c45)cccc5	4545	1					
c1ncccc1CNCC2(CCOc(c23)cccc3)C(=O)Nc4cncc(c45)cccc5	4546	1					
c1ccccc1CNCC2(CCOc(c23)cccc3)C(=O)Nc4cncc(c45)cccc5	4547	1					
c1cccc(c12)cncc2NC(=O)Cc3cc(ccc3)NCc4cccc(c45)cccc5	4548	1					
C1OCCC1S(=O)(=O)N(Cc(c23)cccc2)CC3C(=O)Nc4cncc(c45)cccc5	4549	1					
o1cccc1C(=O)NCC(=O)NCCN2CCOCC2	455	1	-5.416	-4.769	/home/anacleto/Desktop/manuscript_Mpro/naturecomm/supplementary_file_S2/6-chemical-library/molecular_docking/PDBQT/7cam_A_455_chainA/docking_455_chainA_out.pdbqt	/home/anacleto/Desktop/manuscript_Mpro/naturecomm/supplementary_file_S2/6-chemical-library/molecular_docking/PDBQT/7cam_B_455_chainB/docking_455_chainB_out.pdbqt	/home/anacleto/Desktop/manuscript_Mpro/naturecomm/supplementary_file_S2/6-chemical-library/molecular_docking/combined_complexes/7cam_455_combined/7cam_455_combined_pose_1.pdb
C1NCC1CS(=O)(=O)N(Cc(c23)cccc2)CC3C(=O)Nc4cncc(c45)cccc5	4550	1					
C1CCCN1S(=O)(=O)N(Cc(c23)cccc2)CC3C(=O)Nc4cncc(c45)cccc5	4551	1					
C1CCC1NS(=O)(=O)N(Cc(c23)cccc2)CC3C(=O)Nc4cncc(c45)cccc5	4552	1					
C1CCCC1S(=O)(=O)N(Cc(c23)cccc2)CC3C(=O)Nc4cncc(c45)cccc5	4553	1					
C1CCC1CS(=O)(=O)N(Cc(c23)cccc2)CC3C(=O)Nc4cncc(c45)cccc5	4554	1					
C1CC1CS(=O)(=O)N(C2=O)CC(c(c23)cccc3)C(=O)Nc4cncc(c45)cccc5	4555	1					
c1cccc(c12)CN(S(=O)(=O)c3cn[nH]n3)CC2C(=O)Nc4cncc(c45)cccc5	4556	1					
c1cccc(c12)CN(S(=O)(=O)c3ncc[nH]3)CC2C(=O)Nc4cncc(c45)cccc5	4557	1					
c1cccc(c12)OCCC2(NC(=O)C3CCCO3)C(=O)Nc4cncc(c45)cccc5	4558	1					
C1NCCC1CNCC2(CCOc(c23)cccc3)C(=O)Nc4cncc(c45)cccc5	4559	1					
C1CCCCN1C(=O)COC(=O)c2cc(=O)[nH]c(=O)[nH]2	456	1	-5.788	-5.857	/home/anacleto/Desktop/manuscript_Mpro/naturecomm/supplementary_file_S2/6-chemical-library/molecular_docking/PDBQT/7cam_A_456_chainA/docking_456_chainA_out.pdbqt	/home/anacleto/Desktop/manuscript_Mpro/naturecomm/supplementary_file_S2/6-chemical-library/molecular_docking/PDBQT/7cam_B_456_chainB/docking_456_chainB_out.pdbqt	/home/anacleto/Desktop/manuscript_Mpro/naturecomm/supplementary_file_S2/6-chemical-library/molecular_docking/combined_complexes/7cam_456_combined/7cam_456_combined_pose_1.pdb
c1cccc(c12)OCCC2(CC(=O)N3CCCC3)C(=O)Nc4cncc(c45)cccc5	4560	1					
c1cccc(c12)OCCC2(CNCc3cnn[nH]3)C(=O)Nc4cncc(c45)cccc5	4561	1					
c1cccc(c12)OCCC2(CNCc3c[nH]nn3)C(=O)Nc4cncc(c45)cccc5	4562	1					
c1oncc1CNCC2(CCOc(c23)cccc3)C(=O)Nc4cncc(c45)cccc5	4563	1					
C1CC1NC(=O)CN(C2=O)CC(c(c23)cccc3)C(=O)Nc4cncc(c45)cccc5	4564	1					
c1cccc(c12)OCCC2(CNCc3cc[nH]n3)C(=O)Nc4cncc(c45)cccc5	4565	1					
c1[nH]ncc1CNCC2(CCOc(c23)cccc3)C(=O)Nc4cncc(c45)cccc5	4566	1					
c1cccc(c12)cncc2NC(=O)C(CCO3)c(c34)cccc4OCc5ccncc5	4567	1					
c1cccc(c12)cncc2NC(=O)C(CCO3)c(c34)cccc4OCc5cccnc5	4568	1					
c1cccc(c12)cncc2NC(=O)C(CCO3)c(c34)cccc4OCc5ccccn5	4569	1					
N1CCCC(C1=O)CCC(=O)COC(=O)c2cn[nH]c2	457	1	-5.199	-5.481	/home/anacleto/Desktop/manuscript_Mpro/naturecomm/supplementary_file_S2/6-chemical-library/molecular_docking/PDBQT/7cam_A_457_chainA/docking_457_chainA_out.pdbqt	/home/anacleto/Desktop/manuscript_Mpro/naturecomm/supplementary_file_S2/6-chemical-library/molecular_docking/PDBQT/7cam_B_457_chainB/docking_457_chainB_out.pdbqt	/home/anacleto/Desktop/manuscript_Mpro/naturecomm/supplementary_file_S2/6-chemical-library/molecular_docking/combined_complexes/7cam_457_combined/7cam_457_combined_pose_1.pdb
c1cccc(c12)cncc2NC(=O)C(CCO3)c(c34)cccc4OCc5ccccc5	4570	1					
c1cccc(c12)CN(S(=O)(=O)C3COC3)CC2C(=O)Nc4cncc(c45)cccc5	4571	1					
c1cccc(c12)CNCC2C(=O)Nc3cncc(c34)cc(cc4)NS(=O)(=O)C5CC5	4572	1					
c1cccc(c12)CN(S(=O)(=O)NC3CC3)CC2C(=O)Nc4cncc(c45)cccc5	4573	1					
c1cccc(c12)CN(S(=O)(=O)N3CCC3)CC2C(=O)Nc4cncc(c45)cccc5	4574	1					
c1cccc(c12)CN(S(=O)(=O)C3CNC3)CC2C(=O)Nc4cncc(c45)cccc5	4575	1					
c1cccc(c12)CN(S(=O)(=O)CC3CC3)CC2C(=O)Nc4cncc(c45)cccc5	4576	1					
c1cccc(c12)cncc2NC(=O)Cc3cc(ccc3)Nc(n4)sc(c45)cccc5	4577	1					
C1COCCN1c(n2)c(c(=O)n(c23)cccc3)CNCC4CCOc(c45)cccc5	4578	1					
c1cccc(c12)OCCC2C(=O)Nc3cncc(c34)ccc(c4)CN5CCNCC5	4579	1					
c1ccccc1CNC(=O)COCC(=O)N2CCCC2	458	1	-4.888	-5.425	/home/anacleto/Desktop/manuscript_Mpro/naturecomm/supplementary_file_S2/6-chemical-library/molecular_docking/PDBQT/7cam_A_458_chainA/docking_458_chainA_out.pdbqt	/home/anacleto/Desktop/manuscript_Mpro/naturecomm/supplementary_file_S2/6-chemical-library/molecular_docking/PDBQT/7cam_B_458_chainB/docking_458_chainB_out.pdbqt	/home/anacleto/Desktop/manuscript_Mpro/naturecomm/supplementary_file_S2/6-chemical-library/molecular_docking/combined_complexes/7cam_458_combined/7cam_458_combined_pose_1.pdb
c1cccc(c12)OCCC2C(=O)Nc3cncc(c34)cc(cc4)CN5CCNCC5	4580	1					
c1cccc(c12)OCCC2(CC(=O)NC3CC3)C(=O)Nc4cncc(c45)cccc5	4581	1					
C1CC1NC(=O)CN(Cc(c23)cccc2)CC3C(=O)Nc4cncc(c45)cccc5	4582	1					
O=C1CC(CN1)N(C2=O)CC(c(c23)cccc3)C(=O)Nc4cncc(c45)cccc5	4583	1					
N1CCC(C1=O)N(C2=O)CC(c(c23)cccc3)C(=O)Nc4cncc(c45)cccc5	4584	1					
c1cccc(c12)CN(C(=O)c3cnn[nH]3)CC2C(=O)Nc4cncc(c45)cccc5	4585	1					
c1oncc1C(=O)N(Cc(c23)cccc2)CC3C(=O)Nc4cncc(c45)cccc5	4586	1					
c1cccc(c12)CN(C(=O)c3ncco3)CC2C(=O)Nc4cncc(c45)cccc5	4587	1					
c1cccc(c12)CN(C(=O)c3cnco3)CC2C(=O)Nc4cncc(c45)cccc5	4588	1					
c1cccc(c12)CN(C(=O)c3cnc[nH]3)CC2C(=O)Nc4cncc(c45)cccc5	4589	1					
O1CCCC1C(=O)NCC(=O)NCCc2ccccc2	459	1	-5.378	-5.465	/home/anacleto/Desktop/manuscript_Mpro/naturecomm/supplementary_file_S2/6-chemical-library/molecular_docking/PDBQT/7cam_A_459_chainA/docking_459_chainA_out.pdbqt	/home/anacleto/Desktop/manuscript_Mpro/naturecomm/supplementary_file_S2/6-chemical-library/molecular_docking/PDBQT/7cam_B_459_chainB/docking_459_chainB_out.pdbqt	/home/anacleto/Desktop/manuscript_Mpro/naturecomm/supplementary_file_S2/6-chemical-library/molecular_docking/combined_complexes/7cam_459_combined/7cam_459_combined_pose_1.pdb
c1cccc(c12)CN(C(=O)c3ccn[nH]3)CC2C(=O)Nc4cncc(c45)cccc5	4590	1					
[nH]1cncc1CN(C2=O)CC(c(c23)cccc3)C(=O)Nc4cncc(c45)cccc5	4591	1					
c1cccc(c12)cncc2NC(=O)C3CCN(c(c34)cccc4)Cc5ccccc5	4592	1					
c1n[nH]c(c12)c(cnc2)NC(=O)C3CN(S(=O)(=O)CC4CC4)Cc(c35)cccc5	4593	1					
c1[nH]nc(c12)c(cnc2)NC(=O)C3CN(S(=O)(=O)CC4CC4)Cc(c35)cccc5	4594	1					
c1cccc(c12)S(=O)(=O)N(CC3CC3)CC2C(=O)Nc4cncc(c45)cccc5	4595	1					
c1cccc(c12)CN(S(=O)(=O)C3CC3)CC2C(=O)Nc4cncc(c45)cccc5	4596	1					
c1cccc(c12)CCN(S(=O)(=O)C3CC3)C2C(=O)Nc4cncc(c45)cccc5	4597	1					
c1cccc(c12)CN(Cc3cscn3)CC2C(=O)Nc4cncc(c45)cccc5	4598	1					
c1cccc(c12)CN(C(C3=O)CCN3)CC2C(=O)Nc4cncc(c45)cccc5	4599	1					
O=c1cccn[nH]1	46	1	-3.428	-3.17	/home/anacleto/Desktop/manuscript_Mpro/naturecomm/supplementary_file_S2/6-chemical-library/molecular_docking/PDBQT/7cam_A_46_chainA/docking_46_chainA_out.pdbqt	/home/anacleto/Desktop/manuscript_Mpro/naturecomm/supplementary_file_S2/6-chemical-library/molecular_docking/PDBQT/7cam_B_46_chainB/docking_46_chainB_out.pdbqt	/home/anacleto/Desktop/manuscript_Mpro/naturecomm/supplementary_file_S2/6-chemical-library/molecular_docking/combined_complexes/7cam_46_combined/7cam_46_combined_pose_1.pdb
N1CCC(C1=O)CCC(=O)COC(=O)c2cccnc2	460	1	-5.066	-5.012	/home/anacleto/Desktop/manuscript_Mpro/naturecomm/supplementary_file_S2/6-chemical-library/molecular_docking/PDBQT/7cam_A_460_chainA/docking_460_chainA_out.pdbqt	/home/anacleto/Desktop/manuscript_Mpro/naturecomm/supplementary_file_S2/6-chemical-library/molecular_docking/PDBQT/7cam_B_460_chainB/docking_460_chainB_out.pdbqt	/home/anacleto/Desktop/manuscript_Mpro/naturecomm/supplementary_file_S2/6-chemical-library/molecular_docking/combined_complexes/7cam_460_combined/7cam_460_combined_pose_1.pdb
c1cccc(c12)CN(Cc3nnc[nH]3)CC2C(=O)Nc4cncc(c45)cccc5	4600	1					
c1cccc(c12)CN(Cc3c[nH]nn3)CC2C(=O)Nc4cncc(c45)cccc5	4601	1					
[nH]1cnnc1CN(c(c23)cccc2)CCC3C(=O)Nc4cncc(c45)cccc5	4602	1					
c1cccc(c12)OCCC2C(=O)Nc3cncc(c34)cc(cc4)Cn5ccnc5	4603	1					
c1cccc(c12)CN(Cc3cnc[nH]3)CC2C(=O)Nc4cncc(c45)cccc5	4604	1					
c1cccc(c12)CN(Cc3cc[nH]n3)CC2C(=O)Nc4cncc(c45)cccc5	4605	1					
[nH]1nccc1CN(c(c23)cccc2)CCC3C(=O)Nc4cncc(c45)cccc5	4606	1					
[nH]1cncc1CN(c(c23)cccc2)CCC3C(=O)Nc4cncc(c45)cccc5	4607	1					
[nH]1ccnc1CN(c(c23)cccc2)CCC3C(=O)Nc4cncc(c45)cccc5	4608	1					
n1ccccc1CS(=O)c(n2)n(c(c23)cccc3)[Mg]n(cn4)c(c45)cccc5	4609	1					
N1CCCC1C(=O)NCC(=O)NCCc2ccccc2	461	1	-5.845	-5.524	/home/anacleto/Desktop/manuscript_Mpro/naturecomm/supplementary_file_S2/6-chemical-library/molecular_docking/PDBQT/7cam_A_461_chainA/docking_461_chainA_out.pdbqt	/home/anacleto/Desktop/manuscript_Mpro/naturecomm/supplementary_file_S2/6-chemical-library/molecular_docking/PDBQT/7cam_B_461_chainB/docking_461_chainB_out.pdbqt	/home/anacleto/Desktop/manuscript_Mpro/naturecomm/supplementary_file_S2/6-chemical-library/molecular_docking/combined_complexes/7cam_461_combined/7cam_461_combined_pose_1.pdb
c1cccc(c12)[nH]c(c2)C(=O)n3cnnc3SC(=O)c(c4)[nH]c(c45)cccc5	4610	1					
c1cccc(c12)n(nn2)CC(=O)N3C(c4ccccc4)CSc(c35)cccc5	4611	1					
c1cccc(c12)cncc2NC(=O)C3CCOc(c34)c(ccc4)OCC5CC5	4612	1					
c1cccc(c12)OCCC2(CCC3CC3)C(=O)Nc4cncc(c45)cccc5	4613	1					
c1cccc(c12)CN(C(=O)C3CC3)CC2C(=O)Nc4cncc(c45)cccc5	4614	1					
C1CC1CN(C2=O)CC(c(c23)cccc3)C(=O)Nc4cncc(c45)cccc5	4615	1					
c1cccc(c12)n(nn2)CC(=O)N(C3c4cccnc4)CCc(c35)cccc5	4616	1					
O=c1ccoc(c12)c(ccc2)-c3cc(ccc3)-c(cc4=O)oc(c45)cccc5	4617	1					
c1ccccc1Nc(c2)c(=N)cc(c23)n(c4c(n3)cccc4)-c5ccccc5	4618	1					
c1cccc(c12)n(nn2)CC(=O)N(CCc(c34)scc3)C4c5ccccc5	4619	1					
C1CCCCCC1NCC(=O)NCCc2ccccc2	462	1	-5.629	-5.843	/home/anacleto/Desktop/manuscript_Mpro/naturecomm/supplementary_file_S2/6-chemical-library/molecular_docking/PDBQT/7cam_A_462_chainA/docking_462_chainA_out.pdbqt	/home/anacleto/Desktop/manuscript_Mpro/naturecomm/supplementary_file_S2/6-chemical-library/molecular_docking/PDBQT/7cam_B_462_chainB/docking_462_chainB_out.pdbqt	/home/anacleto/Desktop/manuscript_Mpro/naturecomm/supplementary_file_S2/6-chemical-library/molecular_docking/combined_complexes/7cam_462_combined/7cam_462_combined_pose_1.pdb
C1CCCCn(c12)c(nn2)CN(C(=O)N3)C(=O)C34CC(C4)c5ccccc5	4620	1					
c1n[nH]c(c12)cccc2C(=O)N3CCN(CC3)c4cccc(c45)[nH]c(=O)[nH]5	4621	1					
c1cccc(CC2)c1C23C(=O)N(C(=O)N3)Cc4nnnn4-c5ccccc5	4622	1					
c1ccccc1-c(no2)nc2CN(C(=O)N3)C(=O)C34c5c(CC4)cccc5	4623	1					
c1cccc(CC2)c1C23C(=O)N(C(=O)N3)Cc4nnc(o4)-c5ccccc5	4624	1					
c1cccc(c12)n(nn2)CC(=O)N(CCc(c34)nc[nH]4)C3c5cccnc5	4625	1					
c1cccc(CC2)c1C23C(=O)N(C(=O)N3)Cc4nncn4-c5ccccc5	4626	1					
c1cccc(c12)n(nn2)CC(=O)N(CCc(c34)[nH]cn4)C3c5ccccc5	4627	1					
c1cccc(c12)n(nn2)CC(=O)N(CCn(c34)ccc3)C4c5ccccc5	4628	1					
C1CC1N(C2=O)CC(c(c23)cccc3)C(=O)Nc4cncc(c45)cccc5	4629	1					
[nH]1nnnc1C(=O)NCC(=O)NCCc2ccccc2	463	1	-5.638	-5.712	/home/anacleto/Desktop/manuscript_Mpro/naturecomm/supplementary_file_S2/6-chemical-library/molecular_docking/PDBQT/7cam_A_463_chainA/docking_463_chainA_out.pdbqt	/home/anacleto/Desktop/manuscript_Mpro/naturecomm/supplementary_file_S2/6-chemical-library/molecular_docking/PDBQT/7cam_B_463_chainB/docking_463_chainB_out.pdbqt	/home/anacleto/Desktop/manuscript_Mpro/naturecomm/supplementary_file_S2/6-chemical-library/molecular_docking/combined_complexes/7cam_463_combined/7cam_463_combined_pose_1.pdb
c1cccc(c12)N(CC2)CC(=O)N(C3c4cccs4)CCc(c35)scc5	4630	1					
c1cccc(c12)n(nn2)CC(=O)N(C3c4cccs4)CCc(c35)scc5	4631	1					
c1cccc(c12)onc2CC(=O)N3CCCC3c(n4)sc(c45)cccc5	4632	1					
c1n[nH]c(c12)cccc2C(=O)N3CCN(CC3)c4cccc(c45)scc5	4633	1					
n1c[nH]c(c12)CCN(C2c3ccn[nH]3)C(=O)Cn(nn4)c(c45)cccc5	4634	1					
c1cccc(c12)n(nn2)CC(=O)N3CCCC3c(n4)[nH]c(c45)cccc5	4635	1					
c1n[nH]c(c12)cccc2C(=O)N3CCN(CC3)c4cccc(c45)[nH]cc5	4636	1					
c1n[nH]c(c12)cccc2C(=O)N3CCN(CC3)c(ccc4)c(c45)[nH]cc5	4637	1					
c1ccccc1C(C2)CC23C(=O)N(C(=O)N3)c4cncc(c45)cccc5	4638	1					
C1CC1n2nccc2C(=O)N(C3)Cc(cccc4)c4C35C(=O)NCC5	4639	1					
n1oncc1C(=O)NCC(=O)NCCc2ccccc2	464	1	-5.434	-5.49	/home/anacleto/Desktop/manuscript_Mpro/naturecomm/supplementary_file_S2/6-chemical-library/molecular_docking/PDBQT/7cam_A_464_chainA/docking_464_chainA_out.pdbqt	/home/anacleto/Desktop/manuscript_Mpro/naturecomm/supplementary_file_S2/6-chemical-library/molecular_docking/PDBQT/7cam_B_464_chainB/docking_464_chainB_out.pdbqt	/home/anacleto/Desktop/manuscript_Mpro/naturecomm/supplementary_file_S2/6-chemical-library/molecular_docking/combined_complexes/7cam_464_combined/7cam_464_combined_pose_1.pdb
c1nccn(c12)c(cn2)CN(C3)CCCC3c(n4)oc(c45)cccc5	4640	1					
n1ccn(c12)c(ccc2)CN(C3)CCCC3c(nn4)n(c45)cccc5	4641	1					
c1cccc(c12)sc(n2)NC3CCN(C3)c(cc4)nn(c45)cnn5	4642	1					
c1cccn(c12)c(nn2)CN(C(=O)N3)C(=O)C34CC(C4)C5CCC5	4643	1					
C1CC1n2nnnc2CN(C(=O)N3)C(=O)C34c5c(CC4)cccc5	4644	1					
C1CC1c(on2)nc2CN(C(=O)N3)C(=O)C34c5c(CC4)cccc5	4645	1					
C1CCC1C(C2)CC23C(=O)N(C(=O)N3)c4cncc(c45)cccc5	4646	1					
c1n[nH]c(c12)cccc2C(=O)N3CC(CC34)N(C4)c5ccccc5	4647	1					
c1nccn(c12)c(cn2)-c3nc(on3)-c(cc4)n(c45)CCNC5	4648	1					
c1c[nH]c2ncc(c3c12)nc(-c4ccco4)n3C5CCCCC5	4649	1					
n1n[nH]cc1C(=O)NCC(=O)NCCc2ccccc2	465	1	-5.583	-5.674	/home/anacleto/Desktop/manuscript_Mpro/naturecomm/supplementary_file_S2/6-chemical-library/molecular_docking/PDBQT/7cam_A_465_chainA/docking_465_chainA_out.pdbqt	/home/anacleto/Desktop/manuscript_Mpro/naturecomm/supplementary_file_S2/6-chemical-library/molecular_docking/PDBQT/7cam_B_465_chainB/docking_465_chainB_out.pdbqt	/home/anacleto/Desktop/manuscript_Mpro/naturecomm/supplementary_file_S2/6-chemical-library/molecular_docking/combined_complexes/7cam_465_combined/7cam_465_combined_pose_1.pdb
C1CC1n(cn2)c(c23)CCN(C3)c4ncnc(c45)scc5	4650	1					
O=C1CCC(N1)C(=O)NCC(=O)NC(Cc2c[nH]c(c23)cccc3)C(=O)NCC(=O)NC(Cc4ccccc4)C(=O)NCC(=O)NCC(=O)NCC(=O)N5CCCC5	4651	1					
O=C1CCC(N1)C(=O)NC(Cc2cnc[nH]2)C(=O)NC(Cc3c[nH]c(c34)cccc4)C(=O)NCC(=O)NCC(=O)NCC(=O)NCC(=O)NCC(=O)N5CCCC5	4652	1					
O=C1CCC(N1)C(=O)NC(Cc2c[nH]cn2)C(=O)NC(Cc3c[nH]c(c34)cccc4)C(=O)NCC(=O)NCC(=O)NCC(=O)NCC(=O)NCC(=O)N5CCCC5	4653	1					
c1cccc(c12)[nH]cc2CC(NC(=O)CCc3cnc[nH]3)C(=O)NCC(=O)NC(Cc4ccccc4)C(=O)NCC(=O)NCC(=O)NCC(=O)N5CCCC5	4654	1					
c1cccc(c12)[nH]cc2CC(NC(=O)CCc3c[nH]cn3)C(=O)NCC(=O)NC(Cc4ccccc4)C(=O)NCC(=O)NCC(=O)NCC(=O)N5CCCC5	4655	1					
O=C1CCC(N1)C(=O)NC(Cc2cnc[nH]2)C(=O)NC(Cc3c[nH]c(c34)cccc4)C(=O)NCC(=O)NCCc5ccccc5	4656	1					
O=C1CCC(N1)C(=O)NC(Cc2c[nH]cn2)C(=O)NC(Cc3c[nH]c(c34)cccc4)C(=O)NCC(=O)NCCc5ccccc5	4657	1					
c1ccccc1CCNC(=O)C(c2cccnc2)N(c3ccccc3)C(=O)c(cc4)nc(c45)[nH]c(=O)[nH]c5=O	4658	1					
c1ccccc1CCNC(=O)C(c2cccnc2)N(c3ccccc3)C(=O)c(c4)nn(c45)CCNS5(=O)=O	4659	1					
n1[nH]ncc1C(=O)NCC(=O)NCCc2ccccc2	466	1	-5.729	-5.577	/home/anacleto/Desktop/manuscript_Mpro/naturecomm/supplementary_file_S2/6-chemical-library/molecular_docking/PDBQT/7cam_A_466_chainA/docking_466_chainA_out.pdbqt	/home/anacleto/Desktop/manuscript_Mpro/naturecomm/supplementary_file_S2/6-chemical-library/molecular_docking/PDBQT/7cam_B_466_chainB/docking_466_chainB_out.pdbqt	/home/anacleto/Desktop/manuscript_Mpro/naturecomm/supplementary_file_S2/6-chemical-library/molecular_docking/combined_complexes/7cam_466_combined/7cam_466_combined_pose_1.pdb
c1ccccc1CCNC(=O)C(c2cccnc2)N(C(=O)c3cocn3)c(c4)ccc(c45)S(=O)(=O)CCC5	4660	1					
c1ccccc1CCNC(=O)C(c2cccnc2)N(c3ccccc3)C(=O)c4[nH]nc(c45)CCS(=O)(=O)C5	4661	1					
c1ccccc1CCNC(=O)C(c2cccnc2)N(C(=O)c3cnc[nH]3)c(c4)ccc(c45)S(=O)(=O)CCC5	4662	1					
c1ccccc1CCNC(=O)C(c2cccnc2)N(c3ccccc3)C(=O)c(c4)[nH]c(c45)[nH]c(=O)[nH]c5=O	4663	1					
c1ccccc1CCNC(=O)C(c2cccnc2)N(c3ccccc3)C(=O)c(cc4=O)oc(c45)cccc5	4664	1					
C1OCCc(c12)[nH]c(=O)c(c2)C(N(C(=O)c3cocn3)c4ccccc4)C(=O)NCCc5ccccc5	4665	1					
c1ccccc1CCNC(=O)C(c2cccnc2)N(C(=O)c3cocn3)c(c4)ccc(c45)NC(=O)CC5	4666	1					
c1ccccc1CCNC(=O)C(c2cccnc2)N(C(=O)c3cnc[nH]3)c(c4)ccc(c45)NC(=O)CC5	4667	1					
c1ccccc1CCNC(=O)C(c2cccnc2)N(C(=O)c3ccco3)Cc4cccc(c45)CCCC5	4668	1					
c1ccccc1CCNC(=O)C(c2cccnc2)N(c3ccccc3)C(=O)c4nnn(c45)cc[nH]c5=O	4669	1					
n1[nH]cnc1C(=O)NCC(=O)NCCc2ccccc2	467	1	-5.526	-5.719	/home/anacleto/Desktop/manuscript_Mpro/naturecomm/supplementary_file_S2/6-chemical-library/molecular_docking/PDBQT/7cam_A_467_chainA/docking_467_chainA_out.pdbqt	/home/anacleto/Desktop/manuscript_Mpro/naturecomm/supplementary_file_S2/6-chemical-library/molecular_docking/PDBQT/7cam_B_467_chainB/docking_467_chainB_out.pdbqt	/home/anacleto/Desktop/manuscript_Mpro/naturecomm/supplementary_file_S2/6-chemical-library/molecular_docking/combined_complexes/7cam_467_combined/7cam_467_combined_pose_1.pdb
c1ccccc1CCNC(=O)C(c2cccnc2)N(c3ccccc3)C(=O)c([nH]4)cc(=O)n(c45)ncn5	4670	1					
c1ccccc1N(C(=O)c2cocn2)C(c(cn3)c(=O)n(c34)cccc4)C(=O)NCCc5ccccc5	4671	1					
c1ccccc1CCNC(=O)C(c2cccnc2)N(C(=O)c3ccco3)C(=O)c(c4)[nH]c(c45)cccc5	4672	1					
c1ccccc1CCNC(=O)C(N(C(=O)c2cocn2)c3ccccc3)c4cc(=O)[nH]c(c45)cccc5	4673	1					
c1ccccc1CCNC(=O)C(N(C(=O)c2cnc[nH]2)c3ccccc3)c4cc(=O)[nH]c(c45)cccc5	4674	1					
c1ccccc1CCNC(=O)C(N(C(=O)c2ccco2)c3ccccc3)c4cc(=O)[nH]c(c45)cccc5	4675	1					
c1ccccc1CCNC(=O)C(c2cccnc2)N(c3ccccc3)C(=O)c(n4)sc(c45)ccnc5	4676	1					
c1ccccc1CCNC(=O)C(c2cccnc2)N(C(=O)c3cocn3)c(c4)ccc(c45)COCC5	4677	1					
c1ccccc1CCNC(=O)C(c2cccnc2)N(C(=O)c3cocn3)C(C4)COc(c45)cccc5	4678	1					
c1ccccc1CCNC(=O)C(c2cccnc2)N(C(=O)c3cnc[nH]3)c(c4)ccc(c45)CCOC5	4679	1					
[nH]1nncc1C(=O)NCC(=O)NCCc2ccccc2	468	1	-5.577	-5.488	/home/anacleto/Desktop/manuscript_Mpro/naturecomm/supplementary_file_S2/6-chemical-library/molecular_docking/PDBQT/7cam_A_468_chainA/docking_468_chainA_out.pdbqt	/home/anacleto/Desktop/manuscript_Mpro/naturecomm/supplementary_file_S2/6-chemical-library/molecular_docking/PDBQT/7cam_B_468_chainB/docking_468_chainB_out.pdbqt	/home/anacleto/Desktop/manuscript_Mpro/naturecomm/supplementary_file_S2/6-chemical-library/molecular_docking/combined_complexes/7cam_468_combined/7cam_468_combined_pose_1.pdb
c1ccccc1CCNC(=O)C(c2cccnc2)N(c3ccccc3)C(=O)c(n4)nn(c45)cccn5	4680	1					
c1ccccc1CCNC(=O)C(c2cccnc2)N(c3ccccc3)C(=O)c(n4)cn(c45)cccc5	4681	1					
c1ccccc1CCNC(=O)C(N(C(=O)c2ccco2)c3ccccc3)c4cncc(c45)cccc5	4682	1					
n1csc(c12)ccc(c2)N(C(=O)c3cocn3)C(c4cccnc4)C(=O)NCCc5ccccc5	4683	1					
n1cocc1C(=O)N(c(cc2)cc(c23)scn3)C(c4cccnc4)C(=O)NCCc5ccccc5	4684	1					
c1ccccc1CCNC(=O)C(c2cccnc2)N(c3ccccc3)C(=O)c(n4)sc(c45)CCC5	4685	1					
n1csc(c12)cc(cc2)N(C(=O)c3cnc[nH]3)C(c4cccnc4)C(=O)NCCc5ccccc5	4686	1					
c1ccccc1CCNC(=O)C(N(C(=O)c2ccco2)c3ccccc3)c4snc(c45)cccc5	4687	1					
c1ccccc1CCNC(=O)C(c2cccnc2)N(C(=O)c3cocn3)C(CO4)CC45CCCC5	4688	1					
c1ccccc1CCNC(=O)C(c2cccnc2)N(C(=O)c3cocn3)C(C4)CCC(C45)OCC5	4689	1					
o1nccc1C(=O)NCC(=O)NCCc2ccccc2	469	1	-5.364	-5.319	/home/anacleto/Desktop/manuscript_Mpro/naturecomm/supplementary_file_S2/6-chemical-library/molecular_docking/PDBQT/7cam_A_469_chainA/docking_469_chainA_out.pdbqt	/home/anacleto/Desktop/manuscript_Mpro/naturecomm/supplementary_file_S2/6-chemical-library/molecular_docking/PDBQT/7cam_B_469_chainB/docking_469_chainB_out.pdbqt	/home/anacleto/Desktop/manuscript_Mpro/naturecomm/supplementary_file_S2/6-chemical-library/molecular_docking/combined_complexes/7cam_469_combined/7cam_469_combined_pose_1.pdb
O1CCC12CCC(CC2)N(C(=O)c3cocn3)C(c4cccnc4)C(=O)NCCc5ccccc5	4690	1					
c1ccccc1CCNC(=O)C(c2cccnc2)N(C(=O)c3cnc[nH]3)C(C4)CCC(C45)OCC5	4691	1					
O1CCC12CCC(CC2)N(C(=O)c3cnc[nH]3)C(c4cccnc4)C(=O)NCCc5ccccc5	4692	1					
C1CCC12CC(CCC2)N(C(=O)c3cnc[nH]3)C(c4cccnc4)C(=O)NCCc5ccccc5	4693	1					
c1ccccc1CCNC(=O)C(c2cccnc2)N(C(=O)c3cocn3)C4COc(c45)cccc5	4694	1					
c1ccccc1N(C(=O)c2cocn2)C(c(cn3)cn(c34)ncn4)C(=O)NCCc5ccccc5	4695	1					
n1cocc1C(=O)N(c(cc2)cc(c23)ocn3)C(c4cccnc4)C(=O)NCCc5ccccc5	4696	1					
c1ccccc1CCNC(=O)C(c2cccnc2)N(C(=O)c3cocn3)C4CCc(c45)cccc5	4697	1					
n1cocc1C(=O)N(c(cc2)cc(c23)[nH]cn3)C(c4cccnc4)C(=O)NCCc5ccccc5	4698	1					
n1coc(c12)cc(cc2)N(C(=O)c3cnc[nH]3)C(c4cccnc4)C(=O)NCCc5ccccc5	4699	1					
C=C1C(=O)NN=C1	47	1	-3.345	-3.412	/home/anacleto/Desktop/manuscript_Mpro/naturecomm/supplementary_file_S2/6-chemical-library/molecular_docking/PDBQT/7cam_A_47_chainA/docking_47_chainA_out.pdbqt	/home/anacleto/Desktop/manuscript_Mpro/naturecomm/supplementary_file_S2/6-chemical-library/molecular_docking/PDBQT/7cam_B_47_chainB/docking_47_chainB_out.pdbqt	/home/anacleto/Desktop/manuscript_Mpro/naturecomm/supplementary_file_S2/6-chemical-library/molecular_docking/combined_complexes/7cam_47_combined/7cam_47_combined_pose_1.pdb
o1cncc1C(=O)NCC(=O)NCCc2ccccc2	470	1	-5.398	-5.469	/home/anacleto/Desktop/manuscript_Mpro/naturecomm/supplementary_file_S2/6-chemical-library/molecular_docking/PDBQT/7cam_A_470_chainA/docking_470_chainA_out.pdbqt	/home/anacleto/Desktop/manuscript_Mpro/naturecomm/supplementary_file_S2/6-chemical-library/molecular_docking/PDBQT/7cam_B_470_chainB/docking_470_chainB_out.pdbqt	/home/anacleto/Desktop/manuscript_Mpro/naturecomm/supplementary_file_S2/6-chemical-library/molecular_docking/combined_complexes/7cam_470_combined/7cam_470_combined_pose_1.pdb
n1c[nH]c(c12)ccc(c2)N(C(=O)c3cocn3)C(c4cccnc4)C(=O)NCCc5ccccc5	4700	1					
c1ccccc1CCNC(=O)C(c2cccnc2)N(C(=O)c3cocn3)c(c4)ccc(c45)[nH]nc5	4701	1					
n1c[nH]c(c12)ccc(c2)N(C(=O)c3cnc[nH]3)C(c4cccnc4)C(=O)NCCc5ccccc5	4702	1					
c1ccccc1CCNC(=O)C(c2cccnc2)N(C(=O)c3cnc[nH]3)c(c4)ccc(c45)[nH]nc5	4703	1					
c1ccccc1CCNC(=O)C(c2cccnc2)N(C(=O)c3cocn3)c(c4)ccc(c45)[nH]cc5	4704	1					
c1ccccc1CCNC(=O)C(c2cccnc2)N(C(=O)c3cnc[nH]3)c(c4)ccc(c45)[nH]cc5	4705	1					
c1ccccc1N(C(=O)c2ccco2)C(c(cn3)n(c34)cccc4)C(=O)NCCc5ccccc5	4706	1					
c1ccccc1CCNC(=O)C(N(C(=O)c2ccco2)c3ccccc3)c4n[nH]c(c45)cccc5	4707	1					
c1ccccc1CCNC(=O)C(N(C(=O)c2ccco2)c3ccccc3)c4[nH]nc(c45)cccc5	4708	1					
c1ccccc1CCNC(=O)C(N(C(=O)c2ccco2)c3ccccc3)c4coc(c45)cccc5	4709	1					
n1occc1C(=O)NCC(=O)NCCc2ccccc2	471	1	-5.387	-5.389	/home/anacleto/Desktop/manuscript_Mpro/naturecomm/supplementary_file_S2/6-chemical-library/molecular_docking/PDBQT/7cam_A_471_chainA/docking_471_chainA_out.pdbqt	/home/anacleto/Desktop/manuscript_Mpro/naturecomm/supplementary_file_S2/6-chemical-library/molecular_docking/PDBQT/7cam_B_471_chainB/docking_471_chainB_out.pdbqt	/home/anacleto/Desktop/manuscript_Mpro/naturecomm/supplementary_file_S2/6-chemical-library/molecular_docking/combined_complexes/7cam_471_combined/7cam_471_combined_pose_1.pdb
C1CCC(C12)CC(C2)N(C(=O)c3cocn3)C(c4cccnc4)C(=O)NCCc5ccccc5	4710	1					
c1ccccc1CCNC(=O)C(c2cccnc2)N(C(=O)c3cocn3)C4Cc(c45)cccc5	4711	1					
c1ccccc1N(C(=O)c2ccco2)C(c3cccnc3)C(=O)NCn(nn4)c(c45)cccc5	4712	1					
C1CCC12CC(C2)N(C(=O)c3cocn3)C(c4cccnc4)C(=O)NCCc5ccccc5	4713	1					
o1cccc1C(=O)N(C(C2)C23CCC3)C(c4cccnc4)C(=O)NCCc5ccccc5	4714	1					
c1cccc(c12)CN(CC2)C(=O)CNC(=O)C(Cc3cccs3)NC(=O)CNC(=O)C4CCCN4C(=O)C5CCCN5	4715	1					
C1CC1NC(=O)C(=O)CNC(=O)C2N(CC(C23)CCC3)C(=O)CNC(=O)C(C4CCCCC4)NC(=O)c5cnccn5	4716	1					
C1COCCN1c(n2)c(c(=O)n(c23)cccc3)C(NC(=O)c4cocn4)C(=O)NCCc5ccccc5	4717	1					
C1COCCN1c(n2)c(c(=O)n(c23)cccc3)C(Nc4ccccc4)C(=O)NCCc5ccccc5	4718	1					
c1cccc(c12)cncc2NC(=O)C(c3ccccc3)NC(=O)C4CCC(O4)C(=O)N5CCCC5	4719	1					
n1cocc1C(=O)NCC(=O)NCCc2ccccc2	472	1	-5.354	-5.417	/home/anacleto/Desktop/manuscript_Mpro/naturecomm/supplementary_file_S2/6-chemical-library/molecular_docking/PDBQT/7cam_A_472_chainA/docking_472_chainA_out.pdbqt	/home/anacleto/Desktop/manuscript_Mpro/naturecomm/supplementary_file_S2/6-chemical-library/molecular_docking/PDBQT/7cam_B_472_chainB/docking_472_chainB_out.pdbqt	/home/anacleto/Desktop/manuscript_Mpro/naturecomm/supplementary_file_S2/6-chemical-library/molecular_docking/combined_complexes/7cam_472_combined/7cam_472_combined_pose_1.pdb
c1ccccc1CCNC(=O)CN(C(=O)c2ccco2)c(cc3)ccc3-c4n[nH]c(c45)CCOC5	4720	1					
c1cccc(c12)cncc2NC(=O)C(c3ccccc3)NC(=O)Cn(n4)nnc4-c5ccccc5	4721	1					
c1cccc(c12)cncc2NC(=O)C(c3ccccc3)NC(=O)Cc4ccc(cc4)-n5cnnn5	4722	1					
c1cccc(c12)cncc2NC(=O)C(c3ccccc3)NCC(O4)CCC4C(=O)N5CCCC5	4723	1					
C1CCCCC1CCN(c2cc(ccc2)OC(N3)CC3=O)C(=O)Nc4cncc(c45)cccc5	4724	1					
c1ccccc1CCNC(=O)CN(C(=O)c2cocn2)c(cc3)ccc3-c(nn4)n(c45)CCC5	4725	1					
c1cccc(c12)n(nn2)CC(=O)N(CC(=O)N3CCNCC3)c(cc4)ccc4-c5ccccc5	4726	1					
c1ccccc1CCNC(=O)C(c2cccnc2)Nc(cc3)ccc3-c4n[nH]c(c45)CCOC5	4727	1					
c1cccc(c12)cncc2NC(=O)C(c3ccccc3)NC(=O)CN(C4=O)CCN4C5CC5	4728	1					
c1cccc(c12)cncc2NC(=O)C(c3ccccc3)NC(=O)C(C4)ON=C4c5cn[nH]c5	4729	1					
c1[nH]c(=O)[nH]c(=O)c1CC(=O)NCCc2ccccc2	473	1	-5.836	-5.874	/home/anacleto/Desktop/manuscript_Mpro/naturecomm/supplementary_file_S2/6-chemical-library/molecular_docking/PDBQT/7cam_A_473_chainA/docking_473_chainA_out.pdbqt	/home/anacleto/Desktop/manuscript_Mpro/naturecomm/supplementary_file_S2/6-chemical-library/molecular_docking/PDBQT/7cam_B_473_chainB/docking_473_chainB_out.pdbqt	/home/anacleto/Desktop/manuscript_Mpro/naturecomm/supplementary_file_S2/6-chemical-library/molecular_docking/combined_complexes/7cam_473_combined/7cam_473_combined_pose_1.pdb
c1cccc(c12)n(nn2)NC(=O)C(Cc3ccccc3)c4ccc(cc4)N5CCCCC5=O	4730	1					
c1ccccc1CCNC(=O)C(c2cccnc2)Nc(cc3)ccc3-c(nn4)n(c45)CCC5	4731	1					
c1cccc(c12)n[nH]c2CC(=O)N(Cc3ccccc3)c4ccc(cc4)N5CCCCC5=O	4732	1					
c1cccc(c12)n(nn2)CC(=O)N(Cc3ccccc3)c(cc4)ccc4-c5c(=O)[nH]ccc5	4733	1					
c1cccc(c12)n(nn2)CC(=O)N(Cc3ccsc3)c4ccc(cc4)NS(=O)(=O)C5CC5	4734	1					
c1cccc(c12)n(nn2)CC(=O)N(Cc3ccsc3)c(cc4)ccc4-c5c(=O)[nH]ccc5	4735	1					
c1ccccc1N(C(=O)c2cocn2)Cc(c(=O)n(c34)cccc3)c(n4)N5CCOCC5	4736	1					
c1cccc(c12)n(nn2)CC(=O)N(Cc3ccccc3)c4ccc(cc4)N5CCOCC5	4737	1					
c1cccc(c12)n(nn2)CC(=O)N(Cc3ccccn3)c(cc4)ccc4C5CCNCC5	4738	1					
c1cccc(c12)n(cn2)NC(=O)C(Cc3ccccc3)c4ccc(cc4)N5CCOCC5	4739	1					
c1[nH]ncc1C(=O)NCC(=O)NCCc2ccccc2	474	1	-5.509	-5.895	/home/anacleto/Desktop/manuscript_Mpro/naturecomm/supplementary_file_S2/6-chemical-library/molecular_docking/PDBQT/7cam_A_474_chainA/docking_474_chainA_out.pdbqt	/home/anacleto/Desktop/manuscript_Mpro/naturecomm/supplementary_file_S2/6-chemical-library/molecular_docking/PDBQT/7cam_B_474_chainB/docking_474_chainB_out.pdbqt	/home/anacleto/Desktop/manuscript_Mpro/naturecomm/supplementary_file_S2/6-chemical-library/molecular_docking/combined_complexes/7cam_474_combined/7cam_474_combined_pose_1.pdb
c1cccn(c12)nnc2CC(=O)N(Cc3ccccc3)c4ccc(cc4)N5CCCCC5	4740	1					
c1cccc(c12)n(nn2)CC(=O)N(Cc3ccccc3)c4ccc(cc4)N5CCCCC5	4741	1					
c1cccc(c12)n(nn2)CC(=O)N(Cc3ccccn3)c4cnc(nc4)-c5ccccc5	4742	1					
c1cccc(c12)n(nn2)CC(=O)N(Cc3cccnc3)c(cc4)ccc4-c5cccnc5	4743	1					
c1cccc(c12)n(nn2)CC(=O)N(Cc3ccccc3)c(cc4)ccc4-c5cccnc5	4744	1					
c1cccc(c12)n(nn2)CC(=O)N(Cc3ccsc3)c4ccc(cc4)N5CCOCC5	4745	1					
c1cccc(c12)n(nn2)CC(=O)N(Cc3ccsc3)c4ccc(cc4)N5CCCCC5	4746	1					
c1cccc(c12)n(nn2)CC(=O)N(Cc3ccsc3)c4ccc(cc4)NC(=O)C5CC5	4747	1					
c1cccc(c12)n(nn2)CC(=O)N(Cc3ccsc3)c(cc4)ccc4C(=O)NC5CC5	4748	1					
c1cccc(c12)n(nn2)CC(=O)N(Cc3cscn3)c(cc4)ccc4-c5cccnc5	4749	1					
[nH]1nccc1C(=O)NCC(=O)NCCc2ccccc2	475	1	-5.874	-5.564	/home/anacleto/Desktop/manuscript_Mpro/naturecomm/supplementary_file_S2/6-chemical-library/molecular_docking/PDBQT/7cam_A_475_chainA/docking_475_chainA_out.pdbqt	/home/anacleto/Desktop/manuscript_Mpro/naturecomm/supplementary_file_S2/6-chemical-library/molecular_docking/PDBQT/7cam_B_475_chainB/docking_475_chainB_out.pdbqt	/home/anacleto/Desktop/manuscript_Mpro/naturecomm/supplementary_file_S2/6-chemical-library/molecular_docking/combined_complexes/7cam_475_combined/7cam_475_combined_pose_1.pdb
c1cccc(c12)n(nn2)CC(=O)N(Cc3ccsc3)c(cc4)ccc4-c5ccncc5	4750	1					
c1cccc(c12)n(nn2)CC(=O)N(Cc3ccsc3)c(cc4)ccc4-c5cccnc5	4751	1					
c1cccc(c12)n(nn2)CC(=O)N(Cc3ccsc3)c(cc4)ccc4-c5ccccn5	4752	1					
c1cccc(c12)n(nn2)CC(=O)N(Cc3ccsc3)c(cc4)ccc4-c5ccccc5	4753	1					
c1cccc(c12)n(nn2)CC(=O)N(CC3CCOC3)c(cc4)ccc4C5CCNCC5	4754	1					
c1cccc(c12)n(nn2)CC(=O)N(Cc3cn[nH]c3)c4ccc(cc4)N5CCCCC5	4755	1					
c1cccc(c12)n(nn2)CC(=O)N(CC3CCOC3)c(cc4)ccc4-c5cccnc5	4756	1					
c1cccc(c12)n(nn2)CC(=O)N(CC3CCCC3)c(cc4)ccc4-c5cccnc5	4757	1					
c1cccc(c12)n(nn2)CC(=O)N(Cc3ccccn3)c4ccc(cc4)-n5cnnc5	4758	1					
c1cccc(c12)n(nn2)CC(=O)N(Cc3ccccc3)c(nc4)ccc4-c5cn[nH]c5	4759	1					
[nH]1cncc1C(=O)NCC(=O)NCCc2ccccc2	476	1	-6.022	-5.44	/home/anacleto/Desktop/manuscript_Mpro/naturecomm/supplementary_file_S2/6-chemical-library/molecular_docking/PDBQT/7cam_A_476_chainA/docking_476_chainA_out.pdbqt	/home/anacleto/Desktop/manuscript_Mpro/naturecomm/supplementary_file_S2/6-chemical-library/molecular_docking/PDBQT/7cam_B_476_chainB/docking_476_chainB_out.pdbqt	/home/anacleto/Desktop/manuscript_Mpro/naturecomm/supplementary_file_S2/6-chemical-library/molecular_docking/combined_complexes/7cam_476_combined/7cam_476_combined_pose_1.pdb
c1cccc(c12)n(nn2)CC(=O)N(Cc3ccccc3)c(cn4)ccc4-c5cn[nH]c5	4760	1					
c1cccc(c12)n(nn2)CC(=O)N(Cc3ccccc3)c(cc4)ccc4-c5cn[nH]c5	4761	1					
c1cccc(c12)n(nn2)CC(=O)N(Cc3ccccc3)c(cc4)ccc4-c5c[nH]cn5	4762	1					
c1cccc(c12)n(nn2)CC(=O)N(Cc3ccsc3)c(cc4)ccc4-c5cn[nH]c5	4763	1					
c1cccc(c12)n(nn2)CC(=O)N(Cc3ccsc3)c(cc4)ccc4-c5c[nH]cn5	4764	1					
c1ncccc1CN(C(=O)c2ccco2)c(cc3)ccc3-c4n[nH]c(c45)CCOC5	4765	1					
c1cccc(c12)n(nn2)CC(=O)N(CC3CCC3)c(cc4)ccc4-c5cccnc5	4766	1					
c1ncccc1CN(C(=O)c2cocn2)c(cc3)ccc3-c(nn4)n(c45)CCC5	4767	1					
c1cccc(c12)n(nn2)CC(=O)N(CC3CC3)c(cc4)ccc4-c5cccnc5	4768	1					
c1ccccc1CCOC(=O)C=Cc2cccc(c23)OC(c4ccccc4)C3C(=O)OCCc5ccccc5	4769	1					
[nH]1ccnc1C(=O)NCC(=O)NCCc2ccccc2	477	1	-5.676	-5.374	/home/anacleto/Desktop/manuscript_Mpro/naturecomm/supplementary_file_S2/6-chemical-library/molecular_docking/PDBQT/7cam_A_477_chainA/docking_477_chainA_out.pdbqt	/home/anacleto/Desktop/manuscript_Mpro/naturecomm/supplementary_file_S2/6-chemical-library/molecular_docking/PDBQT/7cam_B_477_chainB/docking_477_chainB_out.pdbqt	/home/anacleto/Desktop/manuscript_Mpro/naturecomm/supplementary_file_S2/6-chemical-library/molecular_docking/combined_complexes/7cam_477_combined/7cam_477_combined_pose_1.pdb
c1cccc(c12)[nH]c(=O)cc2C(=O)N(CC3C(=O)NCc4cccs4)CCN3c5ccccc5	4770	1					
n1c[nH]c(c12)cc(nc2)Oc(ccc3)cc3NC(=O)c4ccc(cc4)OCCN5CCOCC5	4771	1					
c1ccccc1N2CCN(C(=O)c(cc3)nc(c34)cccc4)CC2C(=O)NCc5cccs5	4772	1					
c1cccc(c12)cncc2NC(=O)Cc3cc(ccc3)N(CC4)CCN4C(=O)c5ccco5	4773	1					
c1ccnc(c12)[nH]cc2C(=O)N(CC3C(=O)NCc4cccs4)CCN3c5ccccc5	4774	1					
c1cccn(c12)ncc2C(=O)N(CC3C(=O)NCc4cccs4)CCN3c5ccccc5	4775	1					
c1ccccc1N2CCN(C(=O)c(cnc3)c(c34)[nH]cc4)CC2C(=O)NCc5cccs5	4776	1					
c1cccc(c12)[nH]nc2C(=O)N(CC3C(=O)NCc4cccs4)CCN3c5ccccc5	4777	1					
c1nnccc1-c2ccnc(c23)ccc(c3)-c4cc(cnc4)NS(=O)(=O)c5ccccc5	4778	1					
O1CCCCC1OCC2CCCC(O2)Oc(cc3)cc(c34)oc(cc4=O)-c5ccccc5	4779	1					
o1cccc1C(=O)NCC(=O)NCCc2ccccc2	478	1	-5.636	-5.292	/home/anacleto/Desktop/manuscript_Mpro/naturecomm/supplementary_file_S2/6-chemical-library/molecular_docking/PDBQT/7cam_A_478_chainA/docking_478_chainA_out.pdbqt	/home/anacleto/Desktop/manuscript_Mpro/naturecomm/supplementary_file_S2/6-chemical-library/molecular_docking/PDBQT/7cam_B_478_chainB/docking_478_chainB_out.pdbqt	/home/anacleto/Desktop/manuscript_Mpro/naturecomm/supplementary_file_S2/6-chemical-library/molecular_docking/combined_complexes/7cam_478_combined/7cam_478_combined_pose_1.pdb
N1CCN(CC1=O)C(CC2)CCC2CNc3ccc(cc3)N(C(=O)C4)Cc(c45)cccc5	4780	1					
n1scnc1C(=N)C(=O)NC2C(=O)N(C23)C=C(CS3)Sc(n4)scc4-c5cc[nH+]cc5	4781	1					
n1[nH]cnc1Cn(c(=O)[nH]2)c(=O)n(Cc3ccccc3)c2=Nc(c4)ccc(c45)n[nH]c5	4782	1					
C1CCCN1CCOc(cc2)ccc2Nc(nn3)nc(c34)ccc(c4)-c5ccccc5	4783	1					
C1CCCCC1CNc2ccc(cc2)N(C(=O)Cc(c34)cccc3)C4c5ccccc5	4784	1					
c1ccccc1C(=O)Nc2cc(ccc2)Oc(nc3)cc(c34)[nH]c(n4)-c5cnon5	4785	1					
c1ccccc1C(=O)C2C(C=CCC2)c(cc3)ccc3-c(c4)oc(c45)cccc5	4786	1					
c1cccc(c12)CN(S(=O)(=O)CC3CC3)CC2C(=O)Nc4nncn4C5CC5	4787	1					
c1ccccc1-c2cccn(c23)nc(n3)Nc4cc(ccc4)N5CCNCC5	4788	1					
c1ccccc1C2N(Cc3cccnc3)C(=O)c(c24)[nH]nc4-c5ccccc5	4789	1					
n1occc1C(=O)NCC(=O)CCCc2ccccc2	479	1	-5.225	-5.192	/home/anacleto/Desktop/manuscript_Mpro/naturecomm/supplementary_file_S2/6-chemical-library/molecular_docking/PDBQT/7cam_A_479_chainA/docking_479_chainA_out.pdbqt	/home/anacleto/Desktop/manuscript_Mpro/naturecomm/supplementary_file_S2/6-chemical-library/molecular_docking/PDBQT/7cam_B_479_chainB/docking_479_chainB_out.pdbqt	/home/anacleto/Desktop/manuscript_Mpro/naturecomm/supplementary_file_S2/6-chemical-library/molecular_docking/combined_complexes/7cam_479_combined/7cam_479_combined_pose_1.pdb
c1cccc(c12)oc(c2)-c3ccc(cc3)C4C=CCC(C4)c5ccccc5	4790	1					
s1cccc1-c2nnc(o2)Sc(n(c34)ncn3)cc(n4)-c5ccccc5	4791	1					
n1nncn1C2(CC2)C(=O)N(Cc(c34)cccc3)CC4c5ccccc5	4792	1					
c1cccc(c12)n(nn2)CC(=O)N3CCCC3c(no4)nc4C5CC5	4793	1					
c1ccccc1N(C(=O)c2ccco2)C(c3cccnc3)C(=O)NCC(c4ccccc4)c5ccccc5	4794	1					
c1ccccc1CCNC(=O)C(c2cccnc2)N(C(=O)c3ccco3)c4cc(ccc4)NC(=O)C5CCCCC5	4795	1					
c1ccccc1CCNC(=O)C(c2cccnc2)N(C(=O)c3cocn3)c4ccc(cc4)S(=O)(=O)C5CCCC5	4796	1					
c1ccccc1CCNC(=O)C(c2cccnc2)N(C(=O)c3ccco3)c(ccc4)cc4CSC5CCOCC5	4797	1					
C1COCCN1c([nH]c(=O)[nH]c2=O)c2C(N(C(=O)c3cocn3)c4ccccc4)C(=O)NCCc5ccccc5	4798	1					
c1ccccc1CCNC(=O)C(c2cccnc2)N(c3ccccc3)C(=O)c4cn(nn4)CCN5CCOCC5	4799	1					
O=c1ccocc1	48	1	-3.216	-2.833	/home/anacleto/Desktop/manuscript_Mpro/naturecomm/supplementary_file_S2/6-chemical-library/molecular_docking/PDBQT/7cam_A_48_chainA/docking_48_chainA_out.pdbqt	/home/anacleto/Desktop/manuscript_Mpro/naturecomm/supplementary_file_S2/6-chemical-library/molecular_docking/PDBQT/7cam_B_48_chainB/docking_48_chainB_out.pdbqt	/home/anacleto/Desktop/manuscript_Mpro/naturecomm/supplementary_file_S2/6-chemical-library/molecular_docking/combined_complexes/7cam_48_combined/7cam_48_combined_pose_1.pdb
c1cc[nH]c(=O)c1CNC(=O)NCCc2ccccc2	480	1	-6.051	-6.072	/home/anacleto/Desktop/manuscript_Mpro/naturecomm/supplementary_file_S2/6-chemical-library/molecular_docking/PDBQT/7cam_A_480_chainA/docking_480_chainA_out.pdbqt	/home/anacleto/Desktop/manuscript_Mpro/naturecomm/supplementary_file_S2/6-chemical-library/molecular_docking/PDBQT/7cam_B_480_chainB/docking_480_chainB_out.pdbqt	/home/anacleto/Desktop/manuscript_Mpro/naturecomm/supplementary_file_S2/6-chemical-library/molecular_docking/combined_complexes/7cam_480_combined/7cam_480_combined_pose_1.pdb
c1ccccc1CCNC(=O)C(c2cccnc2)N(c3ccccc3)C(=O)c([nH]n4)cc4C(=O)N5CCOCC5	4800	1					
c1ccccc1CCNC(=O)C(c2cccnc2)N(C(=O)c3cocn3)c(cc4)ccc4C(CC5=O)CC(=O)N5	4801	1					
c1ccccc1CCNC(=O)C(c2cccnc2)N(C(=O)c3cocn3)c4ccc(cc4)N5CCCS5(=O)=O	4802	1					
c1ccccc1CCNC(=O)C(c2cccnc2)N(c3ccccc3)C(=O)c4nc(cs4)CN5CCOCC5	4803	1					
c1ccccc1CCNC(=O)C(c2cccnc2)N(C(=O)c3cocn3)c4ccc(cc4)NC(=O)NC5CC5	4804	1					
c1ccccc1CCNC(=O)C(c2cccnc2)N(C(=O)c3cocn3)c4ccc(cc4)N(C5=O)CCCN5	4805	1					
c1ccccc1CCNC(=O)C(c2cccnc2)N(c3ccccc3)C(=O)c4ccnc(n4)N5CCOCC5	4806	1					
c1ccccc1CCNC(=O)C(c2cccnc2)N(C(=O)c3cnc[nH]3)c4cc(ccc4)Oc5cccnn5	4807	1					
c1ccccc1CCNC(=O)C(c2cccnc2)N(C(=O)c3ccco3)c4ccc(cc4)Oc5ccccc5	4808	1					
c1ccccc1CCCNC(=O)C(c2cccnc2)N(C(=O)c3ccco3)c(cc4)ccc4-c5ccccc5	4809	1					
c1ccccc1C(=O)NNC(=O)OCc2ccccc2	481	1	-6.007	-6.048	/home/anacleto/Desktop/manuscript_Mpro/naturecomm/supplementary_file_S2/6-chemical-library/molecular_docking/PDBQT/7cam_A_481_chainA/docking_481_chainA_out.pdbqt	/home/anacleto/Desktop/manuscript_Mpro/naturecomm/supplementary_file_S2/6-chemical-library/molecular_docking/PDBQT/7cam_B_481_chainB/docking_481_chainB_out.pdbqt	/home/anacleto/Desktop/manuscript_Mpro/naturecomm/supplementary_file_S2/6-chemical-library/molecular_docking/combined_complexes/7cam_481_combined/7cam_481_combined_pose_1.pdb
c1ccccc1CCNC(=O)C(c2cccnc2)N(c3ccccc3)C(=O)c4cnc(s4)N5CCOCC5	4810	1					
c1ccccc1CCNC(=O)C(N(C(=O)c2cocn2)c3ccccc3)c4cnc(nc4)N5CCOCC5	4811	1					
c1ccccc1CCNC(=O)C(c2cccnc2)N(C(=O)c3cocn3)c4ccc(cc4)OC5CCOC5	4812	1					
c1ccccc1CCNC(=O)C(N(C(=O)c2cocn2)c3ccccc3)c4cnc(nc4)N5CCNCC5	4813	1					
c1ccccc1CCNC(=O)C(c2cccnc2)N(C(=O)c3cnc[nH]3)c4ccc(cc4)OC5CCOC5	4814	1					
c1ccccc1CCNC(=O)C(c2cccnc2)N(c3ccccc3)C(=O)c4cn(nn4)C(C5=O)COC5	4815	1					
c1ccccc1CCNC(=O)C(c2cccnc2)N(C(=O)c3cocn3)c4ccc(cc4)N5CCCC5=O	4816	1					
c1ccccc1CCNC(=O)C(c2cccnc2)N(C(=O)c3cocn3)c(cc4)ccc4C(N5)CCC5=O	4817	1					
c1ccccc1CCNC(=O)C(c2cccnc2)N(C(=O)c3ccco3)C4CCN(CC4)c5ccccc5	4818	1					
c1ccccc1CCNC(=O)C(c2cccnc2)N(C(=O)c3cocn3)c4ccc(cc4)-n(c5=O)cc[nH]5	4819	1					
c1ncccc1CNCC(=O)NCCc2ccccc2	482	1	-5.481	-5.072	/home/anacleto/Desktop/manuscript_Mpro/naturecomm/supplementary_file_S2/6-chemical-library/molecular_docking/PDBQT/7cam_A_482_chainA/docking_482_chainA_out.pdbqt	/home/anacleto/Desktop/manuscript_Mpro/naturecomm/supplementary_file_S2/6-chemical-library/molecular_docking/PDBQT/7cam_B_482_chainB/docking_482_chainB_out.pdbqt	/home/anacleto/Desktop/manuscript_Mpro/naturecomm/supplementary_file_S2/6-chemical-library/molecular_docking/combined_complexes/7cam_482_combined/7cam_482_combined_pose_1.pdb
c1ccccc1CCNC(=O)C(c2cccnc2)N(C(=O)c3ccco3)C(CCC4)CC4c5ccccc5	4820	1					
c1ccccc1CCNC(=O)C(c2cccnc2)N(C(=O)c3cocn3)c4cn(cn4)Cc5ccccc5	4821	1					
c1ccccc1CCNC(=O)C(c2cccnc2)N(C(=O)c3cocn3)c(cc4)ccc4Cn5cccn5	4822	1					
c1ccccc1CCNC(=O)C(c2cccnc2)N(C(=O)c3cnc[nH]3)c(cc4)ccc4Cn5cccn5	4823	1					
c1ccccc1CNC(=O)C(c2cccnc2)N(C(=O)c3ccco3)c(cc4)ccc4Cc5ccccc5	4824	1					
c1ccccc1CCNC(=O)C(c2cccnc2)N(C(=O)c3ccco3)c(cc4)ccc4-c5ccccc5	4825	1					
c1ccccc1CCNC(=O)C(c2cccnc2)N(c3ccccc3)C(=O)c4cnc(s4)C5CCOC5	4826	1					
c1ccccc1CCNC(=O)C(c2cccnc2)N(c3ccccc3)C(=O)c4cnc(s4)-c5nnc[nH]5	4827	1					
c1ccccc1CCNC(=O)C(c2cccnc2)N(C(=O)c3cocn3)c(cc4)ccc4C5OCCO5	4828	1					
c1ccccc1CCNC(=O)C(c2cccnc2)N(c3ccccc3)C(=O)c4cn(nn4)C5CCOC5	4829	1					
c1ncccc1CC(=O)NCC(=O)Nc2ccccc2	483	1	-5.77	-5.21	/home/anacleto/Desktop/manuscript_Mpro/naturecomm/supplementary_file_S2/6-chemical-library/molecular_docking/PDBQT/7cam_A_483_chainA/docking_483_chainA_out.pdbqt	/home/anacleto/Desktop/manuscript_Mpro/naturecomm/supplementary_file_S2/6-chemical-library/molecular_docking/PDBQT/7cam_B_483_chainB/docking_483_chainB_out.pdbqt	/home/anacleto/Desktop/manuscript_Mpro/naturecomm/supplementary_file_S2/6-chemical-library/molecular_docking/combined_complexes/7cam_483_combined/7cam_483_combined_pose_1.pdb
c1ccccc1CCNC(=O)C(c2cccnc2)N(C(=O)c3cocn3)C4CC(C4)Oc5ccccc5	4830	1					
c1ccccc1CCNC(=O)C(c2cccnc2)N(C(=O)c3cocn3)C4CCN(C4)c5ccccc5	4831	1					
c1ccccc1CCNC(=O)C(c2cccnc2)N(C(=O)c3cnc[nH]3)C4CCN(C4)c5ccccc5	4832	1					
c1ccccc1CNC(=O)C(c2cccnc2)N(C(=O)c3ccno3)c(cc4)ccc4C5CCCCC5	4833	1					
c1ccccc1CNC(=O)C(c2cccnc2)N(C(=O)c3ccco3)c4ccc(cc4)N5CCCCC5	4834	1					
c1ccccc1CCNC(=O)C(c2cccnc2)N(C(=O)c3cocn3)c4ccc(cc4)-n5ncnn5	4835	1					
c1ccccc1CNC(=O)C(c2cccnc2)N(C(=O)c3ccco3)c(cc4)ccc4C5CCCCC5	4836	1					
c1ccccc1CCNC(=O)C(c2cccnc2)N(C(=O)c3ccco3)c(cc4)ccc4C5CCCC5	4837	1					
c1ccccc1CCNC(=O)C(c2cccnc2)N(C(=O)c3ccco3)Cc4c(C5CCC5)cccc4	4838	1					
c1ccccc1CCNC(=O)C(c2cccnc2)N(c3ccccc3)C(=O)c4ncn(n4)-c5nnc[nH]5	4839	1					
c1ccccc1NCC(=O)NCCCc2ccccc2	484	1	-5.355	-5.06	/home/anacleto/Desktop/manuscript_Mpro/naturecomm/supplementary_file_S2/6-chemical-library/molecular_docking/PDBQT/7cam_A_484_chainA/docking_484_chainA_out.pdbqt	/home/anacleto/Desktop/manuscript_Mpro/naturecomm/supplementary_file_S2/6-chemical-library/molecular_docking/PDBQT/7cam_B_484_chainB/docking_484_chainB_out.pdbqt	/home/anacleto/Desktop/manuscript_Mpro/naturecomm/supplementary_file_S2/6-chemical-library/molecular_docking/combined_complexes/7cam_484_combined/7cam_484_combined_pose_1.pdb
c1ccccc1CCNC(=O)C(c2cccnc2)N(C(=O)c3cocn3)c4ccc(cc4)-n5ccnn5	4840	1					
c1ccccc1CCNC(=O)C(c2cccnc2)N(c3ccccc3)C(=O)c4cc(no4)-c5cn[nH]c5	4841	1					
c1ccccc1CCNC(=O)C(c2cccnc2)N(C(=O)c3cocn3)c4cnn(c4)-c5ccccc5	4842	1					
c1ccccc1CCNC(=O)C(c2cccnc2)N(C(=O)c3cocn3)c4ccc(cc4)-n5ccnc5	4843	1					
c1ccccc1CNC(=O)C(c2cnccn2)N(C(=O)c3c[nH]cn3)c(cc4)ccc4-c5ccccc5	4844	1					
c1ccccc1CNC(=O)C(c2cnccn2)N(C(=O)c3ccco3)c(cc4)ccc4-c5ccccc5	4845	1					
c1ccccc1CNC(=O)C(c2cccnc2)N(C(=O)c3cnco3)c(cc4)ccc4-c5ccccc5	4846	1					
c1ccccc1CNC(=O)C(c2cccnc2)N(C(=O)c3ccno3)c(cc4)ccc4-c5ccccc5	4847	1					
c1ccccc1CNC(=O)C(c2cccnc2)N(C(=O)c3ccco3)c(cc4)ccc4-c5ccccn5	4848	1					
c1ccccc1CNC(=O)C(c2cccnc2)N(C(=O)c3c[nH]cn3)c(cc4)ccc4-c5ccccc5	4849	1					
c1ccccc1CNCC(=O)NCCc2ccccc2	485	1	-6.092	-5.551	/home/anacleto/Desktop/manuscript_Mpro/naturecomm/supplementary_file_S2/6-chemical-library/molecular_docking/PDBQT/7cam_A_485_chainA/docking_485_chainA_out.pdbqt	/home/anacleto/Desktop/manuscript_Mpro/naturecomm/supplementary_file_S2/6-chemical-library/molecular_docking/PDBQT/7cam_B_485_chainB/docking_485_chainB_out.pdbqt	/home/anacleto/Desktop/manuscript_Mpro/naturecomm/supplementary_file_S2/6-chemical-library/molecular_docking/combined_complexes/7cam_485_combined/7cam_485_combined_pose_1.pdb
c1ccccc1CNC(=O)C(c2cccnc2)N(C(=O)c3ccco3)c(cc4)ccc4-c5ccccc5	4850	1					
c1ccccc1C(c2ccccc2)CNC(=O)C(c3cccnc3)Nc(cc4)ccc4-c5ccccc5	4851	1					
c1ccccc1CNC(=O)C(c2cccnc2)N(C(=O)c3ccco3)c(cc4)ccc4-c5cccs5	4852	1					
c1ccccc1CCNC(=O)C(c2cccnc2)N(C(=O)c3cocn3)c(cn4)cnc4C5CCC5	4853	1					
c1ccccc1CCNC(=O)C(c2cccnc2)N(c3ccccc3)C(=O)c4cc(on4)C5COC5	4854	1					
c1ccccc1CCNC(=O)C(c2cccnc2)N(C(=O)c3cocn3)c(cc4)ccc4C5COC5	4855	1					
c1ccccc1CCNC(=O)C(c2cccnc2)N(C(=O)c3cnc[nH]3)c(cn4)cnc4C5CCC5	4856	1					
c1ccccc1CCNC(=O)C(c2cccnc2)N(C(=O)c3cnc[nH]3)c(ccc4)cc4C5COC5	4857	1					
c1ccccc1CCNC(=O)C(c2cccnc2)N(C(=O)c3cnc[nH]3)c(cc4)ccc4C5COC5	4858	1					
C1CCCCC1NC(=O)C(c2cccnc2)N(C(=O)c3c[nH]cn3)c(cc4)ccc4-c5ccccc5	4859	1					
c1ccccc1CNC(=O)CNC(=O)c2ccccc2	486	1	-5.796	-5.607	/home/anacleto/Desktop/manuscript_Mpro/naturecomm/supplementary_file_S2/6-chemical-library/molecular_docking/PDBQT/7cam_A_486_chainA/docking_486_chainA_out.pdbqt	/home/anacleto/Desktop/manuscript_Mpro/naturecomm/supplementary_file_S2/6-chemical-library/molecular_docking/PDBQT/7cam_B_486_chainB/docking_486_chainB_out.pdbqt	/home/anacleto/Desktop/manuscript_Mpro/naturecomm/supplementary_file_S2/6-chemical-library/molecular_docking/combined_complexes/7cam_486_combined/7cam_486_combined_pose_1.pdb
c1ccccc1CCNC(=O)C(c2cccnc2)N(C(=O)c3ccco3)C(C4)CC4c5ccccc5	4860	1					
C1CCCCC1NC(=O)C(c2cccnc2)N(C(=O)c3ccco3)c(cc4)ccc4-c5ccccc5	4861	1					
c1ccccc1CNC(=O)C(c2cccnc2)N(C(=O)c3ccco3)c(cc4)ccc4-c5ccco5	4862	1					
c1ccccc1CNC(=O)C(c2cccnc2)N(C(=O)c3ccco3)c4ccc(cc4)-n5cccc5	4863	1					
c1ccccc1N(C(=O)c2cocn2)C(c3cccnc3)C(=O)N(CC4)CCC4c5ccccc5	4864	1					
c1ccccc1CCNC(=O)C(c2cccnc2)N(c3ccccc3)C(=O)c4cnc(o4)C5CC5	4865	1					
C1CCCC1NC(=O)C(c2cccnc2)N(C(=O)c3c[nH]cn3)c(cc4)ccc4-c5ccccc5	4866	1					
C1CCCC1NC(=O)C(c2cccnc2)N(C(=O)c3ccco3)c(cc4)ccc4-c5ccccc5	4867	1					
c1ncccc1C(C(=O)NC2CC2)N(C(=O)c3ccco3)c(cc4)ccc4-c5ccccc5	4868	1					
c1ccccc1COc(cc2)ccc2-n3c(Sc4nccs4)nnc3-c5ccco5	4869	1					
c1ccccc1C(=O)CCC(=O)NCc2cccnc2	487	1	-5.016	-5.125	/home/anacleto/Desktop/manuscript_Mpro/naturecomm/supplementary_file_S2/6-chemical-library/molecular_docking/PDBQT/7cam_A_487_chainA/docking_487_chainA_out.pdbqt	/home/anacleto/Desktop/manuscript_Mpro/naturecomm/supplementary_file_S2/6-chemical-library/molecular_docking/PDBQT/7cam_B_487_chainB/docking_487_chainB_out.pdbqt	/home/anacleto/Desktop/manuscript_Mpro/naturecomm/supplementary_file_S2/6-chemical-library/molecular_docking/combined_complexes/7cam_487_combined/7cam_487_combined_pose_1.pdb
c1ccccc1C(=C2)N(c3ccccc3)C(=O)C2=Cc4ccc(o4)-c5ccccc5	4870	1					
o1nccc1CNc(n2)nc(N3CCNCC3)cc2Nc(n[nH]4)cc4C5CC5	4871	1					
N1CCCC1c([nH]2)ncc2-c3ccc(cc3)-c(cc4)ccc4-c5cnc[nH]5	4872	1					
O1CCCCC12CC3C4C(CC3O2)C5C(CC4)C6C(=CC5)CCCC6	4873	1					
c1cccc2c1ccc(c23)[NH+]=C(C3)C=CC=CC=CC=C(C4)Nc(c45)ccc6c5cccc6	4874	1					
O1CCCCC1OC(=O)C23C(CCCC3)C=4C(CC2)C5C(CC4)C6C(CC5)CCCC6	4875	1					
c12ccc(n2)cc3ccc([nH]3)cc4nc(CC4)cc5ccc([nH]5)c1-c6ccccc6	4876	1					
c12ccc(n2)cc3ccc([nH]3)cc4nc(CC4)c(c5ccc(c1)[nH]5)-c6ccccc6	4877	1					
c1cccc(C2=O)c1C(c(c23)cccc3)C(c(c45)cccc5)c6c(C4=O)cccc6	4878	1					
C1CCC(CC2)C1C3C=CC(C4C235)(OC5)CC(CC4)OC6CCCCO6	4879	1					
C1CCCCC1NC(=O)CNS(=O)(=O)c2c[nH]cn2	488	1	-5.474	-5.337	/home/anacleto/Desktop/manuscript_Mpro/naturecomm/supplementary_file_S2/6-chemical-library/molecular_docking/PDBQT/7cam_A_488_chainA/docking_488_chainA_out.pdbqt	/home/anacleto/Desktop/manuscript_Mpro/naturecomm/supplementary_file_S2/6-chemical-library/molecular_docking/PDBQT/7cam_B_488_chainB/docking_488_chainB_out.pdbqt	/home/anacleto/Desktop/manuscript_Mpro/naturecomm/supplementary_file_S2/6-chemical-library/molecular_docking/combined_complexes/7cam_488_combined/7cam_488_combined_pose_1.pdb
n1cccc(c12)cccc2O[Ga](Oc3cccc(c34)cccn4)Oc5cccc(c56)cccn6	4880	1					
O=C1C=CC(=O)N1CCCCCC(=O)NN=CC(C2)CC(OC3CCCCO3)c(c4)c2cc(c45)C(=O)c6c(C5=O)cccc6	4881	1					
C1CC1S(=O)(=O)NC(=O)C23C(C2)C=CCCCCNC(=O)C4C(C(=O)N3)CC(C4)Oc5ccnc(c56)cccc6	4882	1					
c1cccc(c12)cncc2NC(=O)C3(CCOc(c34)cccc4)CNCCN(C5=O)C(=O)c(c56)cccc6	4883	1					
O=S1(=O)CCC(CC1)CS(=O)(=O)N(C2)Cc(cccc3)c3C24C(=O)N(CC4)c5cncc(c56)cccc6	4884	1					
C1S(=O)(=O)CC(C12)CN(CC2)C(=O)CC3(CCOc(c34)cccc4)C(=O)Nc5cncc(c56)cccc6	4885	1					
c1cccc(c12)cncc2NC(=O)C3(CCOc(c34)cccc4)CNCc([nH]5)nc(c56)[nH]c(=O)[nH]c6=O	4886	1					
c1cccc(c12)cncc2NC(=O)C3(CCOc(c34)cccc4)CNCc(c5)cnc(c56)OCC(=O)N6	4887	1					
c1cccc(c12)cncc2NC(=O)C3(CCOc(c34)cccc4)CNCc(cn5)c(=O)n(c56)cccc6	4888	1					
C1=CCCCCNC(=O)C(C2C(=O)NC(C13)C3)CC(C2)Oc4cc(-c5nccs5)nc(c46)cccc6	4889	1					
C1CCCCN1C(=O)CNS(=O)(=O)c2ccccc2	489	1	-5.793	-5.389	/home/anacleto/Desktop/manuscript_Mpro/naturecomm/supplementary_file_S2/6-chemical-library/molecular_docking/PDBQT/7cam_A_489_chainA/docking_489_chainA_out.pdbqt	/home/anacleto/Desktop/manuscript_Mpro/naturecomm/supplementary_file_S2/6-chemical-library/molecular_docking/PDBQT/7cam_B_489_chainB/docking_489_chainB_out.pdbqt	/home/anacleto/Desktop/manuscript_Mpro/naturecomm/supplementary_file_S2/6-chemical-library/molecular_docking/combined_complexes/7cam_489_combined/7cam_489_combined_pose_1.pdb
C1CCCC2C1=CCC3C2CCC(C34)C(CC4)CCCCOC(O5)CCCC5COC6CCCCO6	4890	1					
O=S1(=O)CC(C1)CS(=O)(=O)N(C2)Cc(cccc3)c3C24C(=O)N(CC4)c5cncc(c56)cccc6	4891	1					
C1COCCC1CS(=O)(=O)N(C2)Cc(cccc3)c3C24C(=O)N(CC4)c5cncc(c56)cccc6	4892	1					
C1CC1CNC(=O)CN(C2)S(=O)(=O)c(cccc3)c3C24C(=O)N(CC4)c5cncc(c56)cccc6	4893	1					
c1cccc(c12)OCCC2(CC(=O)N(CC3)C(C34)CCCN4)C(=O)Nc5cncc(c56)cccc6	4894	1					
n1ncn(c12)CCN(C2)C(=O)CC3(CCOc(c34)cccc4)C(=O)Nc5cncc(c56)cccc6	4895	1					
c1cnn(c12)CCN(C2)C(=O)CC3(CCOc(c34)cccc4)C(=O)Nc5cncc(c56)cccc6	4896	1					
c1cccc(c12)OCCC2(CC(=O)N(CC3)Cc(c34)[nH]cn4)C(=O)Nc5cncc(c56)cccc6	4897	1					
C1CCCC1CS(=O)(=O)N(C2)Cc(cccc3)c3C24C(=O)N(CC4)c5cncc(c56)cccc6	4898	1					
C1COCCN1CCOc(c2)ccc(c23)cncc3N(CC4)C(=O)C45c6c(CNC5)cccc6	4899	1					
O=c1cccco1	49	1	-3.281	-3.094	/home/anacleto/Desktop/manuscript_Mpro/naturecomm/supplementary_file_S2/6-chemical-library/molecular_docking/PDBQT/7cam_A_49_chainA/docking_49_chainA_out.pdbqt	/home/anacleto/Desktop/manuscript_Mpro/naturecomm/supplementary_file_S2/6-chemical-library/molecular_docking/PDBQT/7cam_B_49_chainB/docking_49_chainB_out.pdbqt	/home/anacleto/Desktop/manuscript_Mpro/naturecomm/supplementary_file_S2/6-chemical-library/molecular_docking/combined_complexes/7cam_49_combined/7cam_49_combined_pose_1.pdb
s1cccc1CCNC(=O)CNC(=O)C2CCCN2	490	1	-5.306	-5.11	/home/anacleto/Desktop/manuscript_Mpro/naturecomm/supplementary_file_S2/6-chemical-library/molecular_docking/PDBQT/7cam_A_490_chainA/docking_490_chainA_out.pdbqt	/home/anacleto/Desktop/manuscript_Mpro/naturecomm/supplementary_file_S2/6-chemical-library/molecular_docking/PDBQT/7cam_B_490_chainB/docking_490_chainB_out.pdbqt	/home/anacleto/Desktop/manuscript_Mpro/naturecomm/supplementary_file_S2/6-chemical-library/molecular_docking/combined_complexes/7cam_490_combined/7cam_490_combined_pose_1.pdb
O1CC(C2)CC12CNC(=O)CC3(CCOc(c34)cccc4)C(=O)Nc5cncc(c56)cccc6	4900	1					
C1CCCN1CCCOc(c2)ccc(c23)cncc3N(CC4)C(=O)C45c6c(CNC5)cccc6	4901	1					
c1cnn(c12)c(c[nH]2)CNCC3(CCOc(c34)cccc4)C(=O)Nc5cncc(c56)cccc6	4902	1					
C1CCC1CS(=O)(=O)N(C2)Cc(cccc3)c3C24C(=O)N(CC4)c5cncc(c56)cccc6	4903	1					
C1CC1CS(=O)(=O)N(C2)Cc(cccc3)c3C24C(=O)N(CCC4)c5cncc(c56)cccc6	4904	1					
C1CC1CS(=O)(=O)N(C2)Cc(cccc3)c3C24C(=O)N(C(=O)C4)c5cncc(c56)cccc6	4905	1					
C1CCCC(CC2)C1C(CC3)C2C(C34)CCC4COC(O5)CCCC5COC6CCCCO6	4906	1					
C1CCCN1CCOc(c2)ccc(c23)cncc3N(CC4)C(=O)C45c6c(CNC5)cccc6	4907	1					
c1cccc(c12)OCCC2(CC(=O)N3CC(CC34)NC4)C(=O)Nc5cncc(c56)cccc6	4908	1					
C1CC1CNC(=O)CN(C2)Cc(cccc3)c3C24C(=O)N(CC4)c5cncc(c56)cccc6	4909	1					
s1cccc1CNCC(=O)NCCc2ccccc2	491	1	-5.034	-4.812	/home/anacleto/Desktop/manuscript_Mpro/naturecomm/supplementary_file_S2/6-chemical-library/molecular_docking/PDBQT/7cam_A_491_chainA/docking_491_chainA_out.pdbqt	/home/anacleto/Desktop/manuscript_Mpro/naturecomm/supplementary_file_S2/6-chemical-library/molecular_docking/PDBQT/7cam_B_491_chainB/docking_491_chainB_out.pdbqt	/home/anacleto/Desktop/manuscript_Mpro/naturecomm/supplementary_file_S2/6-chemical-library/molecular_docking/combined_complexes/7cam_491_combined/7cam_491_combined_pose_1.pdb
C1CC1CS(=O)(=O)N(C2)Cc(cccc3)c3C24C(=O)N(CC4)c5cncc(c56)CCCC6	4910	1					
C1CCN1S(=O)(=O)N(C2)Cc(cccc3)c3C24C(=O)N(CC4)c5cncc(c56)cccc6	4911	1					
C1CC1CS(=O)(=O)N(C2)Cc(cccc3)c3C24C(=O)N(CC4)c5cncc(c56)cccc6	4912	1					
O1CCCCC1OCC2CCC(C23)C4C(CC3)C5C(CC4)CC(CC5)OC6CCCCO6	4913	1					
C1CC1NC(=O)CN(C2)Cc(cccc3)c3C24C(=O)N(CC4)c5cncc(c56)cccc6	4914	1					
[nH]1nccc1C(=O)N(C2)Cc(cccc3)c3C24C(=O)N(CC4)c5cncc(c56)cccc6	4915	1					
C1CCCCc(c12)ccc(c2)Nc3ncn(n3)-c(nn4)cc(c4c56)CCCc5cccc6	4916	1					
C1CCC(C12)CCC3C2CCC4C3CCC(C4)OC(OCCC5)C5OC6CCCCO6	4917	1					
s1cnnc1CN(C2)Cc(cccc3)c3C24C(=O)N(CC4)c5cncc(c56)cccc6	4918	1					
c1cccc(c12)OCCC2C(=O)Nc3cncc(c34)ccc(c4)CN(C5)CC56CNC6	4919	1					
N1CCC(C1=O)CCNC(=O)CCC2CCCCC2	492	1	-5.402	-5.752	/home/anacleto/Desktop/manuscript_Mpro/naturecomm/supplementary_file_S2/6-chemical-library/molecular_docking/PDBQT/7cam_A_492_chainA/docking_492_chainA_out.pdbqt	/home/anacleto/Desktop/manuscript_Mpro/naturecomm/supplementary_file_S2/6-chemical-library/molecular_docking/PDBQT/7cam_B_492_chainB/docking_492_chainB_out.pdbqt	/home/anacleto/Desktop/manuscript_Mpro/naturecomm/supplementary_file_S2/6-chemical-library/molecular_docking/combined_complexes/7cam_492_combined/7cam_492_combined_pose_1.pdb
c1cccc(c12)OCCC2C(=O)Nc3cncc(c34)cc(cc4)CN(C5)CC56CNC6	4920	1					
C1CC1N(C2)C(=O)c(cccc3)c3C24C(=O)N(CC4)c5cncc(c56)cccc6	4921	1					
C1CC1N(C2)Cc(cccc3)c3C24C(=O)N(CC4)c5cncc(c56)cccc6	4922	1					
N1CCCC1C(=O)NCC(=O)NC(Cc2cccs2)C(=O)NCC(=O)N(Cc(c34)cccc3)C(C4)C(=O)N(CC5)C(C56)CCCC6	4923	1					
[nH]1cncc1CN(C2CC2)C(=O)CC3(CCOc(c34)cccc4)C(=O)Nc5cncc(c56)cccc6	4924	1					
[nH]1ccnc1CN(C2CC2)C(=O)CC3(CCOc(c34)cccc4)C(=O)Nc5cncc(c56)cccc6	4925	1					
c1cccc(c12)CNCC2c3cc(ccc3)S(=O)(=O)NCCOCCOCCNC(=O)NCCCCNC(=O)NCCOCCOCCNS(=O)(=O)c(ccc4)cc4C5CNCc(c56)cccc6	4926	1					
c1cccc(c12)ccc(c2)CCC(=O)NC(C(=O)NC(C3=O)Cc4ccccc4)CSSCCNC(=O)CNC(=O)CNC(=O)C(N3)Cc5c[nH]c(c56)cccc6	4927	1					
C1CCCC(C12)N(CC2)C(=O)C(C3)N(Cc(c34)cccc4)C(=O)CNC(=O)CNC(=O)CNC(=O)C5CCCN5C(=O)C6CCCN6	4928	1					
c1cccc(c12)cncc2NC(=O)C3(CCOc(c34)cccc4)CNCc5ccc(cc5)N(CC6=O)CCN6	4929	1					
[nH]1nnnc1CCNC(=O)CNC(=O)c2cocn2	493	1	-5.152	-5.01	/home/anacleto/Desktop/manuscript_Mpro/naturecomm/supplementary_file_S2/6-chemical-library/molecular_docking/PDBQT/7cam_A_493_chainA/docking_493_chainA_out.pdbqt	/home/anacleto/Desktop/manuscript_Mpro/naturecomm/supplementary_file_S2/6-chemical-library/molecular_docking/PDBQT/7cam_B_493_chainB/docking_493_chainB_out.pdbqt	/home/anacleto/Desktop/manuscript_Mpro/naturecomm/supplementary_file_S2/6-chemical-library/molecular_docking/combined_complexes/7cam_493_combined/7cam_493_combined_pose_1.pdb
c1cccc(c12)cncc2NC(=O)C3(CCOc(c34)cccc4)CNCc5cnn(c5)C(CC6)CS6(=O)=O	4930	1					
C1CCCN1C(=O)C(O2)CCC2C(=O)NC3(CCOc(c34)cccc4)C(=O)Nc5cncc(c56)cccc6	4931	1					
c1cccc(c12)cncc2NC(=O)C3(CCOc(c34)cccc4)CNCc5cnc(nc5)N6CCOCC6	4932	1					
c1cccc(c12)cncc2NC(=O)C3(CCOc(c34)cccc4)CNCc5ccn(n5)Cc6cnccn6	4933	1					
c1cccc(c12)CN(S(=O)(=O)CC3CC3)CC2C(=O)Nc4cncc(c45)cc(cc5)NS(=O)(=O)C6CC6	4934	1					
n1ccccc1CS(=O)c(n2)n(c(c23)cccc3)[Mg]n(c(c45)cccc4)c(n5)S(=O)Cc6ccccn6	4935	1					
C1OCCC1N(CC2)CCN2C(=O)CC3(CCOc(c34)cccc4)C(=O)Nc5cncc(c56)cccc6	4936	1					
c1cccc(c12)cncc2NC(=O)C3(CCOc(c34)cccc4)CNCc5cn(nn5)CC6CCOC6	4937	1					
c1cccc(c12)cncc2NC(=O)C3(CCOc(c34)cccc4)CNCc5cn(nn5)CC6CCCO6	4938	1					
c1cccc(c12)cncc2NC(=O)C3(CCOc(c34)cccc4)CNCc5c([nH]nc5)N6CCOCC6	4939	1					
c1ccccc1NCC(=O)NCCN2CCOCC2	494	1	-5.388	-5.105	/home/anacleto/Desktop/manuscript_Mpro/naturecomm/supplementary_file_S2/6-chemical-library/molecular_docking/PDBQT/7cam_A_494_chainA/docking_494_chainA_out.pdbqt	/home/anacleto/Desktop/manuscript_Mpro/naturecomm/supplementary_file_S2/6-chemical-library/molecular_docking/PDBQT/7cam_B_494_chainB/docking_494_chainB_out.pdbqt	/home/anacleto/Desktop/manuscript_Mpro/naturecomm/supplementary_file_S2/6-chemical-library/molecular_docking/combined_complexes/7cam_494_combined/7cam_494_combined_pose_1.pdb
[nH]1cnnc1C2CCCCN2C(=O)CC3(CCOc(c34)cccc4)C(=O)Nc5cncc(c56)cccc6	4940	1					
c1nccn1CC2CCCN2C(=O)CC3(CCOc(c34)cccc4)C(=O)Nc5cncc(c56)cccc6	4941	1					
c1[nH]ncc1C2CCCCN2C(=O)CC3(CCOc(c34)cccc4)C(=O)Nc5cncc(c56)cccc6	4942	1					
[nH]1nccc1C2CCCCN2C(=O)CC3(CCOc(c34)cccc4)C(=O)Nc5cncc(c56)cccc6	4943	1					
[nH]1nnnc1C2=CCN(CC2)C(=O)CC3(CCOc(c34)cccc4)C(=O)Nc5cncc(c56)cccc6	4944	1					
c1cccc(c12)cncc2NC(=O)C3(CCOc(c34)cccc4)CNCc5ccc(nc5)-n6cccn6	4945	1					
n1[nH]nnc1C2CCCN2C(=O)CC3(CCOc(c34)cccc4)C(=O)Nc5cncc(c56)cccc6	4946	1					
c1cccc(c12)cncc2NC(=O)C3(CCOc(c34)cccc4)CNCC5CCN(C5)c6cn[nH]c6	4947	1					
c1cccc(c12)ccc(c2)N=Nc(cc3)ccc3-c4ccc(cc4)N=Nc(c5)ccc(c56)cccc6	4948	1					
c1ccccc1-c(cc2=O)oc(c23)c(ccc3)-c4cc(ccc4)-c(cc5=O)oc(c56)cccc6	4949	1					
[nH]1cncc1CCNC(=O)CNC(=O)c2cocn2	495	1	-4.976	-5.042	/home/anacleto/Desktop/manuscript_Mpro/naturecomm/supplementary_file_S2/6-chemical-library/molecular_docking/PDBQT/7cam_A_495_chainA/docking_495_chainA_out.pdbqt	/home/anacleto/Desktop/manuscript_Mpro/naturecomm/supplementary_file_S2/6-chemical-library/molecular_docking/PDBQT/7cam_B_495_chainB/docking_495_chainB_out.pdbqt	/home/anacleto/Desktop/manuscript_Mpro/naturecomm/supplementary_file_S2/6-chemical-library/molecular_docking/combined_complexes/7cam_495_combined/7cam_495_combined_pose_1.pdb
O=C1CCC(N1)C(=O)NC(Cc2cnc[nH]2)C(=O)NC(Cc3c[nH]c(c34)cccc4)C(=O)NCC(=O)NC(Cc5ccccc5)C(=O)NCC(=O)NCC(=O)NCC(=O)N6CCCC6	4950	1					
O=C1CCC(N1)C(=O)NC(Cc2c[nH]cn2)C(=O)NC(Cc3c[nH]c(c34)cccc4)C(=O)NCC(=O)NC(Cc5ccccc5)C(=O)NCC(=O)NCC(=O)NCC(=O)N6CCCC6	4951	1					
C1COCCN1c(n2)c(c(=O)n(c23)cccc3)C(N(C(=O)c4cocn4)c5ccccc5)C(=O)NCCc6ccccc6	4952	1					
c1ccccc1CCNC(=O)C(c2cccnc2)N(C(=O)c3ccco3)c(cc4)ccc4-c5n[nH]c(c56)CCOC6	4953	1					
c1ccccc1CCNC(=O)C(c2cccnc2)N(C(=O)c3cocn3)c(cc4)ccc4-c(nn5)n(c56)CCC6	4954	1					
C1COCCN1CCOc(cc2)ccc2C(=O)Nc3cc(ccc3)Oc(nc4)cc(c45)[nH]c(n5)-c6cnon6	4955	1					
N1CCN(CC1=O)C(CC2)CCC2CNc3ccc(cc3)N(C(=O)Cc(c45)cccc4)C5c6ccccc6	4956	1					
c1ccccc1C2CC=CC(C2C(=O)c3ccccc3)c(cc4)ccc4-c(c5)oc(c56)cccc6	4957	1					
c1ccccc1C(c2ccccc2)CNC(=O)C(c3cccnc3)N(C(=O)c4ccco4)c(cc5)ccc5-c6ccccc6	4958	1					
N1CCCC1c([nH]2)ncc2-c3ccc(cc3)-c(cc4)ccc4-c5cnc([nH]5)C6CCCN6	4959	1					
C1OCCCC1NCC(=O)NCCc2ccccc2	496	1	-5.445	-5.262	/home/anacleto/Desktop/manuscript_Mpro/naturecomm/supplementary_file_S2/6-chemical-library/molecular_docking/PDBQT/7cam_A_496_chainA/docking_496_chainA_out.pdbqt	/home/anacleto/Desktop/manuscript_Mpro/naturecomm/supplementary_file_S2/6-chemical-library/molecular_docking/PDBQT/7cam_B_496_chainB/docking_496_chainB_out.pdbqt	/home/anacleto/Desktop/manuscript_Mpro/naturecomm/supplementary_file_S2/6-chemical-library/molecular_docking/combined_complexes/7cam_496_combined/7cam_496_combined_pose_1.pdb
c1cccc(c1C234)N5C2C6C7C(CN(C3C7)CC4)=CCOC6CC5=O	4960	1					
c1cccc([nH]c2C3O4)c1c2CC5C(NCC6)Cc7cccc4c7C356	4961	1					
C1CCCC(CC2)C1C(CC3)C2C(CC4)C=3C(CCCC5)C45C(=O)OC(O6)CCCC6COC7CCCCO7	4962	1					
c1cccc(C2=O)c1C(c(c23)cccc3)C(c4c(C5=O)cccc4)c(c56)cccc6OC7CCCCO7	4963	1					
c1ccccc1-c(c(n2)ccc23)c4ccc([nH]4)cc5nc(CC5)cc6ccc([nH]6)c3-c7ccccc7	4964	1					
c12ccc(n2)cc3ccc([nH]3)cc4nc(CC4)c(-c5ccccc5)c6ccc([nH]6)c1-c7ccccc7	4965	1					
c12ccc(n2)cc3ccc([nH]3)c(-c4ccccc4)c5nc(CC5)cc6ccc([nH]6)c1-c7ccccc7	4966	1					
c12ccc(n2)cc3ccc([nH]3)c(-c4ccccc4)c5nc(CC5)c(c6ccc(c1)[nH]6)-c7ccccc7	4967	1					
C1CC1S(=O)(=O)NC(=O)C23C(C2)C=CCCCCNC(=O)C4C(C(=O)N3)CC(C4)Oc5cc(-c6nccs6)nc(c57)cccc7	4968	1					
c1cccc(c12)cncc2NC(=O)C3(CCOc(c34)cccc4)CNCc(c(=O)n(c56)cccc5)c(n6)N7CCOCC7	4969	1					
c1ncccc1CC(=O)NCC(=O)N2CCNCC2	497	1	-5.593	-5.394	/home/anacleto/Desktop/manuscript_Mpro/naturecomm/supplementary_file_S2/6-chemical-library/molecular_docking/PDBQT/7cam_A_497_chainA/docking_497_chainA_out.pdbqt	/home/anacleto/Desktop/manuscript_Mpro/naturecomm/supplementary_file_S2/6-chemical-library/molecular_docking/PDBQT/7cam_B_497_chainB/docking_497_chainB_out.pdbqt	/home/anacleto/Desktop/manuscript_Mpro/naturecomm/supplementary_file_S2/6-chemical-library/molecular_docking/combined_complexes/7cam_497_combined/7cam_497_combined_pose_1.pdb
C1COCCN1CCOc(c2)ccc(c23)cncc3N(CC4)C(=O)C45c6c(cccc6)CN(C5)S(=O)(=O)CC7CC7	4970	1					
C1CCCN1CCCOc(c2)ccc(c23)cncc3N(CC4)C(=O)C45c6c(cccc6)CN(C5)S(=O)(=O)CC7CC7	4971	1					
O1CCCCC1OCC2CCCC(O2)OCC3CCC(C34)C5C(CC4)C6C(CC5)CC(CC6)OC7CCCCO7	4972	1					
C1CCCN1CCOc(c2)ccc(c23)cncc3N(CC4)C(=O)C45c6c(cccc6)CN(C5)S(=O)(=O)CC7CC7	4973	1					
O1CCCCC1OCC2CCC(C23)C4C(CC3)C5C(CC4)CC(CC5)OC(OCCC6)C6OC7CCCCO7	4974	1					
C1CCCN1C(CC2)CCc(c23)ccc(c3)Nc4ncn(n4)-c(nn5)cc(c5c67)CCCc6cccc7	4975	1					
C1CC1n2nccc2C(=O)N(C3)Cc(cccc4)c4C35C(=O)N(CC5)c6cncc(c67)cccc7	4976	1					
C1CCCC(C12)N(CC2)C(=O)C(C3)N(Cc(c34)cccc4)C(=O)CNC(=O)C(Cc5cccs5)NC(=O)CNC(=O)C6CCCN6C(=O)C7CCCN7	4977	1					
C12CCC(OC1)OC3CCC(OC3)OC4CCC(OC4)OC5CCC(OC5)OC6CCC(OC6)OC7CCC(OC7)OC8CCC(O2)OC8	4978	1					
c12c3c4c5c6c1c(ccc6)c(=O)c7c2c(ccc7)c8c3c(ccc8)c(=O)c4ccc5	4979	1					
C1NCCCC1NCC(=O)NCCc2ccccc2	498	1	-5.232	-5.483	/home/anacleto/Desktop/manuscript_Mpro/naturecomm/supplementary_file_S2/6-chemical-library/molecular_docking/PDBQT/7cam_A_498_chainA/docking_498_chainA_out.pdbqt	/home/anacleto/Desktop/manuscript_Mpro/naturecomm/supplementary_file_S2/6-chemical-library/molecular_docking/PDBQT/7cam_B_498_chainB/docking_498_chainB_out.pdbqt	/home/anacleto/Desktop/manuscript_Mpro/naturecomm/supplementary_file_S2/6-chemical-library/molecular_docking/combined_complexes/7cam_498_combined/7cam_498_combined_pose_1.pdb
C123c4c5cccc4CC(N(CC3)CC6CC6)C2Cc7c8c([nH]c7C1O5)cccc8	4981	1					
C1CCCC(CC2)C1C(CC3)C2C(CC4)C=3C(CCCC5)C45C(=O)OC(O6)CCCC6COC(OC7)CCC7OC8CCCCO8	4982	1					
O1CCCCC1Oc2cccc(c23)C(c4c(C3=O)cccc4)C(c5c(C6=O)cccc5)c(c67)cccc7OC8CCCCO8	4983	1					
c1ccccc1-c(c(n2)ccc23)c4ccc([nH]4)cc5nc(CC5)c(-c6ccccc6)c7ccc([nH]7)c3-c8ccccc8	4984	1					
c12ccc(n2)cc3ccc([nH]3)c(-c4ccccc4)c5nc(CC5)c(-c6ccccc6)c7ccc([nH]7)c1-c8ccccc8	4985	1					
O1CCCCC1OCC2CCCC(O2)OCC(CC3)C(C34)CCC5C4CCC6C5CCC(C6)OC(OCCC7)C7OC8CCCCO8	4986	1					
[Cu]123n4c5c6cc4C=c7n3c(cc7)=Cc8n1c(cc8)C=c9n2c(cc9)=C5CC6=O	4987	1					
C1CN(C2)CCCC2CC(c(c1c34)[nH]c3cccc4)c(c5)ccc(c5C678)NC7CCC9C6N(CC8)CC=C9	4988	1					
c1ccccc1-c(c(n2)ccc23)c4ccc([nH]4)c(-c5ccccc5)c6nc(CC6)c(-c7ccccc7)c8ccc([nH]8)c3-c9ccccc9	4989	1					
C1CNCCC1NCC(=O)NCCc2ccccc2	499	1	-5.464	-5.516	/home/anacleto/Desktop/manuscript_Mpro/naturecomm/supplementary_file_S2/6-chemical-library/molecular_docking/PDBQT/7cam_A_499_chainA/docking_499_chainA_out.pdbqt	/home/anacleto/Desktop/manuscript_Mpro/naturecomm/supplementary_file_S2/6-chemical-library/molecular_docking/PDBQT/7cam_B_499_chainB/docking_499_chainB_out.pdbqt	/home/anacleto/Desktop/manuscript_Mpro/naturecomm/supplementary_file_S2/6-chemical-library/molecular_docking/combined_complexes/7cam_499_combined/7cam_499_combined_pose_1.pdb
C123c4c5cccc4CC(NCC3)C2Cc6c7c([nH]c6C1O5)C8C19c2c(O8)cccc2CC(C9C7)NCC1	4990	1					
C123c4c5cccc4CC(N(CC3)CC6CC6)C2Cc7c8c([nH]c7C1O5)C9C12c3c(O9)cccc3CC(C1C8)NCC2	4991	1					
C123c4c5cccc4CC(N(CC3)CC6CC6)C2Cc7c8c([nH]c7C1O5)C9C12c3c(O9)cccc3CC(C1C8)N(CC2)CC1CC1	4992	1					
C=C1C(=O)NC(=S)S1	5	1	-3.754	-3.352	/home/anacleto/Desktop/manuscript_Mpro/naturecomm/supplementary_file_S2/6-chemical-library/molecular_docking/PDBQT/7cam_A_5_chainA/docking_5_chainA_out.pdbqt	/home/anacleto/Desktop/manuscript_Mpro/naturecomm/supplementary_file_S2/6-chemical-library/molecular_docking/PDBQT/7cam_B_5_chainB/docking_5_chainB_out.pdbqt	/home/anacleto/Desktop/manuscript_Mpro/naturecomm/supplementary_file_S2/6-chemical-library/molecular_docking/combined_complexes/7cam_5_combined/7cam_5_combined_pose_1.pdb
O=c1cccc[nH]1	50	1	-3.435	-3.593	/home/anacleto/Desktop/manuscript_Mpro/naturecomm/supplementary_file_S2/6-chemical-library/molecular_docking/PDBQT/7cam_A_50_chainA/docking_50_chainA_out.pdbqt	/home/anacleto/Desktop/manuscript_Mpro/naturecomm/supplementary_file_S2/6-chemical-library/molecular_docking/PDBQT/7cam_B_50_chainB/docking_50_chainB_out.pdbqt	/home/anacleto/Desktop/manuscript_Mpro/naturecomm/supplementary_file_S2/6-chemical-library/molecular_docking/combined_complexes/7cam_50_combined/7cam_50_combined_pose_1.pdb
N1CCCN(C1=O)CC(=O)NCCc2ccccc2	500	1	-5.658	-5.608	/home/anacleto/Desktop/manuscript_Mpro/naturecomm/supplementary_file_S2/6-chemical-library/molecular_docking/PDBQT/7cam_A_500_chainA/docking_500_chainA_out.pdbqt	/home/anacleto/Desktop/manuscript_Mpro/naturecomm/supplementary_file_S2/6-chemical-library/molecular_docking/PDBQT/7cam_B_500_chainB/docking_500_chainB_out.pdbqt	/home/anacleto/Desktop/manuscript_Mpro/naturecomm/supplementary_file_S2/6-chemical-library/molecular_docking/combined_complexes/7cam_500_combined/7cam_500_combined_pose_1.pdb
C1CCCCC1NCC(=O)NCCc2ccccc2	501	1	-5.571	-5.549	/home/anacleto/Desktop/manuscript_Mpro/naturecomm/supplementary_file_S2/6-chemical-library/molecular_docking/PDBQT/7cam_A_501_chainA/docking_501_chainA_out.pdbqt	/home/anacleto/Desktop/manuscript_Mpro/naturecomm/supplementary_file_S2/6-chemical-library/molecular_docking/PDBQT/7cam_B_501_chainB/docking_501_chainB_out.pdbqt	/home/anacleto/Desktop/manuscript_Mpro/naturecomm/supplementary_file_S2/6-chemical-library/molecular_docking/combined_complexes/7cam_501_combined/7cam_501_combined_pose_1.pdb
N1CCC(C1=O)CCNC(=O)CCc2ccccc2	502	1	-5.402	-5.618	/home/anacleto/Desktop/manuscript_Mpro/naturecomm/supplementary_file_S2/6-chemical-library/molecular_docking/PDBQT/7cam_A_502_chainA/docking_502_chainA_out.pdbqt	/home/anacleto/Desktop/manuscript_Mpro/naturecomm/supplementary_file_S2/6-chemical-library/molecular_docking/PDBQT/7cam_B_502_chainB/docking_502_chainB_out.pdbqt	/home/anacleto/Desktop/manuscript_Mpro/naturecomm/supplementary_file_S2/6-chemical-library/molecular_docking/combined_complexes/7cam_502_combined/7cam_502_combined_pose_1.pdb
n1cocc1C(=O)NCC(=O)NCc2ccncc2	503	1	-5.432	-5.625	/home/anacleto/Desktop/manuscript_Mpro/naturecomm/supplementary_file_S2/6-chemical-library/molecular_docking/PDBQT/7cam_A_503_chainA/docking_503_chainA_out.pdbqt	/home/anacleto/Desktop/manuscript_Mpro/naturecomm/supplementary_file_S2/6-chemical-library/molecular_docking/PDBQT/7cam_B_503_chainB/docking_503_chainB_out.pdbqt	/home/anacleto/Desktop/manuscript_Mpro/naturecomm/supplementary_file_S2/6-chemical-library/molecular_docking/combined_complexes/7cam_503_combined/7cam_503_combined_pose_1.pdb
n1cocc1C(=O)NCC(=O)NCc2cccnc2	504	1	-5.509	-5.309	/home/anacleto/Desktop/manuscript_Mpro/naturecomm/supplementary_file_S2/6-chemical-library/molecular_docking/PDBQT/7cam_A_504_chainA/docking_504_chainA_out.pdbqt	/home/anacleto/Desktop/manuscript_Mpro/naturecomm/supplementary_file_S2/6-chemical-library/molecular_docking/PDBQT/7cam_B_504_chainB/docking_504_chainB_out.pdbqt	/home/anacleto/Desktop/manuscript_Mpro/naturecomm/supplementary_file_S2/6-chemical-library/molecular_docking/combined_complexes/7cam_504_combined/7cam_504_combined_pose_1.pdb
O=c1ccn(c(=O)[nH]1)CC(=O)OCc2ccccc2	505	1	-5.475	-5.54	/home/anacleto/Desktop/manuscript_Mpro/naturecomm/supplementary_file_S2/6-chemical-library/molecular_docking/PDBQT/7cam_A_505_chainA/docking_505_chainA_out.pdbqt	/home/anacleto/Desktop/manuscript_Mpro/naturecomm/supplementary_file_S2/6-chemical-library/molecular_docking/PDBQT/7cam_B_505_chainB/docking_505_chainB_out.pdbqt	/home/anacleto/Desktop/manuscript_Mpro/naturecomm/supplementary_file_S2/6-chemical-library/molecular_docking/combined_complexes/7cam_505_combined/7cam_505_combined_pose_1.pdb
o1nccc1C(=O)NCC(=O)NCc2ccccc2	506	1	-5.388	-5.205	/home/anacleto/Desktop/manuscript_Mpro/naturecomm/supplementary_file_S2/6-chemical-library/molecular_docking/PDBQT/7cam_A_506_chainA/docking_506_chainA_out.pdbqt	/home/anacleto/Desktop/manuscript_Mpro/naturecomm/supplementary_file_S2/6-chemical-library/molecular_docking/PDBQT/7cam_B_506_chainB/docking_506_chainB_out.pdbqt	/home/anacleto/Desktop/manuscript_Mpro/naturecomm/supplementary_file_S2/6-chemical-library/molecular_docking/combined_complexes/7cam_506_combined/7cam_506_combined_pose_1.pdb
o1cncc1C(=O)NCC(=O)NCc2ccccc2	507	1	-5.437	-5.429	/home/anacleto/Desktop/manuscript_Mpro/naturecomm/supplementary_file_S2/6-chemical-library/molecular_docking/PDBQT/7cam_A_507_chainA/docking_507_chainA_out.pdbqt	/home/anacleto/Desktop/manuscript_Mpro/naturecomm/supplementary_file_S2/6-chemical-library/molecular_docking/PDBQT/7cam_B_507_chainB/docking_507_chainB_out.pdbqt	/home/anacleto/Desktop/manuscript_Mpro/naturecomm/supplementary_file_S2/6-chemical-library/molecular_docking/combined_complexes/7cam_507_combined/7cam_507_combined_pose_1.pdb
O=c1ccn(c(=O)[nH]1)CC(=O)NCc2ccccc2	508	1	-5.678	-5.513	/home/anacleto/Desktop/manuscript_Mpro/naturecomm/supplementary_file_S2/6-chemical-library/molecular_docking/PDBQT/7cam_A_508_chainA/docking_508_chainA_out.pdbqt	/home/anacleto/Desktop/manuscript_Mpro/naturecomm/supplementary_file_S2/6-chemical-library/molecular_docking/PDBQT/7cam_B_508_chainB/docking_508_chainB_out.pdbqt	/home/anacleto/Desktop/manuscript_Mpro/naturecomm/supplementary_file_S2/6-chemical-library/molecular_docking/combined_complexes/7cam_508_combined/7cam_508_combined_pose_1.pdb
C1OC=CC(C1=C)CC(=O)OCCc2ccccc2	509	1	-5.149	-4.933	/home/anacleto/Desktop/manuscript_Mpro/naturecomm/supplementary_file_S2/6-chemical-library/molecular_docking/PDBQT/7cam_A_509_chainA/docking_509_chainA_out.pdbqt	/home/anacleto/Desktop/manuscript_Mpro/naturecomm/supplementary_file_S2/6-chemical-library/molecular_docking/PDBQT/7cam_B_509_chainB/docking_509_chainB_out.pdbqt	/home/anacleto/Desktop/manuscript_Mpro/naturecomm/supplementary_file_S2/6-chemical-library/molecular_docking/combined_complexes/7cam_509_combined/7cam_509_combined_pose_1.pdb
O=c1cc[nH]cc1	51	1	-3.284	-3.197	/home/anacleto/Desktop/manuscript_Mpro/naturecomm/supplementary_file_S2/6-chemical-library/molecular_docking/PDBQT/7cam_A_51_chainA/docking_51_chainA_out.pdbqt	/home/anacleto/Desktop/manuscript_Mpro/naturecomm/supplementary_file_S2/6-chemical-library/molecular_docking/PDBQT/7cam_B_51_chainB/docking_51_chainB_out.pdbqt	/home/anacleto/Desktop/manuscript_Mpro/naturecomm/supplementary_file_S2/6-chemical-library/molecular_docking/combined_complexes/7cam_51_combined/7cam_51_combined_pose_1.pdb
n1c[nH]cc1C(=O)NCC(=O)NCc2ccccc2	510	1	-5.764	-5.493	/home/anacleto/Desktop/manuscript_Mpro/naturecomm/supplementary_file_S2/6-chemical-library/molecular_docking/PDBQT/7cam_A_510_chainA/docking_510_chainA_out.pdbqt	/home/anacleto/Desktop/manuscript_Mpro/naturecomm/supplementary_file_S2/6-chemical-library/molecular_docking/PDBQT/7cam_B_510_chainB/docking_510_chainB_out.pdbqt	/home/anacleto/Desktop/manuscript_Mpro/naturecomm/supplementary_file_S2/6-chemical-library/molecular_docking/combined_complexes/7cam_510_combined/7cam_510_combined_pose_1.pdb
c1ccccc1NC(=O)CNC(=O)Cn2ccnc2	511	1	-5.495	-5.059	/home/anacleto/Desktop/manuscript_Mpro/naturecomm/supplementary_file_S2/6-chemical-library/molecular_docking/PDBQT/7cam_A_511_chainA/docking_511_chainA_out.pdbqt	/home/anacleto/Desktop/manuscript_Mpro/naturecomm/supplementary_file_S2/6-chemical-library/molecular_docking/PDBQT/7cam_B_511_chainB/docking_511_chainB_out.pdbqt	/home/anacleto/Desktop/manuscript_Mpro/naturecomm/supplementary_file_S2/6-chemical-library/molecular_docking/combined_complexes/7cam_511_combined/7cam_511_combined_pose_1.pdb
o1cccc1C(=O)NCC(=O)NCc2ccccc2	512	1	-5.707	-5.521	/home/anacleto/Desktop/manuscript_Mpro/naturecomm/supplementary_file_S2/6-chemical-library/molecular_docking/PDBQT/7cam_A_512_chainA/docking_512_chainA_out.pdbqt	/home/anacleto/Desktop/manuscript_Mpro/naturecomm/supplementary_file_S2/6-chemical-library/molecular_docking/PDBQT/7cam_B_512_chainB/docking_512_chainB_out.pdbqt	/home/anacleto/Desktop/manuscript_Mpro/naturecomm/supplementary_file_S2/6-chemical-library/molecular_docking/combined_complexes/7cam_512_combined/7cam_512_combined_pose_1.pdb
[nH]1ccc(=O)cc1C(=O)NCCOc2ccccc2	513	1	-5.565	-5.555	/home/anacleto/Desktop/manuscript_Mpro/naturecomm/supplementary_file_S2/6-chemical-library/molecular_docking/PDBQT/7cam_A_513_chainA/docking_513_chainA_out.pdbqt	/home/anacleto/Desktop/manuscript_Mpro/naturecomm/supplementary_file_S2/6-chemical-library/molecular_docking/PDBQT/7cam_B_513_chainB/docking_513_chainB_out.pdbqt	/home/anacleto/Desktop/manuscript_Mpro/naturecomm/supplementary_file_S2/6-chemical-library/molecular_docking/combined_complexes/7cam_513_combined/7cam_513_combined_pose_1.pdb
c1ncncc1NCC(=O)NCCc2ccccc2	514	1	-5.254	-5.493	/home/anacleto/Desktop/manuscript_Mpro/naturecomm/supplementary_file_S2/6-chemical-library/molecular_docking/PDBQT/7cam_A_514_chainA/docking_514_chainA_out.pdbqt	/home/anacleto/Desktop/manuscript_Mpro/naturecomm/supplementary_file_S2/6-chemical-library/molecular_docking/PDBQT/7cam_B_514_chainB/docking_514_chainB_out.pdbqt	/home/anacleto/Desktop/manuscript_Mpro/naturecomm/supplementary_file_S2/6-chemical-library/molecular_docking/combined_complexes/7cam_514_combined/7cam_514_combined_pose_1.pdb
c1ccccc1CC(=O)NCCOc2cccnc2	515	1	-5.606	-4.779	/home/anacleto/Desktop/manuscript_Mpro/naturecomm/supplementary_file_S2/6-chemical-library/molecular_docking/PDBQT/7cam_A_515_chainA/docking_515_chainA_out.pdbqt	/home/anacleto/Desktop/manuscript_Mpro/naturecomm/supplementary_file_S2/6-chemical-library/molecular_docking/PDBQT/7cam_B_515_chainB/docking_515_chainB_out.pdbqt	/home/anacleto/Desktop/manuscript_Mpro/naturecomm/supplementary_file_S2/6-chemical-library/molecular_docking/combined_complexes/7cam_515_combined/7cam_515_combined_pose_1.pdb
c1cc[nH]c(=O)c1CC(=O)NCCc2ccccc2	516	1	-5.517	-5.786	/home/anacleto/Desktop/manuscript_Mpro/naturecomm/supplementary_file_S2/6-chemical-library/molecular_docking/PDBQT/7cam_A_516_chainA/docking_516_chainA_out.pdbqt	/home/anacleto/Desktop/manuscript_Mpro/naturecomm/supplementary_file_S2/6-chemical-library/molecular_docking/PDBQT/7cam_B_516_chainB/docking_516_chainB_out.pdbqt	/home/anacleto/Desktop/manuscript_Mpro/naturecomm/supplementary_file_S2/6-chemical-library/molecular_docking/combined_complexes/7cam_516_combined/7cam_516_combined_pose_1.pdb
c1[nH]c(=O)ccc1CC(=O)NCCc2ccccc2	517	1	-4.878	-5.851	/home/anacleto/Desktop/manuscript_Mpro/naturecomm/supplementary_file_S2/6-chemical-library/molecular_docking/PDBQT/7cam_A_517_chainA/docking_517_chainA_out.pdbqt	/home/anacleto/Desktop/manuscript_Mpro/naturecomm/supplementary_file_S2/6-chemical-library/molecular_docking/PDBQT/7cam_B_517_chainB/docking_517_chainB_out.pdbqt	/home/anacleto/Desktop/manuscript_Mpro/naturecomm/supplementary_file_S2/6-chemical-library/molecular_docking/combined_complexes/7cam_517_combined/7cam_517_combined_pose_1.pdb
c1ncccc1NCC(=O)NCCc2ccccc2	518	1	-5.137	-5.487	/home/anacleto/Desktop/manuscript_Mpro/naturecomm/supplementary_file_S2/6-chemical-library/molecular_docking/PDBQT/7cam_A_518_chainA/docking_518_chainA_out.pdbqt	/home/anacleto/Desktop/manuscript_Mpro/naturecomm/supplementary_file_S2/6-chemical-library/molecular_docking/PDBQT/7cam_B_518_chainB/docking_518_chainB_out.pdbqt	/home/anacleto/Desktop/manuscript_Mpro/naturecomm/supplementary_file_S2/6-chemical-library/molecular_docking/combined_complexes/7cam_518_combined/7cam_518_combined_pose_1.pdb
c1ccccc1OCC(=O)NCCc2ccccc2	519	1	-5.378	-5.337	/home/anacleto/Desktop/manuscript_Mpro/naturecomm/supplementary_file_S2/6-chemical-library/molecular_docking/PDBQT/7cam_A_519_chainA/docking_519_chainA_out.pdbqt	/home/anacleto/Desktop/manuscript_Mpro/naturecomm/supplementary_file_S2/6-chemical-library/molecular_docking/PDBQT/7cam_B_519_chainB/docking_519_chainB_out.pdbqt	/home/anacleto/Desktop/manuscript_Mpro/naturecomm/supplementary_file_S2/6-chemical-library/molecular_docking/combined_complexes/7cam_519_combined/7cam_519_combined_pose_1.pdb
O=C1CC=CC=N1	52	1	-3.245	-3.063	/home/anacleto/Desktop/manuscript_Mpro/naturecomm/supplementary_file_S2/6-chemical-library/molecular_docking/PDBQT/7cam_A_52_chainA/docking_52_chainA_out.pdbqt	/home/anacleto/Desktop/manuscript_Mpro/naturecomm/supplementary_file_S2/6-chemical-library/molecular_docking/PDBQT/7cam_B_52_chainB/docking_52_chainB_out.pdbqt	/home/anacleto/Desktop/manuscript_Mpro/naturecomm/supplementary_file_S2/6-chemical-library/molecular_docking/combined_complexes/7cam_52_combined/7cam_52_combined_pose_1.pdb
c1ncccc1CC(=O)NCCCc2ccccc2	520	1	-5.524	-5.475	/home/anacleto/Desktop/manuscript_Mpro/naturecomm/supplementary_file_S2/6-chemical-library/molecular_docking/PDBQT/7cam_A_520_chainA/docking_520_chainA_out.pdbqt	/home/anacleto/Desktop/manuscript_Mpro/naturecomm/supplementary_file_S2/6-chemical-library/molecular_docking/PDBQT/7cam_B_520_chainB/docking_520_chainB_out.pdbqt	/home/anacleto/Desktop/manuscript_Mpro/naturecomm/supplementary_file_S2/6-chemical-library/molecular_docking/combined_complexes/7cam_520_combined/7cam_520_combined_pose_1.pdb
c1ccccc1NCC(=O)NCCc2ccccc2	521	1	-5.835	-4.724	/home/anacleto/Desktop/manuscript_Mpro/naturecomm/supplementary_file_S2/6-chemical-library/molecular_docking/PDBQT/7cam_A_521_chainA/docking_521_chainA_out.pdbqt	/home/anacleto/Desktop/manuscript_Mpro/naturecomm/supplementary_file_S2/6-chemical-library/molecular_docking/PDBQT/7cam_B_521_chainB/docking_521_chainB_out.pdbqt	/home/anacleto/Desktop/manuscript_Mpro/naturecomm/supplementary_file_S2/6-chemical-library/molecular_docking/combined_complexes/7cam_521_combined/7cam_521_combined_pose_1.pdb
c1ccccc1CCC(=O)NCCc2ccccc2	522	1	-4.618	-4.859	/home/anacleto/Desktop/manuscript_Mpro/naturecomm/supplementary_file_S2/6-chemical-library/molecular_docking/PDBQT/7cam_A_522_chainA/docking_522_chainA_out.pdbqt	/home/anacleto/Desktop/manuscript_Mpro/naturecomm/supplementary_file_S2/6-chemical-library/molecular_docking/PDBQT/7cam_B_522_chainB/docking_522_chainB_out.pdbqt	/home/anacleto/Desktop/manuscript_Mpro/naturecomm/supplementary_file_S2/6-chemical-library/molecular_docking/combined_complexes/7cam_522_combined/7cam_522_combined_pose_1.pdb
c1ccccc1C(=O)CCNCCc2ccccc2	523	1	-4.181	-4.479	/home/anacleto/Desktop/manuscript_Mpro/naturecomm/supplementary_file_S2/6-chemical-library/molecular_docking/PDBQT/7cam_A_523_chainA/docking_523_chainA_out.pdbqt	/home/anacleto/Desktop/manuscript_Mpro/naturecomm/supplementary_file_S2/6-chemical-library/molecular_docking/PDBQT/7cam_B_523_chainB/docking_523_chainB_out.pdbqt	/home/anacleto/Desktop/manuscript_Mpro/naturecomm/supplementary_file_S2/6-chemical-library/molecular_docking/combined_complexes/7cam_523_combined/7cam_523_combined_pose_1.pdb
c1ccccc1C=CC(=O)OCCc2ccccc2	524	1	-5.132	-4.319	/home/anacleto/Desktop/manuscript_Mpro/naturecomm/supplementary_file_S2/6-chemical-library/molecular_docking/PDBQT/7cam_A_524_chainA/docking_524_chainA_out.pdbqt	/home/anacleto/Desktop/manuscript_Mpro/naturecomm/supplementary_file_S2/6-chemical-library/molecular_docking/PDBQT/7cam_B_524_chainB/docking_524_chainB_out.pdbqt	/home/anacleto/Desktop/manuscript_Mpro/naturecomm/supplementary_file_S2/6-chemical-library/molecular_docking/combined_complexes/7cam_524_combined/7cam_524_combined_pose_1.pdb
C1COCCN1C(=S)SSC(=S)N2CCOCC2	525	1	-4.641	-4.448	/home/anacleto/Desktop/manuscript_Mpro/naturecomm/supplementary_file_S2/6-chemical-library/molecular_docking/PDBQT/7cam_A_525_chainA/docking_525_chainA_out.pdbqt	/home/anacleto/Desktop/manuscript_Mpro/naturecomm/supplementary_file_S2/6-chemical-library/molecular_docking/PDBQT/7cam_B_525_chainB/docking_525_chainB_out.pdbqt	/home/anacleto/Desktop/manuscript_Mpro/naturecomm/supplementary_file_S2/6-chemical-library/molecular_docking/combined_complexes/7cam_525_combined/7cam_525_combined_pose_1.pdb
c1ncncc1CNC=CSSCC2CCCO2	526	1	-4.255	-4.645	/home/anacleto/Desktop/manuscript_Mpro/naturecomm/supplementary_file_S2/6-chemical-library/molecular_docking/PDBQT/7cam_A_526_chainA/docking_526_chainA_out.pdbqt	/home/anacleto/Desktop/manuscript_Mpro/naturecomm/supplementary_file_S2/6-chemical-library/molecular_docking/PDBQT/7cam_B_526_chainB/docking_526_chainB_out.pdbqt	/home/anacleto/Desktop/manuscript_Mpro/naturecomm/supplementary_file_S2/6-chemical-library/molecular_docking/combined_complexes/7cam_526_combined/7cam_526_combined_pose_1.pdb
c1ccccc1SC=CC=CSc2ccccc2	527	1	-4.354	-5.296	/home/anacleto/Desktop/manuscript_Mpro/naturecomm/supplementary_file_S2/6-chemical-library/molecular_docking/PDBQT/7cam_A_527_chainA/docking_527_chainA_out.pdbqt	/home/anacleto/Desktop/manuscript_Mpro/naturecomm/supplementary_file_S2/6-chemical-library/molecular_docking/PDBQT/7cam_B_527_chainB/docking_527_chainB_out.pdbqt	/home/anacleto/Desktop/manuscript_Mpro/naturecomm/supplementary_file_S2/6-chemical-library/molecular_docking/combined_complexes/7cam_527_combined/7cam_527_combined_pose_1.pdb
C1CNCCCN1C(=O)CCSc2ccccc2	528	1	-5.655	-5.172	/home/anacleto/Desktop/manuscript_Mpro/naturecomm/supplementary_file_S2/6-chemical-library/molecular_docking/PDBQT/7cam_A_528_chainA/docking_528_chainA_out.pdbqt	/home/anacleto/Desktop/manuscript_Mpro/naturecomm/supplementary_file_S2/6-chemical-library/molecular_docking/PDBQT/7cam_B_528_chainB/docking_528_chainB_out.pdbqt	/home/anacleto/Desktop/manuscript_Mpro/naturecomm/supplementary_file_S2/6-chemical-library/molecular_docking/combined_complexes/7cam_528_combined/7cam_528_combined_pose_1.pdb
s1cccc1C(=O)NCCCNc2ccncn2	529	1	-4.929	-4.845	/home/anacleto/Desktop/manuscript_Mpro/naturecomm/supplementary_file_S2/6-chemical-library/molecular_docking/PDBQT/7cam_A_529_chainA/docking_529_chainA_out.pdbqt	/home/anacleto/Desktop/manuscript_Mpro/naturecomm/supplementary_file_S2/6-chemical-library/molecular_docking/PDBQT/7cam_B_529_chainB/docking_529_chainB_out.pdbqt	/home/anacleto/Desktop/manuscript_Mpro/naturecomm/supplementary_file_S2/6-chemical-library/molecular_docking/combined_complexes/7cam_529_combined/7cam_529_combined_pose_1.pdb
C=C1C(=O)NC=C1	53	1	-3.666	-3.559	/home/anacleto/Desktop/manuscript_Mpro/naturecomm/supplementary_file_S2/6-chemical-library/molecular_docking/PDBQT/7cam_A_53_chainA/docking_53_chainA_out.pdbqt	/home/anacleto/Desktop/manuscript_Mpro/naturecomm/supplementary_file_S2/6-chemical-library/molecular_docking/PDBQT/7cam_B_53_chainB/docking_53_chainB_out.pdbqt	/home/anacleto/Desktop/manuscript_Mpro/naturecomm/supplementary_file_S2/6-chemical-library/molecular_docking/combined_complexes/7cam_53_combined/7cam_53_combined_pose_1.pdb
s1cncc1COC(=O)NCCc2ccccc2	530	1	-5.034	-5.054	/home/anacleto/Desktop/manuscript_Mpro/naturecomm/supplementary_file_S2/6-chemical-library/molecular_docking/PDBQT/7cam_A_530_chainA/docking_530_chainA_out.pdbqt	/home/anacleto/Desktop/manuscript_Mpro/naturecomm/supplementary_file_S2/6-chemical-library/molecular_docking/PDBQT/7cam_B_530_chainB/docking_530_chainB_out.pdbqt	/home/anacleto/Desktop/manuscript_Mpro/naturecomm/supplementary_file_S2/6-chemical-library/molecular_docking/combined_complexes/7cam_530_combined/7cam_530_combined_pose_1.pdb
s1ccnc1NCC(=O)NCCc2ccccc2	531	1	-5.341	-5.621	/home/anacleto/Desktop/manuscript_Mpro/naturecomm/supplementary_file_S2/6-chemical-library/molecular_docking/PDBQT/7cam_A_531_chainA/docking_531_chainA_out.pdbqt	/home/anacleto/Desktop/manuscript_Mpro/naturecomm/supplementary_file_S2/6-chemical-library/molecular_docking/PDBQT/7cam_B_531_chainB/docking_531_chainB_out.pdbqt	/home/anacleto/Desktop/manuscript_Mpro/naturecomm/supplementary_file_S2/6-chemical-library/molecular_docking/combined_complexes/7cam_531_combined/7cam_531_combined_pose_1.pdb
c1ccccc1CCNS(=O)(=O)c2ccccc2	532	1	-4.741	-4.523	/home/anacleto/Desktop/manuscript_Mpro/naturecomm/supplementary_file_S2/6-chemical-library/molecular_docking/PDBQT/7cam_A_532_chainA/docking_532_chainA_out.pdbqt	/home/anacleto/Desktop/manuscript_Mpro/naturecomm/supplementary_file_S2/6-chemical-library/molecular_docking/PDBQT/7cam_B_532_chainB/docking_532_chainB_out.pdbqt	/home/anacleto/Desktop/manuscript_Mpro/naturecomm/supplementary_file_S2/6-chemical-library/molecular_docking/combined_complexes/7cam_532_combined/7cam_532_combined_pose_1.pdb
n1ncccc1SCC(=O)NCc2ccccc2	533	1	-5.025	-4.713	/home/anacleto/Desktop/manuscript_Mpro/naturecomm/supplementary_file_S2/6-chemical-library/molecular_docking/PDBQT/7cam_A_533_chainA/docking_533_chainA_out.pdbqt	/home/anacleto/Desktop/manuscript_Mpro/naturecomm/supplementary_file_S2/6-chemical-library/molecular_docking/PDBQT/7cam_B_533_chainB/docking_533_chainB_out.pdbqt	/home/anacleto/Desktop/manuscript_Mpro/naturecomm/supplementary_file_S2/6-chemical-library/molecular_docking/combined_complexes/7cam_533_combined/7cam_533_combined_pose_1.pdb
c1ccccc1C(=O)NC(=S)Nc2ccccc2	534	1	-5.636	-5.53	/home/anacleto/Desktop/manuscript_Mpro/naturecomm/supplementary_file_S2/6-chemical-library/molecular_docking/PDBQT/7cam_A_534_chainA/docking_534_chainA_out.pdbqt	/home/anacleto/Desktop/manuscript_Mpro/naturecomm/supplementary_file_S2/6-chemical-library/molecular_docking/PDBQT/7cam_B_534_chainB/docking_534_chainB_out.pdbqt	/home/anacleto/Desktop/manuscript_Mpro/naturecomm/supplementary_file_S2/6-chemical-library/molecular_docking/combined_complexes/7cam_534_combined/7cam_534_combined_pose_1.pdb
N1C(=O)CN(CC1=O)CCN(CC2=O)CC(=O)N2	535	1	-5.349	-5.015	/home/anacleto/Desktop/manuscript_Mpro/naturecomm/supplementary_file_S2/6-chemical-library/molecular_docking/PDBQT/7cam_A_535_chainA/docking_535_chainA_out.pdbqt	/home/anacleto/Desktop/manuscript_Mpro/naturecomm/supplementary_file_S2/6-chemical-library/molecular_docking/PDBQT/7cam_B_535_chainB/docking_535_chainB_out.pdbqt	/home/anacleto/Desktop/manuscript_Mpro/naturecomm/supplementary_file_S2/6-chemical-library/molecular_docking/combined_complexes/7cam_535_combined/7cam_535_combined_pose_1.pdb
c1ccccc1CNC(=S)C=Cc2ccccc2	536	1	-5.547	-5.463	/home/anacleto/Desktop/manuscript_Mpro/naturecomm/supplementary_file_S2/6-chemical-library/molecular_docking/PDBQT/7cam_A_536_chainA/docking_536_chainA_out.pdbqt	/home/anacleto/Desktop/manuscript_Mpro/naturecomm/supplementary_file_S2/6-chemical-library/molecular_docking/PDBQT/7cam_B_536_chainB/docking_536_chainB_out.pdbqt	/home/anacleto/Desktop/manuscript_Mpro/naturecomm/supplementary_file_S2/6-chemical-library/molecular_docking/combined_complexes/7cam_536_combined/7cam_536_combined_pose_1.pdb
O1CCCC1CNC(=O)CNC(=O)c2cocn2	537	1	-5.057	-4.8	/home/anacleto/Desktop/manuscript_Mpro/naturecomm/supplementary_file_S2/6-chemical-library/molecular_docking/PDBQT/7cam_A_537_chainA/docking_537_chainA_out.pdbqt	/home/anacleto/Desktop/manuscript_Mpro/naturecomm/supplementary_file_S2/6-chemical-library/molecular_docking/PDBQT/7cam_B_537_chainB/docking_537_chainB_out.pdbqt	/home/anacleto/Desktop/manuscript_Mpro/naturecomm/supplementary_file_S2/6-chemical-library/molecular_docking/combined_complexes/7cam_537_combined/7cam_537_combined_pose_1.pdb
C1OCCC1CNC(=O)CNC(=O)c2cocn2	538	1	-4.895	-4.873	/home/anacleto/Desktop/manuscript_Mpro/naturecomm/supplementary_file_S2/6-chemical-library/molecular_docking/PDBQT/7cam_A_538_chainA/docking_538_chainA_out.pdbqt	/home/anacleto/Desktop/manuscript_Mpro/naturecomm/supplementary_file_S2/6-chemical-library/molecular_docking/PDBQT/7cam_B_538_chainB/docking_538_chainB_out.pdbqt	/home/anacleto/Desktop/manuscript_Mpro/naturecomm/supplementary_file_S2/6-chemical-library/molecular_docking/combined_complexes/7cam_538_combined/7cam_538_combined_pose_1.pdb
C1COCCC1NC(=O)CNC(=O)c2cocn2	539	1	-5.219	-5.183	/home/anacleto/Desktop/manuscript_Mpro/naturecomm/supplementary_file_S2/6-chemical-library/molecular_docking/PDBQT/7cam_A_539_chainA/docking_539_chainA_out.pdbqt	/home/anacleto/Desktop/manuscript_Mpro/naturecomm/supplementary_file_S2/6-chemical-library/molecular_docking/PDBQT/7cam_B_539_chainB/docking_539_chainB_out.pdbqt	/home/anacleto/Desktop/manuscript_Mpro/naturecomm/supplementary_file_S2/6-chemical-library/molecular_docking/combined_complexes/7cam_539_combined/7cam_539_combined_pose_1.pdb
N=c1cc[nH]cc1	54	1	-3.552	-3.549	/home/anacleto/Desktop/manuscript_Mpro/naturecomm/supplementary_file_S2/6-chemical-library/molecular_docking/PDBQT/7cam_A_54_chainA/docking_54_chainA_out.pdbqt	/home/anacleto/Desktop/manuscript_Mpro/naturecomm/supplementary_file_S2/6-chemical-library/molecular_docking/PDBQT/7cam_B_54_chainB/docking_54_chainB_out.pdbqt	/home/anacleto/Desktop/manuscript_Mpro/naturecomm/supplementary_file_S2/6-chemical-library/molecular_docking/combined_complexes/7cam_54_combined/7cam_54_combined_pose_1.pdb
n1nccn1CC(=O)NCC(=O)N2CCNCC2	540	1	-5.146	-4.913	/home/anacleto/Desktop/manuscript_Mpro/naturecomm/supplementary_file_S2/6-chemical-library/molecular_docking/PDBQT/7cam_A_540_chainA/docking_540_chainA_out.pdbqt	/home/anacleto/Desktop/manuscript_Mpro/naturecomm/supplementary_file_S2/6-chemical-library/molecular_docking/PDBQT/7cam_B_540_chainB/docking_540_chainB_out.pdbqt	/home/anacleto/Desktop/manuscript_Mpro/naturecomm/supplementary_file_S2/6-chemical-library/molecular_docking/combined_complexes/7cam_540_combined/7cam_540_combined_pose_1.pdb
C1CCCCC1NC(=O)CNC(=O)c2cnc[nH]2	541	1	-5.915	-5.315	/home/anacleto/Desktop/manuscript_Mpro/naturecomm/supplementary_file_S2/6-chemical-library/molecular_docking/PDBQT/7cam_A_541_chainA/docking_541_chainA_out.pdbqt	/home/anacleto/Desktop/manuscript_Mpro/naturecomm/supplementary_file_S2/6-chemical-library/molecular_docking/PDBQT/7cam_B_541_chainB/docking_541_chainB_out.pdbqt	/home/anacleto/Desktop/manuscript_Mpro/naturecomm/supplementary_file_S2/6-chemical-library/molecular_docking/combined_complexes/7cam_541_combined/7cam_541_combined_pose_1.pdb
C1CCCCC1NC(=O)CNC(=O)c2c[nH]cn2	542	1	-5.407	-5.5	/home/anacleto/Desktop/manuscript_Mpro/naturecomm/supplementary_file_S2/6-chemical-library/molecular_docking/PDBQT/7cam_A_542_chainA/docking_542_chainA_out.pdbqt	/home/anacleto/Desktop/manuscript_Mpro/naturecomm/supplementary_file_S2/6-chemical-library/molecular_docking/PDBQT/7cam_B_542_chainB/docking_542_chainB_out.pdbqt	/home/anacleto/Desktop/manuscript_Mpro/naturecomm/supplementary_file_S2/6-chemical-library/molecular_docking/combined_complexes/7cam_542_combined/7cam_542_combined_pose_1.pdb
C1CCCCC1NC(=O)CNC(=O)c2ccco2	543	1	-5.762	-5.295	/home/anacleto/Desktop/manuscript_Mpro/naturecomm/supplementary_file_S2/6-chemical-library/molecular_docking/PDBQT/7cam_A_543_chainA/docking_543_chainA_out.pdbqt	/home/anacleto/Desktop/manuscript_Mpro/naturecomm/supplementary_file_S2/6-chemical-library/molecular_docking/PDBQT/7cam_B_543_chainB/docking_543_chainB_out.pdbqt	/home/anacleto/Desktop/manuscript_Mpro/naturecomm/supplementary_file_S2/6-chemical-library/molecular_docking/combined_complexes/7cam_543_combined/7cam_543_combined_pose_1.pdb
o1cncc1CNC(=O)CNC(=O)c2cocn2	544	1	-5.145	-4.627	/home/anacleto/Desktop/manuscript_Mpro/naturecomm/supplementary_file_S2/6-chemical-library/molecular_docking/PDBQT/7cam_A_544_chainA/docking_544_chainA_out.pdbqt	/home/anacleto/Desktop/manuscript_Mpro/naturecomm/supplementary_file_S2/6-chemical-library/molecular_docking/PDBQT/7cam_B_544_chainB/docking_544_chainB_out.pdbqt	/home/anacleto/Desktop/manuscript_Mpro/naturecomm/supplementary_file_S2/6-chemical-library/molecular_docking/combined_complexes/7cam_544_combined/7cam_544_combined_pose_1.pdb
c1ncccc1CC(=O)NCCN2CCOCC2	545	1	-4.872	-5.105	/home/anacleto/Desktop/manuscript_Mpro/naturecomm/supplementary_file_S2/6-chemical-library/molecular_docking/PDBQT/7cam_A_545_chainA/docking_545_chainA_out.pdbqt	/home/anacleto/Desktop/manuscript_Mpro/naturecomm/supplementary_file_S2/6-chemical-library/molecular_docking/PDBQT/7cam_B_545_chainB/docking_545_chainB_out.pdbqt	/home/anacleto/Desktop/manuscript_Mpro/naturecomm/supplementary_file_S2/6-chemical-library/molecular_docking/combined_complexes/7cam_545_combined/7cam_545_combined_pose_1.pdb
c1ncccc1NC(=O)NCCC2CCCCC2	546	1	-5.492	-5.468	/home/anacleto/Desktop/manuscript_Mpro/naturecomm/supplementary_file_S2/6-chemical-library/molecular_docking/PDBQT/7cam_A_546_chainA/docking_546_chainA_out.pdbqt	/home/anacleto/Desktop/manuscript_Mpro/naturecomm/supplementary_file_S2/6-chemical-library/molecular_docking/PDBQT/7cam_B_546_chainB/docking_546_chainB_out.pdbqt	/home/anacleto/Desktop/manuscript_Mpro/naturecomm/supplementary_file_S2/6-chemical-library/molecular_docking/combined_complexes/7cam_546_combined/7cam_546_combined_pose_1.pdb
C1NCCC1NCC(=O)NCCc2ccccc2	547	1	-5.249	-5.772	/home/anacleto/Desktop/manuscript_Mpro/naturecomm/supplementary_file_S2/6-chemical-library/molecular_docking/PDBQT/7cam_A_547_chainA/docking_547_chainA_out.pdbqt	/home/anacleto/Desktop/manuscript_Mpro/naturecomm/supplementary_file_S2/6-chemical-library/molecular_docking/PDBQT/7cam_B_547_chainB/docking_547_chainB_out.pdbqt	/home/anacleto/Desktop/manuscript_Mpro/naturecomm/supplementary_file_S2/6-chemical-library/molecular_docking/combined_complexes/7cam_547_combined/7cam_547_combined_pose_1.pdb
n1[nH]c(=O)[nH]c(=O)c1C(=O)NCc2cccnc2	548	1	-5.665	-5.513	/home/anacleto/Desktop/manuscript_Mpro/naturecomm/supplementary_file_S2/6-chemical-library/molecular_docking/PDBQT/7cam_A_548_chainA/docking_548_chainA_out.pdbqt	/home/anacleto/Desktop/manuscript_Mpro/naturecomm/supplementary_file_S2/6-chemical-library/molecular_docking/PDBQT/7cam_B_548_chainB/docking_548_chainB_out.pdbqt	/home/anacleto/Desktop/manuscript_Mpro/naturecomm/supplementary_file_S2/6-chemical-library/molecular_docking/combined_complexes/7cam_548_combined/7cam_548_combined_pose_1.pdb
C1CCC1C(=O)NCC(=O)NCc2ccccc2	549	1	-5.401	-5.149	/home/anacleto/Desktop/manuscript_Mpro/naturecomm/supplementary_file_S2/6-chemical-library/molecular_docking/PDBQT/7cam_A_549_chainA/docking_549_chainA_out.pdbqt	/home/anacleto/Desktop/manuscript_Mpro/naturecomm/supplementary_file_S2/6-chemical-library/molecular_docking/PDBQT/7cam_B_549_chainB/docking_549_chainB_out.pdbqt	/home/anacleto/Desktop/manuscript_Mpro/naturecomm/supplementary_file_S2/6-chemical-library/molecular_docking/combined_complexes/7cam_549_combined/7cam_549_combined_pose_1.pdb
S=c1ccss1	55	1	-2.469	-2.452	/home/anacleto/Desktop/manuscript_Mpro/naturecomm/supplementary_file_S2/6-chemical-library/molecular_docking/PDBQT/7cam_A_55_chainA/docking_55_chainA_out.pdbqt	/home/anacleto/Desktop/manuscript_Mpro/naturecomm/supplementary_file_S2/6-chemical-library/molecular_docking/PDBQT/7cam_B_55_chainB/docking_55_chainB_out.pdbqt	/home/anacleto/Desktop/manuscript_Mpro/naturecomm/supplementary_file_S2/6-chemical-library/molecular_docking/combined_complexes/7cam_55_combined/7cam_55_combined_pose_1.pdb
[nH]1nnnc1CCNC(=O)CNc2ccccc2	550	1	-5.342	-5.377	/home/anacleto/Desktop/manuscript_Mpro/naturecomm/supplementary_file_S2/6-chemical-library/molecular_docking/PDBQT/7cam_A_550_chainA/docking_550_chainA_out.pdbqt	/home/anacleto/Desktop/manuscript_Mpro/naturecomm/supplementary_file_S2/6-chemical-library/molecular_docking/PDBQT/7cam_B_550_chainB/docking_550_chainB_out.pdbqt	/home/anacleto/Desktop/manuscript_Mpro/naturecomm/supplementary_file_S2/6-chemical-library/molecular_docking/combined_complexes/7cam_550_combined/7cam_550_combined_pose_1.pdb
c1ncccc1NC(=O)CNC(=O)c2cocn2	551	1	-5.398	-5.061	/home/anacleto/Desktop/manuscript_Mpro/naturecomm/supplementary_file_S2/6-chemical-library/molecular_docking/PDBQT/7cam_A_551_chainA/docking_551_chainA_out.pdbqt	/home/anacleto/Desktop/manuscript_Mpro/naturecomm/supplementary_file_S2/6-chemical-library/molecular_docking/PDBQT/7cam_B_551_chainB/docking_551_chainB_out.pdbqt	/home/anacleto/Desktop/manuscript_Mpro/naturecomm/supplementary_file_S2/6-chemical-library/molecular_docking/combined_complexes/7cam_551_combined/7cam_551_combined_pose_1.pdb
[nH]1c(=O)[nH]c(=O)cc1C(=O)NCc2cccnc2	552	1	-5.489	-5.537	/home/anacleto/Desktop/manuscript_Mpro/naturecomm/supplementary_file_S2/6-chemical-library/molecular_docking/PDBQT/7cam_A_552_chainA/docking_552_chainA_out.pdbqt	/home/anacleto/Desktop/manuscript_Mpro/naturecomm/supplementary_file_S2/6-chemical-library/molecular_docking/PDBQT/7cam_B_552_chainB/docking_552_chainB_out.pdbqt	/home/anacleto/Desktop/manuscript_Mpro/naturecomm/supplementary_file_S2/6-chemical-library/molecular_docking/combined_complexes/7cam_552_combined/7cam_552_combined_pose_1.pdb
o1ccnc1NCC(=O)NCCc2ccccc2	553	1	-5.446	-5.471	/home/anacleto/Desktop/manuscript_Mpro/naturecomm/supplementary_file_S2/6-chemical-library/molecular_docking/PDBQT/7cam_A_553_chainA/docking_553_chainA_out.pdbqt	/home/anacleto/Desktop/manuscript_Mpro/naturecomm/supplementary_file_S2/6-chemical-library/molecular_docking/PDBQT/7cam_B_553_chainB/docking_553_chainB_out.pdbqt	/home/anacleto/Desktop/manuscript_Mpro/naturecomm/supplementary_file_S2/6-chemical-library/molecular_docking/combined_complexes/7cam_553_combined/7cam_553_combined_pose_1.pdb
n1occc1NCC(=O)NCCc2ccccc2	554	1	-5.518	-5.56	/home/anacleto/Desktop/manuscript_Mpro/naturecomm/supplementary_file_S2/6-chemical-library/molecular_docking/PDBQT/7cam_A_554_chainA/docking_554_chainA_out.pdbqt	/home/anacleto/Desktop/manuscript_Mpro/naturecomm/supplementary_file_S2/6-chemical-library/molecular_docking/PDBQT/7cam_B_554_chainB/docking_554_chainB_out.pdbqt	/home/anacleto/Desktop/manuscript_Mpro/naturecomm/supplementary_file_S2/6-chemical-library/molecular_docking/combined_complexes/7cam_554_combined/7cam_554_combined_pose_1.pdb
n1c[nH]cc1NCC(=O)NCCc2ccccc2	555	1	-4.986	-5.456	/home/anacleto/Desktop/manuscript_Mpro/naturecomm/supplementary_file_S2/6-chemical-library/molecular_docking/PDBQT/7cam_A_555_chainA/docking_555_chainA_out.pdbqt	/home/anacleto/Desktop/manuscript_Mpro/naturecomm/supplementary_file_S2/6-chemical-library/molecular_docking/PDBQT/7cam_B_555_chainB/docking_555_chainB_out.pdbqt	/home/anacleto/Desktop/manuscript_Mpro/naturecomm/supplementary_file_S2/6-chemical-library/molecular_docking/combined_complexes/7cam_555_combined/7cam_555_combined_pose_1.pdb
c1[nH]ncc1NCC(=O)NCCc2ccccc2	556	1	-5.174	-5.353	/home/anacleto/Desktop/manuscript_Mpro/naturecomm/supplementary_file_S2/6-chemical-library/molecular_docking/PDBQT/7cam_A_556_chainA/docking_556_chainA_out.pdbqt	/home/anacleto/Desktop/manuscript_Mpro/naturecomm/supplementary_file_S2/6-chemical-library/molecular_docking/PDBQT/7cam_B_556_chainB/docking_556_chainB_out.pdbqt	/home/anacleto/Desktop/manuscript_Mpro/naturecomm/supplementary_file_S2/6-chemical-library/molecular_docking/combined_complexes/7cam_556_combined/7cam_556_combined_pose_1.pdb
[nH]1cncc1CCNC(=O)CNc2ccccc2	557	1	-5.291	-5.131	/home/anacleto/Desktop/manuscript_Mpro/naturecomm/supplementary_file_S2/6-chemical-library/molecular_docking/PDBQT/7cam_A_557_chainA/docking_557_chainA_out.pdbqt	/home/anacleto/Desktop/manuscript_Mpro/naturecomm/supplementary_file_S2/6-chemical-library/molecular_docking/PDBQT/7cam_B_557_chainB/docking_557_chainB_out.pdbqt	/home/anacleto/Desktop/manuscript_Mpro/naturecomm/supplementary_file_S2/6-chemical-library/molecular_docking/combined_complexes/7cam_557_combined/7cam_557_combined_pose_1.pdb
c1ccccc1NC(=O)CNC(=O)c2ccco2	558	1	-5.649	-5.385	/home/anacleto/Desktop/manuscript_Mpro/naturecomm/supplementary_file_S2/6-chemical-library/molecular_docking/PDBQT/7cam_A_558_chainA/docking_558_chainA_out.pdbqt	/home/anacleto/Desktop/manuscript_Mpro/naturecomm/supplementary_file_S2/6-chemical-library/molecular_docking/PDBQT/7cam_B_558_chainB/docking_558_chainB_out.pdbqt	/home/anacleto/Desktop/manuscript_Mpro/naturecomm/supplementary_file_S2/6-chemical-library/molecular_docking/combined_complexes/7cam_558_combined/7cam_558_combined_pose_1.pdb
n1ccncc1CNC(=O)NCc2ccccn2	559	1	-5.377	-5.359	/home/anacleto/Desktop/manuscript_Mpro/naturecomm/supplementary_file_S2/6-chemical-library/molecular_docking/PDBQT/7cam_A_559_chainA/docking_559_chainA_out.pdbqt	/home/anacleto/Desktop/manuscript_Mpro/naturecomm/supplementary_file_S2/6-chemical-library/molecular_docking/PDBQT/7cam_B_559_chainB/docking_559_chainB_out.pdbqt	/home/anacleto/Desktop/manuscript_Mpro/naturecomm/supplementary_file_S2/6-chemical-library/molecular_docking/combined_complexes/7cam_559_combined/7cam_559_combined_pose_1.pdb
C1CCS1(=O)=O	56	1	-2.96	-2.614	/home/anacleto/Desktop/manuscript_Mpro/naturecomm/supplementary_file_S2/6-chemical-library/molecular_docking/PDBQT/7cam_A_56_chainA/docking_56_chainA_out.pdbqt	/home/anacleto/Desktop/manuscript_Mpro/naturecomm/supplementary_file_S2/6-chemical-library/molecular_docking/PDBQT/7cam_B_56_chainB/docking_56_chainB_out.pdbqt	/home/anacleto/Desktop/manuscript_Mpro/naturecomm/supplementary_file_S2/6-chemical-library/molecular_docking/combined_complexes/7cam_56_combined/7cam_56_combined_pose_1.pdb
n1ccncc1CNC(=O)NCc2ccccc2	560	1	-5.44	-5.748	/home/anacleto/Desktop/manuscript_Mpro/naturecomm/supplementary_file_S2/6-chemical-library/molecular_docking/PDBQT/7cam_A_560_chainA/docking_560_chainA_out.pdbqt	/home/anacleto/Desktop/manuscript_Mpro/naturecomm/supplementary_file_S2/6-chemical-library/molecular_docking/PDBQT/7cam_B_560_chainB/docking_560_chainB_out.pdbqt	/home/anacleto/Desktop/manuscript_Mpro/naturecomm/supplementary_file_S2/6-chemical-library/molecular_docking/combined_complexes/7cam_560_combined/7cam_560_combined_pose_1.pdb
n1ccncc1CC(=O)NCCc2ccccc2	561	1	-5.364	-5.302	/home/anacleto/Desktop/manuscript_Mpro/naturecomm/supplementary_file_S2/6-chemical-library/molecular_docking/PDBQT/7cam_A_561_chainA/docking_561_chainA_out.pdbqt	/home/anacleto/Desktop/manuscript_Mpro/naturecomm/supplementary_file_S2/6-chemical-library/molecular_docking/PDBQT/7cam_B_561_chainB/docking_561_chainB_out.pdbqt	/home/anacleto/Desktop/manuscript_Mpro/naturecomm/supplementary_file_S2/6-chemical-library/molecular_docking/combined_complexes/7cam_561_combined/7cam_561_combined_pose_1.pdb
c1nnccc1CC(=O)NCCc2ccccc2	562	1	-5.344	-5.025	/home/anacleto/Desktop/manuscript_Mpro/naturecomm/supplementary_file_S2/6-chemical-library/molecular_docking/PDBQT/7cam_A_562_chainA/docking_562_chainA_out.pdbqt	/home/anacleto/Desktop/manuscript_Mpro/naturecomm/supplementary_file_S2/6-chemical-library/molecular_docking/PDBQT/7cam_B_562_chainB/docking_562_chainB_out.pdbqt	/home/anacleto/Desktop/manuscript_Mpro/naturecomm/supplementary_file_S2/6-chemical-library/molecular_docking/combined_complexes/7cam_562_combined/7cam_562_combined_pose_1.pdb
c1ncncc1CC(=O)NCCc2ccccc2	563	1	-5.278	-5.376	/home/anacleto/Desktop/manuscript_Mpro/naturecomm/supplementary_file_S2/6-chemical-library/molecular_docking/PDBQT/7cam_A_563_chainA/docking_563_chainA_out.pdbqt	/home/anacleto/Desktop/manuscript_Mpro/naturecomm/supplementary_file_S2/6-chemical-library/molecular_docking/PDBQT/7cam_B_563_chainB/docking_563_chainB_out.pdbqt	/home/anacleto/Desktop/manuscript_Mpro/naturecomm/supplementary_file_S2/6-chemical-library/molecular_docking/combined_complexes/7cam_563_combined/7cam_563_combined_pose_1.pdb
c1ncccc1CNC(=O)CNc2ccccc2	564	1	-5.559	-5.736	/home/anacleto/Desktop/manuscript_Mpro/naturecomm/supplementary_file_S2/6-chemical-library/molecular_docking/PDBQT/7cam_A_564_chainA/docking_564_chainA_out.pdbqt	/home/anacleto/Desktop/manuscript_Mpro/naturecomm/supplementary_file_S2/6-chemical-library/molecular_docking/PDBQT/7cam_B_564_chainB/docking_564_chainB_out.pdbqt	/home/anacleto/Desktop/manuscript_Mpro/naturecomm/supplementary_file_S2/6-chemical-library/molecular_docking/combined_complexes/7cam_564_combined/7cam_564_combined_pose_1.pdb
c1cnccc1CNC(=O)CNc2ccccc2	565	1	-5.525	-5.841	/home/anacleto/Desktop/manuscript_Mpro/naturecomm/supplementary_file_S2/6-chemical-library/molecular_docking/PDBQT/7cam_A_565_chainA/docking_565_chainA_out.pdbqt	/home/anacleto/Desktop/manuscript_Mpro/naturecomm/supplementary_file_S2/6-chemical-library/molecular_docking/PDBQT/7cam_B_565_chainB/docking_565_chainB_out.pdbqt	/home/anacleto/Desktop/manuscript_Mpro/naturecomm/supplementary_file_S2/6-chemical-library/molecular_docking/combined_complexes/7cam_565_combined/7cam_565_combined_pose_1.pdb
c1ccccc1OCC(=O)NCc2ccccc2	566	1	-4.799	-5.723	/home/anacleto/Desktop/manuscript_Mpro/naturecomm/supplementary_file_S2/6-chemical-library/molecular_docking/PDBQT/7cam_A_566_chainA/docking_566_chainA_out.pdbqt	/home/anacleto/Desktop/manuscript_Mpro/naturecomm/supplementary_file_S2/6-chemical-library/molecular_docking/PDBQT/7cam_B_566_chainB/docking_566_chainB_out.pdbqt	/home/anacleto/Desktop/manuscript_Mpro/naturecomm/supplementary_file_S2/6-chemical-library/molecular_docking/combined_complexes/7cam_566_combined/7cam_566_combined_pose_1.pdb
c1ncccc1CC(=O)NCCc2ccccc2	567	1	-4.852	-4.843	/home/anacleto/Desktop/manuscript_Mpro/naturecomm/supplementary_file_S2/6-chemical-library/molecular_docking/PDBQT/7cam_A_567_chainA/docking_567_chainA_out.pdbqt	/home/anacleto/Desktop/manuscript_Mpro/naturecomm/supplementary_file_S2/6-chemical-library/molecular_docking/PDBQT/7cam_B_567_chainB/docking_567_chainB_out.pdbqt	/home/anacleto/Desktop/manuscript_Mpro/naturecomm/supplementary_file_S2/6-chemical-library/molecular_docking/combined_complexes/7cam_567_combined/7cam_567_combined_pose_1.pdb
c1ccccc1NCC(=O)NCc2ccccc2	568	1	-5.454	-4.798	/home/anacleto/Desktop/manuscript_Mpro/naturecomm/supplementary_file_S2/6-chemical-library/molecular_docking/PDBQT/7cam_A_568_chainA/docking_568_chainA_out.pdbqt	/home/anacleto/Desktop/manuscript_Mpro/naturecomm/supplementary_file_S2/6-chemical-library/molecular_docking/PDBQT/7cam_B_568_chainB/docking_568_chainB_out.pdbqt	/home/anacleto/Desktop/manuscript_Mpro/naturecomm/supplementary_file_S2/6-chemical-library/molecular_docking/combined_complexes/7cam_568_combined/7cam_568_combined_pose_1.pdb
c1ccccc1CC(=O)NCCc2ccccc2	569	1	-5.019	-5.693	/home/anacleto/Desktop/manuscript_Mpro/naturecomm/supplementary_file_S2/6-chemical-library/molecular_docking/PDBQT/7cam_A_569_chainA/docking_569_chainA_out.pdbqt	/home/anacleto/Desktop/manuscript_Mpro/naturecomm/supplementary_file_S2/6-chemical-library/molecular_docking/PDBQT/7cam_B_569_chainB/docking_569_chainB_out.pdbqt	/home/anacleto/Desktop/manuscript_Mpro/naturecomm/supplementary_file_S2/6-chemical-library/molecular_docking/combined_complexes/7cam_569_combined/7cam_569_combined_pose_1.pdb
C1CCSCC1	57	1	-2.854	-2.811	/home/anacleto/Desktop/manuscript_Mpro/naturecomm/supplementary_file_S2/6-chemical-library/molecular_docking/PDBQT/7cam_A_57_chainA/docking_57_chainA_out.pdbqt	/home/anacleto/Desktop/manuscript_Mpro/naturecomm/supplementary_file_S2/6-chemical-library/molecular_docking/PDBQT/7cam_B_57_chainB/docking_57_chainB_out.pdbqt	/home/anacleto/Desktop/manuscript_Mpro/naturecomm/supplementary_file_S2/6-chemical-library/molecular_docking/combined_complexes/7cam_57_combined/7cam_57_combined_pose_1.pdb
c1ccccc1C(=O)NCCCc2ccccc2	570	1	-5.81	-5.387	/home/anacleto/Desktop/manuscript_Mpro/naturecomm/supplementary_file_S2/6-chemical-library/molecular_docking/PDBQT/7cam_A_570_chainA/docking_570_chainA_out.pdbqt	/home/anacleto/Desktop/manuscript_Mpro/naturecomm/supplementary_file_S2/6-chemical-library/molecular_docking/PDBQT/7cam_B_570_chainB/docking_570_chainB_out.pdbqt	/home/anacleto/Desktop/manuscript_Mpro/naturecomm/supplementary_file_S2/6-chemical-library/molecular_docking/combined_complexes/7cam_570_combined/7cam_570_combined_pose_1.pdb
c1ccccc1CCCCCCc2ccccc2	571	1	-4.368	-4.339	/home/anacleto/Desktop/manuscript_Mpro/naturecomm/supplementary_file_S2/6-chemical-library/molecular_docking/PDBQT/7cam_A_571_chainA/docking_571_chainA_out.pdbqt	/home/anacleto/Desktop/manuscript_Mpro/naturecomm/supplementary_file_S2/6-chemical-library/molecular_docking/PDBQT/7cam_B_571_chainB/docking_571_chainB_out.pdbqt	/home/anacleto/Desktop/manuscript_Mpro/naturecomm/supplementary_file_S2/6-chemical-library/molecular_docking/combined_complexes/7cam_571_combined/7cam_571_combined_pose_1.pdb
n1ccccc1C=CC(=O)NCc2ccccc2	572	1	-5.484	-5.603	/home/anacleto/Desktop/manuscript_Mpro/naturecomm/supplementary_file_S2/6-chemical-library/molecular_docking/PDBQT/7cam_A_572_chainA/docking_572_chainA_out.pdbqt	/home/anacleto/Desktop/manuscript_Mpro/naturecomm/supplementary_file_S2/6-chemical-library/molecular_docking/PDBQT/7cam_B_572_chainB/docking_572_chainB_out.pdbqt	/home/anacleto/Desktop/manuscript_Mpro/naturecomm/supplementary_file_S2/6-chemical-library/molecular_docking/combined_complexes/7cam_572_combined/7cam_572_combined_pose_1.pdb
N1CCNCC1C(=O)NS(=O)(=O)c2cccs2	573	1	-5.299	-4.985	/home/anacleto/Desktop/manuscript_Mpro/naturecomm/supplementary_file_S2/6-chemical-library/molecular_docking/PDBQT/7cam_A_573_chainA/docking_573_chainA_out.pdbqt	/home/anacleto/Desktop/manuscript_Mpro/naturecomm/supplementary_file_S2/6-chemical-library/molecular_docking/PDBQT/7cam_B_573_chainB/docking_573_chainB_out.pdbqt	/home/anacleto/Desktop/manuscript_Mpro/naturecomm/supplementary_file_S2/6-chemical-library/molecular_docking/combined_complexes/7cam_573_combined/7cam_573_combined_pose_1.pdb
n1cncn1CC(=O)NS(=O)(=O)c2cn[nH]c2	574	1	-5.222	-4.969	/home/anacleto/Desktop/manuscript_Mpro/naturecomm/supplementary_file_S2/6-chemical-library/molecular_docking/PDBQT/7cam_A_574_chainA/docking_574_chainA_out.pdbqt	/home/anacleto/Desktop/manuscript_Mpro/naturecomm/supplementary_file_S2/6-chemical-library/molecular_docking/PDBQT/7cam_B_574_chainB/docking_574_chainB_out.pdbqt	/home/anacleto/Desktop/manuscript_Mpro/naturecomm/supplementary_file_S2/6-chemical-library/molecular_docking/combined_complexes/7cam_574_combined/7cam_574_combined_pose_1.pdb
c1ccccc1CS(=O)(=O)N2CCCNCC2	575	1	-5.076	-4.994	/home/anacleto/Desktop/manuscript_Mpro/naturecomm/supplementary_file_S2/6-chemical-library/molecular_docking/PDBQT/7cam_A_575_chainA/docking_575_chainA_out.pdbqt	/home/anacleto/Desktop/manuscript_Mpro/naturecomm/supplementary_file_S2/6-chemical-library/molecular_docking/PDBQT/7cam_B_575_chainB/docking_575_chainB_out.pdbqt	/home/anacleto/Desktop/manuscript_Mpro/naturecomm/supplementary_file_S2/6-chemical-library/molecular_docking/combined_complexes/7cam_575_combined/7cam_575_combined_pose_1.pdb
c1ccccc1S(=O)(=O)N(CC2)CCCC2=O	576	1	-5.055	-5.068	/home/anacleto/Desktop/manuscript_Mpro/naturecomm/supplementary_file_S2/6-chemical-library/molecular_docking/PDBQT/7cam_A_576_chainA/docking_576_chainA_out.pdbqt	/home/anacleto/Desktop/manuscript_Mpro/naturecomm/supplementary_file_S2/6-chemical-library/molecular_docking/PDBQT/7cam_B_576_chainB/docking_576_chainB_out.pdbqt	/home/anacleto/Desktop/manuscript_Mpro/naturecomm/supplementary_file_S2/6-chemical-library/molecular_docking/combined_complexes/7cam_576_combined/7cam_576_combined_pose_1.pdb
N1NC(=O)C(C1=O)CCS(=O)c2ccccc2	577	1	-5.286	-5.579	/home/anacleto/Desktop/manuscript_Mpro/naturecomm/supplementary_file_S2/6-chemical-library/molecular_docking/PDBQT/7cam_A_577_chainA/docking_577_chainA_out.pdbqt	/home/anacleto/Desktop/manuscript_Mpro/naturecomm/supplementary_file_S2/6-chemical-library/molecular_docking/PDBQT/7cam_B_577_chainB/docking_577_chainB_out.pdbqt	/home/anacleto/Desktop/manuscript_Mpro/naturecomm/supplementary_file_S2/6-chemical-library/molecular_docking/combined_complexes/7cam_577_combined/7cam_577_combined_pose_1.pdb
N1C(=O)SC(C1=O)CC(=O)Nc2ccccc2	578	1	-5.503	-5.278	/home/anacleto/Desktop/manuscript_Mpro/naturecomm/supplementary_file_S2/6-chemical-library/molecular_docking/PDBQT/7cam_A_578_chainA/docking_578_chainA_out.pdbqt	/home/anacleto/Desktop/manuscript_Mpro/naturecomm/supplementary_file_S2/6-chemical-library/molecular_docking/PDBQT/7cam_B_578_chainB/docking_578_chainB_out.pdbqt	/home/anacleto/Desktop/manuscript_Mpro/naturecomm/supplementary_file_S2/6-chemical-library/molecular_docking/combined_complexes/7cam_578_combined/7cam_578_combined_pose_1.pdb
c1ccccc1CS(=O)(=O)Nc2cccnc2	579	1	-5.073	-4.913	/home/anacleto/Desktop/manuscript_Mpro/naturecomm/supplementary_file_S2/6-chemical-library/molecular_docking/PDBQT/7cam_A_579_chainA/docking_579_chainA_out.pdbqt	/home/anacleto/Desktop/manuscript_Mpro/naturecomm/supplementary_file_S2/6-chemical-library/molecular_docking/PDBQT/7cam_B_579_chainB/docking_579_chainB_out.pdbqt	/home/anacleto/Desktop/manuscript_Mpro/naturecomm/supplementary_file_S2/6-chemical-library/molecular_docking/combined_complexes/7cam_579_combined/7cam_579_combined_pose_1.pdb
S=c1nn[nH][nH]1	58	1	-3.443	-3.663	/home/anacleto/Desktop/manuscript_Mpro/naturecomm/supplementary_file_S2/6-chemical-library/molecular_docking/PDBQT/7cam_A_58_chainA/docking_58_chainA_out.pdbqt	/home/anacleto/Desktop/manuscript_Mpro/naturecomm/supplementary_file_S2/6-chemical-library/molecular_docking/PDBQT/7cam_B_58_chainB/docking_58_chainB_out.pdbqt	/home/anacleto/Desktop/manuscript_Mpro/naturecomm/supplementary_file_S2/6-chemical-library/molecular_docking/combined_complexes/7cam_58_combined/7cam_58_combined_pose_1.pdb
C=C(C1)C(=O)C(CS1(=O)=O)=Cc2ccccc2	580	1	-5.54	-5.231	/home/anacleto/Desktop/manuscript_Mpro/naturecomm/supplementary_file_S2/6-chemical-library/molecular_docking/PDBQT/7cam_A_580_chainA/docking_580_chainA_out.pdbqt	/home/anacleto/Desktop/manuscript_Mpro/naturecomm/supplementary_file_S2/6-chemical-library/molecular_docking/PDBQT/7cam_B_580_chainB/docking_580_chainB_out.pdbqt	/home/anacleto/Desktop/manuscript_Mpro/naturecomm/supplementary_file_S2/6-chemical-library/molecular_docking/combined_complexes/7cam_580_combined/7cam_580_combined_pose_1.pdb
c1ccccc1CNS(=O)(=O)c2ccccc2	581	1	-5.694	-5.265	/home/anacleto/Desktop/manuscript_Mpro/naturecomm/supplementary_file_S2/6-chemical-library/molecular_docking/PDBQT/7cam_A_581_chainA/docking_581_chainA_out.pdbqt	/home/anacleto/Desktop/manuscript_Mpro/naturecomm/supplementary_file_S2/6-chemical-library/molecular_docking/PDBQT/7cam_B_581_chainB/docking_581_chainB_out.pdbqt	/home/anacleto/Desktop/manuscript_Mpro/naturecomm/supplementary_file_S2/6-chemical-library/molecular_docking/combined_complexes/7cam_581_combined/7cam_581_combined_pose_1.pdb
s1cncc1CC(=O)NCCc2ccccc2	582	1	-4.97	-5.057	/home/anacleto/Desktop/manuscript_Mpro/naturecomm/supplementary_file_S2/6-chemical-library/molecular_docking/PDBQT/7cam_A_582_chainA/docking_582_chainA_out.pdbqt	/home/anacleto/Desktop/manuscript_Mpro/naturecomm/supplementary_file_S2/6-chemical-library/molecular_docking/PDBQT/7cam_B_582_chainB/docking_582_chainB_out.pdbqt	/home/anacleto/Desktop/manuscript_Mpro/naturecomm/supplementary_file_S2/6-chemical-library/molecular_docking/combined_complexes/7cam_582_combined/7cam_582_combined_pose_1.pdb
O=C1CNC(=O)N1CCCCN2CCNCC2	583	1	-5.058	-5.108	/home/anacleto/Desktop/manuscript_Mpro/naturecomm/supplementary_file_S2/6-chemical-library/molecular_docking/PDBQT/7cam_A_583_chainA/docking_583_chainA_out.pdbqt	/home/anacleto/Desktop/manuscript_Mpro/naturecomm/supplementary_file_S2/6-chemical-library/molecular_docking/PDBQT/7cam_B_583_chainB/docking_583_chainB_out.pdbqt	/home/anacleto/Desktop/manuscript_Mpro/naturecomm/supplementary_file_S2/6-chemical-library/molecular_docking/combined_complexes/7cam_583_combined/7cam_583_combined_pose_1.pdb
C1OCCC1NC(=O)CNC(=O)c2cocn2	584	1	-4.985	-4.848	/home/anacleto/Desktop/manuscript_Mpro/naturecomm/supplementary_file_S2/6-chemical-library/molecular_docking/PDBQT/7cam_A_584_chainA/docking_584_chainA_out.pdbqt	/home/anacleto/Desktop/manuscript_Mpro/naturecomm/supplementary_file_S2/6-chemical-library/molecular_docking/PDBQT/7cam_B_584_chainB/docking_584_chainB_out.pdbqt	/home/anacleto/Desktop/manuscript_Mpro/naturecomm/supplementary_file_S2/6-chemical-library/molecular_docking/combined_complexes/7cam_584_combined/7cam_584_combined_pose_1.pdb
[nH]1ncn(c1=O)CC(=O)NC2CCCCCC2	585	1	-5.454	-5.368	/home/anacleto/Desktop/manuscript_Mpro/naturecomm/supplementary_file_S2/6-chemical-library/molecular_docking/PDBQT/7cam_A_585_chainA/docking_585_chainA_out.pdbqt	/home/anacleto/Desktop/manuscript_Mpro/naturecomm/supplementary_file_S2/6-chemical-library/molecular_docking/PDBQT/7cam_B_585_chainB/docking_585_chainB_out.pdbqt	/home/anacleto/Desktop/manuscript_Mpro/naturecomm/supplementary_file_S2/6-chemical-library/molecular_docking/combined_complexes/7cam_585_combined/7cam_585_combined_pose_1.pdb
O=c1ccn(c(=O)[nH]1)CC(=O)N2CCNCC2	586	1	-5.278	-5.065	/home/anacleto/Desktop/manuscript_Mpro/naturecomm/supplementary_file_S2/6-chemical-library/molecular_docking/PDBQT/7cam_A_586_chainA/docking_586_chainA_out.pdbqt	/home/anacleto/Desktop/manuscript_Mpro/naturecomm/supplementary_file_S2/6-chemical-library/molecular_docking/PDBQT/7cam_B_586_chainB/docking_586_chainB_out.pdbqt	/home/anacleto/Desktop/manuscript_Mpro/naturecomm/supplementary_file_S2/6-chemical-library/molecular_docking/combined_complexes/7cam_586_combined/7cam_586_combined_pose_1.pdb
C1NCCC1NC(=O)CNC(=O)c2cocn2	587	1	-5.141	-4.974	/home/anacleto/Desktop/manuscript_Mpro/naturecomm/supplementary_file_S2/6-chemical-library/molecular_docking/PDBQT/7cam_A_587_chainA/docking_587_chainA_out.pdbqt	/home/anacleto/Desktop/manuscript_Mpro/naturecomm/supplementary_file_S2/6-chemical-library/molecular_docking/PDBQT/7cam_B_587_chainB/docking_587_chainB_out.pdbqt	/home/anacleto/Desktop/manuscript_Mpro/naturecomm/supplementary_file_S2/6-chemical-library/molecular_docking/combined_complexes/7cam_587_combined/7cam_587_combined_pose_1.pdb
C1COCCN1C(=O)CNC(=O)c2ccco2	588	1	-5.231	-5.032	/home/anacleto/Desktop/manuscript_Mpro/naturecomm/supplementary_file_S2/6-chemical-library/molecular_docking/PDBQT/7cam_A_588_chainA/docking_588_chainA_out.pdbqt	/home/anacleto/Desktop/manuscript_Mpro/naturecomm/supplementary_file_S2/6-chemical-library/molecular_docking/PDBQT/7cam_B_588_chainB/docking_588_chainB_out.pdbqt	/home/anacleto/Desktop/manuscript_Mpro/naturecomm/supplementary_file_S2/6-chemical-library/molecular_docking/combined_complexes/7cam_588_combined/7cam_588_combined_pose_1.pdb
C1OCCC1NC(=O)NCc2c(=O)[nH]ccc2	589	1	-5.934	-5.613	/home/anacleto/Desktop/manuscript_Mpro/naturecomm/supplementary_file_S2/6-chemical-library/molecular_docking/PDBQT/7cam_A_589_chainA/docking_589_chainA_out.pdbqt	/home/anacleto/Desktop/manuscript_Mpro/naturecomm/supplementary_file_S2/6-chemical-library/molecular_docking/PDBQT/7cam_B_589_chainB/docking_589_chainB_out.pdbqt	/home/anacleto/Desktop/manuscript_Mpro/naturecomm/supplementary_file_S2/6-chemical-library/molecular_docking/combined_complexes/7cam_589_combined/7cam_589_combined_pose_1.pdb
S=c1[nH]nco1	59	1	-2.95	-2.724	/home/anacleto/Desktop/manuscript_Mpro/naturecomm/supplementary_file_S2/6-chemical-library/molecular_docking/PDBQT/7cam_A_59_chainA/docking_59_chainA_out.pdbqt	/home/anacleto/Desktop/manuscript_Mpro/naturecomm/supplementary_file_S2/6-chemical-library/molecular_docking/PDBQT/7cam_B_59_chainB/docking_59_chainB_out.pdbqt	/home/anacleto/Desktop/manuscript_Mpro/naturecomm/supplementary_file_S2/6-chemical-library/molecular_docking/combined_complexes/7cam_59_combined/7cam_59_combined_pose_1.pdb
C1CCCCN1C(=O)CNC(=O)c2cocn2	590	1	-5.448	-4.77	/home/anacleto/Desktop/manuscript_Mpro/naturecomm/supplementary_file_S2/6-chemical-library/molecular_docking/PDBQT/7cam_A_590_chainA/docking_590_chainA_out.pdbqt	/home/anacleto/Desktop/manuscript_Mpro/naturecomm/supplementary_file_S2/6-chemical-library/molecular_docking/PDBQT/7cam_B_590_chainB/docking_590_chainB_out.pdbqt	/home/anacleto/Desktop/manuscript_Mpro/naturecomm/supplementary_file_S2/6-chemical-library/molecular_docking/combined_complexes/7cam_590_combined/7cam_590_combined_pose_1.pdb
C1CCCC1NC(=O)CNC(=O)c2cocn2	591	1	-5.117	-5.26	/home/anacleto/Desktop/manuscript_Mpro/naturecomm/supplementary_file_S2/6-chemical-library/molecular_docking/PDBQT/7cam_A_591_chainA/docking_591_chainA_out.pdbqt	/home/anacleto/Desktop/manuscript_Mpro/naturecomm/supplementary_file_S2/6-chemical-library/molecular_docking/PDBQT/7cam_B_591_chainB/docking_591_chainB_out.pdbqt	/home/anacleto/Desktop/manuscript_Mpro/naturecomm/supplementary_file_S2/6-chemical-library/molecular_docking/combined_complexes/7cam_591_combined/7cam_591_combined_pose_1.pdb
C1CCCC1NC(=O)CNC(=O)c2c[nH]cn2	592	1	-5.214	-5.377	/home/anacleto/Desktop/manuscript_Mpro/naturecomm/supplementary_file_S2/6-chemical-library/molecular_docking/PDBQT/7cam_A_592_chainA/docking_592_chainA_out.pdbqt	/home/anacleto/Desktop/manuscript_Mpro/naturecomm/supplementary_file_S2/6-chemical-library/molecular_docking/PDBQT/7cam_B_592_chainB/docking_592_chainB_out.pdbqt	/home/anacleto/Desktop/manuscript_Mpro/naturecomm/supplementary_file_S2/6-chemical-library/molecular_docking/combined_complexes/7cam_592_combined/7cam_592_combined_pose_1.pdb
C1CCCC1NC(=O)CNC(=O)c2ccco2	593	1	-5.319	-5.127	/home/anacleto/Desktop/manuscript_Mpro/naturecomm/supplementary_file_S2/6-chemical-library/molecular_docking/PDBQT/7cam_A_593_chainA/docking_593_chainA_out.pdbqt	/home/anacleto/Desktop/manuscript_Mpro/naturecomm/supplementary_file_S2/6-chemical-library/molecular_docking/PDBQT/7cam_B_593_chainB/docking_593_chainB_out.pdbqt	/home/anacleto/Desktop/manuscript_Mpro/naturecomm/supplementary_file_S2/6-chemical-library/molecular_docking/combined_complexes/7cam_593_combined/7cam_593_combined_pose_1.pdb
n1cocc1C(=O)NCc2c(=O)[nH]c(=O)[nH]c2	594	1	-5.716	-5.135	/home/anacleto/Desktop/manuscript_Mpro/naturecomm/supplementary_file_S2/6-chemical-library/molecular_docking/PDBQT/7cam_A_594_chainA/docking_594_chainA_out.pdbqt	/home/anacleto/Desktop/manuscript_Mpro/naturecomm/supplementary_file_S2/6-chemical-library/molecular_docking/PDBQT/7cam_B_594_chainB/docking_594_chainB_out.pdbqt	/home/anacleto/Desktop/manuscript_Mpro/naturecomm/supplementary_file_S2/6-chemical-library/molecular_docking/combined_complexes/7cam_594_combined/7cam_594_combined_pose_1.pdb
c1ncccc1NC(=O)NCC2CCCOC2	595	1	-5.573	-5.292	/home/anacleto/Desktop/manuscript_Mpro/naturecomm/supplementary_file_S2/6-chemical-library/molecular_docking/PDBQT/7cam_A_595_chainA/docking_595_chainA_out.pdbqt	/home/anacleto/Desktop/manuscript_Mpro/naturecomm/supplementary_file_S2/6-chemical-library/molecular_docking/PDBQT/7cam_B_595_chainB/docking_595_chainB_out.pdbqt	/home/anacleto/Desktop/manuscript_Mpro/naturecomm/supplementary_file_S2/6-chemical-library/molecular_docking/combined_complexes/7cam_595_combined/7cam_595_combined_pose_1.pdb
O1CCCC1CNC(=O)CNc2ccccc2	596	1	-5.236	-5.147	/home/anacleto/Desktop/manuscript_Mpro/naturecomm/supplementary_file_S2/6-chemical-library/molecular_docking/PDBQT/7cam_A_596_chainA/docking_596_chainA_out.pdbqt	/home/anacleto/Desktop/manuscript_Mpro/naturecomm/supplementary_file_S2/6-chemical-library/molecular_docking/PDBQT/7cam_B_596_chainB/docking_596_chainB_out.pdbqt	/home/anacleto/Desktop/manuscript_Mpro/naturecomm/supplementary_file_S2/6-chemical-library/molecular_docking/combined_complexes/7cam_596_combined/7cam_596_combined_pose_1.pdb
C1OCCC1CNC(=O)CNc2ccccc2	597	1	-5.237	-5.58	/home/anacleto/Desktop/manuscript_Mpro/naturecomm/supplementary_file_S2/6-chemical-library/molecular_docking/PDBQT/7cam_A_597_chainA/docking_597_chainA_out.pdbqt	/home/anacleto/Desktop/manuscript_Mpro/naturecomm/supplementary_file_S2/6-chemical-library/molecular_docking/PDBQT/7cam_B_597_chainB/docking_597_chainB_out.pdbqt	/home/anacleto/Desktop/manuscript_Mpro/naturecomm/supplementary_file_S2/6-chemical-library/molecular_docking/combined_complexes/7cam_597_combined/7cam_597_combined_pose_1.pdb
C1COCCC1NC(=O)CNc2ccccc2	598	1	-5.218	-5.589	/home/anacleto/Desktop/manuscript_Mpro/naturecomm/supplementary_file_S2/6-chemical-library/molecular_docking/PDBQT/7cam_A_598_chainA/docking_598_chainA_out.pdbqt	/home/anacleto/Desktop/manuscript_Mpro/naturecomm/supplementary_file_S2/6-chemical-library/molecular_docking/PDBQT/7cam_B_598_chainB/docking_598_chainB_out.pdbqt	/home/anacleto/Desktop/manuscript_Mpro/naturecomm/supplementary_file_S2/6-chemical-library/molecular_docking/combined_complexes/7cam_598_combined/7cam_598_combined_pose_1.pdb
N1CCNCC1C(=O)NCCc2ccccc2	599	1	-5.53	-5.494	/home/anacleto/Desktop/manuscript_Mpro/naturecomm/supplementary_file_S2/6-chemical-library/molecular_docking/PDBQT/7cam_A_599_chainA/docking_599_chainA_out.pdbqt	/home/anacleto/Desktop/manuscript_Mpro/naturecomm/supplementary_file_S2/6-chemical-library/molecular_docking/PDBQT/7cam_B_599_chainB/docking_599_chainB_out.pdbqt	/home/anacleto/Desktop/manuscript_Mpro/naturecomm/supplementary_file_S2/6-chemical-library/molecular_docking/combined_complexes/7cam_599_combined/7cam_599_combined_pose_1.pdb
C1CCCCS1(=O)=O	6	1	-3.531	-3.281	/home/anacleto/Desktop/manuscript_Mpro/naturecomm/supplementary_file_S2/6-chemical-library/molecular_docking/PDBQT/7cam_A_6_chainA/docking_6_chainA_out.pdbqt	/home/anacleto/Desktop/manuscript_Mpro/naturecomm/supplementary_file_S2/6-chemical-library/molecular_docking/PDBQT/7cam_B_6_chainB/docking_6_chainB_out.pdbqt	/home/anacleto/Desktop/manuscript_Mpro/naturecomm/supplementary_file_S2/6-chemical-library/molecular_docking/combined_complexes/7cam_6_combined/7cam_6_combined_pose_1.pdb
N=c1nc[nH]s1	60	1	-3.301	-3.014	/home/anacleto/Desktop/manuscript_Mpro/naturecomm/supplementary_file_S2/6-chemical-library/molecular_docking/PDBQT/7cam_A_60_chainA/docking_60_chainA_out.pdbqt	/home/anacleto/Desktop/manuscript_Mpro/naturecomm/supplementary_file_S2/6-chemical-library/molecular_docking/PDBQT/7cam_B_60_chainB/docking_60_chainB_out.pdbqt	/home/anacleto/Desktop/manuscript_Mpro/naturecomm/supplementary_file_S2/6-chemical-library/molecular_docking/combined_complexes/7cam_60_combined/7cam_60_combined_pose_1.pdb
C1CNCCC1NC(=O)CNc2ccccc2	600	1	-5.536	-5.566	/home/anacleto/Desktop/manuscript_Mpro/naturecomm/supplementary_file_S2/6-chemical-library/molecular_docking/PDBQT/7cam_A_600_chainA/docking_600_chainA_out.pdbqt	/home/anacleto/Desktop/manuscript_Mpro/naturecomm/supplementary_file_S2/6-chemical-library/molecular_docking/PDBQT/7cam_B_600_chainB/docking_600_chainB_out.pdbqt	/home/anacleto/Desktop/manuscript_Mpro/naturecomm/supplementary_file_S2/6-chemical-library/molecular_docking/combined_complexes/7cam_600_combined/7cam_600_combined_pose_1.pdb
N1CCN(C1=O)CC(=O)NCc2ccccc2	601	1	-5.253	-5.076	/home/anacleto/Desktop/manuscript_Mpro/naturecomm/supplementary_file_S2/6-chemical-library/molecular_docking/PDBQT/7cam_A_601_chainA/docking_601_chainA_out.pdbqt	/home/anacleto/Desktop/manuscript_Mpro/naturecomm/supplementary_file_S2/6-chemical-library/molecular_docking/PDBQT/7cam_B_601_chainB/docking_601_chainB_out.pdbqt	/home/anacleto/Desktop/manuscript_Mpro/naturecomm/supplementary_file_S2/6-chemical-library/molecular_docking/combined_complexes/7cam_601_combined/7cam_601_combined_pose_1.pdb
C1CCCCC1NC(=O)CNc2ccccc2	602	1	-5.505	-5.818	/home/anacleto/Desktop/manuscript_Mpro/naturecomm/supplementary_file_S2/6-chemical-library/molecular_docking/PDBQT/7cam_A_602_chainA/docking_602_chainA_out.pdbqt	/home/anacleto/Desktop/manuscript_Mpro/naturecomm/supplementary_file_S2/6-chemical-library/molecular_docking/PDBQT/7cam_B_602_chainB/docking_602_chainB_out.pdbqt	/home/anacleto/Desktop/manuscript_Mpro/naturecomm/supplementary_file_S2/6-chemical-library/molecular_docking/combined_complexes/7cam_602_combined/7cam_602_combined_pose_1.pdb
C1CCCCC1CC(=O)NCc2cccnc2	603	1	-5.587	-5.254	/home/anacleto/Desktop/manuscript_Mpro/naturecomm/supplementary_file_S2/6-chemical-library/molecular_docking/PDBQT/7cam_A_603_chainA/docking_603_chainA_out.pdbqt	/home/anacleto/Desktop/manuscript_Mpro/naturecomm/supplementary_file_S2/6-chemical-library/molecular_docking/PDBQT/7cam_B_603_chainB/docking_603_chainB_out.pdbqt	/home/anacleto/Desktop/manuscript_Mpro/naturecomm/supplementary_file_S2/6-chemical-library/molecular_docking/combined_complexes/7cam_603_combined/7cam_603_combined_pose_1.pdb
C1CCC1NCC(=O)NCCc2ccccc2	604	1	-5.23	-5.323	/home/anacleto/Desktop/manuscript_Mpro/naturecomm/supplementary_file_S2/6-chemical-library/molecular_docking/PDBQT/7cam_A_604_chainA/docking_604_chainA_out.pdbqt	/home/anacleto/Desktop/manuscript_Mpro/naturecomm/supplementary_file_S2/6-chemical-library/molecular_docking/PDBQT/7cam_B_604_chainB/docking_604_chainB_out.pdbqt	/home/anacleto/Desktop/manuscript_Mpro/naturecomm/supplementary_file_S2/6-chemical-library/molecular_docking/combined_complexes/7cam_604_combined/7cam_604_combined_pose_1.pdb
O=C1CCC(CN1)C(=O)NCc2ccccc2	605	1	-5.595	-5.621	/home/anacleto/Desktop/manuscript_Mpro/naturecomm/supplementary_file_S2/6-chemical-library/molecular_docking/PDBQT/7cam_A_605_chainA/docking_605_chainA_out.pdbqt	/home/anacleto/Desktop/manuscript_Mpro/naturecomm/supplementary_file_S2/6-chemical-library/molecular_docking/PDBQT/7cam_B_605_chainB/docking_605_chainB_out.pdbqt	/home/anacleto/Desktop/manuscript_Mpro/naturecomm/supplementary_file_S2/6-chemical-library/molecular_docking/combined_complexes/7cam_605_combined/7cam_605_combined_pose_1.pdb
N1CCCC(C1=O)NC(=O)Cc2ccccc2	606	1	-5.278	-5.629	/home/anacleto/Desktop/manuscript_Mpro/naturecomm/supplementary_file_S2/6-chemical-library/molecular_docking/PDBQT/7cam_A_606_chainA/docking_606_chainA_out.pdbqt	/home/anacleto/Desktop/manuscript_Mpro/naturecomm/supplementary_file_S2/6-chemical-library/molecular_docking/PDBQT/7cam_B_606_chainB/docking_606_chainB_out.pdbqt	/home/anacleto/Desktop/manuscript_Mpro/naturecomm/supplementary_file_S2/6-chemical-library/molecular_docking/combined_complexes/7cam_606_combined/7cam_606_combined_pose_1.pdb
C1OCCCC1OC(=O)C=Cc2ccccc2	607	1	-5.074	-5.111	/home/anacleto/Desktop/manuscript_Mpro/naturecomm/supplementary_file_S2/6-chemical-library/molecular_docking/PDBQT/7cam_A_607_chainA/docking_607_chainA_out.pdbqt	/home/anacleto/Desktop/manuscript_Mpro/naturecomm/supplementary_file_S2/6-chemical-library/molecular_docking/PDBQT/7cam_B_607_chainB/docking_607_chainB_out.pdbqt	/home/anacleto/Desktop/manuscript_Mpro/naturecomm/supplementary_file_S2/6-chemical-library/molecular_docking/combined_complexes/7cam_607_combined/7cam_607_combined_pose_1.pdb
c1ncccc1CC(=O)NCCc2nnn[nH]2	608	1	-5.196	-5.196	/home/anacleto/Desktop/manuscript_Mpro/naturecomm/supplementary_file_S2/6-chemical-library/molecular_docking/PDBQT/7cam_A_608_chainA/docking_608_chainA_out.pdbqt	/home/anacleto/Desktop/manuscript_Mpro/naturecomm/supplementary_file_S2/6-chemical-library/molecular_docking/PDBQT/7cam_B_608_chainB/docking_608_chainB_out.pdbqt	/home/anacleto/Desktop/manuscript_Mpro/naturecomm/supplementary_file_S2/6-chemical-library/molecular_docking/combined_complexes/7cam_608_combined/7cam_608_combined_pose_1.pdb
N1C(=O)CC(C1=O)NC(=O)Cc2ccccc2	609	1	-5.467	-5.439	/home/anacleto/Desktop/manuscript_Mpro/naturecomm/supplementary_file_S2/6-chemical-library/molecular_docking/PDBQT/7cam_A_609_chainA/docking_609_chainA_out.pdbqt	/home/anacleto/Desktop/manuscript_Mpro/naturecomm/supplementary_file_S2/6-chemical-library/molecular_docking/PDBQT/7cam_B_609_chainB/docking_609_chainB_out.pdbqt	/home/anacleto/Desktop/manuscript_Mpro/naturecomm/supplementary_file_S2/6-chemical-library/molecular_docking/combined_complexes/7cam_609_combined/7cam_609_combined_pose_1.pdb
N=c1[nH]ncs1	61	1	-3.317	-3.716	/home/anacleto/Desktop/manuscript_Mpro/naturecomm/supplementary_file_S2/6-chemical-library/molecular_docking/PDBQT/7cam_A_61_chainA/docking_61_chainA_out.pdbqt	/home/anacleto/Desktop/manuscript_Mpro/naturecomm/supplementary_file_S2/6-chemical-library/molecular_docking/PDBQT/7cam_B_61_chainB/docking_61_chainB_out.pdbqt	/home/anacleto/Desktop/manuscript_Mpro/naturecomm/supplementary_file_S2/6-chemical-library/molecular_docking/combined_complexes/7cam_61_combined/7cam_61_combined_pose_1.pdb
n1[nH]c(=O)[nH]c(=O)c1C(=O)Nc2ccccc2	610	1	-5.59	-5.224	/home/anacleto/Desktop/manuscript_Mpro/naturecomm/supplementary_file_S2/6-chemical-library/molecular_docking/PDBQT/7cam_A_610_chainA/docking_610_chainA_out.pdbqt	/home/anacleto/Desktop/manuscript_Mpro/naturecomm/supplementary_file_S2/6-chemical-library/molecular_docking/PDBQT/7cam_B_610_chainB/docking_610_chainB_out.pdbqt	/home/anacleto/Desktop/manuscript_Mpro/naturecomm/supplementary_file_S2/6-chemical-library/molecular_docking/combined_complexes/7cam_610_combined/7cam_610_combined_pose_1.pdb
o1cncc1CNC(=O)CNc2ccccc2	611	1	-5.264	-5.014	/home/anacleto/Desktop/manuscript_Mpro/naturecomm/supplementary_file_S2/6-chemical-library/molecular_docking/PDBQT/7cam_A_611_chainA/docking_611_chainA_out.pdbqt	/home/anacleto/Desktop/manuscript_Mpro/naturecomm/supplementary_file_S2/6-chemical-library/molecular_docking/PDBQT/7cam_B_611_chainB/docking_611_chainB_out.pdbqt	/home/anacleto/Desktop/manuscript_Mpro/naturecomm/supplementary_file_S2/6-chemical-library/molecular_docking/combined_complexes/7cam_611_combined/7cam_611_combined_pose_1.pdb
c1[nH]ncc1C(=O)NCCOc2ccccc2	612	1	-5.346	-5.268	/home/anacleto/Desktop/manuscript_Mpro/naturecomm/supplementary_file_S2/6-chemical-library/molecular_docking/PDBQT/7cam_A_612_chainA/docking_612_chainA_out.pdbqt	/home/anacleto/Desktop/manuscript_Mpro/naturecomm/supplementary_file_S2/6-chemical-library/molecular_docking/PDBQT/7cam_B_612_chainB/docking_612_chainB_out.pdbqt	/home/anacleto/Desktop/manuscript_Mpro/naturecomm/supplementary_file_S2/6-chemical-library/molecular_docking/combined_complexes/7cam_612_combined/7cam_612_combined_pose_1.pdb
n1nc[nH]c(=O)c1C(=O)NCc2cccnc2	613	1	-5.491	-5.501	/home/anacleto/Desktop/manuscript_Mpro/naturecomm/supplementary_file_S2/6-chemical-library/molecular_docking/PDBQT/7cam_A_613_chainA/docking_613_chainA_out.pdbqt	/home/anacleto/Desktop/manuscript_Mpro/naturecomm/supplementary_file_S2/6-chemical-library/molecular_docking/PDBQT/7cam_B_613_chainB/docking_613_chainB_out.pdbqt	/home/anacleto/Desktop/manuscript_Mpro/naturecomm/supplementary_file_S2/6-chemical-library/molecular_docking/combined_complexes/7cam_613_combined/7cam_613_combined_pose_1.pdb
[nH]1c(=O)[nH]c(=O)cc1C(=O)Nc2ccccc2	614	1	-5.758	-5.305	/home/anacleto/Desktop/manuscript_Mpro/naturecomm/supplementary_file_S2/6-chemical-library/molecular_docking/PDBQT/7cam_A_614_chainA/docking_614_chainA_out.pdbqt	/home/anacleto/Desktop/manuscript_Mpro/naturecomm/supplementary_file_S2/6-chemical-library/molecular_docking/PDBQT/7cam_B_614_chainB/docking_614_chainB_out.pdbqt	/home/anacleto/Desktop/manuscript_Mpro/naturecomm/supplementary_file_S2/6-chemical-library/molecular_docking/combined_complexes/7cam_614_combined/7cam_614_combined_pose_1.pdb
c1ncccc1CC(=O)NCCc2cnc[nH]2	615	1	-5.23	-5.09	/home/anacleto/Desktop/manuscript_Mpro/naturecomm/supplementary_file_S2/6-chemical-library/molecular_docking/PDBQT/7cam_A_615_chainA/docking_615_chainA_out.pdbqt	/home/anacleto/Desktop/manuscript_Mpro/naturecomm/supplementary_file_S2/6-chemical-library/molecular_docking/PDBQT/7cam_B_615_chainB/docking_615_chainB_out.pdbqt	/home/anacleto/Desktop/manuscript_Mpro/naturecomm/supplementary_file_S2/6-chemical-library/molecular_docking/combined_complexes/7cam_615_combined/7cam_615_combined_pose_1.pdb
c1ncccc1CC(=O)NCCc2ccco2	616	1	-5.224	-4.842	/home/anacleto/Desktop/manuscript_Mpro/naturecomm/supplementary_file_S2/6-chemical-library/molecular_docking/PDBQT/7cam_A_616_chainA/docking_616_chainA_out.pdbqt	/home/anacleto/Desktop/manuscript_Mpro/naturecomm/supplementary_file_S2/6-chemical-library/molecular_docking/PDBQT/7cam_B_616_chainB/docking_616_chainB_out.pdbqt	/home/anacleto/Desktop/manuscript_Mpro/naturecomm/supplementary_file_S2/6-chemical-library/molecular_docking/combined_complexes/7cam_616_combined/7cam_616_combined_pose_1.pdb
n1cc(=O)[nH]cc1C(=O)NCc2cccnc2	617	1	-5.541	-5.116	/home/anacleto/Desktop/manuscript_Mpro/naturecomm/supplementary_file_S2/6-chemical-library/molecular_docking/PDBQT/7cam_A_617_chainA/docking_617_chainA_out.pdbqt	/home/anacleto/Desktop/manuscript_Mpro/naturecomm/supplementary_file_S2/6-chemical-library/molecular_docking/PDBQT/7cam_B_617_chainB/docking_617_chainB_out.pdbqt	/home/anacleto/Desktop/manuscript_Mpro/naturecomm/supplementary_file_S2/6-chemical-library/molecular_docking/combined_complexes/7cam_617_combined/7cam_617_combined_pose_1.pdb
n1c[nH]c(=O)cc1C(=O)NCc2cccnc2	618	1	-5.618	-5.317	/home/anacleto/Desktop/manuscript_Mpro/naturecomm/supplementary_file_S2/6-chemical-library/molecular_docking/PDBQT/7cam_A_618_chainA/docking_618_chainA_out.pdbqt	/home/anacleto/Desktop/manuscript_Mpro/naturecomm/supplementary_file_S2/6-chemical-library/molecular_docking/PDBQT/7cam_B_618_chainB/docking_618_chainB_out.pdbqt	/home/anacleto/Desktop/manuscript_Mpro/naturecomm/supplementary_file_S2/6-chemical-library/molecular_docking/combined_complexes/7cam_618_combined/7cam_618_combined_pose_1.pdb
n1[nH]c(=O)ccc1C(=O)NCc2cccnc2	619	1	-5.77	-5.177	/home/anacleto/Desktop/manuscript_Mpro/naturecomm/supplementary_file_S2/6-chemical-library/molecular_docking/PDBQT/7cam_A_619_chainA/docking_619_chainA_out.pdbqt	/home/anacleto/Desktop/manuscript_Mpro/naturecomm/supplementary_file_S2/6-chemical-library/molecular_docking/PDBQT/7cam_B_619_chainB/docking_619_chainB_out.pdbqt	/home/anacleto/Desktop/manuscript_Mpro/naturecomm/supplementary_file_S2/6-chemical-library/molecular_docking/combined_complexes/7cam_619_combined/7cam_619_combined_pose_1.pdb
O=c1[nH]ccs1	62	1	-2.997	-3.108	/home/anacleto/Desktop/manuscript_Mpro/naturecomm/supplementary_file_S2/6-chemical-library/molecular_docking/PDBQT/7cam_A_62_chainA/docking_62_chainA_out.pdbqt	/home/anacleto/Desktop/manuscript_Mpro/naturecomm/supplementary_file_S2/6-chemical-library/molecular_docking/PDBQT/7cam_B_62_chainB/docking_62_chainB_out.pdbqt	/home/anacleto/Desktop/manuscript_Mpro/naturecomm/supplementary_file_S2/6-chemical-library/molecular_docking/combined_complexes/7cam_62_combined/7cam_62_combined_pose_1.pdb
O=c(o1)cccc1C(=O)NCc2cccnc2	620	1	-5.562	-5.636	/home/anacleto/Desktop/manuscript_Mpro/naturecomm/supplementary_file_S2/6-chemical-library/molecular_docking/PDBQT/7cam_A_620_chainA/docking_620_chainA_out.pdbqt	/home/anacleto/Desktop/manuscript_Mpro/naturecomm/supplementary_file_S2/6-chemical-library/molecular_docking/PDBQT/7cam_B_620_chainB/docking_620_chainB_out.pdbqt	/home/anacleto/Desktop/manuscript_Mpro/naturecomm/supplementary_file_S2/6-chemical-library/molecular_docking/combined_complexes/7cam_620_combined/7cam_620_combined_pose_1.pdb
c1nccn1CC(=O)NCCc2ccccc2	621	1	-4.862	-5.063	/home/anacleto/Desktop/manuscript_Mpro/naturecomm/supplementary_file_S2/6-chemical-library/molecular_docking/PDBQT/7cam_A_621_chainA/docking_621_chainA_out.pdbqt	/home/anacleto/Desktop/manuscript_Mpro/naturecomm/supplementary_file_S2/6-chemical-library/molecular_docking/PDBQT/7cam_B_621_chainB/docking_621_chainB_out.pdbqt	/home/anacleto/Desktop/manuscript_Mpro/naturecomm/supplementary_file_S2/6-chemical-library/molecular_docking/combined_complexes/7cam_621_combined/7cam_621_combined_pose_1.pdb
c1ncncc1NC(=O)NCc2cccnc2	622	1	-5.418	-5.289	/home/anacleto/Desktop/manuscript_Mpro/naturecomm/supplementary_file_S2/6-chemical-library/molecular_docking/PDBQT/7cam_A_622_chainA/docking_622_chainA_out.pdbqt	/home/anacleto/Desktop/manuscript_Mpro/naturecomm/supplementary_file_S2/6-chemical-library/molecular_docking/PDBQT/7cam_B_622_chainB/docking_622_chainB_out.pdbqt	/home/anacleto/Desktop/manuscript_Mpro/naturecomm/supplementary_file_S2/6-chemical-library/molecular_docking/combined_complexes/7cam_622_combined/7cam_622_combined_pose_1.pdb
c1ncncc1NC(=O)NCc2ccccc2	623	1	-5.395	-5.257	/home/anacleto/Desktop/manuscript_Mpro/naturecomm/supplementary_file_S2/6-chemical-library/molecular_docking/PDBQT/7cam_A_623_chainA/docking_623_chainA_out.pdbqt	/home/anacleto/Desktop/manuscript_Mpro/naturecomm/supplementary_file_S2/6-chemical-library/molecular_docking/PDBQT/7cam_B_623_chainB/docking_623_chainB_out.pdbqt	/home/anacleto/Desktop/manuscript_Mpro/naturecomm/supplementary_file_S2/6-chemical-library/molecular_docking/combined_complexes/7cam_623_combined/7cam_623_combined_pose_1.pdb
c1ncccc1NC(=O)NCc2ccncc2	624	1	-5.266	-5.265	/home/anacleto/Desktop/manuscript_Mpro/naturecomm/supplementary_file_S2/6-chemical-library/molecular_docking/PDBQT/7cam_A_624_chainA/docking_624_chainA_out.pdbqt	/home/anacleto/Desktop/manuscript_Mpro/naturecomm/supplementary_file_S2/6-chemical-library/molecular_docking/PDBQT/7cam_B_624_chainB/docking_624_chainB_out.pdbqt	/home/anacleto/Desktop/manuscript_Mpro/naturecomm/supplementary_file_S2/6-chemical-library/molecular_docking/combined_complexes/7cam_624_combined/7cam_624_combined_pose_1.pdb
c1ncccc1NC(=O)NCc2cccnc2	625	1	-5.45	-5.832	/home/anacleto/Desktop/manuscript_Mpro/naturecomm/supplementary_file_S2/6-chemical-library/molecular_docking/PDBQT/7cam_A_625_chainA/docking_625_chainA_out.pdbqt	/home/anacleto/Desktop/manuscript_Mpro/naturecomm/supplementary_file_S2/6-chemical-library/molecular_docking/PDBQT/7cam_B_625_chainB/docking_625_chainB_out.pdbqt	/home/anacleto/Desktop/manuscript_Mpro/naturecomm/supplementary_file_S2/6-chemical-library/molecular_docking/combined_complexes/7cam_625_combined/7cam_625_combined_pose_1.pdb
n1ccncc1CC(=O)NCc2ccccc2	626	1	-4.953	-5.101	/home/anacleto/Desktop/manuscript_Mpro/naturecomm/supplementary_file_S2/6-chemical-library/molecular_docking/PDBQT/7cam_A_626_chainA/docking_626_chainA_out.pdbqt	/home/anacleto/Desktop/manuscript_Mpro/naturecomm/supplementary_file_S2/6-chemical-library/molecular_docking/PDBQT/7cam_B_626_chainB/docking_626_chainB_out.pdbqt	/home/anacleto/Desktop/manuscript_Mpro/naturecomm/supplementary_file_S2/6-chemical-library/molecular_docking/combined_complexes/7cam_626_combined/7cam_626_combined_pose_1.pdb
n1ccncc1C(=O)NCCc2ccccc2	627	1	-5.291	-5.336	/home/anacleto/Desktop/manuscript_Mpro/naturecomm/supplementary_file_S2/6-chemical-library/molecular_docking/PDBQT/7cam_A_627_chainA/docking_627_chainA_out.pdbqt	/home/anacleto/Desktop/manuscript_Mpro/naturecomm/supplementary_file_S2/6-chemical-library/molecular_docking/PDBQT/7cam_B_627_chainB/docking_627_chainB_out.pdbqt	/home/anacleto/Desktop/manuscript_Mpro/naturecomm/supplementary_file_S2/6-chemical-library/molecular_docking/combined_complexes/7cam_627_combined/7cam_627_combined_pose_1.pdb
c1ncncc1CC(=O)NCc2ccccc2	628	1	-5.314	-5.352	/home/anacleto/Desktop/manuscript_Mpro/naturecomm/supplementary_file_S2/6-chemical-library/molecular_docking/PDBQT/7cam_A_628_chainA/docking_628_chainA_out.pdbqt	/home/anacleto/Desktop/manuscript_Mpro/naturecomm/supplementary_file_S2/6-chemical-library/molecular_docking/PDBQT/7cam_B_628_chainB/docking_628_chainB_out.pdbqt	/home/anacleto/Desktop/manuscript_Mpro/naturecomm/supplementary_file_S2/6-chemical-library/molecular_docking/combined_complexes/7cam_628_combined/7cam_628_combined_pose_1.pdb
c1ncccc1NC(=O)NCc2ccccc2	629	1	-5.396	-5.453	/home/anacleto/Desktop/manuscript_Mpro/naturecomm/supplementary_file_S2/6-chemical-library/molecular_docking/PDBQT/7cam_A_629_chainA/docking_629_chainA_out.pdbqt	/home/anacleto/Desktop/manuscript_Mpro/naturecomm/supplementary_file_S2/6-chemical-library/molecular_docking/PDBQT/7cam_B_629_chainB/docking_629_chainB_out.pdbqt	/home/anacleto/Desktop/manuscript_Mpro/naturecomm/supplementary_file_S2/6-chemical-library/molecular_docking/combined_complexes/7cam_629_combined/7cam_629_combined_pose_1.pdb
S=c1[nH]cc[nH]1	63	1	-2.98	-3.147	/home/anacleto/Desktop/manuscript_Mpro/naturecomm/supplementary_file_S2/6-chemical-library/molecular_docking/PDBQT/7cam_A_63_chainA/docking_63_chainA_out.pdbqt	/home/anacleto/Desktop/manuscript_Mpro/naturecomm/supplementary_file_S2/6-chemical-library/molecular_docking/PDBQT/7cam_B_63_chainB/docking_63_chainB_out.pdbqt	/home/anacleto/Desktop/manuscript_Mpro/naturecomm/supplementary_file_S2/6-chemical-library/molecular_docking/combined_complexes/7cam_63_combined/7cam_63_combined_pose_1.pdb
c1ncccc1NC(=O)CNc2ccccc2	630	1	-5.495	-5.649	/home/anacleto/Desktop/manuscript_Mpro/naturecomm/supplementary_file_S2/6-chemical-library/molecular_docking/PDBQT/7cam_A_630_chainA/docking_630_chainA_out.pdbqt	/home/anacleto/Desktop/manuscript_Mpro/naturecomm/supplementary_file_S2/6-chemical-library/molecular_docking/PDBQT/7cam_B_630_chainB/docking_630_chainB_out.pdbqt	/home/anacleto/Desktop/manuscript_Mpro/naturecomm/supplementary_file_S2/6-chemical-library/molecular_docking/combined_complexes/7cam_630_combined/7cam_630_combined_pose_1.pdb
c1ncccc1CC(=O)NCc2ccncc2	631	1	-5.137	-5.115	/home/anacleto/Desktop/manuscript_Mpro/naturecomm/supplementary_file_S2/6-chemical-library/molecular_docking/PDBQT/7cam_A_631_chainA/docking_631_chainA_out.pdbqt	/home/anacleto/Desktop/manuscript_Mpro/naturecomm/supplementary_file_S2/6-chemical-library/molecular_docking/PDBQT/7cam_B_631_chainB/docking_631_chainB_out.pdbqt	/home/anacleto/Desktop/manuscript_Mpro/naturecomm/supplementary_file_S2/6-chemical-library/molecular_docking/combined_complexes/7cam_631_combined/7cam_631_combined_pose_1.pdb
c1ncccc1CC(=O)NCc2cccnc2	632	1	-5.281	-5.238	/home/anacleto/Desktop/manuscript_Mpro/naturecomm/supplementary_file_S2/6-chemical-library/molecular_docking/PDBQT/7cam_A_632_chainA/docking_632_chainA_out.pdbqt	/home/anacleto/Desktop/manuscript_Mpro/naturecomm/supplementary_file_S2/6-chemical-library/molecular_docking/PDBQT/7cam_B_632_chainB/docking_632_chainB_out.pdbqt	/home/anacleto/Desktop/manuscript_Mpro/naturecomm/supplementary_file_S2/6-chemical-library/molecular_docking/combined_complexes/7cam_632_combined/7cam_632_combined_pose_1.pdb
c1ncccc1NC(=O)CCc2ccccc2	633	1	-5.516	-5.509	/home/anacleto/Desktop/manuscript_Mpro/naturecomm/supplementary_file_S2/6-chemical-library/molecular_docking/PDBQT/7cam_A_633_chainA/docking_633_chainA_out.pdbqt	/home/anacleto/Desktop/manuscript_Mpro/naturecomm/supplementary_file_S2/6-chemical-library/molecular_docking/PDBQT/7cam_B_633_chainB/docking_633_chainB_out.pdbqt	/home/anacleto/Desktop/manuscript_Mpro/naturecomm/supplementary_file_S2/6-chemical-library/molecular_docking/combined_complexes/7cam_633_combined/7cam_633_combined_pose_1.pdb
c1ncccc1CC(=O)NCc2ccccc2	634	1	-5.356	-5.787	/home/anacleto/Desktop/manuscript_Mpro/naturecomm/supplementary_file_S2/6-chemical-library/molecular_docking/PDBQT/7cam_A_634_chainA/docking_634_chainA_out.pdbqt	/home/anacleto/Desktop/manuscript_Mpro/naturecomm/supplementary_file_S2/6-chemical-library/molecular_docking/PDBQT/7cam_B_634_chainB/docking_634_chainB_out.pdbqt	/home/anacleto/Desktop/manuscript_Mpro/naturecomm/supplementary_file_S2/6-chemical-library/molecular_docking/combined_complexes/7cam_634_combined/7cam_634_combined_pose_1.pdb
c1ccccc1NC(=O)CNc2ccccc2	635	1	-5.802	-5.762	/home/anacleto/Desktop/manuscript_Mpro/naturecomm/supplementary_file_S2/6-chemical-library/molecular_docking/PDBQT/7cam_A_635_chainA/docking_635_chainA_out.pdbqt	/home/anacleto/Desktop/manuscript_Mpro/naturecomm/supplementary_file_S2/6-chemical-library/molecular_docking/PDBQT/7cam_B_635_chainB/docking_635_chainB_out.pdbqt	/home/anacleto/Desktop/manuscript_Mpro/naturecomm/supplementary_file_S2/6-chemical-library/molecular_docking/combined_complexes/7cam_635_combined/7cam_635_combined_pose_1.pdb
c1ccccc1C(=O)NCCc2ccccn2	636	1	-5.587	-5.541	/home/anacleto/Desktop/manuscript_Mpro/naturecomm/supplementary_file_S2/6-chemical-library/molecular_docking/PDBQT/7cam_A_636_chainA/docking_636_chainA_out.pdbqt	/home/anacleto/Desktop/manuscript_Mpro/naturecomm/supplementary_file_S2/6-chemical-library/molecular_docking/PDBQT/7cam_B_636_chainB/docking_636_chainB_out.pdbqt	/home/anacleto/Desktop/manuscript_Mpro/naturecomm/supplementary_file_S2/6-chemical-library/molecular_docking/combined_complexes/7cam_636_combined/7cam_636_combined_pose_1.pdb
c1ccccc1NC(=O)CCc2ccccc2	637	1	-5.899	-5.761	/home/anacleto/Desktop/manuscript_Mpro/naturecomm/supplementary_file_S2/6-chemical-library/molecular_docking/PDBQT/7cam_A_637_chainA/docking_637_chainA_out.pdbqt	/home/anacleto/Desktop/manuscript_Mpro/naturecomm/supplementary_file_S2/6-chemical-library/molecular_docking/PDBQT/7cam_B_637_chainB/docking_637_chainB_out.pdbqt	/home/anacleto/Desktop/manuscript_Mpro/naturecomm/supplementary_file_S2/6-chemical-library/molecular_docking/combined_complexes/7cam_637_combined/7cam_637_combined_pose_1.pdb
c1ccccc1CC(=O)NCc2ccccc2	638	1	-5.386	-5.554	/home/anacleto/Desktop/manuscript_Mpro/naturecomm/supplementary_file_S2/6-chemical-library/molecular_docking/PDBQT/7cam_A_638_chainA/docking_638_chainA_out.pdbqt	/home/anacleto/Desktop/manuscript_Mpro/naturecomm/supplementary_file_S2/6-chemical-library/molecular_docking/PDBQT/7cam_B_638_chainB/docking_638_chainB_out.pdbqt	/home/anacleto/Desktop/manuscript_Mpro/naturecomm/supplementary_file_S2/6-chemical-library/molecular_docking/combined_complexes/7cam_638_combined/7cam_638_combined_pose_1.pdb
s1cccc1S(=O)(=O)N(CC2)CCCC2=O	639	1	-4.756	-4.709	/home/anacleto/Desktop/manuscript_Mpro/naturecomm/supplementary_file_S2/6-chemical-library/molecular_docking/PDBQT/7cam_A_639_chainA/docking_639_chainA_out.pdbqt	/home/anacleto/Desktop/manuscript_Mpro/naturecomm/supplementary_file_S2/6-chemical-library/molecular_docking/PDBQT/7cam_B_639_chainB/docking_639_chainB_out.pdbqt	/home/anacleto/Desktop/manuscript_Mpro/naturecomm/supplementary_file_S2/6-chemical-library/molecular_docking/combined_complexes/7cam_639_combined/7cam_639_combined_pose_1.pdb
C1COCOC1	64	1	-2.76	-2.502	/home/anacleto/Desktop/manuscript_Mpro/naturecomm/supplementary_file_S2/6-chemical-library/molecular_docking/PDBQT/7cam_A_64_chainA/docking_64_chainA_out.pdbqt	/home/anacleto/Desktop/manuscript_Mpro/naturecomm/supplementary_file_S2/6-chemical-library/molecular_docking/PDBQT/7cam_B_64_chainB/docking_64_chainB_out.pdbqt	/home/anacleto/Desktop/manuscript_Mpro/naturecomm/supplementary_file_S2/6-chemical-library/molecular_docking/combined_complexes/7cam_64_combined/7cam_64_combined_pose_1.pdb
c1ccccc1CNS(=O)(=O)c2ccsc2	640	1	-5.006	-4.743	/home/anacleto/Desktop/manuscript_Mpro/naturecomm/supplementary_file_S2/6-chemical-library/molecular_docking/PDBQT/7cam_A_640_chainA/docking_640_chainA_out.pdbqt	/home/anacleto/Desktop/manuscript_Mpro/naturecomm/supplementary_file_S2/6-chemical-library/molecular_docking/PDBQT/7cam_B_640_chainB/docking_640_chainB_out.pdbqt	/home/anacleto/Desktop/manuscript_Mpro/naturecomm/supplementary_file_S2/6-chemical-library/molecular_docking/combined_complexes/7cam_640_combined/7cam_640_combined_pose_1.pdb
c1ccccc1CNS(=O)(=O)c2cccs2	641	1	-5.204	-5.014	/home/anacleto/Desktop/manuscript_Mpro/naturecomm/supplementary_file_S2/6-chemical-library/molecular_docking/PDBQT/7cam_A_641_chainA/docking_641_chainA_out.pdbqt	/home/anacleto/Desktop/manuscript_Mpro/naturecomm/supplementary_file_S2/6-chemical-library/molecular_docking/PDBQT/7cam_B_641_chainB/docking_641_chainB_out.pdbqt	/home/anacleto/Desktop/manuscript_Mpro/naturecomm/supplementary_file_S2/6-chemical-library/molecular_docking/combined_complexes/7cam_641_combined/7cam_641_combined_pose_1.pdb
O1CCCC1COP(=O)Oc2ccccc2	642	1	-4.888	-4.809	/home/anacleto/Desktop/manuscript_Mpro/naturecomm/supplementary_file_S2/6-chemical-library/molecular_docking/PDBQT/7cam_A_642_chainA/docking_642_chainA_out.pdbqt	/home/anacleto/Desktop/manuscript_Mpro/naturecomm/supplementary_file_S2/6-chemical-library/molecular_docking/PDBQT/7cam_B_642_chainB/docking_642_chainB_out.pdbqt	/home/anacleto/Desktop/manuscript_Mpro/naturecomm/supplementary_file_S2/6-chemical-library/molecular_docking/combined_complexes/7cam_642_combined/7cam_642_combined_pose_1.pdb
c1ccccc1S(=O)(=O)NC2CCNCC2	643	1	-4.908	-5.129	/home/anacleto/Desktop/manuscript_Mpro/naturecomm/supplementary_file_S2/6-chemical-library/molecular_docking/PDBQT/7cam_A_643_chainA/docking_643_chainA_out.pdbqt	/home/anacleto/Desktop/manuscript_Mpro/naturecomm/supplementary_file_S2/6-chemical-library/molecular_docking/PDBQT/7cam_B_643_chainB/docking_643_chainB_out.pdbqt	/home/anacleto/Desktop/manuscript_Mpro/naturecomm/supplementary_file_S2/6-chemical-library/molecular_docking/combined_complexes/7cam_643_combined/7cam_643_combined_pose_1.pdb
c1ccccc1S(=O)(=O)N2CCCNCC2	644	1	-5.074	-5.046	/home/anacleto/Desktop/manuscript_Mpro/naturecomm/supplementary_file_S2/6-chemical-library/molecular_docking/PDBQT/7cam_A_644_chainA/docking_644_chainA_out.pdbqt	/home/anacleto/Desktop/manuscript_Mpro/naturecomm/supplementary_file_S2/6-chemical-library/molecular_docking/PDBQT/7cam_B_644_chainB/docking_644_chainB_out.pdbqt	/home/anacleto/Desktop/manuscript_Mpro/naturecomm/supplementary_file_S2/6-chemical-library/molecular_docking/combined_complexes/7cam_644_combined/7cam_644_combined_pose_1.pdb
c1ccccc1S(=O)(=O)N(CC2)CCC2=O	645	1	-4.988	-4.845	/home/anacleto/Desktop/manuscript_Mpro/naturecomm/supplementary_file_S2/6-chemical-library/molecular_docking/PDBQT/7cam_A_645_chainA/docking_645_chainA_out.pdbqt	/home/anacleto/Desktop/manuscript_Mpro/naturecomm/supplementary_file_S2/6-chemical-library/molecular_docking/PDBQT/7cam_B_645_chainB/docking_645_chainB_out.pdbqt	/home/anacleto/Desktop/manuscript_Mpro/naturecomm/supplementary_file_S2/6-chemical-library/molecular_docking/combined_complexes/7cam_645_combined/7cam_645_combined_pose_1.pdb
C1CSCCC1NC(=O)Nc2cccnc2	646	1	-5.458	-4.932	/home/anacleto/Desktop/manuscript_Mpro/naturecomm/supplementary_file_S2/6-chemical-library/molecular_docking/PDBQT/7cam_A_646_chainA/docking_646_chainA_out.pdbqt	/home/anacleto/Desktop/manuscript_Mpro/naturecomm/supplementary_file_S2/6-chemical-library/molecular_docking/PDBQT/7cam_B_646_chainB/docking_646_chainB_out.pdbqt	/home/anacleto/Desktop/manuscript_Mpro/naturecomm/supplementary_file_S2/6-chemical-library/molecular_docking/combined_complexes/7cam_646_combined/7cam_646_combined_pose_1.pdb
c1ccccc1S(=O)(=O)Nc2ncccn2	647	1	-5.076	-5.135	/home/anacleto/Desktop/manuscript_Mpro/naturecomm/supplementary_file_S2/6-chemical-library/molecular_docking/PDBQT/7cam_A_647_chainA/docking_647_chainA_out.pdbqt	/home/anacleto/Desktop/manuscript_Mpro/naturecomm/supplementary_file_S2/6-chemical-library/molecular_docking/PDBQT/7cam_B_647_chainB/docking_647_chainB_out.pdbqt	/home/anacleto/Desktop/manuscript_Mpro/naturecomm/supplementary_file_S2/6-chemical-library/molecular_docking/combined_complexes/7cam_647_combined/7cam_647_combined_pose_1.pdb
O=c(s1)[nH]cc1C(=O)NCc2cccnc2	648	1	-5.279	-5.021	/home/anacleto/Desktop/manuscript_Mpro/naturecomm/supplementary_file_S2/6-chemical-library/molecular_docking/PDBQT/7cam_A_648_chainA/docking_648_chainA_out.pdbqt	/home/anacleto/Desktop/manuscript_Mpro/naturecomm/supplementary_file_S2/6-chemical-library/molecular_docking/PDBQT/7cam_B_648_chainB/docking_648_chainB_out.pdbqt	/home/anacleto/Desktop/manuscript_Mpro/naturecomm/supplementary_file_S2/6-chemical-library/molecular_docking/combined_complexes/7cam_648_combined/7cam_648_combined_pose_1.pdb
c1ncccc1NS(=O)(=O)c2ccccc2	649	1	-5.069	-5.038	/home/anacleto/Desktop/manuscript_Mpro/naturecomm/supplementary_file_S2/6-chemical-library/molecular_docking/PDBQT/7cam_A_649_chainA/docking_649_chainA_out.pdbqt	/home/anacleto/Desktop/manuscript_Mpro/naturecomm/supplementary_file_S2/6-chemical-library/molecular_docking/PDBQT/7cam_B_649_chainB/docking_649_chainB_out.pdbqt	/home/anacleto/Desktop/manuscript_Mpro/naturecomm/supplementary_file_S2/6-chemical-library/molecular_docking/combined_complexes/7cam_649_combined/7cam_649_combined_pose_1.pdb
C1COCCN1	65	1	-2.917	-2.922	/home/anacleto/Desktop/manuscript_Mpro/naturecomm/supplementary_file_S2/6-chemical-library/molecular_docking/PDBQT/7cam_A_65_chainA/docking_65_chainA_out.pdbqt	/home/anacleto/Desktop/manuscript_Mpro/naturecomm/supplementary_file_S2/6-chemical-library/molecular_docking/PDBQT/7cam_B_65_chainB/docking_65_chainB_out.pdbqt	/home/anacleto/Desktop/manuscript_Mpro/naturecomm/supplementary_file_S2/6-chemical-library/molecular_docking/combined_complexes/7cam_65_combined/7cam_65_combined_pose_1.pdb
c1ccccc1CS(=O)(=O)c2ncccn2	650	1	-4.782	-4.866	/home/anacleto/Desktop/manuscript_Mpro/naturecomm/supplementary_file_S2/6-chemical-library/molecular_docking/PDBQT/7cam_A_650_chainA/docking_650_chainA_out.pdbqt	/home/anacleto/Desktop/manuscript_Mpro/naturecomm/supplementary_file_S2/6-chemical-library/molecular_docking/PDBQT/7cam_B_650_chainB/docking_650_chainB_out.pdbqt	/home/anacleto/Desktop/manuscript_Mpro/naturecomm/supplementary_file_S2/6-chemical-library/molecular_docking/combined_complexes/7cam_650_combined/7cam_650_combined_pose_1.pdb
c1ccccc1CC(=O)NCC2=SC=CC2	651	1	-5.19	-5.212	/home/anacleto/Desktop/manuscript_Mpro/naturecomm/supplementary_file_S2/6-chemical-library/molecular_docking/PDBQT/7cam_A_651_chainA/docking_651_chainA_out.pdbqt	/home/anacleto/Desktop/manuscript_Mpro/naturecomm/supplementary_file_S2/6-chemical-library/molecular_docking/PDBQT/7cam_B_651_chainB/docking_651_chainB_out.pdbqt	/home/anacleto/Desktop/manuscript_Mpro/naturecomm/supplementary_file_S2/6-chemical-library/molecular_docking/combined_complexes/7cam_651_combined/7cam_651_combined_pose_1.pdb
c1ccccc1NS(=O)(=O)c2ccccc2	652	1	-5.368	-5.346	/home/anacleto/Desktop/manuscript_Mpro/naturecomm/supplementary_file_S2/6-chemical-library/molecular_docking/PDBQT/7cam_A_652_chainA/docking_652_chainA_out.pdbqt	/home/anacleto/Desktop/manuscript_Mpro/naturecomm/supplementary_file_S2/6-chemical-library/molecular_docking/PDBQT/7cam_B_652_chainB/docking_652_chainB_out.pdbqt	/home/anacleto/Desktop/manuscript_Mpro/naturecomm/supplementary_file_S2/6-chemical-library/molecular_docking/combined_complexes/7cam_652_combined/7cam_652_combined_pose_1.pdb
O=C(S1)NC(=O)C1=CCCc2ccccc2	653	1	-4.916	-5.339	/home/anacleto/Desktop/manuscript_Mpro/naturecomm/supplementary_file_S2/6-chemical-library/molecular_docking/PDBQT/7cam_A_653_chainA/docking_653_chainA_out.pdbqt	/home/anacleto/Desktop/manuscript_Mpro/naturecomm/supplementary_file_S2/6-chemical-library/molecular_docking/PDBQT/7cam_B_653_chainB/docking_653_chainB_out.pdbqt	/home/anacleto/Desktop/manuscript_Mpro/naturecomm/supplementary_file_S2/6-chemical-library/molecular_docking/combined_complexes/7cam_653_combined/7cam_653_combined_pose_1.pdb
c1ccccc1NC(=S)Nc2ccccc2	654	1	-5.56	-5.205	/home/anacleto/Desktop/manuscript_Mpro/naturecomm/supplementary_file_S2/6-chemical-library/molecular_docking/PDBQT/7cam_A_654_chainA/docking_654_chainA_out.pdbqt	/home/anacleto/Desktop/manuscript_Mpro/naturecomm/supplementary_file_S2/6-chemical-library/molecular_docking/PDBQT/7cam_B_654_chainB/docking_654_chainB_out.pdbqt	/home/anacleto/Desktop/manuscript_Mpro/naturecomm/supplementary_file_S2/6-chemical-library/molecular_docking/combined_complexes/7cam_654_combined/7cam_654_combined_pose_1.pdb
N1C(=O)NC(CC1=O)C(=O)N2CCNCC2	655	1	-5.326	-5.082	/home/anacleto/Desktop/manuscript_Mpro/naturecomm/supplementary_file_S2/6-chemical-library/molecular_docking/PDBQT/7cam_A_655_chainA/docking_655_chainA_out.pdbqt	/home/anacleto/Desktop/manuscript_Mpro/naturecomm/supplementary_file_S2/6-chemical-library/molecular_docking/PDBQT/7cam_B_655_chainB/docking_655_chainB_out.pdbqt	/home/anacleto/Desktop/manuscript_Mpro/naturecomm/supplementary_file_S2/6-chemical-library/molecular_docking/combined_complexes/7cam_655_combined/7cam_655_combined_pose_1.pdb
N1CCNCC1C(=O)NCC2CCCCC2	656	1	-5.42	-5.047	/home/anacleto/Desktop/manuscript_Mpro/naturecomm/supplementary_file_S2/6-chemical-library/molecular_docking/PDBQT/7cam_A_656_chainA/docking_656_chainA_out.pdbqt	/home/anacleto/Desktop/manuscript_Mpro/naturecomm/supplementary_file_S2/6-chemical-library/molecular_docking/PDBQT/7cam_B_656_chainB/docking_656_chainB_out.pdbqt	/home/anacleto/Desktop/manuscript_Mpro/naturecomm/supplementary_file_S2/6-chemical-library/molecular_docking/combined_complexes/7cam_656_combined/7cam_656_combined_pose_1.pdb
C1OCC1NC(=O)CNC(=O)c2cocn2	657	1	-4.862	-4.513	/home/anacleto/Desktop/manuscript_Mpro/naturecomm/supplementary_file_S2/6-chemical-library/molecular_docking/PDBQT/7cam_A_657_chainA/docking_657_chainA_out.pdbqt	/home/anacleto/Desktop/manuscript_Mpro/naturecomm/supplementary_file_S2/6-chemical-library/molecular_docking/PDBQT/7cam_B_657_chainB/docking_657_chainB_out.pdbqt	/home/anacleto/Desktop/manuscript_Mpro/naturecomm/supplementary_file_S2/6-chemical-library/molecular_docking/combined_complexes/7cam_657_combined/7cam_657_combined_pose_1.pdb
C1CCCN1C(=O)CNC(=O)C2CCCC2	658	1	-5.449	-5.044	/home/anacleto/Desktop/manuscript_Mpro/naturecomm/supplementary_file_S2/6-chemical-library/molecular_docking/PDBQT/7cam_A_658_chainA/docking_658_chainA_out.pdbqt	/home/anacleto/Desktop/manuscript_Mpro/naturecomm/supplementary_file_S2/6-chemical-library/molecular_docking/PDBQT/7cam_B_658_chainB/docking_658_chainB_out.pdbqt	/home/anacleto/Desktop/manuscript_Mpro/naturecomm/supplementary_file_S2/6-chemical-library/molecular_docking/combined_complexes/7cam_658_combined/7cam_658_combined_pose_1.pdb
C1CCC1C(=O)NCCCc2nc(=O)[nH][nH]2	659	1	-6.029	-5.557	/home/anacleto/Desktop/manuscript_Mpro/naturecomm/supplementary_file_S2/6-chemical-library/molecular_docking/PDBQT/7cam_A_659_chainA/docking_659_chainA_out.pdbqt	/home/anacleto/Desktop/manuscript_Mpro/naturecomm/supplementary_file_S2/6-chemical-library/molecular_docking/PDBQT/7cam_B_659_chainB/docking_659_chainB_out.pdbqt	/home/anacleto/Desktop/manuscript_Mpro/naturecomm/supplementary_file_S2/6-chemical-library/molecular_docking/combined_complexes/7cam_659_combined/7cam_659_combined_pose_1.pdb
O=C1NCCO1	66	1	-3.017	-2.996	/home/anacleto/Desktop/manuscript_Mpro/naturecomm/supplementary_file_S2/6-chemical-library/molecular_docking/PDBQT/7cam_A_66_chainA/docking_66_chainA_out.pdbqt	/home/anacleto/Desktop/manuscript_Mpro/naturecomm/supplementary_file_S2/6-chemical-library/molecular_docking/PDBQT/7cam_B_66_chainB/docking_66_chainB_out.pdbqt	/home/anacleto/Desktop/manuscript_Mpro/naturecomm/supplementary_file_S2/6-chemical-library/molecular_docking/combined_complexes/7cam_66_combined/7cam_66_combined_pose_1.pdb
[nH]1c(=O)[nH]c(=O)cc1C(=O)N2CCNCC2	660	1	-5.416	-5.321	/home/anacleto/Desktop/manuscript_Mpro/naturecomm/supplementary_file_S2/6-chemical-library/molecular_docking/PDBQT/7cam_A_660_chainA/docking_660_chainA_out.pdbqt	/home/anacleto/Desktop/manuscript_Mpro/naturecomm/supplementary_file_S2/6-chemical-library/molecular_docking/PDBQT/7cam_B_660_chainB/docking_660_chainB_out.pdbqt	/home/anacleto/Desktop/manuscript_Mpro/naturecomm/supplementary_file_S2/6-chemical-library/molecular_docking/combined_complexes/7cam_660_combined/7cam_660_combined_pose_1.pdb
N1CCCC(C1=O)OC(=O)Cn2cncn2	661	1	-4.819	-4.502	/home/anacleto/Desktop/manuscript_Mpro/naturecomm/supplementary_file_S2/6-chemical-library/molecular_docking/PDBQT/7cam_A_661_chainA/docking_661_chainA_out.pdbqt	/home/anacleto/Desktop/manuscript_Mpro/naturecomm/supplementary_file_S2/6-chemical-library/molecular_docking/PDBQT/7cam_B_661_chainB/docking_661_chainB_out.pdbqt	/home/anacleto/Desktop/manuscript_Mpro/naturecomm/supplementary_file_S2/6-chemical-library/molecular_docking/combined_complexes/7cam_661_combined/7cam_661_combined_pose_1.pdb
C1NCC1NC(=O)CNC(=O)c2cocn2	662	1	-5.047	-4.809	/home/anacleto/Desktop/manuscript_Mpro/naturecomm/supplementary_file_S2/6-chemical-library/molecular_docking/PDBQT/7cam_A_662_chainA/docking_662_chainA_out.pdbqt	/home/anacleto/Desktop/manuscript_Mpro/naturecomm/supplementary_file_S2/6-chemical-library/molecular_docking/PDBQT/7cam_B_662_chainB/docking_662_chainB_out.pdbqt	/home/anacleto/Desktop/manuscript_Mpro/naturecomm/supplementary_file_S2/6-chemical-library/molecular_docking/combined_complexes/7cam_662_combined/7cam_662_combined_pose_1.pdb
[nH]1c(=O)[nH]c(=O)cc1C(=O)N2CCCCC2	663	1	-5.284	-4.95	/home/anacleto/Desktop/manuscript_Mpro/naturecomm/supplementary_file_S2/6-chemical-library/molecular_docking/PDBQT/7cam_A_663_chainA/docking_663_chainA_out.pdbqt	/home/anacleto/Desktop/manuscript_Mpro/naturecomm/supplementary_file_S2/6-chemical-library/molecular_docking/PDBQT/7cam_B_663_chainB/docking_663_chainB_out.pdbqt	/home/anacleto/Desktop/manuscript_Mpro/naturecomm/supplementary_file_S2/6-chemical-library/molecular_docking/combined_complexes/7cam_663_combined/7cam_663_combined_pose_1.pdb
C1CCC1NC(=O)CNC(=O)c2cocn2	664	1	-4.841	-5.108	/home/anacleto/Desktop/manuscript_Mpro/naturecomm/supplementary_file_S2/6-chemical-library/molecular_docking/PDBQT/7cam_A_664_chainA/docking_664_chainA_out.pdbqt	/home/anacleto/Desktop/manuscript_Mpro/naturecomm/supplementary_file_S2/6-chemical-library/molecular_docking/PDBQT/7cam_B_664_chainB/docking_664_chainB_out.pdbqt	/home/anacleto/Desktop/manuscript_Mpro/naturecomm/supplementary_file_S2/6-chemical-library/molecular_docking/combined_complexes/7cam_664_combined/7cam_664_combined_pose_1.pdb
O=C1CCC(N1)C(=O)NCCc2cnc[nH]2	665	1	-5.226	-4.966	/home/anacleto/Desktop/manuscript_Mpro/naturecomm/supplementary_file_S2/6-chemical-library/molecular_docking/PDBQT/7cam_A_665_chainA/docking_665_chainA_out.pdbqt	/home/anacleto/Desktop/manuscript_Mpro/naturecomm/supplementary_file_S2/6-chemical-library/molecular_docking/PDBQT/7cam_B_665_chainB/docking_665_chainB_out.pdbqt	/home/anacleto/Desktop/manuscript_Mpro/naturecomm/supplementary_file_S2/6-chemical-library/molecular_docking/combined_complexes/7cam_665_combined/7cam_665_combined_pose_1.pdb
O=C1CCC(N1)C(=O)NCCc2c[nH]cn2	666	1	-5.111	-4.954	/home/anacleto/Desktop/manuscript_Mpro/naturecomm/supplementary_file_S2/6-chemical-library/molecular_docking/PDBQT/7cam_A_666_chainA/docking_666_chainA_out.pdbqt	/home/anacleto/Desktop/manuscript_Mpro/naturecomm/supplementary_file_S2/6-chemical-library/molecular_docking/PDBQT/7cam_B_666_chainB/docking_666_chainB_out.pdbqt	/home/anacleto/Desktop/manuscript_Mpro/naturecomm/supplementary_file_S2/6-chemical-library/molecular_docking/combined_complexes/7cam_666_combined/7cam_666_combined_pose_1.pdb
[nH]1cncc1CCC(=O)NC2CCCCC2	667	1	-5.393	-5.201	/home/anacleto/Desktop/manuscript_Mpro/naturecomm/supplementary_file_S2/6-chemical-library/molecular_docking/PDBQT/7cam_A_667_chainA/docking_667_chainA_out.pdbqt	/home/anacleto/Desktop/manuscript_Mpro/naturecomm/supplementary_file_S2/6-chemical-library/molecular_docking/PDBQT/7cam_B_667_chainB/docking_667_chainB_out.pdbqt	/home/anacleto/Desktop/manuscript_Mpro/naturecomm/supplementary_file_S2/6-chemical-library/molecular_docking/combined_complexes/7cam_667_combined/7cam_667_combined_pose_1.pdb
o1cccc1C(=O)NCCC2CCCCC2	668	1	-5.344	-5.287	/home/anacleto/Desktop/manuscript_Mpro/naturecomm/supplementary_file_S2/6-chemical-library/molecular_docking/PDBQT/7cam_A_668_chainA/docking_668_chainA_out.pdbqt	/home/anacleto/Desktop/manuscript_Mpro/naturecomm/supplementary_file_S2/6-chemical-library/molecular_docking/PDBQT/7cam_B_668_chainB/docking_668_chainB_out.pdbqt	/home/anacleto/Desktop/manuscript_Mpro/naturecomm/supplementary_file_S2/6-chemical-library/molecular_docking/combined_complexes/7cam_668_combined/7cam_668_combined_pose_1.pdb
N1CCNCC1C(=O)NCc2ccccn2	669	1	-5.349	-4.996	/home/anacleto/Desktop/manuscript_Mpro/naturecomm/supplementary_file_S2/6-chemical-library/molecular_docking/PDBQT/7cam_A_669_chainA/docking_669_chainA_out.pdbqt	/home/anacleto/Desktop/manuscript_Mpro/naturecomm/supplementary_file_S2/6-chemical-library/molecular_docking/PDBQT/7cam_B_669_chainB/docking_669_chainB_out.pdbqt	/home/anacleto/Desktop/manuscript_Mpro/naturecomm/supplementary_file_S2/6-chemical-library/molecular_docking/combined_complexes/7cam_669_combined/7cam_669_combined_pose_1.pdb
C1CNCCN1	67	1	-3.151	-3.072	/home/anacleto/Desktop/manuscript_Mpro/naturecomm/supplementary_file_S2/6-chemical-library/molecular_docking/PDBQT/7cam_A_67_chainA/docking_67_chainA_out.pdbqt	/home/anacleto/Desktop/manuscript_Mpro/naturecomm/supplementary_file_S2/6-chemical-library/molecular_docking/PDBQT/7cam_B_67_chainB/docking_67_chainB_out.pdbqt	/home/anacleto/Desktop/manuscript_Mpro/naturecomm/supplementary_file_S2/6-chemical-library/molecular_docking/combined_complexes/7cam_67_combined/7cam_67_combined_pose_1.pdb
C1CNCCN1CC(=O)Nc2cccnc2	670	1	-5.08	-4.847	/home/anacleto/Desktop/manuscript_Mpro/naturecomm/supplementary_file_S2/6-chemical-library/molecular_docking/PDBQT/7cam_A_670_chainA/docking_670_chainA_out.pdbqt	/home/anacleto/Desktop/manuscript_Mpro/naturecomm/supplementary_file_S2/6-chemical-library/molecular_docking/PDBQT/7cam_B_670_chainB/docking_670_chainB_out.pdbqt	/home/anacleto/Desktop/manuscript_Mpro/naturecomm/supplementary_file_S2/6-chemical-library/molecular_docking/combined_complexes/7cam_670_combined/7cam_670_combined_pose_1.pdb
c1ncccc1CC(=O)NCC2CCOC2	671	1	-4.932	-4.804	/home/anacleto/Desktop/manuscript_Mpro/naturecomm/supplementary_file_S2/6-chemical-library/molecular_docking/PDBQT/7cam_A_671_chainA/docking_671_chainA_out.pdbqt	/home/anacleto/Desktop/manuscript_Mpro/naturecomm/supplementary_file_S2/6-chemical-library/molecular_docking/PDBQT/7cam_B_671_chainB/docking_671_chainB_out.pdbqt	/home/anacleto/Desktop/manuscript_Mpro/naturecomm/supplementary_file_S2/6-chemical-library/molecular_docking/combined_complexes/7cam_671_combined/7cam_671_combined_pose_1.pdb
O1CCNCC1C(=O)NCc2ccccc2	672	1	-5.117	-5.247	/home/anacleto/Desktop/manuscript_Mpro/naturecomm/supplementary_file_S2/6-chemical-library/molecular_docking/PDBQT/7cam_A_672_chainA/docking_672_chainA_out.pdbqt	/home/anacleto/Desktop/manuscript_Mpro/naturecomm/supplementary_file_S2/6-chemical-library/molecular_docking/PDBQT/7cam_B_672_chainB/docking_672_chainB_out.pdbqt	/home/anacleto/Desktop/manuscript_Mpro/naturecomm/supplementary_file_S2/6-chemical-library/molecular_docking/combined_complexes/7cam_672_combined/7cam_672_combined_pose_1.pdb
O1CCCC1CNC(=O)Cc2cccnc2	673	1	-5.103	-5.048	/home/anacleto/Desktop/manuscript_Mpro/naturecomm/supplementary_file_S2/6-chemical-library/molecular_docking/PDBQT/7cam_A_673_chainA/docking_673_chainA_out.pdbqt	/home/anacleto/Desktop/manuscript_Mpro/naturecomm/supplementary_file_S2/6-chemical-library/molecular_docking/PDBQT/7cam_B_673_chainB/docking_673_chainB_out.pdbqt	/home/anacleto/Desktop/manuscript_Mpro/naturecomm/supplementary_file_S2/6-chemical-library/molecular_docking/combined_complexes/7cam_673_combined/7cam_673_combined_pose_1.pdb
C1OCCC1NC(=O)CNc2ccccc2	674	1	-5.196	-5.051	/home/anacleto/Desktop/manuscript_Mpro/naturecomm/supplementary_file_S2/6-chemical-library/molecular_docking/PDBQT/7cam_A_674_chainA/docking_674_chainA_out.pdbqt	/home/anacleto/Desktop/manuscript_Mpro/naturecomm/supplementary_file_S2/6-chemical-library/molecular_docking/PDBQT/7cam_B_674_chainB/docking_674_chainB_out.pdbqt	/home/anacleto/Desktop/manuscript_Mpro/naturecomm/supplementary_file_S2/6-chemical-library/molecular_docking/combined_complexes/7cam_674_combined/7cam_674_combined_pose_1.pdb
C1COCCN1C(=O)NCc2ccccc2	675	1	-5.034	-5.098	/home/anacleto/Desktop/manuscript_Mpro/naturecomm/supplementary_file_S2/6-chemical-library/molecular_docking/PDBQT/7cam_A_675_chainA/docking_675_chainA_out.pdbqt	/home/anacleto/Desktop/manuscript_Mpro/naturecomm/supplementary_file_S2/6-chemical-library/molecular_docking/PDBQT/7cam_B_675_chainB/docking_675_chainB_out.pdbqt	/home/anacleto/Desktop/manuscript_Mpro/naturecomm/supplementary_file_S2/6-chemical-library/molecular_docking/combined_complexes/7cam_675_combined/7cam_675_combined_pose_1.pdb
C1COCCN1C(=O)CNc2ccccc2	676	1	-5.302	-5.148	/home/anacleto/Desktop/manuscript_Mpro/naturecomm/supplementary_file_S2/6-chemical-library/molecular_docking/PDBQT/7cam_A_676_chainA/docking_676_chainA_out.pdbqt	/home/anacleto/Desktop/manuscript_Mpro/naturecomm/supplementary_file_S2/6-chemical-library/molecular_docking/PDBQT/7cam_B_676_chainB/docking_676_chainB_out.pdbqt	/home/anacleto/Desktop/manuscript_Mpro/naturecomm/supplementary_file_S2/6-chemical-library/molecular_docking/combined_complexes/7cam_676_combined/7cam_676_combined_pose_1.pdb
C1COCCC1NC(=O)Cc2cccnc2	677	1	-5.195	-5.112	/home/anacleto/Desktop/manuscript_Mpro/naturecomm/supplementary_file_S2/6-chemical-library/molecular_docking/PDBQT/7cam_A_677_chainA/docking_677_chainA_out.pdbqt	/home/anacleto/Desktop/manuscript_Mpro/naturecomm/supplementary_file_S2/6-chemical-library/molecular_docking/PDBQT/7cam_B_677_chainB/docking_677_chainB_out.pdbqt	/home/anacleto/Desktop/manuscript_Mpro/naturecomm/supplementary_file_S2/6-chemical-library/molecular_docking/combined_complexes/7cam_677_combined/7cam_677_combined_pose_1.pdb
C1CCCCN1CCOCc2ccccc2	678	1	-4.836	-4.515	/home/anacleto/Desktop/manuscript_Mpro/naturecomm/supplementary_file_S2/6-chemical-library/molecular_docking/PDBQT/7cam_A_678_chainA/docking_678_chainA_out.pdbqt	/home/anacleto/Desktop/manuscript_Mpro/naturecomm/supplementary_file_S2/6-chemical-library/molecular_docking/PDBQT/7cam_B_678_chainB/docking_678_chainB_out.pdbqt	/home/anacleto/Desktop/manuscript_Mpro/naturecomm/supplementary_file_S2/6-chemical-library/molecular_docking/combined_complexes/7cam_678_combined/7cam_678_combined_pose_1.pdb
n1ccncc1C(=O)NCC2CCCCC2	679	1	-4.958	-5.202	/home/anacleto/Desktop/manuscript_Mpro/naturecomm/supplementary_file_S2/6-chemical-library/molecular_docking/PDBQT/7cam_A_679_chainA/docking_679_chainA_out.pdbqt	/home/anacleto/Desktop/manuscript_Mpro/naturecomm/supplementary_file_S2/6-chemical-library/molecular_docking/PDBQT/7cam_B_679_chainB/docking_679_chainB_out.pdbqt	/home/anacleto/Desktop/manuscript_Mpro/naturecomm/supplementary_file_S2/6-chemical-library/molecular_docking/combined_complexes/7cam_679_combined/7cam_679_combined_pose_1.pdb
C1CCOCC1	68	1	-2.99	-2.819	/home/anacleto/Desktop/manuscript_Mpro/naturecomm/supplementary_file_S2/6-chemical-library/molecular_docking/PDBQT/7cam_A_68_chainA/docking_68_chainA_out.pdbqt	/home/anacleto/Desktop/manuscript_Mpro/naturecomm/supplementary_file_S2/6-chemical-library/molecular_docking/PDBQT/7cam_B_68_chainB/docking_68_chainB_out.pdbqt	/home/anacleto/Desktop/manuscript_Mpro/naturecomm/supplementary_file_S2/6-chemical-library/molecular_docking/combined_complexes/7cam_68_combined/7cam_68_combined_pose_1.pdb
N1CCNCC1C(=O)NCc2ccccc2	680	1	-5.494	-5.201	/home/anacleto/Desktop/manuscript_Mpro/naturecomm/supplementary_file_S2/6-chemical-library/molecular_docking/PDBQT/7cam_A_680_chainA/docking_680_chainA_out.pdbqt	/home/anacleto/Desktop/manuscript_Mpro/naturecomm/supplementary_file_S2/6-chemical-library/molecular_docking/PDBQT/7cam_B_680_chainB/docking_680_chainB_out.pdbqt	/home/anacleto/Desktop/manuscript_Mpro/naturecomm/supplementary_file_S2/6-chemical-library/molecular_docking/combined_complexes/7cam_680_combined/7cam_680_combined_pose_1.pdb
C1NCCC1NC(=O)CNc2ccccc2	681	1	-5.331	-5.156	/home/anacleto/Desktop/manuscript_Mpro/naturecomm/supplementary_file_S2/6-chemical-library/molecular_docking/PDBQT/7cam_A_681_chainA/docking_681_chainA_out.pdbqt	/home/anacleto/Desktop/manuscript_Mpro/naturecomm/supplementary_file_S2/6-chemical-library/molecular_docking/PDBQT/7cam_B_681_chainB/docking_681_chainB_out.pdbqt	/home/anacleto/Desktop/manuscript_Mpro/naturecomm/supplementary_file_S2/6-chemical-library/molecular_docking/combined_complexes/7cam_681_combined/7cam_681_combined_pose_1.pdb
C1CNCCN1C(=O)CNc2ccccc2	682	1	-5.556	-5.415	/home/anacleto/Desktop/manuscript_Mpro/naturecomm/supplementary_file_S2/6-chemical-library/molecular_docking/PDBQT/7cam_A_682_chainA/docking_682_chainA_out.pdbqt	/home/anacleto/Desktop/manuscript_Mpro/naturecomm/supplementary_file_S2/6-chemical-library/molecular_docking/PDBQT/7cam_B_682_chainB/docking_682_chainB_out.pdbqt	/home/anacleto/Desktop/manuscript_Mpro/naturecomm/supplementary_file_S2/6-chemical-library/molecular_docking/combined_complexes/7cam_682_combined/7cam_682_combined_pose_1.pdb
C1CCCCN1CC(=O)Nc2cccnc2	683	1	-4.977	-5.011	/home/anacleto/Desktop/manuscript_Mpro/naturecomm/supplementary_file_S2/6-chemical-library/molecular_docking/PDBQT/7cam_A_683_chainA/docking_683_chainA_out.pdbqt	/home/anacleto/Desktop/manuscript_Mpro/naturecomm/supplementary_file_S2/6-chemical-library/molecular_docking/PDBQT/7cam_B_683_chainB/docking_683_chainB_out.pdbqt	/home/anacleto/Desktop/manuscript_Mpro/naturecomm/supplementary_file_S2/6-chemical-library/molecular_docking/combined_complexes/7cam_683_combined/7cam_683_combined_pose_1.pdb
c1ccccc1C(=O)NCC2CCOCC2	684	1	-5.304	-5.353	/home/anacleto/Desktop/manuscript_Mpro/naturecomm/supplementary_file_S2/6-chemical-library/molecular_docking/PDBQT/7cam_A_684_chainA/docking_684_chainA_out.pdbqt	/home/anacleto/Desktop/manuscript_Mpro/naturecomm/supplementary_file_S2/6-chemical-library/molecular_docking/PDBQT/7cam_B_684_chainB/docking_684_chainB_out.pdbqt	/home/anacleto/Desktop/manuscript_Mpro/naturecomm/supplementary_file_S2/6-chemical-library/molecular_docking/combined_complexes/7cam_684_combined/7cam_684_combined_pose_1.pdb
C1OCCCC1C(=O)NCc2ccccc2	685	1	-5.225	-5.193	/home/anacleto/Desktop/manuscript_Mpro/naturecomm/supplementary_file_S2/6-chemical-library/molecular_docking/PDBQT/7cam_A_685_chainA/docking_685_chainA_out.pdbqt	/home/anacleto/Desktop/manuscript_Mpro/naturecomm/supplementary_file_S2/6-chemical-library/molecular_docking/PDBQT/7cam_B_685_chainB/docking_685_chainB_out.pdbqt	/home/anacleto/Desktop/manuscript_Mpro/naturecomm/supplementary_file_S2/6-chemical-library/molecular_docking/combined_complexes/7cam_685_combined/7cam_685_combined_pose_1.pdb
[nH]1[nH]c(=O)nc1C(=O)NCc2cccnc2	686	1	-5.683	-5.686	/home/anacleto/Desktop/manuscript_Mpro/naturecomm/supplementary_file_S2/6-chemical-library/molecular_docking/PDBQT/7cam_A_686_chainA/docking_686_chainA_out.pdbqt	/home/anacleto/Desktop/manuscript_Mpro/naturecomm/supplementary_file_S2/6-chemical-library/molecular_docking/PDBQT/7cam_B_686_chainB/docking_686_chainB_out.pdbqt	/home/anacleto/Desktop/manuscript_Mpro/naturecomm/supplementary_file_S2/6-chemical-library/molecular_docking/combined_complexes/7cam_686_combined/7cam_686_combined_pose_1.pdb
n1cocc1C(=O)NCc2ccc(=O)[nH]c2	687	1	-5.5	-4.83	/home/anacleto/Desktop/manuscript_Mpro/naturecomm/supplementary_file_S2/6-chemical-library/molecular_docking/PDBQT/7cam_A_687_chainA/docking_687_chainA_out.pdbqt	/home/anacleto/Desktop/manuscript_Mpro/naturecomm/supplementary_file_S2/6-chemical-library/molecular_docking/PDBQT/7cam_B_687_chainB/docking_687_chainB_out.pdbqt	/home/anacleto/Desktop/manuscript_Mpro/naturecomm/supplementary_file_S2/6-chemical-library/molecular_docking/combined_complexes/7cam_687_combined/7cam_687_combined_pose_1.pdb
n1cocc1C(=O)NCc2c(=O)[nH]ccc2	688	1	-5.667	-5.135	/home/anacleto/Desktop/manuscript_Mpro/naturecomm/supplementary_file_S2/6-chemical-library/molecular_docking/PDBQT/7cam_A_688_chainA/docking_688_chainA_out.pdbqt	/home/anacleto/Desktop/manuscript_Mpro/naturecomm/supplementary_file_S2/6-chemical-library/molecular_docking/PDBQT/7cam_B_688_chainB/docking_688_chainB_out.pdbqt	/home/anacleto/Desktop/manuscript_Mpro/naturecomm/supplementary_file_S2/6-chemical-library/molecular_docking/combined_complexes/7cam_688_combined/7cam_688_combined_pose_1.pdb
C1CCCCC1CCNCc2cccnc2	689	1	-4.638	-4.449	/home/anacleto/Desktop/manuscript_Mpro/naturecomm/supplementary_file_S2/6-chemical-library/molecular_docking/PDBQT/7cam_A_689_chainA/docking_689_chainA_out.pdbqt	/home/anacleto/Desktop/manuscript_Mpro/naturecomm/supplementary_file_S2/6-chemical-library/molecular_docking/PDBQT/7cam_B_689_chainB/docking_689_chainB_out.pdbqt	/home/anacleto/Desktop/manuscript_Mpro/naturecomm/supplementary_file_S2/6-chemical-library/molecular_docking/combined_complexes/7cam_689_combined/7cam_689_combined_pose_1.pdb
O=C1NCCN1	69	1	-3.167	-3.145	/home/anacleto/Desktop/manuscript_Mpro/naturecomm/supplementary_file_S2/6-chemical-library/molecular_docking/PDBQT/7cam_A_69_chainA/docking_69_chainA_out.pdbqt	/home/anacleto/Desktop/manuscript_Mpro/naturecomm/supplementary_file_S2/6-chemical-library/molecular_docking/PDBQT/7cam_B_69_chainB/docking_69_chainB_out.pdbqt	/home/anacleto/Desktop/manuscript_Mpro/naturecomm/supplementary_file_S2/6-chemical-library/molecular_docking/combined_complexes/7cam_69_combined/7cam_69_combined_pose_1.pdb
C1CCCCN1C(=O)CNc2ccccc2	690	1	-5.584	-5.179	/home/anacleto/Desktop/manuscript_Mpro/naturecomm/supplementary_file_S2/6-chemical-library/molecular_docking/PDBQT/7cam_A_690_chainA/docking_690_chainA_out.pdbqt	/home/anacleto/Desktop/manuscript_Mpro/naturecomm/supplementary_file_S2/6-chemical-library/molecular_docking/PDBQT/7cam_B_690_chainB/docking_690_chainB_out.pdbqt	/home/anacleto/Desktop/manuscript_Mpro/naturecomm/supplementary_file_S2/6-chemical-library/molecular_docking/combined_complexes/7cam_690_combined/7cam_690_combined_pose_1.pdb
C1CCCCC1NC(=O)Cc2cccnc2	691	1	-5.361	-5.267	/home/anacleto/Desktop/manuscript_Mpro/naturecomm/supplementary_file_S2/6-chemical-library/molecular_docking/PDBQT/7cam_A_691_chainA/docking_691_chainA_out.pdbqt	/home/anacleto/Desktop/manuscript_Mpro/naturecomm/supplementary_file_S2/6-chemical-library/molecular_docking/PDBQT/7cam_B_691_chainB/docking_691_chainB_out.pdbqt	/home/anacleto/Desktop/manuscript_Mpro/naturecomm/supplementary_file_S2/6-chemical-library/molecular_docking/combined_complexes/7cam_691_combined/7cam_691_combined_pose_1.pdb
C1CCCC1NC(=O)CNc2ccccc2	692	1	-5.337	-5.139	/home/anacleto/Desktop/manuscript_Mpro/naturecomm/supplementary_file_S2/6-chemical-library/molecular_docking/PDBQT/7cam_A_692_chainA/docking_692_chainA_out.pdbqt	/home/anacleto/Desktop/manuscript_Mpro/naturecomm/supplementary_file_S2/6-chemical-library/molecular_docking/PDBQT/7cam_B_692_chainB/docking_692_chainB_out.pdbqt	/home/anacleto/Desktop/manuscript_Mpro/naturecomm/supplementary_file_S2/6-chemical-library/molecular_docking/combined_complexes/7cam_692_combined/7cam_692_combined_pose_1.pdb
O=C1CC(CN1)NC(=O)Cc2ccccc2	693	1	-5.287	-5.105	/home/anacleto/Desktop/manuscript_Mpro/naturecomm/supplementary_file_S2/6-chemical-library/molecular_docking/PDBQT/7cam_A_693_chainA/docking_693_chainA_out.pdbqt	/home/anacleto/Desktop/manuscript_Mpro/naturecomm/supplementary_file_S2/6-chemical-library/molecular_docking/PDBQT/7cam_B_693_chainB/docking_693_chainB_out.pdbqt	/home/anacleto/Desktop/manuscript_Mpro/naturecomm/supplementary_file_S2/6-chemical-library/molecular_docking/combined_complexes/7cam_693_combined/7cam_693_combined_pose_1.pdb
N1CCC(C1=O)NC(=O)Cc2ccccc2	694	1	-5.256	-5.413	/home/anacleto/Desktop/manuscript_Mpro/naturecomm/supplementary_file_S2/6-chemical-library/molecular_docking/PDBQT/7cam_A_694_chainA/docking_694_chainA_out.pdbqt	/home/anacleto/Desktop/manuscript_Mpro/naturecomm/supplementary_file_S2/6-chemical-library/molecular_docking/PDBQT/7cam_B_694_chainB/docking_694_chainB_out.pdbqt	/home/anacleto/Desktop/manuscript_Mpro/naturecomm/supplementary_file_S2/6-chemical-library/molecular_docking/combined_complexes/7cam_694_combined/7cam_694_combined_pose_1.pdb
o1ncnc1CNC(=O)Cc2cccnc2	695	1	-5.006	-4.988	/home/anacleto/Desktop/manuscript_Mpro/naturecomm/supplementary_file_S2/6-chemical-library/molecular_docking/PDBQT/7cam_A_695_chainA/docking_695_chainA_out.pdbqt	/home/anacleto/Desktop/manuscript_Mpro/naturecomm/supplementary_file_S2/6-chemical-library/molecular_docking/PDBQT/7cam_B_695_chainB/docking_695_chainB_out.pdbqt	/home/anacleto/Desktop/manuscript_Mpro/naturecomm/supplementary_file_S2/6-chemical-library/molecular_docking/combined_complexes/7cam_695_combined/7cam_695_combined_pose_1.pdb
o1cccc1CNC(=O)Nc2cncnc2	696	1	-5.016	-5.223	/home/anacleto/Desktop/manuscript_Mpro/naturecomm/supplementary_file_S2/6-chemical-library/molecular_docking/PDBQT/7cam_A_696_chainA/docking_696_chainA_out.pdbqt	/home/anacleto/Desktop/manuscript_Mpro/naturecomm/supplementary_file_S2/6-chemical-library/molecular_docking/PDBQT/7cam_B_696_chainB/docking_696_chainB_out.pdbqt	/home/anacleto/Desktop/manuscript_Mpro/naturecomm/supplementary_file_S2/6-chemical-library/molecular_docking/combined_complexes/7cam_696_combined/7cam_696_combined_pose_1.pdb
[nH]1c(=O)[nH]cc1C(=O)NCc2cccnc2	697	1	-5.502	-5.442	/home/anacleto/Desktop/manuscript_Mpro/naturecomm/supplementary_file_S2/6-chemical-library/molecular_docking/PDBQT/7cam_A_697_chainA/docking_697_chainA_out.pdbqt	/home/anacleto/Desktop/manuscript_Mpro/naturecomm/supplementary_file_S2/6-chemical-library/molecular_docking/PDBQT/7cam_B_697_chainB/docking_697_chainB_out.pdbqt	/home/anacleto/Desktop/manuscript_Mpro/naturecomm/supplementary_file_S2/6-chemical-library/molecular_docking/combined_complexes/7cam_697_combined/7cam_697_combined_pose_1.pdb
[nH]1c(=O)[nH]c(=O)n(c1=N)Cc2ccccc2	698	1	-5.554	-5.541	/home/anacleto/Desktop/manuscript_Mpro/naturecomm/supplementary_file_S2/6-chemical-library/molecular_docking/PDBQT/7cam_A_698_chainA/docking_698_chainA_out.pdbqt	/home/anacleto/Desktop/manuscript_Mpro/naturecomm/supplementary_file_S2/6-chemical-library/molecular_docking/PDBQT/7cam_B_698_chainB/docking_698_chainB_out.pdbqt	/home/anacleto/Desktop/manuscript_Mpro/naturecomm/supplementary_file_S2/6-chemical-library/molecular_docking/combined_complexes/7cam_698_combined/7cam_698_combined_pose_1.pdb
[nH]1[nH]c(=O)cc1C(=O)NCc2cccnc2	699	1	-5.776	-5.79	/home/anacleto/Desktop/manuscript_Mpro/naturecomm/supplementary_file_S2/6-chemical-library/molecular_docking/PDBQT/7cam_A_699_chainA/docking_699_chainA_out.pdbqt	/home/anacleto/Desktop/manuscript_Mpro/naturecomm/supplementary_file_S2/6-chemical-library/molecular_docking/PDBQT/7cam_B_699_chainB/docking_699_chainB_out.pdbqt	/home/anacleto/Desktop/manuscript_Mpro/naturecomm/supplementary_file_S2/6-chemical-library/molecular_docking/combined_complexes/7cam_699_combined/7cam_699_combined_pose_1.pdb
C=C1C(=O)NC(=O)S1	7	1	-3.713	-3.396	/home/anacleto/Desktop/manuscript_Mpro/naturecomm/supplementary_file_S2/6-chemical-library/molecular_docking/PDBQT/7cam_A_7_chainA/docking_7_chainA_out.pdbqt	/home/anacleto/Desktop/manuscript_Mpro/naturecomm/supplementary_file_S2/6-chemical-library/molecular_docking/PDBQT/7cam_B_7_chainB/docking_7_chainB_out.pdbqt	/home/anacleto/Desktop/manuscript_Mpro/naturecomm/supplementary_file_S2/6-chemical-library/molecular_docking/combined_complexes/7cam_7_combined/7cam_7_combined_pose_1.pdb
O=C1CCOC1	70	1	-2.972	-2.469	/home/anacleto/Desktop/manuscript_Mpro/naturecomm/supplementary_file_S2/6-chemical-library/molecular_docking/PDBQT/7cam_A_70_chainA/docking_70_chainA_out.pdbqt	/home/anacleto/Desktop/manuscript_Mpro/naturecomm/supplementary_file_S2/6-chemical-library/molecular_docking/PDBQT/7cam_B_70_chainB/docking_70_chainB_out.pdbqt	/home/anacleto/Desktop/manuscript_Mpro/naturecomm/supplementary_file_S2/6-chemical-library/molecular_docking/combined_complexes/7cam_70_combined/7cam_70_combined_pose_1.pdb
c1ccccc1C(=O)CCN2CCCCC2	700	1	-4.759	-5.213	/home/anacleto/Desktop/manuscript_Mpro/naturecomm/supplementary_file_S2/6-chemical-library/molecular_docking/PDBQT/7cam_A_700_chainA/docking_700_chainA_out.pdbqt	/home/anacleto/Desktop/manuscript_Mpro/naturecomm/supplementary_file_S2/6-chemical-library/molecular_docking/PDBQT/7cam_B_700_chainB/docking_700_chainB_out.pdbqt	/home/anacleto/Desktop/manuscript_Mpro/naturecomm/supplementary_file_S2/6-chemical-library/molecular_docking/combined_complexes/7cam_700_combined/7cam_700_combined_pose_1.pdb
n1ncnn1CC(=O)NCc2ccccc2	701	1	-4.87	-4.638	/home/anacleto/Desktop/manuscript_Mpro/naturecomm/supplementary_file_S2/6-chemical-library/molecular_docking/PDBQT/7cam_A_701_chainA/docking_701_chainA_out.pdbqt	/home/anacleto/Desktop/manuscript_Mpro/naturecomm/supplementary_file_S2/6-chemical-library/molecular_docking/PDBQT/7cam_B_701_chainB/docking_701_chainB_out.pdbqt	/home/anacleto/Desktop/manuscript_Mpro/naturecomm/supplementary_file_S2/6-chemical-library/molecular_docking/combined_complexes/7cam_701_combined/7cam_701_combined_pose_1.pdb
o1cncc1CNC(=O)Cc2cccnc2	702	1	-5.039	-4.812	/home/anacleto/Desktop/manuscript_Mpro/naturecomm/supplementary_file_S2/6-chemical-library/molecular_docking/PDBQT/7cam_A_702_chainA/docking_702_chainA_out.pdbqt	/home/anacleto/Desktop/manuscript_Mpro/naturecomm/supplementary_file_S2/6-chemical-library/molecular_docking/PDBQT/7cam_B_702_chainB/docking_702_chainB_out.pdbqt	/home/anacleto/Desktop/manuscript_Mpro/naturecomm/supplementary_file_S2/6-chemical-library/molecular_docking/combined_complexes/7cam_702_combined/7cam_702_combined_pose_1.pdb
n1occc1NCC(=O)Nc2ccccc2	703	1	-5.436	-5.484	/home/anacleto/Desktop/manuscript_Mpro/naturecomm/supplementary_file_S2/6-chemical-library/molecular_docking/PDBQT/7cam_A_703_chainA/docking_703_chainA_out.pdbqt	/home/anacleto/Desktop/manuscript_Mpro/naturecomm/supplementary_file_S2/6-chemical-library/molecular_docking/PDBQT/7cam_B_703_chainB/docking_703_chainB_out.pdbqt	/home/anacleto/Desktop/manuscript_Mpro/naturecomm/supplementary_file_S2/6-chemical-library/molecular_docking/combined_complexes/7cam_703_combined/7cam_703_combined_pose_1.pdb
c1[nH]c(=O)[nH]c(=O)c1CNc2ccccc2	704	1	-5.395	-5.498	/home/anacleto/Desktop/manuscript_Mpro/naturecomm/supplementary_file_S2/6-chemical-library/molecular_docking/PDBQT/7cam_A_704_chainA/docking_704_chainA_out.pdbqt	/home/anacleto/Desktop/manuscript_Mpro/naturecomm/supplementary_file_S2/6-chemical-library/molecular_docking/PDBQT/7cam_B_704_chainB/docking_704_chainB_out.pdbqt	/home/anacleto/Desktop/manuscript_Mpro/naturecomm/supplementary_file_S2/6-chemical-library/molecular_docking/combined_complexes/7cam_704_combined/7cam_704_combined_pose_1.pdb
C1CNCCN1C(=O)C=Cc2ccccc2	705	1	-5.231	-5.401	/home/anacleto/Desktop/manuscript_Mpro/naturecomm/supplementary_file_S2/6-chemical-library/molecular_docking/PDBQT/7cam_A_705_chainA/docking_705_chainA_out.pdbqt	/home/anacleto/Desktop/manuscript_Mpro/naturecomm/supplementary_file_S2/6-chemical-library/molecular_docking/PDBQT/7cam_B_705_chainB/docking_705_chainB_out.pdbqt	/home/anacleto/Desktop/manuscript_Mpro/naturecomm/supplementary_file_S2/6-chemical-library/molecular_docking/combined_complexes/7cam_705_combined/7cam_705_combined_pose_1.pdb
n1cncn1CC(=O)NCc2ccccc2	706	1	-4.817	-4.828	/home/anacleto/Desktop/manuscript_Mpro/naturecomm/supplementary_file_S2/6-chemical-library/molecular_docking/PDBQT/7cam_A_706_chainA/docking_706_chainA_out.pdbqt	/home/anacleto/Desktop/manuscript_Mpro/naturecomm/supplementary_file_S2/6-chemical-library/molecular_docking/PDBQT/7cam_B_706_chainB/docking_706_chainB_out.pdbqt	/home/anacleto/Desktop/manuscript_Mpro/naturecomm/supplementary_file_S2/6-chemical-library/molecular_docking/combined_complexes/7cam_706_combined/7cam_706_combined_pose_1.pdb
[nH]1nncc1CC(=O)NCc2ccccc2	707	1	-5.157	-5.315	/home/anacleto/Desktop/manuscript_Mpro/naturecomm/supplementary_file_S2/6-chemical-library/molecular_docking/PDBQT/7cam_A_707_chainA/docking_707_chainA_out.pdbqt	/home/anacleto/Desktop/manuscript_Mpro/naturecomm/supplementary_file_S2/6-chemical-library/molecular_docking/PDBQT/7cam_B_707_chainB/docking_707_chainB_out.pdbqt	/home/anacleto/Desktop/manuscript_Mpro/naturecomm/supplementary_file_S2/6-chemical-library/molecular_docking/combined_complexes/7cam_707_combined/7cam_707_combined_pose_1.pdb
n1nc[nH]c(=O)c1C(=O)Nc2ccccc2	708	1	-5.29	-5.055	/home/anacleto/Desktop/manuscript_Mpro/naturecomm/supplementary_file_S2/6-chemical-library/molecular_docking/PDBQT/7cam_A_708_chainA/docking_708_chainA_out.pdbqt	/home/anacleto/Desktop/manuscript_Mpro/naturecomm/supplementary_file_S2/6-chemical-library/molecular_docking/PDBQT/7cam_B_708_chainB/docking_708_chainB_out.pdbqt	/home/anacleto/Desktop/manuscript_Mpro/naturecomm/supplementary_file_S2/6-chemical-library/molecular_docking/combined_complexes/7cam_708_combined/7cam_708_combined_pose_1.pdb
[nH]1cncc1CC(=O)NCc2ccccc2	709	1	-5.099	-5.226	/home/anacleto/Desktop/manuscript_Mpro/naturecomm/supplementary_file_S2/6-chemical-library/molecular_docking/PDBQT/7cam_A_709_chainA/docking_709_chainA_out.pdbqt	/home/anacleto/Desktop/manuscript_Mpro/naturecomm/supplementary_file_S2/6-chemical-library/molecular_docking/PDBQT/7cam_B_709_chainB/docking_709_chainB_out.pdbqt	/home/anacleto/Desktop/manuscript_Mpro/naturecomm/supplementary_file_S2/6-chemical-library/molecular_docking/combined_complexes/7cam_709_combined/7cam_709_combined_pose_1.pdb
O=c1[nH]cno1	71	1	-3.049	-3.125	/home/anacleto/Desktop/manuscript_Mpro/naturecomm/supplementary_file_S2/6-chemical-library/molecular_docking/PDBQT/7cam_A_71_chainA/docking_71_chainA_out.pdbqt	/home/anacleto/Desktop/manuscript_Mpro/naturecomm/supplementary_file_S2/6-chemical-library/molecular_docking/PDBQT/7cam_B_71_chainB/docking_71_chainB_out.pdbqt	/home/anacleto/Desktop/manuscript_Mpro/naturecomm/supplementary_file_S2/6-chemical-library/molecular_docking/combined_complexes/7cam_71_combined/7cam_71_combined_pose_1.pdb
o1cccc1C(=O)NCCc2ccccc2	710	1	-5.639	-5.408	/home/anacleto/Desktop/manuscript_Mpro/naturecomm/supplementary_file_S2/6-chemical-library/molecular_docking/PDBQT/7cam_A_710_chainA/docking_710_chainA_out.pdbqt	/home/anacleto/Desktop/manuscript_Mpro/naturecomm/supplementary_file_S2/6-chemical-library/molecular_docking/PDBQT/7cam_B_710_chainB/docking_710_chainB_out.pdbqt	/home/anacleto/Desktop/manuscript_Mpro/naturecomm/supplementary_file_S2/6-chemical-library/molecular_docking/combined_complexes/7cam_710_combined/7cam_710_combined_pose_1.pdb
n1cc(=O)[nH]cc1C(=O)Nc2ccccc2	711	1	-5.507	-5.006	/home/anacleto/Desktop/manuscript_Mpro/naturecomm/supplementary_file_S2/6-chemical-library/molecular_docking/PDBQT/7cam_A_711_chainA/docking_711_chainA_out.pdbqt	/home/anacleto/Desktop/manuscript_Mpro/naturecomm/supplementary_file_S2/6-chemical-library/molecular_docking/PDBQT/7cam_B_711_chainB/docking_711_chainB_out.pdbqt	/home/anacleto/Desktop/manuscript_Mpro/naturecomm/supplementary_file_S2/6-chemical-library/molecular_docking/combined_complexes/7cam_711_combined/7cam_711_combined_pose_1.pdb
n1c[nH]c(=O)cc1C(=O)Nc2ccccc2	712	1	-5.462	-5.295	/home/anacleto/Desktop/manuscript_Mpro/naturecomm/supplementary_file_S2/6-chemical-library/molecular_docking/PDBQT/7cam_A_712_chainA/docking_712_chainA_out.pdbqt	/home/anacleto/Desktop/manuscript_Mpro/naturecomm/supplementary_file_S2/6-chemical-library/molecular_docking/PDBQT/7cam_B_712_chainB/docking_712_chainB_out.pdbqt	/home/anacleto/Desktop/manuscript_Mpro/naturecomm/supplementary_file_S2/6-chemical-library/molecular_docking/combined_complexes/7cam_712_combined/7cam_712_combined_pose_1.pdb
n1[nH]c(=O)ccc1C(=O)Nc2ccccc2	713	1	-5.791	-5.165	/home/anacleto/Desktop/manuscript_Mpro/naturecomm/supplementary_file_S2/6-chemical-library/molecular_docking/PDBQT/7cam_A_713_chainA/docking_713_chainA_out.pdbqt	/home/anacleto/Desktop/manuscript_Mpro/naturecomm/supplementary_file_S2/6-chemical-library/molecular_docking/PDBQT/7cam_B_713_chainB/docking_713_chainB_out.pdbqt	/home/anacleto/Desktop/manuscript_Mpro/naturecomm/supplementary_file_S2/6-chemical-library/molecular_docking/combined_complexes/7cam_713_combined/7cam_713_combined_pose_1.pdb
O=c(o1)cccc1C(=O)Nc2ccccc2	714	1	-5.962	-5.536	/home/anacleto/Desktop/manuscript_Mpro/naturecomm/supplementary_file_S2/6-chemical-library/molecular_docking/PDBQT/7cam_A_714_chainA/docking_714_chainA_out.pdbqt	/home/anacleto/Desktop/manuscript_Mpro/naturecomm/supplementary_file_S2/6-chemical-library/molecular_docking/PDBQT/7cam_B_714_chainB/docking_714_chainB_out.pdbqt	/home/anacleto/Desktop/manuscript_Mpro/naturecomm/supplementary_file_S2/6-chemical-library/molecular_docking/combined_complexes/7cam_714_combined/7cam_714_combined_pose_1.pdb
n1ncccc1C(=O)NCc2cccnc2	715	1	-5.165	-5.318	/home/anacleto/Desktop/manuscript_Mpro/naturecomm/supplementary_file_S2/6-chemical-library/molecular_docking/PDBQT/7cam_A_715_chainA/docking_715_chainA_out.pdbqt	/home/anacleto/Desktop/manuscript_Mpro/naturecomm/supplementary_file_S2/6-chemical-library/molecular_docking/PDBQT/7cam_B_715_chainB/docking_715_chainB_out.pdbqt	/home/anacleto/Desktop/manuscript_Mpro/naturecomm/supplementary_file_S2/6-chemical-library/molecular_docking/combined_complexes/7cam_715_combined/7cam_715_combined_pose_1.pdb
n1cnccc1C(=O)NCc2cccnc2	716	1	-5.11	-5.152	/home/anacleto/Desktop/manuscript_Mpro/naturecomm/supplementary_file_S2/6-chemical-library/molecular_docking/PDBQT/7cam_A_716_chainA/docking_716_chainA_out.pdbqt	/home/anacleto/Desktop/manuscript_Mpro/naturecomm/supplementary_file_S2/6-chemical-library/molecular_docking/PDBQT/7cam_B_716_chainB/docking_716_chainB_out.pdbqt	/home/anacleto/Desktop/manuscript_Mpro/naturecomm/supplementary_file_S2/6-chemical-library/molecular_docking/combined_complexes/7cam_716_combined/7cam_716_combined_pose_1.pdb
c1ncccc1NC(=O)Oc2ccccc2	717	1	-5.186	-5.339	/home/anacleto/Desktop/manuscript_Mpro/naturecomm/supplementary_file_S2/6-chemical-library/molecular_docking/PDBQT/7cam_A_717_chainA/docking_717_chainA_out.pdbqt	/home/anacleto/Desktop/manuscript_Mpro/naturecomm/supplementary_file_S2/6-chemical-library/molecular_docking/PDBQT/7cam_B_717_chainB/docking_717_chainB_out.pdbqt	/home/anacleto/Desktop/manuscript_Mpro/naturecomm/supplementary_file_S2/6-chemical-library/molecular_docking/combined_complexes/7cam_717_combined/7cam_717_combined_pose_1.pdb
c1ccccc1C(=O)NN=Cc2ccco2	718	1	-5.357	-5.499	/home/anacleto/Desktop/manuscript_Mpro/naturecomm/supplementary_file_S2/6-chemical-library/molecular_docking/PDBQT/7cam_A_718_chainA/docking_718_chainA_out.pdbqt	/home/anacleto/Desktop/manuscript_Mpro/naturecomm/supplementary_file_S2/6-chemical-library/molecular_docking/PDBQT/7cam_B_718_chainB/docking_718_chainB_out.pdbqt	/home/anacleto/Desktop/manuscript_Mpro/naturecomm/supplementary_file_S2/6-chemical-library/molecular_docking/combined_complexes/7cam_718_combined/7cam_718_combined_pose_1.pdb
n1ncccc1NC(=O)Cc2ccccc2	719	1	-5.214	-5.413	/home/anacleto/Desktop/manuscript_Mpro/naturecomm/supplementary_file_S2/6-chemical-library/molecular_docking/PDBQT/7cam_A_719_chainA/docking_719_chainA_out.pdbqt	/home/anacleto/Desktop/manuscript_Mpro/naturecomm/supplementary_file_S2/6-chemical-library/molecular_docking/PDBQT/7cam_B_719_chainB/docking_719_chainB_out.pdbqt	/home/anacleto/Desktop/manuscript_Mpro/naturecomm/supplementary_file_S2/6-chemical-library/molecular_docking/combined_complexes/7cam_719_combined/7cam_719_combined_pose_1.pdb
C1CCNCC1	72	1	-3.267	-3.19	/home/anacleto/Desktop/manuscript_Mpro/naturecomm/supplementary_file_S2/6-chemical-library/molecular_docking/PDBQT/7cam_A_72_chainA/docking_72_chainA_out.pdbqt	/home/anacleto/Desktop/manuscript_Mpro/naturecomm/supplementary_file_S2/6-chemical-library/molecular_docking/PDBQT/7cam_B_72_chainB/docking_72_chainB_out.pdbqt	/home/anacleto/Desktop/manuscript_Mpro/naturecomm/supplementary_file_S2/6-chemical-library/molecular_docking/combined_complexes/7cam_72_combined/7cam_72_combined_pose_1.pdb
c1ncncc1NC(=O)Cc2ccccc2	720	1	-5.199	-5.215	/home/anacleto/Desktop/manuscript_Mpro/naturecomm/supplementary_file_S2/6-chemical-library/molecular_docking/PDBQT/7cam_A_720_chainA/docking_720_chainA_out.pdbqt	/home/anacleto/Desktop/manuscript_Mpro/naturecomm/supplementary_file_S2/6-chemical-library/molecular_docking/PDBQT/7cam_B_720_chainB/docking_720_chainB_out.pdbqt	/home/anacleto/Desktop/manuscript_Mpro/naturecomm/supplementary_file_S2/6-chemical-library/molecular_docking/combined_complexes/7cam_720_combined/7cam_720_combined_pose_1.pdb
c1ncncc1CC(=O)Nc2ccccc2	721	1	-5.282	-5.172	/home/anacleto/Desktop/manuscript_Mpro/naturecomm/supplementary_file_S2/6-chemical-library/molecular_docking/PDBQT/7cam_A_721_chainA/docking_721_chainA_out.pdbqt	/home/anacleto/Desktop/manuscript_Mpro/naturecomm/supplementary_file_S2/6-chemical-library/molecular_docking/PDBQT/7cam_B_721_chainB/docking_721_chainB_out.pdbqt	/home/anacleto/Desktop/manuscript_Mpro/naturecomm/supplementary_file_S2/6-chemical-library/molecular_docking/combined_complexes/7cam_721_combined/7cam_721_combined_pose_1.pdb
c1ncccc1NC(=O)Nc2ccccc2	722	1	-5.841	-5.393	/home/anacleto/Desktop/manuscript_Mpro/naturecomm/supplementary_file_S2/6-chemical-library/molecular_docking/PDBQT/7cam_A_722_chainA/docking_722_chainA_out.pdbqt	/home/anacleto/Desktop/manuscript_Mpro/naturecomm/supplementary_file_S2/6-chemical-library/molecular_docking/PDBQT/7cam_B_722_chainB/docking_722_chainB_out.pdbqt	/home/anacleto/Desktop/manuscript_Mpro/naturecomm/supplementary_file_S2/6-chemical-library/molecular_docking/combined_complexes/7cam_722_combined/7cam_722_combined_pose_1.pdb
c1ncccc1NC(=O)Cc2cccnc2	723	1	-5.266	-5.136	/home/anacleto/Desktop/manuscript_Mpro/naturecomm/supplementary_file_S2/6-chemical-library/molecular_docking/PDBQT/7cam_A_723_chainA/docking_723_chainA_out.pdbqt	/home/anacleto/Desktop/manuscript_Mpro/naturecomm/supplementary_file_S2/6-chemical-library/molecular_docking/PDBQT/7cam_B_723_chainB/docking_723_chainB_out.pdbqt	/home/anacleto/Desktop/manuscript_Mpro/naturecomm/supplementary_file_S2/6-chemical-library/molecular_docking/combined_complexes/7cam_723_combined/7cam_723_combined_pose_1.pdb
c1cnccc1C(=O)NCc2cccnc2	724	1	-4.98	-5.176	/home/anacleto/Desktop/manuscript_Mpro/naturecomm/supplementary_file_S2/6-chemical-library/molecular_docking/PDBQT/7cam_A_724_chainA/docking_724_chainA_out.pdbqt	/home/anacleto/Desktop/manuscript_Mpro/naturecomm/supplementary_file_S2/6-chemical-library/molecular_docking/PDBQT/7cam_B_724_chainB/docking_724_chainB_out.pdbqt	/home/anacleto/Desktop/manuscript_Mpro/naturecomm/supplementary_file_S2/6-chemical-library/molecular_docking/combined_complexes/7cam_724_combined/7cam_724_combined_pose_1.pdb
o1cccc1C=CC(=O)Nc2ccccc2	725	1	-5.314	-5.361	/home/anacleto/Desktop/manuscript_Mpro/naturecomm/supplementary_file_S2/6-chemical-library/molecular_docking/PDBQT/7cam_A_725_chainA/docking_725_chainA_out.pdbqt	/home/anacleto/Desktop/manuscript_Mpro/naturecomm/supplementary_file_S2/6-chemical-library/molecular_docking/PDBQT/7cam_B_725_chainB/docking_725_chainB_out.pdbqt	/home/anacleto/Desktop/manuscript_Mpro/naturecomm/supplementary_file_S2/6-chemical-library/molecular_docking/combined_complexes/7cam_725_combined/7cam_725_combined_pose_1.pdb
c1ccccc1CCNCc2cccnc2	726	1	-4.377	-4.22	/home/anacleto/Desktop/manuscript_Mpro/naturecomm/supplementary_file_S2/6-chemical-library/molecular_docking/PDBQT/7cam_A_726_chainA/docking_726_chainA_out.pdbqt	/home/anacleto/Desktop/manuscript_Mpro/naturecomm/supplementary_file_S2/6-chemical-library/molecular_docking/PDBQT/7cam_B_726_chainB/docking_726_chainB_out.pdbqt	/home/anacleto/Desktop/manuscript_Mpro/naturecomm/supplementary_file_S2/6-chemical-library/molecular_docking/combined_complexes/7cam_726_combined/7cam_726_combined_pose_1.pdb
n1ccccc1NC(=O)Cc2ccccc2	727	1	-5.603	-5.398	/home/anacleto/Desktop/manuscript_Mpro/naturecomm/supplementary_file_S2/6-chemical-library/molecular_docking/PDBQT/7cam_A_727_chainA/docking_727_chainA_out.pdbqt	/home/anacleto/Desktop/manuscript_Mpro/naturecomm/supplementary_file_S2/6-chemical-library/molecular_docking/PDBQT/7cam_B_727_chainB/docking_727_chainB_out.pdbqt	/home/anacleto/Desktop/manuscript_Mpro/naturecomm/supplementary_file_S2/6-chemical-library/molecular_docking/combined_complexes/7cam_727_combined/7cam_727_combined_pose_1.pdb
c1ncccc1NC(=O)Cc2ccccc2	728	1	-5.205	-5.435	/home/anacleto/Desktop/manuscript_Mpro/naturecomm/supplementary_file_S2/6-chemical-library/molecular_docking/PDBQT/7cam_A_728_chainA/docking_728_chainA_out.pdbqt	/home/anacleto/Desktop/manuscript_Mpro/naturecomm/supplementary_file_S2/6-chemical-library/molecular_docking/PDBQT/7cam_B_728_chainB/docking_728_chainB_out.pdbqt	/home/anacleto/Desktop/manuscript_Mpro/naturecomm/supplementary_file_S2/6-chemical-library/molecular_docking/combined_complexes/7cam_728_combined/7cam_728_combined_pose_1.pdb
c1ncccc1CC(=O)Nc2ccccc2	729	1	-5.372	-5.341	/home/anacleto/Desktop/manuscript_Mpro/naturecomm/supplementary_file_S2/6-chemical-library/molecular_docking/PDBQT/7cam_A_729_chainA/docking_729_chainA_out.pdbqt	/home/anacleto/Desktop/manuscript_Mpro/naturecomm/supplementary_file_S2/6-chemical-library/molecular_docking/PDBQT/7cam_B_729_chainB/docking_729_chainB_out.pdbqt	/home/anacleto/Desktop/manuscript_Mpro/naturecomm/supplementary_file_S2/6-chemical-library/molecular_docking/combined_complexes/7cam_729_combined/7cam_729_combined_pose_1.pdb
O=C1CCCN1	73	1	-3.164	-3.263	/home/anacleto/Desktop/manuscript_Mpro/naturecomm/supplementary_file_S2/6-chemical-library/molecular_docking/PDBQT/7cam_A_73_chainA/docking_73_chainA_out.pdbqt	/home/anacleto/Desktop/manuscript_Mpro/naturecomm/supplementary_file_S2/6-chemical-library/molecular_docking/PDBQT/7cam_B_73_chainB/docking_73_chainB_out.pdbqt	/home/anacleto/Desktop/manuscript_Mpro/naturecomm/supplementary_file_S2/6-chemical-library/molecular_docking/combined_complexes/7cam_73_combined/7cam_73_combined_pose_1.pdb
c1cnccc1NC(=O)Cc2ccccc2	730	1	-5.164	-5.249	/home/anacleto/Desktop/manuscript_Mpro/naturecomm/supplementary_file_S2/6-chemical-library/molecular_docking/PDBQT/7cam_A_730_chainA/docking_730_chainA_out.pdbqt	/home/anacleto/Desktop/manuscript_Mpro/naturecomm/supplementary_file_S2/6-chemical-library/molecular_docking/PDBQT/7cam_B_730_chainB/docking_730_chainB_out.pdbqt	/home/anacleto/Desktop/manuscript_Mpro/naturecomm/supplementary_file_S2/6-chemical-library/molecular_docking/combined_complexes/7cam_730_combined/7cam_730_combined_pose_1.pdb
c1ccccc1NC(=O)Nc2ccccc2	731	1	-6.324	-5.559	/home/anacleto/Desktop/manuscript_Mpro/naturecomm/supplementary_file_S2/6-chemical-library/molecular_docking/PDBQT/7cam_A_731_chainA/docking_731_chainA_out.pdbqt	/home/anacleto/Desktop/manuscript_Mpro/naturecomm/supplementary_file_S2/6-chemical-library/molecular_docking/PDBQT/7cam_B_731_chainB/docking_731_chainB_out.pdbqt	/home/anacleto/Desktop/manuscript_Mpro/naturecomm/supplementary_file_S2/6-chemical-library/molecular_docking/combined_complexes/7cam_731_combined/7cam_731_combined_pose_1.pdb
c1ccccc1C(=O)NCc2cccnc2	732	1	-5.271	-5.509	/home/anacleto/Desktop/manuscript_Mpro/naturecomm/supplementary_file_S2/6-chemical-library/molecular_docking/PDBQT/7cam_A_732_chainA/docking_732_chainA_out.pdbqt	/home/anacleto/Desktop/manuscript_Mpro/naturecomm/supplementary_file_S2/6-chemical-library/molecular_docking/PDBQT/7cam_B_732_chainB/docking_732_chainB_out.pdbqt	/home/anacleto/Desktop/manuscript_Mpro/naturecomm/supplementary_file_S2/6-chemical-library/molecular_docking/combined_complexes/7cam_732_combined/7cam_732_combined_pose_1.pdb
c1ccccc1CCNCc2ccccc2	733	1	-4.627	-4.255	/home/anacleto/Desktop/manuscript_Mpro/naturecomm/supplementary_file_S2/6-chemical-library/molecular_docking/PDBQT/7cam_A_733_chainA/docking_733_chainA_out.pdbqt	/home/anacleto/Desktop/manuscript_Mpro/naturecomm/supplementary_file_S2/6-chemical-library/molecular_docking/PDBQT/7cam_B_733_chainB/docking_733_chainB_out.pdbqt	/home/anacleto/Desktop/manuscript_Mpro/naturecomm/supplementary_file_S2/6-chemical-library/molecular_docking/combined_complexes/7cam_733_combined/7cam_733_combined_pose_1.pdb
c1ccccc1NC(=O)Cc2ccccc2	734	1	-5.411	-5.405	/home/anacleto/Desktop/manuscript_Mpro/naturecomm/supplementary_file_S2/6-chemical-library/molecular_docking/PDBQT/7cam_A_734_chainA/docking_734_chainA_out.pdbqt	/home/anacleto/Desktop/manuscript_Mpro/naturecomm/supplementary_file_S2/6-chemical-library/molecular_docking/PDBQT/7cam_B_734_chainB/docking_734_chainB_out.pdbqt	/home/anacleto/Desktop/manuscript_Mpro/naturecomm/supplementary_file_S2/6-chemical-library/molecular_docking/combined_complexes/7cam_734_combined/7cam_734_combined_pose_1.pdb
c1ccccc1C(=O)NCc2ccccc2	735	1	-5.55	-5.697	/home/anacleto/Desktop/manuscript_Mpro/naturecomm/supplementary_file_S2/6-chemical-library/molecular_docking/PDBQT/7cam_A_735_chainA/docking_735_chainA_out.pdbqt	/home/anacleto/Desktop/manuscript_Mpro/naturecomm/supplementary_file_S2/6-chemical-library/molecular_docking/PDBQT/7cam_B_735_chainB/docking_735_chainB_out.pdbqt	/home/anacleto/Desktop/manuscript_Mpro/naturecomm/supplementary_file_S2/6-chemical-library/molecular_docking/combined_complexes/7cam_735_combined/7cam_735_combined_pose_1.pdb
c1ccccc1CCCCc2ccccc2	736	1	-4.512	-4.38	/home/anacleto/Desktop/manuscript_Mpro/naturecomm/supplementary_file_S2/6-chemical-library/molecular_docking/PDBQT/7cam_A_736_chainA/docking_736_chainA_out.pdbqt	/home/anacleto/Desktop/manuscript_Mpro/naturecomm/supplementary_file_S2/6-chemical-library/molecular_docking/PDBQT/7cam_B_736_chainB/docking_736_chainB_out.pdbqt	/home/anacleto/Desktop/manuscript_Mpro/naturecomm/supplementary_file_S2/6-chemical-library/molecular_docking/combined_complexes/7cam_736_combined/7cam_736_combined_pose_1.pdb
c1ccccc1C(=C)C=CC2=CCCCC2	737	1	-5.581	-5.758	/home/anacleto/Desktop/manuscript_Mpro/naturecomm/supplementary_file_S2/6-chemical-library/molecular_docking/PDBQT/7cam_A_737_chainA/docking_737_chainA_out.pdbqt	/home/anacleto/Desktop/manuscript_Mpro/naturecomm/supplementary_file_S2/6-chemical-library/molecular_docking/PDBQT/7cam_B_737_chainB/docking_737_chainB_out.pdbqt	/home/anacleto/Desktop/manuscript_Mpro/naturecomm/supplementary_file_S2/6-chemical-library/molecular_docking/combined_complexes/7cam_737_combined/7cam_737_combined_pose_1.pdb
c1ccccc1C(=O)C=Cc2ccccc2	738	1	-5.478	-5.619	/home/anacleto/Desktop/manuscript_Mpro/naturecomm/supplementary_file_S2/6-chemical-library/molecular_docking/PDBQT/7cam_A_738_chainA/docking_738_chainA_out.pdbqt	/home/anacleto/Desktop/manuscript_Mpro/naturecomm/supplementary_file_S2/6-chemical-library/molecular_docking/PDBQT/7cam_B_738_chainB/docking_738_chainB_out.pdbqt	/home/anacleto/Desktop/manuscript_Mpro/naturecomm/supplementary_file_S2/6-chemical-library/molecular_docking/combined_complexes/7cam_738_combined/7cam_738_combined_pose_1.pdb
s1cccc1CNS(=O)(=O)c2cncs2	739	1	-4.755	-4.412	/home/anacleto/Desktop/manuscript_Mpro/naturecomm/supplementary_file_S2/6-chemical-library/molecular_docking/PDBQT/7cam_A_739_chainA/docking_739_chainA_out.pdbqt	/home/anacleto/Desktop/manuscript_Mpro/naturecomm/supplementary_file_S2/6-chemical-library/molecular_docking/PDBQT/7cam_B_739_chainB/docking_739_chainB_out.pdbqt	/home/anacleto/Desktop/manuscript_Mpro/naturecomm/supplementary_file_S2/6-chemical-library/molecular_docking/combined_complexes/7cam_739_combined/7cam_739_combined_pose_1.pdb
O=c1nc[nH][nH]1	74	1	-3.415	-3.878	/home/anacleto/Desktop/manuscript_Mpro/naturecomm/supplementary_file_S2/6-chemical-library/molecular_docking/PDBQT/7cam_A_74_chainA/docking_74_chainA_out.pdbqt	/home/anacleto/Desktop/manuscript_Mpro/naturecomm/supplementary_file_S2/6-chemical-library/molecular_docking/PDBQT/7cam_B_74_chainB/docking_74_chainB_out.pdbqt	/home/anacleto/Desktop/manuscript_Mpro/naturecomm/supplementary_file_S2/6-chemical-library/molecular_docking/combined_complexes/7cam_74_combined/7cam_74_combined_pose_1.pdb
s1cccc1S(=O)(=O)N2CCCNCC2	740	1	-4.631	-4.531	/home/anacleto/Desktop/manuscript_Mpro/naturecomm/supplementary_file_S2/6-chemical-library/molecular_docking/PDBQT/7cam_A_740_chainA/docking_740_chainA_out.pdbqt	/home/anacleto/Desktop/manuscript_Mpro/naturecomm/supplementary_file_S2/6-chemical-library/molecular_docking/PDBQT/7cam_B_740_chainB/docking_740_chainB_out.pdbqt	/home/anacleto/Desktop/manuscript_Mpro/naturecomm/supplementary_file_S2/6-chemical-library/molecular_docking/combined_complexes/7cam_740_combined/7cam_740_combined_pose_1.pdb
s1cccc1S(=O)(=O)N(CC2)CCC2=O	741	1	-4.541	-4.411	/home/anacleto/Desktop/manuscript_Mpro/naturecomm/supplementary_file_S2/6-chemical-library/molecular_docking/PDBQT/7cam_A_741_chainA/docking_741_chainA_out.pdbqt	/home/anacleto/Desktop/manuscript_Mpro/naturecomm/supplementary_file_S2/6-chemical-library/molecular_docking/PDBQT/7cam_B_741_chainB/docking_741_chainB_out.pdbqt	/home/anacleto/Desktop/manuscript_Mpro/naturecomm/supplementary_file_S2/6-chemical-library/molecular_docking/combined_complexes/7cam_741_combined/7cam_741_combined_pose_1.pdb
c1sccc1S(=O)(=O)Nc2ccccc2	742	1	-4.956	-4.886	/home/anacleto/Desktop/manuscript_Mpro/naturecomm/supplementary_file_S2/6-chemical-library/molecular_docking/PDBQT/7cam_A_742_chainA/docking_742_chainA_out.pdbqt	/home/anacleto/Desktop/manuscript_Mpro/naturecomm/supplementary_file_S2/6-chemical-library/molecular_docking/PDBQT/7cam_B_742_chainB/docking_742_chainB_out.pdbqt	/home/anacleto/Desktop/manuscript_Mpro/naturecomm/supplementary_file_S2/6-chemical-library/molecular_docking/combined_complexes/7cam_742_combined/7cam_742_combined_pose_1.pdb
s1cccc1CNCCN2CCOCC2	743	1	-4.545	-4.18	/home/anacleto/Desktop/manuscript_Mpro/naturecomm/supplementary_file_S2/6-chemical-library/molecular_docking/PDBQT/7cam_A_743_chainA/docking_743_chainA_out.pdbqt	/home/anacleto/Desktop/manuscript_Mpro/naturecomm/supplementary_file_S2/6-chemical-library/molecular_docking/PDBQT/7cam_B_743_chainB/docking_743_chainB_out.pdbqt	/home/anacleto/Desktop/manuscript_Mpro/naturecomm/supplementary_file_S2/6-chemical-library/molecular_docking/combined_complexes/7cam_743_combined/7cam_743_combined_pose_1.pdb
c1ccccc1S(=O)(=O)N2CCNCC2	744	1	-4.765	-5.055	/home/anacleto/Desktop/manuscript_Mpro/naturecomm/supplementary_file_S2/6-chemical-library/molecular_docking/PDBQT/7cam_A_744_chainA/docking_744_chainA_out.pdbqt	/home/anacleto/Desktop/manuscript_Mpro/naturecomm/supplementary_file_S2/6-chemical-library/molecular_docking/PDBQT/7cam_B_744_chainB/docking_744_chainB_out.pdbqt	/home/anacleto/Desktop/manuscript_Mpro/naturecomm/supplementary_file_S2/6-chemical-library/molecular_docking/combined_complexes/7cam_744_combined/7cam_744_combined_pose_1.pdb
c1ccccc1CNS(=O)(=O)N2CCC2	745	1	-4.784	-4.657	/home/anacleto/Desktop/manuscript_Mpro/naturecomm/supplementary_file_S2/6-chemical-library/molecular_docking/PDBQT/7cam_A_745_chainA/docking_745_chainA_out.pdbqt	/home/anacleto/Desktop/manuscript_Mpro/naturecomm/supplementary_file_S2/6-chemical-library/molecular_docking/PDBQT/7cam_B_745_chainB/docking_745_chainB_out.pdbqt	/home/anacleto/Desktop/manuscript_Mpro/naturecomm/supplementary_file_S2/6-chemical-library/molecular_docking/combined_complexes/7cam_745_combined/7cam_745_combined_pose_1.pdb
N1CCNCC1C(=O)NCc2cccs2	746	1	-5.106	-4.707	/home/anacleto/Desktop/manuscript_Mpro/naturecomm/supplementary_file_S2/6-chemical-library/molecular_docking/PDBQT/7cam_A_746_chainA/docking_746_chainA_out.pdbqt	/home/anacleto/Desktop/manuscript_Mpro/naturecomm/supplementary_file_S2/6-chemical-library/molecular_docking/PDBQT/7cam_B_746_chainB/docking_746_chainB_out.pdbqt	/home/anacleto/Desktop/manuscript_Mpro/naturecomm/supplementary_file_S2/6-chemical-library/molecular_docking/combined_complexes/7cam_746_combined/7cam_746_combined_pose_1.pdb
C1CC1CS(=O)(=O)NCc2ccccc2	747	1	-4.965	-4.049	/home/anacleto/Desktop/manuscript_Mpro/naturecomm/supplementary_file_S2/6-chemical-library/molecular_docking/PDBQT/7cam_A_747_chainA/docking_747_chainA_out.pdbqt	/home/anacleto/Desktop/manuscript_Mpro/naturecomm/supplementary_file_S2/6-chemical-library/molecular_docking/PDBQT/7cam_B_747_chainB/docking_747_chainB_out.pdbqt	/home/anacleto/Desktop/manuscript_Mpro/naturecomm/supplementary_file_S2/6-chemical-library/molecular_docking/combined_complexes/7cam_747_combined/7cam_747_combined_pose_1.pdb
o1cnnc1S(=O)(=O)Cc2ccccc2	748	1	-4.61	-4.626	/home/anacleto/Desktop/manuscript_Mpro/naturecomm/supplementary_file_S2/6-chemical-library/molecular_docking/PDBQT/7cam_A_748_chainA/docking_748_chainA_out.pdbqt	/home/anacleto/Desktop/manuscript_Mpro/naturecomm/supplementary_file_S2/6-chemical-library/molecular_docking/PDBQT/7cam_B_748_chainB/docking_748_chainB_out.pdbqt	/home/anacleto/Desktop/manuscript_Mpro/naturecomm/supplementary_file_S2/6-chemical-library/molecular_docking/combined_complexes/7cam_748_combined/7cam_748_combined_pose_1.pdb
C1CCCCC1CCNCc2cccs2	749	1	-4.436	-4.736	/home/anacleto/Desktop/manuscript_Mpro/naturecomm/supplementary_file_S2/6-chemical-library/molecular_docking/PDBQT/7cam_A_749_chainA/docking_749_chainA_out.pdbqt	/home/anacleto/Desktop/manuscript_Mpro/naturecomm/supplementary_file_S2/6-chemical-library/molecular_docking/PDBQT/7cam_B_749_chainB/docking_749_chainB_out.pdbqt	/home/anacleto/Desktop/manuscript_Mpro/naturecomm/supplementary_file_S2/6-chemical-library/molecular_docking/combined_complexes/7cam_749_combined/7cam_749_combined_pose_1.pdb
O=c1[nH]cn[nH]1	75	1	-3.198	-3.152	/home/anacleto/Desktop/manuscript_Mpro/naturecomm/supplementary_file_S2/6-chemical-library/molecular_docking/PDBQT/7cam_A_75_chainA/docking_75_chainA_out.pdbqt	/home/anacleto/Desktop/manuscript_Mpro/naturecomm/supplementary_file_S2/6-chemical-library/molecular_docking/PDBQT/7cam_B_75_chainB/docking_75_chainB_out.pdbqt	/home/anacleto/Desktop/manuscript_Mpro/naturecomm/supplementary_file_S2/6-chemical-library/molecular_docking/combined_complexes/7cam_75_combined/7cam_75_combined_pose_1.pdb
c1ccccc1S(=O)(=O)N2CC=CCC2	750	1	-4.773	-4.578	/home/anacleto/Desktop/manuscript_Mpro/naturecomm/supplementary_file_S2/6-chemical-library/molecular_docking/PDBQT/7cam_A_750_chainA/docking_750_chainA_out.pdbqt	/home/anacleto/Desktop/manuscript_Mpro/naturecomm/supplementary_file_S2/6-chemical-library/molecular_docking/PDBQT/7cam_B_750_chainB/docking_750_chainB_out.pdbqt	/home/anacleto/Desktop/manuscript_Mpro/naturecomm/supplementary_file_S2/6-chemical-library/molecular_docking/combined_complexes/7cam_750_combined/7cam_750_combined_pose_1.pdb
n1nccn1CC(=O)NCc2cscn2	751	1	-4.238	-4.015	/home/anacleto/Desktop/manuscript_Mpro/naturecomm/supplementary_file_S2/6-chemical-library/molecular_docking/PDBQT/7cam_A_751_chainA/docking_751_chainA_out.pdbqt	/home/anacleto/Desktop/manuscript_Mpro/naturecomm/supplementary_file_S2/6-chemical-library/molecular_docking/PDBQT/7cam_B_751_chainB/docking_751_chainB_out.pdbqt	/home/anacleto/Desktop/manuscript_Mpro/naturecomm/supplementary_file_S2/6-chemical-library/molecular_docking/combined_complexes/7cam_751_combined/7cam_751_combined_pose_1.pdb
o1cncc1S(=O)(=O)Cc2ccccc2	752	1	-4.659	-4.624	/home/anacleto/Desktop/manuscript_Mpro/naturecomm/supplementary_file_S2/6-chemical-library/molecular_docking/PDBQT/7cam_A_752_chainA/docking_752_chainA_out.pdbqt	/home/anacleto/Desktop/manuscript_Mpro/naturecomm/supplementary_file_S2/6-chemical-library/molecular_docking/PDBQT/7cam_B_752_chainB/docking_752_chainB_out.pdbqt	/home/anacleto/Desktop/manuscript_Mpro/naturecomm/supplementary_file_S2/6-chemical-library/molecular_docking/combined_complexes/7cam_752_combined/7cam_752_combined_pose_1.pdb
n1nccn1CC(=O)NCc2ccsc2	753	1	-4.519	-4.234	/home/anacleto/Desktop/manuscript_Mpro/naturecomm/supplementary_file_S2/6-chemical-library/molecular_docking/PDBQT/7cam_A_753_chainA/docking_753_chainA_out.pdbqt	/home/anacleto/Desktop/manuscript_Mpro/naturecomm/supplementary_file_S2/6-chemical-library/molecular_docking/PDBQT/7cam_B_753_chainB/docking_753_chainB_out.pdbqt	/home/anacleto/Desktop/manuscript_Mpro/naturecomm/supplementary_file_S2/6-chemical-library/molecular_docking/combined_complexes/7cam_753_combined/7cam_753_combined_pose_1.pdb
n1[nH]ccc1CS(=O)(=O)c2ccccc2	754	1	-4.842	-4.522	/home/anacleto/Desktop/manuscript_Mpro/naturecomm/supplementary_file_S2/6-chemical-library/molecular_docking/PDBQT/7cam_A_754_chainA/docking_754_chainA_out.pdbqt	/home/anacleto/Desktop/manuscript_Mpro/naturecomm/supplementary_file_S2/6-chemical-library/molecular_docking/PDBQT/7cam_B_754_chainB/docking_754_chainB_out.pdbqt	/home/anacleto/Desktop/manuscript_Mpro/naturecomm/supplementary_file_S2/6-chemical-library/molecular_docking/combined_complexes/7cam_754_combined/7cam_754_combined_pose_1.pdb
s1cccc1C=CCCN2CCCCC2	755	1	-4.855	-5.024	/home/anacleto/Desktop/manuscript_Mpro/naturecomm/supplementary_file_S2/6-chemical-library/molecular_docking/PDBQT/7cam_A_755_chainA/docking_755_chainA_out.pdbqt	/home/anacleto/Desktop/manuscript_Mpro/naturecomm/supplementary_file_S2/6-chemical-library/molecular_docking/PDBQT/7cam_B_755_chainB/docking_755_chainB_out.pdbqt	/home/anacleto/Desktop/manuscript_Mpro/naturecomm/supplementary_file_S2/6-chemical-library/molecular_docking/combined_complexes/7cam_755_combined/7cam_755_combined_pose_1.pdb
n1sncc1C(=O)NCc2cccnc2	756	1	-4.737	-4.566	/home/anacleto/Desktop/manuscript_Mpro/naturecomm/supplementary_file_S2/6-chemical-library/molecular_docking/PDBQT/7cam_A_756_chainA/docking_756_chainA_out.pdbqt	/home/anacleto/Desktop/manuscript_Mpro/naturecomm/supplementary_file_S2/6-chemical-library/molecular_docking/PDBQT/7cam_B_756_chainB/docking_756_chainB_out.pdbqt	/home/anacleto/Desktop/manuscript_Mpro/naturecomm/supplementary_file_S2/6-chemical-library/molecular_docking/combined_complexes/7cam_756_combined/7cam_756_combined_pose_1.pdb
O=c(s1)[nH]cc1C(=O)Nc2ccccc2	757	1	-5.425	-4.792	/home/anacleto/Desktop/manuscript_Mpro/naturecomm/supplementary_file_S2/6-chemical-library/molecular_docking/PDBQT/7cam_A_757_chainA/docking_757_chainA_out.pdbqt	/home/anacleto/Desktop/manuscript_Mpro/naturecomm/supplementary_file_S2/6-chemical-library/molecular_docking/PDBQT/7cam_B_757_chainB/docking_757_chainB_out.pdbqt	/home/anacleto/Desktop/manuscript_Mpro/naturecomm/supplementary_file_S2/6-chemical-library/molecular_docking/combined_complexes/7cam_757_combined/7cam_757_combined_pose_1.pdb
s1nccc1C(=O)NCc2cccnc2	758	1	-4.67	-4.773	/home/anacleto/Desktop/manuscript_Mpro/naturecomm/supplementary_file_S2/6-chemical-library/molecular_docking/PDBQT/7cam_A_758_chainA/docking_758_chainA_out.pdbqt	/home/anacleto/Desktop/manuscript_Mpro/naturecomm/supplementary_file_S2/6-chemical-library/molecular_docking/PDBQT/7cam_B_758_chainB/docking_758_chainB_out.pdbqt	/home/anacleto/Desktop/manuscript_Mpro/naturecomm/supplementary_file_S2/6-chemical-library/molecular_docking/combined_complexes/7cam_758_combined/7cam_758_combined_pose_1.pdb
s1cncc1CC(=O)Nc2cccnc2	759	1	-4.841	-4.699	/home/anacleto/Desktop/manuscript_Mpro/naturecomm/supplementary_file_S2/6-chemical-library/molecular_docking/PDBQT/7cam_A_759_chainA/docking_759_chainA_out.pdbqt	/home/anacleto/Desktop/manuscript_Mpro/naturecomm/supplementary_file_S2/6-chemical-library/molecular_docking/PDBQT/7cam_B_759_chainB/docking_759_chainB_out.pdbqt	/home/anacleto/Desktop/manuscript_Mpro/naturecomm/supplementary_file_S2/6-chemical-library/molecular_docking/combined_complexes/7cam_759_combined/7cam_759_combined_pose_1.pdb
C1CCCCC1	76	1	-3.239	-3.017	/home/anacleto/Desktop/manuscript_Mpro/naturecomm/supplementary_file_S2/6-chemical-library/molecular_docking/PDBQT/7cam_A_76_chainA/docking_76_chainA_out.pdbqt	/home/anacleto/Desktop/manuscript_Mpro/naturecomm/supplementary_file_S2/6-chemical-library/molecular_docking/PDBQT/7cam_B_76_chainB/docking_76_chainB_out.pdbqt	/home/anacleto/Desktop/manuscript_Mpro/naturecomm/supplementary_file_S2/6-chemical-library/molecular_docking/combined_complexes/7cam_76_combined/7cam_76_combined_pose_1.pdb
s1cncc1C(=O)NCc2cccnc2	760	1	-4.701	-4.718	/home/anacleto/Desktop/manuscript_Mpro/naturecomm/supplementary_file_S2/6-chemical-library/molecular_docking/PDBQT/7cam_A_760_chainA/docking_760_chainA_out.pdbqt	/home/anacleto/Desktop/manuscript_Mpro/naturecomm/supplementary_file_S2/6-chemical-library/molecular_docking/PDBQT/7cam_B_760_chainB/docking_760_chainB_out.pdbqt	/home/anacleto/Desktop/manuscript_Mpro/naturecomm/supplementary_file_S2/6-chemical-library/molecular_docking/combined_complexes/7cam_760_combined/7cam_760_combined_pose_1.pdb
s1ccnc1C(=O)NCc2cccnc2	761	1	-4.732	-4.71	/home/anacleto/Desktop/manuscript_Mpro/naturecomm/supplementary_file_S2/6-chemical-library/molecular_docking/PDBQT/7cam_A_761_chainA/docking_761_chainA_out.pdbqt	/home/anacleto/Desktop/manuscript_Mpro/naturecomm/supplementary_file_S2/6-chemical-library/molecular_docking/PDBQT/7cam_B_761_chainB/docking_761_chainB_out.pdbqt	/home/anacleto/Desktop/manuscript_Mpro/naturecomm/supplementary_file_S2/6-chemical-library/molecular_docking/combined_complexes/7cam_761_combined/7cam_761_combined_pose_1.pdb
n1cscc1C(=O)NCc2cccnc2	762	1	-4.714	-4.546	/home/anacleto/Desktop/manuscript_Mpro/naturecomm/supplementary_file_S2/6-chemical-library/molecular_docking/PDBQT/7cam_A_762_chainA/docking_762_chainA_out.pdbqt	/home/anacleto/Desktop/manuscript_Mpro/naturecomm/supplementary_file_S2/6-chemical-library/molecular_docking/PDBQT/7cam_B_762_chainB/docking_762_chainB_out.pdbqt	/home/anacleto/Desktop/manuscript_Mpro/naturecomm/supplementary_file_S2/6-chemical-library/molecular_docking/combined_complexes/7cam_762_combined/7cam_762_combined_pose_1.pdb
c1ccccc1S(=O)(=O)c2ccccn2	763	1	-4.82	-4.653	/home/anacleto/Desktop/manuscript_Mpro/naturecomm/supplementary_file_S2/6-chemical-library/molecular_docking/PDBQT/7cam_A_763_chainA/docking_763_chainA_out.pdbqt	/home/anacleto/Desktop/manuscript_Mpro/naturecomm/supplementary_file_S2/6-chemical-library/molecular_docking/PDBQT/7cam_B_763_chainB/docking_763_chainB_out.pdbqt	/home/anacleto/Desktop/manuscript_Mpro/naturecomm/supplementary_file_S2/6-chemical-library/molecular_docking/combined_complexes/7cam_763_combined/7cam_763_combined_pose_1.pdb
n1ccccc1C(=O)NCc2cccs2	764	1	-5.002	-5.099	/home/anacleto/Desktop/manuscript_Mpro/naturecomm/supplementary_file_S2/6-chemical-library/molecular_docking/PDBQT/7cam_A_764_chainA/docking_764_chainA_out.pdbqt	/home/anacleto/Desktop/manuscript_Mpro/naturecomm/supplementary_file_S2/6-chemical-library/molecular_docking/PDBQT/7cam_B_764_chainB/docking_764_chainB_out.pdbqt	/home/anacleto/Desktop/manuscript_Mpro/naturecomm/supplementary_file_S2/6-chemical-library/molecular_docking/combined_complexes/7cam_764_combined/7cam_764_combined_pose_1.pdb
s1cccc1CCNCc2ccccc2	765	1	-4.399	-4.11	/home/anacleto/Desktop/manuscript_Mpro/naturecomm/supplementary_file_S2/6-chemical-library/molecular_docking/PDBQT/7cam_A_765_chainA/docking_765_chainA_out.pdbqt	/home/anacleto/Desktop/manuscript_Mpro/naturecomm/supplementary_file_S2/6-chemical-library/molecular_docking/PDBQT/7cam_B_765_chainB/docking_765_chainB_out.pdbqt	/home/anacleto/Desktop/manuscript_Mpro/naturecomm/supplementary_file_S2/6-chemical-library/molecular_docking/combined_complexes/7cam_765_combined/7cam_765_combined_pose_1.pdb
C1COCCN1C(=O)CN2CCCC2=O	766	1	-4.522	-4.365	/home/anacleto/Desktop/manuscript_Mpro/naturecomm/supplementary_file_S2/6-chemical-library/molecular_docking/PDBQT/7cam_A_766_chainA/docking_766_chainA_out.pdbqt	/home/anacleto/Desktop/manuscript_Mpro/naturecomm/supplementary_file_S2/6-chemical-library/molecular_docking/PDBQT/7cam_B_766_chainB/docking_766_chainB_out.pdbqt	/home/anacleto/Desktop/manuscript_Mpro/naturecomm/supplementary_file_S2/6-chemical-library/molecular_docking/combined_complexes/7cam_766_combined/7cam_766_combined_pose_1.pdb
N1CCNCC1C(=O)NC2CCCCC2	767	1	-5.339	-4.952	/home/anacleto/Desktop/manuscript_Mpro/naturecomm/supplementary_file_S2/6-chemical-library/molecular_docking/PDBQT/7cam_A_767_chainA/docking_767_chainA_out.pdbqt	/home/anacleto/Desktop/manuscript_Mpro/naturecomm/supplementary_file_S2/6-chemical-library/molecular_docking/PDBQT/7cam_B_767_chainB/docking_767_chainB_out.pdbqt	/home/anacleto/Desktop/manuscript_Mpro/naturecomm/supplementary_file_S2/6-chemical-library/molecular_docking/combined_complexes/7cam_767_combined/7cam_767_combined_pose_1.pdb
O=C1CCCC(N1)C(=O)N2CCNCC2	768	1	-5.145	-4.804	/home/anacleto/Desktop/manuscript_Mpro/naturecomm/supplementary_file_S2/6-chemical-library/molecular_docking/PDBQT/7cam_A_768_chainA/docking_768_chainA_out.pdbqt	/home/anacleto/Desktop/manuscript_Mpro/naturecomm/supplementary_file_S2/6-chemical-library/molecular_docking/PDBQT/7cam_B_768_chainB/docking_768_chainB_out.pdbqt	/home/anacleto/Desktop/manuscript_Mpro/naturecomm/supplementary_file_S2/6-chemical-library/molecular_docking/combined_complexes/7cam_768_combined/7cam_768_combined_pose_1.pdb
o1ncn(c1=O)CC(=O)N2CCCCC2	769	1	-4.939	-4.412	/home/anacleto/Desktop/manuscript_Mpro/naturecomm/supplementary_file_S2/6-chemical-library/molecular_docking/PDBQT/7cam_A_769_chainA/docking_769_chainA_out.pdbqt	/home/anacleto/Desktop/manuscript_Mpro/naturecomm/supplementary_file_S2/6-chemical-library/molecular_docking/PDBQT/7cam_B_769_chainB/docking_769_chainB_out.pdbqt	/home/anacleto/Desktop/manuscript_Mpro/naturecomm/supplementary_file_S2/6-chemical-library/molecular_docking/combined_complexes/7cam_769_combined/7cam_769_combined_pose_1.pdb
C1=COCCC1	77	1	-2.994	-2.78	/home/anacleto/Desktop/manuscript_Mpro/naturecomm/supplementary_file_S2/6-chemical-library/molecular_docking/PDBQT/7cam_A_77_chainA/docking_77_chainA_out.pdbqt	/home/anacleto/Desktop/manuscript_Mpro/naturecomm/supplementary_file_S2/6-chemical-library/molecular_docking/PDBQT/7cam_B_77_chainB/docking_77_chainB_out.pdbqt	/home/anacleto/Desktop/manuscript_Mpro/naturecomm/supplementary_file_S2/6-chemical-library/molecular_docking/combined_complexes/7cam_77_combined/7cam_77_combined_pose_1.pdb
n1[nH]cnc1Cn(c(=O)[nH]2)c(=O)[nH]c2=N	770	1	-4.95	-5.29	/home/anacleto/Desktop/manuscript_Mpro/naturecomm/supplementary_file_S2/6-chemical-library/molecular_docking/PDBQT/7cam_A_770_chainA/docking_770_chainA_out.pdbqt	/home/anacleto/Desktop/manuscript_Mpro/naturecomm/supplementary_file_S2/6-chemical-library/molecular_docking/PDBQT/7cam_B_770_chainB/docking_770_chainB_out.pdbqt	/home/anacleto/Desktop/manuscript_Mpro/naturecomm/supplementary_file_S2/6-chemical-library/molecular_docking/combined_complexes/7cam_770_combined/7cam_770_combined_pose_1.pdb
C1CCCCC1NC=NC2CCCCC2	771	1	-5.429	-5.445	/home/anacleto/Desktop/manuscript_Mpro/naturecomm/supplementary_file_S2/6-chemical-library/molecular_docking/PDBQT/7cam_A_771_chainA/docking_771_chainA_out.pdbqt	/home/anacleto/Desktop/manuscript_Mpro/naturecomm/supplementary_file_S2/6-chemical-library/molecular_docking/PDBQT/7cam_B_771_chainB/docking_771_chainB_out.pdbqt	/home/anacleto/Desktop/manuscript_Mpro/naturecomm/supplementary_file_S2/6-chemical-library/molecular_docking/combined_complexes/7cam_771_combined/7cam_771_combined_pose_1.pdb
n1cocc1C(=O)NC2CCCCCC2	772	1	-5.122	-4.892	/home/anacleto/Desktop/manuscript_Mpro/naturecomm/supplementary_file_S2/6-chemical-library/molecular_docking/PDBQT/7cam_A_772_chainA/docking_772_chainA_out.pdbqt	/home/anacleto/Desktop/manuscript_Mpro/naturecomm/supplementary_file_S2/6-chemical-library/molecular_docking/PDBQT/7cam_B_772_chainB/docking_772_chainB_out.pdbqt	/home/anacleto/Desktop/manuscript_Mpro/naturecomm/supplementary_file_S2/6-chemical-library/molecular_docking/combined_complexes/7cam_772_combined/7cam_772_combined_pose_1.pdb
n1c[nH]c(=O)cc1C(=O)N2CCNCC2	773	1	-5.215	-4.857	/home/anacleto/Desktop/manuscript_Mpro/naturecomm/supplementary_file_S2/6-chemical-library/molecular_docking/PDBQT/7cam_A_773_chainA/docking_773_chainA_out.pdbqt	/home/anacleto/Desktop/manuscript_Mpro/naturecomm/supplementary_file_S2/6-chemical-library/molecular_docking/PDBQT/7cam_B_773_chainB/docking_773_chainB_out.pdbqt	/home/anacleto/Desktop/manuscript_Mpro/naturecomm/supplementary_file_S2/6-chemical-library/molecular_docking/combined_complexes/7cam_773_combined/7cam_773_combined_pose_1.pdb
C1COCCN1C(=O)Nc2ccncn2	774	1	-4.729	-4.598	/home/anacleto/Desktop/manuscript_Mpro/naturecomm/supplementary_file_S2/6-chemical-library/molecular_docking/PDBQT/7cam_A_774_chainA/docking_774_chainA_out.pdbqt	/home/anacleto/Desktop/manuscript_Mpro/naturecomm/supplementary_file_S2/6-chemical-library/molecular_docking/PDBQT/7cam_B_774_chainB/docking_774_chainB_out.pdbqt	/home/anacleto/Desktop/manuscript_Mpro/naturecomm/supplementary_file_S2/6-chemical-library/molecular_docking/combined_complexes/7cam_774_combined/7cam_774_combined_pose_1.pdb
C1CC1NC(=O)CNC(=O)c2ccco2	775	1	-4.814	-4.65	/home/anacleto/Desktop/manuscript_Mpro/naturecomm/supplementary_file_S2/6-chemical-library/molecular_docking/PDBQT/7cam_A_775_chainA/docking_775_chainA_out.pdbqt	/home/anacleto/Desktop/manuscript_Mpro/naturecomm/supplementary_file_S2/6-chemical-library/molecular_docking/PDBQT/7cam_B_775_chainB/docking_775_chainB_out.pdbqt	/home/anacleto/Desktop/manuscript_Mpro/naturecomm/supplementary_file_S2/6-chemical-library/molecular_docking/combined_complexes/7cam_775_combined/7cam_775_combined_pose_1.pdb
[nH]1cncc1CC(=O)NCC2CCCC2	776	1	-5.062	-4.848	/home/anacleto/Desktop/manuscript_Mpro/naturecomm/supplementary_file_S2/6-chemical-library/molecular_docking/PDBQT/7cam_A_776_chainA/docking_776_chainA_out.pdbqt	/home/anacleto/Desktop/manuscript_Mpro/naturecomm/supplementary_file_S2/6-chemical-library/molecular_docking/PDBQT/7cam_B_776_chainB/docking_776_chainB_out.pdbqt	/home/anacleto/Desktop/manuscript_Mpro/naturecomm/supplementary_file_S2/6-chemical-library/molecular_docking/combined_complexes/7cam_776_combined/7cam_776_combined_pose_1.pdb
[nH]1cncc1C(=O)NC2CCCCCC2	777	1	-5.405	-4.761	/home/anacleto/Desktop/manuscript_Mpro/naturecomm/supplementary_file_S2/6-chemical-library/molecular_docking/PDBQT/7cam_A_777_chainA/docking_777_chainA_out.pdbqt	/home/anacleto/Desktop/manuscript_Mpro/naturecomm/supplementary_file_S2/6-chemical-library/molecular_docking/PDBQT/7cam_B_777_chainB/docking_777_chainB_out.pdbqt	/home/anacleto/Desktop/manuscript_Mpro/naturecomm/supplementary_file_S2/6-chemical-library/molecular_docking/combined_complexes/7cam_777_combined/7cam_777_combined_pose_1.pdb
C1COCCN1CCOc2ccccc2	778	1	-4.59	-4.716	/home/anacleto/Desktop/manuscript_Mpro/naturecomm/supplementary_file_S2/6-chemical-library/molecular_docking/PDBQT/7cam_A_778_chainA/docking_778_chainA_out.pdbqt	/home/anacleto/Desktop/manuscript_Mpro/naturecomm/supplementary_file_S2/6-chemical-library/molecular_docking/PDBQT/7cam_B_778_chainB/docking_778_chainB_out.pdbqt	/home/anacleto/Desktop/manuscript_Mpro/naturecomm/supplementary_file_S2/6-chemical-library/molecular_docking/combined_complexes/7cam_778_combined/7cam_778_combined_pose_1.pdb
[nH]1ccc(=O)cc1C(=O)N2CCNCC2	779	1	-4.916	-4.569	/home/anacleto/Desktop/manuscript_Mpro/naturecomm/supplementary_file_S2/6-chemical-library/molecular_docking/PDBQT/7cam_A_779_chainA/docking_779_chainA_out.pdbqt	/home/anacleto/Desktop/manuscript_Mpro/naturecomm/supplementary_file_S2/6-chemical-library/molecular_docking/PDBQT/7cam_B_779_chainB/docking_779_chainB_out.pdbqt	/home/anacleto/Desktop/manuscript_Mpro/naturecomm/supplementary_file_S2/6-chemical-library/molecular_docking/combined_complexes/7cam_779_combined/7cam_779_combined_pose_1.pdb
O=c1cc[nH][nH]1	78	1	-4.012	-3.954	/home/anacleto/Desktop/manuscript_Mpro/naturecomm/supplementary_file_S2/6-chemical-library/molecular_docking/PDBQT/7cam_A_78_chainA/docking_78_chainA_out.pdbqt	/home/anacleto/Desktop/manuscript_Mpro/naturecomm/supplementary_file_S2/6-chemical-library/molecular_docking/PDBQT/7cam_B_78_chainB/docking_78_chainB_out.pdbqt	/home/anacleto/Desktop/manuscript_Mpro/naturecomm/supplementary_file_S2/6-chemical-library/molecular_docking/combined_complexes/7cam_78_combined/7cam_78_combined_pose_1.pdb
[nH]1c(=O)cccc1C(=O)N2CCNCC2	780	1	-5.344	-4.543	/home/anacleto/Desktop/manuscript_Mpro/naturecomm/supplementary_file_S2/6-chemical-library/molecular_docking/PDBQT/7cam_A_780_chainA/docking_780_chainA_out.pdbqt	/home/anacleto/Desktop/manuscript_Mpro/naturecomm/supplementary_file_S2/6-chemical-library/molecular_docking/PDBQT/7cam_B_780_chainB/docking_780_chainB_out.pdbqt	/home/anacleto/Desktop/manuscript_Mpro/naturecomm/supplementary_file_S2/6-chemical-library/molecular_docking/combined_complexes/7cam_780_combined/7cam_780_combined_pose_1.pdb
C1CNCCN1C(=O)c2cc(=O)[nH]cc2	781	1	-5.168	-4.988	/home/anacleto/Desktop/manuscript_Mpro/naturecomm/supplementary_file_S2/6-chemical-library/molecular_docking/PDBQT/7cam_A_781_chainA/docking_781_chainA_out.pdbqt	/home/anacleto/Desktop/manuscript_Mpro/naturecomm/supplementary_file_S2/6-chemical-library/molecular_docking/PDBQT/7cam_B_781_chainB/docking_781_chainB_out.pdbqt	/home/anacleto/Desktop/manuscript_Mpro/naturecomm/supplementary_file_S2/6-chemical-library/molecular_docking/combined_complexes/7cam_781_combined/7cam_781_combined_pose_1.pdb
c1ccccc1CCOC2CCCCO2	782	1	-4.953	-4.932	/home/anacleto/Desktop/manuscript_Mpro/naturecomm/supplementary_file_S2/6-chemical-library/molecular_docking/PDBQT/7cam_A_782_chainA/docking_782_chainA_out.pdbqt	/home/anacleto/Desktop/manuscript_Mpro/naturecomm/supplementary_file_S2/6-chemical-library/molecular_docking/PDBQT/7cam_B_782_chainB/docking_782_chainB_out.pdbqt	/home/anacleto/Desktop/manuscript_Mpro/naturecomm/supplementary_file_S2/6-chemical-library/molecular_docking/combined_complexes/7cam_782_combined/7cam_782_combined_pose_1.pdb
N1CCNCC1C(=O)Nc2ccccn2	783	1	-5.097	-5.007	/home/anacleto/Desktop/manuscript_Mpro/naturecomm/supplementary_file_S2/6-chemical-library/molecular_docking/PDBQT/7cam_A_783_chainA/docking_783_chainA_out.pdbqt	/home/anacleto/Desktop/manuscript_Mpro/naturecomm/supplementary_file_S2/6-chemical-library/molecular_docking/PDBQT/7cam_B_783_chainB/docking_783_chainB_out.pdbqt	/home/anacleto/Desktop/manuscript_Mpro/naturecomm/supplementary_file_S2/6-chemical-library/molecular_docking/combined_complexes/7cam_783_combined/7cam_783_combined_pose_1.pdb
O1CCCC1C(=O)NCc2cccnc2	784	1	-4.873	-4.721	/home/anacleto/Desktop/manuscript_Mpro/naturecomm/supplementary_file_S2/6-chemical-library/molecular_docking/PDBQT/7cam_A_784_chainA/docking_784_chainA_out.pdbqt	/home/anacleto/Desktop/manuscript_Mpro/naturecomm/supplementary_file_S2/6-chemical-library/molecular_docking/PDBQT/7cam_B_784_chainB/docking_784_chainB_out.pdbqt	/home/anacleto/Desktop/manuscript_Mpro/naturecomm/supplementary_file_S2/6-chemical-library/molecular_docking/combined_complexes/7cam_784_combined/7cam_784_combined_pose_1.pdb
C1OCCC1NC(=O)Cc2cccnc2	785	1	-4.742	-4.868	/home/anacleto/Desktop/manuscript_Mpro/naturecomm/supplementary_file_S2/6-chemical-library/molecular_docking/PDBQT/7cam_A_785_chainA/docking_785_chainA_out.pdbqt	/home/anacleto/Desktop/manuscript_Mpro/naturecomm/supplementary_file_S2/6-chemical-library/molecular_docking/PDBQT/7cam_B_785_chainB/docking_785_chainB_out.pdbqt	/home/anacleto/Desktop/manuscript_Mpro/naturecomm/supplementary_file_S2/6-chemical-library/molecular_docking/combined_complexes/7cam_785_combined/7cam_785_combined_pose_1.pdb
C1OCC1NC(=O)CNc2ccccc2	786	1	-5.018	-4.874	/home/anacleto/Desktop/manuscript_Mpro/naturecomm/supplementary_file_S2/6-chemical-library/molecular_docking/PDBQT/7cam_A_786_chainA/docking_786_chainA_out.pdbqt	/home/anacleto/Desktop/manuscript_Mpro/naturecomm/supplementary_file_S2/6-chemical-library/molecular_docking/PDBQT/7cam_B_786_chainB/docking_786_chainB_out.pdbqt	/home/anacleto/Desktop/manuscript_Mpro/naturecomm/supplementary_file_S2/6-chemical-library/molecular_docking/combined_complexes/7cam_786_combined/7cam_786_combined_pose_1.pdb
C1COCCN1C(=O)Cc2cccnc2	787	1	-4.607	-4.618	/home/anacleto/Desktop/manuscript_Mpro/naturecomm/supplementary_file_S2/6-chemical-library/molecular_docking/PDBQT/7cam_A_787_chainA/docking_787_chainA_out.pdbqt	/home/anacleto/Desktop/manuscript_Mpro/naturecomm/supplementary_file_S2/6-chemical-library/molecular_docking/PDBQT/7cam_B_787_chainB/docking_787_chainB_out.pdbqt	/home/anacleto/Desktop/manuscript_Mpro/naturecomm/supplementary_file_S2/6-chemical-library/molecular_docking/combined_complexes/7cam_787_combined/7cam_787_combined_pose_1.pdb
N1CCNCC1C(=O)Nc2ccccc2	788	1	-5.408	-5.094	/home/anacleto/Desktop/manuscript_Mpro/naturecomm/supplementary_file_S2/6-chemical-library/molecular_docking/PDBQT/7cam_A_788_chainA/docking_788_chainA_out.pdbqt	/home/anacleto/Desktop/manuscript_Mpro/naturecomm/supplementary_file_S2/6-chemical-library/molecular_docking/PDBQT/7cam_B_788_chainB/docking_788_chainB_out.pdbqt	/home/anacleto/Desktop/manuscript_Mpro/naturecomm/supplementary_file_S2/6-chemical-library/molecular_docking/combined_complexes/7cam_788_combined/7cam_788_combined_pose_1.pdb
N1CCCC1C(=O)NCc2cccnc2	789	1	-5.46	-5.073	/home/anacleto/Desktop/manuscript_Mpro/naturecomm/supplementary_file_S2/6-chemical-library/molecular_docking/PDBQT/7cam_A_789_chainA/docking_789_chainA_out.pdbqt	/home/anacleto/Desktop/manuscript_Mpro/naturecomm/supplementary_file_S2/6-chemical-library/molecular_docking/PDBQT/7cam_B_789_chainB/docking_789_chainB_out.pdbqt	/home/anacleto/Desktop/manuscript_Mpro/naturecomm/supplementary_file_S2/6-chemical-library/molecular_docking/combined_complexes/7cam_789_combined/7cam_789_combined_pose_1.pdb
O=c1[nH]cc[nH]1	79	1	-3.186	-3.149	/home/anacleto/Desktop/manuscript_Mpro/naturecomm/supplementary_file_S2/6-chemical-library/molecular_docking/PDBQT/7cam_A_79_chainA/docking_79_chainA_out.pdbqt	/home/anacleto/Desktop/manuscript_Mpro/naturecomm/supplementary_file_S2/6-chemical-library/molecular_docking/PDBQT/7cam_B_79_chainB/docking_79_chainB_out.pdbqt	/home/anacleto/Desktop/manuscript_Mpro/naturecomm/supplementary_file_S2/6-chemical-library/molecular_docking/combined_complexes/7cam_79_combined/7cam_79_combined_pose_1.pdb
C1NCCC1NC(=O)Cc2cccnc2	790	1	-4.975	-4.652	/home/anacleto/Desktop/manuscript_Mpro/naturecomm/supplementary_file_S2/6-chemical-library/molecular_docking/PDBQT/7cam_A_790_chainA/docking_790_chainA_out.pdbqt	/home/anacleto/Desktop/manuscript_Mpro/naturecomm/supplementary_file_S2/6-chemical-library/molecular_docking/PDBQT/7cam_B_790_chainB/docking_790_chainB_out.pdbqt	/home/anacleto/Desktop/manuscript_Mpro/naturecomm/supplementary_file_S2/6-chemical-library/molecular_docking/combined_complexes/7cam_790_combined/7cam_790_combined_pose_1.pdb
C1NCC1NC(=O)CNc2ccccc2	791	1	-5.297	-5.055	/home/anacleto/Desktop/manuscript_Mpro/naturecomm/supplementary_file_S2/6-chemical-library/molecular_docking/PDBQT/7cam_A_791_chainA/docking_791_chainA_out.pdbqt	/home/anacleto/Desktop/manuscript_Mpro/naturecomm/supplementary_file_S2/6-chemical-library/molecular_docking/PDBQT/7cam_B_791_chainB/docking_791_chainB_out.pdbqt	/home/anacleto/Desktop/manuscript_Mpro/naturecomm/supplementary_file_S2/6-chemical-library/molecular_docking/combined_complexes/7cam_791_combined/7cam_791_combined_pose_1.pdb
C1CCCCN1C(=O)Nc2cccnc2	792	1	-4.962	-5.051	/home/anacleto/Desktop/manuscript_Mpro/naturecomm/supplementary_file_S2/6-chemical-library/molecular_docking/PDBQT/7cam_A_792_chainA/docking_792_chainA_out.pdbqt	/home/anacleto/Desktop/manuscript_Mpro/naturecomm/supplementary_file_S2/6-chemical-library/molecular_docking/PDBQT/7cam_B_792_chainB/docking_792_chainB_out.pdbqt	/home/anacleto/Desktop/manuscript_Mpro/naturecomm/supplementary_file_S2/6-chemical-library/molecular_docking/combined_complexes/7cam_792_combined/7cam_792_combined_pose_1.pdb
C1CCCCN1C(=O)Cc2cncnc2	793	1	-4.814	-4.664	/home/anacleto/Desktop/manuscript_Mpro/naturecomm/supplementary_file_S2/6-chemical-library/molecular_docking/PDBQT/7cam_A_793_chainA/docking_793_chainA_out.pdbqt	/home/anacleto/Desktop/manuscript_Mpro/naturecomm/supplementary_file_S2/6-chemical-library/molecular_docking/PDBQT/7cam_B_793_chainB/docking_793_chainB_out.pdbqt	/home/anacleto/Desktop/manuscript_Mpro/naturecomm/supplementary_file_S2/6-chemical-library/molecular_docking/combined_complexes/7cam_793_combined/7cam_793_combined_pose_1.pdb
C1CC1CCNC(=O)Nc2cccnc2	794	1	-4.995	-4.991	/home/anacleto/Desktop/manuscript_Mpro/naturecomm/supplementary_file_S2/6-chemical-library/molecular_docking/PDBQT/7cam_A_794_chainA/docking_794_chainA_out.pdbqt	/home/anacleto/Desktop/manuscript_Mpro/naturecomm/supplementary_file_S2/6-chemical-library/molecular_docking/PDBQT/7cam_B_794_chainB/docking_794_chainB_out.pdbqt	/home/anacleto/Desktop/manuscript_Mpro/naturecomm/supplementary_file_S2/6-chemical-library/molecular_docking/combined_complexes/7cam_794_combined/7cam_794_combined_pose_1.pdb
c1ccccc1C(=O)CC2COCCN2	795	1	-4.765	-4.694	/home/anacleto/Desktop/manuscript_Mpro/naturecomm/supplementary_file_S2/6-chemical-library/molecular_docking/PDBQT/7cam_A_795_chainA/docking_795_chainA_out.pdbqt	/home/anacleto/Desktop/manuscript_Mpro/naturecomm/supplementary_file_S2/6-chemical-library/molecular_docking/PDBQT/7cam_B_795_chainB/docking_795_chainB_out.pdbqt	/home/anacleto/Desktop/manuscript_Mpro/naturecomm/supplementary_file_S2/6-chemical-library/molecular_docking/combined_complexes/7cam_795_combined/7cam_795_combined_pose_1.pdb
O1CCCC1C(=O)NCc2ccccc2	796	1	-4.932	-4.902	/home/anacleto/Desktop/manuscript_Mpro/naturecomm/supplementary_file_S2/6-chemical-library/molecular_docking/PDBQT/7cam_A_796_chainA/docking_796_chainA_out.pdbqt	/home/anacleto/Desktop/manuscript_Mpro/naturecomm/supplementary_file_S2/6-chemical-library/molecular_docking/PDBQT/7cam_B_796_chainB/docking_796_chainB_out.pdbqt	/home/anacleto/Desktop/manuscript_Mpro/naturecomm/supplementary_file_S2/6-chemical-library/molecular_docking/combined_complexes/7cam_796_combined/7cam_796_combined_pose_1.pdb
[nH]1cncc1CC(=O)NCc2ncc[nH]2	797	1	-5.008	-4.748	/home/anacleto/Desktop/manuscript_Mpro/naturecomm/supplementary_file_S2/6-chemical-library/molecular_docking/PDBQT/7cam_A_797_chainA/docking_797_chainA_out.pdbqt	/home/anacleto/Desktop/manuscript_Mpro/naturecomm/supplementary_file_S2/6-chemical-library/molecular_docking/PDBQT/7cam_B_797_chainB/docking_797_chainB_out.pdbqt	/home/anacleto/Desktop/manuscript_Mpro/naturecomm/supplementary_file_S2/6-chemical-library/molecular_docking/combined_complexes/7cam_797_combined/7cam_797_combined_pose_1.pdb
c1ncccc1CNC2CCCCCC2	798	1	-5.194	-5.083	/home/anacleto/Desktop/manuscript_Mpro/naturecomm/supplementary_file_S2/6-chemical-library/molecular_docking/PDBQT/7cam_A_798_chainA/docking_798_chainA_out.pdbqt	/home/anacleto/Desktop/manuscript_Mpro/naturecomm/supplementary_file_S2/6-chemical-library/molecular_docking/PDBQT/7cam_B_798_chainB/docking_798_chainB_out.pdbqt	/home/anacleto/Desktop/manuscript_Mpro/naturecomm/supplementary_file_S2/6-chemical-library/molecular_docking/combined_complexes/7cam_798_combined/7cam_798_combined_pose_1.pdb
C1CNCCN1CCCc2ccccc2	799	1	-4.885	-5.091	/home/anacleto/Desktop/manuscript_Mpro/naturecomm/supplementary_file_S2/6-chemical-library/molecular_docking/PDBQT/7cam_A_799_chainA/docking_799_chainA_out.pdbqt	/home/anacleto/Desktop/manuscript_Mpro/naturecomm/supplementary_file_S2/6-chemical-library/molecular_docking/PDBQT/7cam_B_799_chainB/docking_799_chainB_out.pdbqt	/home/anacleto/Desktop/manuscript_Mpro/naturecomm/supplementary_file_S2/6-chemical-library/molecular_docking/combined_complexes/7cam_799_combined/7cam_799_combined_pose_1.pdb
C=c1c(=O)[nH]c(s1)=C	8	1	-3.757	-3.472	/home/anacleto/Desktop/manuscript_Mpro/naturecomm/supplementary_file_S2/6-chemical-library/molecular_docking/PDBQT/7cam_A_8_chainA/docking_8_chainA_out.pdbqt	/home/anacleto/Desktop/manuscript_Mpro/naturecomm/supplementary_file_S2/6-chemical-library/molecular_docking/PDBQT/7cam_B_8_chainB/docking_8_chainB_out.pdbqt	/home/anacleto/Desktop/manuscript_Mpro/naturecomm/supplementary_file_S2/6-chemical-library/molecular_docking/combined_complexes/7cam_8_combined/7cam_8_combined_pose_1.pdb
C1=CCNCC1	80	1	-3.254	-3.032	/home/anacleto/Desktop/manuscript_Mpro/naturecomm/supplementary_file_S2/6-chemical-library/molecular_docking/PDBQT/7cam_A_80_chainA/docking_80_chainA_out.pdbqt	/home/anacleto/Desktop/manuscript_Mpro/naturecomm/supplementary_file_S2/6-chemical-library/molecular_docking/PDBQT/7cam_B_80_chainB/docking_80_chainB_out.pdbqt	/home/anacleto/Desktop/manuscript_Mpro/naturecomm/supplementary_file_S2/6-chemical-library/molecular_docking/combined_complexes/7cam_80_combined/7cam_80_combined_pose_1.pdb
c1ccccc1C(=O)NCC2CCNC2	800	1	-5.274	-5.084	/home/anacleto/Desktop/manuscript_Mpro/naturecomm/supplementary_file_S2/6-chemical-library/molecular_docking/PDBQT/7cam_A_800_chainA/docking_800_chainA_out.pdbqt	/home/anacleto/Desktop/manuscript_Mpro/naturecomm/supplementary_file_S2/6-chemical-library/molecular_docking/PDBQT/7cam_B_800_chainB/docking_800_chainB_out.pdbqt	/home/anacleto/Desktop/manuscript_Mpro/naturecomm/supplementary_file_S2/6-chemical-library/molecular_docking/combined_complexes/7cam_800_combined/7cam_800_combined_pose_1.pdb
C1NCCC1C(=O)NCc2ccccc2	801	1	-5.172	-5.0	/home/anacleto/Desktop/manuscript_Mpro/naturecomm/supplementary_file_S2/6-chemical-library/molecular_docking/PDBQT/7cam_A_801_chainA/docking_801_chainA_out.pdbqt	/home/anacleto/Desktop/manuscript_Mpro/naturecomm/supplementary_file_S2/6-chemical-library/molecular_docking/PDBQT/7cam_B_801_chainB/docking_801_chainB_out.pdbqt	/home/anacleto/Desktop/manuscript_Mpro/naturecomm/supplementary_file_S2/6-chemical-library/molecular_docking/combined_complexes/7cam_801_combined/7cam_801_combined_pose_1.pdb
C1CNCCN1C(=O)Cc2ccccc2	802	1	-4.962	-4.818	/home/anacleto/Desktop/manuscript_Mpro/naturecomm/supplementary_file_S2/6-chemical-library/molecular_docking/PDBQT/7cam_A_802_chainA/docking_802_chainA_out.pdbqt	/home/anacleto/Desktop/manuscript_Mpro/naturecomm/supplementary_file_S2/6-chemical-library/molecular_docking/PDBQT/7cam_B_802_chainB/docking_802_chainB_out.pdbqt	/home/anacleto/Desktop/manuscript_Mpro/naturecomm/supplementary_file_S2/6-chemical-library/molecular_docking/combined_complexes/7cam_802_combined/7cam_802_combined_pose_1.pdb
C1CCCCN1C(=O)Cc2cccnc2	803	1	-4.849	-4.882	/home/anacleto/Desktop/manuscript_Mpro/naturecomm/supplementary_file_S2/6-chemical-library/molecular_docking/PDBQT/7cam_A_803_chainA/docking_803_chainA_out.pdbqt	/home/anacleto/Desktop/manuscript_Mpro/naturecomm/supplementary_file_S2/6-chemical-library/molecular_docking/PDBQT/7cam_B_803_chainB/docking_803_chainB_out.pdbqt	/home/anacleto/Desktop/manuscript_Mpro/naturecomm/supplementary_file_S2/6-chemical-library/molecular_docking/combined_complexes/7cam_803_combined/7cam_803_combined_pose_1.pdb
C1CCCC1NC(=O)Cc2cccnc2	804	1	-5.05	-4.983	/home/anacleto/Desktop/manuscript_Mpro/naturecomm/supplementary_file_S2/6-chemical-library/molecular_docking/PDBQT/7cam_A_804_chainA/docking_804_chainA_out.pdbqt	/home/anacleto/Desktop/manuscript_Mpro/naturecomm/supplementary_file_S2/6-chemical-library/molecular_docking/PDBQT/7cam_B_804_chainB/docking_804_chainB_out.pdbqt	/home/anacleto/Desktop/manuscript_Mpro/naturecomm/supplementary_file_S2/6-chemical-library/molecular_docking/combined_complexes/7cam_804_combined/7cam_804_combined_pose_1.pdb
C1CCC1NC(=O)CNc2ccccc2	805	1	-5.076	-5.283	/home/anacleto/Desktop/manuscript_Mpro/naturecomm/supplementary_file_S2/6-chemical-library/molecular_docking/PDBQT/7cam_A_805_chainA/docking_805_chainA_out.pdbqt	/home/anacleto/Desktop/manuscript_Mpro/naturecomm/supplementary_file_S2/6-chemical-library/molecular_docking/PDBQT/7cam_B_805_chainB/docking_805_chainB_out.pdbqt	/home/anacleto/Desktop/manuscript_Mpro/naturecomm/supplementary_file_S2/6-chemical-library/molecular_docking/combined_complexes/7cam_805_combined/7cam_805_combined_pose_1.pdb
O1N=CCC1C(=O)NCc2ccccc2	806	1	-4.923	-4.889	/home/anacleto/Desktop/manuscript_Mpro/naturecomm/supplementary_file_S2/6-chemical-library/molecular_docking/PDBQT/7cam_A_806_chainA/docking_806_chainA_out.pdbqt	/home/anacleto/Desktop/manuscript_Mpro/naturecomm/supplementary_file_S2/6-chemical-library/molecular_docking/PDBQT/7cam_B_806_chainB/docking_806_chainB_out.pdbqt	/home/anacleto/Desktop/manuscript_Mpro/naturecomm/supplementary_file_S2/6-chemical-library/molecular_docking/combined_complexes/7cam_806_combined/7cam_806_combined_pose_1.pdb
N1C(=O)NC(C1=O)CCc2ccccc2	807	1	-5.186	-5.052	/home/anacleto/Desktop/manuscript_Mpro/naturecomm/supplementary_file_S2/6-chemical-library/molecular_docking/PDBQT/7cam_A_807_chainA/docking_807_chainA_out.pdbqt	/home/anacleto/Desktop/manuscript_Mpro/naturecomm/supplementary_file_S2/6-chemical-library/molecular_docking/PDBQT/7cam_B_807_chainB/docking_807_chainB_out.pdbqt	/home/anacleto/Desktop/manuscript_Mpro/naturecomm/supplementary_file_S2/6-chemical-library/molecular_docking/combined_complexes/7cam_807_combined/7cam_807_combined_pose_1.pdb
[nH]1nnnc1C(=O)NCc2cccnc2	808	1	-5.435	-5.404	/home/anacleto/Desktop/manuscript_Mpro/naturecomm/supplementary_file_S2/6-chemical-library/molecular_docking/PDBQT/7cam_A_808_chainA/docking_808_chainA_out.pdbqt	/home/anacleto/Desktop/manuscript_Mpro/naturecomm/supplementary_file_S2/6-chemical-library/molecular_docking/PDBQT/7cam_B_808_chainB/docking_808_chainB_out.pdbqt	/home/anacleto/Desktop/manuscript_Mpro/naturecomm/supplementary_file_S2/6-chemical-library/molecular_docking/combined_complexes/7cam_808_combined/7cam_808_combined_pose_1.pdb
n1oncc1C(=O)NCc2cccnc2	809	1	-5.04	-4.579	/home/anacleto/Desktop/manuscript_Mpro/naturecomm/supplementary_file_S2/6-chemical-library/molecular_docking/PDBQT/7cam_A_809_chainA/docking_809_chainA_out.pdbqt	/home/anacleto/Desktop/manuscript_Mpro/naturecomm/supplementary_file_S2/6-chemical-library/molecular_docking/PDBQT/7cam_B_809_chainB/docking_809_chainB_out.pdbqt	/home/anacleto/Desktop/manuscript_Mpro/naturecomm/supplementary_file_S2/6-chemical-library/molecular_docking/combined_complexes/7cam_809_combined/7cam_809_combined_pose_1.pdb
C1=CCCCC1	81	1	-3.258	-3.034	/home/anacleto/Desktop/manuscript_Mpro/naturecomm/supplementary_file_S2/6-chemical-library/molecular_docking/PDBQT/7cam_A_81_chainA/docking_81_chainA_out.pdbqt	/home/anacleto/Desktop/manuscript_Mpro/naturecomm/supplementary_file_S2/6-chemical-library/molecular_docking/PDBQT/7cam_B_81_chainB/docking_81_chainB_out.pdbqt	/home/anacleto/Desktop/manuscript_Mpro/naturecomm/supplementary_file_S2/6-chemical-library/molecular_docking/combined_complexes/7cam_81_combined/7cam_81_combined_pose_1.pdb
n1cocc1C(=O)NCc2cncnc2	810	1	-5.046	-4.543	/home/anacleto/Desktop/manuscript_Mpro/naturecomm/supplementary_file_S2/6-chemical-library/molecular_docking/PDBQT/7cam_A_810_chainA/docking_810_chainA_out.pdbqt	/home/anacleto/Desktop/manuscript_Mpro/naturecomm/supplementary_file_S2/6-chemical-library/molecular_docking/PDBQT/7cam_B_810_chainB/docking_810_chainB_out.pdbqt	/home/anacleto/Desktop/manuscript_Mpro/naturecomm/supplementary_file_S2/6-chemical-library/molecular_docking/combined_complexes/7cam_810_combined/7cam_810_combined_pose_1.pdb
n1cocc1C(=O)NCc2cnccn2	811	1	-4.803	-4.479	/home/anacleto/Desktop/manuscript_Mpro/naturecomm/supplementary_file_S2/6-chemical-library/molecular_docking/PDBQT/7cam_A_811_chainA/docking_811_chainA_out.pdbqt	/home/anacleto/Desktop/manuscript_Mpro/naturecomm/supplementary_file_S2/6-chemical-library/molecular_docking/PDBQT/7cam_B_811_chainB/docking_811_chainB_out.pdbqt	/home/anacleto/Desktop/manuscript_Mpro/naturecomm/supplementary_file_S2/6-chemical-library/molecular_docking/combined_complexes/7cam_811_combined/7cam_811_combined_pose_1.pdb
n1cocc1C(=O)NCc2ccnnc2	812	1	-5.22	-4.707	/home/anacleto/Desktop/manuscript_Mpro/naturecomm/supplementary_file_S2/6-chemical-library/molecular_docking/PDBQT/7cam_A_812_chainA/docking_812_chainA_out.pdbqt	/home/anacleto/Desktop/manuscript_Mpro/naturecomm/supplementary_file_S2/6-chemical-library/molecular_docking/PDBQT/7cam_B_812_chainB/docking_812_chainB_out.pdbqt	/home/anacleto/Desktop/manuscript_Mpro/naturecomm/supplementary_file_S2/6-chemical-library/molecular_docking/combined_complexes/7cam_812_combined/7cam_812_combined_pose_1.pdb
c1ccccc1N=c2[nH]c(=O)[nH]c(=O)[nH]2	813	1	-5.139	-4.958	/home/anacleto/Desktop/manuscript_Mpro/naturecomm/supplementary_file_S2/6-chemical-library/molecular_docking/PDBQT/7cam_A_813_chainA/docking_813_chainA_out.pdbqt	/home/anacleto/Desktop/manuscript_Mpro/naturecomm/supplementary_file_S2/6-chemical-library/molecular_docking/PDBQT/7cam_B_813_chainB/docking_813_chainB_out.pdbqt	/home/anacleto/Desktop/manuscript_Mpro/naturecomm/supplementary_file_S2/6-chemical-library/molecular_docking/combined_complexes/7cam_813_combined/7cam_813_combined_pose_1.pdb
[nH]1[nH]c(=O)nc1C(=O)Nc2ccccc2	814	1	-5.744	-5.396	/home/anacleto/Desktop/manuscript_Mpro/naturecomm/supplementary_file_S2/6-chemical-library/molecular_docking/PDBQT/7cam_A_814_chainA/docking_814_chainA_out.pdbqt	/home/anacleto/Desktop/manuscript_Mpro/naturecomm/supplementary_file_S2/6-chemical-library/molecular_docking/PDBQT/7cam_B_814_chainB/docking_814_chainB_out.pdbqt	/home/anacleto/Desktop/manuscript_Mpro/naturecomm/supplementary_file_S2/6-chemical-library/molecular_docking/combined_complexes/7cam_814_combined/7cam_814_combined_pose_1.pdb
C1CCCCC1CCNc2ccccc2	815	1	-5.08	-4.761	/home/anacleto/Desktop/manuscript_Mpro/naturecomm/supplementary_file_S2/6-chemical-library/molecular_docking/PDBQT/7cam_A_815_chainA/docking_815_chainA_out.pdbqt	/home/anacleto/Desktop/manuscript_Mpro/naturecomm/supplementary_file_S2/6-chemical-library/molecular_docking/PDBQT/7cam_B_815_chainB/docking_815_chainB_out.pdbqt	/home/anacleto/Desktop/manuscript_Mpro/naturecomm/supplementary_file_S2/6-chemical-library/molecular_docking/combined_complexes/7cam_815_combined/7cam_815_combined_pose_1.pdb
C1CCCCN1C(=O)Cc2ccccc2	816	1	-5.095	-4.846	/home/anacleto/Desktop/manuscript_Mpro/naturecomm/supplementary_file_S2/6-chemical-library/molecular_docking/PDBQT/7cam_A_816_chainA/docking_816_chainA_out.pdbqt	/home/anacleto/Desktop/manuscript_Mpro/naturecomm/supplementary_file_S2/6-chemical-library/molecular_docking/PDBQT/7cam_B_816_chainB/docking_816_chainB_out.pdbqt	/home/anacleto/Desktop/manuscript_Mpro/naturecomm/supplementary_file_S2/6-chemical-library/molecular_docking/combined_complexes/7cam_816_combined/7cam_816_combined_pose_1.pdb
C1CCCCC1C(=O)Nc2ccccc2	817	1	-5.649	-5.181	/home/anacleto/Desktop/manuscript_Mpro/naturecomm/supplementary_file_S2/6-chemical-library/molecular_docking/PDBQT/7cam_A_817_chainA/docking_817_chainA_out.pdbqt	/home/anacleto/Desktop/manuscript_Mpro/naturecomm/supplementary_file_S2/6-chemical-library/molecular_docking/PDBQT/7cam_B_817_chainB/docking_817_chainB_out.pdbqt	/home/anacleto/Desktop/manuscript_Mpro/naturecomm/supplementary_file_S2/6-chemical-library/molecular_docking/combined_complexes/7cam_817_combined/7cam_817_combined_pose_1.pdb
n1nccn1CC(=O)Nc2cccnc2	818	1	-4.808	-4.406	/home/anacleto/Desktop/manuscript_Mpro/naturecomm/supplementary_file_S2/6-chemical-library/molecular_docking/PDBQT/7cam_A_818_chainA/docking_818_chainA_out.pdbqt	/home/anacleto/Desktop/manuscript_Mpro/naturecomm/supplementary_file_S2/6-chemical-library/molecular_docking/PDBQT/7cam_B_818_chainB/docking_818_chainB_out.pdbqt	/home/anacleto/Desktop/manuscript_Mpro/naturecomm/supplementary_file_S2/6-chemical-library/molecular_docking/combined_complexes/7cam_818_combined/7cam_818_combined_pose_1.pdb
n1n[nH]cc1C(=O)NCc2cccnc2	819	1	-5.369	-5.181	/home/anacleto/Desktop/manuscript_Mpro/naturecomm/supplementary_file_S2/6-chemical-library/molecular_docking/PDBQT/7cam_A_819_chainA/docking_819_chainA_out.pdbqt	/home/anacleto/Desktop/manuscript_Mpro/naturecomm/supplementary_file_S2/6-chemical-library/molecular_docking/PDBQT/7cam_B_819_chainB/docking_819_chainB_out.pdbqt	/home/anacleto/Desktop/manuscript_Mpro/naturecomm/supplementary_file_S2/6-chemical-library/molecular_docking/combined_complexes/7cam_819_combined/7cam_819_combined_pose_1.pdb
C1=CNC=CC1	82	1	-3.181	-3.244	/home/anacleto/Desktop/manuscript_Mpro/naturecomm/supplementary_file_S2/6-chemical-library/molecular_docking/PDBQT/7cam_A_82_chainA/docking_82_chainA_out.pdbqt	/home/anacleto/Desktop/manuscript_Mpro/naturecomm/supplementary_file_S2/6-chemical-library/molecular_docking/PDBQT/7cam_B_82_chainB/docking_82_chainB_out.pdbqt	/home/anacleto/Desktop/manuscript_Mpro/naturecomm/supplementary_file_S2/6-chemical-library/molecular_docking/combined_complexes/7cam_82_combined/7cam_82_combined_pose_1.pdb
n1c[nH]cc1C(=O)NCc2cnccn2	820	1	-5.178	-5.019	/home/anacleto/Desktop/manuscript_Mpro/naturecomm/supplementary_file_S2/6-chemical-library/molecular_docking/PDBQT/7cam_A_820_chainA/docking_820_chainA_out.pdbqt	/home/anacleto/Desktop/manuscript_Mpro/naturecomm/supplementary_file_S2/6-chemical-library/molecular_docking/PDBQT/7cam_B_820_chainB/docking_820_chainB_out.pdbqt	/home/anacleto/Desktop/manuscript_Mpro/naturecomm/supplementary_file_S2/6-chemical-library/molecular_docking/combined_complexes/7cam_820_combined/7cam_820_combined_pose_1.pdb
n1[nH]ncc1C(=O)NCc2cccnc2	821	1	-5.144	-5.053	/home/anacleto/Desktop/manuscript_Mpro/naturecomm/supplementary_file_S2/6-chemical-library/molecular_docking/PDBQT/7cam_A_821_chainA/docking_821_chainA_out.pdbqt	/home/anacleto/Desktop/manuscript_Mpro/naturecomm/supplementary_file_S2/6-chemical-library/molecular_docking/PDBQT/7cam_B_821_chainB/docking_821_chainB_out.pdbqt	/home/anacleto/Desktop/manuscript_Mpro/naturecomm/supplementary_file_S2/6-chemical-library/molecular_docking/combined_complexes/7cam_821_combined/7cam_821_combined_pose_1.pdb
n1[nH]cnc1C(=O)NCc2cccnc2	822	1	-5.162	-5.08	/home/anacleto/Desktop/manuscript_Mpro/naturecomm/supplementary_file_S2/6-chemical-library/molecular_docking/PDBQT/7cam_A_822_chainA/docking_822_chainA_out.pdbqt	/home/anacleto/Desktop/manuscript_Mpro/naturecomm/supplementary_file_S2/6-chemical-library/molecular_docking/PDBQT/7cam_B_822_chainB/docking_822_chainB_out.pdbqt	/home/anacleto/Desktop/manuscript_Mpro/naturecomm/supplementary_file_S2/6-chemical-library/molecular_docking/combined_complexes/7cam_822_combined/7cam_822_combined_pose_1.pdb
[nH]1nnnc1NC(=O)Cc2ccccc2	823	1	-5.34	-5.03	/home/anacleto/Desktop/manuscript_Mpro/naturecomm/supplementary_file_S2/6-chemical-library/molecular_docking/PDBQT/7cam_A_823_chainA/docking_823_chainA_out.pdbqt	/home/anacleto/Desktop/manuscript_Mpro/naturecomm/supplementary_file_S2/6-chemical-library/molecular_docking/PDBQT/7cam_B_823_chainB/docking_823_chainB_out.pdbqt	/home/anacleto/Desktop/manuscript_Mpro/naturecomm/supplementary_file_S2/6-chemical-library/molecular_docking/combined_complexes/7cam_823_combined/7cam_823_combined_pose_1.pdb
[nH]1nncc1C(=O)NCc2cccnc2	824	1	-5.644	-5.063	/home/anacleto/Desktop/manuscript_Mpro/naturecomm/supplementary_file_S2/6-chemical-library/molecular_docking/PDBQT/7cam_A_824_chainA/docking_824_chainA_out.pdbqt	/home/anacleto/Desktop/manuscript_Mpro/naturecomm/supplementary_file_S2/6-chemical-library/molecular_docking/PDBQT/7cam_B_824_chainB/docking_824_chainB_out.pdbqt	/home/anacleto/Desktop/manuscript_Mpro/naturecomm/supplementary_file_S2/6-chemical-library/molecular_docking/combined_complexes/7cam_824_combined/7cam_824_combined_pose_1.pdb
o1nccc1C(=O)NCc2cccnc2	825	1	-5.432	-4.879	/home/anacleto/Desktop/manuscript_Mpro/naturecomm/supplementary_file_S2/6-chemical-library/molecular_docking/PDBQT/7cam_A_825_chainA/docking_825_chainA_out.pdbqt	/home/anacleto/Desktop/manuscript_Mpro/naturecomm/supplementary_file_S2/6-chemical-library/molecular_docking/PDBQT/7cam_B_825_chainB/docking_825_chainB_out.pdbqt	/home/anacleto/Desktop/manuscript_Mpro/naturecomm/supplementary_file_S2/6-chemical-library/molecular_docking/combined_complexes/7cam_825_combined/7cam_825_combined_pose_1.pdb
o1cncc1C(=O)NCc2cccnc2	826	1	-5.307	-4.748	/home/anacleto/Desktop/manuscript_Mpro/naturecomm/supplementary_file_S2/6-chemical-library/molecular_docking/PDBQT/7cam_A_826_chainA/docking_826_chainA_out.pdbqt	/home/anacleto/Desktop/manuscript_Mpro/naturecomm/supplementary_file_S2/6-chemical-library/molecular_docking/PDBQT/7cam_B_826_chainB/docking_826_chainB_out.pdbqt	/home/anacleto/Desktop/manuscript_Mpro/naturecomm/supplementary_file_S2/6-chemical-library/molecular_docking/combined_complexes/7cam_826_combined/7cam_826_combined_pose_1.pdb
o1cccc1C(=O)NCc2cncnc2	827	1	-5.374	-4.786	/home/anacleto/Desktop/manuscript_Mpro/naturecomm/supplementary_file_S2/6-chemical-library/molecular_docking/PDBQT/7cam_A_827_chainA/docking_827_chainA_out.pdbqt	/home/anacleto/Desktop/manuscript_Mpro/naturecomm/supplementary_file_S2/6-chemical-library/molecular_docking/PDBQT/7cam_B_827_chainB/docking_827_chainB_out.pdbqt	/home/anacleto/Desktop/manuscript_Mpro/naturecomm/supplementary_file_S2/6-chemical-library/molecular_docking/combined_complexes/7cam_827_combined/7cam_827_combined_pose_1.pdb
o1cccc1C(=O)NCc2cnccn2	828	1	-5.089	-4.669	/home/anacleto/Desktop/manuscript_Mpro/naturecomm/supplementary_file_S2/6-chemical-library/molecular_docking/PDBQT/7cam_A_828_chainA/docking_828_chainA_out.pdbqt	/home/anacleto/Desktop/manuscript_Mpro/naturecomm/supplementary_file_S2/6-chemical-library/molecular_docking/PDBQT/7cam_B_828_chainB/docking_828_chainB_out.pdbqt	/home/anacleto/Desktop/manuscript_Mpro/naturecomm/supplementary_file_S2/6-chemical-library/molecular_docking/combined_complexes/7cam_828_combined/7cam_828_combined_pose_1.pdb
n1occc1C(=O)NCc2cccnc2	829	1	-4.893	-4.747	/home/anacleto/Desktop/manuscript_Mpro/naturecomm/supplementary_file_S2/6-chemical-library/molecular_docking/PDBQT/7cam_A_829_chainA/docking_829_chainA_out.pdbqt	/home/anacleto/Desktop/manuscript_Mpro/naturecomm/supplementary_file_S2/6-chemical-library/molecular_docking/PDBQT/7cam_B_829_chainB/docking_829_chainB_out.pdbqt	/home/anacleto/Desktop/manuscript_Mpro/naturecomm/supplementary_file_S2/6-chemical-library/molecular_docking/combined_complexes/7cam_829_combined/7cam_829_combined_pose_1.pdb
c1cnc[nH+]c1	83	1	-2.979	-3.068	/home/anacleto/Desktop/manuscript_Mpro/naturecomm/supplementary_file_S2/6-chemical-library/molecular_docking/PDBQT/7cam_A_83_chainA/docking_83_chainA_out.pdbqt	/home/anacleto/Desktop/manuscript_Mpro/naturecomm/supplementary_file_S2/6-chemical-library/molecular_docking/PDBQT/7cam_B_83_chainB/docking_83_chainB_out.pdbqt	/home/anacleto/Desktop/manuscript_Mpro/naturecomm/supplementary_file_S2/6-chemical-library/molecular_docking/combined_complexes/7cam_83_combined/7cam_83_combined_pose_1.pdb
n1cocc1C(=O)NCc2cccnc2	830	1	-4.918	-4.736	/home/anacleto/Desktop/manuscript_Mpro/naturecomm/supplementary_file_S2/6-chemical-library/molecular_docking/PDBQT/7cam_A_830_chainA/docking_830_chainA_out.pdbqt	/home/anacleto/Desktop/manuscript_Mpro/naturecomm/supplementary_file_S2/6-chemical-library/molecular_docking/PDBQT/7cam_B_830_chainB/docking_830_chainB_out.pdbqt	/home/anacleto/Desktop/manuscript_Mpro/naturecomm/supplementary_file_S2/6-chemical-library/molecular_docking/combined_complexes/7cam_830_combined/7cam_830_combined_pose_1.pdb
[nH]1c(=O)[nH]cc1C(=O)Nc2ccccc2	831	1	-5.436	-5.085	/home/anacleto/Desktop/manuscript_Mpro/naturecomm/supplementary_file_S2/6-chemical-library/molecular_docking/PDBQT/7cam_A_831_chainA/docking_831_chainA_out.pdbqt	/home/anacleto/Desktop/manuscript_Mpro/naturecomm/supplementary_file_S2/6-chemical-library/molecular_docking/PDBQT/7cam_B_831_chainB/docking_831_chainB_out.pdbqt	/home/anacleto/Desktop/manuscript_Mpro/naturecomm/supplementary_file_S2/6-chemical-library/molecular_docking/combined_complexes/7cam_831_combined/7cam_831_combined_pose_1.pdb
[nH]1[nH]c(=O)cc1C(=O)Nc2ccccc2	832	1	-5.699	-6.054	/home/anacleto/Desktop/manuscript_Mpro/naturecomm/supplementary_file_S2/6-chemical-library/molecular_docking/PDBQT/7cam_A_832_chainA/docking_832_chainA_out.pdbqt	/home/anacleto/Desktop/manuscript_Mpro/naturecomm/supplementary_file_S2/6-chemical-library/molecular_docking/PDBQT/7cam_B_832_chainB/docking_832_chainB_out.pdbqt	/home/anacleto/Desktop/manuscript_Mpro/naturecomm/supplementary_file_S2/6-chemical-library/molecular_docking/combined_complexes/7cam_832_combined/7cam_832_combined_pose_1.pdb
n1nccn1NC(=O)Cc2ccccc2	833	1	-4.985	-4.896	/home/anacleto/Desktop/manuscript_Mpro/naturecomm/supplementary_file_S2/6-chemical-library/molecular_docking/PDBQT/7cam_A_833_chainA/docking_833_chainA_out.pdbqt	/home/anacleto/Desktop/manuscript_Mpro/naturecomm/supplementary_file_S2/6-chemical-library/molecular_docking/PDBQT/7cam_B_833_chainB/docking_833_chainB_out.pdbqt	/home/anacleto/Desktop/manuscript_Mpro/naturecomm/supplementary_file_S2/6-chemical-library/molecular_docking/combined_complexes/7cam_833_combined/7cam_833_combined_pose_1.pdb
n1nccn1CC(=O)Nc2ccccc2	834	1	-4.807	-4.56	/home/anacleto/Desktop/manuscript_Mpro/naturecomm/supplementary_file_S2/6-chemical-library/molecular_docking/PDBQT/7cam_A_834_chainA/docking_834_chainA_out.pdbqt	/home/anacleto/Desktop/manuscript_Mpro/naturecomm/supplementary_file_S2/6-chemical-library/molecular_docking/PDBQT/7cam_B_834_chainB/docking_834_chainB_out.pdbqt	/home/anacleto/Desktop/manuscript_Mpro/naturecomm/supplementary_file_S2/6-chemical-library/molecular_docking/combined_complexes/7cam_834_combined/7cam_834_combined_pose_1.pdb
n1cncn1CC(=O)Nc2ccccc2	835	1	-4.869	-4.587	/home/anacleto/Desktop/manuscript_Mpro/naturecomm/supplementary_file_S2/6-chemical-library/molecular_docking/PDBQT/7cam_A_835_chainA/docking_835_chainA_out.pdbqt	/home/anacleto/Desktop/manuscript_Mpro/naturecomm/supplementary_file_S2/6-chemical-library/molecular_docking/PDBQT/7cam_B_835_chainB/docking_835_chainB_out.pdbqt	/home/anacleto/Desktop/manuscript_Mpro/naturecomm/supplementary_file_S2/6-chemical-library/molecular_docking/combined_complexes/7cam_835_combined/7cam_835_combined_pose_1.pdb
n1c[nH]cc1C(=O)NCc2cccnc2	836	1	-5.269	-4.855	/home/anacleto/Desktop/manuscript_Mpro/naturecomm/supplementary_file_S2/6-chemical-library/molecular_docking/PDBQT/7cam_A_836_chainA/docking_836_chainA_out.pdbqt	/home/anacleto/Desktop/manuscript_Mpro/naturecomm/supplementary_file_S2/6-chemical-library/molecular_docking/PDBQT/7cam_B_836_chainB/docking_836_chainB_out.pdbqt	/home/anacleto/Desktop/manuscript_Mpro/naturecomm/supplementary_file_S2/6-chemical-library/molecular_docking/combined_complexes/7cam_836_combined/7cam_836_combined_pose_1.pdb
c1[nH]ncc1C(=O)NCc2cccnc2	837	1	-5.446	-4.884	/home/anacleto/Desktop/manuscript_Mpro/naturecomm/supplementary_file_S2/6-chemical-library/molecular_docking/PDBQT/7cam_A_837_chainA/docking_837_chainA_out.pdbqt	/home/anacleto/Desktop/manuscript_Mpro/naturecomm/supplementary_file_S2/6-chemical-library/molecular_docking/PDBQT/7cam_B_837_chainB/docking_837_chainB_out.pdbqt	/home/anacleto/Desktop/manuscript_Mpro/naturecomm/supplementary_file_S2/6-chemical-library/molecular_docking/combined_complexes/7cam_837_combined/7cam_837_combined_pose_1.pdb
[nH]1nccc1C(=O)NCc2cccnc2	838	1	-5.648	-5.464	/home/anacleto/Desktop/manuscript_Mpro/naturecomm/supplementary_file_S2/6-chemical-library/molecular_docking/PDBQT/7cam_A_838_chainA/docking_838_chainA_out.pdbqt	/home/anacleto/Desktop/manuscript_Mpro/naturecomm/supplementary_file_S2/6-chemical-library/molecular_docking/PDBQT/7cam_B_838_chainB/docking_838_chainB_out.pdbqt	/home/anacleto/Desktop/manuscript_Mpro/naturecomm/supplementary_file_S2/6-chemical-library/molecular_docking/combined_complexes/7cam_838_combined/7cam_838_combined_pose_1.pdb
[nH]1cncc1C(=O)NCc2cccnc2	839	1	-5.57	-5.342	/home/anacleto/Desktop/manuscript_Mpro/naturecomm/supplementary_file_S2/6-chemical-library/molecular_docking/PDBQT/7cam_A_839_chainA/docking_839_chainA_out.pdbqt	/home/anacleto/Desktop/manuscript_Mpro/naturecomm/supplementary_file_S2/6-chemical-library/molecular_docking/PDBQT/7cam_B_839_chainB/docking_839_chainB_out.pdbqt	/home/anacleto/Desktop/manuscript_Mpro/naturecomm/supplementary_file_S2/6-chemical-library/molecular_docking/combined_complexes/7cam_839_combined/7cam_839_combined_pose_1.pdb
c1cnncn1	84	1	-2.6	-2.407	/home/anacleto/Desktop/manuscript_Mpro/naturecomm/supplementary_file_S2/6-chemical-library/molecular_docking/PDBQT/7cam_A_84_chainA/docking_84_chainA_out.pdbqt	/home/anacleto/Desktop/manuscript_Mpro/naturecomm/supplementary_file_S2/6-chemical-library/molecular_docking/PDBQT/7cam_B_84_chainB/docking_84_chainB_out.pdbqt	/home/anacleto/Desktop/manuscript_Mpro/naturecomm/supplementary_file_S2/6-chemical-library/molecular_docking/combined_complexes/7cam_84_combined/7cam_84_combined_pose_1.pdb
[nH]1ccnc1C(=O)NCc2cccnc2	840	1	-5.515	-5.014	/home/anacleto/Desktop/manuscript_Mpro/naturecomm/supplementary_file_S2/6-chemical-library/molecular_docking/PDBQT/7cam_A_840_chainA/docking_840_chainA_out.pdbqt	/home/anacleto/Desktop/manuscript_Mpro/naturecomm/supplementary_file_S2/6-chemical-library/molecular_docking/PDBQT/7cam_B_840_chainB/docking_840_chainB_out.pdbqt	/home/anacleto/Desktop/manuscript_Mpro/naturecomm/supplementary_file_S2/6-chemical-library/molecular_docking/combined_complexes/7cam_840_combined/7cam_840_combined_pose_1.pdb
o1cccc1C(=O)NCc2cccnc2	841	1	-5.537	-5.045	/home/anacleto/Desktop/manuscript_Mpro/naturecomm/supplementary_file_S2/6-chemical-library/molecular_docking/PDBQT/7cam_A_841_chainA/docking_841_chainA_out.pdbqt	/home/anacleto/Desktop/manuscript_Mpro/naturecomm/supplementary_file_S2/6-chemical-library/molecular_docking/PDBQT/7cam_B_841_chainB/docking_841_chainB_out.pdbqt	/home/anacleto/Desktop/manuscript_Mpro/naturecomm/supplementary_file_S2/6-chemical-library/molecular_docking/combined_complexes/7cam_841_combined/7cam_841_combined_pose_1.pdb
n1cocc1C(=O)NCc2ccccc2	842	1	-4.9	-4.883	/home/anacleto/Desktop/manuscript_Mpro/naturecomm/supplementary_file_S2/6-chemical-library/molecular_docking/PDBQT/7cam_A_842_chainA/docking_842_chainA_out.pdbqt	/home/anacleto/Desktop/manuscript_Mpro/naturecomm/supplementary_file_S2/6-chemical-library/molecular_docking/PDBQT/7cam_B_842_chainB/docking_842_chainB_out.pdbqt	/home/anacleto/Desktop/manuscript_Mpro/naturecomm/supplementary_file_S2/6-chemical-library/molecular_docking/combined_complexes/7cam_842_combined/7cam_842_combined_pose_1.pdb
o1cccc1CCNCc2ccccc2	843	1	-4.617	-5.017	/home/anacleto/Desktop/manuscript_Mpro/naturecomm/supplementary_file_S2/6-chemical-library/molecular_docking/PDBQT/7cam_A_843_chainA/docking_843_chainA_out.pdbqt	/home/anacleto/Desktop/manuscript_Mpro/naturecomm/supplementary_file_S2/6-chemical-library/molecular_docking/PDBQT/7cam_B_843_chainB/docking_843_chainB_out.pdbqt	/home/anacleto/Desktop/manuscript_Mpro/naturecomm/supplementary_file_S2/6-chemical-library/molecular_docking/combined_complexes/7cam_843_combined/7cam_843_combined_pose_1.pdb
n1[nH]ccc1C(=O)NCc2ccccc2	844	1	-5.229	-5.168	/home/anacleto/Desktop/manuscript_Mpro/naturecomm/supplementary_file_S2/6-chemical-library/molecular_docking/PDBQT/7cam_A_844_chainA/docking_844_chainA_out.pdbqt	/home/anacleto/Desktop/manuscript_Mpro/naturecomm/supplementary_file_S2/6-chemical-library/molecular_docking/PDBQT/7cam_B_844_chainB/docking_844_chainB_out.pdbqt	/home/anacleto/Desktop/manuscript_Mpro/naturecomm/supplementary_file_S2/6-chemical-library/molecular_docking/combined_complexes/7cam_844_combined/7cam_844_combined_pose_1.pdb
c1nccn1CC(=O)Nc2ccccc2	845	1	-5.001	-4.806	/home/anacleto/Desktop/manuscript_Mpro/naturecomm/supplementary_file_S2/6-chemical-library/molecular_docking/PDBQT/7cam_A_845_chainA/docking_845_chainA_out.pdbqt	/home/anacleto/Desktop/manuscript_Mpro/naturecomm/supplementary_file_S2/6-chemical-library/molecular_docking/PDBQT/7cam_B_845_chainB/docking_845_chainB_out.pdbqt	/home/anacleto/Desktop/manuscript_Mpro/naturecomm/supplementary_file_S2/6-chemical-library/molecular_docking/combined_complexes/7cam_845_combined/7cam_845_combined_pose_1.pdb
c1[nH]ncc1NC(=O)Cc2ccccc2	846	1	-5.017	-5.116	/home/anacleto/Desktop/manuscript_Mpro/naturecomm/supplementary_file_S2/6-chemical-library/molecular_docking/PDBQT/7cam_A_846_chainA/docking_846_chainA_out.pdbqt	/home/anacleto/Desktop/manuscript_Mpro/naturecomm/supplementary_file_S2/6-chemical-library/molecular_docking/PDBQT/7cam_B_846_chainB/docking_846_chainB_out.pdbqt	/home/anacleto/Desktop/manuscript_Mpro/naturecomm/supplementary_file_S2/6-chemical-library/molecular_docking/combined_complexes/7cam_846_combined/7cam_846_combined_pose_1.pdb
c1[nH]ncc1CC(=O)Nc2ccccc2	847	1	-5.482	-5.083	/home/anacleto/Desktop/manuscript_Mpro/naturecomm/supplementary_file_S2/6-chemical-library/molecular_docking/PDBQT/7cam_A_847_chainA/docking_847_chainA_out.pdbqt	/home/anacleto/Desktop/manuscript_Mpro/naturecomm/supplementary_file_S2/6-chemical-library/molecular_docking/PDBQT/7cam_B_847_chainB/docking_847_chainB_out.pdbqt	/home/anacleto/Desktop/manuscript_Mpro/naturecomm/supplementary_file_S2/6-chemical-library/molecular_docking/combined_complexes/7cam_847_combined/7cam_847_combined_pose_1.pdb
c1[nH]ncc1C(=O)NCc2ccccc2	848	1	-5.538	-5.068	/home/anacleto/Desktop/manuscript_Mpro/naturecomm/supplementary_file_S2/6-chemical-library/molecular_docking/PDBQT/7cam_A_848_chainA/docking_848_chainA_out.pdbqt	/home/anacleto/Desktop/manuscript_Mpro/naturecomm/supplementary_file_S2/6-chemical-library/molecular_docking/PDBQT/7cam_B_848_chainB/docking_848_chainB_out.pdbqt	/home/anacleto/Desktop/manuscript_Mpro/naturecomm/supplementary_file_S2/6-chemical-library/molecular_docking/combined_complexes/7cam_848_combined/7cam_848_combined_pose_1.pdb
[nH]1cncc1NC(=O)Cc2ccccc2	849	1	-5.283	-5.142	/home/anacleto/Desktop/manuscript_Mpro/naturecomm/supplementary_file_S2/6-chemical-library/molecular_docking/PDBQT/7cam_A_849_chainA/docking_849_chainA_out.pdbqt	/home/anacleto/Desktop/manuscript_Mpro/naturecomm/supplementary_file_S2/6-chemical-library/molecular_docking/PDBQT/7cam_B_849_chainB/docking_849_chainB_out.pdbqt	/home/anacleto/Desktop/manuscript_Mpro/naturecomm/supplementary_file_S2/6-chemical-library/molecular_docking/combined_complexes/7cam_849_combined/7cam_849_combined_pose_1.pdb
C1=CCC=CC1	85	1	-3.264	-3.067	/home/anacleto/Desktop/manuscript_Mpro/naturecomm/supplementary_file_S2/6-chemical-library/molecular_docking/PDBQT/7cam_A_85_chainA/docking_85_chainA_out.pdbqt	/home/anacleto/Desktop/manuscript_Mpro/naturecomm/supplementary_file_S2/6-chemical-library/molecular_docking/PDBQT/7cam_B_85_chainB/docking_85_chainB_out.pdbqt	/home/anacleto/Desktop/manuscript_Mpro/naturecomm/supplementary_file_S2/6-chemical-library/molecular_docking/combined_complexes/7cam_85_combined/7cam_85_combined_pose_1.pdb
[nH]1cncc1C(=O)NCc2ccccc2	850	1	-5.519	-5.418	/home/anacleto/Desktop/manuscript_Mpro/naturecomm/supplementary_file_S2/6-chemical-library/molecular_docking/PDBQT/7cam_A_850_chainA/docking_850_chainA_out.pdbqt	/home/anacleto/Desktop/manuscript_Mpro/naturecomm/supplementary_file_S2/6-chemical-library/molecular_docking/PDBQT/7cam_B_850_chainB/docking_850_chainB_out.pdbqt	/home/anacleto/Desktop/manuscript_Mpro/naturecomm/supplementary_file_S2/6-chemical-library/molecular_docking/combined_complexes/7cam_850_combined/7cam_850_combined_pose_1.pdb
o1cccc1C(=O)NCc2ccccc2	851	1	-5.499	-5.073	/home/anacleto/Desktop/manuscript_Mpro/naturecomm/supplementary_file_S2/6-chemical-library/molecular_docking/PDBQT/7cam_A_851_chainA/docking_851_chainA_out.pdbqt	/home/anacleto/Desktop/manuscript_Mpro/naturecomm/supplementary_file_S2/6-chemical-library/molecular_docking/PDBQT/7cam_B_851_chainB/docking_851_chainB_out.pdbqt	/home/anacleto/Desktop/manuscript_Mpro/naturecomm/supplementary_file_S2/6-chemical-library/molecular_docking/combined_complexes/7cam_851_combined/7cam_851_combined_pose_1.pdb
c1cc[nH]c(=O)c1CNc2ccccc2	852	1	-5.249	-5.146	/home/anacleto/Desktop/manuscript_Mpro/naturecomm/supplementary_file_S2/6-chemical-library/molecular_docking/PDBQT/7cam_A_852_chainA/docking_852_chainA_out.pdbqt	/home/anacleto/Desktop/manuscript_Mpro/naturecomm/supplementary_file_S2/6-chemical-library/molecular_docking/PDBQT/7cam_B_852_chainB/docking_852_chainB_out.pdbqt	/home/anacleto/Desktop/manuscript_Mpro/naturecomm/supplementary_file_S2/6-chemical-library/molecular_docking/combined_complexes/7cam_852_combined/7cam_852_combined_pose_1.pdb
c1[nH]c(=O)ccc1CNc2ccccc2	853	1	-5.309	-5.089	/home/anacleto/Desktop/manuscript_Mpro/naturecomm/supplementary_file_S2/6-chemical-library/molecular_docking/PDBQT/7cam_A_853_chainA/docking_853_chainA_out.pdbqt	/home/anacleto/Desktop/manuscript_Mpro/naturecomm/supplementary_file_S2/6-chemical-library/molecular_docking/PDBQT/7cam_B_853_chainB/docking_853_chainB_out.pdbqt	/home/anacleto/Desktop/manuscript_Mpro/naturecomm/supplementary_file_S2/6-chemical-library/molecular_docking/combined_complexes/7cam_853_combined/7cam_853_combined_pose_1.pdb
c1ncccc1CNCc2cccnc2	854	1	-4.803	-4.885	/home/anacleto/Desktop/manuscript_Mpro/naturecomm/supplementary_file_S2/6-chemical-library/molecular_docking/PDBQT/7cam_A_854_chainA/docking_854_chainA_out.pdbqt	/home/anacleto/Desktop/manuscript_Mpro/naturecomm/supplementary_file_S2/6-chemical-library/molecular_docking/PDBQT/7cam_B_854_chainB/docking_854_chainB_out.pdbqt	/home/anacleto/Desktop/manuscript_Mpro/naturecomm/supplementary_file_S2/6-chemical-library/molecular_docking/combined_complexes/7cam_854_combined/7cam_854_combined_pose_1.pdb
c1cnccc1CNCc2cccnc2	855	1	-4.52	-4.788	/home/anacleto/Desktop/manuscript_Mpro/naturecomm/supplementary_file_S2/6-chemical-library/molecular_docking/PDBQT/7cam_A_855_chainA/docking_855_chainA_out.pdbqt	/home/anacleto/Desktop/manuscript_Mpro/naturecomm/supplementary_file_S2/6-chemical-library/molecular_docking/PDBQT/7cam_B_855_chainB/docking_855_chainB_out.pdbqt	/home/anacleto/Desktop/manuscript_Mpro/naturecomm/supplementary_file_S2/6-chemical-library/molecular_docking/combined_complexes/7cam_855_combined/7cam_855_combined_pose_1.pdb
n1ncccc1C(=O)Nc2ccccc2	856	1	-5.574	-5.121	/home/anacleto/Desktop/manuscript_Mpro/naturecomm/supplementary_file_S2/6-chemical-library/molecular_docking/PDBQT/7cam_A_856_chainA/docking_856_chainA_out.pdbqt	/home/anacleto/Desktop/manuscript_Mpro/naturecomm/supplementary_file_S2/6-chemical-library/molecular_docking/PDBQT/7cam_B_856_chainB/docking_856_chainB_out.pdbqt	/home/anacleto/Desktop/manuscript_Mpro/naturecomm/supplementary_file_S2/6-chemical-library/molecular_docking/combined_complexes/7cam_856_combined/7cam_856_combined_pose_1.pdb
n1cnccc1C(=O)Nc2ccccc2	857	1	-5.322	-5.02	/home/anacleto/Desktop/manuscript_Mpro/naturecomm/supplementary_file_S2/6-chemical-library/molecular_docking/PDBQT/7cam_A_857_chainA/docking_857_chainA_out.pdbqt	/home/anacleto/Desktop/manuscript_Mpro/naturecomm/supplementary_file_S2/6-chemical-library/molecular_docking/PDBQT/7cam_B_857_chainB/docking_857_chainB_out.pdbqt	/home/anacleto/Desktop/manuscript_Mpro/naturecomm/supplementary_file_S2/6-chemical-library/molecular_docking/combined_complexes/7cam_857_combined/7cam_857_combined_pose_1.pdb
c1ccccc1CNCc2cccnc2	858	1	-4.605	-5.195	/home/anacleto/Desktop/manuscript_Mpro/naturecomm/supplementary_file_S2/6-chemical-library/molecular_docking/PDBQT/7cam_A_858_chainA/docking_858_chainA_out.pdbqt	/home/anacleto/Desktop/manuscript_Mpro/naturecomm/supplementary_file_S2/6-chemical-library/molecular_docking/PDBQT/7cam_B_858_chainB/docking_858_chainB_out.pdbqt	/home/anacleto/Desktop/manuscript_Mpro/naturecomm/supplementary_file_S2/6-chemical-library/molecular_docking/combined_complexes/7cam_858_combined/7cam_858_combined_pose_1.pdb
c1cnccc1C(=O)Nc2ccccc2	859	1	-5.486	-5.071	/home/anacleto/Desktop/manuscript_Mpro/naturecomm/supplementary_file_S2/6-chemical-library/molecular_docking/PDBQT/7cam_A_859_chainA/docking_859_chainA_out.pdbqt	/home/anacleto/Desktop/manuscript_Mpro/naturecomm/supplementary_file_S2/6-chemical-library/molecular_docking/PDBQT/7cam_B_859_chainB/docking_859_chainB_out.pdbqt	/home/anacleto/Desktop/manuscript_Mpro/naturecomm/supplementary_file_S2/6-chemical-library/molecular_docking/combined_complexes/7cam_859_combined/7cam_859_combined_pose_1.pdb
c1cc[nH+]cc1	86	1	-3.228	-3.263	/home/anacleto/Desktop/manuscript_Mpro/naturecomm/supplementary_file_S2/6-chemical-library/molecular_docking/PDBQT/7cam_A_86_chainA/docking_86_chainA_out.pdbqt	/home/anacleto/Desktop/manuscript_Mpro/naturecomm/supplementary_file_S2/6-chemical-library/molecular_docking/PDBQT/7cam_B_86_chainB/docking_86_chainB_out.pdbqt	/home/anacleto/Desktop/manuscript_Mpro/naturecomm/supplementary_file_S2/6-chemical-library/molecular_docking/combined_complexes/7cam_86_combined/7cam_86_combined_pose_1.pdb
c1ccccc1C(=O)Nc2cccnc2	860	1	-5.67	-5.298	/home/anacleto/Desktop/manuscript_Mpro/naturecomm/supplementary_file_S2/6-chemical-library/molecular_docking/PDBQT/7cam_A_860_chainA/docking_860_chainA_out.pdbqt	/home/anacleto/Desktop/manuscript_Mpro/naturecomm/supplementary_file_S2/6-chemical-library/molecular_docking/PDBQT/7cam_B_860_chainB/docking_860_chainB_out.pdbqt	/home/anacleto/Desktop/manuscript_Mpro/naturecomm/supplementary_file_S2/6-chemical-library/molecular_docking/combined_complexes/7cam_860_combined/7cam_860_combined_pose_1.pdb
c1ccccc1CNCc2ccccc2	861	1	-5.098	-5.068	/home/anacleto/Desktop/manuscript_Mpro/naturecomm/supplementary_file_S2/6-chemical-library/molecular_docking/PDBQT/7cam_A_861_chainA/docking_861_chainA_out.pdbqt	/home/anacleto/Desktop/manuscript_Mpro/naturecomm/supplementary_file_S2/6-chemical-library/molecular_docking/PDBQT/7cam_B_861_chainB/docking_861_chainB_out.pdbqt	/home/anacleto/Desktop/manuscript_Mpro/naturecomm/supplementary_file_S2/6-chemical-library/molecular_docking/combined_complexes/7cam_861_combined/7cam_861_combined_pose_1.pdb
c1ccccc1CCNc2ccccc2	862	1	-5.385	-5.107	/home/anacleto/Desktop/manuscript_Mpro/naturecomm/supplementary_file_S2/6-chemical-library/molecular_docking/PDBQT/7cam_A_862_chainA/docking_862_chainA_out.pdbqt	/home/anacleto/Desktop/manuscript_Mpro/naturecomm/supplementary_file_S2/6-chemical-library/molecular_docking/PDBQT/7cam_B_862_chainB/docking_862_chainB_out.pdbqt	/home/anacleto/Desktop/manuscript_Mpro/naturecomm/supplementary_file_S2/6-chemical-library/molecular_docking/combined_complexes/7cam_862_combined/7cam_862_combined_pose_1.pdb
c1ccccc1C(=O)Nc2ccccc2	863	1	-5.835	-5.365	/home/anacleto/Desktop/manuscript_Mpro/naturecomm/supplementary_file_S2/6-chemical-library/molecular_docking/PDBQT/7cam_A_863_chainA/docking_863_chainA_out.pdbqt	/home/anacleto/Desktop/manuscript_Mpro/naturecomm/supplementary_file_S2/6-chemical-library/molecular_docking/PDBQT/7cam_B_863_chainB/docking_863_chainB_out.pdbqt	/home/anacleto/Desktop/manuscript_Mpro/naturecomm/supplementary_file_S2/6-chemical-library/molecular_docking/combined_complexes/7cam_863_combined/7cam_863_combined_pose_1.pdb
s1cccc1S(=O)(=O)N2CCNCC2	864	1	-4.58	-4.232	/home/anacleto/Desktop/manuscript_Mpro/naturecomm/supplementary_file_S2/6-chemical-library/molecular_docking/PDBQT/7cam_A_864_chainA/docking_864_chainA_out.pdbqt	/home/anacleto/Desktop/manuscript_Mpro/naturecomm/supplementary_file_S2/6-chemical-library/molecular_docking/PDBQT/7cam_B_864_chainB/docking_864_chainB_out.pdbqt	/home/anacleto/Desktop/manuscript_Mpro/naturecomm/supplementary_file_S2/6-chemical-library/molecular_docking/combined_complexes/7cam_864_combined/7cam_864_combined_pose_1.pdb
c1sccc1S(=O)(=O)N2CCNCC2	865	1	-4.395	-4.2	/home/anacleto/Desktop/manuscript_Mpro/naturecomm/supplementary_file_S2/6-chemical-library/molecular_docking/PDBQT/7cam_A_865_chainA/docking_865_chainA_out.pdbqt	/home/anacleto/Desktop/manuscript_Mpro/naturecomm/supplementary_file_S2/6-chemical-library/molecular_docking/PDBQT/7cam_B_865_chainB/docking_865_chainB_out.pdbqt	/home/anacleto/Desktop/manuscript_Mpro/naturecomm/supplementary_file_S2/6-chemical-library/molecular_docking/combined_complexes/7cam_865_combined/7cam_865_combined_pose_1.pdb
s1cccc1NC(=O)Cc2cscn2	866	1	-4.434	-4.661	/home/anacleto/Desktop/manuscript_Mpro/naturecomm/supplementary_file_S2/6-chemical-library/molecular_docking/PDBQT/7cam_A_866_chainA/docking_866_chainA_out.pdbqt	/home/anacleto/Desktop/manuscript_Mpro/naturecomm/supplementary_file_S2/6-chemical-library/molecular_docking/PDBQT/7cam_B_866_chainB/docking_866_chainB_out.pdbqt	/home/anacleto/Desktop/manuscript_Mpro/naturecomm/supplementary_file_S2/6-chemical-library/molecular_docking/combined_complexes/7cam_866_combined/7cam_866_combined_pose_1.pdb
s1cccc1C(=O)Sc2ncccn2	867	1	-4.264	-4.078	/home/anacleto/Desktop/manuscript_Mpro/naturecomm/supplementary_file_S2/6-chemical-library/molecular_docking/PDBQT/7cam_A_867_chainA/docking_867_chainA_out.pdbqt	/home/anacleto/Desktop/manuscript_Mpro/naturecomm/supplementary_file_S2/6-chemical-library/molecular_docking/PDBQT/7cam_B_867_chainB/docking_867_chainB_out.pdbqt	/home/anacleto/Desktop/manuscript_Mpro/naturecomm/supplementary_file_S2/6-chemical-library/molecular_docking/combined_complexes/7cam_867_combined/7cam_867_combined_pose_1.pdb
S=C(S1)NC(=O)C1=Cc2ccccc2	868	1	-4.749	-4.841	/home/anacleto/Desktop/manuscript_Mpro/naturecomm/supplementary_file_S2/6-chemical-library/molecular_docking/PDBQT/7cam_A_868_chainA/docking_868_chainA_out.pdbqt	/home/anacleto/Desktop/manuscript_Mpro/naturecomm/supplementary_file_S2/6-chemical-library/molecular_docking/PDBQT/7cam_B_868_chainB/docking_868_chainB_out.pdbqt	/home/anacleto/Desktop/manuscript_Mpro/naturecomm/supplementary_file_S2/6-chemical-library/molecular_docking/combined_complexes/7cam_868_combined/7cam_868_combined_pose_1.pdb
C=C1C(=O)N(C(=S)S1)c2ccccc2	869	1	-4.711	-4.562	/home/anacleto/Desktop/manuscript_Mpro/naturecomm/supplementary_file_S2/6-chemical-library/molecular_docking/PDBQT/7cam_A_869_chainA/docking_869_chainA_out.pdbqt	/home/anacleto/Desktop/manuscript_Mpro/naturecomm/supplementary_file_S2/6-chemical-library/molecular_docking/PDBQT/7cam_B_869_chainB/docking_869_chainB_out.pdbqt	/home/anacleto/Desktop/manuscript_Mpro/naturecomm/supplementary_file_S2/6-chemical-library/molecular_docking/combined_complexes/7cam_869_combined/7cam_869_combined_pose_1.pdb
c1cncnc1	87	1	-2.702	-2.5	/home/anacleto/Desktop/manuscript_Mpro/naturecomm/supplementary_file_S2/6-chemical-library/molecular_docking/PDBQT/7cam_A_87_chainA/docking_87_chainA_out.pdbqt	/home/anacleto/Desktop/manuscript_Mpro/naturecomm/supplementary_file_S2/6-chemical-library/molecular_docking/PDBQT/7cam_B_87_chainB/docking_87_chainB_out.pdbqt	/home/anacleto/Desktop/manuscript_Mpro/naturecomm/supplementary_file_S2/6-chemical-library/molecular_docking/combined_complexes/7cam_87_combined/7cam_87_combined_pose_1.pdb
n1ccccc1SSc2ccccn2	870	1	-4.625	-4.842	/home/anacleto/Desktop/manuscript_Mpro/naturecomm/supplementary_file_S2/6-chemical-library/molecular_docking/PDBQT/7cam_A_870_chainA/docking_870_chainA_out.pdbqt	/home/anacleto/Desktop/manuscript_Mpro/naturecomm/supplementary_file_S2/6-chemical-library/molecular_docking/PDBQT/7cam_B_870_chainB/docking_870_chainB_out.pdbqt	/home/anacleto/Desktop/manuscript_Mpro/naturecomm/supplementary_file_S2/6-chemical-library/molecular_docking/combined_complexes/7cam_870_combined/7cam_870_combined_pose_1.pdb
C1CCCN1S(=O)(=O)N2CCNCC2	871	1	-4.389	-4.22	/home/anacleto/Desktop/manuscript_Mpro/naturecomm/supplementary_file_S2/6-chemical-library/molecular_docking/PDBQT/7cam_A_871_chainA/docking_871_chainA_out.pdbqt	/home/anacleto/Desktop/manuscript_Mpro/naturecomm/supplementary_file_S2/6-chemical-library/molecular_docking/PDBQT/7cam_B_871_chainB/docking_871_chainB_out.pdbqt	/home/anacleto/Desktop/manuscript_Mpro/naturecomm/supplementary_file_S2/6-chemical-library/molecular_docking/combined_complexes/7cam_871_combined/7cam_871_combined_pose_1.pdb
c1oncc1S(=O)(=O)N2CCNCC2	872	1	-4.749	-4.065	/home/anacleto/Desktop/manuscript_Mpro/naturecomm/supplementary_file_S2/6-chemical-library/molecular_docking/PDBQT/7cam_A_872_chainA/docking_872_chainA_out.pdbqt	/home/anacleto/Desktop/manuscript_Mpro/naturecomm/supplementary_file_S2/6-chemical-library/molecular_docking/PDBQT/7cam_B_872_chainB/docking_872_chainB_out.pdbqt	/home/anacleto/Desktop/manuscript_Mpro/naturecomm/supplementary_file_S2/6-chemical-library/molecular_docking/combined_complexes/7cam_872_combined/7cam_872_combined_pose_1.pdb
C1CCCN1S(=O)(=O)c2ccccc2	873	1	-4.512	-4.552	/home/anacleto/Desktop/manuscript_Mpro/naturecomm/supplementary_file_S2/6-chemical-library/molecular_docking/PDBQT/7cam_A_873_chainA/docking_873_chainA_out.pdbqt	/home/anacleto/Desktop/manuscript_Mpro/naturecomm/supplementary_file_S2/6-chemical-library/molecular_docking/PDBQT/7cam_B_873_chainB/docking_873_chainB_out.pdbqt	/home/anacleto/Desktop/manuscript_Mpro/naturecomm/supplementary_file_S2/6-chemical-library/molecular_docking/combined_complexes/7cam_873_combined/7cam_873_combined_pose_1.pdb
C1CCCC1S(=O)(=O)c2ccccc2	874	1	-4.791	-4.751	/home/anacleto/Desktop/manuscript_Mpro/naturecomm/supplementary_file_S2/6-chemical-library/molecular_docking/PDBQT/7cam_A_874_chainA/docking_874_chainA_out.pdbqt	/home/anacleto/Desktop/manuscript_Mpro/naturecomm/supplementary_file_S2/6-chemical-library/molecular_docking/PDBQT/7cam_B_874_chainB/docking_874_chainB_out.pdbqt	/home/anacleto/Desktop/manuscript_Mpro/naturecomm/supplementary_file_S2/6-chemical-library/molecular_docking/combined_complexes/7cam_874_combined/7cam_874_combined_pose_1.pdb
n1cocc1S(=O)(=O)c2ccccc2	875	1	-4.418	-4.358	/home/anacleto/Desktop/manuscript_Mpro/naturecomm/supplementary_file_S2/6-chemical-library/molecular_docking/PDBQT/7cam_A_875_chainA/docking_875_chainA_out.pdbqt	/home/anacleto/Desktop/manuscript_Mpro/naturecomm/supplementary_file_S2/6-chemical-library/molecular_docking/PDBQT/7cam_B_875_chainB/docking_875_chainB_out.pdbqt	/home/anacleto/Desktop/manuscript_Mpro/naturecomm/supplementary_file_S2/6-chemical-library/molecular_docking/combined_complexes/7cam_875_combined/7cam_875_combined_pose_1.pdb
c1ccccc1CSC2CCOCC2	876	1	-4.514	-4.574	/home/anacleto/Desktop/manuscript_Mpro/naturecomm/supplementary_file_S2/6-chemical-library/molecular_docking/PDBQT/7cam_A_876_chainA/docking_876_chainA_out.pdbqt	/home/anacleto/Desktop/manuscript_Mpro/naturecomm/supplementary_file_S2/6-chemical-library/molecular_docking/PDBQT/7cam_B_876_chainB/docking_876_chainB_out.pdbqt	/home/anacleto/Desktop/manuscript_Mpro/naturecomm/supplementary_file_S2/6-chemical-library/molecular_docking/combined_complexes/7cam_876_combined/7cam_876_combined_pose_1.pdb
[nH]1sc(=O)n(c1=O)Cc2ccccc2	877	1	-4.85	-4.828	/home/anacleto/Desktop/manuscript_Mpro/naturecomm/supplementary_file_S2/6-chemical-library/molecular_docking/PDBQT/7cam_A_877_chainA/docking_877_chainA_out.pdbqt	/home/anacleto/Desktop/manuscript_Mpro/naturecomm/supplementary_file_S2/6-chemical-library/molecular_docking/PDBQT/7cam_B_877_chainB/docking_877_chainB_out.pdbqt	/home/anacleto/Desktop/manuscript_Mpro/naturecomm/supplementary_file_S2/6-chemical-library/molecular_docking/combined_complexes/7cam_877_combined/7cam_877_combined_pose_1.pdb
o1cccc1S(=O)(=O)c2ccccc2	878	1	-4.541	-4.505	/home/anacleto/Desktop/manuscript_Mpro/naturecomm/supplementary_file_S2/6-chemical-library/molecular_docking/PDBQT/7cam_A_878_chainA/docking_878_chainA_out.pdbqt	/home/anacleto/Desktop/manuscript_Mpro/naturecomm/supplementary_file_S2/6-chemical-library/molecular_docking/PDBQT/7cam_B_878_chainB/docking_878_chainB_out.pdbqt	/home/anacleto/Desktop/manuscript_Mpro/naturecomm/supplementary_file_S2/6-chemical-library/molecular_docking/combined_complexes/7cam_878_combined/7cam_878_combined_pose_1.pdb
C1COCCN1C(=S)c2ccccc2	879	1	-4.537	-4.305	/home/anacleto/Desktop/manuscript_Mpro/naturecomm/supplementary_file_S2/6-chemical-library/molecular_docking/PDBQT/7cam_A_879_chainA/docking_879_chainA_out.pdbqt	/home/anacleto/Desktop/manuscript_Mpro/naturecomm/supplementary_file_S2/6-chemical-library/molecular_docking/PDBQT/7cam_B_879_chainB/docking_879_chainB_out.pdbqt	/home/anacleto/Desktop/manuscript_Mpro/naturecomm/supplementary_file_S2/6-chemical-library/molecular_docking/combined_complexes/7cam_879_combined/7cam_879_combined_pose_1.pdb
c1cnccn1	88	1	-2.618	-2.364	/home/anacleto/Desktop/manuscript_Mpro/naturecomm/supplementary_file_S2/6-chemical-library/molecular_docking/PDBQT/7cam_A_88_chainA/docking_88_chainA_out.pdbqt	/home/anacleto/Desktop/manuscript_Mpro/naturecomm/supplementary_file_S2/6-chemical-library/molecular_docking/PDBQT/7cam_B_88_chainB/docking_88_chainB_out.pdbqt	/home/anacleto/Desktop/manuscript_Mpro/naturecomm/supplementary_file_S2/6-chemical-library/molecular_docking/combined_complexes/7cam_88_combined/7cam_88_combined_pose_1.pdb
o1cccc1C(=O)NCc2cccs2	880	1	-5.097	-4.691	/home/anacleto/Desktop/manuscript_Mpro/naturecomm/supplementary_file_S2/6-chemical-library/molecular_docking/PDBQT/7cam_A_880_chainA/docking_880_chainA_out.pdbqt	/home/anacleto/Desktop/manuscript_Mpro/naturecomm/supplementary_file_S2/6-chemical-library/molecular_docking/PDBQT/7cam_B_880_chainB/docking_880_chainB_out.pdbqt	/home/anacleto/Desktop/manuscript_Mpro/naturecomm/supplementary_file_S2/6-chemical-library/molecular_docking/combined_complexes/7cam_880_combined/7cam_880_combined_pose_1.pdb
o1cccc1C(=O)Sc2ncccn2	881	1	-4.504	-4.344	/home/anacleto/Desktop/manuscript_Mpro/naturecomm/supplementary_file_S2/6-chemical-library/molecular_docking/PDBQT/7cam_A_881_chainA/docking_881_chainA_out.pdbqt	/home/anacleto/Desktop/manuscript_Mpro/naturecomm/supplementary_file_S2/6-chemical-library/molecular_docking/PDBQT/7cam_B_881_chainB/docking_881_chainB_out.pdbqt	/home/anacleto/Desktop/manuscript_Mpro/naturecomm/supplementary_file_S2/6-chemical-library/molecular_docking/combined_complexes/7cam_881_combined/7cam_881_combined_pose_1.pdb
n1sncc1C(=O)Nc2ccccc2	882	1	-5.042	-4.568	/home/anacleto/Desktop/manuscript_Mpro/naturecomm/supplementary_file_S2/6-chemical-library/molecular_docking/PDBQT/7cam_A_882_chainA/docking_882_chainA_out.pdbqt	/home/anacleto/Desktop/manuscript_Mpro/naturecomm/supplementary_file_S2/6-chemical-library/molecular_docking/PDBQT/7cam_B_882_chainB/docking_882_chainB_out.pdbqt	/home/anacleto/Desktop/manuscript_Mpro/naturecomm/supplementary_file_S2/6-chemical-library/molecular_docking/combined_complexes/7cam_882_combined/7cam_882_combined_pose_1.pdb
s1cccc1CNCc2cccnc2	883	1	-4.652	-4.828	/home/anacleto/Desktop/manuscript_Mpro/naturecomm/supplementary_file_S2/6-chemical-library/molecular_docking/PDBQT/7cam_A_883_chainA/docking_883_chainA_out.pdbqt	/home/anacleto/Desktop/manuscript_Mpro/naturecomm/supplementary_file_S2/6-chemical-library/molecular_docking/PDBQT/7cam_B_883_chainB/docking_883_chainB_out.pdbqt	/home/anacleto/Desktop/manuscript_Mpro/naturecomm/supplementary_file_S2/6-chemical-library/molecular_docking/combined_complexes/7cam_883_combined/7cam_883_combined_pose_1.pdb
s1nccc1C(=O)Nc2ccccc2	884	1	-5.172	-4.782	/home/anacleto/Desktop/manuscript_Mpro/naturecomm/supplementary_file_S2/6-chemical-library/molecular_docking/PDBQT/7cam_A_884_chainA/docking_884_chainA_out.pdbqt	/home/anacleto/Desktop/manuscript_Mpro/naturecomm/supplementary_file_S2/6-chemical-library/molecular_docking/PDBQT/7cam_B_884_chainB/docking_884_chainB_out.pdbqt	/home/anacleto/Desktop/manuscript_Mpro/naturecomm/supplementary_file_S2/6-chemical-library/molecular_docking/combined_complexes/7cam_884_combined/7cam_884_combined_pose_1.pdb
s1cncc1C(=O)Nc2ccccc2	885	1	-5.067	-4.649	/home/anacleto/Desktop/manuscript_Mpro/naturecomm/supplementary_file_S2/6-chemical-library/molecular_docking/PDBQT/7cam_A_885_chainA/docking_885_chainA_out.pdbqt	/home/anacleto/Desktop/manuscript_Mpro/naturecomm/supplementary_file_S2/6-chemical-library/molecular_docking/PDBQT/7cam_B_885_chainB/docking_885_chainB_out.pdbqt	/home/anacleto/Desktop/manuscript_Mpro/naturecomm/supplementary_file_S2/6-chemical-library/molecular_docking/combined_complexes/7cam_885_combined/7cam_885_combined_pose_1.pdb
s1ccnc1NC(=O)c2ccccc2	886	1	-4.938	-4.888	/home/anacleto/Desktop/manuscript_Mpro/naturecomm/supplementary_file_S2/6-chemical-library/molecular_docking/PDBQT/7cam_A_886_chainA/docking_886_chainA_out.pdbqt	/home/anacleto/Desktop/manuscript_Mpro/naturecomm/supplementary_file_S2/6-chemical-library/molecular_docking/PDBQT/7cam_B_886_chainB/docking_886_chainB_out.pdbqt	/home/anacleto/Desktop/manuscript_Mpro/naturecomm/supplementary_file_S2/6-chemical-library/molecular_docking/combined_complexes/7cam_886_combined/7cam_886_combined_pose_1.pdb
s1ccnc1C(=O)Nc2ccccc2	887	1	-4.971	-4.545	/home/anacleto/Desktop/manuscript_Mpro/naturecomm/supplementary_file_S2/6-chemical-library/molecular_docking/PDBQT/7cam_A_887_chainA/docking_887_chainA_out.pdbqt	/home/anacleto/Desktop/manuscript_Mpro/naturecomm/supplementary_file_S2/6-chemical-library/molecular_docking/PDBQT/7cam_B_887_chainB/docking_887_chainB_out.pdbqt	/home/anacleto/Desktop/manuscript_Mpro/naturecomm/supplementary_file_S2/6-chemical-library/molecular_docking/combined_complexes/7cam_887_combined/7cam_887_combined_pose_1.pdb
n1cscc1C(=O)Nc2ccccc2	888	1	-4.964	-4.54	/home/anacleto/Desktop/manuscript_Mpro/naturecomm/supplementary_file_S2/6-chemical-library/molecular_docking/PDBQT/7cam_A_888_chainA/docking_888_chainA_out.pdbqt	/home/anacleto/Desktop/manuscript_Mpro/naturecomm/supplementary_file_S2/6-chemical-library/molecular_docking/PDBQT/7cam_B_888_chainB/docking_888_chainB_out.pdbqt	/home/anacleto/Desktop/manuscript_Mpro/naturecomm/supplementary_file_S2/6-chemical-library/molecular_docking/combined_complexes/7cam_888_combined/7cam_888_combined_pose_1.pdb
C=C1C(=O)N=C(S1)Nc2ccccc2	889	1	-4.985	-4.711	/home/anacleto/Desktop/manuscript_Mpro/naturecomm/supplementary_file_S2/6-chemical-library/molecular_docking/PDBQT/7cam_A_889_chainA/docking_889_chainA_out.pdbqt	/home/anacleto/Desktop/manuscript_Mpro/naturecomm/supplementary_file_S2/6-chemical-library/molecular_docking/PDBQT/7cam_B_889_chainB/docking_889_chainB_out.pdbqt	/home/anacleto/Desktop/manuscript_Mpro/naturecomm/supplementary_file_S2/6-chemical-library/molecular_docking/combined_complexes/7cam_889_combined/7cam_889_combined_pose_1.pdb
c1ccnnc1	89	1	-2.853	-2.657	/home/anacleto/Desktop/manuscript_Mpro/naturecomm/supplementary_file_S2/6-chemical-library/molecular_docking/PDBQT/7cam_A_89_chainA/docking_89_chainA_out.pdbqt	/home/anacleto/Desktop/manuscript_Mpro/naturecomm/supplementary_file_S2/6-chemical-library/molecular_docking/PDBQT/7cam_B_89_chainB/docking_89_chainB_out.pdbqt	/home/anacleto/Desktop/manuscript_Mpro/naturecomm/supplementary_file_S2/6-chemical-library/molecular_docking/combined_complexes/7cam_89_combined/7cam_89_combined_pose_1.pdb
s1cccc1CNCc2ccccc2	890	1	-4.538	-4.91	/home/anacleto/Desktop/manuscript_Mpro/naturecomm/supplementary_file_S2/6-chemical-library/molecular_docking/PDBQT/7cam_A_890_chainA/docking_890_chainA_out.pdbqt	/home/anacleto/Desktop/manuscript_Mpro/naturecomm/supplementary_file_S2/6-chemical-library/molecular_docking/PDBQT/7cam_B_890_chainB/docking_890_chainB_out.pdbqt	/home/anacleto/Desktop/manuscript_Mpro/naturecomm/supplementary_file_S2/6-chemical-library/molecular_docking/combined_complexes/7cam_890_combined/7cam_890_combined_pose_1.pdb
c1ncccc1CSc2ncccn2	891	1	-4.372	-4.373	/home/anacleto/Desktop/manuscript_Mpro/naturecomm/supplementary_file_S2/6-chemical-library/molecular_docking/PDBQT/7cam_A_891_chainA/docking_891_chainA_out.pdbqt	/home/anacleto/Desktop/manuscript_Mpro/naturecomm/supplementary_file_S2/6-chemical-library/molecular_docking/PDBQT/7cam_B_891_chainB/docking_891_chainB_out.pdbqt	/home/anacleto/Desktop/manuscript_Mpro/naturecomm/supplementary_file_S2/6-chemical-library/molecular_docking/combined_complexes/7cam_891_combined/7cam_891_combined_pose_1.pdb
C=c1c(=O)n(c(s1)=C)-c2ccccc2	892	1	-4.62	-4.601	/home/anacleto/Desktop/manuscript_Mpro/naturecomm/supplementary_file_S2/6-chemical-library/molecular_docking/PDBQT/7cam_A_892_chainA/docking_892_chainA_out.pdbqt	/home/anacleto/Desktop/manuscript_Mpro/naturecomm/supplementary_file_S2/6-chemical-library/molecular_docking/PDBQT/7cam_B_892_chainB/docking_892_chainB_out.pdbqt	/home/anacleto/Desktop/manuscript_Mpro/naturecomm/supplementary_file_S2/6-chemical-library/molecular_docking/combined_complexes/7cam_892_combined/7cam_892_combined_pose_1.pdb
c1ccccc1CSc2ccccc2	893	1	-4.884	-4.829	/home/anacleto/Desktop/manuscript_Mpro/naturecomm/supplementary_file_S2/6-chemical-library/molecular_docking/PDBQT/7cam_A_893_chainA/docking_893_chainA_out.pdbqt	/home/anacleto/Desktop/manuscript_Mpro/naturecomm/supplementary_file_S2/6-chemical-library/molecular_docking/PDBQT/7cam_B_893_chainB/docking_893_chainB_out.pdbqt	/home/anacleto/Desktop/manuscript_Mpro/naturecomm/supplementary_file_S2/6-chemical-library/molecular_docking/combined_complexes/7cam_893_combined/7cam_893_combined_pose_1.pdb
O1CCCCC1COC2CCCCO2	894	1	-4.604	-4.607	/home/anacleto/Desktop/manuscript_Mpro/naturecomm/supplementary_file_S2/6-chemical-library/molecular_docking/PDBQT/7cam_A_894_chainA/docking_894_chainA_out.pdbqt	/home/anacleto/Desktop/manuscript_Mpro/naturecomm/supplementary_file_S2/6-chemical-library/molecular_docking/PDBQT/7cam_B_894_chainB/docking_894_chainB_out.pdbqt	/home/anacleto/Desktop/manuscript_Mpro/naturecomm/supplementary_file_S2/6-chemical-library/molecular_docking/combined_complexes/7cam_894_combined/7cam_894_combined_pose_1.pdb
N1CCNCC1C(=O)N2CCOCC2	895	1	-4.622	-4.632	/home/anacleto/Desktop/manuscript_Mpro/naturecomm/supplementary_file_S2/6-chemical-library/molecular_docking/PDBQT/7cam_A_895_chainA/docking_895_chainA_out.pdbqt	/home/anacleto/Desktop/manuscript_Mpro/naturecomm/supplementary_file_S2/6-chemical-library/molecular_docking/PDBQT/7cam_B_895_chainB/docking_895_chainB_out.pdbqt	/home/anacleto/Desktop/manuscript_Mpro/naturecomm/supplementary_file_S2/6-chemical-library/molecular_docking/combined_complexes/7cam_895_combined/7cam_895_combined_pose_1.pdb
N1CCNCC1C(=O)N2CCNCC2	896	1	-4.941	-4.562	/home/anacleto/Desktop/manuscript_Mpro/naturecomm/supplementary_file_S2/6-chemical-library/molecular_docking/PDBQT/7cam_A_896_chainA/docking_896_chainA_out.pdbqt	/home/anacleto/Desktop/manuscript_Mpro/naturecomm/supplementary_file_S2/6-chemical-library/molecular_docking/PDBQT/7cam_B_896_chainB/docking_896_chainB_out.pdbqt	/home/anacleto/Desktop/manuscript_Mpro/naturecomm/supplementary_file_S2/6-chemical-library/molecular_docking/combined_complexes/7cam_896_combined/7cam_896_combined_pose_1.pdb
O=C1NC(CN1)C(=O)N2CCNCC2	897	1	-4.906	-4.674	/home/anacleto/Desktop/manuscript_Mpro/naturecomm/supplementary_file_S2/6-chemical-library/molecular_docking/PDBQT/7cam_A_897_chainA/docking_897_chainA_out.pdbqt	/home/anacleto/Desktop/manuscript_Mpro/naturecomm/supplementary_file_S2/6-chemical-library/molecular_docking/PDBQT/7cam_B_897_chainB/docking_897_chainB_out.pdbqt	/home/anacleto/Desktop/manuscript_Mpro/naturecomm/supplementary_file_S2/6-chemical-library/molecular_docking/combined_complexes/7cam_897_combined/7cam_897_combined_pose_1.pdb
N1C(=O)NC(C1=O)CC2CCCOC2	898	1	-4.961	-4.699	/home/anacleto/Desktop/manuscript_Mpro/naturecomm/supplementary_file_S2/6-chemical-library/molecular_docking/PDBQT/7cam_A_898_chainA/docking_898_chainA_out.pdbqt	/home/anacleto/Desktop/manuscript_Mpro/naturecomm/supplementary_file_S2/6-chemical-library/molecular_docking/PDBQT/7cam_B_898_chainB/docking_898_chainB_out.pdbqt	/home/anacleto/Desktop/manuscript_Mpro/naturecomm/supplementary_file_S2/6-chemical-library/molecular_docking/combined_complexes/7cam_898_combined/7cam_898_combined_pose_1.pdb
O=C1CC(CN1)C(=O)N2CCNCC2	899	1	-4.478	-4.878	/home/anacleto/Desktop/manuscript_Mpro/naturecomm/supplementary_file_S2/6-chemical-library/molecular_docking/PDBQT/7cam_A_899_chainA/docking_899_chainA_out.pdbqt	/home/anacleto/Desktop/manuscript_Mpro/naturecomm/supplementary_file_S2/6-chemical-library/molecular_docking/PDBQT/7cam_B_899_chainB/docking_899_chainB_out.pdbqt	/home/anacleto/Desktop/manuscript_Mpro/naturecomm/supplementary_file_S2/6-chemical-library/molecular_docking/combined_complexes/7cam_899_combined/7cam_899_combined_pose_1.pdb
O=C1CNCC(=O)N1	9	1	-3.661	-3.498	/home/anacleto/Desktop/manuscript_Mpro/naturecomm/supplementary_file_S2/6-chemical-library/molecular_docking/PDBQT/7cam_A_9_chainA/docking_9_chainA_out.pdbqt	/home/anacleto/Desktop/manuscript_Mpro/naturecomm/supplementary_file_S2/6-chemical-library/molecular_docking/PDBQT/7cam_B_9_chainB/docking_9_chainB_out.pdbqt	/home/anacleto/Desktop/manuscript_Mpro/naturecomm/supplementary_file_S2/6-chemical-library/molecular_docking/combined_complexes/7cam_9_combined/7cam_9_combined_pose_1.pdb
c1ccncc1	90	1	-3.028	-2.832	/home/anacleto/Desktop/manuscript_Mpro/naturecomm/supplementary_file_S2/6-chemical-library/molecular_docking/PDBQT/7cam_A_90_chainA/docking_90_chainA_out.pdbqt	/home/anacleto/Desktop/manuscript_Mpro/naturecomm/supplementary_file_S2/6-chemical-library/molecular_docking/PDBQT/7cam_B_90_chainB/docking_90_chainB_out.pdbqt	/home/anacleto/Desktop/manuscript_Mpro/naturecomm/supplementary_file_S2/6-chemical-library/molecular_docking/combined_complexes/7cam_90_combined/7cam_90_combined_pose_1.pdb
[nH]1c(=O)[nH]c(=O)cc1N2CCOCC2	900	1	-4.648	-4.871	/home/anacleto/Desktop/manuscript_Mpro/naturecomm/supplementary_file_S2/6-chemical-library/molecular_docking/PDBQT/7cam_A_900_chainA/docking_900_chainA_out.pdbqt	/home/anacleto/Desktop/manuscript_Mpro/naturecomm/supplementary_file_S2/6-chemical-library/molecular_docking/PDBQT/7cam_B_900_chainB/docking_900_chainB_out.pdbqt	/home/anacleto/Desktop/manuscript_Mpro/naturecomm/supplementary_file_S2/6-chemical-library/molecular_docking/combined_complexes/7cam_900_combined/7cam_900_combined_pose_1.pdb
C1CCCC1C(=O)NCC2CCCN2	901	1	-5.039	-4.645	/home/anacleto/Desktop/manuscript_Mpro/naturecomm/supplementary_file_S2/6-chemical-library/molecular_docking/PDBQT/7cam_A_901_chainA/docking_901_chainA_out.pdbqt	/home/anacleto/Desktop/manuscript_Mpro/naturecomm/supplementary_file_S2/6-chemical-library/molecular_docking/PDBQT/7cam_B_901_chainB/docking_901_chainB_out.pdbqt	/home/anacleto/Desktop/manuscript_Mpro/naturecomm/supplementary_file_S2/6-chemical-library/molecular_docking/combined_complexes/7cam_901_combined/7cam_901_combined_pose_1.pdb
N1C(=O)NC(C1=O)CC2CCCCC2	902	1	-4.895	-4.739	/home/anacleto/Desktop/manuscript_Mpro/naturecomm/supplementary_file_S2/6-chemical-library/molecular_docking/PDBQT/7cam_A_902_chainA/docking_902_chainA_out.pdbqt	/home/anacleto/Desktop/manuscript_Mpro/naturecomm/supplementary_file_S2/6-chemical-library/molecular_docking/PDBQT/7cam_B_902_chainB/docking_902_chainB_out.pdbqt	/home/anacleto/Desktop/manuscript_Mpro/naturecomm/supplementary_file_S2/6-chemical-library/molecular_docking/combined_complexes/7cam_902_combined/7cam_902_combined_pose_1.pdb
N1C(=O)NC(C1=O)C2CCCCCC2	903	1	-5.177	-5.004	/home/anacleto/Desktop/manuscript_Mpro/naturecomm/supplementary_file_S2/6-chemical-library/molecular_docking/PDBQT/7cam_A_903_chainA/docking_903_chainA_out.pdbqt	/home/anacleto/Desktop/manuscript_Mpro/naturecomm/supplementary_file_S2/6-chemical-library/molecular_docking/PDBQT/7cam_B_903_chainB/docking_903_chainB_out.pdbqt	/home/anacleto/Desktop/manuscript_Mpro/naturecomm/supplementary_file_S2/6-chemical-library/molecular_docking/combined_complexes/7cam_903_combined/7cam_903_combined_pose_1.pdb
C1CCOC=C1C(=O)NC2CCNC2	904	1	-4.973	-4.454	/home/anacleto/Desktop/manuscript_Mpro/naturecomm/supplementary_file_S2/6-chemical-library/molecular_docking/PDBQT/7cam_A_904_chainA/docking_904_chainA_out.pdbqt	/home/anacleto/Desktop/manuscript_Mpro/naturecomm/supplementary_file_S2/6-chemical-library/molecular_docking/PDBQT/7cam_B_904_chainB/docking_904_chainB_out.pdbqt	/home/anacleto/Desktop/manuscript_Mpro/naturecomm/supplementary_file_S2/6-chemical-library/molecular_docking/combined_complexes/7cam_904_combined/7cam_904_combined_pose_1.pdb
C1C=COC(C1=C)OC2CCCCO2	905	1	-4.533	-4.703	/home/anacleto/Desktop/manuscript_Mpro/naturecomm/supplementary_file_S2/6-chemical-library/molecular_docking/PDBQT/7cam_A_905_chainA/docking_905_chainA_out.pdbqt	/home/anacleto/Desktop/manuscript_Mpro/naturecomm/supplementary_file_S2/6-chemical-library/molecular_docking/PDBQT/7cam_B_905_chainB/docking_905_chainB_out.pdbqt	/home/anacleto/Desktop/manuscript_Mpro/naturecomm/supplementary_file_S2/6-chemical-library/molecular_docking/combined_complexes/7cam_905_combined/7cam_905_combined_pose_1.pdb
n1cocc1C(=O)NC2CCCOC2	906	1	-4.924	-4.115	/home/anacleto/Desktop/manuscript_Mpro/naturecomm/supplementary_file_S2/6-chemical-library/molecular_docking/PDBQT/7cam_A_906_chainA/docking_906_chainA_out.pdbqt	/home/anacleto/Desktop/manuscript_Mpro/naturecomm/supplementary_file_S2/6-chemical-library/molecular_docking/PDBQT/7cam_B_906_chainB/docking_906_chainB_out.pdbqt	/home/anacleto/Desktop/manuscript_Mpro/naturecomm/supplementary_file_S2/6-chemical-library/molecular_docking/combined_complexes/7cam_906_combined/7cam_906_combined_pose_1.pdb
n1cocc1C(=O)NC2CCCNC2	907	1	-4.881	-4.421	/home/anacleto/Desktop/manuscript_Mpro/naturecomm/supplementary_file_S2/6-chemical-library/molecular_docking/PDBQT/7cam_A_907_chainA/docking_907_chainA_out.pdbqt	/home/anacleto/Desktop/manuscript_Mpro/naturecomm/supplementary_file_S2/6-chemical-library/molecular_docking/PDBQT/7cam_B_907_chainB/docking_907_chainB_out.pdbqt	/home/anacleto/Desktop/manuscript_Mpro/naturecomm/supplementary_file_S2/6-chemical-library/molecular_docking/combined_complexes/7cam_907_combined/7cam_907_combined_pose_1.pdb
n1c[nH]cc1CC(=O)N2CCOCC2	908	1	-4.594	-4.371	/home/anacleto/Desktop/manuscript_Mpro/naturecomm/supplementary_file_S2/6-chemical-library/molecular_docking/PDBQT/7cam_A_908_chainA/docking_908_chainA_out.pdbqt	/home/anacleto/Desktop/manuscript_Mpro/naturecomm/supplementary_file_S2/6-chemical-library/molecular_docking/PDBQT/7cam_B_908_chainB/docking_908_chainB_out.pdbqt	/home/anacleto/Desktop/manuscript_Mpro/naturecomm/supplementary_file_S2/6-chemical-library/molecular_docking/combined_complexes/7cam_908_combined/7cam_908_combined_pose_1.pdb
c1[nH]ncc1C(=O)OC2CCNCC2	909	1	-4.677	-4.618	/home/anacleto/Desktop/manuscript_Mpro/naturecomm/supplementary_file_S2/6-chemical-library/molecular_docking/PDBQT/7cam_A_909_chainA/docking_909_chainA_out.pdbqt	/home/anacleto/Desktop/manuscript_Mpro/naturecomm/supplementary_file_S2/6-chemical-library/molecular_docking/PDBQT/7cam_B_909_chainB/docking_909_chainB_out.pdbqt	/home/anacleto/Desktop/manuscript_Mpro/naturecomm/supplementary_file_S2/6-chemical-library/molecular_docking/combined_complexes/7cam_909_combined/7cam_909_combined_pose_1.pdb
c1ccccc1	91	1	-3.377	-3.07	/home/anacleto/Desktop/manuscript_Mpro/naturecomm/supplementary_file_S2/6-chemical-library/molecular_docking/PDBQT/7cam_A_91_chainA/docking_91_chainA_out.pdbqt	/home/anacleto/Desktop/manuscript_Mpro/naturecomm/supplementary_file_S2/6-chemical-library/molecular_docking/PDBQT/7cam_B_91_chainB/docking_91_chainB_out.pdbqt	/home/anacleto/Desktop/manuscript_Mpro/naturecomm/supplementary_file_S2/6-chemical-library/molecular_docking/combined_complexes/7cam_91_combined/7cam_91_combined_pose_1.pdb
o1cccc1C(=O)NC2CCNCC2	910	1	-4.88	-4.634	/home/anacleto/Desktop/manuscript_Mpro/naturecomm/supplementary_file_S2/6-chemical-library/molecular_docking/PDBQT/7cam_A_910_chainA/docking_910_chainA_out.pdbqt	/home/anacleto/Desktop/manuscript_Mpro/naturecomm/supplementary_file_S2/6-chemical-library/molecular_docking/PDBQT/7cam_B_910_chainB/docking_910_chainB_out.pdbqt	/home/anacleto/Desktop/manuscript_Mpro/naturecomm/supplementary_file_S2/6-chemical-library/molecular_docking/combined_complexes/7cam_910_combined/7cam_910_combined_pose_1.pdb
n1cocc1C(=O)NC2CCCCC2	911	1	-5.02	-4.655	/home/anacleto/Desktop/manuscript_Mpro/naturecomm/supplementary_file_S2/6-chemical-library/molecular_docking/PDBQT/7cam_A_911_chainA/docking_911_chainA_out.pdbqt	/home/anacleto/Desktop/manuscript_Mpro/naturecomm/supplementary_file_S2/6-chemical-library/molecular_docking/PDBQT/7cam_B_911_chainB/docking_911_chainB_out.pdbqt	/home/anacleto/Desktop/manuscript_Mpro/naturecomm/supplementary_file_S2/6-chemical-library/molecular_docking/combined_complexes/7cam_911_combined/7cam_911_combined_pose_1.pdb
C1C=CNC=C1C(=O)OC2CCNC2	912	1	-5.019	-4.427	/home/anacleto/Desktop/manuscript_Mpro/naturecomm/supplementary_file_S2/6-chemical-library/molecular_docking/PDBQT/7cam_A_912_chainA/docking_912_chainA_out.pdbqt	/home/anacleto/Desktop/manuscript_Mpro/naturecomm/supplementary_file_S2/6-chemical-library/molecular_docking/PDBQT/7cam_B_912_chainB/docking_912_chainB_out.pdbqt	/home/anacleto/Desktop/manuscript_Mpro/naturecomm/supplementary_file_S2/6-chemical-library/molecular_docking/combined_complexes/7cam_912_combined/7cam_912_combined_pose_1.pdb
n1c[nH]cc1CC(=O)N2CCCCC2	913	1	-4.536	-4.425	/home/anacleto/Desktop/manuscript_Mpro/naturecomm/supplementary_file_S2/6-chemical-library/molecular_docking/PDBQT/7cam_A_913_chainA/docking_913_chainA_out.pdbqt	/home/anacleto/Desktop/manuscript_Mpro/naturecomm/supplementary_file_S2/6-chemical-library/molecular_docking/PDBQT/7cam_B_913_chainB/docking_913_chainB_out.pdbqt	/home/anacleto/Desktop/manuscript_Mpro/naturecomm/supplementary_file_S2/6-chemical-library/molecular_docking/combined_complexes/7cam_913_combined/7cam_913_combined_pose_1.pdb
c1[nH]ncc1C(=O)NCC2CCCC2	914	1	-5.32	-5.078	/home/anacleto/Desktop/manuscript_Mpro/naturecomm/supplementary_file_S2/6-chemical-library/molecular_docking/PDBQT/7cam_A_914_chainA/docking_914_chainA_out.pdbqt	/home/anacleto/Desktop/manuscript_Mpro/naturecomm/supplementary_file_S2/6-chemical-library/molecular_docking/PDBQT/7cam_B_914_chainB/docking_914_chainB_out.pdbqt	/home/anacleto/Desktop/manuscript_Mpro/naturecomm/supplementary_file_S2/6-chemical-library/molecular_docking/combined_complexes/7cam_914_combined/7cam_914_combined_pose_1.pdb
c1[nH]ncc1C(=O)NC2CCCCC2	915	1	-5.376	-4.973	/home/anacleto/Desktop/manuscript_Mpro/naturecomm/supplementary_file_S2/6-chemical-library/molecular_docking/PDBQT/7cam_A_915_chainA/docking_915_chainA_out.pdbqt	/home/anacleto/Desktop/manuscript_Mpro/naturecomm/supplementary_file_S2/6-chemical-library/molecular_docking/PDBQT/7cam_B_915_chainB/docking_915_chainB_out.pdbqt	/home/anacleto/Desktop/manuscript_Mpro/naturecomm/supplementary_file_S2/6-chemical-library/molecular_docking/combined_complexes/7cam_915_combined/7cam_915_combined_pose_1.pdb
C1CCCCN1C(=O)Cn2ccnc2	916	1	-4.695	-4.232	/home/anacleto/Desktop/manuscript_Mpro/naturecomm/supplementary_file_S2/6-chemical-library/molecular_docking/PDBQT/7cam_A_916_chainA/docking_916_chainA_out.pdbqt	/home/anacleto/Desktop/manuscript_Mpro/naturecomm/supplementary_file_S2/6-chemical-library/molecular_docking/PDBQT/7cam_B_916_chainB/docking_916_chainB_out.pdbqt	/home/anacleto/Desktop/manuscript_Mpro/naturecomm/supplementary_file_S2/6-chemical-library/molecular_docking/combined_complexes/7cam_916_combined/7cam_916_combined_pose_1.pdb
o1cccc1C(=O)NC2CCCCC2	917	1	-5.171	-4.993	/home/anacleto/Desktop/manuscript_Mpro/naturecomm/supplementary_file_S2/6-chemical-library/molecular_docking/PDBQT/7cam_A_917_chainA/docking_917_chainA_out.pdbqt	/home/anacleto/Desktop/manuscript_Mpro/naturecomm/supplementary_file_S2/6-chemical-library/molecular_docking/PDBQT/7cam_B_917_chainB/docking_917_chainB_out.pdbqt	/home/anacleto/Desktop/manuscript_Mpro/naturecomm/supplementary_file_S2/6-chemical-library/molecular_docking/combined_complexes/7cam_917_combined/7cam_917_combined_pose_1.pdb
C1CCCN1C(=O)c2cc(=O)[nH]nc2	918	1	-4.769	-4.673	/home/anacleto/Desktop/manuscript_Mpro/naturecomm/supplementary_file_S2/6-chemical-library/molecular_docking/PDBQT/7cam_A_918_chainA/docking_918_chainA_out.pdbqt	/home/anacleto/Desktop/manuscript_Mpro/naturecomm/supplementary_file_S2/6-chemical-library/molecular_docking/PDBQT/7cam_B_918_chainB/docking_918_chainB_out.pdbqt	/home/anacleto/Desktop/manuscript_Mpro/naturecomm/supplementary_file_S2/6-chemical-library/molecular_docking/combined_complexes/7cam_918_combined/7cam_918_combined_pose_1.pdb
o1cccc1C=NN(C(=O)N2)CC2=O	919	1	-4.654	-4.614	/home/anacleto/Desktop/manuscript_Mpro/naturecomm/supplementary_file_S2/6-chemical-library/molecular_docking/PDBQT/7cam_A_919_chainA/docking_919_chainA_out.pdbqt	/home/anacleto/Desktop/manuscript_Mpro/naturecomm/supplementary_file_S2/6-chemical-library/molecular_docking/PDBQT/7cam_B_919_chainB/docking_919_chainB_out.pdbqt	/home/anacleto/Desktop/manuscript_Mpro/naturecomm/supplementary_file_S2/6-chemical-library/molecular_docking/combined_complexes/7cam_919_combined/7cam_919_combined_pose_1.pdb
C1CCSC1	92	1	-2.401	-2.329	/home/anacleto/Desktop/manuscript_Mpro/naturecomm/supplementary_file_S2/6-chemical-library/molecular_docking/PDBQT/7cam_A_92_chainA/docking_92_chainA_out.pdbqt	/home/anacleto/Desktop/manuscript_Mpro/naturecomm/supplementary_file_S2/6-chemical-library/molecular_docking/PDBQT/7cam_B_92_chainB/docking_92_chainB_out.pdbqt	/home/anacleto/Desktop/manuscript_Mpro/naturecomm/supplementary_file_S2/6-chemical-library/molecular_docking/combined_complexes/7cam_92_combined/7cam_92_combined_pose_1.pdb
c1ncccc1CNC2CCCOC2	920	1	-4.706	-4.575	/home/anacleto/Desktop/manuscript_Mpro/naturecomm/supplementary_file_S2/6-chemical-library/molecular_docking/PDBQT/7cam_A_920_chainA/docking_920_chainA_out.pdbqt	/home/anacleto/Desktop/manuscript_Mpro/naturecomm/supplementary_file_S2/6-chemical-library/molecular_docking/PDBQT/7cam_B_920_chainB/docking_920_chainB_out.pdbqt	/home/anacleto/Desktop/manuscript_Mpro/naturecomm/supplementary_file_S2/6-chemical-library/molecular_docking/combined_complexes/7cam_920_combined/7cam_920_combined_pose_1.pdb
n1ccncc1C(=O)N2CCNCC2	921	1	-4.754	-4.422	/home/anacleto/Desktop/manuscript_Mpro/naturecomm/supplementary_file_S2/6-chemical-library/molecular_docking/PDBQT/7cam_A_921_chainA/docking_921_chainA_out.pdbqt	/home/anacleto/Desktop/manuscript_Mpro/naturecomm/supplementary_file_S2/6-chemical-library/molecular_docking/PDBQT/7cam_B_921_chainB/docking_921_chainB_out.pdbqt	/home/anacleto/Desktop/manuscript_Mpro/naturecomm/supplementary_file_S2/6-chemical-library/molecular_docking/combined_complexes/7cam_921_combined/7cam_921_combined_pose_1.pdb
C1CNCCN1C(=O)c2cncnc2	922	1	-4.378	-4.613	/home/anacleto/Desktop/manuscript_Mpro/naturecomm/supplementary_file_S2/6-chemical-library/molecular_docking/PDBQT/7cam_A_922_chainA/docking_922_chainA_out.pdbqt	/home/anacleto/Desktop/manuscript_Mpro/naturecomm/supplementary_file_S2/6-chemical-library/molecular_docking/PDBQT/7cam_B_922_chainB/docking_922_chainB_out.pdbqt	/home/anacleto/Desktop/manuscript_Mpro/naturecomm/supplementary_file_S2/6-chemical-library/molecular_docking/combined_complexes/7cam_922_combined/7cam_922_combined_pose_1.pdb
C1OCC1NC(=O)Cc2cccnc2	923	1	-4.861	-4.547	/home/anacleto/Desktop/manuscript_Mpro/naturecomm/supplementary_file_S2/6-chemical-library/molecular_docking/PDBQT/7cam_A_923_chainA/docking_923_chainA_out.pdbqt	/home/anacleto/Desktop/manuscript_Mpro/naturecomm/supplementary_file_S2/6-chemical-library/molecular_docking/PDBQT/7cam_B_923_chainB/docking_923_chainB_out.pdbqt	/home/anacleto/Desktop/manuscript_Mpro/naturecomm/supplementary_file_S2/6-chemical-library/molecular_docking/combined_complexes/7cam_923_combined/7cam_923_combined_pose_1.pdb
C1CCCN1C(=O)c2cc(=O)[nH]cc2	924	1	-4.855	-4.704	/home/anacleto/Desktop/manuscript_Mpro/naturecomm/supplementary_file_S2/6-chemical-library/molecular_docking/PDBQT/7cam_A_924_chainA/docking_924_chainA_out.pdbqt	/home/anacleto/Desktop/manuscript_Mpro/naturecomm/supplementary_file_S2/6-chemical-library/molecular_docking/PDBQT/7cam_B_924_chainB/docking_924_chainB_out.pdbqt	/home/anacleto/Desktop/manuscript_Mpro/naturecomm/supplementary_file_S2/6-chemical-library/molecular_docking/combined_complexes/7cam_924_combined/7cam_924_combined_pose_1.pdb
c1ncccc1CNC2CCNCC2	925	1	-4.853	-4.753	/home/anacleto/Desktop/manuscript_Mpro/naturecomm/supplementary_file_S2/6-chemical-library/molecular_docking/PDBQT/7cam_A_925_chainA/docking_925_chainA_out.pdbqt	/home/anacleto/Desktop/manuscript_Mpro/naturecomm/supplementary_file_S2/6-chemical-library/molecular_docking/PDBQT/7cam_B_925_chainB/docking_925_chainB_out.pdbqt	/home/anacleto/Desktop/manuscript_Mpro/naturecomm/supplementary_file_S2/6-chemical-library/molecular_docking/combined_complexes/7cam_925_combined/7cam_925_combined_pose_1.pdb
c1ncccc1CNC2CCCNC2	926	1	-4.712	-4.941	/home/anacleto/Desktop/manuscript_Mpro/naturecomm/supplementary_file_S2/6-chemical-library/molecular_docking/PDBQT/7cam_A_926_chainA/docking_926_chainA_out.pdbqt	/home/anacleto/Desktop/manuscript_Mpro/naturecomm/supplementary_file_S2/6-chemical-library/molecular_docking/PDBQT/7cam_B_926_chainB/docking_926_chainB_out.pdbqt	/home/anacleto/Desktop/manuscript_Mpro/naturecomm/supplementary_file_S2/6-chemical-library/molecular_docking/combined_complexes/7cam_926_combined/7cam_926_combined_pose_1.pdb
c1ccccc1CCNC2CCOC2	927	1	-4.627	-4.869	/home/anacleto/Desktop/manuscript_Mpro/naturecomm/supplementary_file_S2/6-chemical-library/molecular_docking/PDBQT/7cam_A_927_chainA/docking_927_chainA_out.pdbqt	/home/anacleto/Desktop/manuscript_Mpro/naturecomm/supplementary_file_S2/6-chemical-library/molecular_docking/PDBQT/7cam_B_927_chainB/docking_927_chainB_out.pdbqt	/home/anacleto/Desktop/manuscript_Mpro/naturecomm/supplementary_file_S2/6-chemical-library/molecular_docking/combined_complexes/7cam_927_combined/7cam_927_combined_pose_1.pdb
O1CCCC1CNCc2ccccc2	928	1	-4.91	-4.831	/home/anacleto/Desktop/manuscript_Mpro/naturecomm/supplementary_file_S2/6-chemical-library/molecular_docking/PDBQT/7cam_A_928_chainA/docking_928_chainA_out.pdbqt	/home/anacleto/Desktop/manuscript_Mpro/naturecomm/supplementary_file_S2/6-chemical-library/molecular_docking/PDBQT/7cam_B_928_chainB/docking_928_chainB_out.pdbqt	/home/anacleto/Desktop/manuscript_Mpro/naturecomm/supplementary_file_S2/6-chemical-library/molecular_docking/combined_complexes/7cam_928_combined/7cam_928_combined_pose_1.pdb
C1CCCN1CCOc2ccccc2	929	1	-4.607	-4.674	/home/anacleto/Desktop/manuscript_Mpro/naturecomm/supplementary_file_S2/6-chemical-library/molecular_docking/PDBQT/7cam_A_929_chainA/docking_929_chainA_out.pdbqt	/home/anacleto/Desktop/manuscript_Mpro/naturecomm/supplementary_file_S2/6-chemical-library/molecular_docking/PDBQT/7cam_B_929_chainB/docking_929_chainB_out.pdbqt	/home/anacleto/Desktop/manuscript_Mpro/naturecomm/supplementary_file_S2/6-chemical-library/molecular_docking/combined_complexes/7cam_929_combined/7cam_929_combined_pose_1.pdb
C1=CS=CC1	93	1	-2.539	-2.367	/home/anacleto/Desktop/manuscript_Mpro/naturecomm/supplementary_file_S2/6-chemical-library/molecular_docking/PDBQT/7cam_A_93_chainA/docking_93_chainA_out.pdbqt	/home/anacleto/Desktop/manuscript_Mpro/naturecomm/supplementary_file_S2/6-chemical-library/molecular_docking/PDBQT/7cam_B_93_chainB/docking_93_chainB_out.pdbqt	/home/anacleto/Desktop/manuscript_Mpro/naturecomm/supplementary_file_S2/6-chemical-library/molecular_docking/combined_complexes/7cam_93_combined/7cam_93_combined_pose_1.pdb
n1ccccc1C(=O)N2CCNCC2	930	1	-4.806	-4.401	/home/anacleto/Desktop/manuscript_Mpro/naturecomm/supplementary_file_S2/6-chemical-library/molecular_docking/PDBQT/7cam_A_930_chainA/docking_930_chainA_out.pdbqt	/home/anacleto/Desktop/manuscript_Mpro/naturecomm/supplementary_file_S2/6-chemical-library/molecular_docking/PDBQT/7cam_B_930_chainB/docking_930_chainB_out.pdbqt	/home/anacleto/Desktop/manuscript_Mpro/naturecomm/supplementary_file_S2/6-chemical-library/molecular_docking/combined_complexes/7cam_930_combined/7cam_930_combined_pose_1.pdb
C1NCC1NC(=O)Cc2cccnc2	931	1	-5.108	-4.479	/home/anacleto/Desktop/manuscript_Mpro/naturecomm/supplementary_file_S2/6-chemical-library/molecular_docking/PDBQT/7cam_A_931_chainA/docking_931_chainA_out.pdbqt	/home/anacleto/Desktop/manuscript_Mpro/naturecomm/supplementary_file_S2/6-chemical-library/molecular_docking/PDBQT/7cam_B_931_chainB/docking_931_chainB_out.pdbqt	/home/anacleto/Desktop/manuscript_Mpro/naturecomm/supplementary_file_S2/6-chemical-library/molecular_docking/combined_complexes/7cam_931_combined/7cam_931_combined_pose_1.pdb
C1CNCCN1C(=O)c2ccncc2	932	1	-4.674	-4.354	/home/anacleto/Desktop/manuscript_Mpro/naturecomm/supplementary_file_S2/6-chemical-library/molecular_docking/PDBQT/7cam_A_932_chainA/docking_932_chainA_out.pdbqt	/home/anacleto/Desktop/manuscript_Mpro/naturecomm/supplementary_file_S2/6-chemical-library/molecular_docking/PDBQT/7cam_B_932_chainB/docking_932_chainB_out.pdbqt	/home/anacleto/Desktop/manuscript_Mpro/naturecomm/supplementary_file_S2/6-chemical-library/molecular_docking/combined_complexes/7cam_932_combined/7cam_932_combined_pose_1.pdb
C1CNCCN1C(=O)c2cccnc2	933	1	-4.655	-4.793	/home/anacleto/Desktop/manuscript_Mpro/naturecomm/supplementary_file_S2/6-chemical-library/molecular_docking/PDBQT/7cam_A_933_chainA/docking_933_chainA_out.pdbqt	/home/anacleto/Desktop/manuscript_Mpro/naturecomm/supplementary_file_S2/6-chemical-library/molecular_docking/PDBQT/7cam_B_933_chainB/docking_933_chainB_out.pdbqt	/home/anacleto/Desktop/manuscript_Mpro/naturecomm/supplementary_file_S2/6-chemical-library/molecular_docking/combined_complexes/7cam_933_combined/7cam_933_combined_pose_1.pdb
C1CCCN1C(=O)Nc2cccnc2	934	1	-5.218	-4.715	/home/anacleto/Desktop/manuscript_Mpro/naturecomm/supplementary_file_S2/6-chemical-library/molecular_docking/PDBQT/7cam_A_934_chainA/docking_934_chainA_out.pdbqt	/home/anacleto/Desktop/manuscript_Mpro/naturecomm/supplementary_file_S2/6-chemical-library/molecular_docking/PDBQT/7cam_B_934_chainB/docking_934_chainB_out.pdbqt	/home/anacleto/Desktop/manuscript_Mpro/naturecomm/supplementary_file_S2/6-chemical-library/molecular_docking/combined_complexes/7cam_934_combined/7cam_934_combined_pose_1.pdb
C1CC1CNC(=O)Nc2cccnc2	935	1	-5.037	-4.83	/home/anacleto/Desktop/manuscript_Mpro/naturecomm/supplementary_file_S2/6-chemical-library/molecular_docking/PDBQT/7cam_A_935_chainA/docking_935_chainA_out.pdbqt	/home/anacleto/Desktop/manuscript_Mpro/naturecomm/supplementary_file_S2/6-chemical-library/molecular_docking/PDBQT/7cam_B_935_chainB/docking_935_chainB_out.pdbqt	/home/anacleto/Desktop/manuscript_Mpro/naturecomm/supplementary_file_S2/6-chemical-library/molecular_docking/combined_complexes/7cam_935_combined/7cam_935_combined_pose_1.pdb
O1CCCC1C(=O)Nc2ccccc2	936	1	-5.191	-4.805	/home/anacleto/Desktop/manuscript_Mpro/naturecomm/supplementary_file_S2/6-chemical-library/molecular_docking/PDBQT/7cam_A_936_chainA/docking_936_chainA_out.pdbqt	/home/anacleto/Desktop/manuscript_Mpro/naturecomm/supplementary_file_S2/6-chemical-library/molecular_docking/PDBQT/7cam_B_936_chainB/docking_936_chainB_out.pdbqt	/home/anacleto/Desktop/manuscript_Mpro/naturecomm/supplementary_file_S2/6-chemical-library/molecular_docking/combined_complexes/7cam_936_combined/7cam_936_combined_pose_1.pdb
o1cccc1C(=O)NCc2c[nH]cn2	937	1	-5.573	-4.557	/home/anacleto/Desktop/manuscript_Mpro/naturecomm/supplementary_file_S2/6-chemical-library/molecular_docking/PDBQT/7cam_A_937_chainA/docking_937_chainA_out.pdbqt	/home/anacleto/Desktop/manuscript_Mpro/naturecomm/supplementary_file_S2/6-chemical-library/molecular_docking/PDBQT/7cam_B_937_chainB/docking_937_chainB_out.pdbqt	/home/anacleto/Desktop/manuscript_Mpro/naturecomm/supplementary_file_S2/6-chemical-library/molecular_docking/combined_complexes/7cam_937_combined/7cam_937_combined_pose_1.pdb
c1ncccc1CNC2CCCCC2	938	1	-4.962	-4.871	/home/anacleto/Desktop/manuscript_Mpro/naturecomm/supplementary_file_S2/6-chemical-library/molecular_docking/PDBQT/7cam_A_938_chainA/docking_938_chainA_out.pdbqt	/home/anacleto/Desktop/manuscript_Mpro/naturecomm/supplementary_file_S2/6-chemical-library/molecular_docking/PDBQT/7cam_B_938_chainB/docking_938_chainB_out.pdbqt	/home/anacleto/Desktop/manuscript_Mpro/naturecomm/supplementary_file_S2/6-chemical-library/molecular_docking/combined_complexes/7cam_938_combined/7cam_938_combined_pose_1.pdb
c1ccccc1CN2CCCNCC2	939	1	-4.641	-4.676	/home/anacleto/Desktop/manuscript_Mpro/naturecomm/supplementary_file_S2/6-chemical-library/molecular_docking/PDBQT/7cam_A_939_chainA/docking_939_chainA_out.pdbqt	/home/anacleto/Desktop/manuscript_Mpro/naturecomm/supplementary_file_S2/6-chemical-library/molecular_docking/PDBQT/7cam_B_939_chainB/docking_939_chainB_out.pdbqt	/home/anacleto/Desktop/manuscript_Mpro/naturecomm/supplementary_file_S2/6-chemical-library/molecular_docking/combined_complexes/7cam_939_combined/7cam_939_combined_pose_1.pdb
c1nncs1	94	1	-2.277	-2.05	/home/anacleto/Desktop/manuscript_Mpro/naturecomm/supplementary_file_S2/6-chemical-library/molecular_docking/PDBQT/7cam_A_94_chainA/docking_94_chainA_out.pdbqt	/home/anacleto/Desktop/manuscript_Mpro/naturecomm/supplementary_file_S2/6-chemical-library/molecular_docking/PDBQT/7cam_B_94_chainB/docking_94_chainB_out.pdbqt	/home/anacleto/Desktop/manuscript_Mpro/naturecomm/supplementary_file_S2/6-chemical-library/molecular_docking/combined_complexes/7cam_94_combined/7cam_94_combined_pose_1.pdb
c1ccccc1C(=O)NC2CCNC2	940	1	-5.375	-4.559	/home/anacleto/Desktop/manuscript_Mpro/naturecomm/supplementary_file_S2/6-chemical-library/molecular_docking/PDBQT/7cam_A_940_chainA/docking_940_chainA_out.pdbqt	/home/anacleto/Desktop/manuscript_Mpro/naturecomm/supplementary_file_S2/6-chemical-library/molecular_docking/PDBQT/7cam_B_940_chainB/docking_940_chainB_out.pdbqt	/home/anacleto/Desktop/manuscript_Mpro/naturecomm/supplementary_file_S2/6-chemical-library/molecular_docking/combined_complexes/7cam_940_combined/7cam_940_combined_pose_1.pdb
N1CCCC1C(=O)Nc2ccccc2	941	1	-5.438	-5.052	/home/anacleto/Desktop/manuscript_Mpro/naturecomm/supplementary_file_S2/6-chemical-library/molecular_docking/PDBQT/7cam_A_941_chainA/docking_941_chainA_out.pdbqt	/home/anacleto/Desktop/manuscript_Mpro/naturecomm/supplementary_file_S2/6-chemical-library/molecular_docking/PDBQT/7cam_B_941_chainB/docking_941_chainB_out.pdbqt	/home/anacleto/Desktop/manuscript_Mpro/naturecomm/supplementary_file_S2/6-chemical-library/molecular_docking/combined_complexes/7cam_941_combined/7cam_941_combined_pose_1.pdb
C1CNCCN1C(=O)c2ccccc2	942	1	-4.685	-4.591	/home/anacleto/Desktop/manuscript_Mpro/naturecomm/supplementary_file_S2/6-chemical-library/molecular_docking/PDBQT/7cam_A_942_chainA/docking_942_chainA_out.pdbqt	/home/anacleto/Desktop/manuscript_Mpro/naturecomm/supplementary_file_S2/6-chemical-library/molecular_docking/PDBQT/7cam_B_942_chainB/docking_942_chainB_out.pdbqt	/home/anacleto/Desktop/manuscript_Mpro/naturecomm/supplementary_file_S2/6-chemical-library/molecular_docking/combined_complexes/7cam_942_combined/7cam_942_combined_pose_1.pdb
C1CCCN1C(=O)Nc2ccccc2	943	1	-5.567	-4.947	/home/anacleto/Desktop/manuscript_Mpro/naturecomm/supplementary_file_S2/6-chemical-library/molecular_docking/PDBQT/7cam_A_943_chainA/docking_943_chainA_out.pdbqt	/home/anacleto/Desktop/manuscript_Mpro/naturecomm/supplementary_file_S2/6-chemical-library/molecular_docking/PDBQT/7cam_B_943_chainB/docking_943_chainB_out.pdbqt	/home/anacleto/Desktop/manuscript_Mpro/naturecomm/supplementary_file_S2/6-chemical-library/molecular_docking/combined_complexes/7cam_943_combined/7cam_943_combined_pose_1.pdb
C1CCCCN1C(=O)c2cccnc2	944	1	-4.592	-4.555	/home/anacleto/Desktop/manuscript_Mpro/naturecomm/supplementary_file_S2/6-chemical-library/molecular_docking/PDBQT/7cam_A_944_chainA/docking_944_chainA_out.pdbqt	/home/anacleto/Desktop/manuscript_Mpro/naturecomm/supplementary_file_S2/6-chemical-library/molecular_docking/PDBQT/7cam_B_944_chainB/docking_944_chainB_out.pdbqt	/home/anacleto/Desktop/manuscript_Mpro/naturecomm/supplementary_file_S2/6-chemical-library/molecular_docking/combined_complexes/7cam_944_combined/7cam_944_combined_pose_1.pdb
C1CCC1NC(=O)Cc2cccnc2	945	1	-5.357	-4.665	/home/anacleto/Desktop/manuscript_Mpro/naturecomm/supplementary_file_S2/6-chemical-library/molecular_docking/PDBQT/7cam_A_945_chainA/docking_945_chainA_out.pdbqt	/home/anacleto/Desktop/manuscript_Mpro/naturecomm/supplementary_file_S2/6-chemical-library/molecular_docking/PDBQT/7cam_B_945_chainB/docking_945_chainB_out.pdbqt	/home/anacleto/Desktop/manuscript_Mpro/naturecomm/supplementary_file_S2/6-chemical-library/molecular_docking/combined_complexes/7cam_945_combined/7cam_945_combined_pose_1.pdb
C1CC1NC(=O)CNc2ccccc2	946	1	-4.995	-5.035	/home/anacleto/Desktop/manuscript_Mpro/naturecomm/supplementary_file_S2/6-chemical-library/molecular_docking/PDBQT/7cam_A_946_chainA/docking_946_chainA_out.pdbqt	/home/anacleto/Desktop/manuscript_Mpro/naturecomm/supplementary_file_S2/6-chemical-library/molecular_docking/PDBQT/7cam_B_946_chainB/docking_946_chainB_out.pdbqt	/home/anacleto/Desktop/manuscript_Mpro/naturecomm/supplementary_file_S2/6-chemical-library/molecular_docking/combined_complexes/7cam_946_combined/7cam_946_combined_pose_1.pdb
O=C1CN(C(=O)N1)Cc2ccccc2	947	1	-4.906	-4.916	/home/anacleto/Desktop/manuscript_Mpro/naturecomm/supplementary_file_S2/6-chemical-library/molecular_docking/PDBQT/7cam_A_947_chainA/docking_947_chainA_out.pdbqt	/home/anacleto/Desktop/manuscript_Mpro/naturecomm/supplementary_file_S2/6-chemical-library/molecular_docking/PDBQT/7cam_B_947_chainB/docking_947_chainB_out.pdbqt	/home/anacleto/Desktop/manuscript_Mpro/naturecomm/supplementary_file_S2/6-chemical-library/molecular_docking/combined_complexes/7cam_947_combined/7cam_947_combined_pose_1.pdb
N1C(=O)NC(C1=O)Cc2ccccc2	948	1	-4.927	-4.949	/home/anacleto/Desktop/manuscript_Mpro/naturecomm/supplementary_file_S2/6-chemical-library/molecular_docking/PDBQT/7cam_A_948_chainA/docking_948_chainA_out.pdbqt	/home/anacleto/Desktop/manuscript_Mpro/naturecomm/supplementary_file_S2/6-chemical-library/molecular_docking/PDBQT/7cam_B_948_chainB/docking_948_chainB_out.pdbqt	/home/anacleto/Desktop/manuscript_Mpro/naturecomm/supplementary_file_S2/6-chemical-library/molecular_docking/combined_complexes/7cam_948_combined/7cam_948_combined_pose_1.pdb
n1cocc1C(=O)Nc2cncnc2	949	1	-4.67	-4.314	/home/anacleto/Desktop/manuscript_Mpro/naturecomm/supplementary_file_S2/6-chemical-library/molecular_docking/PDBQT/7cam_A_949_chainA/docking_949_chainA_out.pdbqt	/home/anacleto/Desktop/manuscript_Mpro/naturecomm/supplementary_file_S2/6-chemical-library/molecular_docking/PDBQT/7cam_B_949_chainB/docking_949_chainB_out.pdbqt	/home/anacleto/Desktop/manuscript_Mpro/naturecomm/supplementary_file_S2/6-chemical-library/molecular_docking/combined_complexes/7cam_949_combined/7cam_949_combined_pose_1.pdb
c1ncsn1	95	1	-2.253	-2.049	/home/anacleto/Desktop/manuscript_Mpro/naturecomm/supplementary_file_S2/6-chemical-library/molecular_docking/PDBQT/7cam_A_95_chainA/docking_95_chainA_out.pdbqt	/home/anacleto/Desktop/manuscript_Mpro/naturecomm/supplementary_file_S2/6-chemical-library/molecular_docking/PDBQT/7cam_B_95_chainB/docking_95_chainB_out.pdbqt	/home/anacleto/Desktop/manuscript_Mpro/naturecomm/supplementary_file_S2/6-chemical-library/molecular_docking/combined_complexes/7cam_95_combined/7cam_95_combined_pose_1.pdb
c1ccccc1CCC2CCNCC2	950	1	-4.98	-4.953	/home/anacleto/Desktop/manuscript_Mpro/naturecomm/supplementary_file_S2/6-chemical-library/molecular_docking/PDBQT/7cam_A_950_chainA/docking_950_chainA_out.pdbqt	/home/anacleto/Desktop/manuscript_Mpro/naturecomm/supplementary_file_S2/6-chemical-library/molecular_docking/PDBQT/7cam_B_950_chainB/docking_950_chainB_out.pdbqt	/home/anacleto/Desktop/manuscript_Mpro/naturecomm/supplementary_file_S2/6-chemical-library/molecular_docking/combined_complexes/7cam_950_combined/7cam_950_combined_pose_1.pdb
C1CCCCC1CNc2ccccc2	951	1	-4.874	-5.096	/home/anacleto/Desktop/manuscript_Mpro/naturecomm/supplementary_file_S2/6-chemical-library/molecular_docking/PDBQT/7cam_A_951_chainA/docking_951_chainA_out.pdbqt	/home/anacleto/Desktop/manuscript_Mpro/naturecomm/supplementary_file_S2/6-chemical-library/molecular_docking/PDBQT/7cam_B_951_chainB/docking_951_chainB_out.pdbqt	/home/anacleto/Desktop/manuscript_Mpro/naturecomm/supplementary_file_S2/6-chemical-library/molecular_docking/combined_complexes/7cam_951_combined/7cam_951_combined_pose_1.pdb
c1ccccc1CN2CCCCC2=O	952	1	-4.92	-4.484	/home/anacleto/Desktop/manuscript_Mpro/naturecomm/supplementary_file_S2/6-chemical-library/molecular_docking/PDBQT/7cam_A_952_chainA/docking_952_chainA_out.pdbqt	/home/anacleto/Desktop/manuscript_Mpro/naturecomm/supplementary_file_S2/6-chemical-library/molecular_docking/PDBQT/7cam_B_952_chainB/docking_952_chainB_out.pdbqt	/home/anacleto/Desktop/manuscript_Mpro/naturecomm/supplementary_file_S2/6-chemical-library/molecular_docking/combined_complexes/7cam_952_combined/7cam_952_combined_pose_1.pdb
C1CCCCN1C(=O)c2ccccc2	953	1	-4.663	-4.643	/home/anacleto/Desktop/manuscript_Mpro/naturecomm/supplementary_file_S2/6-chemical-library/molecular_docking/PDBQT/7cam_A_953_chainA/docking_953_chainA_out.pdbqt	/home/anacleto/Desktop/manuscript_Mpro/naturecomm/supplementary_file_S2/6-chemical-library/molecular_docking/PDBQT/7cam_B_953_chainB/docking_953_chainB_out.pdbqt	/home/anacleto/Desktop/manuscript_Mpro/naturecomm/supplementary_file_S2/6-chemical-library/molecular_docking/combined_complexes/7cam_953_combined/7cam_953_combined_pose_1.pdb
N1C(=O)CC(CC1=O)c2ccccc2	954	1	-4.924	-5.0	/home/anacleto/Desktop/manuscript_Mpro/naturecomm/supplementary_file_S2/6-chemical-library/molecular_docking/PDBQT/7cam_A_954_chainA/docking_954_chainA_out.pdbqt	/home/anacleto/Desktop/manuscript_Mpro/naturecomm/supplementary_file_S2/6-chemical-library/molecular_docking/PDBQT/7cam_B_954_chainB/docking_954_chainB_out.pdbqt	/home/anacleto/Desktop/manuscript_Mpro/naturecomm/supplementary_file_S2/6-chemical-library/molecular_docking/combined_complexes/7cam_954_combined/7cam_954_combined_pose_1.pdb
[nH]1nnnc1C(=O)Nc2ccccc2	955	1	-5.138	-4.973	/home/anacleto/Desktop/manuscript_Mpro/naturecomm/supplementary_file_S2/6-chemical-library/molecular_docking/PDBQT/7cam_A_955_chainA/docking_955_chainA_out.pdbqt	/home/anacleto/Desktop/manuscript_Mpro/naturecomm/supplementary_file_S2/6-chemical-library/molecular_docking/PDBQT/7cam_B_955_chainB/docking_955_chainB_out.pdbqt	/home/anacleto/Desktop/manuscript_Mpro/naturecomm/supplementary_file_S2/6-chemical-library/molecular_docking/combined_complexes/7cam_955_combined/7cam_955_combined_pose_1.pdb
[nH]1cncc1C(=O)Nc2cncnc2	956	1	-4.941	-4.646	/home/anacleto/Desktop/manuscript_Mpro/naturecomm/supplementary_file_S2/6-chemical-library/molecular_docking/PDBQT/7cam_A_956_chainA/docking_956_chainA_out.pdbqt	/home/anacleto/Desktop/manuscript_Mpro/naturecomm/supplementary_file_S2/6-chemical-library/molecular_docking/PDBQT/7cam_B_956_chainB/docking_956_chainB_out.pdbqt	/home/anacleto/Desktop/manuscript_Mpro/naturecomm/supplementary_file_S2/6-chemical-library/molecular_docking/combined_complexes/7cam_956_combined/7cam_956_combined_pose_1.pdb
n1oncc1C(=O)Nc2ccccc2	957	1	-5.091	-4.848	/home/anacleto/Desktop/manuscript_Mpro/naturecomm/supplementary_file_S2/6-chemical-library/molecular_docking/PDBQT/7cam_A_957_chainA/docking_957_chainA_out.pdbqt	/home/anacleto/Desktop/manuscript_Mpro/naturecomm/supplementary_file_S2/6-chemical-library/molecular_docking/PDBQT/7cam_B_957_chainB/docking_957_chainB_out.pdbqt	/home/anacleto/Desktop/manuscript_Mpro/naturecomm/supplementary_file_S2/6-chemical-library/molecular_docking/combined_complexes/7cam_957_combined/7cam_957_combined_pose_1.pdb
n1cocc1C(=O)Nc2cccnc2	958	1	-4.79	-4.489	/home/anacleto/Desktop/manuscript_Mpro/naturecomm/supplementary_file_S2/6-chemical-library/molecular_docking/PDBQT/7cam_A_958_chainA/docking_958_chainA_out.pdbqt	/home/anacleto/Desktop/manuscript_Mpro/naturecomm/supplementary_file_S2/6-chemical-library/molecular_docking/PDBQT/7cam_B_958_chainB/docking_958_chainB_out.pdbqt	/home/anacleto/Desktop/manuscript_Mpro/naturecomm/supplementary_file_S2/6-chemical-library/molecular_docking/combined_complexes/7cam_958_combined/7cam_958_combined_pose_1.pdb
o1cccc1CNCc2cccnc2	959	1	-4.62	-4.572	/home/anacleto/Desktop/manuscript_Mpro/naturecomm/supplementary_file_S2/6-chemical-library/molecular_docking/PDBQT/7cam_A_959_chainA/docking_959_chainA_out.pdbqt	/home/anacleto/Desktop/manuscript_Mpro/naturecomm/supplementary_file_S2/6-chemical-library/molecular_docking/PDBQT/7cam_B_959_chainB/docking_959_chainB_out.pdbqt	/home/anacleto/Desktop/manuscript_Mpro/naturecomm/supplementary_file_S2/6-chemical-library/molecular_docking/combined_complexes/7cam_959_combined/7cam_959_combined_pose_1.pdb
c1csnn1	96	1	-2.254	-2.007	/home/anacleto/Desktop/manuscript_Mpro/naturecomm/supplementary_file_S2/6-chemical-library/molecular_docking/PDBQT/7cam_A_96_chainA/docking_96_chainA_out.pdbqt	/home/anacleto/Desktop/manuscript_Mpro/naturecomm/supplementary_file_S2/6-chemical-library/molecular_docking/PDBQT/7cam_B_96_chainB/docking_96_chainB_out.pdbqt	/home/anacleto/Desktop/manuscript_Mpro/naturecomm/supplementary_file_S2/6-chemical-library/molecular_docking/combined_complexes/7cam_96_combined/7cam_96_combined_pose_1.pdb
n1n[nH]cc1C(=O)Nc2ccccc2	960	1	-5.093	-4.73	/home/anacleto/Desktop/manuscript_Mpro/naturecomm/supplementary_file_S2/6-chemical-library/molecular_docking/PDBQT/7cam_A_960_chainA/docking_960_chainA_out.pdbqt	/home/anacleto/Desktop/manuscript_Mpro/naturecomm/supplementary_file_S2/6-chemical-library/molecular_docking/PDBQT/7cam_B_960_chainB/docking_960_chainB_out.pdbqt	/home/anacleto/Desktop/manuscript_Mpro/naturecomm/supplementary_file_S2/6-chemical-library/molecular_docking/combined_complexes/7cam_960_combined/7cam_960_combined_pose_1.pdb
n1[nH]ncc1C(=O)Nc2ccccc2	961	1	-5.044	-5.318	/home/anacleto/Desktop/manuscript_Mpro/naturecomm/supplementary_file_S2/6-chemical-library/molecular_docking/PDBQT/7cam_A_961_chainA/docking_961_chainA_out.pdbqt	/home/anacleto/Desktop/manuscript_Mpro/naturecomm/supplementary_file_S2/6-chemical-library/molecular_docking/PDBQT/7cam_B_961_chainB/docking_961_chainB_out.pdbqt	/home/anacleto/Desktop/manuscript_Mpro/naturecomm/supplementary_file_S2/6-chemical-library/molecular_docking/combined_complexes/7cam_961_combined/7cam_961_combined_pose_1.pdb
n1[nH]cnc1C(=O)Nc2ccccc2	962	1	-5.036	-5.285	/home/anacleto/Desktop/manuscript_Mpro/naturecomm/supplementary_file_S2/6-chemical-library/molecular_docking/PDBQT/7cam_A_962_chainA/docking_962_chainA_out.pdbqt	/home/anacleto/Desktop/manuscript_Mpro/naturecomm/supplementary_file_S2/6-chemical-library/molecular_docking/PDBQT/7cam_B_962_chainB/docking_962_chainB_out.pdbqt	/home/anacleto/Desktop/manuscript_Mpro/naturecomm/supplementary_file_S2/6-chemical-library/molecular_docking/combined_complexes/7cam_962_combined/7cam_962_combined_pose_1.pdb
[nH]1nncc1C(=O)Nc2ccccc2	963	1	-5.174	-5.059	/home/anacleto/Desktop/manuscript_Mpro/naturecomm/supplementary_file_S2/6-chemical-library/molecular_docking/PDBQT/7cam_A_963_chainA/docking_963_chainA_out.pdbqt	/home/anacleto/Desktop/manuscript_Mpro/naturecomm/supplementary_file_S2/6-chemical-library/molecular_docking/PDBQT/7cam_B_963_chainB/docking_963_chainB_out.pdbqt	/home/anacleto/Desktop/manuscript_Mpro/naturecomm/supplementary_file_S2/6-chemical-library/molecular_docking/combined_complexes/7cam_963_combined/7cam_963_combined_pose_1.pdb
[nH]1cncc1C(=O)Nc2cccnc2	964	1	-5.009	-4.71	/home/anacleto/Desktop/manuscript_Mpro/naturecomm/supplementary_file_S2/6-chemical-library/molecular_docking/PDBQT/7cam_A_964_chainA/docking_964_chainA_out.pdbqt	/home/anacleto/Desktop/manuscript_Mpro/naturecomm/supplementary_file_S2/6-chemical-library/molecular_docking/PDBQT/7cam_B_964_chainB/docking_964_chainB_out.pdbqt	/home/anacleto/Desktop/manuscript_Mpro/naturecomm/supplementary_file_S2/6-chemical-library/molecular_docking/combined_complexes/7cam_964_combined/7cam_964_combined_pose_1.pdb
C1=NNC(=O)C1=NNc2ccccc2	965	1	-5.078	-4.911	/home/anacleto/Desktop/manuscript_Mpro/naturecomm/supplementary_file_S2/6-chemical-library/molecular_docking/PDBQT/7cam_A_965_chainA/docking_965_chainA_out.pdbqt	/home/anacleto/Desktop/manuscript_Mpro/naturecomm/supplementary_file_S2/6-chemical-library/molecular_docking/PDBQT/7cam_B_965_chainB/docking_965_chainB_out.pdbqt	/home/anacleto/Desktop/manuscript_Mpro/naturecomm/supplementary_file_S2/6-chemical-library/molecular_docking/combined_complexes/7cam_965_combined/7cam_965_combined_pose_1.pdb
o1nccc1C(=O)Nc2ccccc2	966	1	-5.31	-4.817	/home/anacleto/Desktop/manuscript_Mpro/naturecomm/supplementary_file_S2/6-chemical-library/molecular_docking/PDBQT/7cam_A_966_chainA/docking_966_chainA_out.pdbqt	/home/anacleto/Desktop/manuscript_Mpro/naturecomm/supplementary_file_S2/6-chemical-library/molecular_docking/PDBQT/7cam_B_966_chainB/docking_966_chainB_out.pdbqt	/home/anacleto/Desktop/manuscript_Mpro/naturecomm/supplementary_file_S2/6-chemical-library/molecular_docking/combined_complexes/7cam_966_combined/7cam_966_combined_pose_1.pdb
o1cncc1C(=O)Nc2ccccc2	967	1	-5.088	-4.633	/home/anacleto/Desktop/manuscript_Mpro/naturecomm/supplementary_file_S2/6-chemical-library/molecular_docking/PDBQT/7cam_A_967_chainA/docking_967_chainA_out.pdbqt	/home/anacleto/Desktop/manuscript_Mpro/naturecomm/supplementary_file_S2/6-chemical-library/molecular_docking/PDBQT/7cam_B_967_chainB/docking_967_chainB_out.pdbqt	/home/anacleto/Desktop/manuscript_Mpro/naturecomm/supplementary_file_S2/6-chemical-library/molecular_docking/combined_complexes/7cam_967_combined/7cam_967_combined_pose_1.pdb
n1occc1C(=O)Nc2ccccc2	968	1	-5.149	-4.793	/home/anacleto/Desktop/manuscript_Mpro/naturecomm/supplementary_file_S2/6-chemical-library/molecular_docking/PDBQT/7cam_A_968_chainA/docking_968_chainA_out.pdbqt	/home/anacleto/Desktop/manuscript_Mpro/naturecomm/supplementary_file_S2/6-chemical-library/molecular_docking/PDBQT/7cam_B_968_chainB/docking_968_chainB_out.pdbqt	/home/anacleto/Desktop/manuscript_Mpro/naturecomm/supplementary_file_S2/6-chemical-library/molecular_docking/combined_complexes/7cam_968_combined/7cam_968_combined_pose_1.pdb
n1cocc1C(=O)Nc2ccccc2	969	1	-5.183	-4.649	/home/anacleto/Desktop/manuscript_Mpro/naturecomm/supplementary_file_S2/6-chemical-library/molecular_docking/PDBQT/7cam_A_969_chainA/docking_969_chainA_out.pdbqt	/home/anacleto/Desktop/manuscript_Mpro/naturecomm/supplementary_file_S2/6-chemical-library/molecular_docking/PDBQT/7cam_B_969_chainB/docking_969_chainB_out.pdbqt	/home/anacleto/Desktop/manuscript_Mpro/naturecomm/supplementary_file_S2/6-chemical-library/molecular_docking/combined_complexes/7cam_969_combined/7cam_969_combined_pose_1.pdb
c1cnsn1	97	1	-2.262	-2.064	/home/anacleto/Desktop/manuscript_Mpro/naturecomm/supplementary_file_S2/6-chemical-library/molecular_docking/PDBQT/7cam_A_97_chainA/docking_97_chainA_out.pdbqt	/home/anacleto/Desktop/manuscript_Mpro/naturecomm/supplementary_file_S2/6-chemical-library/molecular_docking/PDBQT/7cam_B_97_chainB/docking_97_chainB_out.pdbqt	/home/anacleto/Desktop/manuscript_Mpro/naturecomm/supplementary_file_S2/6-chemical-library/molecular_docking/combined_complexes/7cam_97_combined/7cam_97_combined_pose_1.pdb
c1oncc1C(=O)Nc2ccccc2	970	1	-5.163	-4.779	/home/anacleto/Desktop/manuscript_Mpro/naturecomm/supplementary_file_S2/6-chemical-library/molecular_docking/PDBQT/7cam_A_970_chainA/docking_970_chainA_out.pdbqt	/home/anacleto/Desktop/manuscript_Mpro/naturecomm/supplementary_file_S2/6-chemical-library/molecular_docking/PDBQT/7cam_B_970_chainB/docking_970_chainB_out.pdbqt	/home/anacleto/Desktop/manuscript_Mpro/naturecomm/supplementary_file_S2/6-chemical-library/molecular_docking/combined_complexes/7cam_970_combined/7cam_970_combined_pose_1.pdb
O=C1NC(=O)C=C1Nc2ccccc2	971	1	-5.046	-4.822	/home/anacleto/Desktop/manuscript_Mpro/naturecomm/supplementary_file_S2/6-chemical-library/molecular_docking/PDBQT/7cam_A_971_chainA/docking_971_chainA_out.pdbqt	/home/anacleto/Desktop/manuscript_Mpro/naturecomm/supplementary_file_S2/6-chemical-library/molecular_docking/PDBQT/7cam_B_971_chainB/docking_971_chainB_out.pdbqt	/home/anacleto/Desktop/manuscript_Mpro/naturecomm/supplementary_file_S2/6-chemical-library/molecular_docking/combined_complexes/7cam_971_combined/7cam_971_combined_pose_1.pdb
O=C1C=CC(=O)N1Cc2cccnc2	972	1	-4.439	-4.394	/home/anacleto/Desktop/manuscript_Mpro/naturecomm/supplementary_file_S2/6-chemical-library/molecular_docking/PDBQT/7cam_A_972_chainA/docking_972_chainA_out.pdbqt	/home/anacleto/Desktop/manuscript_Mpro/naturecomm/supplementary_file_S2/6-chemical-library/molecular_docking/PDBQT/7cam_B_972_chainB/docking_972_chainB_out.pdbqt	/home/anacleto/Desktop/manuscript_Mpro/naturecomm/supplementary_file_S2/6-chemical-library/molecular_docking/combined_complexes/7cam_972_combined/7cam_972_combined_pose_1.pdb
C=C1C(=O)N(NC1=O)c2ccccc2	973	1	-5.126	-5.15	/home/anacleto/Desktop/manuscript_Mpro/naturecomm/supplementary_file_S2/6-chemical-library/molecular_docking/PDBQT/7cam_A_973_chainA/docking_973_chainA_out.pdbqt	/home/anacleto/Desktop/manuscript_Mpro/naturecomm/supplementary_file_S2/6-chemical-library/molecular_docking/PDBQT/7cam_B_973_chainB/docking_973_chainB_out.pdbqt	/home/anacleto/Desktop/manuscript_Mpro/naturecomm/supplementary_file_S2/6-chemical-library/molecular_docking/combined_complexes/7cam_973_combined/7cam_973_combined_pose_1.pdb
c1[nH+]ccn1CCCc2ccccc2	974	1	-4.75	-4.852	/home/anacleto/Desktop/manuscript_Mpro/naturecomm/supplementary_file_S2/6-chemical-library/molecular_docking/PDBQT/7cam_A_974_chainA/docking_974_chainA_out.pdbqt	/home/anacleto/Desktop/manuscript_Mpro/naturecomm/supplementary_file_S2/6-chemical-library/molecular_docking/PDBQT/7cam_B_974_chainB/docking_974_chainB_out.pdbqt	/home/anacleto/Desktop/manuscript_Mpro/naturecomm/supplementary_file_S2/6-chemical-library/molecular_docking/combined_complexes/7cam_974_combined/7cam_974_combined_pose_1.pdb
n1cncn1CCCc2ccccc2	975	1	-4.605	-4.675	/home/anacleto/Desktop/manuscript_Mpro/naturecomm/supplementary_file_S2/6-chemical-library/molecular_docking/PDBQT/7cam_A_975_chainA/docking_975_chainA_out.pdbqt	/home/anacleto/Desktop/manuscript_Mpro/naturecomm/supplementary_file_S2/6-chemical-library/molecular_docking/PDBQT/7cam_B_975_chainB/docking_975_chainB_out.pdbqt	/home/anacleto/Desktop/manuscript_Mpro/naturecomm/supplementary_file_S2/6-chemical-library/molecular_docking/combined_complexes/7cam_975_combined/7cam_975_combined_pose_1.pdb
c1[nH]ncc1CNCc2ccccc2	976	1	-4.95	-4.953	/home/anacleto/Desktop/manuscript_Mpro/naturecomm/supplementary_file_S2/6-chemical-library/molecular_docking/PDBQT/7cam_A_976_chainA/docking_976_chainA_out.pdbqt	/home/anacleto/Desktop/manuscript_Mpro/naturecomm/supplementary_file_S2/6-chemical-library/molecular_docking/PDBQT/7cam_B_976_chainB/docking_976_chainB_out.pdbqt	/home/anacleto/Desktop/manuscript_Mpro/naturecomm/supplementary_file_S2/6-chemical-library/molecular_docking/combined_complexes/7cam_976_combined/7cam_976_combined_pose_1.pdb
o1cccc1CNCc2ccccc2	977	1	-4.998	-4.715	/home/anacleto/Desktop/manuscript_Mpro/naturecomm/supplementary_file_S2/6-chemical-library/molecular_docking/PDBQT/7cam_A_977_chainA/docking_977_chainA_out.pdbqt	/home/anacleto/Desktop/manuscript_Mpro/naturecomm/supplementary_file_S2/6-chemical-library/molecular_docking/PDBQT/7cam_B_977_chainB/docking_977_chainB_out.pdbqt	/home/anacleto/Desktop/manuscript_Mpro/naturecomm/supplementary_file_S2/6-chemical-library/molecular_docking/combined_complexes/7cam_977_combined/7cam_977_combined_pose_1.pdb
c1cccn1CCOc2ccccc2	978	1	-4.672	-4.716	/home/anacleto/Desktop/manuscript_Mpro/naturecomm/supplementary_file_S2/6-chemical-library/molecular_docking/PDBQT/7cam_A_978_chainA/docking_978_chainA_out.pdbqt	/home/anacleto/Desktop/manuscript_Mpro/naturecomm/supplementary_file_S2/6-chemical-library/molecular_docking/PDBQT/7cam_B_978_chainB/docking_978_chainB_out.pdbqt	/home/anacleto/Desktop/manuscript_Mpro/naturecomm/supplementary_file_S2/6-chemical-library/molecular_docking/combined_complexes/7cam_978_combined/7cam_978_combined_pose_1.pdb
n1c[nH]cc1C(=O)Nc2ccccc2	979	1	-5.089	-5.18	/home/anacleto/Desktop/manuscript_Mpro/naturecomm/supplementary_file_S2/6-chemical-library/molecular_docking/PDBQT/7cam_A_979_chainA/docking_979_chainA_out.pdbqt	/home/anacleto/Desktop/manuscript_Mpro/naturecomm/supplementary_file_S2/6-chemical-library/molecular_docking/PDBQT/7cam_B_979_chainB/docking_979_chainB_out.pdbqt	/home/anacleto/Desktop/manuscript_Mpro/naturecomm/supplementary_file_S2/6-chemical-library/molecular_docking/combined_complexes/7cam_979_combined/7cam_979_combined_pose_1.pdb
c1cscn1	98	1	-2.273	-2.118	/home/anacleto/Desktop/manuscript_Mpro/naturecomm/supplementary_file_S2/6-chemical-library/molecular_docking/PDBQT/7cam_A_98_chainA/docking_98_chainA_out.pdbqt	/home/anacleto/Desktop/manuscript_Mpro/naturecomm/supplementary_file_S2/6-chemical-library/molecular_docking/PDBQT/7cam_B_98_chainB/docking_98_chainB_out.pdbqt	/home/anacleto/Desktop/manuscript_Mpro/naturecomm/supplementary_file_S2/6-chemical-library/molecular_docking/combined_complexes/7cam_98_combined/7cam_98_combined_pose_1.pdb
c1[nH]ncc1C(=O)Nc2ccccc2	980	1	-5.116	-4.979	/home/anacleto/Desktop/manuscript_Mpro/naturecomm/supplementary_file_S2/6-chemical-library/molecular_docking/PDBQT/7cam_A_980_chainA/docking_980_chainA_out.pdbqt	/home/anacleto/Desktop/manuscript_Mpro/naturecomm/supplementary_file_S2/6-chemical-library/molecular_docking/PDBQT/7cam_B_980_chainB/docking_980_chainB_out.pdbqt	/home/anacleto/Desktop/manuscript_Mpro/naturecomm/supplementary_file_S2/6-chemical-library/molecular_docking/combined_complexes/7cam_980_combined/7cam_980_combined_pose_1.pdb
[nH]1nccc1C(=O)Nc2ccccc2	981	1	-5.247	-5.067	/home/anacleto/Desktop/manuscript_Mpro/naturecomm/supplementary_file_S2/6-chemical-library/molecular_docking/PDBQT/7cam_A_981_chainA/docking_981_chainA_out.pdbqt	/home/anacleto/Desktop/manuscript_Mpro/naturecomm/supplementary_file_S2/6-chemical-library/molecular_docking/PDBQT/7cam_B_981_chainB/docking_981_chainB_out.pdbqt	/home/anacleto/Desktop/manuscript_Mpro/naturecomm/supplementary_file_S2/6-chemical-library/molecular_docking/combined_complexes/7cam_981_combined/7cam_981_combined_pose_1.pdb
[nH]1cncc1C(=O)Nc2ccccc2	982	1	-5.117	-4.922	/home/anacleto/Desktop/manuscript_Mpro/naturecomm/supplementary_file_S2/6-chemical-library/molecular_docking/PDBQT/7cam_A_982_chainA/docking_982_chainA_out.pdbqt	/home/anacleto/Desktop/manuscript_Mpro/naturecomm/supplementary_file_S2/6-chemical-library/molecular_docking/PDBQT/7cam_B_982_chainB/docking_982_chainB_out.pdbqt	/home/anacleto/Desktop/manuscript_Mpro/naturecomm/supplementary_file_S2/6-chemical-library/molecular_docking/combined_complexes/7cam_982_combined/7cam_982_combined_pose_1.pdb
[nH]1ccnc1C(=O)Nc2ccccc2	983	1	-5.148	-4.963	/home/anacleto/Desktop/manuscript_Mpro/naturecomm/supplementary_file_S2/6-chemical-library/molecular_docking/PDBQT/7cam_A_983_chainA/docking_983_chainA_out.pdbqt	/home/anacleto/Desktop/manuscript_Mpro/naturecomm/supplementary_file_S2/6-chemical-library/molecular_docking/PDBQT/7cam_B_983_chainB/docking_983_chainB_out.pdbqt	/home/anacleto/Desktop/manuscript_Mpro/naturecomm/supplementary_file_S2/6-chemical-library/molecular_docking/combined_complexes/7cam_983_combined/7cam_983_combined_pose_1.pdb
o1cccc1C(=O)Nc2ccccc2	984	1	-5.423	-4.985	/home/anacleto/Desktop/manuscript_Mpro/naturecomm/supplementary_file_S2/6-chemical-library/molecular_docking/PDBQT/7cam_A_984_chainA/docking_984_chainA_out.pdbqt	/home/anacleto/Desktop/manuscript_Mpro/naturecomm/supplementary_file_S2/6-chemical-library/molecular_docking/PDBQT/7cam_B_984_chainB/docking_984_chainB_out.pdbqt	/home/anacleto/Desktop/manuscript_Mpro/naturecomm/supplementary_file_S2/6-chemical-library/molecular_docking/combined_complexes/7cam_984_combined/7cam_984_combined_pose_1.pdb
c1ccccc1Oc2cccc(=O)[nH]2	985	1	-5.071	-4.748	/home/anacleto/Desktop/manuscript_Mpro/naturecomm/supplementary_file_S2/6-chemical-library/molecular_docking/PDBQT/7cam_A_985_chainA/docking_985_chainA_out.pdbqt	/home/anacleto/Desktop/manuscript_Mpro/naturecomm/supplementary_file_S2/6-chemical-library/molecular_docking/PDBQT/7cam_B_985_chainB/docking_985_chainB_out.pdbqt	/home/anacleto/Desktop/manuscript_Mpro/naturecomm/supplementary_file_S2/6-chemical-library/molecular_docking/combined_complexes/7cam_985_combined/7cam_985_combined_pose_1.pdb
c1nccn1CCCc2ccccc2	986	1	-4.341	-4.787	/home/anacleto/Desktop/manuscript_Mpro/naturecomm/supplementary_file_S2/6-chemical-library/molecular_docking/PDBQT/7cam_A_986_chainA/docking_986_chainA_out.pdbqt	/home/anacleto/Desktop/manuscript_Mpro/naturecomm/supplementary_file_S2/6-chemical-library/molecular_docking/PDBQT/7cam_B_986_chainB/docking_986_chainB_out.pdbqt	/home/anacleto/Desktop/manuscript_Mpro/naturecomm/supplementary_file_S2/6-chemical-library/molecular_docking/combined_complexes/7cam_986_combined/7cam_986_combined_pose_1.pdb
C1CC=CCC1C(=O)c2ccccc2	987	1	-4.934	-5.145	/home/anacleto/Desktop/manuscript_Mpro/naturecomm/supplementary_file_S2/6-chemical-library/molecular_docking/PDBQT/7cam_A_987_chainA/docking_987_chainA_out.pdbqt	/home/anacleto/Desktop/manuscript_Mpro/naturecomm/supplementary_file_S2/6-chemical-library/molecular_docking/PDBQT/7cam_B_987_chainB/docking_987_chainB_out.pdbqt	/home/anacleto/Desktop/manuscript_Mpro/naturecomm/supplementary_file_S2/6-chemical-library/molecular_docking/combined_complexes/7cam_987_combined/7cam_987_combined_pose_1.pdb
n1ccccc1CNc2cncnc2	988	1	-4.709	-4.502	/home/anacleto/Desktop/manuscript_Mpro/naturecomm/supplementary_file_S2/6-chemical-library/molecular_docking/PDBQT/7cam_A_988_chainA/docking_988_chainA_out.pdbqt	/home/anacleto/Desktop/manuscript_Mpro/naturecomm/supplementary_file_S2/6-chemical-library/molecular_docking/PDBQT/7cam_B_988_chainB/docking_988_chainB_out.pdbqt	/home/anacleto/Desktop/manuscript_Mpro/naturecomm/supplementary_file_S2/6-chemical-library/molecular_docking/combined_complexes/7cam_988_combined/7cam_988_combined_pose_1.pdb
c1ncccc1CNc2cncnc2	989	1	-4.642	-4.51	/home/anacleto/Desktop/manuscript_Mpro/naturecomm/supplementary_file_S2/6-chemical-library/molecular_docking/PDBQT/7cam_A_989_chainA/docking_989_chainA_out.pdbqt	/home/anacleto/Desktop/manuscript_Mpro/naturecomm/supplementary_file_S2/6-chemical-library/molecular_docking/PDBQT/7cam_B_989_chainB/docking_989_chainB_out.pdbqt	/home/anacleto/Desktop/manuscript_Mpro/naturecomm/supplementary_file_S2/6-chemical-library/molecular_docking/combined_complexes/7cam_989_combined/7cam_989_combined_pose_1.pdb
c1cnsc1	99	1	-2.339	-2.168	/home/anacleto/Desktop/manuscript_Mpro/naturecomm/supplementary_file_S2/6-chemical-library/molecular_docking/PDBQT/7cam_A_99_chainA/docking_99_chainA_out.pdbqt	/home/anacleto/Desktop/manuscript_Mpro/naturecomm/supplementary_file_S2/6-chemical-library/molecular_docking/PDBQT/7cam_B_99_chainB/docking_99_chainB_out.pdbqt	/home/anacleto/Desktop/manuscript_Mpro/naturecomm/supplementary_file_S2/6-chemical-library/molecular_docking/combined_complexes/7cam_99_combined/7cam_99_combined_pose_1.pdb
c1ccccc1Cn2cnccc2=O	990	1	-4.603	-4.498	/home/anacleto/Desktop/manuscript_Mpro/naturecomm/supplementary_file_S2/6-chemical-library/molecular_docking/PDBQT/7cam_A_990_chainA/docking_990_chainA_out.pdbqt	/home/anacleto/Desktop/manuscript_Mpro/naturecomm/supplementary_file_S2/6-chemical-library/molecular_docking/PDBQT/7cam_B_990_chainB/docking_990_chainB_out.pdbqt	/home/anacleto/Desktop/manuscript_Mpro/naturecomm/supplementary_file_S2/6-chemical-library/molecular_docking/combined_complexes/7cam_990_combined/7cam_990_combined_pose_1.pdb
n1ccncc1CNc2ccccc2	991	1	-4.887	-4.506	/home/anacleto/Desktop/manuscript_Mpro/naturecomm/supplementary_file_S2/6-chemical-library/molecular_docking/PDBQT/7cam_A_991_chainA/docking_991_chainA_out.pdbqt	/home/anacleto/Desktop/manuscript_Mpro/naturecomm/supplementary_file_S2/6-chemical-library/molecular_docking/PDBQT/7cam_B_991_chainB/docking_991_chainB_out.pdbqt	/home/anacleto/Desktop/manuscript_Mpro/naturecomm/supplementary_file_S2/6-chemical-library/molecular_docking/combined_complexes/7cam_991_combined/7cam_991_combined_pose_1.pdb
c1nnccc1CNc2ccccc2	992	1	-5.063	-4.686	/home/anacleto/Desktop/manuscript_Mpro/naturecomm/supplementary_file_S2/6-chemical-library/molecular_docking/PDBQT/7cam_A_992_chainA/docking_992_chainA_out.pdbqt	/home/anacleto/Desktop/manuscript_Mpro/naturecomm/supplementary_file_S2/6-chemical-library/molecular_docking/PDBQT/7cam_B_992_chainB/docking_992_chainB_out.pdbqt	/home/anacleto/Desktop/manuscript_Mpro/naturecomm/supplementary_file_S2/6-chemical-library/molecular_docking/combined_complexes/7cam_992_combined/7cam_992_combined_pose_1.pdb
c1ncncc1CNc2ccccc2	993	1	-4.953	-4.616	/home/anacleto/Desktop/manuscript_Mpro/naturecomm/supplementary_file_S2/6-chemical-library/molecular_docking/PDBQT/7cam_A_993_chainA/docking_993_chainA_out.pdbqt	/home/anacleto/Desktop/manuscript_Mpro/naturecomm/supplementary_file_S2/6-chemical-library/molecular_docking/PDBQT/7cam_B_993_chainB/docking_993_chainB_out.pdbqt	/home/anacleto/Desktop/manuscript_Mpro/naturecomm/supplementary_file_S2/6-chemical-library/molecular_docking/combined_complexes/7cam_993_combined/7cam_993_combined_pose_1.pdb
c1ncccc1CNc2cccnc2	994	1	-4.895	-4.6	/home/anacleto/Desktop/manuscript_Mpro/naturecomm/supplementary_file_S2/6-chemical-library/molecular_docking/PDBQT/7cam_A_994_chainA/docking_994_chainA_out.pdbqt	/home/anacleto/Desktop/manuscript_Mpro/naturecomm/supplementary_file_S2/6-chemical-library/molecular_docking/PDBQT/7cam_B_994_chainB/docking_994_chainB_out.pdbqt	/home/anacleto/Desktop/manuscript_Mpro/naturecomm/supplementary_file_S2/6-chemical-library/molecular_docking/combined_complexes/7cam_994_combined/7cam_994_combined_pose_1.pdb
n1ccccc1CNc2ccccc2	995	1	-5.201	-4.881	/home/anacleto/Desktop/manuscript_Mpro/naturecomm/supplementary_file_S2/6-chemical-library/molecular_docking/PDBQT/7cam_A_995_chainA/docking_995_chainA_out.pdbqt	/home/anacleto/Desktop/manuscript_Mpro/naturecomm/supplementary_file_S2/6-chemical-library/molecular_docking/PDBQT/7cam_B_995_chainB/docking_995_chainB_out.pdbqt	/home/anacleto/Desktop/manuscript_Mpro/naturecomm/supplementary_file_S2/6-chemical-library/molecular_docking/combined_complexes/7cam_995_combined/7cam_995_combined_pose_1.pdb
c1ncccc1CNc2ccccc2	996	1	-5.067	-4.837	/home/anacleto/Desktop/manuscript_Mpro/naturecomm/supplementary_file_S2/6-chemical-library/molecular_docking/PDBQT/7cam_A_996_chainA/docking_996_chainA_out.pdbqt	/home/anacleto/Desktop/manuscript_Mpro/naturecomm/supplementary_file_S2/6-chemical-library/molecular_docking/PDBQT/7cam_B_996_chainB/docking_996_chainB_out.pdbqt	/home/anacleto/Desktop/manuscript_Mpro/naturecomm/supplementary_file_S2/6-chemical-library/molecular_docking/combined_complexes/7cam_996_combined/7cam_996_combined_pose_1.pdb
c1ccccc1CNc2cccnc2	997	1	-5.129	-4.847	/home/anacleto/Desktop/manuscript_Mpro/naturecomm/supplementary_file_S2/6-chemical-library/molecular_docking/PDBQT/7cam_A_997_chainA/docking_997_chainA_out.pdbqt	/home/anacleto/Desktop/manuscript_Mpro/naturecomm/supplementary_file_S2/6-chemical-library/molecular_docking/PDBQT/7cam_B_997_chainB/docking_997_chainB_out.pdbqt	/home/anacleto/Desktop/manuscript_Mpro/naturecomm/supplementary_file_S2/6-chemical-library/molecular_docking/combined_complexes/7cam_997_combined/7cam_997_combined_pose_1.pdb
c1ccccc1CNc2ccccn2	998	1	-5.237	-5.003	/home/anacleto/Desktop/manuscript_Mpro/naturecomm/supplementary_file_S2/6-chemical-library/molecular_docking/PDBQT/7cam_A_998_chainA/docking_998_chainA_out.pdbqt	/home/anacleto/Desktop/manuscript_Mpro/naturecomm/supplementary_file_S2/6-chemical-library/molecular_docking/PDBQT/7cam_B_998_chainB/docking_998_chainB_out.pdbqt	/home/anacleto/Desktop/manuscript_Mpro/naturecomm/supplementary_file_S2/6-chemical-library/molecular_docking/combined_complexes/7cam_998_combined/7cam_998_combined_pose_1.pdb
c1ccccc1COc2ccccc2	999	1	-4.993	-4.972	/home/anacleto/Desktop/manuscript_Mpro/naturecomm/supplementary_file_S2/6-chemical-library/molecular_docking/PDBQT/7cam_A_999_chainA/docking_999_chainA_out.pdbqt	/home/anacleto/Desktop/manuscript_Mpro/naturecomm/supplementary_file_S2/6-chemical-library/molecular_docking/PDBQT/7cam_B_999_chainB/docking_999_chainB_out.pdbqt	/home/anacleto/Desktop/manuscript_Mpro/naturecomm/supplementary_file_S2/6-chemical-library/molecular_docking/combined_complexes/7cam_999_combined/7cam_999_combined_pose_1.pdb
