MaxAbsEStateIndex	MinAbsEStateIndex	MinEStateIndex	qed	SPS	MolWt	FpDensityMorgan1	AvgIpc	BalabanJ	BertzCT	HallKierAlpha	Ipc	Kappa3	SMR_VSA10	SMR_VSA7	SlogP_VSA2	TPSA	NumHAcceptors	RingCount	MolLogP	CalcAsphericity	CalcEccentricity	CalcInertialShapeFactor	CalcKappa1	CalcNPR2	CalcPBF	CalcPMI2	CalcRadiusOfGyration	CalcSpherocityIndex	pIC50_class
12.38399108717561	0.31946966595280113	-0.4388706223230032	0.5380266069420899	10.590909090909092	312.75600000000003	1.3636363636363635	2.9075850001821975	1.9539515533013392	854.7411524620866	-2.5899999999999994	151802.10527451235	2.7340438279225285	28.47317011026542	72.16340665301799	15.52038345669041	44.120000000000005	4.0	3.0	4.094900000000003	0.6259168613265133	0.9891057757783875	0.001260204851053716	5.556019574711533	0.9606388324632474	0.7499276402337056	4974.529787077354	4.177317638281796	0.15751973824567592	inactive
13.004896376486453	0.16983035441452077	-4.091553890533867	0.25144901412472115	11.387096774193548	457.85100000000017	1.096774193548387	3.176656362899726	1.6802278062637077	1448.3397798682013	-3.7599999999999993	10996764.751017224	3.9800625161081413	44.18384753835657	93.88823740519763	28.266797750282777	121.4	8.0	4.0	4.054100000000003	0.5747127222854367	0.9853933563868058	0.0004415803292223296	10.512038567493116	0.9089372807503271	0.9664604539697419	10986.506469818403	5.238864110806965	0.1612828199335512	inactive
13.659265991010216	0.07874945353047114	-5.375735883025176	0.13972959481592434	16.274509803921568	726.6710000000005	0.9411764705882353	3.508037362887186	1.5694183729820805	1754.261010227022	-5.090000000000001	70910584932.89229	9.57933064787457	40.37701435445236	64.84885194917072	66.80318551331746	155.68999999999997	7.0	4.0	5.185800000000004	0.2689924325298687	0.9309590478462365	0.00012120435677332638	12.8432732069971	0.8294241884631063	1.502944950328592	15545.161710502935	5.319831589116673	0.30578907465741134	active
12.130349584278157	0.3241099773242633	-0.4358641975308639	0.7272379499441562	10.578947368421053	272.69100000000003	1.263157894736842	2.8613511859842164	1.939894962310221	751.7955957795542	-2.329999999999999	38528.09371927747	2.301440794266416	28.47317011026542	59.5084508625856	15.937262329846266	54.98	3.0	3.0	3.435500000000001	0.5607377162449168	0.9837253710275382	0.0015457537859519999	5.346323999786321	0.96057775005445	0.4899349292665125	3322.2201247054577	3.6840917421952626	0.1592811988583208	active
13.730802601854212	0.0392388733729967	-4.890923259751015	0.19889390230444107	15.9375	673.6890000000003	1.0833333333333333	3.6336529836213156	1.5284142628200736	1719.2765661631358	-4.95	20751829790.502407	8.49296788161442	40.37701435445236	58.54052231024742	71.78716403426466	168.57999999999998	8.0	4.0	3.7887400000000016	0.5011941744600158	0.9775586041424427	0.00017775473488207717	10.7753086867573	0.9419565398293579	1.693108601482875	23694.684967253226	6.3394125574124764	0.31112030034946364	active
13.712172114283472	0.021004274804397705	-1.1283444753398746	0.2075826214235363	15.978260869565217	633.7460000000001	1.065217391304348	3.4421166193426527	1.5137937941314101	1606.0252966721196	-4.74	10073163496.866297	8.2902459197964	40.37701435445236	58.54052231024742	71.78716403426466	168.57999999999998	8.0	4.0	3.468460000000002	0.16229032682837594	0.8793747046683652	0.00012153325313313181	8.783070068774208	0.7922144663527511	1.4809550935164997	10845.873402114119	4.949858752221065	0.39576829162547705	active
11.98765306122449	0.32561626039304636	-0.43780864197530867	0.7272379499441562	10.578947368421053	272.69100000000003	1.2105263157894737	2.8535482381376	1.866921100766299	751.7955957795542	-2.329999999999999	37866.58512008595	2.4361181210887883	28.47317011026542	59.508450862585605	15.937262329846266	54.98	3.0	3.0	3.435500000000001	0.7227909444999777	0.9945422881340314	0.0022003408508903684	5.346323999786321	0.9831282755143236	0.5035035273595133	4210.207356874739	4.04860674088823	0.1344431181287962	inactive
12.164238473167044	0.3482029478458051	-0.3846141975308639	0.8557269142497447	12.68421052631579	274.707	1.368421052631579	2.8613511859842164	1.8717611155716685	643.093132796533	-2.0699999999999994	38528.09371927747	2.394437878984936	23.257631452867926	52.80869171420791	17.498040214811635	51.22	4.0	3.0	2.922200000000001	0.541493562908866	0.9818751312007192	0.001453883138546584	4.795954740814658	0.9561764416423199	0.6073784388849084	3317.9588763061947	3.681303859960106	0.17919562141430972	inactive
14.482071183040873	0.1424255572392854	-1.3894589063728955	0.316761238770822	12.108108108108109	530.8780000000002	0.9459459459459459	3.404500793745218	1.7266520915618482	1866.2760634879305	-4.459999999999999	206483752.77132925	4.697921494771686	28.191251096997135	97.23852836595982	33.67914730342237	118.99	10.0	5.0	1.3820999999999997	0.20250484723394496	0.8880457487751102	0.00012693836784653345	11.72629430054126	0.649834555237456	1.001976075442088	7235.793120829881	4.703577467345403	0.16524329139116567	active
12.714643014613252	0.3104610470731506	-0.4478407659360035	0.47144797456992965	10.6	352.8210000000001	1.28	2.934925750594552	2.0670426922357734	959.4845994158142	-2.8499999999999988	590885.6664414506	3.488867966115229	28.47317011026542	84.31544686668573	15.52038345669041	44.120000000000005	4.0	3.0	4.823400000000003	0.5360979407643252	0.9817555510540463	0.0008059616119863714	5.851332734904309	0.9108350629395403	0.9354054781805312	5413.4571992815545	4.206651042332467	0.2020175658721825	inactive
13.467265272878699	0.15190019526329102	-0.6854535409842957	0.525070051615019	15.485714285714286	515.3970000000003	1.0	2.895215223481806	1.6164257869081737	1222.3436181127577	-3.4899999999999993	80708513.50083414	5.441271877056524	46.39101178853517	76.53334181009869	61.59395283994145	84.0	6.0	4.0	4.375300000000003	0.19661834331089073	0.8725220574734034	0.00010041143231603807	8.567865144859086	0.6052490336995874	1.0028154253397659	7467.135867974269	5.006037457516359	0.17510882561657465	active
13.08697694472902	0.08730775944059177	-0.8580856061560429	0.35596462764532816	13.794117647058824	475.6300000000002	0.7647058823529411	2.755185114556103	2.8401052583948	779.9005823979236	-2.899999999999999	12626219.886697628	11.814856464127601	24.19376005277098	35.89528683400505	42.319282540214864	113.60000000000001	5.0	1.0	3.5882000000000014	0.5446203883366324	0.9820229939933388	0.0004234387428863051	5.420294089923652	0.9690516782402275	1.3812450182080376	11748.712011333455	5.244196373523488	0.3080390729912538	inactive
13.763965867160334	0.04008921350905115	-4.892402549691844	0.19423388273238826	16.102040816326532	687.7160000000002	1.0816326530612246	3.475824288897178	1.541951898393764	1736.6331338309271	-4.95	31730992904.15521	9.148115329917358	40.37701435445236	58.54052231024742	71.78716403426466	168.57999999999998	8.0	4.0	4.178840000000002	0.22826349162258086	0.9153270733007185	0.00010160610651157175	10.773446849490329	0.8482372825239011	1.8168435725378869	17584.140491224418	5.824586699395832	0.4143652368869023	active
12.282571806500377	0.3265665154950874	-0.42836419753086363	0.7301306649014965	10.7	286.718	1.35	2.8057442484088924	1.9866994205218769	795.4227792424293	-2.3299999999999996	54134.02952880117	2.2551782794198814	28.47317011026542	59.005535285820976	15.937262329846266	54.980000000000004	3.0	3.0	3.743920000000002	0.5715937011698768	0.9848497170806557	0.0014178266390455962	5.2201165206274105	0.9490661499101881	0.5000117624922462	3663.495389720306	3.779884391172559	0.14772820045243015	inactive
12.187760770975057	0.28772250566893454	-0.5142901234567898	0.6777516231107281	10.7	286.69800000000004	1.35	2.779967140231744	1.9634704397817584	797.968281765587	-2.3999999999999995	51573.950385579315	2.352093707559982	28.603646613416885	53.069644720510844	15.937262329846266	66.18	4.0	3.0	2.768020000000001	0.4522791742684364	0.9715909572660802	0.0010329445632339571	5.929209252286176	0.8981883363003429	0.5388269550033259	3300.0544010746476	3.698568657210634	0.16080378989414537	inactive
13.18500747984379	0.08151062790229124	-0.759089142863042	0.4368819704854645	20.727272727272727	452.55500000000023	1.0606060606060606	3.444300501533171	1.449126294778658	977.7554984897149	-3.1599999999999993	43440812.98232493	5.80199178200692	34.91062464326513	36.02576333715651	47.62011629633977	120.16	4.0	4.0	2.4466	0.12613974277914572	0.8404558911123217	0.00016125750892660682	5.903415055557436	0.7146516956791863	1.316701490223238	5844.748354205444	4.515498770671758	0.3182541172496677	active
13.439596560846564	0.06662359851347954	-0.10973949147560225	0.39146974534478357	11.03125	441.9020000000001	1.03125	3.4860153188212593	1.4634176958329554	1361.0668289018517	-3.9699999999999984	42213902.50326604	4.1048874421944594	34.22890732950011	95.90665327335527	25.885028089399803	78.01	5.0	5.0	4.3373000000000035	0.21713156825727267	0.8996514695875406	0.00016743295288326447	8.181900304949952	0.6684512722774663	0.9656495138560389	6112.320233857923	4.666834898726076	0.19050708957894194	active
13.653641564931245	0.003200153813463835	-1.176140257232879	0.19768076628647868	16.044444444444444	659.5670000000002	1.0222222222222221	3.4465497558080505	1.5101982964682887	1568.442984275835	-4.09	7244791383.6574335	8.549002513560348	63.5788941349174	63.76721559325937	66.80318551331746	155.68999999999997	7.0	4.0	4.455000000000003	0.07060577235367733	0.7776108546385002	8.50363042466014e-05	10.20447518083673	0.7954306927264337	2.260343534301951	11833.82582262317	5.228764479142691	0.7216417965160663	active
13.274467102684696	0.1758109987822285	-0.6087307886117417	0.5461975567107992	15.909090909090908	505.42700000000025	1.2121212121212122	3.3693502868093272	1.5827512288893604	1142.495004771924	-2.809999999999999	41107310.05062905	5.237424299079393	52.04041139178634	74.65781763734266	54.48415529866391	74.77	6.0	4.0	4.105900000000003	0.2266203435269511	0.9109212836732338	0.00017085756512663167	8.445211197634777	0.7263531528618983	1.1107567187413745	7484.3323611933965	4.669356446743925	0.2677892142927686	active
13.445210560259714	0.1590928917863439	-0.5919365709246669	0.40881132522955	16.11764705882353	514.4380000000002	1.1470588235294117	3.551938387405381	1.4128341731805185	1340.4050574806347	-3.0699999999999994	96045010.72109058	4.485701656720825	62.9433363238674	80.85466120895575	52.35833627833359	81.33	5.0	5.0	4.578600000000004	0.205049486938291	0.8853829331313312	0.0001083384036325829	8.857348139479477	0.6307377020872393	1.0375038698590782	7899.338422576731	5.050607887176438	0.19804000749786954	active
12.282571806500378	0.3265665154950874	-0.42836419753086363	0.7301306649014965	10.7	286.718	1.3	2.8514540981630208	1.9819766601148991	795.4227792424292	-2.329999999999999	53695.73212250784	2.376500903540443	28.47317011026542	59.00553528582099	15.937262329846266	54.98	3.0	3.0	3.743920000000002	0.5252875204287009	0.9804278517230427	0.0012182872499898931	5.2201165206274105	0.933388085266234	0.5098032448776858	3632.2526153398253	3.8021690151991843	0.14002650858750218	active
14.042005226026504	0.06746470679582717	-4.847476829283116	0.23223730203970608	19.382978723404257	664.7220000000001	1.0425531914893618	3.481307263896662	1.5118558362890047	1465.7250152562772	-4.1000000000000005	15588066502.339376	8.44026908053816	40.37701435445236	29.959396268694903	72.97948403076093	155.68999999999997	7.0	4.0	4.347200000000002	0.2576607847702469	0.9242207304598141	0.00011083837435475024	9.529756769717618	0.7342762457345416	1.0107507766558013	12738.730744974777	5.2549669831395756	0.14618978639757274	active
13.715968898252344	0.018902352607709894	-1.0689195956160245	0.3614193809082541	17.08823529411765	464.4970000000001	1.1176470588235294	3.437973455411516	1.5081815832221432	1191.3558407690894	-4.009999999999999	60474963.844884455	5.481398806074585	34.91062464326513	71.67190394374585	47.62011629633977	120.16	4.0	4.0	1.8580000000000005	0.16864795538821895	0.8828300759905965	0.00027147282101698555	7.494914432297867	0.8879147708999068	1.4429884685509757	6183.047286827991	4.203827833966669	0.43838663594932387	active
13.368847063002157	0.16746666240383123	-0.6400784465020584	0.5813737441093618	15.787878787878787	485.3710000000002	1.0606060606060606	2.856191471149387	1.5963860527737563	1142.2060932806428	-3.289999999999999	32738306.429203812	5.208436419314408	46.39101178853517	82.5997088785603	54.484155298663914	74.77	5.0	4.0	4.366700000000003	0.20394118546810808	0.8711304421457853	0.0001111529156298762	8.181550346669288	0.5855518208002944	0.9344985716342477	6281.778386711485	4.790529495325916	0.16464434043787896	active
12.716566987906273	0.23618102796674156	-4.404133834089191	0.6232898661677924	11.95	342.178	1.0	2.760411207369149	2.2128647824088423	832.0415655163586	-1.7805194805194806	44804.234306808656	2.21121804732523	24.379009496700675	64.4481921185137	18.295119060385826	22.0	2.0	3.0	3.0665000000000013	0.5364466378723913	0.981672085481092	0.0012429509248575712	6.78387834961583	0.9266796154036833	0.6845256477855184	3625.2070545693855	3.47894369591375	0.13296409518517283	active
13.901258941108326	0.1064204202750374	-1.1018171033845643	0.2810680735732491	12.342105263157896	502.5740000000002	0.8157894736842105	3.5223558362317995	1.56420091681432	1473.2348279716362	-5.039999999999998	791267425.3896759	5.366637496404184	17.501745733386574	138.933193711284	21.782316500597428	88.33	5.0	5.0	6.002100000000005	0.05282676151859871	0.7375105472151092	0.00015150075701862267	8.493199110707835	0.7968905964268466	1.7284156103616184	6206.7313453406105	4.3768455315702335	0.6048152606458318	active
13.476669396153522	0.14002362055933526	-0.6683641975308638	0.7340634869140499	10.7	290.68100000000004	1.3	2.8514540981630208	1.9819766601148987	800.7231692677504	-2.3999999999999995	53695.73212250784	2.352093707559982	28.47317011026542	59.25930463516989	15.937262329846266	54.98	3.0	3.0	3.574600000000001	0.5329391461470286	0.9812794466933694	0.0011727111073635528	6.366645662675908	0.9298112340872227	0.50030291244055	3827.950666460556	3.876824366397135	0.1514519903504968	inactive
12.129494047619048	0.28992695998152374	-0.5163706223230029	0.7527056772559997	10.571428571428571	302.71700000000004	1.2857142857142858	2.9090825216809093	1.9120153360620187	813.5388742740762	-2.5299999999999994	93791.7295815142	2.683732834133854	28.47317011026542	53.44208379412399	23.047059871123796	64.21000000000001	4.0	3.0	3.4441000000000015	0.7092863042619499	0.993936363838433	0.0016074938530158524	5.691925663664629	0.9776658497675914	0.4855863935127046	5407.659723657377	4.367189682519782	0.10302403501540157	active
13.941258941108327	0.1341981980528153	-0.9907059922734531	0.259688804682495	12.342105263157896	501.5860000000002	0.7631578947368421	3.5223558362317995	1.56420091681432	1470.0600260914657	-4.969999999999998	791267425.3896759	5.3934370032894465	17.501745733386574	144.73860777344268	16.79833797965022	75.44	4.0	5.0	6.607100000000006	0.2110034775985658	0.9004985069513902	0.00015557014112794608	8.26523959185831	0.6978005767987563	0.9154075571207991	7197.602152928211	4.682753905738224	0.16288960509197925	active
13.908760085263062	0.0754602597211731	-1.0736448501765292	0.36005526389778836	26.27027027027027	519.6870000000004	1.0	3.055531445745426	1.8326249985523426	959.2141082793445	-2.6500000000000004	35028707.215500385	6.261723084579349	29.535898646757527	0.0	64.6450125233478	150.70000000000002	5.0	3.0	1.7112000000000023	0.3840442739468808	0.960439403569368	0.0002664825615362699	5.773023207406969	0.8565847706472608	1.1904606795132346	9886.98274922573	4.869307903609717	0.2124956591701425	active
13.338023280084759	0.12674831506676765	-0.7060947341899728	0.5234037477465193	15.823529411764707	523.4170000000001	1.2058823529411764	3.279924825275581	1.5795323823208072	1208.4632772582822	-2.879999999999999	55520307.57406042	5.266915048223016	52.04041139178634	74.40867140992695	54.48415529866391	74.77	6.0	4.0	4.245000000000003	0.1878193670239452	0.8609396305227969	9.866579376047965e-05	9.292468671072061	0.5923351920142916	1.0750401517369028	6990.377439976811	4.866817223527118	0.22418670108032335	active
13.560476358441278	0.1308193972033258	-0.6607196397077357	0.5779349216439061	16.15625	493.3910000000002	1.15625	3.32018121325869	1.5684011898115813	1128.8784242354368	-2.6799999999999993	23258789.089073196	5.033246179187257	52.04041139178634	80.47503847838857	47.37435775738638	65.54	5.0	4.0	4.236400000000004	0.27471606084251354	0.9313686291427719	0.00021851993073114225	8.92847256740067	0.7565231790414567	1.0079136168314582	7193.818895520665	4.520510438653731	0.2332091269693462	active
14.470235863036779	0.017770849080373408	-0.8727059975224669	0.4520201384381207	15.157894736842104	563.4130000000002	0.9736842105263158	2.935273583102288	1.6721760898158822	1359.2089386435853	-3.759999999999999	287868444.3693659	5.558012379877571	46.39101178853517	70.21782851422135	68.70375038121898	93.23	7.0	4.0	4.523000000000003	0.20138572892837245	0.8776086391459895	9.393826950098027e-05	9.765997713470043	0.6106767697338713	1.0189422403115973	8281.37258993311	5.015287636254845	0.1733606700371958	active
13.286425043156857	0.17917461892164277	-0.6607196397077357	0.5779349216439061	16.15625	493.3910000000002	1.15625	3.2377776602670583	1.5572478595841037	1128.1284242354368	-2.6799999999999993	22535385.80433116	5.033246179187257	52.04041139178634	80.47503847838857	47.37435775738638	65.54	5.0	4.0	4.236400000000003	0.20624178903678486	0.9021178639418935	0.00018842778982575074	8.92847256740067	0.7392325979994583	1.1907132253000778	6721.200238616478	4.472232633229904	0.33540048373968895	active
13.941258941108327	0.1341981980528153	-0.9907059922734531	0.259688804682495	12.342105263157896	501.5860000000002	0.7631578947368421	3.5223558362317995	1.56420091681432	1470.0600260914657	-4.969999999999998	791267425.3896759	5.3934370032894465	17.501745733386574	144.73860777344268	16.79833797965022	75.44	4.0	5.0	6.607100000000006	0.15003675998552482	0.8649122030808131	0.00015496428966338264	8.26523959185831	0.7283336114418318	1.1562599864532277	6820.116921081002	4.562684805986158	0.2989670255971374	active
12.261949247291511	0.03002491969009813	0.03002491969009813	0.6786713803127206	10.722222222222221	304.20700000000005	1.0555555555555556	2.768873143560632	2.1849071251802252	740.3250218822898	-1.7705194805194804	24687.272947986596	1.7968038728718991	24.379009496700675	58.88474062681671	25.40491660166336	31.23	3.0	3.0	2.0563	0.6271263186811089	0.989431095368467	0.0017685398464693297	4.405879392727275	0.8762798673694744	0.44776585550490117	2994.272888475148	3.369289341188705	0.04574705654125405	active
13.902421492548655	0.13174468565612107	-0.9908420466952219	0.3012081896435563	12.45945945945946	490.56300000000016	0.8648648648648649	3.6762427158730113	1.5639736764905474	1432.2879694114713	-4.909999999999998	515002842.19061273	5.20584383603262	17.501745733386574	138.933193711284	21.365437627441576	80.37	5.0	5.0	5.730800000000006	0.10642682313579166	0.8170490268836813	0.00014806625984076517	8.04577422421606	0.7154552482044143	1.3930444592306093	5995.952127222595	4.4247116835866676	0.4032370681277088	active
13.312931311413456	0.05767977870160368	-0.05767977870160368	0.423696597277139	11.066666666666666	413.4860000000001	1.1	3.547174987144034	1.4436411312467285	1258.982738532811	-3.7799999999999985	18893190.43572573	3.60094980201566	33.96475331720233	83.44504429516094	25.885028089399803	78.01	6.0	5.0	3.745400000000002	0.24507456791534704	0.9211789427080321	0.0002541798082201902	7.479471063830018	0.7693499763061057	1.228099222269633	5984.140819108255	4.505764303142506	0.30560329662451174	active
13.401942239858908	0.028969277525825232	-0.16896017048794776	0.39764929922658	11.03125	442.8900000000001	1.03125	3.4860153188212593	1.4634176958329554	1362.922294479772	-4.039999999999998	42213902.50326604	4.080039911587439	34.359383832651574	89.84028620489364	30.98370989770084	90.9	6.0	5.0	3.732300000000003	0.3722722130295425	0.9581400587389254	0.0003686178854167915	8.47801390490837	0.8407997756724994	1.088834369699372	6698.6546382326205	4.37399704116724	0.24671095716699507	active
13.441942239858909	0.06896927752582527	-0.10646017048794776	0.39146974534478357	11.03125	441.9020000000001	1.0	3.4860153188212593	1.4634176958329554	1361.0668289018517	-3.9699999999999984	42213902.50326604	4.1048874421944594	34.22890732950011	95.7761767702038	25.999731376753633	78.01	5.0	5.0	4.3373000000000035	0.22462581133290424	0.9062223930898055	0.00017699216476781325	8.181900304949952	0.6887494883575978	1.0440516463425544	6339.166823118337	4.6893023408741605	0.21960495886526943	active
12.255451625094484	0.028416477702192244	-0.0399248866213151	0.6444730412108102	10.38888888888889	299.19100000000003	1.1111111111111112	2.768141759421268	2.2894162793582558	823.4165411467364	-2.0805194805194804	24489.75014559996	1.7045194732810245	24.379009496700675	64.4481921185137	18.295119060385826	45.79	3.0	3.0	1.9193799999999999	0.4841082270172641	0.9754158164056344	0.0014999403588473676	5.2745292985876535	0.9415713486987425	0.8332326001606499	2682.102186040885	3.2080710263300465	0.21605152618599827	active
14.324607549070027	0.08770413255185439	-1.0175259301251371	0.1812425659079677	11.568181818181818	577.6840000000003	0.6590909090909091	3.642906907072797	1.3761804036540861	1735.8480506553378	-5.749999999999997	21475175191.88724	6.345800790708732	17.501745733386574	180.63389460744762	23.343094385562793	75.44	4.0	6.0	7.678000000000007	0.09064356226049433	0.772410818866542	9.408359770255566e-05	9.627002346699316	0.6730634465375203	1.599315339056506	7581.237307618911	4.7437013717696574	0.4550729783183162	active
12.282571806500378	0.37040627362055956	-0.42836419753086363	0.7301306649014965	10.7	286.718	1.3	2.916299686513432	1.9727184119450012	795.4227792424292	-2.3299999999999996	59752.0642769737	2.1429143998613727	28.47317011026542	59.00553528582099	15.937262329846266	54.98	3.0	3.0	3.743920000000001	0.5760941667198937	0.9848601476193128	0.0015390717318221417	5.2201165206274105	0.9835973287325819	0.7840913863041747	3626.1857203131303	3.7238632299943206	0.25822450711836714	inactive
12.657436696900982	0.10702160493827173	-0.10702160493827173	0.771157719311006	12.818181818181818	328.824	1.1818181818181819	2.686768732157096	2.142123238887908	769.4945217028387	-1.959999999999999	135875.26832264866	2.8276860463509346	40.64477711834226	58.614105776366586	11.660033336098294	44.1	3.0	3.0	4.317580000000003	0.18475632483353233	0.8395342021844614	0.0002657255637817741	5.917025082879839	0.554999470896088	0.706649841265106	2133.568681074301	3.502230460268987	0.18951952577562003	active
13.703907651473557	0.015087115041084065	-1.1439694753398746	0.20559002630239856	15.978260869565217	634.734	1.0434782608695652	3.4421166193426527	1.5137937941314101	1608.633892805912	-4.8100000000000005	10073163496.866297	8.259092528293994	40.37701435445236	52.73510824808874	76.77114255521187	181.46999999999997	9.0	4.0	2.8634600000000017	0.35545824502387874	0.9534696862696728	0.00017028303445790454	8.95599913408994	0.9207680146276466	1.5262531697177464	16514.207596419707	5.603250155379744	0.31559795578314975	active
13.600755070546736	0.029599710254472056	-0.15085548416897554	0.3505536860898898	11.0	471.92800000000017	1.1176470588235294	3.529074518301749	1.5172392200113978	1447.1249803712074	-4.169999999999999	103628453.49939074	4.354225506834097	34.2289073295001	89.70980970174219	33.10952891803117	87.24000000000001	6.0	5.0	4.345900000000003	0.1653422019559223	0.8820113898956566	0.00023262650703458686	8.556453184489094	0.8133549982793992	1.5701704967133125	6034.897716087226	4.237849162116668	0.6004476215930497	active
13.216922521066039	0.181244383555891	-0.6107857772738732	0.538969653258269	16.15625	509.84600000000023	1.09375	3.3242480943643984	1.5775679737699368	1126.1235367332733	-2.3199999999999994	23880876.402963024	5.015101888055699	63.64135128201886	79.680450951084	47.37435775738638	65.54	5.0	4.0	4.750700000000004	0.1861261028642228	0.890277977898055	0.0001646700147758236	9.140652119736602	0.7309902285825233	1.149846249056043	7125.2298725811515	4.5716684599283814	0.3124194552548309	active
14.23028688344494	0.03761936255983822	-0.9692034378213823	0.48045659066393626	15.35135135135135	551.3770000000002	1.027027027027027	2.889819578608743	1.6504303218479968	1320.7889876249778	-3.629999999999999	164086169.27520162	5.546196406238876	46.39101178853517	76.03504935526725	61.593952839941444	84.0	6.0	4.0	4.653500000000004	0.15641221413954662	0.8354383303659431	8.716467413859404e-05	10.26271382582428	0.6039386515004836	1.2807965722028936	7613.965382264774	4.961859449034894	0.3059969161560942	active
13.027187965470343	0.13374362244897942	-4.493270463277904	0.6979392738273666	13.0	366.38900000000007	1.1666666666666667	2.557065957640944	2.1276250397578007	845.9466593917156	-2.1099999999999994	251727.8011340051	3.0946320915095638	40.80572217750086	48.02802097092827	11.660033336098294	44.1	4.0	3.0	5.048980000000002	0.2241978036797701	0.8969855500244426	0.00030371754640263115	8.8306951925492	0.6327073559677459	0.47262466299308864	2981.6372069113686	3.652787731949068	0.09322846349342104	active
9.993444822373394	0.01759870769295313	-1.2274896069538934	0.4777865842451994	30.15	298.30400000000003	1.45	2.930859771700486	2.0942646460475802	700.5030462689133	-1.59	48948.28904716982	1.8897782866627932	29.33009066241718	10.967909342203233	54.77342000196571	140.75	9.0	3.0	-1.6883100000000006	0.40683298393693285	0.9640902007908366	0.0009261096334958907	5.312430588644547	0.7853111481379572	0.6013254673449844	2507.4594630329498	3.3130067404050276	0.15374052896514945	active
12.161388416477703	0.2936281179138325	-0.51590765936004	0.6777516231107281	10.7	286.698	1.35	2.90651026413538	1.9263037690537623	797.968281765587	-2.3999999999999995	57999.41232082151	2.231802196032109	28.603646613416892	53.06964472051084	15.937262329846266	66.18	4.0	3.0	2.768020000000001	0.5944868509942635	0.9866394585663842	0.001514747927684787	5.929209252286176	0.9674372039854913	0.5176548925434623	3792.5703435170376	3.816402804600685	0.1376755419176686	inactive
13.51970846286683	0.07158642451644592	-4.917337940394227	0.24901800875445937	17.022727272727273	624.6570000000004	1.0909090909090908	3.3975226792634783	1.7956646175869297	1386.35989709002	-4.1000000000000005	2204732186.0462174	8.289683239601555	40.37701435445236	29.959396268694903	72.97948403076093	155.68999999999997	7.0	3.0	3.422900000000001	0.04771013567132558	0.7122811130446214	9.829389276117465e-05	9.225184382739908	0.7714691434483235	1.9772646449866795	8626.584219443239	4.705094159679961	0.7494928887382518	active
12.211939602229782	0.05704979213907779	0.05704979213907779	0.6170840138000484	10.882352941176471	353.077	1.0	2.6869850313866452	2.274369562502265	727.0093188940273	-1.0905194805194804	14036.809803963835	1.9269116387035163	40.308953394650025	63.357460142649124	18.295119060385826	22.0	2.0	3.0	2.810200000000001	0.7505409131362033	0.995803529214836	0.00209468714347496	5.268216471913891	0.9379244931442788	0.6675945610444357	4588.973948587244	3.74983705118279	0.1337436646870012	active
12.380887188208618	0.11028628117913852	-0.13912037037037028	0.7885238917590689	11.85	282.32400000000007	1.1	2.4976762711486016	2.0804451143924987	663.5148558151776	-2.4499999999999993	55748.13437203679	2.104570140375048	29.043837228109744	48.53093654769288	11.660033336098294	53.33	4.0	3.0	3.671280000000001	0.27371686932435085	0.9285563331875853	0.0006667520983272138	5.5050104357236735	0.7132368950126641	0.4930020424945924	2055.441768165904	3.2616719784407584	0.09870794808308504	active
13.592806932141798	0.13908021541950166	-0.6669187242798362	0.41103945228588273	15.777777777777779	540.4520000000002	1.0277777777777777	3.4121487414738794	1.4435448546386438	1488.333313424701	-3.3299999999999987	207108690.09453756	4.974707253403273	62.9433363238674	96.8834028470868	42.39037923643917	83.82000000000001	5.0	5.0	4.172900000000003	0.20201789818670632	0.8920998575725237	0.0001259714044010876	9.85247538230244	0.6734274756054514	1.1077040403410594	7967.584101008939	4.823152281428819	0.25603721794658646	active
13.3152769904258	0.05440045771394919	-0.05440045771394919	0.423696597277139	11.066666666666666	413.4860000000001	1.0666666666666667	3.547174987144034	1.4436411312467285	1258.982738532811	-3.7799999999999985	18893190.43572573	3.60094980201566	33.96475331720233	83.31456779200947	25.999731376753633	78.01	6.0	5.0	3.745400000000002	0.3518698702933688	0.9536764823841849	0.00032560151780201916	7.479471063830018	0.8128579275569499	1.024886289158686	6745.525385088877	4.605491887413071	0.21749734531391654	active
12.293199247291511	0.07084124622071042	0.07084124622071042	0.6670445819834877	10.944444444444445	302.23500000000007	1.0555555555555556	2.768873143560632	2.1849071251802252	737.0246318569684	-1.5705194805194806	24687.272947986596	1.857554326462476	24.379009496700675	64.4481921185137	18.295119060385826	22.0	2.0	3.0	2.6101	0.6060261659369046	0.9879334901870367	0.0017738056234432905	3.959606558958733	0.90096840963362	0.568762373581197	2954.7540712778214	3.3397497154482445	0.14352410298525706	active
13.493264553908496	0.0748370461208665	-0.09744782480893566	0.34598626624675893	10.93939393939394	453.9330000000001	0.9090909090909091	3.2589220855950045	1.4633838269824682	1399.4406817574502	-4.0299999999999985	62436775.73973072	4.6098167774879055	34.22890732950011	107.90891090712704	25.885028089399803	63.910000000000004	5.0	5.0	5.380100000000005	0.23430471715382767	0.914874606481211	0.00019041987656009282	8.077435189466302	0.7339457024430729	1.2664506100608277	7006.7375118711525	4.741184059899921	0.2880060241366008	active
13.497379780245943	0.023952272458315216	-0.29150905905467295	0.3707810822968909	10.970588235294118	468.92400000000015	0.9705882352941176	3.257419819609033	1.4792724716865693	1524.321893974854	-4.229999999999999	89374700.5791247	4.463852849186056	34.22890732950011	112.0658714146378	20.901049568452596	82.19	5.0	5.0	4.302500000000004	0.24256908059118965	0.9213176400089297	0.0002484933068459858	8.848799811640356	0.8294385670550588	1.3838475841401952	7120.581818898941	4.506138943247848	0.40142026496466765	active
13.59096020588625	0.025526474216707618	-1.1185651438541948	0.2199603493379519	16.186046511627907	591.6650000000003	1.0930232558139534	3.449714607974085	1.4918167124819768	1469.6920223938178	-4.74	3553876394.755929	8.178601324602832	40.37701435445236	60.04926904054127	71.78716403426466	168.57999999999998	8.0	4.0	2.5432000000000006	0.3312194373258316	0.9488980104559579	0.00016250231103743615	8.67263321871194	0.852488639971203	1.446561195500769	14171.12075002651	5.518762005962473	0.28256040424352863	active
13.636105386650119	0.01625234702813394	-1.6251903597426267	0.24608490991212095	19.477272727272727	614.6960000000001	1.0909090909090908	3.4488285751118593	1.482355037453949	1365.100998510591	-3.9700000000000006	4783747558.965415	8.141944088691345	40.37701435445236	29.959396268694903	85.8040605949139	174.14999999999995	9.0	4.0	1.9875000000000014	0.33937484924765365	0.9508707485749642	0.00015070646395451136	8.434092009283024	0.8205184519910456	1.3071230922248933	14429.806323132854	5.520031453176749	0.22754807013919803	active
13.5402663141065	0.00024070852742164028	-1.456787581964849	0.26032531083343696	16.595238095238095	581.6700000000002	1.1666666666666667	3.403077997260066	1.7893642337453202	1373.7674846544135	-4.4	1180072139.5549319	8.085910950223498	40.37701435445236	29.959396268694903	66.80318551331746	179.47999999999996	8.0	3.0	2.3841800000000006	0.3391858234201614	0.9502610843581512	0.00018889559645299836	8.152764990385178	0.8950370129210511	1.579640658698392	13616.504154322862	5.3716796964228735	0.332252550644056	active
13.592280224251722	0.026341593163694554	-1.11528582286654	0.2199603493379519	16.186046511627907	591.6650000000003	1.069767441860465	3.449714607974085	1.4918167124819768	1469.6920223938178	-4.74	3553876394.755929	8.178601324602832	40.37701435445236	60.04926904054126	71.78716403426466	168.57999999999998	8.0	4.0	2.5432000000000006	0.09877220723169722	0.8171751779174096	9.059183242208919e-05	8.67263321871194	0.7634866484916146	2.0657710762932444	11163.435602641563	5.377020594682816	0.5405280282343032	active
13.599224668696166	0.03144363398002126	-1.1029401438541948	0.22294777123023807	16.186046511627907	590.6770000000004	1.0	3.449714607974085	1.4918167124819768	1466.8817484902477	-4.67	3553876394.755929	8.211251040930767	40.37701435445236	65.85468310269995	66.80318551331746	155.68999999999997	7.0	4.0	3.148200000000002	0.06300314056495807	0.7657804526125175	0.00010358686678078297	8.487502017757473	0.819709782497526	1.8996035553856685	10086.386779666369	5.064812136084617	0.582672540493916	active
13.537001851296582	0.041548437416492945	-1.0759077259487613	0.2860202186313948	16.951219512195124	570.6870000000002	1.0975609756097562	3.3559263955155605	1.7833012125705305	1277.3510936347175	-3.8900000000000006	656712651.8787203	8.547340258815737	40.37701435445236	29.959396268694903	66.80318551331746	155.68999999999997	7.0	3.0	2.8805000000000014	0.1260528583468244	0.8506581808497224	0.0001158597096927508	7.355244744884126	0.7952179588988207	1.6666920020426743	10382.121298990649	5.152495975610561	0.40736264065172817	active
13.68027150065209	0.02226655749525208	-1.1257930350106566	0.21050681064469662	16.155555555555555	622.7230000000001	1.1333333333333333	3.5494542953011083	1.5091564962630686	1589.7642301598191	-4.680000000000001	6801257451.360745	7.888569511688361	40.37701435445236	46.910703750088814	76.58367025676368	173.51	9.0	4.0	2.498540000000001	0.2864839049710158	0.9362353436220532	0.00014266173928297935	8.563392460451695	0.8716525248808038	1.6952131958773209	15156.893079354559	5.571129143657928	0.34856067670175356	active
13.589224668696167	0.024499189535576615	-1.1233483071195007	0.2199603493379519	16.186046511627907	591.6650000000003	1.069767441860465	3.449714607974085	1.4918167124819768	1469.6920223938178	-4.74	3553876394.755929	8.178601324602832	40.37701435445236	60.04926904054127	71.78716403426466	168.57999999999998	8.0	4.0	2.5432000000000006	0.3081399379969658	0.9428697468600145	0.00015705362017945224	8.67263321871194	0.8505171058560085	1.523366004363338	13824.939413265143	5.47685852199114	0.3114617072532165	active
13.181660455478998	0.07404971279655603	-1.0229154734922232	0.32299670515952583	17.514285714285716	486.5690000000003	1.2	3.2805851416085696	1.7512967688378192	1079.0914943135697	-3.4000000000000004	56597868.67953344	6.596173469387756	34.40770906650051	29.959396268694903	65.94040762020632	149.61999999999998	6.0	3.0	1.2835000000000008	0.5570906950852447	0.9836796664547077	0.00039314037655275463	6.474951857427962	0.9300203590123851	1.1742792500613008	12227.48042511765	5.339136483974217	0.2018270824484453	active
12.511903526109199	0.15244567271352927	-4.3594698365457285	0.6232898661677924	11.95	342.178	0.95	2.759840056601516	2.118773862916099	814.7915655163586	-1.7805194805194806	44985.39292260471	2.21121804732523	24.379009496700675	64.4481921185137	18.295119060385826	22.0	2.0	3.0	3.0665000000000013	0.6778472286931909	0.9925162528036081	0.0015966647447416538	6.78387834961583	0.9112732507422218	0.44170710727030477	4259.150811038659	3.7265423172432186	0.053190736056704276	active
12.190672241118671	0.029272014361299892	0.029272014361299892	0.6336232917968305	10.882352941176471	308.626	1.0	2.6869850313866452	2.274369562502265	727.0093188940273	-1.2805194805194802	14036.809803963835	1.8664697849479828	35.97994938693319	63.90737394055803	18.295119060385826	22.0	2.0	3.0	2.7011000000000003	0.6520209825928884	0.9910415172883105	0.001898894095959469	5.148714032754067	0.8995827404837599	0.5862476674000012	3190.9801062649285	3.418169136489174	0.10064547842610741	active
12.504228878317985	0.050464891975308346	-4.331183397939576	0.6470426196011942	11.952380952380953	356.205	1.0	2.7569408586534254	1.9191489980791354	830.4862820888939	-1.7805194805194806	70412.26953000849	2.8210114092232166	24.379009496700675	70.0116436102107	18.295119060385826	22.0	2.0	3.0	3.1256000000000013	0.4854079015442574	0.9750660116536524	0.0010024357381185592	6.545793198894672	0.9703263525145348	1.09032744274662	4232.455760500301	3.6636711208375945	0.34750428975061753	active
13.366599304475388	0.04538811203493709	-0.04538811203493709	0.39243876106279424	10.96774193548387	425.5170000000001	0.967741935483871	3.484519824710764	1.4420831161564165	1297.1002881147676	-3.839999999999998	30224836.464175556	4.082222255491286	33.96475331720233	95.4473019289327	25.885028089399803	63.910000000000004	6.0	5.0	4.788200000000004	0.4000488085284872	0.9634346383000018	0.00037125126143120103	7.387375746892244	0.8382875317116347	0.9509938295857926	7064.394022418968	4.566889437878243	0.18418372924139628	active
12.334958427815572	0.06485591458805762	0.06485591458805762	0.6335085685706999	11.0	302.23500000000007	1.0	2.7107676062519905	2.2822420529193823	782.5330923663166	-1.5705194805194806	20628.941483577648	1.7621387262015344	24.379009496700675	63.94527654174909	18.295119060385826	22.0	2.0	3.0	2.6645400000000006	0.5468196588433754	0.9829258983192216	0.0015619929078466907	3.959606558958733	0.8830637963709295	0.6703515067693042	2713.2069959196397	3.241419065565324	0.10995897218415113	active
13.93583802274098	0.14808708694170414	-0.9984837700512308	0.309581076758767	12.342105263157896	500.58200000000016	0.8157894736842105	3.5223558362317995	1.56420091681432	1472.3800749993627	-5.039999999999998	791267425.3896759	5.366637496404184	17.501745733386574	138.80055486323204	21.782316500597428	89.29	4.0	5.0	5.366300000000005	0.055648506063130834	0.7396980809743716	0.00014560649510434343	8.493199110707835	0.7783997409402625	1.652712670815354	6183.708236075743	4.410341267299698	0.5752796915202257	active
13.1801641191456	0.15122756046863195	-0.6450946397077357	0.5938666406403572	16.125	490.3920000000003	1.15625	3.32018121325869	1.5684011898115813	1126.1235367332733	-2.8099999999999996	23258789.089073196	4.98103161273197	52.04041139178634	74.65781763734267	47.37435775738638	88.6	6.0	4.0	3.1709000000000014	0.34837519149931206	0.9527346645721307	0.00025390059452042805	8.852256463773063	0.7996292267005747	0.9156014346819313	8289.352550616719	4.715129429850321	0.20672350482863952	active
12.297543461829177	0.013929988662131354	0.013929988662131354	0.6786713803127206	10.722222222222221	304.20700000000005	1.1111111111111112	2.768141759421268	2.248366723391765	757.5750218822898	-1.7705194805194804	24489.75014559996	1.7968038728718991	24.379009496700675	58.88474062681671	25.40491660166336	31.23	3.0	3.0	2.0563	0.5672709564560405	0.9847998439598294	0.0015691304193664562	4.405879392727275	0.8661485030006217	0.48303383163708397	2752.601199158892	3.2641798763929453	0.05522474119821337	active
12.215277305366591	0.33160997732426334	-0.43340765936004044	0.7301306649014965	10.7	286.718	1.35	2.90651026413538	1.9263037690537623	795.4227792424292	-2.329999999999999	57999.41232082151	2.2551782794198814	28.47317011026542	59.00553528582098	15.937262329846266	54.98	3.0	3.0	3.743920000000002	0.6293213396268817	0.9891731952440639	0.00162055147035292	5.2201165206274105	0.9817285246804591	0.5014558432206935	4052.5981215470583	3.9143847543544097	0.1252660169350364	inactive
12.223658352229782	0.07235591458805746	0.07235591458805746	0.6300536324372557	10.882352941176471	288.208	1.0	2.6869850313866452	2.274369562502265	721.812066321055	-1.5705194805194806	14036.809803963835	1.7759350682515336	24.379009496700675	64.4481921185137	18.295119060385826	22.0	2.0	3.0	2.3561199999999998	0.5700233525980563	0.9850484282612777	0.0018571216947211246	3.974796042135715	0.8828211148226243	0.681024342398333	2435.9932609756124	3.136534164390801	0.117089742014526	active
12.83536328420257	0.006674225245654197	-0.28665732342319616	0.6301789108659128	10.882352941176471	292.171	1.0	2.6869850313866452	2.274369562502265	727.0093188940273	-1.6405194805194805	14036.809803963835	1.7543951233641175	24.379009496700675	64.7019614678626	18.295119060385826	22.0	2.0	3.0	2.1868	0.5800700627762941	0.9858908533277669	0.001879710294093444	4.924626289607451	0.894310447041226	0.726757038205093	2541.8951147044622	3.166750396874795	0.19844711838108212	active
12.058190114008568	0.2206676351095993	0.2206676351095993	0.5930580770939952	11.117647058823529	296.27200000000005	1.1176470588235294	2.6699470717123925	1.992354670423384	526.2468859393574	-0.7905194805194806	11197.758018761775	3.11055719939695	24.379009496700675	34.61927235297027	18.295119060385826	22.0	2.0	2.0	3.028900000000002	0.5548850059920458	0.9836927280289254	0.0015102373762901614	2.8599159527180147	0.874169371161725	0.7239367993950132	2813.3133006817416	3.340057815500413	0.1385941288331159	active
12.206946806500378	0.012260802469135967	0.012260802469135967	0.6336232917968305	10.882352941176471	308.626	1.0588235294117647	2.676445018677098	2.3142653038028795	744.2593188940273	-1.2805194805194802	13797.07407128044	1.8664697849479828	35.97994938693319	63.90737394055803	18.295119060385826	22.0	2.0	3.0	2.7011000000000003	0.5235321549886877	0.9804823277695174	0.001496995042124986	5.148714032754067	0.9039645906462799	0.6515692093644667	2776.406036737865	3.232982067507096	0.1260374702208363	active
12.27516298185941	0.017530864197531137	-0.053881172839505886	0.6214166056399674	11.0	343.071	1.0	2.663259138765108	2.3148250355748976	770.7807349646104	-0.9905194805194802	19063.60891528064	2.0390405221714545	47.58088927716571	62.863640185837745	18.295119060385826	22.0	2.0	3.0	3.3545000000000016	0.4339891719178814	0.9690271276363566	0.0008453011309685282	6.444395322698599	0.8282411871815273	0.5196660264371745	3286.136549449745	3.4640718883862998	0.07997391614198995	active
12.138730631141346	0.07840277777777782	0.07840277777777782	0.6224308831812042	10.75	274.181	0.875	2.6877850522582163	2.3390420314531206	681.7240179402338	-1.5705194805194802	9923.302412937335	1.4529367399092816	24.379009496700675	64.95110769527832	18.295119060385826	22.0	2.0	3.0	2.0477	0.4907742783003864	0.9767814141403245	0.001750727176413636	4.024335192804742	0.8302959894366557	0.5317566261715645	1838.0198605421576	2.8729109073580736	0.0869551856462381	active
12.815329452035126	0.02982414493575214	-0.24972705131435258	0.6656887230718124	10.944444444444445	306.198	1.0555555555555556	2.699761379952149	2.023332339863186	742.3250218822898	-1.6405194805194805	22170.440452167048	2.049774654884461	24.379009496700675	70.26541295955961	18.295119060385826	22.0	2.0	3.0	2.2459	0.4123151728842082	0.964746540365009	0.0012476088159525539	4.79872675295937	0.9271006373230084	0.9283613417209651	2617.7079157459566	3.177832029701008	0.2890619302888757	active
13.202863284202568	0.055085034013605316	-0.37753695305282586	0.6774914994407878	10.842105263157896	322.19700000000006	1.2105263157894737	2.7633931145433697	2.30402905685122	806.5563336743082	-1.8405194805194804	34979.03004388997	2.008842385761417	24.379009496700675	58.635594399400986	25.40491660166336	31.23	3.0	3.0	2.1954000000000002	0.4417957857741594	0.9691176231701757	0.0013060717666547772	5.269863440267216	0.9528020468322272	0.6882005355966971	2818.6888203172803	3.1775960619651644	0.2103328846043179	active
13.674897959183674	0.2512037037037034	-0.7101563681027965	0.6324075039965741	11.0	310.161	0.9444444444444444	2.6763835517538856	2.3948807723001506	770.7807349646104	-1.7105194805194806	20265.576253880423	1.634857398908848	24.379009496700675	64.45281524044688	18.295119060385826	22.0	2.0	3.0	2.3259	0.38398412946233973	0.9603075578448549	0.001300658648008961	5.954055487325393	0.8742130009834953	0.6672101269803331	2106.469481367063	2.8919990585873263	0.13648507713910582	active
12.104512428058154	0.21934047461577233	0.21934047461577233	0.5672121906629936	11.166666666666666	310.2990000000001	1.0555555555555556	2.713416323490711	1.8808027861021064	540.6623318929239	-0.7905194805194806	18415.95658753146	3.364993800348276	24.379009496700675	34.61927235297027	18.295119060385826	22.0	2.0	2.0	3.4190000000000023	0.26897908862869013	0.9280112955054564	0.0009287836552933104	2.941194721056322	0.9398679250249867	0.980746751742886	2552.8901470747674	3.1813453782701506	0.2744034718225234	active
13.406267951625095	0.09768518518518499	-0.37929988662131486	0.6774914994407878	10.842105263157896	322.19700000000006	1.2105263157894737	2.7647937937140474	2.3304776790139523	806.5563336743082	-1.84051948051948	35049.29092291298	2.008842385761417	24.379009496700675	58.635594399400986	25.40491660166336	31.23	3.0	3.0	2.1954000000000002	0.35258000179504306	0.9520108846710856	0.0011049337091367253	5.269863440267216	0.9463318600961194	0.6925185603883739	2648.1233503562394	3.127476154123409	0.21496772066331676	active
12.39762329931973	0.05506944444444439	0.05506944444444439	0.5349846588752196	10.944444444444445	320.27500000000003	1.0555555555555556	2.7644606763071464	2.3213039612366595	759.5750218822898	-1.2205194805194808	24838.67917661971	1.8660397277497787	36.14089444609179	58.88474062681671	24.55088824389723	22.0	3.0	3.0	2.7696000000000005	0.32176158201609684	0.9450616709403473	0.0011059680374284058	4.711179801481423	0.9231048800134882	0.7368286190455282	2356.9757090283238	2.994790720162854	0.1821053557470424	active
13.65406462585034	0.10583333333333322	-0.3513600718065002	0.6301789108659128	10.882352941176471	292.171	1.0	2.681918735811092	2.3595811764044043	744.2593188940273	-1.6405194805194803	14195.395868648111	1.659219427315925	24.379009496700675	64.7019614678626	18.295119060385826	22.0	2.0	3.0	2.1868	0.444952292959202	0.9705745249495602	0.0014090168904903517	4.924626289607451	0.8154274353746731	0.4714846043838875	1959.7301132282655	2.9080883443345997	0.06667139146094059	active
13.126196617535903	0.30083333333333284	-4.71967474489796	0.4826575179760235	12.0	360.168	1.0476190476190477	2.7566557108717973	2.3342147522080547	878.5467719130116	-1.8505194805194807	63695.28685540375	2.4284553181870456	24.379009496700675	64.199045891098	18.295119060385826	22.0	2.0	3.0	3.2056000000000013	0.35900459751325864	0.9524762718552104	0.0010253826822267593	7.96057843641674	0.9732962216155311	0.8029942215140654	3032.8851366807844	3.1391067806067547	0.23905117282261673	active
12.24106465734442	0.09087738567649284	0.09087738567649284	0.6928247256460257	10.789473684210526	318.2340000000001	1.105263157894737	2.7690463408004837	1.9595979780783404	755.6616643747856	-1.7705194805194804	38733.42021511716	2.3708755455329986	24.379009496700675	64.4481921185137	25.40491660166336	31.23	3.0	3.0	2.1154	0.4498466952456505	0.9704186141907456	0.0011752597867708847	4.3689272216582005	0.9504764934066997	1.0823123519997895	3183.9070182743612	3.396503548527028	0.28186425858133873	active
12.536436602418746	0.058263888888889115	-4.859072105694129	0.6241325584121488	11.818181818181818	392.622	1.1363636363636365	2.7506346465739426	2.219667915896948	900.9747206583737	-1.6905194805194803	96162.18724422503	2.924678564375663	35.97994938693319	57.84100687209642	24.65747791941621	31.23	3.0	3.0	3.5997000000000003	0.33042684729691335	0.9487436779464926	0.0006409835379748721	8.81502915909995	0.8436569014386281	0.690486965032408	3513.449953330271	3.3843767570391745	0.1545897041196446	active
12.419543178382465	0.01033950617283974	-0.07773919753086433	0.6728279499844142	10.842105263157896	338.65200000000004	1.2105263157894737	2.7647937937140474	2.3304776790139523	806.5563336743082	-1.4805194805194806	35049.29092291298	2.121147186147187	35.97994938693319	57.84100687209642	25.40491660166336	31.23	3.0	3.0	2.7097000000000007	0.36083903297723346	0.9545764835308965	0.0009412055773973239	5.486515060465386	0.9246970952525272	0.6919975294503805	3048.932319789458	3.2894186042725235	0.2124174368314672	active
11.932476379440665	0.22362906273620564	0.22362906273620564	0.6154899334180128	11.0	268.218	1.2666666666666666	2.574672528858721	2.2830110617121777	497.53658280678934	-0.7905194805194806	4122.050718702812	2.2418998667691876	24.379009496700675	34.61927235297027	18.295119060385826	22.0	2.0	2.0	2.2487000000000004	0.2888209543696477	0.9356391021280687	0.0014489746622898027	2.716834377639782	0.9183271766090754	0.9911108439250934	1648.9627385949889	2.757297293218229	0.33839304252888547	active
12.290952853363567	0.06923611111111105	0.06923611111111105	0.6300536324372557	10.882352941176471	288.2080000000001	1.0	2.681918735811092	2.3595811764044043	739.062066321055	-1.5705194805194804	14195.395868648111	1.6797733842420794	24.379009496700675	64.4481921185137	18.295119060385826	22.0	2.0	3.0	2.3561199999999998	0.4454514881388936	0.9707998621176842	0.0015162710389041308	3.974796042135715	0.8399422638396885	0.6148097117641458	1939.5827645779862	2.886527325834521	0.11630197104670688	active
13.08204266692903	0.03684033503973949	-1.0605154758694624	0.36648141964571357	16.714285714285715	509.9870000000002	1.1428571428571428	3.1871009436099627	2.049486740102218	937.4477557613955	-3.1399999999999992	33577689.24299899	9.936555521862347	41.26108965419073	34.85155307928476	54.89546979267963	139.89999999999998	7.0	2.0	2.1240999999999994	0.05039983612371528	0.69122387863547	0.00012579596681197648	7.21246512591127	0.7273910092729043	1.6568618316444794	5820.318295394334	4.384102540300345	0.5218227505409802	active
12.39987748803225	0.026404596560846594	0.026404596560846594	0.6784840406266259	10.761904761904763	348.26000000000016	1.0952380952380953	2.8421493062625864	2.021848222820718	834.8995259079352	-1.9705194805194806	97070.76740609237	2.622491355692139	24.379009496700675	58.38182505005209	32.51471414294089	40.46	4.0	3.0	2.1239999999999997	0.42151715580809085	0.9669693196257357	0.0008537112899632106	4.765158591944473	0.8821441032059051	0.9870336104110753	3576.106904991997	3.526750147940312	0.24959969173210142	active
12.10198365457294	0.20883975812547217	-0.20883975812547217	0.5633598200445077	13.666666666666666	235.242	0.8888888888888888	2.659856963866877	2.103900650842579	634.9027740033816	-2.5499999999999994	22981.164167809817	1.5691552778201157	17.64250999956376	71.05534855915606	16.550468413677088	47.03	3.0	3.0	2.544200000000001	0.572439773694813	0.9852455649858181	0.002011005007317283	4.611187960306032	0.8653868393592354	0.43936360800636565	2175.900396546583	3.2990409893257624	0.0768813882917096	inactive
13.113759220911096	0.07542712326487555	-1.0182858438625935	0.32789190968006365	17.323529411764707	472.54200000000026	1.2058823529411764	3.4268622053587814	1.7528690677146948	1062.9104979334893	-3.4000000000000004	36985301.33550804	5.932516419958828	34.40770906650051	29.959396268694903	65.94040762020632	149.61999999999998	6.0	3.0	0.8934000000000009	0.2299426333166999	0.9161408306499889	0.00021805551044624092	6.424507088153823	0.8197601206356054	1.3842886129588248	7688.073334714138	4.69425803401388	0.35848551159776043	active
12.7746022297808	0.2529747732426304	-0.30073507180650005	0.5771029549850707	11.0	334.40000000000003	0.7916666666666666	2.901125139346908	1.8710872683193582	1118.0282256884723	-2.919999999999999	567831.4212740917	2.4868327736324765	22.304935040496268	98.51163667663978	8.523760756051951	44.0	5.0	4.0	3.2622000000000018	0.34255183657867067	0.9514321007135368	0.0006288760091696834	5.861437575030013	0.8020300730860525	0.6682021179421858	3322.499289042469	3.6150871103309594	0.13664197526458532	active
11.601201420382967	0.06331490929705219	-0.558259007306626	0.31343520544484943	10.8	290.26000000000005	1.2	2.904532429324343	2.0972740006885093	803.9723903715467	-2.68	58845.82701811119	2.0319722981426884	28.482672659307198	51.850250207463986	15.236637563068562	109.0	7.0	3.0	1.9155999999999995	0.3882265074564726	0.9608854691545844	0.0010696383665521863	7.195496956492442	0.8943251523566491	0.7910300033261405	2699.9687736832752	3.3603157774600483	0.20977809490069102	active
11.311536438649533	0.02196286848072604	-1.1358248299319726	0.4753379739804853	12.11111111111111	253.21399999999997	1.3888888888888888	2.37136310319575	2.548568974159402	437.7664825155729	-2.0300000000000002	8539.278534607894	3.230832666901206	5.907179729351506	23.1219770257306	23.66242991785309	158.63	7.0	1.0	-2.868099999999999	0.565905778900452	0.9846448138920011	0.001741777505382151	4.920243813110847	0.9024622344732547	0.685536538036191	2678.5296450119563	3.4889636560741475	0.2115965989628822	active
11.530262188208617	0.21633975812547224	-0.2556916099773241	0.7487812423768543	10.466666666666667	222.26900000000003	1.2	2.4690029893996233	2.4125895433359164	565.0985913363726	-1.6199999999999999	3426.976149286677	1.9167513123929096	11.532486611566675	56.047067197408474	8.523760756051951	44.0	5.0	2.0	0.6567999999999999	0.34025838641977035	0.9511297677167729	0.0016522326691812432	3.450086630806597	0.8383849814250177	0.7909348347423716	1377.686794556017	2.817298887975867	0.281614057394348	active
10.431481481481482	0.3125000000000002	0.3125000000000002	0.28239623999098273	9.0	126.16	1.5	1.7681772153059907	3.134861511345448	168.5384734445621	-0.8300000000000001	72.49526582754562	0.8692020605459402	12.628789148012991	29.603197801775195	0.0	26.939999999999998	2.0	1.0	0.22580000000000017	0.33261636407640827	0.9425546989855473	0.004232767664513608	2.18767668064718	0.6659481486055908	5.532492429183301e-07	313.64799661293284	1.9321472040819874	4.696412003654204e-13	active
4.053510015117158	0.6791666666666666	0.6791666666666666	0.6769346849476513	13.272727272727273	187.31300000000002	1.7272727272727273	2.5175949977372087	2.2307954820968985	186.330460484538	-0.09000000000000008	480.86064456780684	3.20458917628526	21.587795952773448	12.393687143226153	10.233916550929383	26.990000000000002	3.0	1.0	2.5776000000000003	0.4021356320692071	0.9624584655505567	0.003143252207715223	2.231964611462893	0.9456300720615037	0.7999776698637213	1048.110504185125	2.5611356071916975	0.2831625346256991	active
5.072795729402872	0.8372222222222224	0.8372222222222224	0.4688607712542894	9.333333333333334	240.44400000000002	0.8333333333333334	1.9834180793154317	3.6934830872422997	158.38689879982147	0.4799999999999999	295.5292938179993	5.18320245841735	54.66461100998478	0.0	46.631575563527655	6.48	4.0	0.0	2.0608	0.4222629387957455	0.9656223609507347	0.00203099737477254	2.983336051705174	0.9629523215889492	0.8722661671985463	1756.354352670946	2.903633480952755	0.27606304440006585	active
13.986098259847324	0.019922732790698117	-0.4545418613984069	0.3269197904185625	11.0	471.9230000000001	0.9705882352941176	3.2524780798998525	1.477435151194721	1433.3474078324766	-4.099999999999998	86427293.40261497	4.648768654396578	34.22890732950011	107.65976467971133	25.885028089399803	63.910000000000004	5.0	5.0	5.519200000000005	0.21422086398505075	0.8926614420654706	0.00013225131642914992	8.923917152954713	0.6386474548918332	1.055721133130388	6842.393120716031	4.870023669112299	0.18827951017186156	active
13.545206163885819	0.04084115609819072	-0.13807518686486908	0.2927344761672539	11.0	488.37800000000016	0.8823529411764706	3.2524780798998525	1.477435151194721	1431.3474078324766	-3.739999999999998	86427293.40261497	4.7832270608636005	45.82984721973263	106.86517715240676	25.885028089399803	63.910000000000004	5.0	5.0	6.033500000000005	0.20876937703716658	0.883650915051299	0.00011417883706845148	9.133037546416032	0.6146512280601154	1.0461990844261546	7067.896733198848	4.951778561636693	0.18266468854474127	active
5.154818121693122	0.9142129629629633	0.9142129629629633	0.5509158141740411	10.23076923076923	226.351	1.3076923076923077	2.494104956937373	2.5982775174064674	457.7414202573002	-0.65	1536.3686534734218	1.673482411276347	32.89873251777682	27.977790672827755	9.967957041894417	25.78	5.0	2.0	3.3045100000000014	0.4973114427599409	0.9772111230506746	0.0019963518671395394	4.2490979441673495	0.7960460100734104	0.28095599485981043	1495.3789584323952	2.8867975812608475	0.05188996355714054	active
11.31173469387755	0.4259259259259258	-0.4492384731670447	0.6480849496389218	14.538461538461538	237.052	1.0769230769230769	2.1153808896963455	2.655061525356702	432.55092815595975	-1.22	1078.8442537451363	1.3533346101056525	33.57245389751311	39.874743811445114	11.566489892729878	34.14	2.0	2.0	2.2276999999999996	0.6793542879343599	0.9925680974423585	0.0033899684064064954	4.3303131006262	0.8783095240633544	1.0630370459766928e-05	1870.0057578685016	2.9969249265105886	6.174975324782208e-11	active
11.345150419365787	0.1759619341563785	-0.1759619341563785	0.7649198651947398	10.055555555555555	240.30200000000002	0.9444444444444444	2.4073226552191507	2.085441900172752	500.379986615165	-2.0899999999999994	15984.622430655161	3.2014905114022945	5.969305287951849	60.160755107851486	12.576187252464766	26.3	2.0	2.0	3.459200000000002	0.7232481165376292	0.9946373584425331	0.0026475735615584715	3.265650489567553	0.9635638719079332	0.7179139615179041	3390.7176069490392	3.890279736575757	0.13349018985652517	active
12.89355185343957	0.39485993008314413	-1.2574113010039236	0.7749701955614847	10.333333333333334	256.257	1.3888888888888888	2.329847666221643	2.595469443421668	521.0001021349638	-1.9199999999999997	8753.237681994713	3.8296852178292626	6.031114512338072	32.8521490740581	17.142970566042003	82.27000000000001	4.0	1.0	0.4427999999999999	0.656568462080025	0.9913043939347658	0.0018361138487708992	3.7855301302405557	0.9136338372940571	0.648247246796794	3454.824499920676	3.8845823348532758	0.11833272044907961	active
13.252992724867726	0.17044533940119244	-4.391525934549924	0.6460053375585231	17.333333333333332	414.4510000000002	1.0	2.7577268830043957	1.7743458803143524	1012.3722189646649	-2.6399999999999997	6594717.7589413915	3.9969904927680098	10.902924932081056	71.41813459439695	47.50758001221104	42.43	4.0	4.0	4.054100000000003	0.195554229367561	0.8951768807008894	0.00023955850439487102	6.676906014758737	0.7253349294090717	1.3083382835144537	4927.3359787648915	4.218127573425887	0.36667121013998283	active
10.881481481481481	0.025679012345678487	-0.025679012345678487	0.4711758525933405	9.3	154.596	1.3	2.048167390601267	2.8526279288191434	217.9590174505521	-0.8200000000000001	237.587417309747	1.5785944584266869	17.384184836597456	35.89528683400505	11.663248391335278	17.07	1.0	1.0	2.1081	0.48625281554894867	0.9763262102933338	0.004344076533778696	2.3463470750105806	0.8597349614185588	0.20812744952209383	786.6263674465343	2.4785946709136617	0.08651430192321889	active
4.619205719324767	1.0739813765012178	1.0739813765012178	0.4490644198756372	11.4	332.50000000000006	0.65	3.0747500574237434	1.5677796561680748	740.7970847579146	-1.08	104034.16819293235	2.440304032399045	64.69460897681364	48.53093654769288	9.967957041894417	25.78	6.0	4.0	5.705400000000002	0.5350331718583091	0.9817569790427823	0.0008508563278691523	6.786939289084619	0.886035239936167	0.7504337680994745	4852.574154404679	4.135059640345456	0.10057185734714894	active
12.90974613160691	0.13225001574703965	-0.38594623960695373	0.7452239218242064	10.818181818181818	316.357	1.0	2.7828297805759394	1.9991466389437345	905.05913172985	-2.4699999999999998	126585.36105883833	2.777178286315354	11.532486611566675	85.6268407355362	8.523760756051951	44.0	5.0	3.0	2.556520000000001	0.4654880406119744	0.973509385236962	0.0008719381062624322	5.624189240497252	0.8919746807965818	0.9533102352405561	3990.743171013196	3.8723848161465044	0.21836871790797133	active
11.9021385224774	0.14378504591136876	-1.4406163872441982	0.08486630434811851	26.15625	680.5070000000002	0.78125	2.704439170727159	3.330538062166623	2409.59377265203	-0.6397402597402597	4343307.672674451	8.952119660513176	38.2567361096139	0.0	78.82169712128636	114.43	10.0	1.0	1.6064999999999996	0.37583556546521213	0.9581481420258142	0.00033362882033728853	6.370640677207731	0.9095892005821454	1.3903295884542142	8662.572592913604	3.919873256697412	0.36630600188765566	active
12.119168556311415	0.18532312925170036	-1.8574036281179145	0.615574356254711	19.956521739130434	315.213	0.9130434782608695	2.467837172877658	2.1085344270154884	790.3595551112803	-3.13	126896.18742936917	2.2486268250553363	5.783244946364939	35.392371257240434	16.99373872895395	161.82999999999998	8.0	3.0	-2.268099999999999	0.47637707635317417	0.9748848982926398	0.000841567059330533	8.488835147080861	0.8162573666372301	0.49260454005900167	3554.897921540057	3.753081677783635	0.08999100239876476	active
12.509200627781976	0.04066184807256201	-2.7464429099829233	0.2586315801966103	11.0	704.676	1.0689655172413792	2.6894383554127983	2.3103772365043014	1330.9838483135127	-1.7449350649350643	3415973.990497433	3.4148213446154245	51.87064287802198	67.19678757856546	8.983283525541054	113.63000000000001	6.0	4.0	2.1419999999999995	0.26161792470759027	0.9212480826965157	0.00014340635108471913	12.837945497300687	0.6808323302560255	0.7180606654973274	8309.782643610579	4.2337969492955665	0.23605298316724307	active
10.552328889551216	0.00998713991769562	-1.276630900077177	0.7107378835828181	10.2	306.32399999999996	0.8	2.4564509948053606	1.973886716210255	571.410511446855	-2.0599999999999996	33997.28176810619	3.7166262787746502	33.52640652867714	47.78605840046659	21.906567617798114	106.03999999999999	8.0	2.0	0.0030000000000000027	0.5065631132020814	0.9786811425726173	0.0008114246683470819	8.276683581895668	0.8414023659622433	0.6561347745851592	4248.047665010774	4.106990870192783	0.10885683412250648	active
5.341120559334845	0.9208390022675739	0.9208390022675739	0.5731348904238734	10.0	296.5520000000001	0.75	2.2924875731149372	4.041784405967148	200.8589190857419	0.4799999999999999	2714.3052865680856	5.702690372404801	54.66461100998478	0.0	44.6199132564692	6.48	4.0	0.0	3.6212000000000026	0.5109452759348505	0.9779870952818942	0.0014166094280903786	3.1371255349410063	0.9856112934938799	1.1014161015579407	3286.3272700573043	3.512229097518347	0.24078914184976355	active
12.486635487528345	0.019809145880574697	-0.10296296296296359	0.6956942950633703	24.181818181818183	284.314	0.5454545454545454	2.5754113333866515	1.914329409699709	808.7283602289386	-2.739999999999999	245797.25765842202	1.2566768629224687	11.566489892729878	94.08299178828719	11.566489892729878	34.14	2.0	6.0	3.282000000000002	0.03801262548735647	0.697605178523616	0.0005873207393513173	5.165272203667176	0.8250828657397348	1.3772816847658849	1617.760694068314	2.960362317117665	0.6284458307088766	active
11.908478258587385	0.07530187074829908	-1.32697656840514	0.6511252448279088	25.045454545454547	298.25	1.0	2.749510308440971	1.9681617222066574	799.7084198980605	-2.6	128968.53052773217	1.5248159105422978	0.0	40.95582274893743	17.314460170337313	121.7	6.0	4.0	-1.2075000000000007	0.3386978389875483	0.9507426703959705	0.0008783128788109189	6.256729157140678	0.8269844047690708	0.885378022223518	2511.9440669571245	3.2987535420797185	0.34812531403178393	active
4.796018518518518	0.6412037037037042	0.6412037037037042	0.36933407705557747	19.25	146.26	1.375	2.1159680315697544	2.34993673877678	96.60179219723159	0.10999999999999999	93.1025933890692	1.292572442662808	29.16719667661866	0.0	22.309956628234602	3.24	2.0	1.0	0.914	0.30655101641141475	0.9391471924479613	0.003174599542662179	1.5796794731749944	0.716529202089312	0.5944423548925695	470.7964096817035	2.1510975728696344	0.37870318404258685	active
12.022363000755858	0.3681934996220708	-1.2842370559334844	0.49170020600639636	10.956521739130435	312.1890000000001	0.7391304347826086	2.467837172877658	2.3951104010988047	979.5051144391242	-3.5500000000000003	126896.18742936917	2.1268683683347867	10.969244356107037	34.4887958498188	0.0	168.57	8.0	3.0	-2.0984	0.5217016793966632	0.979988094871178	0.0008963405441356957	10.22202110536859	0.8009438925862808	1.2811950110138115e-05	3595.469754659872	3.791996907963099	5.3592265198172546e-11	active
12.379915154256786	0.18422979797979733	-0.9583944719132445	0.7040108922550186	14.68	401.63700000000017	0.92	2.576257887296062	1.7221302459955798	880.8493169262302	-1.959999999999999	391385.09823801776	3.8353148950950535	46.39738567473262	59.799013802856386	36.98611508385228	85.88999999999999	4.0	3.0	1.2440000000000002	0.4950097111843331	0.9758830133940968	0.0006161041287915078	8.616603133033834	0.9906470714729533	1.010277863140973	7296.954965532504	4.500612060008723	0.31614437068983237	active
12.397362353522166	0.16678259871441647	-0.9459026901906935	0.7685872751314005	14.68	381.21900000000016	1.0	2.576257887296062	1.7221302459955796	878.2075633625215	-2.25	391385.09823801776	3.7208889558948495	34.7964457845001	60.33983198081206	36.98611508385228	85.89000000000001	4.0	3.0	0.8990199999999995	0.5037276737644562	0.9784070891948258	0.000628084701369749	7.167315296566077	0.8680143532131623	0.7608260495518195	5803.930093286535	4.265531707785712	0.18771962131223507	active
13.355271557697153	0.11386017678676397	-0.4460015117157978	0.47532557082457577	11.838709677419354	414.4850000000002	1.0	2.7848810483915845	1.860765541739211	1209.7297196316076	-3.7999999999999994	12931634.136541	4.233884835708214	16.720787709916088	83.68134523447164	23.684636547684867	79.33	6.0	4.0	4.620620000000003	0.1453209279758506	0.8641137603435969	0.0002297886408316264	6.35583938127204	0.7535284267586418	1.5102812830008916	4909.607553804087	4.211658030180708	0.4553914344056099	active
10.91254582388511	0.2258427815570676	-0.45008975812547214	0.4495209813517867	15.307692307692308	183.163	1.3846153846153846	2.430324264921501	2.419819378137984	263.86861405323344	-1.6499999999999997	950.2567875843068	2.1430937196059068	17.78366474665486	12.152040213667762	29.41439122500482	63.68	4.0	1.0	-0.17790000000000017	0.3785459916442343	0.9593907380163482	0.0024412422482495938	2.935943772675959	0.8361095813141423	0.7780760264144615	1015.17858849141	2.6496482171410727	0.2740287919033352	active
11.12324074074074	0.1559111111111109	-0.1559111111111109	0.5248027379463859	10.090909090909092	485.7840000000001	0.9090909090909091	1.9718983443825908	3.4555464838177836	272.11913671997195	1.01	256.3467847697368	2.0248124201865747	67.77261188120417	16.776913881657798	0.0	46.12	2.0	1.0	1.6476	0.25042638235045633	0.8727998592654078	0.00020979412208995858	8.601279338721884	0.5119217217846126	1.589157464546946e-06	2559.3184035154545	3.2080326343436325	1.9185105771899946e-12	active
12.090911753590325	0.08773910426327403	-0.5645984767363739	0.4901700998395578	12.96	378.3710000000002	1.32	3.218986559411766	1.6963870035257251	1010.4060453512484	-2.86	913522.6336685838	2.9611976937556217	28.09975280401372	44.99454362803878	32.786834954883105	123.48000000000002	10.0	4.0	1.4767999999999997	0.27000278903506825	0.9275425025227771	0.0003307178149902328	9.009124203421486	0.7171276503031689	0.563705082971079	4160.942354685547	4.003913165804498	0.10458990195391447	active
13.57819227499693	0.07382726720930166	-0.09499128663811174	0.3216282800842715	11.0	467.96000000000015	0.9705882352941176	3.2524780798998525	1.4774351511947208	1427.1768779457313	-4.0299999999999985	86427293.40261497	4.674782301103835	34.2289073295001	107.40599533036243	25.885028089399803	63.910000000000004	5.0	5.0	5.688520000000005	0.24160673440199504	0.9176356628144466	0.0001784686378896228	8.029215596655208	0.7296401645576477	1.3134192026836014	7505.902234791138	4.835238298490602	0.2841370018856118	active
12.54390447845805	0.07512117346938796	-0.1707038926681781	0.7840161901116731	11.818181818181818	323.4020000000001	1.1363636363636365	2.565066597954981	2.127053896996602	836.0150549844284	-2.409999999999999	138010.8432363698	2.547914635642421	40.80572217750086	48.02802097092827	11.660033336098294	67.89	5.0	3.0	3.901860000000002	0.24019156728204524	0.8747116621367277	0.0002681591072820894	7.2349288008172286	0.5308304495130372	0.3014082721763515	2168.186012264303	3.567570979098242	0.05440621297615898	active
4.854020009238263	0.5541028911564629	0.5541028911564629	0.7676419196227249	9.846153846153847	208.29100000000003	1.1538461538461537	2.5306838840251213	2.1524843861676635	385.2974796036626	-1.2	1629.760421312178	2.1333333333333337	34.784519780470625	30.33183534230805	10.197363616602075	37.81	5.0	2.0	2.1875	0.6026361534578594	0.9873706846599403	0.003346265854294666	3.894160253508375	0.9594744367778	0.6535026382152674	1736.508972146269	3.033363377835137	0.18828880806702664	active
9.92201388888889	0.7256944444444446	-1.770833333333333	0.2738439535871248	11.444444444444445	199.988	1.5555555555555556	1.8592676371396213	4.090340515801205	112.38037532843026	-0.20000000000000012	74.37070548558485	1.8844584889399605	15.929943897949348	10.114318268765572	32.798323044043684	83.60000000000001	4.0	0.0	-0.6611	0.0496232613089312	0.7372428056044248	0.002327520796746047	2.811342155009452	0.8905879974274988	0.6052535837463597	504.3738205611314	1.9061956651498524	0.5146241014131604	active
8.460795776643991	0.20494425547997008	0.20494425547997008	0.5749614240811024	9.0	223.28599999999997	1.0714285714285714	2.1359180465482255	3.155880995267157	393.68189923814816	-1.57	1305.0459264409658	2.222137664778961	35.15949545445228	6.06636706846161	4.9839785209472085	112.50999999999999	7.0	1.0	1.3923600000000003	0.2604539184541162	0.9228983908342996	0.0009857759375599437	5.345259760458109	0.7023972285764343	0.5200982640533539	1299.8028251426094	2.9410925015808713	0.1502299335045336	active
13.14885723733938	0.057759275006298516	-0.5033829393687246	0.5467831356160404	10.857142857142858	391.4560000000001	1.0714285714285714	3.3629756252922434	1.6366989666782181	1119.186905590597	-3.519999999999999	4271530.572123697	3.6264530879647157	39.87193304655383	76.48433214048032	26.8082292978041	94.11000000000001	6.0	4.0	2.825100000000001	0.1962833122933599	0.9000592634968697	0.0003737127954764893	6.821471067750115	0.8536549867017856	1.3291151925639615	4474.782687568971	3.915175928524661	0.4826293399502742	active
13.455495725553597	0.036770633938083996	-2.9542622099803815	0.44687620867262495	15.45945945945946	551.3770000000002	1.0810810810810811	2.8995132841346902	1.591295174099809	1279.8014490242936	-3.629999999999999	175741924.1445091	6.204244355213314	46.39101178853517	76.53334181009869	61.09566038511001	84.0	6.0	4.0	4.968100000000004	0.46250055960948105	0.9732133392867688	0.00023379607617244548	10.26271382582428	0.8413323286722614	0.9475119164247918	13168.964491711085	5.422099951777651	0.13540254250656011	active
12.905093571685384	0.042388142661411	-4.407307614990695	0.8197041783167737	18.48148148148148	380.3420000000002	0.9629629629629629	3.097611874332521	1.758413030834995	816.9398550998941	-2.4500000000000006	1890633.602722603	3.544192758609795	0.0	53.08855688586065	37.996128777801296	53.99000000000001	5.0	4.0	2.9293000000000013	0.23309004712652143	0.9147036621769333	0.00032445642605974487	6.860217778231248	0.7391114806171774	0.9303693182266368	4166.271231029338	3.9852147210470923	0.2564259831931498	active
12.29065381708239	0.014920687410766575	-0.014920687410766575	0.49203915114511826	11.166666666666666	348.44800000000004	0.5	2.6203958292497194	1.7656677835002488	958.8233342877128	-2.2999999999999994	494966.5681869795	2.679992141576119	43.13269281063263	72.79640482153933	0.0	46.12	4.0	4.0	4.939600000000003	0.17802844928051198	0.8853002012612651	0.0004650597535037504	6.9034835806933	0.7310973287101588	1.0294127960309254	2471.553707334496	3.263932780955544	0.3367409057092389	active
11.397787863264158	0.1011221865289329	-1.0536699351198042	0.5560148004649582	10.875	407.2210000000001	0.9583333333333334	2.5291798671794172	2.0093568660667103	776.1004485989677	-2.45	166076.06679846926	4.300724410682122	39.212339549568114	45.941110879906724	4.988502101738191	127.33	6.0	2.0	-0.05250000000000021	0.6314092787690027	0.9896299574079734	0.0006636329165414709	9.142652218574899	0.936762897408623	0.9233885563332335	9205.661840093406	5.010214826398946	0.20988421939062818	active
12.255851993575208	0.33273337112622814	-0.39910454459561584	0.7264647655468736	20.35	265.31199999999995	1.1	2.4631265003213434	2.0538502232888645	708.3764589458864	-2.0	59831.80581930575	1.44	0.0	47.02218981739904	18.492338119440245	49.36	3.0	4.0	1.5858999999999999	0.3417992053007214	0.9482837814522719	0.0009015516963287094	4.013888888888889	0.7134317489394449	0.4520714433185738	1778.5854739935505	3.0889240278386816	0.11021757454349906	active
13.967110852477916	0.16588444180345308	-0.9509325921726719	0.27892088788174935	15.394736842105264	507.63400000000036	0.8947368421052632	3.5223558362317995	1.5290188248398597	1315.6593066158962	-4.189999999999999	791267425.3896759	5.6959347245289695	17.501745733386574	119.97022392283162	16.79833797965022	75.44	4.0	5.0	6.987800000000007	0.1287461858836983	0.8542174354575567	0.00017483667603730873	7.258860374737332	0.8339077962229257	1.5904318405822053	7650.157982627687	4.611824836683696	0.425977846020741	active
12.495399659863946	0.11255385487528358	-0.12702160493827153	0.7486348621452906	12.285714285714286	332.83700000000005	1.2380952380952381	2.5003156231380763	2.1083047088971822	757.579104086494	-1.609999999999999	78719.9370788792	2.7492409445069685	52.40666206773338	47.487202792972596	11.660033336098294	44.1	4.0	3.0	4.683580000000002	0.3110729248639707	0.9404911323470906	0.0005312160662462208	7.100351803650277	0.7174390555129381	0.5551813965799208	2851.3606623237333	3.504669562067423	0.11089322291585145	active
13.472856390643189	0.05442888285556036	-0.12522560258671334	0.36891495448126593	10.93939393939394	454.92100000000016	0.9090909090909091	3.2589220855950045	1.4633838269824682	1401.6555751548603	-4.099999999999999	62436775.73973072	4.583550441931717	34.22890732950011	102.10349684496836	30.86900661034701	76.80000000000001	6.0	5.0	4.775100000000005	0.21721604208619286	0.8984250514394844	0.00014803774820541918	8.351635537438607	0.6605776585462867	1.0753121074189615	6712.5148351814105	4.8425798757887275	0.19582884482604568	active
12.641181185437137	0.2124673511379862	0.2124673511379862	0.5458796961954645	11.36	331.45900000000006	0.88	2.6468299376007836	1.6569979341435304	838.8504218676703	-2.449999999999999	578522.9131212785	4.54926953981008	16.55569337529453	83.92330780493333	23.269751912275954	20.310000000000002	2.0	3.0	5.323200000000005	0.7166764256395195	0.9943511815975903	0.0013685813549039255	4.265341198943875	0.9604092296694494	0.9068348975262801	6349.834512593694	4.539897283550409	0.1766061569349508	active
14.326106693086414	0.023229721269135473	-2.260281980867525	0.08161708098879662	26.444444444444443	747.7340000000003	1.0740740740740742	3.4565743929665005	1.29042876534623	1931.4007204366894	-5.040000000000001	626225170651.6927	7.009486719468301	34.9997140835551	69.15764176634495	105.62149305559419	275.57	15.0	6.0	-0.09009999999999796	0.04778303630586818	0.729781078712529	7.07506370352453e-05	13.031893672551037	0.8265920065534808	2.1392696743144115	14125.32986858076	5.35581548005066	0.6311881477739657	active
12.358159891188391	0.15265172771485847	-0.9361200723078424	0.7230430312406163	14.75	411.64300000000014	1.0833333333333333	2.5583121838100777	1.6987736173065358	858.523281962467	-2.059999999999999	266964.99300494924	3.5417586817531923	39.12544979221693	60.292833759667765	36.98611508385228	85.88999999999999	4.0	3.0	0.6997000000000005	0.378778123391385	0.9594393673292496	0.0004751475033178646	7.447899922241022	0.8462814057845582	0.9802827684936144	5346.663735109242	4.041238946160153	0.34768975219778775	active
12.346911039030449	0.1639005798728015	-0.944173984207908	0.7725355036252199	14.75	367.1920000000001	0.9583333333333334	2.5583121838100777	1.6987736173065358	856.523281962467	-2.249999999999999	266964.99300494924	3.467237289722543	34.7964457845001	60.84274755757667	36.98611508385228	85.88999999999999	4.0	3.0	0.5906000000000003	0.42808668938995165	0.967947205446038	0.0006063441950814255	7.327289843024109	0.892037662800838	0.9899894210002328	5225.254964335052	4.1345764349755	0.32526928934382743	active
12.635222782218182	0.26133566389518803	-1.354619569237925	0.5763227383596949	12.4	358.44300000000004	1.2	3.057036135715646	1.7194268487317208	845.8837232825953	-2.2499999999999996	698309.5933731179	4.2365016697356515	21.83297047813683	47.78605840046658	34.500417004362255	75.41	5.0	3.0	2.618520000000001	0.3455487014969072	0.9520787974789168	0.0004564993167712451	5.374200243438095	0.7988252759959539	0.9559189803605457	4570.365559541973	4.098428508887156	0.1989676005983068	active
11.902314814814815	0.2540046296296292	-1.6882511337868475	0.32331231143346845	29.8125	300.59399999999994	1.125	2.427765300552248	2.1798575285120654	340.2558236666764	0.09999999999999981	3867.430123779731	2.348289515823799	58.56510209578176	12.152040213667762	19.244143369349796	37.38	3.0	2.0	2.9135000000000018	0.41383401912029677	0.9639477602915265	0.0015185341838760285	5.826829732861384	0.96904490508677	0.9468244937445345	2323.9786898965476	2.9860081532722504	0.43408394398043076	active
5.733149880322499	0.7252343159486018	0.7252343159486018	0.44144726269288276	11.0	209.25199999999998	0.6875	2.259899090012346	2.4397721399992816	632.1378427386805	-2.29	6454.27180107526	1.3358058857067674	33.180622413529235	42.46456947923127	4.9839785209472085	64.93	3.0	3.0	2.5524000000000004	0.6372490934314435	0.9900563966774725	0.002980434242658366	3.1044221957178073	0.861110160164019	0.09519776558675398	1768.6149633008886	3.134337677867126	0.01488744001690632	active
11.464448223733939	0.2033333333333336	-3.44224537037037	0.6947014224634946	11.428571428571429	207.25400000000002	1.2857142857142858	2.155210315042901	3.1269580555875662	477.84843788259906	-1.6	1215.5386176841962	2.441662238282496	9.837253136417502	41.312991963031976	8.417796984328938	57.93	3.0	1.0	1.806	0.4773694777826338	0.9747219425957409	0.0023047857342914733	3.518875010917985	0.9283782279606193	0.7835324508569776	1673.7651186442224	3.059280098078584	0.2500263003196175	active
9.573829979625033	0.020557184084742053	-0.10197982091179214	0.3638589512310325	12.28125	431.54400000000015	1.03125	3.26172345565705	1.5845607148575576	1152.4151325522164	-3.5199999999999996	26256195.379560474	4.6999502743484225	22.930079997205514	60.55218461730588	42.258263920081774	100.77999999999999	8.0	4.0	4.2641000000000036	0.34931609399678815	0.9531928437792541	0.00031856562966478714	5.879628369866464	0.8506482576900241	1.3351610184596516	7512.291399163066	4.69360803542106	0.27856977234614777	active
11.714129346182917	0.009141589506173053	-3.487738567649281	0.7571618838863213	12.588235294117647	249.33499999999998	1.1764705882352942	2.253905002587605	3.130031364446087	554.922405137214	-1.6	3975.888424564535	3.431930063860128	9.837253136417502	41.312991963031976	8.417796984328938	57.93	3.0	1.0	2.7950800000000013	0.3613477251098791	0.9558313932835775	0.0011384859403292893	3.455401662049862	0.8536191897996437	0.9410282812978362	2177.600017802917	3.3145185079788066	0.3554463688146619	active
4.616097174981103	0.6812613378684806	0.6812613378684806	0.8399410248536084	17.647058823529413	264.4189999999999	1.1764705882352942	2.8018358984092546	1.6372019750951292	455.88004875061125	-0.5800000000000001	17875.713031851046	2.8130473602342914	33.501329478401296	24.26546827384644	11.02581935009517	24.92	4.0	3.0	4.2257000000000025	0.4373605911550769	0.9691869975701896	0.0014101722449193614	3.2954912907208733	0.91106590329842	0.900188031369369	2389.554473832393	3.271046964087494	0.24659141554749556	active
12.20150604686319	0.03530092592592626	-3.7404629629629613	0.6458964542905704	11.222222222222221	357.14300000000003	1.1111111111111112	2.39138090205142	2.4023311594454584	630.6870724696684	-1.4097402597402597	12358.656501801739	2.5371310141535925	21.65901670907764	42.725522485534206	18.385754026223353	89.18	5.0	2.0	0.7159000000000003	0.185091348595734	0.8939376086837055	0.0006105230568246248	5.703149126808969	0.8048672263076556	0.7699972585935002	2367.461230395621	3.0459971704487536	0.19149700981008344	active
5.048148148148148	0.7950925925925928	0.7950925925925928	0.5537426119928397	9.090909090909092	208.377	0.9090909090909091	1.8665184752596773	3.8624101150224392	147.2103308093761	0.12999999999999995	169.85318124863062	4.550602853533002	44.83870000660245	0.0	46.631575563527655	6.48	3.0	0.0	1.4126	0.29554608785545283	0.9390819799778265	0.0019904358862434285	2.332121792333803	0.8663143814759674	0.8533252922230499	1097.0637882396786	2.591404294267913	0.4205119817742512	active
11.407341864343543	0.14384698812840147	-1.1412189625393439	0.40462746733382715	13.047619047619047	560.6540000000005	0.7142857142857143	3.591101163977712	1.941650819057238	1916.7803639942722	-4.9799999999999995	2111073571.5470035	5.11457534073436	62.373851673479685	88.52887769405913	31.874524659692533	137.62	6.0	5.0	4.834640000000004	0.22492348164655726	0.908726815557271	0.00013753813748789508	9.00824468572337	0.7103679714205426	0.8726655560071374	8790.227520774923	4.845707183212195	0.1452253722558539	active
13.16042389280815	0.17026082346518812	-0.591133471907282	0.610260461709596	16.258064516129032	476.38900000000024	1.1612903225806452	3.3260932198188153	1.5614800391821075	1064.8967549675704	-2.6799999999999997	16685426.463458363	4.977437471837489	52.04041139178634	74.9187706436456	52.35833627833359	78.42999999999999	6.0	4.0	3.492300000000002	0.2602304329527906	0.923179950540744	0.00019277683464138934	8.34782573090251	0.7066757585023491	1.0628803449278734	6739.664685530677	4.575038478303339	0.22334515901918917	active
12.621229765054169	0.21818468127991952	-1.4238408604182415	0.697797898745364	12.333333333333334	345.4040000000001	1.1666666666666667	3.0065977799893377	1.900572833941512	923.0716771823301	-2.4800000000000004	353332.36450656696	2.9648922445555446	21.963446981288296	35.150408686778746	33.38042913756116	88.30000000000001	6.0	3.0	1.92384	0.25991414325566187	0.9273882691901473	0.0004922421420267935	5.518970929739644	0.791289935946022	1.043868957235877	3400.2002286773372	3.6700656086862065	0.28534678561254967	active
4.590130385487528	0.7802834467120182	0.7802834467120182	0.7013101010787974	11.736842105263158	267.357	0.9473684210526315	2.932856115386359	2.228607980845603	666.8420707065351	-2.1999999999999993	48943.50285356756	2.347735713616929	11.532486611566675	65.46507333807817	15.988311611884996	30.18	4.0	3.0	3.1313000000000013	0.18626153569421397	0.8810007269326373	0.0005579663467038507	4.147335943989558	0.6663229372672578	0.9196629180269373	1681.879532722391	3.177928492322682	0.3271322133174843	active
12.623411281179138	0.045872727177290074	-0.17476662887377148	0.6178483155079704	12.08695652173913	340.429	1.173913043478261	2.5640252577635865	2.1268344384683293	842.7272785689537	-2.2299999999999995	195183.85872199526	2.9800235768616132	46.5889671238658	48.02802097092827	17.443278282463233	61.17	5.0	3.0	4.232780000000002	0.21043406317055122	0.8749122796386677	0.0002822198256456729	6.7149139830013205	0.5829430521585556	0.4598769307506303	2486.3766929981794	3.5986196348556474	0.08158367268158345	active
12.585354098429494	0.02988630637440104	-1.3880781788023848	0.3700966516695975	17.09090909090909	450.31100000000026	0.7575757575757576	2.7458148502738218	1.7472605732203803	1221.4274042533714	-4.67	17548920.071957238	3.8680562614814904	5.969305287951849	53.08855688586065	12.073271675700152	220.01000000000002	11.0	4.0	-2.822799999999998	0.13304977886663732	0.8237519096051588	0.0001429083794655241	12.387824024310476	0.6382204245123485	1.200307630131091	5027.344108600338	4.391711505804672	0.3393640862332612	active
12.178543083900227	0.42685185185185204	-1.3144444444444454	0.6636690510675125	12.705882352941176	245.267	1.0588235294117647	2.857737939078466	2.062729036327946	681.238822245735	-2.15	17466.494283647582	1.8022528721252682	16.446746263672036	42.46456947923127	29.46313348104573	73.04	6.0	3.0	0.6859999999999999	0.47014422204404954	0.9726129360087344	0.0018678291343816485	5.007826035362524	0.9852344806048886	0.793008476277134	2235.87944434596	3.2030803385625473	0.23488965626188582	active
11.744530029604434	0.20555555555555527	-0.3819864890400593	0.7826772179049588	23.6	265.312	0.95	2.477304200927285	1.9180016363358487	680.6853761249685	-1.9999999999999996	66044.92999672142	1.6296966953372567	0.0	58.65200837755764	6.041840829147961	58.15	3.0	4.0	1.3836999999999997	0.29837038875506516	0.9382412889228813	0.0008536193329770277	4.013888888888889	0.7441481879491098	0.7521310162005883	1875.0013398425135	3.150389578621478	0.22437032868229384	active
13.424717218307588	0.038593369446544123	0.038593369446544123	0.46063927822556927	14.193548387096774	411.50900000000007	0.967741935483871	3.484519824710764	1.41144576812073	1163.4840866102375	-3.5399999999999987	30224836.464175556	4.190999735368746	22.627967439267593	73.05735782784227	32.42978449531238	63.910000000000004	5.0	5.0	4.716700000000004	0.34707591219149264	0.9520800692538948	0.00029882665518928615	6.0311268790634704	0.7801954551633111	1.0559754714507932	6660.097606116572	4.651528540469264	0.18459599477646063	active
12.735234788359788	0.05034674981103526	-0.5379779226505412	0.7464176000902987	20.0	374.65500000000014	0.9130434782608695	2.7375880476822028	1.907265297246934	711.9186945863747	-1.2699999999999996	169073.43782485285	2.9406134437039837	52.30456540408412	38.97369349803691	54.840876526731456	43.86	4.0	3.0	2.564400000000001	0.4565014778019741	0.9722616801369203	0.0006381014306125226	6.5597112105914706	0.8910864867664701	0.9981501092061417	5320.196250377762	4.114819469244459	0.30417946876676505	active
11.339058484504914	0.03171012849584254	-0.03171012849584254	0.5145232399883986	10.0	182.22199999999998	1.0714285714285714	2.2711747832197764	2.617310666084741	497.3166518186401	-1.8899999999999997	2243.920685821139	1.4434225598455577	16.55569337529453	60.68297676136064	5.783244946364939	17.07	1.0	2.0	3.2085000000000017	0.5122690480270604	0.9789028643418642	0.002654099839497121	2.7988032533435088	0.7956738338369005	7.940708364113001e-06	1167.424788212465	2.837569534151314	4.000947103041421e-11	active
12.895658733802673	0.018604115824985	-5.1707717941263205	0.3222759388395738	18.818181818181817	484.5510000000002	1.2424242424242424	3.1447241649999644	2.0775073749584414	922.6972704062063	-2.7	12109049.711955544	8.630917082001035	28.025726388674983	35.89528683400505	60.04911021827902	173.96	8.0	2.0	0.20210000000000206	0.12735177596926284	0.8489756641895386	0.00018156905760165359	6.922403657566219	0.760437833126376	1.1922046222734968	6026.935269338473	4.326554744763998	0.28952599041572263	active
13.161128275384229	0.011694486436549356	-0.011694486436549356	0.47591352595048303	10.655172413793103	401.87700000000007	0.9655172413793104	3.278303995299119	1.6230879233088715	1079.5929268733012	-3.439999999999999	7286804.309295182	4.701979547655432	23.195505894267583	101.60058126820374	15.989840058599752	60.190000000000005	3.0	4.0	4.530100000000004	0.2149159927325911	0.8978655070844167	0.00019275890665392364	7.111998086938039	0.6646368432537428	1.1240057511770254	5205.176197112681	4.528771004154033	0.2663096149489473	active
12.728654099661494	0.08275648630536825	-0.26256205001872535	0.6566926898199121	15.222222222222221	379.4610000000001	1.0740740740740742	3.176667996277042	1.62041580621604	1019.4386686776872	-2.6999999999999993	2266450.9619677886	3.335019197460951	34.30257455934539	52.905168164629565	55.219857320509504	63.68000000000001	5.0	4.0	2.8420000000000014	0.6548433014138851	0.9912112909134784	0.0007788892038590637	6.153980752814075	0.9014684122412338	0.6473084322412875	7886.859880545158	4.842032800871484	0.07529649587095187	active
11.399458459309649	0.12404861636012421	-0.12404861636012421	0.7277102135895224	15.705882352941176	252.31499999999994	1.411764705882353	2.3933515132543604	2.178228351999298	416.2118100829604	-1.3300000000000003	9314.924089585971	2.6751506919900505	17.206375544784887	23.762552697081826	43.301486114717186	44.760000000000005	4.0	2.0	0.7765	0.31296468666134697	0.9431081704748837	0.0012267421350842923	3.5851032866779518	0.9089396865434973	0.8373308577658575	2025.5520664947273	3.146152845858595	0.318547774980908	active
10.893846371882086	0.31828703703703676	-0.8899999999999999	0.5000707895810634	8.538461538461538	189.171	1.1538461538461537	2.1146281735022376	4.351205679620966	227.9192538639593	-1.79	543.459440590075	3.4081908053570626	18.031534312627993	0.0	37.19009600294772	87.74000000000001	4.0	0.0	-0.5547000000000002	0.2352413210234045	0.9097384733052521	0.0012809582808045016	2.5976208392712383	0.6770619821230774	0.5401325120001014	861.9529986492529	2.653331063302963	0.13656312964474834	active
13.256486433195187	0.17061140505584915	-0.5986375923826328	0.5461975567107992	15.909090909090908	505.42700000000013	1.1818181818181819	3.370134489647198	1.5660299500198849	1142.495004771924	-2.8099999999999987	40515086.177775174	5.404503462717947	52.04041139178634	74.65781763734267	54.48415529866391	74.77	6.0	4.0	4.105900000000003	0.10854166254874424	0.8032997147028624	0.00012951944084823604	8.445211197634777	0.6692560624992248	1.3949213353668113	5806.483752841147	4.408939496155319	0.4242195057066854	active
13.544104448363708	0.06188969723691917	-0.5494668052406155	0.5320502757413267	16.15625	489.4280000000002	1.15625	3.3286066394601193	1.6015988375264683	1094.640548862967	-2.6099999999999994	24521725.283063676	4.9005050540498	52.04041139178634	80.72418470580428	59.321939470914046	56.75000000000001	5.0	4.0	4.439500000000004	0.24945936171704322	0.9215113063351926	0.0002538174462407587	8.007413455645274	0.7410413355352091	1.0402184334486697	5571.066913238429	4.044049514796412	0.28248401785059457	active
12.402502204585538	0.07271678424456218	-3.9059441531242123	0.7179180276389246	12.782608695652174	350.8470000000001	1.0869565217391304	2.5440336658780778	2.2274877677888107	758.1853059890764	-1.6899999999999995	127568.02414179033	4.891433053352568	27.40747599000504	70.44630146400058	26.122886204812175	65.31	3.0	2.0	3.4766200000000023	0.25017028263699503	0.9188551642599648	0.0003996425132446548	5.688492749612837	0.7019585730313801	0.8903528769412168	3124.6382371407703	3.6468947312458053	0.23823656555842337	active
13.364253625463043	0.04866743302259158	-0.04866743302259158	0.39243876106279424	10.96774193548387	425.5170000000001	0.967741935483871	3.484519824710764	1.4420831161564165	1297.1002881147676	-3.839999999999998	30224836.464175556	4.082222255491286	33.96475331720233	95.31682542578125	25.885028089399803	63.910000000000004	6.0	5.0	4.788200000000004	0.397484278722575	0.9629214130314879	0.0003610343885123052	7.387375746892244	0.8251042219740975	0.8556042639635797	6989.6592536420985	4.566467456405146	0.15863935581766703	active
12.997757714660187	0.1896773431594858	-4.565505388443162	0.7460193644944909	15.11111111111111	400.7440000000001	1.037037037037037	2.596808138631351	1.7292104465816167	949.6013961304768	-2.7499999999999987	828901.1578511272	4.1578488156233755	23.195505894267583	61.38356573553234	36.98611508385228	85.88999999999999	4.0	3.0	0.9560000000000005	0.35856739684237526	0.9551120359129536	0.0004554738143220483	8.959727028066128	0.8694840371403983	1.0476478046887086	5602.85049034718	4.1727968378104725	0.3146179528807831	active
12.960068456729505	0.19591021825396826	-4.670448961431417	0.7130128321501354	15.035714285714286	435.1890000000001	0.9642857142857143	2.582285157043474	1.743071191565407	975.5152593478596	-2.4599999999999986	1153103.943166821	4.172127271857042	34.7964457845001	60.33983198081206	36.98611508385228	85.88999999999999	4.0	3.0	1.6094000000000004	0.36664111143099176	0.9553102062006836	0.0004383133851421644	10.354916211302585	0.9433959997466822	1.154197750582572	6868.965237620779	4.327846518351568	0.3419903427269929	active
5.44511213936941	0.3252767311170017	0.3252767311170017	0.5467988229515709	17.1875	436.5440000000002	1.09375	3.331518784886391	1.3462403511427412	1047.3612188324357	-3.1400000000000006	31319075.05371138	4.849524451208654	23.40192761449158	35.347204613956194	58.34990944449886	109.34	9.0	5.0	2.9251000000000014	0.15273213133775504	0.8721979705629395	0.0002576789417238298	5.669043605934494	0.8827444650510193	1.7225351287972956	6182.24650766585	4.361888976589447	0.5434820807093754	active
13.33882152669761	0.0853881120349369	-0.0853881120349369	0.407024737963622	10.96774193548387	426.5050000000001	1.0	3.484519824710764	1.4420831161564165	1299.1973286128741	-3.909999999999999	30224836.464175556	4.0570226172478945	33.96475331720233	89.64188786677401	30.86900661034701	76.80000000000001	7.0	5.0	4.183200000000003	0.5325436559093167	0.9815134321501562	0.0005492991127823402	7.651931948590025	0.8816370284711668	0.8901664118742414	7393.398104390418	4.514429737218288	0.15480194261740068	active
14.58767417375455	0.08120868571130035	-1.9769646044075417	0.07807518101884203	30.06451612903226	858.7140000000004	0.532258064516129	3.238669051742332	1.3782406107752971	2327.140800065845	-6.039999999999999	36328810369058.22	6.730030468158629	23.505100468633575	116.29818560158608	138.9828681170419	359.28	20.0	8.0	-5.028999999999988	0.545346577486021	0.9818680969127639	0.0001664055237189488	17.979844868150177	0.984073821299455	1.4333720028366168	30699.305534408428	6.283547428170038	0.20756874247204618	active
13.216089747627446	0.027893019862265556	-3.4954143309058527	0.4363440630432078	11.5	440.5300000000002	1.1333333333333333	3.3587707478002584	1.611924735262938	1265.5352643804822	-3.239999999999999	8322751.776306225	4.6614028143793425	49.67543074529347	75.6429755132354	35.57461573629294	99.26000000000002	7.0	4.0	3.6910000000000025	0.24409110269700196	0.9180942155736297	0.0002747119954842988	7.784831022785622	0.7220668323735047	0.9506947830723015	4788.339274729418	3.993079701463443	0.23931977992415362	active
9.374814814814815	0.37918209876543174	-1.2696759259259263	0.40619749005324385	46.46153846153846	392.18300000000005	1.1538461538461537	2.1506064729462735	2.659390479692273	151.1036009089937	0.8902597402597403	791.4231820442286	2.467625715150375	9.227097544247684	0.0	56.884855466438026	90.15	6.0	1.0	-2.0187000000000004	0.5268716451456612	0.9800798025659242	0.002001268121224458	3.7254166101756483	0.9720662959586271	0.9536877593456965	2377.378478897428	2.601589556209697	0.626558823623912	active
9.917685185185185	1.4367283950617284	-1.5763580246913576	0.45600714707583334	15.8	180.206	1.0	1.8406191515407482	4.069511908932012	139.33658100079688	-0.3600000000000001	106.7559107893634	2.4861284113319395	37.19618887192968	0.0	22.438486635868045	80.25999999999999	6.0	0.0	-2.9170000000000003	0.09372612711054935	0.8147704104461521	0.0022522546167263006	4.5041243390482295	0.8952507467181192	0.8311130982246075	613.7703024383734	2.169809444206015	0.6751728921607666	active
13.249257863896588	0.14641119343530296	-0.5786883897077357	0.48979940055833193	16.15625	554.2970000000003	1.15625	3.2377776602670583	1.5572478595841037	1128.1284242354368	-2.1299999999999994	22535385.80433116	5.256686407358569	67.97035528973569	79.13053715317508	47.37435775738638	65.54	5.0	4.0	4.8598000000000035	0.2626204795212836	0.9271928466015655	0.00017036074723771774	9.253292580638174	0.7563179110464893	1.190639629392344	8963.747644210796	4.772963572607623	0.33563199300017926	active
12.427183484504912	0.07245370370370363	-0.07245370370370363	0.7851627421857064	12.25	298.39200000000005	1.1	2.4976762711486016	2.0804451143924987	663.5148558151776	-1.899999999999999	55748.13437203679	2.28292174799908	40.80572217750086	48.53093654769288	11.660033336098294	44.1	4.0	3.0	4.030180000000002	0.23482386439296954	0.9153233255623364	0.0006389200418969438	5.841680555402259	0.7372701358109025	0.6529119814319143	2112.5345870287524	3.2054268410566715	0.15641503326841874	active
12.799141891324432	0.018559933232552783	-1.778814729297835	0.47873049159381986	11.777777777777779	401.4690000000001	1.2592592592592593	3.2066791976021367	1.9887790134931782	1034.8458192773264	-2.9099999999999997	1548252.0568654612	3.7850217333210336	39.418307199557674	75.28269707346983	27.07103977395804	93.41	6.0	3.0	3.8030200000000036	0.221044325871075	0.911901458524791	0.0004411888726519245	7.606981907181174	0.862975810501108	1.3074227391993927	4112.970390447577	3.673448643172434	0.4637113302078558	active
5.828705435878055	0.7744009826152685	0.7744009826152685	0.3483395143098433	11.117647058823529	224.287	0.7647058823529411	2.3153309440876466	2.5297215862635367	672.1916027576739	-2.2899999999999996	9983.707030905933	1.4742513853272585	33.18062241352924	42.46456947923127	0.0	55.92	2.0	3.0	1.9818999999999996	0.5601225393124523	0.9839722765618814	0.002149983394003875	2.9317568558974565	0.8250255123578049	0.1635112414625776	1775.398840409525	3.1000972632044728	0.0267227040696414	active
13.714824570291533	0.1219028798515629	-1.6596503990294231	0.5436244283014613	11.515151515151516	462.4080000000002	1.121212121212121	2.7798486645471594	2.2536053110768055	1385.2248982567935	-4.089999999999999	15302533.16738852	5.050303330856173	11.594566004035068	85.49714546799956	29.19884854888894	108.78999999999999	7.0	3.0	0.7282200000000003	0.1888132774087325	0.8556421166863489	0.0001269633139529156	9.04050363023709	0.5779096928829336	1.0061600624973708	5082.464389173618	4.463967559322836	0.21663914637829626	active
11.943859479665758	0.10178961167800482	-0.4568070777693798	0.9154115561060127	17.05	353.201	1.4	2.972204580049013	1.615207022597153	670.3517754211728	-1.6699999999999995	56792.88511557654	2.6121183851851875	45.19357458072704	35.0655078644434	31.828760753078615	76.88	6.0	3.0	2.1839000000000004	0.7666801171663533	0.9962777909563406	0.001599290315832483	6.399344116569054	0.9922411850644528	0.9135033861874524	7141.6131875033325	4.601850668119535	0.23100964999195694	active
11.51602560468632	0.12425925925925929	0.12425925925925929	0.652178018053514	32.9375	217.292	1.375	2.6467770950060294	2.196992915665399	445.558776433165	-1.22	6315.210148684386	1.0159786073120936	5.687386274683562	23.762552697081826	31.705785714251963	29.54	3.0	3.0	1.1293	0.27473859236455783	0.9328624586666285	0.001606132652163937	2.459538237353039	0.823481825498685	0.8062193306201846	1172.0426995206506	2.674273233598395	0.41226928234956506	active
13.36833484166547	0.043042433022591586	-0.043042433022591586	0.39243876106279424	10.96774193548387	425.5170000000001	0.9354838709677419	3.484519824710764	1.4420831161564165	1297.1002881147676	-3.839999999999998	30224836.464175556	4.082222255491286	33.96475331720233	95.4473019289327	25.885028089399803	63.910000000000004	6.0	5.0	4.788200000000003	0.29645691621950254	0.9395056313097172	0.0002758010849417597	7.387375746892244	0.8110516035769717	1.3197798510791634	6963.025849612325	4.661034520274194	0.30407322596642045	active
11.212870370370371	0.08351851851851833	-0.08351851851851833	0.5804588105051868	10.333333333333334	159.168	1.25	2.1225522925661964	2.946471324842402	385.2980911891212	-1.77	768.3639299089631	0.8705575862213408	16.59031120676462	30.462311845459517	4.9839785209472085	61.97	3.0	2.0	0.8906	0.2506516725778625	0.8766938052895847	0.0013058554138301094	2.622440832671096	0.5195653627692569	0.04939536078053969	429.7304515459323	2.2799050690396094	0.005421805463320504	active
5.857655772893348	0.24291289496872137	0.24291289496872137	0.6261112398862771	15.88	342.40700000000015	1.32	3.2320075150856202	1.7000215689284823	864.2722587306914	-2.5199999999999996	1086135.5174896133	2.9595421484607374	16.85126421306755	17.957138634923147	43.979736844909766	119.71000000000001	9.0	4.0	0.9249999999999997	0.20193723400608077	0.9027739956453587	0.0005379308780256939	4.600906847489192	0.8630328450736059	1.319763133978245	3219.1658478379313	3.534172541649162	0.5562178801772598	active
13.614181136446348	0.13706742882338085	-0.5826624044679607	0.46482836590706544	21.08108108108108	577.2930000000002	1.054054054054054	3.60868166543896	1.3080635091151793	1282.3422798980032	-2.83051948051948	416592490.5643714	6.019187265123267	40.703625513851605	106.43948588262029	53.91911416329896	65.54	4.0	5.0	5.1173000000000055	0.18878031910609558	0.8931799318667563	0.00012982033782213504	9.129745452232067	0.7462326555121276	1.439873879301334	9538.572692709025	4.930612631772307	0.3729342692721176	active
12.58922052154195	0.052453703703703836	-0.052453703703703836	0.7938644474597648	12.80952380952381	294.379	1.0476190476190477	2.692071770546488	2.111525347963622	673.2252018546907	-2.249999999999999	96569.99855304361	2.651577025857202	29.043837228109744	59.65783953108687	11.660033336098294	44.1	3.0	3.0	3.6641800000000027	0.12944762096665877	0.8407965950930781	0.00046835357743173423	4.892021634490968	0.7006615355935968	0.9385629371722851	1936.259823719654	3.243981004898779	0.3843488485922367	active
12.62649754346183	0.0852106953892664	-0.5633818342151675	0.7600162623675156	19.40909090909091	361.6120000000001	0.9545454545454546	2.732795634017279	1.9427135404221587	683.9106772656902	-1.2699999999999996	119073.37136540088	2.58447526371035	52.30456540408412	38.97369349803691	43.017545930404474	49.85	4.0	3.0	2.6492000000000013	0.6230300828180587	0.9891000410317774	0.000909959797041616	7.0928502410405985	0.8573197955480554	0.307341452125926	5485.582532461855	4.211274906112901	0.040917218668011075	active
10.273657829406847	0.2257720579421869	-0.9087577043361976	0.2594910028457578	10.875	443.3889999999999	0.7083333333333334	2.5626347744668885	1.774054401930007	427.96981441011656	-0.5800000000000001	200305.78451142987	12.795737303593443	28.560175915019904	33.39910203660883	5.969305287951849	40.129999999999995	2.0	1.0	5.654900000000006	0.6023924414261056	0.9876728633431844	0.0003999724910347587	3.8328786038728437	0.8829194282538464	0.9432492132053134	12451.121309084498	5.694989661600931	0.17458495750349992	active
13.76351883345931	0.032253147616742694	-0.880821050642479	0.5047476812324366	15.5	459.59000000000026	1.0294117647058822	3.3779561085994754	1.7700108426514083	1080.1848351051417	-3.4099999999999997	59297668.4290122	5.381953068783915	17.501745733386574	84.07493708882653	22.84017880879818	75.44	4.0	4.0	5.809100000000005	0.10691384200908234	0.8318573169341409	0.00020151795824604118	6.04020081398158	0.8114215992585091	1.428145348162445	5887.007178477611	4.321841339375999	0.3929631960455892	active
4.894198790627362	0.3761111111111113	0.3761111111111113	0.6083331842770509	10.0	177.21200000000002	1.25	2.53042684663605	2.5900168530532595	416.2263490920798	-1.4899999999999998	1072.9009829736851	1.140980214191933	12.217873443046695	35.10290111289821	14.993869839101091	44.81	4.0	2.0	0.9539899999999998	0.396917363035241	0.9615913091925525	0.0025671843034008107	3.487141764934416	0.7546341844408015	0.24132024733193844	808.1591307538116	2.4761243382993987	0.04268519378294556	active
12.176104217551728	0.05351935836062882	-0.594332078255239	0.7356834551000843	13.347826086956522	313.397	1.173913043478261	2.611744919067013	1.8268830121469706	627.521668685958	-2.1699999999999995	168457.54727982235	4.91056861996548	5.783244946364939	65.72420659954848	30.586167117543717	58.56	4.0	2.0	2.979700000000001	0.2467381734633052	0.9222200360368207	0.0006025685897347371	4.075653182376987	0.8793779074609531	1.2709877242620375	3319.014833186527	3.6939287811512727	0.46578661128552235	active
13.891536718886105	0.11843450047093596	-1.0074768256067863	0.2791741592383555	12.45945945945946	491.5470000000002	0.8108108108108109	3.6762427158730113	1.5639736764905474	1432.2879694114713	-4.909999999999998	515002842.19061273	5.20584383603262	17.501745733386574	132.80266956369692	16.79833797965022	88.58	5.0	5.0	6.200100000000005	0.0993208600720053	0.8193377468192757	0.00016342037607094221	8.311337361713454	0.7732738407195682	1.35595593440813	6382.194792862554	4.438528249981728	0.4304130420062527	active
13.306469907407408	0.042597434807255974	-1.6596990740740738	0.5762715251489836	58.84	348.4390000000001	1.16	2.6780130469663304	1.7731080580096314	685.5739978069821	-0.7500000000000002	496048.3566895734	1.4446147693948281	5.783244946364939	12.152040213667764	45.70475302346718	86.99000000000001	5.0	6.0	1.4048	0.1883715463745066	0.8901684015952789	0.0008063604370215366	4.142977777777777	0.9541093317758134	1.1880500814105177	2477.7254068624557	2.9966382699691256	0.5278078713137033	active
12.689550815696649	0.06555697278911543	-0.06555697278911543	0.558992300381949	12.26086956521739	358.51300000000003	1.2173913043478262	2.575756558850516	2.0702366063451643	785.6482143002183	-1.5499999999999994	219681.1253912428	3.3699098127634532	52.56760712689198	42.46456947923127	17.412886942845084	44.1	5.0	3.0	5.142180000000003	0.2821118062199395	0.9282812988313962	0.00033509398540931747	6.396026834176765	0.6767151870511823	0.6324904103008588	3674.8854901752475	3.9389406501662467	0.08368860839000092	active
11.64716017888637	0.14537037037036993	-0.40131377551020253	0.8279693246158506	18.63157894736842	253.301	1.0	2.6278592436370745	2.1083178885481204	580.802846497346	-1.9999999999999996	34288.30741097655	2.2907231555880205	0.0	59.15492395432226	13.08951281182515	58.15	3.0	3.0	1.1113999999999997	0.2209399070896889	0.9016514122869415	0.000682843961699484	3.764705882352941	0.6686273490143497	0.755159285612009	1513.9003204863625	3.0644006370975188	0.2807236477120505	active
12.585996315192743	0.11684901738473163	-0.11684901738473163	0.7960220505955865	12.090909090909092	328.418	1.2727272727272727	2.565066597954981	2.101434750856039	770.9813900040946	-2.0999999999999996	138010.8432363698	2.652756575567789	40.80572217750086	42.46456947923127	18.769830877375828	53.33	5.0	3.0	4.038780000000002	0.23292278480600243	0.904793075650589	0.00039820482284298286	6.185535280758086	0.6507336321306207	0.49118030059617546	2497.1338454994698	3.4830978808158015	0.0901624017889732	active
11.948155706727135	0.04518518518518477	-0.6502721088435373	0.6450980075832928	10.8	267.216	0.85	2.3753605883995608	2.289397285517239	846.5071386809369	-2.9499999999999997	38062.77806851456	1.9482607084715258	10.969244356107037	52.68789705520363	0.0	99.39	5.0	3.0	0.6807999999999995	0.5772978137512731	0.9854960765486755	0.0013792874748024045	6.47230539970012	0.830301788165243	1.3141551439572583e-05	2945.370196225948	3.6435163943516766	4.9942618620051876e-11	active
12.96429720962459	0.015228647014360996	-0.08629616507096616	0.6217507612165177	12.52	332.3830000000001	1.08	2.882857545105523	1.943164649485893	995.6429793971824	-2.919999999999999	691709.9565150741	2.529527959331882	22.504032656281023	53.59147246262526	42.85198997534216	68.28999999999999	5.0	4.0	2.4933000000000005	0.30360910088026	0.9334131327450036	0.00034104467430690814	5.286751447717922	0.6582166778286539	0.4243591323457059	3540.54296350583	4.039905543125113	0.05091889743758953	active
11.21865861468044	0.09029218631897185	-0.4547250566893426	0.5980812809314172	24.05263157894737	266.257	0.8947368421052632	2.25390403778412	1.907792685909168	404.41112254140677	-1.8	14747.294119221498	3.5816060699092143	23.628718917406022	10.633577208012662	72.19416123781782	102.96000000000001	6.0	2.0	-1.1400999999999992	0.2896209243504087	0.9370465329548331	0.0011519560427916244	4.353582037730025	0.8796329924021153	0.9944330210072289	1923.4781599518851	3.0252868783929507	0.44762033990307815	active
11.83543965734442	0.34173044217687054	-0.34173044217687054	0.8604771353565335	10.333333333333334	261.346	1.3333333333333333	2.6611900580855776	2.4738551879462065	560.6730103519731	-1.8099999999999996	14977.177646905631	2.2410806289279526	22.307173142574452	41.45873832570204	12.576187252464766	52.32	4.0	2.0	3.482420000000001	0.5179605596636393	0.9797587743010644	0.0013220851899450497	3.60512595926582	0.8162513058873804	0.4243453814188436	2517.4670556737383	3.4493632660189713	0.06095032649766399	active
12.473499622071051	0.15776738473167073	-0.4837792894935755	0.7990794713469409	18.571428571428573	301.35100000000006	1.2380952380952381	2.9799503919873134	1.862349944357547	678.7544997432468	-2.1500000000000004	81933.73602769118	2.687278217318938	29.263630682777688	35.65332426354336	27.26166110528726	77.26	5.0	3.0	1.4748399999999997	0.6198350688457457	0.9884589086347768	0.0014656545764616209	5.241679339513756	0.9840666487015619	0.6554845764845523	4361.497703566265	3.9628690409399927	0.13037504323669502	active
12.692952176240865	0.04209023578567295	-0.16977088057445178	0.591946431215491	12.083333333333334	354.456	1.1666666666666667	2.6247108066509552	2.1071515907531406	858.3375323433237	-2.2299999999999995	341023.4256865453	3.052282537185257	46.5889671238658	48.02802097092827	17.443278282463233	61.17	5.0	3.0	4.622880000000002	0.23681684014909726	0.9030468280757665	0.0003118608305373672	6.583206110953038	0.630303719279343	0.4657423525363203	2965.7405818369884	3.6975396485150056	0.08431736281915828	active
12.674716843502015	0.006264871191819399	-1.699794390786819	0.2003852832862076	30.31578947368421	538.5020000000004	1.105263157894737	2.9025430933592338	1.7100105565538066	1049.6930746046644	-3.1999999999999993	176112254.98629406	6.617006607296753	11.938610575903699	47.24686231247503	89.68420063523354	207.32999999999998	13.0	3.0	-1.8981999999999968	0.1268016526847053	0.8411615791604091	0.00015020149401349825	8.909631037326543	0.7146787749455461	1.2934801106762432	6288.162900413952	4.292552459195309	0.3527492963609058	active
13.833761594610397	0.0027641378571463537	-2.053987939804821	0.10069680907008334	16.0	709.5480000000002	0.6346153846153846	3.5003443106614656	1.4733971820540521	2087.049611405082	-7.1	185910954095.46774	7.858143485097151	29.953241258641278	100.6233153183966	36.085153927304	303.51	16.0	5.0	-3.7588999999999944	0.09569932353604992	0.8102461081402963	0.00011435129769513948	17.710100675193047	0.9538329786097348	1.9168387715568644	13574.986716304318	5.04705348932675	0.6478722281731496	active
12.489661359914336	0.008558437263794128	-4.428642518722942	0.6921866327064305	13.12	368.3600000000001	1.24	2.988021819464695	1.7863456398048545	891.3740944072265	-2.42	462333.6281039528	4.162906791083963	21.83297047813683	47.78605840046659	26.960036016015277	66.18	4.0	3.0	3.1443200000000013	0.2292766746422581	0.9071953016363693	0.00031765162377642755	7.44583257827686	0.6788628591577187	0.9002819612359403	3448.501762258187	3.8048577067864398	0.24323721556697717	active
13.133350497606452	0.05169448643654917	-0.05169448643654917	0.4883133194816554	10.655172413793103	402.86500000000007	0.9655172413793104	3.278303995299119	1.6230879233088715	1081.917715778155	-3.509999999999999	7286804.309295182	4.672205242031773	23.195505894267583	95.79516720604505	20.97381857954696	73.08000000000001	4.0	4.0	3.925100000000003	0.25411277216804135	0.9198825430323843	0.00022194223673895443	7.387806841900952	0.6961998368177426	1.0578764288742442	5568.355678348089	4.553108045426061	0.24171431905769347	active
11.05663312547241	0.04032407407407401	-1.4753561980347696	0.42398891834482255	14.375	223.20799999999997	1.4375	2.2285003925825153	2.948160261851516	407.8055448072955	-1.79	2745.5124836616587	2.4142442058702147	5.969305287951849	23.762552697081826	11.508230540335195	124.30000000000001	6.0	1.0	-2.651799999999999	0.4867749372488557	0.9763801627296258	0.002076994858069206	3.9017013311900786	0.8710340845389196	0.6924246171799077	1690.6791019606883	3.0124102729049134	0.2918810735948381	active
13.145182508188462	0.3738130406483575	-1.8573672524565386	0.3569038426756744	25.272727272727273	459.33900000000017	0.8787878787878788	2.7442461388821813	1.947254625601298	1259.4508502448143	-3.7100000000000004	16385092.375392951	3.7416026989783324	10.969244356107037	34.48879584981881	46.02547446485053	224.65999999999997	12.0	4.0	-2.9656999999999987	0.1876436725264646	0.8681819051699188	0.00016652455439439729	10.482059933889424	0.6127467069512899	0.8601204355006559	4543.458816194876	4.12580497097623	0.18892579903978732	active
5.031635802469135	3.0	-3.0	0.6708982130246257	15.2	298.03	1.2	0.7219280948873623	3.0237157840738176	23.11941547876375	1.1883116883116884	3.6096404744368114	37.34967810713577	18.83627552425153	0.0	0.0	52.04	2.0	0.0	0.19530000000000025	0.05857218067656775	0.7532673390884187	0.0034297579026091106	1.9731170922997512	0.8019806780951172	0.6875454457611259	285.1195206264987	1.21123155349652	0.5890695021012312	active
13.540645904195014	0.027301635453691908	-0.8681604308390025	0.6340188440515797	14.67741935483871	417.5090000000001	1.096774193548387	3.388721307029951	1.8013612381605546	1033.8760882883234	-3.4099999999999997	13840974.6357445	4.6836927624516065	17.501745733386574	84.07493708882653	22.84017880879818	75.44	4.0	4.0	4.638800000000003	0.04270055773025156	0.7116920816333898	0.00022478250858315622	5.881582837296936	0.8153232370766245	1.6656418600892315	4209.747236347182	3.9457273447376062	0.6823627763839015	active
12.75486079617032	0.053948832619467924	-3.571283882380112	0.4257674637299635	18.689655172413794	414.39500000000015	0.7241379310344828	2.656890777317234	1.9441514993330422	1076.5433035258095	-3.6599999999999993	2193954.128277479	4.793585621745115	39.14731084581733	91.03268512875655	35.553371241822795	137.49	7.0	3.0	2.967500000000001	0.7551564294984976	0.9959316436530731	0.0010091806969733078	8.784293010467668	0.9661224480144243	0.9539569998532661	10263.915941331252	5.133984039622772	0.17040809328268008	active
11.742638311497437	0.19686191347266413	-1.6778229357756766	0.42063059149991666	12.0	355.27800000000013	0.9230769230769231	2.582012630088	2.0467402262209844	856.2647524998478	-3.68	440411.3123014801	4.9058123190888026	18.014630682737582	53.60112550099753	18.042576963652003	158.67000000000002	8.0	2.0	-2.101399999999998	0.368606300655842	0.9572040777933848	0.0004212706060666897	8.613388429752067	0.8076034105779599	0.9924078729562248	5349.533117898169	4.421409204411771	0.2275697291279865	active
13.067552560407899	0.07962817302847047	-3.4852395881889016	0.5896836741077904	14.75	455.5640000000002	1.15625	3.154406242142406	1.4512595603079386	1229.4469408727928	-3.27	15606298.706749868	4.960135055262494	44.0260311420423	53.01106884168329	67.66947912273501	112.5	6.0	4.0	3.3104000000000013	0.38737783230058404	0.9609358701499995	0.0003189496976501884	6.404944390936263	0.8104345764050165	0.9996426144144815	7440.342971514751	4.585961728962271	0.20735372326368373	active
12.413160279658747	0.07577475434618308	-3.8730798078401336	0.7386563898795472	12.037037037037036	436.3170000000001	1.2592592592592593	2.9790695605283632	1.9631483939932124	922.3772311397967	-1.8399999999999992	589977.9148365976	6.674753590730531	39.13237298782095	39.69854324659038	36.854207888765686	111.39	7.0	2.0	3.4175000000000013	0.16947000830644918	0.8847073804411353	0.0003030606082005238	7.201063326850461	0.8148831880533606	1.3608351094436912	4700.4399233826725	3.883032341295278	0.528487984212731	active
12.79874716553288	0.1616646589191233	-1.38087962962963	0.3039650931703881	15.379310344827585	645.8790000000001	0.7931034482758621	3.0020470201468092	1.9884161851692688	1190.849461122087	-1.5499999999999994	4757764.199409469	2.44304409897558	69.68908087974924	76.5428864408873	5.969305287951849	81.65	5.0	5.0	5.451800000000001	0.2458685052818595	0.9123666794342269	0.00014406932463991823	13.69273040511514	0.6611820953070057	0.8224733773008612	7412.256344359938	4.239040732976901	0.2978751764406104	active
11.925648148148149	0.4770842781557063	-1.3740843621399172	0.5404789954485705	10.4	272.168	0.7	2.4087858801044497	2.550693529851314	683.1012389547411	-3.0900000000000003	25003.197435484188	2.007355695551551	5.783244946364939	35.392371257240434	5.783244946364939	155.43	7.0	2.0	-2.6408000000000005	0.5532617906047004	0.9835405081929277	0.0014126087859514156	8.916598505441431	0.8701511115269557	0.452974718643367	2966.461439420469	3.5838865725173696	0.0771876633010509	active
12.759733902332831	0.1300275345840458	-1.7963113392342158	0.12727587476761287	32.5	620.5600000000004	0.8409090909090909	2.9934931942030234	1.5219036978486047	1301.5247605549514	-3.5100000000000002	3384188757.880387	7.76086036928261	12.045325394785731	53.60112550099753	106.12749075183807	256.61	15.0	4.0	-3.543899999999995	0.18150826009716076	0.8563805743780517	7.005253908961195e-05	11.080087587956507	0.5945869675538827	1.1241030813799633	9773.875221651166	5.287567795228568	0.2206345084160275	active
11.459166666666667	0.015462962962963234	-1.2822222222222222	0.5315318380831734	10.5	216.14799999999997	0.875	2.369833188044773	3.1361171062761564	633.278820392749	-2.43	4220.67290790774	1.2969826598689291	10.772448428929591	34.4887958498188	0.0	109.31	5.0	2.0	-1.5056000000000007	0.34105843721173396	0.9470877981052519	0.001383451331670929	6.217654641260463	0.6967177305675684	0.23843624286580672	1093.148479785802	2.7061259797373576	0.04604588694970904	active
13.249494240227467	0.00039892500209992576	0.00039892500209992576	0.45652051107550523	11.166666666666666	399.4980000000001	1.0	3.1749010590950877	1.5806133916925962	1119.2772758117574	-3.5399999999999983	10278551.6847568	4.376760051233308	22.627967439267593	73.05735782784227	32.42978449531238	63.910000000000004	5.0	4.0	4.572600000000003	0.3374158146984345	0.9498329169528077	0.0003002768984954232	5.782975661012021	0.7806561362008893	0.971761242046499	6489.175356092263	4.6668099726007615	0.1718372915558289	active
13.925633941108327	0.023087086941704138	-1.0184837700512308	0.2810680735732491	12.342105263157896	502.5740000000002	0.7631578947368421	3.5223558362317995	1.56420091681432	1473.2348279716362	-5.039999999999998	791267425.3896759	5.366637496404184	17.501745733386574	138.933193711284	21.782316500597428	88.33	5.0	5.0	6.002100000000006	0.08056613978570094	0.7938065872409967	0.00017083912959150002	8.493199110707835	0.7861710140219083	1.6100942156219669	5948.692283271165	4.245513837128731	0.5305686315191684	active
11.774399959057698	0.0024814197741960253	-0.24997826908541154	0.6720717798157029	10.761904761904763	283.327	1.1428571428571428	2.935470447542288	1.958053124975773	665.5985969920164	-2.6199999999999997	68596.07341816819	4.175000814457618	23.453831057233888	59.558168847049416	11.690424675716445	59.31	3.0	2.0	3.696500000000002	0.8425173808950295	0.9984290036908416	0.0027380888177931397	4.1948811594430655	0.9901458841531448	0.852222163298955	6390.2654208455	4.827502549308012	0.10690922649076444	active
13.447036844862422	0.06614685689090427	-0.06614685689090427	0.35258263556985175	10.93939393939394	455.5430000000002	1.0606060606060606	3.527913465496658	1.4512367856309345	1379.7463470370567	-4.04	74425370.48765653	4.3309707373599835	33.96475331720232	89.25045835731963	32.99482563067734	73.14	7.0	5.0	4.796800000000004	0.29013823495669927	0.9374702072641907	0.00023218926387975596	7.775512245569709	0.7990710051732347	1.311130773833786	7900.736883287015	4.8271551439953555	0.2933733586305462	active
12.472942176870749	0.03413099087371552	-4.155424382716048	0.6311273766618477	11.142857142857142	328.733	1.1904761904761905	2.4651448139370915	2.6793890319859295	789.7951269578506	-2.1899999999999995	43573.89973115203	2.955564039582369	27.12557930133358	51.53515399327656	25.43488409537135	99.39999999999999	6.0	2.0	2.4846000000000004	0.26235298088965625	0.9284314095390028	0.000639263302894852	7.188364949788324	0.8597462774412382	0.8022288358863192	3112.415028134412	3.505105388261312	0.2261874922382693	active
5.4676889607231836	0.6679287145585777	0.6679287145585777	0.5555951339156205	10.96	350.447	1.12	3.1946796354156173	1.6021435243351851	1003.8763109185566	-2.8599999999999994	1006349.6425930028	3.080492747152807	27.80290785322536	59.73540381615872	20.97553361266913	51.45	6.0	4.0	4.908520000000003	0.45261456931957117	0.9712855640652015	0.0006325823320839972	5.316518151272533	0.925944828439246	1.2564103400804338	5696.764250208608	4.358229836061936	0.2939183763056807	active
5.324333427815571	0.8312451184177375	0.8312451184177375	0.7672832252756947	18.0	252.36399999999995	1.25	2.7207893671341523	1.7778971173782279	446.544227692605	-0.6200000000000001	10534.896429543438	2.2218864668337543	33.501329478401296	24.26546827384644	35.59247125309443	25.36	5.0	3.0	2.6356	0.3769461690063308	0.9568455985611115	0.0017590589388325776	3.6844318224472077	0.9640632473499127	0.8294887032070213	1818.1923820846482	2.902545184171218	0.25374779411935133	active
6.071309086391758	0.4966818888049054	0.4966818888049054	0.7397917045388908	10.7	322.21999999999997	0.95	2.8482312860558023	2.1687192002326223	756.3655123720121	-1.6199999999999999	56907.66109539493	2.4984757855443984	39.6702241382391	52.77078911301685	9.967957041894417	51.8	4.0	3.0	4.761100000000002	0.24061188379617618	0.9186313250944057	0.0005125453193557877	6.431932356516174	0.7524431683504533	0.9087682916114512	2795.7011681426125	3.5187614524727553	0.3108358843002035	active
10.520736305324599	0.6591017888636936	-0.6591017888636936	0.3591583792833982	12.1	177.294	1.6	1.8709889548563379	3.0496571259388316	147.82680599646991	-0.05000000000000002	142.19516056908168	7.9499999999999975	28.17870433807655	0.0	27.923539540460787	29.43	3.0	0.0	1.2479	0.44789367226721544	0.9711774462165653	0.00278181327741791	2.002549921168836	0.8539128295355239	0.7375809336610927	1099.6893313463715	2.7566087667294044	0.35335227359521054	active
10.874790249433106	0.016018518518518432	-1.3855102040816323	0.5689342246864603	12.357142857142858	194.16599999999997	1.3571428571428572	2.10922326203371	2.7772680269131413	350.6652327975252	-1.75	1115.7791056158326	2.366714454376792	5.969305287951849	23.762552697081826	12.011146117099809	112.27000000000001	5.0	1.0	-2.546499999999999	0.44347180412563963	0.9703572954479343	0.0024906627432454524	3.7808641975308643	0.8907064189624583	0.660518750027567	1318.0225298264425	2.850525712102175	0.25934362723731796	active
10.833973922902494	0.23824074074074075	-1.6602758881330308	0.5727117978837533	12.357142857142858	195.14999999999998	1.3571428571428572	2.10922326203371	2.7772680269131413	347.0555923230884	-1.75	1115.7791056158326	2.366714454376792	5.969305287951849	23.762552697081826	17.17979907054086	106.48	5.0	1.0	-2.5128999999999992	0.4063717523632932	0.9640120866219475	0.0024583884236497227	4.183884297520661	0.90987851408822	0.6811658786964729	1266.6770615311566	2.785769402729114	0.3107141880114083	active
11.800975471745884	0.1810990997896183	-1.0413922158226196	0.5196240247414037	14.699115810140233	387.070215909091	1.0631913219167197	2.846090965888818	2.014316936029113	932.133541991807	-2.5639470188902007	193365259187.8346	4.0168404903011785	30.228827456483312	58.07436634110884	30.72010092355155	81.95159090909091	5.059659090909091	3.21875	2.647705625000002	0.34952034833047047	0.9279007999801551	0.0009066189664201694	6.69595644267136	0.8150313617826128	0.9245324452506903	5482.361609663076	3.9620862758661106	0.25707751692968145	active
14.45660087744413	0.004498870385297726	-3.55876478796246	0.21195036653751734	25.73469387755102	707.9790000000002	0.9183673469387755	3.830383555924823	1.5418727621663688	1403.0419437396263	-2.7	22001811090.838627	8.78955643704937	39.37315178317503	0.0	89.60452639678905	170.85	7.0	4.0	3.622200000000004	0.1984774199431108	0.9011986284430086	0.00011870964166135714	7.809556480348246	0.8539586321821487	1.8489070547508228	14174.000342775054	5.178098979895701	0.4783760247391885	active
13.023523085159988	0.4256594860166296	-1.2488731812169305	0.22135475238825783	14.108108108108109	555.5160000000003	0.8918918918918919	2.91594794590366	1.8400434824749472	1531.499312532062	-3.2499999999999987	261689578.9398522	4.993446712018141	37.60531725896	118.22494708630921	42.74031355918287	45.59	4.0	5.0	7.1305000000000085	0.28776066200561595	0.9339810053732062	0.00026223948814284407	7.658628099173554	0.9480384891161644	1.66235061490263	9591.649384321372	4.5818394129271525	0.6268063713286138	active
5.028790863567649	0.4903269085411941	0.4903269085411941	0.5432776369063089	9.166666666666666	242.412	1.0	2.021825570053215	3.402570682630092	141.6270750562502	0.4799999999999999	374.0377304598448	7.146512887129868	54.78886212718547	0.0	21.979083217344463	18.46	6.0	0.0	3.010600000000001	0.36338889840556865	0.956240323073766	0.0013848077743204917	3.5647559897215033	0.858555535577261	0.5744437719040953	1819.2782842959393	3.066249165819251	0.12641891158120805	active
12.451823418684889	0.08860807675461801	-0.40594770127320956	0.5323580597809113	10.807692307692308	358.41800000000006	1.1153846153846154	2.613694549234928	2.035859123914965	760.1247043103144	-2.8	482383.4660067983	4.857509939129848	11.374772549367124	57.639423662929225	44.620790674889825	81.91	6.0	2.0	2.4175000000000004	0.3197608023714871	0.9459733234429258	0.0004573051423750375	4.9215268332156805	0.8538570242635718	1.225413025687482	4916.903200328797	4.182947398478269	0.3789103276340105	active
11.21865861468044	0.09029218631897185	-0.4547250566893426	0.5980812809314172	24.05263157894737	266.257	0.8947368421052632	2.25390403778412	1.907792685909168	404.41112254140677	-1.8	14747.294119221498	3.5816060699092143	23.628718917406022	10.633577208012662	72.19416123781782	102.96000000000001	6.0	2.0	-1.1400999999999992	0.25529911745924966	0.9213802980521028	0.001242336756129541	4.353582037730025	0.9650405465904669	1.06172936891087	1928.7654767475858	2.972194515438321	0.5765629859711814	active
8.82218820861678	0.14523148148148168	0.14523148148148168	0.5518955801042782	13.428571428571429	226.33	0.9285714285714286	2.2304241993755287	5.492132141168524	320.5180190039991	-1.2400000000000002	1028.2255559121188	2.912367919767596	23.52376989878223	21.20435165389176	12.511538367022808	99.61999999999999	6.0	0.0	1.10016	0.4327696355274926	0.967640884880735	0.001496613909917681	3.726898248269897	0.7544712589192742	0.3185923352295405	1507.316265466587	2.976097213832814	0.07287203743502461	active
12.364358238295827	0.18349041764445762	-0.958893086839099	0.6951193352618424	14.44	360.75700000000006	1.08	2.6009554723308885	1.6978962710622705	899.9673383668485	-2.87	455344.072630024	3.633812611875626	29.481666417397136	61.38356573553234	43.272275606981836	102.96000000000001	5.0	3.0	-0.2503000000000002	0.6770412598933351	0.992374000271953	0.0009745763331222057	7.166886217103283	0.9528683928874518	0.725960871057845	7558.161310224208	4.777455896453524	0.15088442725238552	active
12.783679567840615	0.2399389408541195	-4.52866655402401	0.7460193644944909	15.11111111111111	400.744	1.037037037037037	2.5896799466292655	1.6998648901772135	949.6013961304768	-2.7499999999999987	819633.7031081625	4.1578488156233755	23.195505894267583	61.38356573553234	36.98611508385228	85.88999999999999	4.0	3.0	0.9560000000000004	0.6112559757916065	0.9881437532300922	0.0007004960910345681	8.959727028066128	0.9448883080487713	0.8789268677466199	8301.52208522787	4.796078724100853	0.19548652950966958	active
6.458465136054423	0.6291590031074157	-3.464929138321994	0.2664138311940485	10.941176470588236	502.1820000000002	0.4117647058823529	2.8926898598701207	1.420297073739945	1416.8599452804294	-4.073636363636362	132340838.78728457	4.024893685240328	50.02053246507601	109.58603674176342	32.263693231674466	66.36	6.0	6.0	5.852900000000004	0.1464205864564344	0.8660102474712622	0.00020183312833970502	8.939176637845799	0.7643254748176839	1.590394847355229	5788.571648582926	4.132119893466967	0.444185578297068	active
12.68868184069671	0.11782779187202896	-0.1327885309886121	0.20082714286431413	12.307692307692308	676.7320000000001	0.38461538461538464	3.961461658816686	1.4841612924377396	2574.9384277420895	-7.059999999999998	1360221463128.0676	5.523224718784628	34.21884308413281	144.1030533486261	19.935914083788834	149.6	6.0	9.0	7.232800000000006	0.16288885166829356	0.8286391917260091	5.62718456259971e-05	13.244231799704112	0.577996786896377	1.2604108349537169	10605.714356642247	5.383508304632195	0.2647185135431158	active
14.27311949374564	0.13709927748618145	-1.6586044273676543	0.15996214533866898	12.571428571428571	713.1370000000001	0.6326530612244898	3.64951617863593	1.4768323452310637	2112.7544056424117	-4.0537662337662335	96733969998.6043	6.6357897664924685	64.56419791578202	82.43355151048074	83.47316202018102	132.48000000000002	12.0	6.0	4.990280000000005	0.15347836213503618	0.8735044779136459	9.769711415146622e-05	11.751219236195713	0.8010785480430627	1.5651257485282806	13492.84479872011	5.197933764327153	0.3186275039647439	active
12.480634640832152	0.13507314499874012	-0.733935290165449	0.5921416029098349	12.923076923076923	362.4700000000001	1.1538461538461537	2.6278731826683797	2.589544606662072	560.1894257199592	-2.369999999999999	426840.18531445955	8.64611141891333	18.286580323419475	35.89528683400505	30.370261981715398	84.50000000000001	4.0	1.0	3.2014000000000014	0.277377720302506	0.9337080597870772	0.0004135582285897805	4.207433258712286	0.8412825820171933	1.179490434441394	4779.927501041261	4.151764152072157	0.2950676541456339	active
12.76641545471216	0.22531026916939623	-4.417634159027853	0.5233468611970812	11.958333333333334	328.293	1.0	2.5860646416265873	1.8976414058718136	918.4452329497715	-3.02	278146.7685947892	3.481694924487057	22.762189985279875	77.75510770753375	15.751201988259357	42.85	3.0	3.0	4.544700000000002	0.687566935849599	0.9930233714329688	0.0010108527645223194	7.253534859857668	0.8949071119359862	0.07585834685695304	6718.758315235667	4.797474878004334	0.00957289842571107	active
13.686743843753451	0.08622035700852737	-1.0770001889644745	0.3666181777054298	12.114285714285714	471.5320000000001	0.9714285714285714	3.3861278832697193	1.812269928698821	1280.2991449491276	-4.259999999999999	84540073.3214187	5.460199206559851	23.189132008070136	114.15762620371889	16.79833797965022	75.44	4.0	4.0	6.138000000000005	0.1768031203964996	0.8650842823854714	0.0001462302371230753	7.618252362177853	0.6300860973149127	1.0422684809227774	5412.303038826222	4.406409454629477	0.20971790020526102	active
13.687525091504861	0.0002015341260470649	-0.501664814358475	0.3269197904185625	11.0	471.9230000000001	0.9705882352941176	3.2783119669771548	1.4697780058370282	1453.5974078324766	-4.099999999999998	92994695.37493284	4.510830702407047	34.22890732950011	107.65976467971133	25.885028089399803	63.910000000000004	5.0	5.0	5.519200000000005	0.21367462998516298	0.8913343271641425	0.00012929162739819326	8.923917152954713	0.6339140196878056	1.0416299046603525	6855.82893099098	4.890492250879257	0.18478542106286913	active
12.348392268978383	0.04448805738949746	-0.07108389300059303	0.21138619670065883	12.911764705882353	591.4790000000003	1.088235294117647	3.5559323182876623	1.275340854920162	1120.2662470042544	-2.9299999999999993	79140338.9571503	6.792446164434775	69.00692535488102	56.422438217615344	52.98518663808477	111.28	7.0	4.0	4.746000000000003	0.11159189497528536	0.8335726636585039	0.00011546551432147569	7.785613594250468	0.7687505036347905	1.66861198204431	9265.249916350816	4.862994398447401	0.5776230319909089	active
12.663654415469892	0.021886993995129167	-0.39987575585789803	0.7909659087002993	10.416666666666666	324.3400000000001	1.0416666666666667	3.0259274803419305	1.9758115472343927	874.7970975105137	-3.3499999999999996	420119.7713706736	2.787960984633546	11.855519010338	54.09438803938988	34.8912380763	92.26	7.0	3.0	2.2329999999999997	0.40887945840071094	0.9640745432898699	0.0005612481810339186	5.337601773303052	0.768005032812595	0.480752730720823	3956.3349558388336	4.018703300277172	0.09765491175987134	active
12.365429557548966	0.1453820613542829	-0.933757317541241	0.8072635459408661	15.5	366.20400000000006	1.0416666666666667	2.5583121838100777	1.6987736173065358	854.3717533944313	-2.0499999999999994	266964.99300494924	3.5456995846330295	29.10905950981654	66.40619904927367	23.896602272027135	82.64999999999999	3.0	3.0	1.6480000000000004	0.13578865621345237	0.8409799602367943	0.0003298420654767884	7.056245685479956	0.6761129173865803	0.9972750371010408	2561.4268990179376	3.3865323067741646	0.42914340138606805	active
4.125246126228269	0.8021787603930464	0.8021787603930464	0.5657553515126612	10.0	203.27	1.0714285714285714	2.2924875731149372	1.9574758959875322	337.5973982672459	-1.4200000000000004	2714.3052865680856	2.532744091707263	11.761884949391115	48.54992698353412	14.951935562841626	38.67	4.0	2.0	2.1639	0.34293627147936656	0.9516949375699836	0.0018292655050459864	3.308642810014742	0.8189621145916841	0.7035171097934402	1194.121689548995	2.7613605868667137	0.2282501617009185	active
13.288644690602649	0.26523603811507734	-5.408282918571288	0.11757442386923869	13.0	866.8460000000001	0.43103448275862066	3.0944442113744937	1.3012734820664704	3079.5347357599344	-6.12	1399919185138.4043	7.76580436930591	96.14172194209475	83.92330780493333	51.88218743207721	376.4	20.0	6.0	4.035640000000002	0.5224634083573234	0.980450430092453	8.864594031687387e-05	21.585413311719044	0.8856325542475664	1.3660822019671457	44967.39206745676	7.809406757840227	0.15075930998820147	active
5.294334609494241	0.08211514343774429	-0.08211514343774429	0.11783105826800559	10.0625	239.30800000000002	1.25	2.24552472640308	2.604264374830468	410.8999319650089	-2.0899999999999994	3350.3228917933952	4.419468990214426	35.130768035702	24.26546827384644	11.127206338321884	125.98	2.0	1.0	-2.1944999999999997	0.5141562638139768	0.9793486494988262	0.00175198786717065	3.2014905114022945	0.9177953988349612	0.9260044666250005	2378.0735337063893	3.3877501385031077	0.3249205119128912	active
12.847243456679092	0.00947798563870017	-4.5471295938409035	0.889486535263782	11.916666666666666	339.325	1.2916666666666667	2.8755356440519746	2.3452164084408804	786.6413621514662	-2.8299999999999996	158344.24577536603	3.396001474848616	17.453588333505085	23.65106662977161	26.79611376801783	91.45	7.0	2.0	3.0443000000000016	0.3643957351267711	0.9556565280242456	0.0006940981941142248	5.9113726040769174	0.9128544519343393	1.0363930127634617	4076.8151787230986	3.8112833940934587	0.3657105501422448	active
13.15695167058593	0.03144512946235478	-4.169207185288832	0.49891825531181555	16.484848484848484	524.4310000000003	1.0909090909090908	3.3649421604664282	1.632931994099753	1270.6814911649938	-2.6599999999999993	33012141.938777868	5.136873484827404	62.06370254519393	80.56913237655507	55.79215474171532	101.75	7.0	4.0	4.070100000000004	0.1423028593335142	0.8579774217948308	0.00016391357999688986	10.306456463154243	0.7254197093115539	1.309809427995406	6249.7817859128145	4.288604630546932	0.42252979408543667	active
13.343570050101038	0.05018331177762869	-5.43781069418114	0.10676011790295757	12.833333333333334	898.8440000000002	0.45	3.1490588904047425	1.3410872769646487	3118.4301644690704	-6.520000000000001	4096122989655.729	8.07222244352621	96.14172194209475	72.79640482153933	66.10178251463226	394.85999999999996	22.0	6.0	3.4360000000000017	0.26625734584345795	0.9298903580688143	6.741119457242375e-05	22.740662664173996	0.8528047017509872	1.8563485294588369	29329.992791853027	6.517983441583561	0.3651925262126492	active
11.694853788737717	0.0671352985638698	-0.23265778533635695	0.2862371144515137	46.55555555555556	248.32199999999995	1.5	2.8971926240236776	1.8718855808190114	437.01966796835336	-1.09	18095.86512965189	1.8112085008859515	5.969305287951849	23.801164850570913	23.778288874432143	38.83	3.0	3.0	2.7620000000000013	0.15920226796547823	0.8687023004405843	0.000805335952578942	2.827232374547726	0.7055484584494518	0.8653540335241641	1247.8948382182011	2.7996352458301685	0.31864480019036995	active
4.756018518518518	0.5787037037037039	0.5787037037037039	0.42720022942752706	8.75	148.276	1.5	1.6856161633204378	3.5208600674451374	78.49785513558373	0.10999999999999999	47.19725257297226	2.425723536271458	29.16719667661866	0.0	22.309956628234602	3.24	2.0	0.0	1.16	0.2162944886973628	0.893317974502008	0.0021215692709724153	1.4004255853331193	0.6361323355925922	0.6558465556257855	424.404834335024	2.1660929187263425	0.37088308421085114	inactive
13.17520809712774	0.10350670823885055	0.10350670823885055	0.6813170466380937	45.92	334.41900000000004	1.24	3.095211836428409	1.5524232297011886	848.052733715765	-1.6499999999999997	1919093.2428223423	1.3322788891531836	11.594566004035068	41.478044402446585	48.69113228258427	32.78	3.0	7.0	2.0925000000000002	0.19469347053822947	0.8932441919426952	0.0005493833584459343	4.4234491987989335	0.7118762665934116	0.8965257939558389	2051.7973079855656	3.0519464188263785	0.3499769567656304	inactive
12.22498299319728	0.024907407407407156	-0.5730035903250192	0.5423999289187837	10.6	306.32399999999996	1.1	3.1854593216195974	2.0634177228860215	759.597600257293	-2.3199999999999994	72080.57352960826	2.0419085187989046	34.24006164859935	61.374997216655075	16.723153149855325	87.11000000000001	7.0	3.0	1.8930000000000002	0.23377554054106148	0.9115170577322115	0.0005881015062364546	7.459063673683291	0.6980046518471117	0.6272543029220292	2014.398899784334	3.15212796581133	0.1438208797289575	inactive
12.508786478038823	0.1246578016473403	0.1246578016473403	0.45406396462781595	12.966666666666667	418.9680000000002	0.9	2.9147546016999986	1.4081703005621757	968.0519988626901	-2.6199999999999988	8653416.73367421	4.745793937932701	28.758957385964578	94.50939261037166	37.36509587763034	23.55	3.0	4.0	5.7815000000000065	0.4869094779070706	0.9762276069503831	0.00045818507562312674	5.78711267827224	0.903597134714099	1.2616966106299181	8221.552214014331	4.798299286738356	0.3327492029303359	inactive
11.939225403124212	0.05337165112958697	-0.05337165112958697	0.5341914417041845	11.0	260.296	0.95	2.5298485590827835	1.8543385661804006	779.1117004520452	-2.8099999999999996	61758.66302432891	2.6165218343101175	22.762189985279875	78.25802328429837	15.751201988259357	42.85	3.0	3.0	3.525900000000002	0.6448193920542823	0.9905400487304624	0.0014846041308052276	4.6316829655676965	0.8627760522662238	3.125393930892422e-05	3653.891019297061	4.03362023317393	2.9541658400209374e-10	inactive
12.340656651549509	0.1275925925925927	-0.9696759259259264	0.5055052971214055	14.88	346.33900000000006	1.04	2.5932665724561046	2.803490087611988	771.1110283918142	-3.1599999999999997	291739.89613473933	3.232043293699175	17.62599685058726	62.48352572055921	31.081516707276435	107.77000000000001	7.0	2.0	2.1756	0.10131768949271316	0.776525230883358	0.0003356866486797981	5.686913158634396	0.6459601937059563	0.9161038992660161	1972.7747710983438	3.167821693017295	0.3546735900075244	inactive
11.212870370370371	0.004629629629629317	-0.38870370370370355	0.5796806794408671	14.461538461538462	173.14700000000002	1.0	2.1157745975987363	2.7569605368382883	429.7960406537963	-1.9	1095.9712415561455	1.0518261614894997	11.566489892729878	41.478044402446585	11.566489892729878	57.2	3.0	2.0	0.6954	0.2602687929209003	0.8972641133055612	0.0013120464074431557	3.8723402072432536	0.5585058200010213	2.5265311439555873e-06	538.4944442215095	2.35976783038032	4.642706025318509e-12	inactive
9.802662037037038	0.1712962962962965	-1.6417824074074072	0.3780091246547498	8.142857142857142	165.95	1.5714285714285714	1.6457113704075785	3.577919926272439	98.3531421217447	-0.3800000000000001	27.977093296928835	2.331743772241993	27.682494132266136	0.0	17.082639881378217	57.199999999999996	3.0	0.0	-1.2997	0.5587826542753781	0.9840229653538975	0.007472448249059957	3.6009797397372574	0.8952213447592964	0.37172467636071255	602.3882681565445	2.0502017631790173	0.2837090477239669	inactive
12.005717120181405	0.0375925925925924	-1.2579220731502476	0.6279689901206734	29.0	255.319	1.411764705882353	2.5801044899782335	2.100769260851897	363.7280441802297	-1.01	8524.665234888083	2.6337635473704637	23.63836996669447	11.105091403710494	47.18736208647539	63.68000000000001	5.0	2.0	-0.40510000000000024	0.28168618058164363	0.9340091887272332	0.001292250823041434	3.5109387194204666	0.8996480831255561	0.9890338473265297	1753.1840064994624	2.9347879774830203	0.4571684224778567	inactive
2.3798091458805746	1.0257168950377824	1.0257168950377824	0.5335131251851576	12.96551724137931	385.575	0.6896551724137931	2.783247866409323	2.063565114206357	900.2629073918202	-2.869999999999999	4582873.670846661	4.762819491901809	16.972175807523534	95.6013915569533	36.466236485900815	6.25	1.0	3.0	5.954000000000007	0.3048539714353828	0.9387379343660753	0.0002643491714311618	4.415863042478066	0.7178706241814683	0.8929813233876941	5656.6464887710845	4.590756233143396	0.13764690577355318	inactive
13.613729406516203	0.15064154797418006	-0.8893747375493415	0.44108573063191664	13.818181818181818	437.49900000000014	0.9090909090909091	3.504142877047988	1.5782431578027039	1218.8786066935406	-4.189999999999999	75605078.3506142	4.549875454479748	17.501745733386574	108.84332093943763	22.84017880879818	75.44	4.0	5.0	5.008300000000004	0.20995664214824128	0.9032262774135804	0.00032350406140093583	7.153542982386327	0.9370688565002777	1.2140078690663167	6324.691329122929	4.272274849627254	0.36860254848498036	inactive
11.130016534391533	0.18324074074074104	-0.5687944066515487	0.48878133498627435	10.357142857142858	192.17	1.4285714285714286	2.1859965440290403	2.9048532570690915	368.38478965282144	-1.97	1324.7139056815984	2.5158513680748387	12.045325394785731	29.838572803915707	13.079102829229383	72.42	4.0	1.0	0.019999999999999796	0.651099764843494	0.9909391920886814	0.0031952066525230928	3.647999361417184	0.8673016563382325	0.09488268499090045	1752.7861793142495	3.244230014539327	0.016843202580637547	inactive
14.262705095442497	0.15515711389185105	-3.952316387681654	0.2713197935252292	27.384615384615383	748.948	1.1153846153846154	3.9833437012145754	1.2100978988664697	2041.5500573225586	-4.039999999999999	459318576862.8753	7.029737608651751	49.98454115147789	51.71067854051604	78.60225854510945	158.95999999999998	10.0	7.0	6.038220000000006	0.20522712512127206	0.9006454001509508	8.155397405346669e-05	10.584804863922358	0.7278388978561426	1.2438513530972346	14947.923145733499	5.4450183652987	0.23208377900524277	inactive
12.06467970521542	0.039211073318216716	-3.839537037037038	0.6283739821736034	11.38888888888889	267.262	1.1111111111111112	2.7912684632217544	2.472267393422258	684.4785811138514	-2.15	13118.961777142245	2.1192650741690584	15.72143533827851	52.07597217123222	13.341108033146607	90.42	5.0	2.0	2.32902	0.34846189660183846	0.953005709140147	0.0010263393581161336	5.230715255771842	0.8490348620905828	0.9353401975201253	2318.3860555067554	3.315632235927615	0.27773807896726443	inactive
10.069182964852608	0.20608835663895197	-0.5093419312169316	0.5289547551768388	13.428571428571429	193.15799999999996	1.3571428571428572	2.6085526047440886	2.2452664748461397	399.7984696519948	-2.0399999999999996	2449.430895854699	1.6580998735903334	6.076020106833881	40.07682585566784	11.716253354917498	61.60000000000001	4.0	2.0	1.6626999999999996	0.7434582269404405	0.9955160727196597	0.004923905491893789	3.6060455982104496	0.9497390893156543	0.28486705977821314	1936.6093400994	3.2849077733878778	0.06469661898333735	inactive
11.541574074074074	0.04611111111111099	-0.07620370370370355	0.5994834910884169	15.307692307692308	172.18299999999996	1.0	2.146239890526001	2.690389534648589	427.4713488019866	-1.7	1131.0684223072026	1.1085425487040885	11.566489892729878	47.04149589414358	11.566489892729878	34.14	2.0	2.0	2.0119000000000002	0.2919603011407871	0.9250885478763838	0.0016099895764613058	2.909114513819797	0.6235624400405259	0.10485513992807703	635.9710816392073	2.4358081564601424	0.02795348266972004	inactive
13.314951513433655	0.0705125689983539	-0.09996758734357902	0.484708250728698	13.290322580645162	431.5210000000002	1.096774193548387	3.288519677154089	1.391368848001805	1212.4991122848364	-3.519999999999999	22442949.775414176	4.3382766439909295	39.87193304655383	76.48433214048032	32.85007012695206	80.12	6.0	5.0	3.618400000000003	0.18571217629193745	0.8933714815647662	0.00023467642911086765	6.996245445419392	0.7775563208209819	1.2396179978529933	5733.761680625502	4.362001978073174	0.30178677714156377	inactive
11.689748887209205	0.0202680933484507	-1.0420332577475435	0.7185016047126355	20.61904761904762	286.23900000000003	0.9523809523809523	2.4214713328866666	1.9978810165902074	696.8034648427933	-2.6	57289.59026476565	2.2954031683873257	0.0	41.45873832570204	11.210493782589008	121.7	6.0	3.0	-0.9819000000000007	0.19177999075640495	0.8972730474411824	0.0007683133460958428	6.027943213296398	0.8690181662753846	1.0520954957546653	2226.446235429276	3.215619976137036	0.4632082268550819	inactive
12.26360936144005	0.051262477468285716	-1.5098023373465292	0.6798087330589467	24.083333333333332	366.806	1.375	2.5850858589969508	1.7144846348891023	739.4945289535813	-2.029999999999999	232419.89941069784	2.7661992514918268	41.14648958627849	46.624612499174475	39.85214172636883	115.56	6.0	3.0	-0.7133999999999994	0.446718938780594	0.9708750931615902	0.0006490751844988562	7.068512278010326	0.8203523758886556	0.7812257019078143	4327.569506830091	3.848714793844176	0.20559306200867242	inactive
12.771556594860165	0.005417139077853683	-0.6248021317240282	0.567315479988884	14.8	397.64500000000004	1.12	2.8003436314490617	2.0342091831076186	912.0062396824786	-2.0799999999999987	418264.92548049474	3.634513792271194	58.078375965455166	62.59300533538762	17.588170020074056	58.97	4.0	3.0	4.4608000000000025	0.35037263598943724	0.9519238137950503	0.00037072757375926986	8.535383852262639	0.7492003264300777	0.777532519624314	4942.476253026653	4.129267468048938	0.16059400399124038	inactive
13.021684145880576	0.020321239606953645	-0.020321239606953645	0.5521533562766379	10.88	348.43100000000004	1.04	3.3055089178851116	1.6298203245501561	979.0273317509486	-2.9899999999999984	1229054.3258480423	3.2940248731420554	33.96475331720233	76.98724771724494	20.901049568452596	51.02	5.0	4.0	3.726200000000002	0.18207514214226472	0.8836065759295005	0.0006447884864775981	5.7768701902183235	0.981067223835143	1.4485467895938093	3188.0192734232087	3.37954666460099	0.6719421065230056	inactive
2.6122685185185186	0.4940740740740739	0.4940740740740739	0.7212588245608211	21.65	264.372	0.9	2.6141296973388872	1.9017661245550799	634.8202783238603	-1.7999999999999994	76322.13064350616	1.831999373482653	5.687386274683562	65.22129102278387	31.581850931265397	6.48	2.0	4.0	3.0839000000000016	0.1744637442294384	0.8553088278752566	0.0005155623611597073	3.1720049014987266	0.607622111859928	0.8527818398994915	1382.1552021765792	3.0240852719523788	0.2726649845009071	inactive
10.904498771730914	0.3587736205593348	-0.7376851851851856	0.6322035355738016	12.76923076923077	181.19099999999997	1.3846153846153846	2.0993716925496053	2.8351682624881787	288.1883450849283	-1.2600000000000002	795.6618714763005	2.3360814106192827	0.0	23.762552697081826	18.69895578343047	78.38	4.0	1.0	-0.9134000000000002	0.26324772780817673	0.9270454801127672	0.002325732842390249	2.618760242549133	0.9170851109658785	0.9246118313057109	964.4670065659886	2.5790875590403726	0.47162036868291596	inactive
10.4228941568092	0.2527440499398922	-1.162324395761653	0.5616544918724433	20.227272727272727	299.4340000000001	1.1818181818181819	2.3585739479031846	2.791584958361643	566.514664398947	-1.8299999999999996	40499.073259445584	5.8849787267796065	5.969305287951849	58.74853876128035	5.969305287951849	40.129999999999995	2.0	1.0	4.267900000000004	0.7973898641248615	0.9973444105242971	0.0016718362471829654	3.3313354894895033	0.9445427573975445	0.4757501959772516	7327.276139290723	5.1119656836780765	0.07214463665795388	inactive
10.795761526832955	0.03932917611489062	-0.8626851851851856	0.5798346457518468	12.833333333333334	167.164	1.3333333333333333	2.0826293264561286	2.962539757428968	275.00552478320776	-1.2600000000000002	497.74840902301474	1.6637425470500236	0.0	23.762552697081826	11.65128380075328	92.37	4.0	1.0	-1.1741000000000001	0.4444103048494116	0.9705658012680923	0.0032614577914494747	2.614736313719694	0.8240350029121966	0.5157342372741774	864.4860261782788	2.5454598817282963	0.2072373327540737	inactive
11.787664294112705	0.033930566053582245	-0.6333585285966234	0.846115152587301	18.047619047619047	302.73699999999997	1.0952380952380953	2.6840195865884002	2.1447089101189727	670.2125734025041	-1.9099999999999997	74991.50724927991	2.522305383805159	11.600939890232516	52.04482313114036	13.08951281182515	81.21	4.0	3.0	0.8383999999999996	0.3889571820194148	0.9613275815132568	0.0008625325672160842	5.375626171503812	0.8213409069171174	0.8594933170311622	2839.8517607100184	3.4602821965315576	0.3248780381853671	inactive
12.748456160241874	0.0065493905895688265	-0.35714852607709635	0.6887651703545593	25.5	296.366	1.1818181818181819	2.85520131776517	2.0163335601274475	752.18895545309	-1.8999999999999995	140495.89124327071	1.6232992169696452	17.325654764386055	39.95964463378047	18.173371857242795	43.370000000000005	3.0	4.0	3.4433000000000025	0.4395145071965037	0.9697560969940983	0.0010006399839474808	3.947373775980966	0.8140704256744101	0.6978648349131567	2713.4445903263636	3.402032369083135	0.17087474864189456	inactive
4.4344855442176865	0.6431944444444444	0.6431944444444444	0.4639437938300225	8.4	149.218	1.3	2.029573889867405	2.6687661861354384	236.69432088304723	-0.9800000000000001	251.66716234355823	2.094917408045428	17.379135295172244	35.89528683400505	5.1612618521255476	12.36	2.0	1.0	2.2894000000000005	0.6069049501082566	0.9880057405181122	0.0054148787768602885	2.260633976567991	0.8962122889817631	0.48325617880252497	960.5887893451517	2.7138216227639815	0.15413088193960997	inactive
11.956280706727135	0.1611545729402868	-1.2108693415637861	0.6450980075832928	10.8	267.21599999999995	0.9	2.4486928160349595	2.3623328534654777	849.507138680937	-2.95	42910.89290819663	1.763042678412738	10.969244356107037	52.68789705520363	0.0	99.39	5.0	3.0	0.6807999999999994	0.5565116153079089	0.9836008981258316	0.0013888360114899013	6.47230539970012	0.819641265389127	3.752451556732001e-05	2682.0043710421305	3.4993437280015676	4.565711973847198e-10	inactive
5.311495995671612	0.557865176678586	0.557865176678586	0.22525095909642437	9.466666666666667	472.69000000000005	0.7333333333333333	2.7146714800412326	1.6085845158317489	901.2669145555524	-2.5799999999999996	4405640.344958916	9.278424690184044	92.16843634462165	48.53093654769288	33.636910285525765	72.84	6.0	2.0	5.208400000000003	0.5244418197877677	0.9801843812448908	0.00033890535431176766	8.163633643455372	0.9463979177088558	1.0457447245771614	13341.740447739228	5.654935804466	0.1817885478496949	inactive
12.612684424078275	0.010998467288150238	-2.9346536883271694	0.620672123984499	12.346153846153847	382.36800000000005	1.2307692307692308	3.0398262457155956	1.8625541543479762	948.3895976070247	-2.75	891957.9763228529	3.742952830948482	21.83297047813683	36.156239840307975	35.00795570306005	84.64	6.0	3.0	2.5134000000000007	0.3244491886379459	0.9470625784497779	0.0004015340802625141	7.471428861211408	0.8044607202381092	1.022317283307864	5020.141146186327	4.1646769984991305	0.26977165024054917	inactive
11.374751904524182	0.27678902116402093	-0.4813616174520903	0.824038802731227	13.727272727272727	298.338	0.6363636363636364	2.4647686701849887	2.000803251459526	594.0305701374936	-2.36	69045.56475789209	3.8452965116938183	0.0	47.52510539416365	0.0	92.24	4.0	2.0	1.0383999999999995	0.3650762148390029	0.9566469079996923	0.0006801087369078189	4.570451071417855	0.8466697919023031	0.9874151810045122	3618.957699191051	3.9134623755877525	0.3191067899486004	inactive
12.649007542831948	0.24596245905769742	-1.3838408604182415	0.7078710391207692	12.333333333333334	344.4160000000001	1.2083333333333333	3.0065977799893377	1.900572833941512	920.8299213789109	-2.41	353332.36450656696	2.9892470267127704	21.83297047813683	41.216775755240356	28.39645061661395	75.41	5.0	3.0	2.5288400000000006	0.27598773016505024	0.9320620450853158	0.0004616373493223578	5.29160593448184	0.7633472054574529	0.9788365634889818	3483.987050483029	3.752891499533373	0.23626255950691413	inactive
14.161317572226888	0.07328736369050204	-4.529249514788037	0.3030879095407904	11.416666666666666	504.49800000000016	0.8333333333333334	2.877575893411334	1.5805957460521645	1699.7845555757008	-4.51	151418089.5525187	4.432034947877254	26.6136023601722	95.74121444915069	35.69291518410296	109.03	7.0	5.0	5.434700000000003	0.4634538749577755	0.9729757346839129	0.0003164802332919889	11.041847015643855	0.9168009033398161	1.248957748799019	11501.795854544973	5.167592216073272	0.23529094994105806	inactive
11.646342592592593	0.03300925925925968	-3.6937962962962962	0.5358753000260388	18.357142857142858	231.65999999999997	1.2857142857142858	2.36135916759743	2.7395510187947147	497.0627852557163	-1.07	1773.3807348656699	1.05711155951169	27.531410772991606	29.828919765543436	24.63413093293358	54.45	3.0	2.0	1.0274	0.3083950602013719	0.9426592547032724	0.0015933037403615133	4.633026825701294	0.7942314357158163	0.297805991209348	1186.2209416269197	2.619107557207863	0.11030198819705747	inactive
12.67700176366843	0.13149339674141225	-3.5520317092886518	0.7007226624358107	12.125	362.4760000000001	1.0416666666666667	2.9311561786184206	2.140520173640123	1031.170315888696	-1.96	337317.4530354078	2.7887544344100386	31.641921895908155	58.88474062681671	29.76918689571092	59.38	5.0	3.0	3.0827000000000018	0.5332073826709138	0.9812444059379117	0.0009019714998789554	5.5204902403673355	0.9361842470312606	0.8686082124496237	5040.752847663866	3.9764483768450356	0.16419171202689337	inactive
12.184452554169816	0.16328278533635654	-0.16328278533635654	0.8205297148032966	13.428571428571429	296.39500000000004	1.0476190476190477	2.5469836688474747	1.7648507418344488	669.5001426120655	-2.1999999999999993	92832.46076215275	2.9516898713997244	28.92487633180652	65.72420659954848	17.56437301998884	32.34	2.0	3.0	3.1541000000000015	0.4319654973609597	0.9682887754704377	0.0008110648290827482	4.398475897920606	0.7897381140686998	0.5776718019465715	3077.936907063475	3.6619074798983817	0.09443049957457436	inactive
5.02974678760393	0.3872713529856391	0.3872713529856391	0.612708599241346	10.416666666666666	178.216	1.5	2.4267796415823466	2.6621920240710417	410.3501069254241	-1.29	876.0674506112272	1.0985182192041532	23.66219058324551	18.19910120538483	12.093776062224741	36.22	3.0	2.0	1.1063999999999998	0.7345413035500037	0.9951778394798538	0.006314859272155818	3.219517634796893	0.9041669880031092	0.12077416208055432	1319.8421038819301	2.8635707028230177	0.0328165695151918	inactive
5.90623078861174	0.12029604434366359	0.12029604434366359	0.678904763302996	10.23076923076923	211.653	1.2307692307692308	2.525079207194592	2.52306831018065	429.5873052104766	-1.1300000000000001	1502.4221282807823	1.635100512028883	24.22972903824551	29.288101587587768	10.197363616602075	38.92	4.0	2.0	2.2958	0.48172229847503656	0.9750289555989766	0.002117971897052045	4.92810147615803	0.777922230432919	5.45717230074023e-06	1286.6104796373295	2.7953953393806565	1.623620661035803e-11	inactive
12.39362932431926	0.03877419047069108	-1.4166887724922732	0.31130761907541876	14.382352941176471	497.9160000000003	1.1764705882352942	3.3710696959669253	1.5495375010577677	1426.0537885871438	-3.8899999999999997	40895039.79004126	4.726999609727153	57.85775428270603	84.95725946959364	21.967447835699073	139.48	8.0	4.0	2.6515400000000016	0.5028404411656412	0.9783064420978907	0.000305266165971194	10.579260182086173	0.8640112878530475	0.8007118227367417	11804.510566831997	5.330642626046213	0.1050206304883819	inactive
12.872300878684808	0.10710836237787302	-0.4982775363231715	0.48215869965057484	14.458333333333334	346.7700000000002	1.125	2.61702014277654	2.0428927291667525	770.6600518347053	-2.44	331419.430881221	3.3933951116683687	28.758957385964578	68.72842404513216	37.009832736033594	72.67999999999999	5.0	3.0	3.315800000000002	0.3430503010931983	0.9517186335589141	0.0005656075005208142	6.129441814018352	0.8185641985605112	0.9979856960168403	3859.1525954356844	3.801176807008163	0.3402170089470517	inactive
11.799960737381372	0.04861111111111138	-1.7621645880574446	0.46283726064584213	12.96774193548387	417.3050000000002	0.6774193548387096	2.7057462056088286	2.3779331413689304	1180.1230448749975	-4.66	5600840.530686163	4.055790040274353	29.264265340289754	88.02627775819782	23.691160810220488	183.57999999999998	9.0	3.0	-2.822099999999999	0.1864034345624413	0.889171786906113	0.0002322034233438417	12.130546431422882	0.718979146402608	1.0058954862871867	4865.2266711326365	4.200840490768266	0.30911567685591146	inactive
12.637713100142957	0.057995716805239406	-1.6321886285378355	0.09320452909200135	11.515151515151516	971.659	0.8484848484848485	2.760737474283807	2.4289164130155654	1567.8933459396214	0.47999999999999976	14909307.515120214	4.228030733471073	153.70579171326116	62.29077554381948	5.969305287951849	93.4	5.0	4.0	7.0339	0.17293670524093285	0.8394150504317475	5.1998121402297306e-05	23.85323922355107	0.5766938252151783	0.7018899152400504	11768.216822225942	4.718430857477728	0.30488167807048666	inactive
11.142546296296295	0.08675925925925898	-1.520325018896447	0.5487783430400792	12.333333333333334	209.15699999999995	1.2	2.134167331446985	2.9526811232485635	390.33424811100593	-1.9500000000000002	1641.1746778827317	2.503237077143783	5.969305287951849	17.696185628620217	12.011146117099809	135.33	6.0	1.0	-3.472899999999999	0.4992112155985413	0.9773310163804162	0.0027360952843777492	4.713633932624798	0.9409816234279692	0.5413028052931683	1528.5348781548323	2.8912624857333857	0.27754563566280616	inactive
13.56390164399093	0.1107674057277237	-3.0333353410808757	0.42477262243527764	36.59375	441.41600000000017	1.1875	2.6996376544886194	1.9740875357967511	1124.9276159008452	-3.210000000000001	8427682.935942445	2.4784840440451306	34.61326404488053	35.90493987237732	75.99532602857748	178.13	9.0	4.0	-2.3234999999999975	0.21184142059776767	0.9060511687976972	0.00044482053642385305	7.97839317333553	0.9057350968253155	1.144887884964518	4358.174303279525	3.5627749400322193	0.37037583789711415	inactive
11.776521852032314	0.04179894179894239	-0.46079441949211053	0.8803727748202064	16.2	343.37900000000013	0.96	2.6201177573847145	1.9511611860250957	749.6451484064135	-2.6	483005.6079850852	3.3003753544558996	0.0	40.95582274893743	27.874149029745176	85.84	6.0	3.0	1.2890999999999995	0.5212020469325421	0.9802550005550158	0.0007183804522791058	4.976956665178831	0.836280834414177	0.5967634781693076	4923.349415465228	4.175705193949615	0.10421200690426904	inactive
11.845030155580751	0.11754629629629587	-0.405692764760224	0.8134326136704578	18.454545454545453	293.36600000000004	1.1363636363636365	2.6956069611988367	2.0726190087612197	666.6354428852328	-2.2599999999999993	135880.15570011095	2.8533801347194827	0.0	71.80987974475464	24.534178948588206	49.36	3.0	3.0	2.0098	0.1617731175565843	0.8689664730916472	0.0004744852549237876	4.1768056926245904	0.6955999217233682	1.1389603045028949	2060.6505879677056	3.325609646883219	0.39794739004834684	inactive
11.938624328863776	0.06866595455054503	-0.928634458157817	0.3854614323525041	39.592592592592595	400.87900000000013	1.3703703703703705	3.5199062188150845	1.7254085350356636	629.6894150323134	-1.1500000000000001	1513883.5054626174	4.159608404017348	23.601359690522436	16.96591324090948	61.11110353626299	91.76	6.0	3.0	3.3385000000000025	0.17146597136799405	0.8800405472074243	0.00027213871251869975	5.3059123290585335	0.7226773285770377	1.1172811463334442	4041.082243389995	3.914956296764593	0.3996903159629682	inactive
12.205909273431594	0.021649187452759122	-0.41608465608465495	0.5168910937051027	12.318181818181818	356.22300000000007	1.2727272727272727	2.5298936622055375	2.1441579098417796	735.069311953196	-2.449999999999999	93950.13103966483	4.270591860803436	27.913143734134735	69.96461658329149	10.891158250298714	65.78	3.0	2.0	3.6284800000000024	0.5702108556639066	0.98472643538105	0.0008781464924165973	5.635578274318768	0.9489353244939042	0.9355976774004261	5889.598995262136	4.300590411312885	0.21368273221606288	inactive
12.379869641829272	0.15817499210607044	-0.15863258635069633	0.0943534675467736	12.090909090909092	477.8190000000002	0.6363636363636364	2.8294196336962094	2.1128268600341302	586.4142600213328	-0.96	17722876.260251813	14.811175293160154	16.864286038721087	29.828919765543436	24.081894465958346	26.3	2.0	1.0	9.511999999999999	0.3950924781206718	0.962255044456258	0.000258819618395105	4.268639015760608	0.8893803623683422	1.272132909164085	11229.765647794653	5.344111009376819	0.247402927213136	inactive
15.350850729774827	0.15456586518139526	-2.930690719910033	0.18691340392833472	35.6	830.97	1.0166666666666666	3.892311533181662	1.3559423419057401	2292.388466441588	-4.53	22907726348958.035	5.312027973978838	34.49822707062017	70.93452509437688	128.61031590253958	133.87	11.0	9.0	5.121200000000005	0.3570167142896979	0.9548019587756018	0.00014019476263589165	11.530687149892074	0.8664325929600645	1.3954125112477167	18014.681265474504	5.202765753077828	0.2987834801224448	inactive
6.254267197632547	0.784475844605264	0.784475844605264	0.19372872136771097	11.96774193548387	414.5970000000002	0.7741935483870968	2.7890988804707955	1.9717721958125656	1210.547793930761	-3.109999999999999	11148452.168271601	4.081077284210583	33.05014591037777	66.73003775307771	31.16497205810954	55.92	2.0	4.0	4.988400000000004	0.15721750568019094	0.863845264670908	0.00023242692475613182	4.789327883281311	0.6878759980185224	1.184620282482115	4041.2207411595487	3.9405520877108104	0.32749001975845765	inactive
12.81704936375887	0.04093733094270746	-1.5379101824001717	0.262596957866912	19.970588235294116	522.5660000000001	1.4705882352941178	3.5018179448379563	1.4733419107330508	1206.740951477035	-3.2999999999999994	47544458.88068257	4.532897290910625	68.60274093616759	46.50027915987619	68.52573332829678	180.25	13.0	4.0	-0.3536999999999985	0.3879225671047666	0.9606276074035551	0.00030905238194242146	10.963229275046656	0.9064182511964785	1.0569619174035176	9568.23268000452	4.696971009718815	0.22077681154712772	inactive
12.031900510204082	0.14527919501133812	-0.6050149071974464	0.6041792298260721	10.470588235294118	246.29099999999997	1.3529411764705883	2.6754122628612373	2.332144772251868	546.1333138297032	-1.75	9171.313237088321	2.336879311522437	17.545129895756055	41.21677575524036	17.02299265082355	67.12	4.0	2.0	1.3737199999999996	0.6979772684487191	0.99354442991079	0.002574703832151163	4.494081632653061	0.9229808156609315	0.5907146947662151	2916.6062969186805	3.6144103191338637	0.12661787855112314	inactive
6.101299340723944	0.7751196250104984	0.7751196250104984	0.3319037898661971	11.208333333333334	314.41200000000003	0.75	2.605137435237206	2.2743408321952256	1053.005916377742	-3.0699999999999994	449292.42263074947	2.172237991788148	33.05014591037777	66.73003775307771	0.0	55.92	2.0	4.0	4.131800000000002	0.2509155820431565	0.9150149327323983	0.00045108957587718584	4.307858396806915	0.6647045293362182	0.6447247301193664	2427.935198861862	3.4659956392165263	0.1692054940721322	inactive
13.229887723607963	0.02949137062232232	-1.675226234567901	0.10146292580021792	15.090909090909092	971.6589999999998	0.7575757575757576	3.0813792969485467	2.0541299450535324	1396.5785931796286	0.6099999999999998	22727637.418433093	3.3424954258827935	142.73654735715414	68.75780244293809	5.969305287951849	81.65	5.0	5.0	7.433800000000001	0.15406752994876385	0.8471144996505198	6.188604189762256e-05	22.780351727117736	0.6373316371393758	0.9488628630952365	12351.172566366455	4.650539840442303	0.36959420365773205	inactive
13.229887723607963	0.02949137062232232	-1.675226234567901	0.10146292580021792	15.090909090909092	971.6589999999998	0.7575757575757576	3.0813792969485467	2.0541299450535324	1396.5785931796286	0.6099999999999998	22727637.418433093	3.3424954258827935	142.73654735715414	68.75780244293809	5.969305287951849	81.65	5.0	5.0	7.433800000000001	0.15406752994876385	0.8471144996505198	6.188604189762256e-05	22.780351727117736	0.6373316371393758	0.9488628630952365	12351.172566366455	4.650539840442303	0.36959420365773205	inactive
12.480727867535904	0.03947609599395352	-0.38742724867724765	0.45589958227114014	12.291666666666666	384.27700000000004	1.2916666666666667	2.5971955390823163	2.197095183290181	765.6814098783693	-2.449999999999999	258337.84588143983	5.0356997423090375	27.913143734134735	69.96461658329149	10.891158250298714	65.78	3.0	2.0	4.408680000000003	0.5668607835999383	0.9840213380565345	0.0007540148642899854	5.534637863166904	0.9825030335447491	1.1220405693249813	7190.258743484035	4.535765975639589	0.25159406664828554	inactive
12.649007542831948	0.24596245905769742	-1.3838408604182415	0.7078710391207692	12.333333333333334	344.4160000000001	1.2083333333333333	3.0065977799893377	1.900572833941512	920.8299213789109	-2.41	353332.36450656696	2.9892470267127704	21.83297047813683	41.216775755240356	28.39645061661395	75.41000000000001	5.0	3.0	2.5288400000000006	0.23501002371080607	0.9154039072442635	0.00040805543348985935	5.29160593448184	0.7372906398318795	1.150241736371184	3309.4280141225518	3.7341331905021184	0.31734236278215033	inactive
5.581143235071806	0.701530612244898	0.701530612244898	0.5248553986921212	10.842105263157896	270.333	0.9473684210526315	2.461196080109552	2.5954897592609907	823.3433919251553	-2.07	31847.877276617604	1.7582000328873106	34.02372330720881	40.908315175056885	14.219595082555067	32.56	3.0	3.0	3.6968900000000025	0.2640494752517298	0.903664511922272	0.0005148992247309327	4.49085124477756	0.5743185230774195	0.13806741260267083	1495.8741287852358	3.1059847063281447	0.022296869302912383	inactive
2.42008993338916	0.9706481481481481	0.9706481481481481	0.1917076370685416	11.241379310344827	397.67100000000005	0.6896551724137931	3.0823930300042592	1.4486517269661767	629.2422833064992	-1.5699999999999998	4193460.0920274747	10.145899192197925	0.0	54.11337847523112	4.567099647791355	8.809999999999999	1.0	2.0	7.613620000000008	0.4054450786181308	0.9643232766690741	0.00036789027518643023	3.5536371178899913	0.8234249722185197	1.0247188720886102	6961.948367871361	4.7114818326863395	0.19328288308150945	inactive
12.438445294784582	0.05689814814814809	-0.3928856449987401	0.9004764649849134	42.958333333333336	327.42400000000004	1.0416666666666667	2.5588924534778132	1.5268006796747136	635.8087492310597	-1.26	478448.9164890141	2.0531185174654536	0.0	23.259637120317212	12.648722793660877	81.37	4.0	6.0	1.9912999999999996	0.1910602523454097	0.8957115596666072	0.0005458118228884885	4.014733215301925	0.7644580315024907	1.115238108831276	2408.0202868659594	3.259793235980187	0.4304484970480443	inactive
5.377353316326531	0.3208257747543466	0.3208257747543466	0.5213895408694755	18.166666666666668	171.18	1.5	2.535597109551413	2.0752881638060607	255.80569340503482	-1.3	1054.8083975733878	1.3291324177381532	5.884182201861009	6.196843571613076	31.57464328533026	68.4	5.0	2.0	-1.4874999999999992	0.5944014288226805	0.9870578425557932	0.0047515165473632015	1.953779425178055	0.8793147820051067	0.5188852711577308	1014.7239430597976	2.6220514822093794	0.1662422423667216	inactive
3.449898746535651	0.506435185185185	0.506435185185185	0.6624613878903269	23.857142857142858	274.367	1.0	2.9257728422595037	1.8388264886204377	845.6485682762475	-2.0599999999999996	184607.48902804792	1.4566464298729591	10.902924932081056	70.91521901763232	22.973401063622838	19.03	1.0	5.0	3.669900000000002	0.30661787391951	0.9398697952942998	0.0008252169373805055	3.6368817068551964	0.7287483869809209	0.6847057598055009	1884.319090871965	3.123360913234604	0.17675892632335966	inactive
11.261375263903307	0.30601440816501824	-4.2612917298639585	0.054960445192164725	17.77358490566038	751.991	0.6415094339622641	3.451730171486395	1.2514699460450647	2419.309350322974	-4.349999999999999	338498308238.3748	8.258994876331	58.86760812806411	132.15248786582637	60.823524603607844	120.65	7.0	6.0	8.370300000000006	0.4762061454845171	0.9748979844872032	8.760992281947827e-05	10.903880822838333	0.820194315929358	1.0212583236622081	34486.854330830916	7.557270091815253	0.0881225524743406	inactive
13.611397350645184	0.011605725623583085	-4.949697238690822	0.5439477250298663	15.375	459.78700000000015	1.09375	3.342545875538104	1.7443248982169166	1279.8281054858442	-3.8499999999999996	16782214.221351206	4.019336348156143	40.95251629182402	82.58310743899814	23.76446853751753	85.94	5.0	4.0	4.312000000000002	0.39549981422440567	0.9626049583379448	0.000276413413341617	11.679463912564428	0.8351621505587223	1.0877995519281507	9314.489068559233	5.054023954326671	0.2082424767002332	inactive
12.89780536174507	0.1593123069023461	-0.24300256346130555	0.2514867782064568	13.738095238095237	570.6100000000005	1.0714285714285714	3.6010812773838765	1.0900613289281638	1677.440908315693	-5.009999999999999	6047680557.443069	6.013461001442041	28.445830217102618	66.35759867946456	75.11038777541512	155.68	12.0	6.0	3.839000000000003	0.622265154995741	0.98909982220596	0.00026888826412439456	9.24493107161459	0.9049630988730182	1.0207051778110292	20684.489820283918	6.411108772651621	0.1116516435315367	inactive
12.994412746404887	0.02899380494979331	-4.971492416455668	0.37511211550132484	11.966666666666667	510.24100000000016	0.9333333333333333	3.156637024661853	1.8881718674790833	1034.8228185449886	-2.7399999999999984	3539000.467459143	5.240981359696281	44.63502677508792	51.99782490999606	20.63788888433553	76.83000000000001	4.0	3.0	5.104800000000001	0.1828740553436557	0.8911175326330206	0.00021966173472672738	13.54034075445528	0.766242786399272	1.1141707153780807	5890.337122897662	4.0894244664106685	0.4285585218605659	inactive
11.268425925925925	0.09009259259259217	-0.5243518518518515	0.49855403671946735	10.285714285714286	189.14999999999998	1.2857142857142858	2.1804863586584204	2.8831748525258547	510.38326813716645	-2.17	1862.1353502942911	1.1487515559686323	16.59031120676462	40.57663011422509	9.90728956976488	79.09	4.0	2.0	1.2166	0.289756349897716	0.9263898204900618	0.0014071000589324773	4.364544959263488	0.638098422523242	0.07854644113572319	768.4388882114024	2.532468269165535	0.012360742325590342	inactive
12.313906923804112	0.14357136176580565	-0.9299534965025715	0.7654298757934812	14.826086956521738	332.74700000000007	1.0	2.5406479492357668	1.683680282419084	791.3559004339181	-2.539999999999999	181951.04353246867	3.4512205930707194	23.195505894267583	61.88648131229696	36.98611508385228	85.88999999999999	4.0	3.0	-0.06279999999999974	0.3348799595006886	0.9497982475814478	0.0005688471924041014	6.161888546280311	0.8207343248501673	1.03370252937103	3784.9077449228153	3.845125443738438	0.34818269898004844	inactive
12.375434914145233	0.12129898851718712	-0.9508324661411154	0.7788383085618789	14.64	362.77300000000014	1.12	2.6009554723308885	1.6883123612502122	871.2431079837347	-2.579999999999999	455344.072630024	3.7489327109260917	23.195505894267583	61.38356573553234	42.09264247869299	106.11999999999999	5.0	3.0	-0.5704999999999996	0.10617551416970825	0.8270141093817961	0.0003582961458557995	6.619745626654992	0.766735344928541	1.2284939210507402	2918.586299692521	3.495489578431231	0.46705075211598546	inactive
12.319702590912907	0.1470318930041148	-0.9320246307124009	0.7654298757934812	14.826086956521738	332.74700000000007	1.0434782608695652	2.5327724573518062	1.6980416542680925	808.6059004339184	-2.539999999999999	179107.53709409034	3.4512205930707194	23.195505894267583	61.88648131229696	36.98611508385228	85.88999999999999	4.0	3.0	-0.06279999999999952	0.1338477193874671	0.8514110673574717	0.0004075539060515139	6.161888546280311	0.7325208028495879	1.1857174341988506	2510.2108726405027	3.409107795891294	0.48237854024087595	inactive
12.940165122067594	0.17571093935992876	-0.9529646733599024	0.7369461152069461	14.826086956521738	316.2920000000001	1.0	2.5406479492357668	1.683680282419084	791.3559004339181	-2.899999999999999	181951.04353246867	3.306297618413342	11.594566004035068	62.68106883960153	36.98611508385228	85.88999999999999	4.0	3.0	-0.5770999999999997	0.2353341974146703	0.9175762688679082	0.0005414873334954773	5.951803150948452	0.7781409464368273	1.05497773860139	2812.7153118904	3.5259344376940196	0.40622212272131075	inactive
12.33135412306949	0.16316119953746178	-0.9446725991337626	0.6731421830079837	14.5	326.31200000000007	1.0	2.6035810657570537	1.6730081744681473	832.3864159009214	-3.16	318303.40677519434	3.2671695606347106	17.880726527164622	62.42729949025263	43.272275606981836	102.96000000000001	5.0	3.0	-0.9036999999999991	0.40943716535932945	0.9648570838046936	0.0007425612414553233	6.044241483257705	0.888298747916041	0.9681888923982802	4043.909621591186	3.873622954906045	0.2886199771669092	inactive
12.342430798918896	0.004858418890220317	-0.9366119784357789	0.752204775001507	14.708333333333334	328.3280000000001	1.0416666666666667	2.6035810657570537	1.6630999979028904	803.8961823692856	-2.869999999999999	318303.40677519434	3.380272108291333	11.594566004035068	62.42729949025263	42.09264247869299	106.11999999999999	5.0	3.0	-1.2238999999999984	0.11918750718741694	0.8300003067750059	0.00038334298507609866	5.592002424441286	0.7035066986541378	1.1719290127304158	2314.724474588199	3.366066953314877	0.4367650181170943	inactive
12.334166336108975	0.1603489864979759	-0.9425291381990928	0.7080984019701261	14.291666666666666	323.31200000000007	1.0416666666666667	2.6035810657570537	1.6763701269496654	870.5406181610243	-3.3400000000000003	318303.40677519434	3.197800276018867	11.594566004035068	62.42729949025263	36.98611508385228	109.67999999999998	5.0	3.0	-0.8445199999999997	0.336559164556961	0.9501808209035355	0.0005946889506336687	6.279638833640708	0.8175706292484101	0.9676308915132776	3605.993745901437	3.811002967174438	0.2878718245587852	inactive
12.607290678951726	0.25187025983743094	-4.386884146616602	0.7601871365235974	15.192307692307692	366.29900000000004	0.9615384615384616	2.596683857571442	1.660736848483646	881.5677037876583	-3.0399999999999987	580452.3227860898	3.7866588114427007	11.594566004035068	62.42729949025263	36.98611508385228	85.88999999999999	4.0	3.0	0.3026000000000004	0.34339305323605634	0.9518507959126821	0.00047856921684421037	7.683943233462989	0.8288781759340316	1.0331845153340464	4682.9420729507765	4.058119651815221	0.3092954580433825	inactive
12.446448076067483	0.08573422524044849	-0.8203459819801815	0.8635500839993056	21.333333333333332	370.2160000000001	1.125	2.5583121838100777	1.5979800277411278	673.2967791498196	-1.9899999999999993	266964.99300494924	3.569384196683737	46.73474002618968	33.561156436873816	54.96625015468982	83.82	4.0	3.0	2.0242	0.3041156022999588	0.9404679110310323	0.0005459839787933416	6.384402320019825	0.9129249143276741	1.2545467123736302	4491.189976739272	3.8688565395509475	0.4944785935635472	inactive
12.446448076067483	0.08573422524044849	-0.8203459819801815	0.8635500839993056	21.333333333333332	370.2160000000001	1.125	2.5583121838100777	1.5979800277411278	673.2967791498196	-1.9899999999999993	266964.99300494924	3.569384196683737	46.73474002618968	33.561156436873816	54.96625015468982	83.82	4.0	3.0	2.0242	0.6776031967418464	0.9925041544137613	0.000945952874344998	6.384402320019825	0.9091189667605571	0.6666543416828954	7149.274991012818	4.644813477904384	0.11920612314726257	inactive
12.330362387532302	0.1271158980376148	-0.9181717739516186	0.6259986221015148	14.826086956521738	424.1980000000001	1.0	2.5406479492357668	1.683680282419084	791.3559004339181	-2.099999999999999	181951.04353246867	3.6318766696475886	34.18543663110312	60.43403026962103	36.98611508385228	85.88999999999999	4.0	3.0	-0.11159999999999992	0.5584998973946677	0.9838853281756538	0.0006272239810123605	6.421900047330485	0.9196056695394326	1.0481825874326445	7540.6990783611645	4.503503123336805	0.338296455554464	inactive
13.727252697081791	0.0312348570301213	-0.9215597363248669	0.20873870073421624	16.88372093023256	598.6720000000004	1.186046511627907	3.5797553424745736	1.8223963675032282	1321.6433664322599	-4.3500000000000005	2223265992.5357924	10.153200576724455	29.474089422371303	65.31872330244161	59.86607270821816	156.7	8.0	3.0	2.8249200000000014	0.17855609816500462	0.8878214813559232	0.00017483433071035267	8.635905852227788	0.909041557610536	1.5746437933586377	10270.827805456058	4.72829927618988	0.49098069584360227	inactive
10.313310027714788	0.06832577475434598	-1.2621450617283945	0.5083578733846509	11.384615384615385	305.116	1.3846153846153846	2.0845175502848488	2.9154921836053522	343.1372637520875	-0.4900000000000001	758.764388303685	3.395189861320984	47.264985169866776	38.30423855049888	5.969305287951849	40.129999999999995	3.0	1.0	1.3118	0.7991869679980405	0.9973933255988405	0.0034786489458383777	4.83721197618003	0.949522904331285	0.44951129912086923	3591.907106398309	3.5401240075349287	0.09789199500671399	inactive
13.604846584467122	0.040931112037713824	-0.9296187641723359	0.5943251822469786	12.8125	433.5520000000002	0.96875	3.2494119572508726	2.154406102718589	1044.446603669793	-3.4099999999999993	10456399.716068044	5.4372527455027	17.501745733386574	84.07493708882654	22.337263232033564	75.44	4.0	3.0	5.274900000000005	0.08453083291122071	0.8042223601943701	0.000262893824516805	5.7371624613752745	0.855595133374009	1.509244617780213	4685.216370773068	3.933429351438718	0.5394254707224836	inactive
13.631611394557822	0.0701459225665575	-1.1255591837058632	0.35982908501310756	13.789473684210526	511.5060000000002	0.868421052631579	2.8534451045778018	1.9334291037434586	1528.5232363201233	-4.719999999999999	164740571.39208645	4.563007715249557	23.71853010639764	81.42803599785479	17.167540703713566	158.67	8.0	4.0	2.23672	0.2026730639663857	0.9026893516640717	0.00019447858334482225	9.868109950990839	0.7810311089868173	1.2783483320989626	7289.550613911446	4.491609927482109	0.3105804261980682	inactive
13.941258941108327	0.1341981980528153	-0.9907059922734531	0.259688804682495	12.342105263157896	501.5860000000002	0.7631578947368421	3.5223558362317995	1.56420091681432	1470.0600260914657	-4.969999999999998	791267425.3896759	5.3934370032894465	17.501745733386574	144.73860777344268	16.79833797965022	75.44	4.0	5.0	6.607100000000006	0.17791715573208233	0.8873460052618691	0.00016939059373883642	8.26523959185831	0.7547387240178394	1.2335026550984525	7292.978191683619	4.61993562060425	0.31119213208814855	inactive
