MaxAbsEStateIndex	MinEStateIndex	qed	SPS	FpDensityMorgan1	BalabanJ	Ipc	MolLogP	CalcAsphericity	CalcNPR2	pIC50_class
12.38399108717561	-0.4388706223230032	0.5380266069420899	10.590909090909092	1.3636363636363635	1.9539515533013392	151802.10527451235	4.094900000000003	0.6259168613265133	0.9606388324632474	inactive
13.15579821743512	-0.7831978694255484	0.7232022854263281	24.76923076923077	0.9615384615384616	1.4767054630754226	1416875.360538509	3.607400000000003	0.5865591574367721	0.9594547209324024	active
13.004896376486453	-4.091553890533867	0.25144901412472115	11.387096774193548	1.096774193548387	1.6802278062637077	10996764.751017224	4.054100000000003	0.5747127222854367	0.9089372807503271	inactive
13.659265991010216	-5.375735883025176	0.13972959481592434	16.274509803921568	0.9411764705882353	1.5694183729820805	70910584932.89229	5.185800000000004	0.2689924325298687	0.8294241884631063	active
12.146728080120937	-0.08166666666666655	0.5730563582650405	10.789473684210526	1.263157894736842	1.873260575345262	37127.05326058499	3.1988200000000004	0.2793245639615009	0.7530533827596017	active
12.130349584278157	-0.4358641975308639	0.7272379499441562	10.578947368421053	1.263157894736842	1.939894962310221	38528.09371927747	3.435500000000001	0.5607377162449168	0.96057775005445	active
13.730802601854212	-4.890923259751015	0.19889390230444107	15.9375	1.0833333333333333	1.5284142628200736	20751829790.502407	3.7887400000000016	0.5011941744600158	0.9419565398293579	active
13.712172114283472	-1.1283444753398746	0.2075826214235363	15.978260869565217	1.065217391304348	1.5137937941314101	10073163496.866297	3.468460000000002	0.16229032682837594	0.7922144663527511	active
11.98765306122449	-0.43780864197530867	0.7272379499441562	10.578947368421053	1.2105263157894737	1.866921100766299	37866.58512008595	3.435500000000001	0.7227909444999777	0.9831282755143236	inactive
12.164238473167044	-0.3846141975308639	0.8557269142497447	12.68421052631579	1.368421052631579	1.8717611155716685	38528.09371927747	2.922200000000001	0.541493562908866	0.9561764416423199	inactive
14.482071183040873	-1.3894589063728955	0.316761238770822	12.108108108108109	0.9459459459459459	1.7266520915618482	206483752.77132925	1.3820999999999997	0.20250484723394496	0.649834555237456	active
12.714643014613252	-0.4478407659360035	0.47144797456992965	10.6	1.28	2.0670426922357734	590885.6664414506	4.823400000000003	0.5360979407643252	0.9108350629395403	inactive
13.467265272878699	-0.6854535409842957	0.525070051615019	15.485714285714286	1.0	1.6164257869081737	80708513.50083414	4.375300000000003	0.19661834331089073	0.6052490336995874	active
13.08697694472902	-0.8580856061560429	0.35596462764532816	13.794117647058824	0.7647058823529411	2.8401052583948	12626219.886697628	3.5882000000000014	0.5446203883366324	0.9690516782402275	inactive
13.763965867160334	-4.892402549691844	0.19423388273238826	16.102040816326532	1.0816326530612246	1.541951898393764	31730992904.15521	4.178840000000002	0.22826349162258086	0.8482372825239011	active
12.282571806500377	-0.42836419753086363	0.7301306649014965	10.7	1.35	1.9866994205218769	54134.02952880117	3.743920000000002	0.5715937011698768	0.9490661499101881	inactive
12.187760770975057	-0.5142901234567898	0.6777516231107281	10.7	1.35	1.9634704397817584	51573.950385579315	2.768020000000001	0.4522791742684364	0.8981883363003429	inactive
13.18500747984379	-0.759089142863042	0.4368819704854645	20.727272727272727	1.0606060606060606	1.449126294778658	43440812.98232493	2.4466	0.12613974277914572	0.7146516956791863	active
13.439596560846564	-0.10973949147560225	0.39146974534478357	11.03125	1.03125	1.4634176958329554	42213902.50326604	4.3373000000000035	0.21713156825727267	0.6684512722774663	active
13.653641564931245	-1.176140257232879	0.19768076628647868	16.044444444444444	1.0222222222222221	1.5101982964682887	7244791383.6574335	4.455000000000003	0.07060577235367733	0.7954306927264337	active
13.274467102684696	-0.6087307886117417	0.5461975567107992	15.909090909090908	1.2121212121212122	1.5827512288893604	41107310.05062905	4.105900000000003	0.2266203435269511	0.7263531528618983	active
13.445210560259714	-0.5919365709246669	0.40881132522955	16.11764705882353	1.1470588235294117	1.4128341731805185	96045010.72109058	4.578600000000004	0.205049486938291	0.6307377020872393	active
12.282571806500378	-0.42836419753086363	0.7301306649014965	10.7	1.3	1.9819766601148991	53695.73212250784	3.743920000000002	0.5252875204287009	0.933388085266234	active
14.042005226026504	-4.847476829283116	0.23223730203970608	19.382978723404257	1.0425531914893618	1.5118558362890047	15588066502.339376	4.347200000000002	0.2576607847702469	0.7342762457345416	active
11.952276077097505	-0.04356481481481489	0.7204620198415452	10.823529411764707	1.3529411764705883	1.903778830914685	17547.425910823647	2.951900000000001	0.3414201943517394	0.7514434825915832	active
13.715968898252344	-1.0689195956160245	0.3614193809082541	17.08823529411765	1.1176470588235294	1.5081815832221432	60474963.844884455	1.8580000000000005	0.16864795538821895	0.8879147708999068	active
13.368847063002157	-0.6400784465020584	0.5813737441093618	15.787878787878787	1.0606060606060606	1.5963860527737563	32738306.429203812	4.366700000000003	0.20394118546810808	0.5855518208002944	active
12.716566987906273	-4.404133834089191	0.6232898661677924	11.95	1.0	2.2128647824088423	44804.234306808656	3.0665000000000013	0.5364466378723913	0.9266796154036833	active
13.901258941108326	-1.1018171033845643	0.2810680735732491	12.342105263157896	0.8157894736842105	1.56420091681432	791267425.3896759	6.002100000000005	0.05282676151859871	0.7968905964268466	active
13.476669396153522	-0.6683641975308638	0.7340634869140499	10.7	1.3	1.9819766601148987	53695.73212250784	3.574600000000001	0.5329391461470286	0.9298112340872227	inactive
12.129494047619048	-0.5163706223230029	0.7527056772559997	10.571428571428571	1.2857142857142858	1.9120153360620187	93791.7295815142	3.4441000000000015	0.7092863042619499	0.9776658497675914	active
13.051434712773998	-0.7301834136432355	0.8172518215992288	26.791666666666668	1.1666666666666667	1.704176883075523	251684.72481662408	3.4859000000000018	0.508945489179617	0.9759946500764825	active
13.941258941108327	-0.9907059922734531	0.259688804682495	12.342105263157896	0.7631578947368421	1.56420091681432	791267425.3896759	6.607100000000006	0.2110034775985658	0.6978005767987563	active
13.908760085263062	-1.0736448501765292	0.36005526389778836	26.27027027027027	1.0	1.8326249985523426	35028707.215500385	1.7112000000000023	0.3840442739468808	0.8565847706472608	active
13.338023280084759	-0.7060947341899728	0.5234037477465193	15.823529411764707	1.2058823529411764	1.5795323823208072	55520307.57406042	4.245000000000003	0.1878193670239452	0.5923351920142916	active
13.560476358441278	-0.6607196397077357	0.5779349216439061	16.15625	1.15625	1.5684011898115813	23258789.089073196	4.236400000000004	0.27471606084251354	0.7565231790414567	active
13.053424744897956	-0.6723361914210131	0.8638103613489105	29.666666666666668	1.0833333333333333	1.4832845225290874	363134.14750808664	3.2399000000000022	0.37686474017906196	0.8769117616715172	active
14.470235863036779	-0.8727059975224669	0.4520201384381207	15.157894736842104	0.9736842105263158	1.6721760898158822	287868444.3693659	4.523000000000003	0.20138572892837245	0.6106767697338713	active
13.286425043156857	-0.6607196397077357	0.5779349216439061	16.15625	1.15625	1.5572478595841037	22535385.80433116	4.236400000000003	0.20624178903678486	0.7392325979994583	active
13.941258941108327	-0.9907059922734531	0.259688804682495	12.342105263157896	0.7631578947368421	1.56420091681432	791267425.3896759	6.607100000000006	0.15003675998552482	0.7283336114418318	active
12.261949247291511	0.03002491969009813	0.6786713803127206	10.722222222222221	1.0555555555555556	2.1849071251802252	24687.272947986596	2.0563	0.6271263186811089	0.8762798673694744	active
13.902421492548655	-0.9908420466952219	0.3012081896435563	12.45945945945946	0.8648648648648649	1.5639736764905474	515002842.19061273	5.730800000000006	0.10642682313579166	0.7154552482044143	active
13.312931311413456	-0.05767977870160368	0.423696597277139	11.066666666666666	1.1	1.4436411312467285	18893190.43572573	3.745400000000002	0.24507456791534704	0.7693499763061057	active
13.053424744897956	-0.6723361914210131	0.8638103613489105	29.666666666666668	1.0833333333333333	1.4832845225290874	363134.14750808664	3.2399000000000022	0.36692030789316227	0.8729691934307187	active
13.051434712773998	-0.7301834136432355	0.8172518215992288	26.791666666666668	1.1666666666666667	1.704176883075523	251684.72481662408	3.4859000000000018	0.5394950601997932	0.9530122838315963	active
13.401942239858908	-0.16896017048794776	0.39764929922658	11.03125	1.03125	1.4634176958329554	42213902.50326604	3.732300000000003	0.3722722130295425	0.8407997756724994	active
13.441942239858909	-0.10646017048794776	0.39146974534478357	11.03125	1.0	1.4634176958329554	42213902.50326604	4.3373000000000035	0.22462581133290424	0.6887494883575978	active
12.255451625094484	-0.0399248866213151	0.6444730412108102	10.38888888888889	1.1111111111111112	2.2894162793582558	24489.75014559996	1.9193799999999999	0.4841082270172641	0.9415713486987425	active
14.324607549070027	-1.0175259301251371	0.1812425659079677	11.568181818181818	0.6590909090909091	1.3761804036540861	21475175191.88724	7.678000000000007	0.09064356226049433	0.6730634465375203	active
12.282571806500378	-0.42836419753086363	0.7301306649014965	10.7	1.3	1.9727184119450012	59752.0642769737	3.743920000000001	0.5760941667198937	0.9835973287325819	inactive
13.703907651473557	-1.1439694753398746	0.20559002630239856	15.978260869565217	1.0434782608695652	1.5137937941314101	10073163496.866297	2.8634600000000017	0.35545824502387874	0.9207680146276466	active
13.600755070546736	-0.15085548416897554	0.3505536860898898	11.0	1.1176470588235294	1.5172392200113978	103628453.49939074	4.345900000000003	0.1653422019559223	0.8133549982793992	active
13.216922521066039	-0.6107857772738732	0.538969653258269	16.15625	1.09375	1.5775679737699368	23880876.402963024	4.750700000000004	0.1861261028642228	0.7309902285825233	active
14.23028688344494	-0.9692034378213823	0.48045659066393626	15.35135135135135	1.027027027027027	1.6504303218479968	164086169.27520162	4.653500000000004	0.15641221413954662	0.6039386515004836	active
13.027187965470343	-4.493270463277904	0.6979392738273666	13.0	1.1666666666666667	2.1276250397578007	251727.8011340051	5.048980000000002	0.2241978036797701	0.6327073559677459	active
9.993444822373394	-1.2274896069538934	0.4777865842451994	30.15	1.45	2.0942646460475802	48948.28904716982	-1.6883100000000006	0.40683298393693285	0.7853111481379572	active
12.161388416477703	-0.51590765936004	0.6777516231107281	10.7	1.35	1.9263037690537623	57999.41232082151	2.768020000000001	0.5944868509942635	0.9674372039854913	inactive
12.895658733802673	-5.1707717941263205	0.3222759388395738	18.818181818181817	1.2424242424242424	2.0775073749584414	12109049.711955544	0.20210000000000206	0.4282311438344635	0.9014830857301906	active
13.51970846286683	-4.917337940394227	0.24901800875445937	17.022727272727273	1.0909090909090908	1.7956646175869297	2204732186.0462174	3.422900000000001	0.04771013567132558	0.7714691434483235	active
12.211939602229782	0.05704979213907779	0.6170840138000484	10.882352941176471	1.0	2.274369562502265	14036.809803963835	2.810200000000001	0.7505409131362033	0.9379244931442788	active
12.380887188208618	-0.13912037037037028	0.7885238917590689	11.85	1.1	2.0804451143924987	55748.13437203679	3.671280000000001	0.27371686932435085	0.7132368950126641	active
13.592806932141798	-0.6669187242798362	0.41103945228588273	15.777777777777779	1.0277777777777777	1.4435448546386438	207108690.09453756	4.172900000000003	0.20201789818670632	0.6734274756054514	active
12.293199247291511	0.07084124622071042	0.6670445819834877	10.944444444444445	1.0555555555555556	2.1849071251802252	24687.272947986596	2.6101	0.6060261659369046	0.90096840963362	active
13.493264553908496	-0.09744782480893566	0.34598626624675893	10.93939393939394	0.9090909090909091	1.4633838269824682	62436775.73973072	5.380100000000005	0.23430471715382767	0.7339457024430729	active
13.497379780245943	-0.29150905905467295	0.3707810822968909	10.970588235294118	0.9705882352941176	1.4792724716865693	89374700.5791247	4.302500000000004	0.24256908059118965	0.8294385670550588	active
13.59096020588625	-1.1185651438541948	0.2199603493379519	16.186046511627907	1.0930232558139534	1.4918167124819768	3553876394.755929	2.5432000000000006	0.3312194373258316	0.852488639971203	active
13.636105386650119	-1.6251903597426267	0.24608490991212095	19.477272727272727	1.0909090909090908	1.482355037453949	4783747558.965415	1.9875000000000014	0.33937484924765365	0.8205184519910456	active
13.5402663141065	-1.456787581964849	0.26032531083343696	16.595238095238095	1.1666666666666667	1.7893642337453202	1180072139.5549319	2.3841800000000006	0.3391858234201614	0.8950370129210511	active
13.592280224251722	-1.11528582286654	0.2199603493379519	16.186046511627907	1.069767441860465	1.4918167124819768	3553876394.755929	2.5432000000000006	0.09877220723169722	0.7634866484916146	active
13.599224668696166	-1.1029401438541948	0.22294777123023807	16.186046511627907	1.0	1.4918167124819768	3553876394.755929	3.148200000000002	0.06300314056495807	0.819709782497526	active
13.537001851296582	-1.0759077259487613	0.2860202186313948	16.951219512195124	1.0975609756097562	1.7833012125705305	656712651.8787203	2.8805000000000014	0.1260528583468244	0.7952179588988207	active
13.68027150065209	-1.1257930350106566	0.21050681064469662	16.155555555555555	1.1333333333333333	1.5091564962630686	6801257451.360745	2.498540000000001	0.2864839049710158	0.8716525248808038	active
13.589224668696167	-1.1233483071195007	0.2199603493379519	16.186046511627907	1.069767441860465	1.4918167124819768	3553876394.755929	2.5432000000000006	0.3081399379969658	0.8505171058560085	active
13.181660455478998	-1.0229154734922232	0.32299670515952583	17.514285714285716	1.2	1.7512967688378192	56597868.67953344	1.2835000000000008	0.5570906950852447	0.9300203590123851	active
12.511903526109199	-4.3594698365457285	0.6232898661677924	11.95	0.95	2.118773862916099	44985.39292260471	3.0665000000000013	0.6778472286931909	0.9112732507422218	active
12.190672241118671	0.029272014361299892	0.6336232917968305	10.882352941176471	1.0	2.274369562502265	14036.809803963835	2.7011000000000003	0.6520209825928884	0.8995827404837599	active
12.504228878317985	-4.331183397939576	0.6470426196011942	11.952380952380953	1.0	1.9191489980791354	70412.26953000849	3.1256000000000013	0.4854079015442574	0.9703263525145348	active
13.366599304475388	-0.04538811203493709	0.39243876106279424	10.96774193548387	0.967741935483871	1.4420831161564165	30224836.464175556	4.788200000000004	0.4000488085284872	0.8382875317116347	active
12.334958427815572	0.06485591458805762	0.6335085685706999	11.0	1.0	2.2822420529193823	20628.941483577648	2.6645400000000006	0.5468196588433754	0.8830637963709295	active
13.93583802274098	-0.9984837700512308	0.309581076758767	12.342105263157896	0.8157894736842105	1.56420091681432	791267425.3896759	5.366300000000005	0.055648506063130834	0.7783997409402625	active
13.1801641191456	-0.6450946397077357	0.5938666406403572	16.125	1.15625	1.5684011898115813	23258789.089073196	3.1709000000000014	0.34837519149931206	0.7996292267005747	active
12.297543461829177	0.013929988662131354	0.6786713803127206	10.722222222222221	1.1111111111111112	2.248366723391765	24489.75014559996	2.0563	0.5672709564560405	0.8661485030006217	active
12.215277305366591	-0.43340765936004044	0.7301306649014965	10.7	1.35	1.9263037690537623	57999.41232082151	3.743920000000002	0.6293213396268817	0.9817285246804591	inactive
12.223658352229782	0.07235591458805746	0.6300536324372557	10.882352941176471	1.0	2.274369562502265	14036.809803963835	2.3561199999999998	0.5700233525980563	0.8828211148226243	active
12.83536328420257	-0.28665732342319616	0.6301789108659128	10.882352941176471	1.0	2.274369562502265	14036.809803963835	2.1868	0.5800700627762941	0.894310447041226	active
12.058190114008568	0.2206676351095993	0.5930580770939952	11.117647058823529	1.1176470588235294	1.992354670423384	11197.758018761775	3.028900000000002	0.5548850059920458	0.874169371161725	active
12.206946806500378	0.012260802469135967	0.6336232917968305	10.882352941176471	1.0588235294117647	2.3142653038028795	13797.07407128044	2.7011000000000003	0.5235321549886877	0.9039645906462799	active
12.27516298185941	-0.053881172839505886	0.6214166056399674	11.0	1.0	2.3148250355748976	19063.60891528064	3.3545000000000016	0.4339891719178814	0.8282411871815273	active
12.138730631141346	0.07840277777777782	0.6224308831812042	10.75	0.875	2.3390420314531206	9923.302412937335	2.0477	0.4907742783003864	0.8302959894366557	active
12.815329452035126	-0.24972705131435258	0.6656887230718124	10.944444444444445	1.0555555555555556	2.023332339863186	22170.440452167048	2.2459	0.4123151728842082	0.9271006373230084	active
13.202863284202568	-0.37753695305282586	0.6774914994407878	10.842105263157896	1.2105263157894737	2.30402905685122	34979.03004388997	2.1954000000000002	0.4417957857741594	0.9528020468322272	active
13.674897959183674	-0.7101563681027965	0.6324075039965741	11.0	0.9444444444444444	2.3948807723001506	20265.576253880423	2.3259	0.38398412946233973	0.8742130009834953	active
12.104512428058154	0.21934047461577233	0.5672121906629936	11.166666666666666	1.0555555555555556	1.8808027861021064	18415.95658753146	3.4190000000000023	0.26897908862869013	0.9398679250249867	active
13.406267951625095	-0.37929988662131486	0.6774914994407878	10.842105263157896	1.2105263157894737	2.3304776790139523	35049.29092291298	2.1954000000000002	0.35258000179504306	0.9463318600961194	active
12.39762329931973	0.05506944444444439	0.5349846588752196	10.944444444444445	1.0555555555555556	2.3213039612366595	24838.67917661971	2.7696000000000005	0.32176158201609684	0.9231048800134882	active
13.65406462585034	-0.3513600718065002	0.6301789108659128	10.882352941176471	1.0	2.3595811764044043	14195.395868648111	2.1868	0.444952292959202	0.8154274353746731	active
13.126196617535903	-4.71967474489796	0.4826575179760235	12.0	1.0476190476190477	2.3342147522080547	63695.28685540375	3.2056000000000013	0.35900459751325864	0.9732962216155311	active
12.24106465734442	0.09087738567649284	0.6928247256460257	10.789473684210526	1.105263157894737	1.9595979780783404	38733.42021511716	2.1154	0.4498466952456505	0.9504764934066997	active
12.536436602418746	-4.859072105694129	0.6241325584121488	11.818181818181818	1.1363636363636365	2.219667915896948	96162.18724422503	3.5997000000000003	0.33042684729691335	0.8436569014386281	active
12.419543178382465	-0.07773919753086433	0.6728279499844142	10.842105263157896	1.2105263157894737	2.3304776790139523	35049.29092291298	2.7097000000000007	0.36083903297723346	0.9246970952525272	active
11.932476379440665	0.22362906273620564	0.6154899334180128	11.0	1.2666666666666666	2.2830110617121777	4122.050718702812	2.2487000000000004	0.2888209543696477	0.9183271766090754	active
12.290952853363567	0.06923611111111105	0.6300536324372557	10.882352941176471	1.0	2.3595811764044043	14195.395868648111	2.3561199999999998	0.4454514881388936	0.8399422638396885	active
13.08204266692903	-1.0605154758694624	0.36648141964571357	16.714285714285715	1.1428571428571428	2.049486740102218	33577689.24299899	2.1240999999999994	0.05039983612371528	0.7273910092729043	active
12.39987748803225	0.026404596560846594	0.6784840406266259	10.761904761904763	1.0952380952380953	2.021848222820718	97070.76740609237	2.1239999999999997	0.42151715580809085	0.8821441032059051	active
12.10198365457294	-0.20883975812547217	0.5633598200445077	13.666666666666666	0.8888888888888888	2.103900650842579	22981.164167809817	2.544200000000001	0.572439773694813	0.8653868393592354	inactive
13.113759220911096	-1.0182858438625935	0.32789190968006365	17.323529411764707	1.2058823529411764	1.7528690677146948	36985301.33550804	0.8934000000000009	0.2299426333166999	0.8197601206356054	active
13.469540519171652	-5.164441468965122	0.5037264667056948	28.885714285714286	1.2285714285714286	1.8075863695374195	21524854.813122578	1.0971800000000007	0.4344509544097576	0.852004024475672	active
12.035428004535149	-0.0857407407407409	0.5647556673817496	10.666666666666666	1.1111111111111112	1.8808510137839571	26744.059406693465	2.8904000000000005	0.7774942739471239	0.9648224633937483	active
12.15211010330058	-0.02464710884353738	0.5382346135061886	10.4	0.95	1.7856665190669754	77907.13693298394	4.137600000000002	0.5172412648106678	0.8396276720225888	active
12.198725329638027	-0.03281326110691185	0.481046872398941	10.523809523809524	1.0476190476190477	1.7816590038601423	110034.70092975367	4.900100000000002	0.7103563635590519	0.911581072121384	active
12.077094671201815	-0.011666666666666936	0.5275946130012502	10.666666666666666	1.1111111111111112	1.8808510137839571	26744.059406693465	3.623800000000001	0.31073448383317337	0.7216754237953231	active
12.047943436633911	-0.2098322940287225	0.54164592865654	10.4	0.95	1.7856665190669754	77907.13693298394	3.669100000000002	0.5572481459838549	0.8636589028889233	active
13.272287021289998	-0.6805328798185941	0.6759389651549571	15.6	1.2	1.6947401948001475	6911130.988435867	2.8123000000000014	0.18142873534395634	0.6782635264920163	active
12.078228930461073	-0.1555990173847317	0.5275147798324802	10.526315789473685	0.9473684210526315	1.8932085935955498	36765.486524452244	2.957300000000001	0.23952275505735546	0.6461470164775824	active
13.127666908208033	-1.0602816965348534	0.15226355145760612	12.764705882352942	1.1176470588235294	5.551104657767035	6873644.101638149	1.6098000000000008	0.21681304056818368	0.8234341019609049	active
13.512688767636682	-3.835297794629279	0.5385680259145699	21.142857142857142	1.2	1.4535928458836416	44653362.60556087	3.1906000000000017	0.24185912118813252	0.7417202884702373	active
12.076091584782061	-0.16358229402872237	0.6834057017399089	10.65	1.15	1.7801468510242078	70503.16604750456	4.039020000000002	0.23638093702537052	0.632474464660298	active
13.455682594797176	-3.7319181649996502	0.5927219986950237	19.454545454545453	1.2424242424242424	1.4783523723477914	49711587.4299763	4.059680000000003	0.26921857908047375	0.700383378024981	active
13.612429291562812	-3.811232977471929	0.44851950065326246	18.81578947368421	1.2105263157894737	1.4520846214113705	332137217.8929668	4.024480000000003	0.1446990276128923	0.7241180578511869	active
13.370476662887377	-0.6374366969009833	0.643387609218501	15.074074074074074	1.2222222222222223	1.8264041317673452	2228666.8126597935	4.110000000000002	0.15165739209347823	0.8427359774175281	active
13.429033718055631	-3.578431754374599	0.5180857071878658	15.457142857142857	1.2	1.6662445232863563	46346080.01107119	2.7771000000000017	0.40779363221215237	0.8336036530958075	active
12.927418272864701	-0.2870508944318473	0.6597209287605736	16.16	1.16	1.6749357004587393	707379.3239760897	5.079500000000003	0.4793072390509191	0.9104503893395788	active
13.514011820777693	-3.6801357575922435	0.6061137544986807	21.757575757575758	1.121212121212121	1.483958134049557	41062094.24851742	4.012700000000002	0.10393629389795246	0.6872903795921683	active
14.02460183610481	-0.9731052768329556	0.6675429432981888	20.1875	1.1875	1.6221318186103701	26189894.974205237	2.7647000000000013	0.2136393758026627	0.6252000698229265	active
12.076863189720331	-0.011435185185185048	0.7292401868900106	10.944444444444445	1.3333333333333333	1.866729037102395	24763.468620989337	3.260320000000001	0.26916406146957883	0.682945059710781	active
13.630762314184931	-0.3749170374766313	0.3889072341446162	17.97142857142857	1.1428571428571428	1.399142783399082	89527219.31136389	6.1219000000000054	0.12360500785453643	0.8125894673187772	active
14.02923146573444	-0.7326886101662891	0.687464767157707	20.967741935483872	1.2258064516129032	1.5873819636937911	17084823.826976933	3.124500000000002	0.21851944905763368	0.661952542246457	active
13.585993808788945	-3.8075657109269154	0.4887033402399182	19.10810810810811	1.1891891891891893	1.4781791874164865	221319619.58942044	3.463180000000002	0.4689699966631359	0.8554501925159463	active
13.510682594797176	-3.7552514983329837	0.5640147416322046	19.58823529411765	1.2352941176470589	1.4717339938580913	40284894.006357856	4.449780000000003	0.33981493258247686	0.8355988921153905	active
12.223244520030235	-0.003379629629629566	0.7292401868900106	10.944444444444445	1.3333333333333333	1.9438322133164496	25132.526729266752	3.260320000000001	0.47750361803403424	0.8395772383649603	active
13.503721261652808	-0.9001103710219427	0.6399581177539437	18.75	1.15625	1.537848942858753	37476702.86473579	3.3449000000000018	0.23553985269710073	0.7212770592861267	active
13.449658289241622	-3.7768487205552055	0.5542211443498137	20.441176470588236	1.1470588235294117	1.4409359188118236	33483417.653598383	2.8005000000000013	0.211023472220976	0.8742912209939498	active
13.451855434303349	-3.4973348316663153	0.5938340896710826	20.0	1.21875	1.4803346035209972	27062701.193533823	4.556000000000004	0.16017542280564756	0.6528861452397856	active
13.328459860796169	-0.6807454648526081	0.6421088255185609	15.483870967741936	1.1935483870967742	1.6705717786785295	10927861.863660742	3.2024000000000017	0.29191252767837816	0.6953868906572823	active
13.449375049019709	-3.8048811279626142	0.6157761815270262	19.454545454545453	1.121212121212121	1.4683700508210695	26272298.439678334	3.1262800000000013	0.1335890225679823	0.7357229881707151	active
13.512688767636682	-3.835297794629279	0.5385680259145699	21.142857142857142	1.2	1.4535928458836416	44653362.60556087	3.1906000000000017	0.23431107719503647	0.7327555871317665	active
13.050636889014864	-0.32233279268497617	0.6409128158093472	15.74074074074074	1.2222222222222223	1.6810060436540155	1741396.3695251993	5.088100000000003	0.3695353324243295	0.9976476974993491	active
13.61595807689084	-4.026884151394208	0.4938360474511647	20.789473684210527	1.1842105263157894	1.4493817759815792	265433921.0204262	3.4744800000000025	0.4618924461397272	0.8764370432796539	active
13.483336915784832	-3.63441816499965	0.5710373034204539	19.757575757575758	1.2424242424242424	1.4705872583407205	49711587.4299763	3.9349000000000025	0.14524836096620167	0.7134533423346113	active
13.466692623036868	-3.620570463760503	0.5180857071878658	15.457142857142857	1.2	1.6981436093854159	46590406.62344142	2.777100000000001	0.22887060869443895	0.6872247387105193	active
13.458771074787938	-3.408196863278644	0.5205427734005493	15.571428571428571	1.1714285714285715	1.6810583783339257	48839752.702844694	2.605900000000001	0.42432040844874	0.8326988877771058	active
13.398926760519021	-1.2088147203325774	0.7141839072571545	18.25	1.2142857142857142	1.7641304695761757	2898488.6289113346	4.159700000000003	0.42183012601096087	0.8800961534772132	active
13.500682594797176	-3.7952514983329837	0.5620628896469915	19.58823529411765	1.2647058823529411	1.4717339938580913	40284894.006357856	2.869080000000001	0.2303244590024171	0.6686095048933297	active
13.472432900259378	-3.7337700168515027	0.5982322762083417	19.757575757575758	1.121212121212121	1.46093524471586	26272298.439678334	3.001500000000002	0.45494272507288097	0.874668842269233	active
12.08054799697657	-0.00532407407407387	0.7292401868900105	10.944444444444445	1.3333333333333333	1.866729037102395	24763.468620989337	3.260320000000002	0.27304019910902755	0.6859699714685101	active
13.594608214631887	-3.8503440909255766	0.537955160577435	19.833333333333332	1.2222222222222223	1.4608745202060223	141590418.00314218	4.076280000000003	0.2712454233557048	0.8230180608230822	active
13.426035618371927	-0.6744440245233905	0.5852528429202921	17.545454545454547	1.121212121212121	1.4091453188457375	65437545.836390726	3.592500000000002	0.21955517095483854	0.6936196150782937	active
13.433663347685261	-3.5464081461147283	0.5357490136597978	16.029411764705884	1.2058823529411764	1.631659716631534	30560828.873726252	3.1369000000000016	0.3744930013254007	0.8247974112981169	active
14.260665706097253	-0.7370636101662891	0.6475000506562233	23.696969696969695	1.121212121212121	1.4611955607970506	76497388.25786524	3.6571000000000025	0.3081412269783696	0.8456252601502882	active
13.402598235281765	-3.4061873146675326	0.5529644944545921	15.676470588235293	1.1764705882352942	1.6997761306872847	30891207.609620593	2.2158000000000007	0.2474044617116412	0.7710516051417818	active
14.577302965167547	-3.7840038603889155	0.47471973709225174	24.83783783783784	1.1891891891891893	1.4912406426925107	380207738.58808786	4.648180000000004	0.2125258181915882	0.8435745009786494	active
13.61487961388259	-3.995340823414867	0.6062042234115708	19.84375	1.1875	1.808702909205955	13006078.926216075	2.5349000000000004	0.3165362972948244	0.7849175146291405	active
13.276916650919626	-0.44344954648526147	0.6949663952768478	16.275862068965516	1.206896551724138	1.6499276264552347	4555015.739712894	3.1721000000000013	0.16393348874345903	0.6844475355275169	active
13.380067633534894	-3.697566313147799	0.6325779196676399	16.967741935483872	1.2580645161290323	1.7120381947696386	9751073.124164838	3.622600000000002	0.3452760412583261	0.811454588318961	active
13.46050517392193	-4.053492239073724	0.5190624563700035	16.294117647058822	1.2352941176470589	1.6713079790978527	37466441.64907067	2.7757000000000014	0.17143069434367025	0.7188055146762553	active
13.276916650919626	-0.44344954648526147	0.6949663952768478	16.275862068965516	1.206896551724138	1.6499276264552347	4555015.739712894	3.1721000000000013	0.19253010099475748	0.6778925555266634	active
14.182980062816371	-0.729959451373142	0.6086662816000805	22.38235294117647	1.1764705882352942	1.3365261219921194	130827062.98847221	3.9047000000000027	0.13002561930915696	0.7700753914811058	active
13.455682594797176	-3.7319181649996502	0.5927219986950237	19.454545454545453	1.2424242424242424	1.4783523723477914	49711587.4299763	4.059680000000003	0.2631424412187422	0.6937325385675953	active
13.336353953235715	-0.5090878002435548	0.6024079412935601	15.67741935483871	1.2258064516129032	1.6007939872796126	11918092.854080949	3.065880000000001	0.17352011792661332	0.605280080276248	active
13.642999981628451	-3.910945340556546	0.44721217848214406	20.641025641025642	1.1282051282051282	1.4583681186334463	199545470.25994542	2.594100000000001	0.15621898936485942	0.6369694753005366	active
13.275708144368858	-1.1712019321617535	0.7539882358953905	18.846153846153847	1.2692307692307692	1.763839332989991	1179572.3989157218	4.151100000000003	0.4091996082303531	0.9009005797915988	active
13.61595807689084	-4.026884151394208	0.4938360474511647	20.789473684210527	1.1842105263157894	1.4493817759815792	265433921.0204262	3.4744800000000025	0.41818139749602584	0.873830054674497	active
13.439504935850984	-3.8708533501848357	0.5769688148923903	16.363636363636363	1.303030303030303	1.6772810440910428	25617629.286888044	3.5163800000000016	0.27420377243223976	0.7760354715850408	active
13.449658289241622	-3.7768487205552055	0.5542211443498137	20.441176470588236	1.1470588235294117	1.4409359188118236	33483417.653598383	2.8005000000000013	0.16192290386630948	0.8684159421360401	active
13.374782174845755	-0.681163417527505	0.599963105942466	15.375	1.1875	1.6402345988336997	18081775.26411356	3.592500000000002	0.20111823734140397	0.5854824402315131	active
12.40170493197279	-0.0788803854875284	0.4982556684717378	11.090909090909092	0.8636363636363636	1.6461678694230186	236600.97453415813	4.777000000000003	0.328428613352228	0.6682278651296328	active
13.687383377880536	-3.817461246557341	0.3895772072675725	18.625	1.2	1.4364179302886901	868051132.8127578	4.803080000000004	0.308991107710828	0.7789478474801798	active
14.256036076467623	-0.9774802768329551	0.6310991668620473	22.88235294117647	1.088235294117647	1.4943444236276622	114030368.31674205	3.2973000000000026	0.13299643276417852	0.7047603336371712	active
13.340503196649028	-0.7279629629629631	0.6280142933836949	15.516129032258064	1.1935483870967742	1.7160477533081306	9912293.9922836	3.465700000000002	0.1632109232909719	0.698854733919693	active
13.7697930382842	-0.7778968253968255	0.6521765771912013	15.516129032258064	1.2258064516129032	1.7046111796057453	9745008.069069896	2.9514000000000014	0.21402777261319458	0.755012770012026	active
13.483336915784832	-3.63441816499965	0.5710373034204539	19.757575757575758	1.2424242424242424	1.4705872583407205	49711587.4299763	3.9349000000000025	0.13434818515199423	0.7113126157932779	active
13.619513260064863	-0.38441484001007864	0.6310806596857562	16.03846153846154	1.1923076923076923	1.685812377025862	997509.0992634572	5.218600000000003	0.44981901227095317	0.911047900912334	active
13.35821271101033	-3.813885757592242	0.6232166235153843	19.193548387096776	1.1612903225806452	1.4814585112613317	21874935.891630113	4.207000000000003	0.1610387067088691	0.6479266863655704	active
13.7697930382842	-0.7778968253968255	0.6521765771912013	15.516129032258064	1.2258064516129032	1.7046111796057453	9745008.069069896	2.9514000000000014	0.31688184279072507	0.759153051154728	active
13.340503196649028	-0.7279629629629631	0.6280142933836949	15.516129032258064	1.1935483870967742	1.7160477533081306	9912293.9922836	3.465700000000002	0.281815154843547	0.7656247901469505	active
13.181217403628118	-3.796891749340792	0.7066788286536689	20.814814814814813	1.2222222222222223	1.7868613400232376	1321215.2582196896	3.8606000000000025	0.2848221356370654	0.7820066842329749	active
13.443336915784831	-3.794418164999651	0.5833497216603628	16.727272727272727	1.2727272727272727	1.692551218100687	19305452.56366286	4.305680000000003	0.13393096443173147	0.7032499027400603	active
13.6354102096014	-0.5558071897772476	0.73344185574224	16.16	1.28	1.6749357004587393	707379.3239760897	4.532100000000003	0.43666439359143555	0.8644134751355486	active
13.73032789186356	-1.0145405538758714	0.32960782499925606	12.108108108108109	1.027027027027027	1.6941281527867826	221547596.15236405	5.858200000000005	0.12128592368731986	0.8580150032614179	active
13.41321271101033	-3.8372190909255752	0.5905943711038222	19.34375	1.15625	1.4649356159731421	16416725.69422204	4.597100000000005	0.17678312150330325	0.7661230523680798	active
12.7746022297808	-0.30073507180650005	0.5771029549850707	11.0	0.7916666666666666	1.8710872683193582	567831.4212740917	3.2622000000000018	0.34255183657867067	0.8020300730860525	active
11.601201420382967	-0.558259007306626	0.31343520544484943	10.8	1.2	2.0972740006885093	58845.82701811119	1.9155999999999995	0.3882265074564726	0.8943251523566491	active
11.311536438649533	-1.1358248299319726	0.4753379739804853	12.11111111111111	1.3888888888888888	2.548568974159402	8539.278534607894	-2.868099999999999	0.565905778900452	0.9024622344732547	active
11.530262188208617	-0.2556916099773241	0.7487812423768543	10.466666666666667	1.2	2.4125895433359164	3426.976149286677	0.6567999999999999	0.34025838641977035	0.8383849814250177	active
10.431481481481482	0.3125000000000002	0.28239623999098273	9.0	1.5	3.134861511345448	72.49526582754562	0.22580000000000017	0.33261636407640827	0.6659481486055908	active
4.053510015117158	0.6791666666666666	0.6769346849476513	13.272727272727273	1.7272727272727273	2.2307954820968985	480.86064456780684	2.5776000000000003	0.4021356320692071	0.9456300720615037	active
5.072795729402872	0.8372222222222224	0.4688607712542894	9.333333333333334	0.8333333333333334	3.6934830872422997	295.5292938179993	2.0608	0.4222629387957455	0.9629523215889492	active
13.383894794028722	-3.932149646481131	0.5775915936184867	16.5	1.3125	1.7033537658080773	15548160.110397607	3.1262800000000013	0.22093502399471746	0.7195346099151807	active
13.594608214631887	-3.8503440909255766	0.537955160577435	19.833333333333332	1.2222222222222223	1.4608745202060223	141590418.00314218	4.076280000000003	0.1874556554858429	0.7890276336462398	active
13.70838037761401	-3.8978138055543803	0.4490252017403599	20.025641025641026	1.1538461538461537	1.4643467178711431	268342382.64738014	2.550200000000001	0.40765368866115764	0.8469814389254186	active
13.394052973041067	-3.610760757592242	0.6520501436657845	19.580645161290324	1.096774193548387	1.4985128328362236	10036303.646592308	3.3766000000000025	0.21529781362556968	0.7669404194451273	active
13.702780444471689	-1.269867961073318	0.7290679787675891	18.62962962962963	1.2962962962962963	1.7720711943283907	1663284.4091661437	4.290200000000003	0.3561031943626157	0.8162896154590169	active
13.7697930382842	-0.7778968253968255	0.6521765771912013	15.516129032258064	1.2258064516129032	1.7046111796057453	9745008.069069896	2.9514000000000014	0.21629327655152342	0.7652997991318378	active
12.358904006046863	-0.009022108843537602	0.5453443811515541	11.238095238095237	1.0952380952380953	1.6478957860280359	154489.28737886346	4.710100000000002	0.2835378696362765	0.7333170218085113	active
13.986098259847324	-0.4545418613984069	0.3269197904185625	11.0	0.9705882352941176	1.477435151194721	86427293.40261497	5.519200000000005	0.21422086398505075	0.6386474548918332	active
13.398926760519021	-1.2088147203325774	0.7141839072571545	18.25	1.2142857142857142	1.7641304695761757	2898488.6289113346	4.159700000000003	0.34532563318622855	0.8275715395603932	active
12.475586104812296	0.052071523053665913	0.42582509121113504	10.956521739130435	0.8695652173913043	1.5620003079888245	441949.80380353134	5.957300000000004	0.42595211111861303	0.806231076193154	active
13.191750755857896	-0.4715107709750572	0.7117003584337049	16.535714285714285	1.2142857142857142	1.6681709474130182	2574183.7879254776	2.9114000000000013	0.23242154166676962	0.8169268169013807	active
13.261567823518806	-5.4332006840686	0.24253301649513392	17.210526315789473	1.1842105263157894	1.7758750341211296	171410280.37279597	-0.2535999999999967	0.37555096811788774	0.8100905025957408	active
13.61487961388259	-3.995340823414867	0.6062042234115708	19.84375	1.1875	1.808702909205955	13006078.926216075	2.5349000000000004	0.22581223818349203	0.7508702199759839	active
12.111088907785337	-0.08796012849584289	0.7513683850991492	10.789473684210526	1.368421052631579	1.8281332425863346	43201.984735485035	2.9605000000000006	0.29989294116859727	0.731030906073171	active
12.500894431846811	-0.3477770596994778	0.6644198644330088	15.74074074074074	1.2592592592592593	1.4715895705136224	1283331.2884960996	3.294200000000001	0.2140266577204834	0.7330779760233185	active
12.217133408919125	-0.014629629629629548	0.7292401868900106	10.944444444444445	1.3333333333333333	1.9438322133164496	25132.526729266752	3.260320000000001	0.2581635593517586	0.8348791113766793	active
12.37141943814563	-0.1331136621315192	0.4637061392894021	10.956521739130435	0.9565217391304348	1.5620003079888245	441949.80380353134	5.488800000000003	0.19195782937912925	0.5768429969064729	active
13.545206163885819	-0.13807518686486908	0.2927344761672539	11.0	0.8823529411764706	1.477435151194721	86427293.40261497	6.033500000000005	0.20876937703716658	0.6146512280601154	active
13.637725024416216	-0.59703385032209	0.7087309203499199	16.03846153846154	1.2307692307692308	1.685812377025862	997509.0992634572	4.671200000000003	0.41404483165443967	0.8928657490801277	active
12.400570672713531	0.06505196523053636	0.4589516075075975	11.238095238095237	0.9523809523809523	1.6478957860280359	154489.28737886346	5.443500000000003	0.34153370795004545	0.7650056696353258	active
5.154818121693122	0.9142129629629633	0.5509158141740411	10.23076923076923	1.3076923076923077	2.5982775174064674	1536.3686534734218	3.3045100000000014	0.4973114427599409	0.7960460100734104	active
11.31173469387755	-0.4492384731670447	0.6480849496389218	14.538461538461538	1.0769230769230769	2.655061525356702	1078.8442537451363	2.2276999999999996	0.6793542879343599	0.8783095240633544	active
11.345150419365787	-0.1759619341563785	0.7649198651947398	10.055555555555555	0.9444444444444444	2.085441900172752	15984.622430655161	3.459200000000002	0.7232481165376292	0.9635638719079332	active
12.89355185343957	-1.2574113010039236	0.7749701955614847	10.333333333333334	1.3888888888888888	2.595469443421668	8753.237681994713	0.4427999999999999	0.656568462080025	0.9136338372940571	active
13.252992724867726	-4.391525934549924	0.6460053375585231	17.333333333333332	1.0	1.7743458803143524	6594717.7589413915	4.054100000000003	0.195554229367561	0.7253349294090717	active
10.881481481481481	-0.025679012345678487	0.4711758525933405	9.3	1.3	2.8526279288191434	237.587417309747	2.1081	0.48625281554894867	0.8597349614185588	active
4.619205719324767	1.0739813765012178	0.4490644198756372	11.4	0.65	1.5677796561680748	104034.16819293235	5.705400000000002	0.5350331718583091	0.886035239936167	active
12.90974613160691	-0.38594623960695373	0.7452239218242064	10.818181818181818	1.0	1.9991466389437345	126585.36105883833	2.556520000000001	0.4654880406119744	0.8919746807965818	active
11.9021385224774	-1.4406163872441982	0.08486630434811851	26.15625	0.78125	3.330538062166623	4343307.672674451	1.6064999999999996	0.37583556546521213	0.9095892005821454	active
12.119168556311415	-1.8574036281179145	0.615574356254711	19.956521739130434	0.9130434782608695	2.1085344270154884	126896.18742936917	-2.268099999999999	0.47637707635317417	0.8162573666372301	active
12.509200627781976	-2.7464429099829233	0.2586315801966103	11.0	1.0689655172413792	2.3103772365043014	3415973.990497433	2.1419999999999995	0.26161792470759027	0.6808323302560255	active
10.552328889551216	-1.276630900077177	0.7107378835828181	10.2	0.8	1.973886716210255	33997.28176810619	0.0030000000000000027	0.5065631132020814	0.8414023659622433	active
5.341120559334845	0.9208390022675739	0.5731348904238734	10.0	0.75	4.041784405967148	2714.3052865680856	3.6212000000000026	0.5109452759348505	0.9856112934938799	active
12.486635487528345	-0.10296296296296359	0.6956942950633703	24.181818181818183	0.5454545454545454	1.914329409699709	245797.25765842202	3.282000000000002	0.03801262548735647	0.8250828657397348	active
11.908478258587385	-1.32697656840514	0.6511252448279088	25.045454545454547	1.0	1.9681617222066574	128968.53052773217	-1.2075000000000007	0.3386978389875483	0.8269844047690708	active
4.796018518518518	0.6412037037037042	0.36933407705557747	19.25	1.375	2.34993673877678	93.1025933890692	0.914	0.30655101641141475	0.716529202089312	active
13.470991236772486	-3.696918164999651	0.5630701793481663	17.03030303030303	1.2424242424242424	1.6835887050800147	19305452.56366286	4.180900000000003	0.16329964614883816	0.6816870369139852	active
13.6354102096014	-0.5558071897772476	0.73344185574224	16.16	1.28	1.6749357004587393	707379.3239760897	4.532100000000003	0.43637555745855466	0.9196936873932308	active
14.324389679884806	-0.7832435726050448	0.5147100386942733	19.594594594594593	1.2162162162162162	1.5091187783223123	244060968.70610258	3.0649000000000015	0.29662501774031896	0.841294345783391	active
13.547698885109599	-0.5506311413454279	0.6155809191247799	15.392857142857142	1.2142857142857142	1.8388022625393767	3065595.7580021136	4.500100000000002	0.10673866057064442	0.792028161114141	active
12.875476662887376	-0.2232237339380203	0.727162179324709	16.291666666666668	1.2083333333333333	1.6683265371901423	482583.8580970603	4.426100000000003	0.2814912781769173	0.7766681007885444	active
12.138591584782061	-0.052471182917611214	0.7480374337738054	10.65	1.15	1.7801468510242078	70503.16604750456	3.7741200000000017	0.24358538665786797	0.6326397767075564	active
12.070832581119378	-0.20471193415637856	0.529831045933265	10.045454545454545	1.1363636363636365	1.7090403108850296	183521.79837331246	3.7718200000000017	0.8146805731321909	0.9352011810602078	active
13.092627078609219	-0.5704459561602422	0.7126377080697944	16.037037037037038	1.1851851851851851	1.6980609065920897	1679303.5488788746	3.504800000000002	0.29222903166465347	0.6954392611541781	active
12.418034664483077	-0.14127981439489368	0.3703816742516695	11.041666666666666	1.0416666666666667	1.5504515087214703	623737.6808812494	6.251300000000002	0.7978270895233698	0.9549100293166181	active
14.014185169438145	-1.3509987953514737	0.6019052426463177	20.0	1.1515151515151516	1.669261080015734	36327436.17521564	2.2912999999999997	0.2075371960261543	0.7630100149202707	active
13.096851948372962	-0.30958627278071726	0.4424213269448405	11.344827586206897	0.8620689655172413	1.471878910078459	8695088.879693752	4.1701200000000025	0.1837682540960078	0.8363860628809546	active
12.022363000755858	-1.2842370559334844	0.49170020600639636	10.956521739130435	0.7391304347826086	2.3951104010988047	126896.18742936917	-2.0984	0.5217016793966632	0.8009438925862808	active
12.265284584142808	-0.24281378600823023	0.4024000063730804	10.083333333333334	1.0	1.730614673590962	387295.84163439757	4.018740000000004	0.3392573380804583	0.8467590538134565	active
12.379915154256786	-0.9583944719132445	0.7040108922550186	14.68	0.92	1.7221302459955798	391385.09823801776	1.2440000000000002	0.4950097111843331	0.9906470714729533	active
12.397362353522166	-0.9459026901906935	0.7685872751314005	14.68	1.0	1.7221302459955796	391385.09823801776	0.8990199999999995	0.5037276737644562	0.8680143532131623	active
13.355271557697153	-0.4460015117157978	0.47532557082457577	11.838709677419354	1.0	1.860765541739211	12931634.136541	4.620620000000003	0.1453209279758506	0.7535284267586418	active
10.91254582388511	-0.45008975812547214	0.4495209813517867	15.307692307692308	1.3846153846153846	2.419819378137984	950.2567875843068	-0.17790000000000017	0.3785459916442343	0.8361095813141423	active
11.12324074074074	-0.1559111111111109	0.5248027379463859	10.090909090909092	0.9090909090909091	3.4555464838177836	256.3467847697368	1.6476	0.25042638235045633	0.5119217217846126	active
12.090911753590325	-0.5645984767363739	0.4901700998395578	12.96	1.32	1.6963870035257251	913522.6336685838	1.4767999999999997	0.27000278903506825	0.7171276503031689	active
13.339757180650038	-3.407635757592242	0.6650989339686971	19.433333333333334	1.1333333333333333	1.5085837747722393	14878537.497307438	3.918300000000003	0.16726726201547334	0.6198209627086205	active
13.57819227499693	-0.09499128663811174	0.3216282800842715	11.0	0.9705882352941176	1.4774351511947208	86427293.40261497	5.688520000000005	0.24160673440199504	0.7296401645576477	active
12.001076152683297	-0.15060185185185193	0.6701496109283253	10.944444444444445	1.3333333333333333	1.873765147707769	24444.52708022315	3.525220000000002	0.35066159615758935	0.6846692837745163	active
13.588678233398754	-0.7582596109431428	0.5763229741398124	15.303030303030303	1.2121212121212122	1.6444442407688447	25337697.792392794	3.731600000000002	0.2838737677088127	0.6952846363792082	active
13.435870220773495	-3.4620606704705597	0.5529644944545921	15.676470588235293	1.1764705882352942	1.7289700240107746	30941973.020521205	2.2158000000000007	0.24072898573451884	0.7651369671708677	active
13.247138999118164	-3.8133070538885385	0.6700833800668161	16.6	1.2666666666666666	1.712653380412566	6157041.596512419	3.2794800000000013	0.3666363950849684	0.8153078946385044	active
14.146367787855883	-3.631200572407057	0.573646164861633	23.78787878787879	1.0	1.4630436853160316	37828585.61610881	3.3290000000000024	0.24096048924839603	0.7244530207774517	active
13.317790279177512	-0.47253476596399935	0.6431622990731736	16.166666666666668	1.1333333333333333	1.6531713805515396	6381869.527874318	3.8255000000000026	0.22663819872087482	0.7432128393710516	active
13.311166472366418	-4.58350194533565	0.569721043193297	15.705882352941176	1.1470588235294117	1.604941903728858	32068205.1216503	3.7448000000000015	0.12338367358393011	0.6653935760722929	active
13.616539702945722	-0.751289577559419	0.5795611420695925	17.764705882352942	1.1470588235294117	1.42451905321905	40669130.65008866	3.874100000000002	0.2730138565275895	0.8056949655875805	active
12.294826152683296	-0.00476851851851845	0.6793273052153419	11.052631578947368	1.3157894736842106	1.9516276348946586	36095.82950330528	3.2707200000000016	0.3106777479896612	0.718251498519045	active
13.207739827412446	-0.8493398447341902	0.6785333658276944	24.333333333333332	1.037037037037037	1.4742249135264087	2035197.1722299994	4.260800000000002	0.46907473506238856	0.9490091679700109	active
4.854020009238263	0.5541028911564629	0.7676419196227249	9.846153846153847	1.1538461538461537	2.1524843861676635	1629.760421312178	2.1875	0.6026361534578594	0.9594744367778	active
9.92201388888889	-1.770833333333333	0.2738439535871248	11.444444444444445	1.5555555555555556	4.090340515801205	74.37070548558485	-0.6611	0.0496232613089312	0.8905879974274988	active
8.460795776643991	0.20494425547997008	0.5749614240811024	9.0	1.0714285714285714	3.155880995267157	1305.0459264409658	1.3923600000000003	0.2604539184541162	0.7023972285764343	active
12.86880999622071	-0.5959089191232054	0.7339027450144417	16.2	1.2	1.696191471328367	678544.0900978424	3.952700000000002	0.2269054293085369	0.7278441681570847	active
12.27159580498866	-0.18582451499118124	0.794183462450602	10.26086956521739	1.2173913043478262	1.8191016316854616	198405.1822473671	3.9410800000000012	0.3929496293367595	0.8564926900283465	active
13.14885723733938	-0.5033829393687246	0.5467831356160404	10.857142857142858	1.0714285714285714	1.6366989666782181	4271530.572123697	2.825100000000001	0.1962833122933599	0.8536549867017856	active
13.051764872305245	-3.879728749109836	0.6674960955005589	17.724137931034484	1.2413793103448276	1.8655890041846879	4002308.857670867	1.8356999999999994	0.34341071807423423	0.8184943160505488	active
12.16887707860922	0.0017620937263795877	0.6693686036929605	10.789473684210526	1.105263157894737	1.8864610476774235	37631.01198019933	3.932220000000002	0.43457961029109227	0.8032562448806866	active
13.455495725553597	-2.9542622099803815	0.44687620867262495	15.45945945945946	1.0810810810810811	1.591295174099809	175741924.1445091	4.968100000000004	0.46250055960948105	0.8413323286722614	active
11.623938964474679	-0.16958333333333298	0.7978512725226904	10.533333333333333	1.5333333333333334	2.1006957234717536	3782.98625115775	3.134520000000001	0.20491671131650294	0.6001180774386146	active
12.905093571685384	-4.407307614990695	0.8197041783167737	18.48148148148148	0.9629629629629629	1.758413030834995	1890633.602722603	2.9293000000000013	0.23309004712652143	0.7391114806171774	active
12.29065381708239	-0.014920687410766575	0.49203915114511826	11.166666666666666	0.5	1.7656677835002488	494966.5681869795	4.939600000000003	0.17802844928051198	0.7310973287101588	active
11.397787863264158	-1.0536699351198042	0.5560148004649582	10.875	0.9583333333333334	2.0093568660667103	166076.06679846926	-0.05250000000000021	0.6314092787690027	0.936762897408623	active
12.255851993575208	-0.39910454459561584	0.7264647655468736	20.35	1.1	2.0538502232888645	59831.80581930575	1.5858999999999999	0.3417992053007214	0.7134317489394449	active
13.80073609536407	-0.7037152448087693	0.44015358727106774	15.125	1.15625	1.8243624467392419	19515384.29777917	4.043300000000003	0.1503713238560702	0.9043049478517976	active
12.495399659863946	-0.12702160493827153	0.7486348621452906	12.285714285714286	1.2380952380952381	2.1083047088971822	78719.9370788792	4.683580000000002	0.3110729248639707	0.7174390555129381	active
13.472856390643189	-0.12522560258671334	0.36891495448126593	10.93939393939394	0.9090909090909091	1.4633838269824682	62436775.73973072	4.775100000000005	0.21721604208619286	0.6605776585462867	active
12.638094923154448	-3.658175955688131	0.661814621516798	11.185185185185185	1.0740740740740742	1.8922053306604758	1073443.7216609598	3.3766000000000016	0.2532787224323494	0.8084978598107178	active
12.412359624035311	-0.22656685668094467	0.5348994953035218	12.08695652173913	1.0869565217391304	1.8237327337140747	224896.20551449645	4.060800000000003	0.4800998050105444	0.8945953053730661	active
12.641181185437137	0.2124673511379862	0.5458796961954645	11.36	0.88	1.6569979341435304	578522.9131212785	5.323200000000005	0.7166764256395195	0.9604092296694494	active
14.326106693086414	-2.260281980867525	0.08161708098879662	26.444444444444443	1.0740740740740742	1.29042876534623	626225170651.6927	-0.09009999999999796	0.04778303630586818	0.8265920065534808	active
12.358159891188391	-0.9361200723078424	0.7230430312406163	14.75	1.0833333333333333	1.6987736173065358	266964.99300494924	0.6997000000000005	0.378778123391385	0.8462814057845582	active
14.274742583404649	-1.1441893817712274	0.3864367881873538	20.657894736842106	1.1578947368421053	1.3549856707107235	853770664.8632535	4.825000000000004	0.33942509215884636	0.9460243724480708	active
12.670476662887376	-0.37252928949357567	0.7747547433722919	15.956521739130435	1.2173913043478262	1.6538900128944876	351726.64106587844	4.002900000000003	0.42140617688381227	0.9080940460861201	active
12.346911039030449	-0.944173984207908	0.7725355036252199	14.75	0.9583333333333334	1.6987736173065358	266964.99300494924	0.5906000000000003	0.42808668938995165	0.892037662800838	active
12.635222782218182	-1.354619569237925	0.5763227383596949	12.4	1.2	1.7194268487317208	698309.5933731179	2.618520000000001	0.3455487014969072	0.7988252759959539	active
11.902314814814815	-1.6882511337868475	0.32331231143346845	29.8125	1.125	2.1798575285120654	3867.430123779731	2.9135000000000018	0.41383401912029677	0.96904490508677	active
13.435102093306458	-0.3838548752834472	0.5301752278987993	16.258064516129032	1.2258064516129032	1.4512818379060928	18958445.490288988	3.6819200000000016	0.18282490789182015	0.8209876783064438	active
13.413117698974066	-3.430201743218968	0.7017684570237395	18.074074074074073	1.1851851851851851	1.7181035984026545	1290933.295968995	3.927000000000003	0.3899879152084793	0.8137991272617938	active
13.283709215167548	-0.2967602040816335	0.5343555379998935	15.766666666666667	1.2333333333333334	1.4483297079071396	14440593.58917403	4.373000000000004	0.24200421332970337	0.7725611508915884	active
5.733149880322499	0.7252343159486018	0.44144726269288276	11.0	0.6875	2.4397721399992816	6454.27180107526	2.5524000000000004	0.6372490934314435	0.861110160164019	active
11.464448223733939	-3.44224537037037	0.6947014224634946	11.428571428571429	1.2857142857142858	3.1269580555875662	1215.5386176841962	1.806	0.4773694777826338	0.9283782279606193	active
9.573829979625033	-0.10197982091179214	0.3638589512310325	12.28125	1.03125	1.5845607148575576	26256195.379560474	4.2641000000000036	0.34931609399678815	0.8506482576900241	active
11.714129346182917	-3.487738567649281	0.7571618838863213	12.588235294117647	1.1764705882352942	3.130031364446087	3975.888424564535	2.7950800000000013	0.3613477251098791	0.8536191897996437	active
4.616097174981103	0.6812613378684806	0.8399410248536084	17.647058823529413	1.1764705882352942	1.6372019750951292	17875.713031851046	4.2257000000000025	0.4373605911550769	0.91106590329842	active
12.20150604686319	-3.7404629629629613	0.6458964542905704	11.222222222222221	1.1111111111111112	2.4023311594454584	12358.656501801739	0.7159000000000003	0.185091348595734	0.8048672263076556	active
13.771994558530228	-0.987873887209205	0.32497708903389283	12.108108108108109	1.054054054054054	1.6941281527867826	221547596.15236405	5.721700000000006	0.3689078829327884	0.9867654032864748	active
13.590142103464753	-0.7648569643906946	0.5965554400102586	15.484848484848484	1.2121212121212122	1.6583970894116988	20864635.13968749	3.730000000000002	0.24174641714032238	0.7802619148407877	active
14.259939019589314	-3.775425013790589	0.47891583616568845	23.13888888888889	1.0555555555555556	1.4384417593208363	209814451.5208319	4.665480000000004	0.38155102482340764	0.8639015464908809	active
13.72754453006843	-0.3648702114250455	0.7866067074544043	10.636363636363637	1.1363636363636365	1.8398376934109477	117435.83018712861	4.208500000000003	0.3373166216667375	0.8245971615355615	active
5.048148148148148	0.7950925925925928	0.5537426119928397	9.090909090909092	0.9090909090909091	3.8624101150224392	169.85318124863062	1.4126	0.29554608785545283	0.8663143814759674	active
11.407341864343543	-1.1412189625393439	0.40462746733382715	13.047619047619047	0.7142857142857143	1.941650819057238	2111073571.5470035	4.834640000000004	0.22492348164655726	0.7103679714205426	active
13.16042389280815	-0.591133471907282	0.610260461709596	16.258064516129032	1.1612903225806452	1.5614800391821075	16685426.463458363	3.492300000000002	0.2602304329527906	0.7066757585023491	active
12.621229765054169	-1.4238408604182415	0.697797898745364	12.333333333333334	1.1666666666666667	1.900572833941512	353332.36450656696	1.92384	0.25991414325566187	0.791289935946022	active
4.590130385487528	0.7802834467120182	0.7013101010787974	11.736842105263158	0.9473684210526315	2.228607980845603	48943.50285356756	3.1313000000000013	0.18626153569421397	0.6663229372672578	active
13.60961928772081	-0.7759809355841101	0.5821296815203599	17.764705882352942	1.1764705882352942	1.42451905321905	40669130.65008866	2.7204000000000006	0.2639976484617934	0.8923113434527177	active
13.613949973835126	-0.7735729507852527	0.5848600171221902	15.735294117647058	1.1764705882352942	1.6505273104864533	26390927.75424128	4.1201000000000025	0.17015912044748052	0.7689678455862969	active
12.248455057949105	-0.16451877047115127	0.7542512728973427	10.636363636363637	1.0909090909090908	1.829105416518248	121163.25938212452	4.722800000000003	0.37753657145735137	0.9779744506863426	active
12.395602726831985	-3.5123431214769396	0.6600811144037051	11.333333333333334	1.1851851851851851	1.8573408347538065	1015760.5272128601	4.424300000000003	0.16422197638014394	0.6896399721933012	active
13.483313098387502	-1.1501103710219427	0.6350372950868367	15.9375	1.15625	1.7518384437939019	14460208.148822328	3.5909000000000013	0.1434011446610345	0.6669760372616873	active
12.824916855631141	-0.3085057634164785	0.6734512191131105	16.5	1.2916666666666667	1.6647949944332103	482978.0206334271	5.1079000000000025	0.28737504865011376	0.831732767922519	active
12.911793272864701	-0.3026758944318473	0.6954626771075287	16.16	1.16	1.6749357004587393	707379.3239760897	4.474500000000003	0.4757469465903266	0.9391692031189202	active
13.093802656350606	-3.619387807592171	0.7048181826504182	15.846153846153847	1.1538461538461537	1.8275127590103712	1022406.2796518459	2.495400000000001	0.2082326676720659	0.6814625719578002	active
13.329371653754091	-3.7453106759679184	0.6066248296024178	19.8125	1.375	1.472948791395341	24763740.07865553	2.41188	0.15085300625649986	0.6162129999160619	active
12.585354098429494	-1.3880781788023848	0.3700966516695975	17.09090909090909	0.7575757575757576	1.7472605732203803	17548920.071957238	-2.822799999999998	0.13304977886663732	0.6382204245123485	active
13.349722887241825	-0.2641743302259181	0.4327302264036341	15.516129032258064	1.032258064516129	1.442212006292271	19170820.484099504	6.020800000000005	0.22489421475586607	0.68913011878251	active
13.38416973733938	-0.6034353741496605	0.5223548117902296	15.516129032258064	1.096774193548387	1.4906244432499747	22302430.10737811	4.254500000000003	0.1999461883480646	0.6390282176985984	active
12.644084939531368	-0.8067268203577729	0.7215116751806726	12.125	1.125	1.900281520977484	321276.28959063743	4.867800000000003	0.41323854983257635	0.9236308122899684	active
13.240708144368856	-1.1156463766061977	0.7413833019636912	18.846153846153847	1.2692307692307692	1.763839332989991	1179572.3989157218	3.539500000000002	0.22737436445983808	0.7644643666153541	active
12.23980253212396	-0.08511778785588286	0.7798342382094987	10.636363636363637	1.1818181818181819	1.7957159942644063	121802.26292411095	4.3778200000000025	0.6009954289484217	0.9192250186119602	active
12.34048560894465	-4.429361180164423	0.6614075014675231	11.407407407407407	1.1481481481481481	1.7936936049633243	937284.0479226316	5.010500000000002	0.2539642773408129	0.6654207835261481	active
12.178543083900227	-1.3144444444444454	0.6636690510675125	12.705882352941176	1.0588235294117647	2.062729036327946	17466.494283647582	0.6859999999999999	0.47014422204404954	0.9852344806048886	active
11.744530029604434	-0.3819864890400593	0.7826772179049588	23.6	0.95	1.9180016363358487	66044.92999672142	1.3836999999999997	0.29837038875506516	0.7441481879491098	active
12.508832108237424	-0.4683246813134627	0.44067209513896394	15.233333333333333	1.1666666666666667	1.3406886391811161	5110493.017360812	1.8441999999999996	0.2916859486998212	0.795803333411068	active
13.628465765156957	-0.5640716525871647	0.7544587841469912	16.16	1.28	1.6749357004587393	707379.3239760897	3.927100000000002	0.34981454277843604	0.823203860045606	active
13.038276948592756	-3.7999506986436544	0.6743609410334629	22.178571428571427	1.2142857142857142	1.7535195405381678	2701635.0434626825	1.8849	0.2899804784786726	0.7581958133532707	active
12.28204790249433	-0.5232257361545785	0.7651956162974839	10.541666666666666	1.125	1.872003909282015	283576.5550914756	3.1683000000000012	0.4432423445813449	0.8296217984295498	active
13.69032789186356	-1.042318331653649	0.35688778192605186	12.108108108108109	1.027027027027027	1.6941281527867826	221547596.15236405	5.253200000000004	0.328263481217327	0.9302973383289511	active
12.896587773998487	-0.5414644746787609	0.6864499725386649	16.2	1.2	1.696191471328367	678544.0900978424	4.0618000000000025	0.24788291861266656	0.7244466915662436	active
13.286054894179895	-0.29197704081632714	0.5343555379998935	15.766666666666667	1.1666666666666667	1.4483297079071396	14440593.58917403	4.373000000000004	0.1164850183773148	0.6711189378066821	active
13.850683155215775	-0.42963151927437715	0.4293069161062473	16.15625	1.28125	1.4591556436204236	26730612.797087025	5.530320000000003	0.15662071408704714	0.6006277688593749	active
12.840754440665155	-0.4107237339380203	0.7491268522807287	16.625	1.2083333333333333	1.6683265371901423	482583.8580970603	3.713700000000002	0.29756331015197074	0.7396628736082824	active
12.522066227026786	-0.10933195050033051	0.6218403867982928	14.241379310344827	1.1379310344827587	1.4403077772742185	6492905.706600839	4.544000000000003	0.3242616225441009	0.7870176300025054	active
13.271568011463845	-0.10574499244142066	0.4779526241955278	10.827586206896552	1.0689655172413792	1.648575540550114	6248272.623465797	4.326700000000003	0.3475808013641594	0.7749170187216263	active
13.136448885109598	-0.14220521541950193	0.6731920188238273	18.125	1.0833333333333333	1.7430832736925717	497523.5611676788	4.7988000000000035	0.41716768620647493	0.9225847579319745	active
13.542459608843537	-3.868492239073723	0.5599930833137884	21.470588235294116	1.2058823529411764	1.4901646212682642	73022045.9082625	3.127600000000002	0.266234952657534	0.814556065486169	active
13.786849159299834	-0.47758892587491064	0.7706924522236294	10.625	1.2916666666666667	1.8757357959237373	287451.5431080738	4.217100000000002	0.36338450496710084	0.805494321499421	active
13.02455709701576	-3.797592212039136	0.714880075582997	22.555555555555557	1.2222222222222223	1.8178313896283806	1623694.20038107	1.6372999999999993	0.2465918969365704	0.6891388856038412	active
13.497234977324261	-3.559579593411439	0.6650989339686971	19.433333333333334	1.1333333333333333	1.5739471463171253	15004571.84933646	3.918300000000004	0.2279546134841073	0.7946282234996209	active
13.688131535021416	-3.781686874825177	0.4823826288545191	19.16216216216216	1.2702702702702702	1.4906576075885873	221671039.57097438	4.287080000000003	0.18839571519837384	0.5635681317664565	active
13.393727743067501	-0.5860143717981026	0.7259857326930655	16.076923076923077	1.2307692307692308	1.6901791342554968	985502.6369161231	3.493000000000002	0.23209397510255667	0.7394759212779896	active
13.424717218307588	0.038593369446544123	0.46063927822556927	14.193548387096774	0.967741935483871	1.41144576812073	30224836.464175556	4.716700000000004	0.34707591219149264	0.7801954551633111	active
14.125456113000755	-1.275188702024021	0.2726936772636277	12.19047619047619	1.0238095238095237	1.6290980995169861	2750030285.2843657	5.328800000000005	0.09306803685838073	0.7822796483863433	active
13.68309578924162	-4.023170041521863	0.5641836864344889	19.636363636363637	1.1818181818181819	1.825955603416648	18657215.28193131	3.1883000000000017	0.20177606491545594	0.6457246465827412	active
12.018271289997479	-0.05777082283530666	0.7990764629259253	16.727272727272727	1.2727272727272727	2.04670535624204	144636.33142856805	3.271180000000002	0.33533479056951226	0.8500876609921268	active
11.918306957042077	-0.42998157596371844	0.6443406376910615	16.0	1.3333333333333333	1.9503098904627334	102634.70410474765	3.409620000000002	0.736193160580487	0.9295627807867336	active
13.681577891863562	-1.0500961094314272	0.39304504473661506	12.108108108108109	1.0810810810810811	1.6941281527867826	221547596.15236405	4.012400000000002	0.36549214076220965	0.9280184757980368	active
13.411634070294784	-0.8977297099395316	0.7241560077573302	18.666666666666668	1.2592592592592593	1.790329249628361	1735525.5552080302	3.9181000000000017	0.2888412249854384	0.9367701309159907	active
12.735234788359788	-0.5379779226505412	0.7464176000902987	20.0	0.9130434782608695	1.907265297246934	169073.43782485285	2.564400000000001	0.4565014778019741	0.8910864867664701	active
11.339058484504914	-0.03171012849584254	0.5145232399883986	10.0	1.0714285714285714	2.617310666084741	2243.920685821139	3.2085000000000017	0.5122690480270604	0.7956738338369005	active
12.36747118291761	-0.14933358528596608	0.7856750944674603	10.521739130434783	1.2173913043478262	1.8319020921134428	206595.89018097098	4.078000000000002	0.21586299710094586	0.8509627302634538	active
13.673800114085783	-1.1473183316536495	0.3772590908331365	12.108108108108109	1.0810810810810811	1.6941281527867826	221547596.15236405	4.648200000000004	0.32588228848681866	0.963300580697889	active
11.996909486016628	-0.1436574074074073	0.7163314692639696	10.944444444444445	1.3333333333333333	1.873765147707769	24444.52708022315	2.7918200000000004	0.3106345528538802	0.7219840501005571	active
14.209386324700386	-4.098723801399734	0.3038212526855208	16.897435897435898	1.1538461538461537	1.4722615001121484	576804791.1418245	5.168300000000004	0.14914833522673082	0.8431235182741134	active
13.60892821712018	-3.55115446741777	0.4979224758653104	16.942857142857143	1.2285714285714286	1.7162715686377248	37418918.416405424	4.639300000000005	0.38726670484644954	0.7810011854423884	active
13.418000283446712	-0.4307237339380203	0.6813087971694856	21.3	1.2	1.4843992775492967	12512416.245130029	3.3146000000000013	0.2030684230188115	0.6793042003610309	active
12.221811539430586	-0.08597993827160466	0.7798342382094987	10.636363636363637	1.1818181818181819	1.8213259929342427	113202.73703845465	4.3778200000000025	0.554458549819671	0.9060647199718166	active
12.916448885109599	-0.1317885487528352	0.6999261953880773	17.869565217391305	1.0869565217391304	1.7240651912881926	357717.19041879324	4.408700000000003	0.5183931053221896	0.9110087873375203	active
13.161128275384229	-0.011694486436549356	0.47591352595048303	10.655172413793103	0.9655172413793104	1.6230879233088715	7286804.309295182	4.530100000000004	0.2149159927325911	0.6646368432537428	active
12.57367507922973	-0.15949305030654193	0.5055196610438067	10.607142857142858	0.9642857142857143	1.5100896525033738	3135898.4121282464	5.256700000000003	0.1504297334454547	0.7613765490017504	active
13.027626239056314	-3.8339738229109614	0.6415323669828971	17.82758620689655	1.1724137931034482	1.7445299132252035	4369895.091291533	1.5472999999999995	0.3413101650327892	0.8333997055630565	active
13.847791477702192	-0.5132158210506421	0.6640570540301841	21.962962962962962	1.1111111111111112	1.647624852900621	2621755.6326419283	4.768600000000004	0.32890202077252917	0.8625326634401913	active
12.728654099661494	-0.26256205001872535	0.6566926898199121	15.222222222222221	1.0740740740740742	1.62041580621604	2266450.9619677886	2.8420000000000014	0.6548433014138851	0.9014684122412338	active
11.399458459309649	-0.12404861636012421	0.7277102135895224	15.705882352941176	1.411764705882353	2.178228351999298	9314.924089585971	0.7765	0.31296468666134697	0.9089396865434973	active
10.893846371882086	-0.8899999999999999	0.5000707895810634	8.538461538461538	1.1538461538461537	4.351205679620966	543.459440590075	-0.5547000000000002	0.2352413210234045	0.6770619821230774	active
13.256486433195187	-0.5986375923826328	0.5461975567107992	15.909090909090908	1.1818181818181819	1.5660299500198849	40515086.177775174	4.105900000000003	0.10854166254874424	0.6692560624992248	active
13.544104448363708	-0.5494668052406155	0.5320502757413267	16.15625	1.15625	1.6015988375264683	24521725.283063676	4.439500000000004	0.24945936171704322	0.7410413355352091	active
13.757011999244142	-1.1004148951247168	0.6874018874184689	17.7	1.2	1.8026933959996934	6432371.560844315	4.025500000000002	0.12954701623585882	0.8247985051564414	active
14.133268613000755	-1.2612998131351316	0.2935213987602593	12.19047619047619	1.0	1.6290980995169861	2750030285.2843657	4.693000000000004	0.09869627421214196	0.7959828073374849	active
13.980412578943422	-0.3907818930041149	0.7866067074544043	10.636363636363637	1.1818181818181819	1.854694951949118	115931.6214310929	4.208500000000002	0.39234406656375437	0.8260276537310013	active
13.527097033257746	-1.187984339569161	0.6553457927666312	21.296296296296298	1.1481481481481481	1.6829919224474048	2544817.261467382	3.6224000000000025	0.2970522679509976	0.7938997694382475	active
13.848132134807612	-0.4398356009070301	0.49801524954696824	16.15625	1.21875	1.4591556436204236	26730612.797087025	4.4989000000000035	0.14996878648819012	0.845429271252413	active
12.223090986394556	-0.14214222726127468	0.7542512728973427	10.636363636363637	1.0454545454545454	1.8117162778886287	111604.32913398111	4.722800000000002	0.33089444793635897	0.923956053933625	active
13.774737895840664	-1.3682475907029477	0.6539003101868335	20.88888888888889	1.1851851851851851	1.678036221628148	2438915.620572692	3.3714000000000013	0.48041310253688513	0.888369635906416	active
12.402502204585538	-3.9059441531242123	0.7179180276389246	12.782608695652174	1.0869565217391304	2.2274877677888107	127568.02414179033	3.4766200000000023	0.25017028263699503	0.7019585730313801	active
13.364253625463043	-0.04866743302259158	0.39243876106279424	10.96774193548387	0.967741935483871	1.4420831161564165	30224836.464175556	4.788200000000004	0.397484278722575	0.8251042219740975	active
12.997757714660187	-4.565505388443162	0.7460193644944909	15.11111111111111	1.037037037037037	1.7292104465816167	828901.1578511272	0.9560000000000005	0.35856739684237526	0.8694840371403983	active
12.960068456729505	-4.670448961431417	0.7130128321501354	15.035714285714286	0.9642857142857143	1.743071191565407	1153103.943166821	1.6094000000000004	0.36664111143099176	0.9433959997466822	active
12.649889845795364	-3.8513311862917274	0.5809954949916659	12.566666666666666	1.0666666666666667	1.5009423921165215	8294038.630339371	2.762600000000001	0.3646790601190882	0.9864633357717346	active
13.273709215167548	-0.3123852040816335	0.5437144618780534	15.766666666666667	1.2333333333333334	1.4483297079071396	14440593.58917403	3.7680000000000025	0.10253557325680966	0.9316332908485586	active
12.930808453010833	-0.3292396804400781	0.735432828982774	16.0	1.2692307692307692	1.656265825278754	1184574.072179049	3.8853000000000026	0.27696708577483437	0.8906470915070754	active
13.466678307546363	-1.0212018665490892	0.5285638164691997	20.305555555555557	1.0	1.3292754403204408	253357355.6657013	3.8542000000000023	0.48178746511717485	0.9066292479483662	active
13.250965302417773	-0.29905930902916555	0.4995420078932054	10.7	1.1	1.5883047671017074	11570738.188984279	3.477500000000002	0.19587958856519577	0.68876960460794	active
13.189696040545398	-0.2993405652131653	0.6351732896330203	21.34375	1.21875	1.2019457231672381	20475289.23445622	3.798200000000003	0.372842516094817	0.8130766361880619	active
13.547698885109599	-0.5506311413454279	0.6155809191247799	15.392857142857142	1.2142857142857142	1.8388022625393767	3065595.7580021136	4.500100000000002	0.22055701772043595	0.9603362216771938	active
13.188390495086924	-0.2060323759133289	0.6000136661038464	17.92	1.04	1.7331128386109784	741592.582607948	5.452200000000004	0.5005746855051404	0.9847512427156496	active
13.575217269778282	-3.4228721941855516	0.6248118048749383	18.35483870967742	1.2258064516129032	1.811085581110182	7784291.387535793	3.321600000000002	0.23010585202899045	0.6867450142815504	active
12.178790627362055	-0.0900308641975307	0.80542102739655	10.761904761904763	1.3333333333333333	1.8184628032208723	84342.87984752611	3.4079000000000015	0.4724716406726859	0.9734777538427009	active
12.499179421768705	-0.11748173343411428	0.7848208582890037	12.708333333333334	1.25	1.5947837610088305	556051.2530401626	4.004300000000002	0.3029653730788827	0.928784939626356	active
13.228562122262797	-0.3363852221712069	0.7866067074544043	10.636363636363637	1.1818181818181819	1.8213259929342422	113202.73703845465	4.208500000000003	0.46629435112945933	0.8361262165180667	active
13.262704270240587	-0.3016184281623364	0.6351732896330203	21.34375	1.21875	1.2338382461015969	20564584.28656946	3.798200000000003	0.16679916404332373	0.6132932670459349	active
13.032235922146636	-0.6833547099395316	0.7361528289403804	18.916666666666668	1.25	1.71396844202712	477795.47968987655	4.210100000000002	0.40882969472544944	0.8774482775046772	active
14.41279793398841	-3.7726448333963223	0.6851600796442299	11.5	1.0416666666666667	1.9378497605850038	264299.262684358	5.272100000000002	0.5590826891466049	0.9520868484572398	active
5.44511213936941	0.3252767311170017	0.5467988229515709	17.1875	1.09375	1.3462403511427412	31319075.05371138	2.9251000000000014	0.15273213133775504	0.8827444650510193	active
12.15838246409675	-0.11780864197530838	0.8089003200516655	10.761904761904763	1.3333333333333333	1.8184628032208723	84342.87984752611	2.802900000000001	0.6458412517228197	0.9445108471108643	active
13.272287021289998	-0.6805328798185941	0.6759389651549571	15.6	1.2	1.6947401948001475	6911130.988435867	2.8123000000000014	0.2347341177570264	0.7996179262817006	active
13.498443405139833	-0.6154459561602423	0.6982960228769391	16.166666666666668	1.2	1.704427042064458	6594781.454164702	3.5143000000000013	0.1575937167324715	0.7626009249973574	active
13.720454565936965	-3.408643843051484	0.6745325367285978	16.17241379310345	1.2758620689655173	1.7132084972026378	3178890.23690381	3.9356000000000027	0.295486819581018	0.7826620839364561	active
12.351610751277128	-4.834489370016482	0.6950341732517828	11.384615384615385	1.1538461538461537	1.774501961900446	540583.5653642506	4.968000000000003	0.33197262575349573	0.8507916987575523	active
13.261291650919626	-0.47122732426303915	0.6664624695933373	16.275862068965516	1.2413793103448276	1.6499276264552347	4555015.739712894	3.5991000000000017	0.16429593800203549	0.667888248337606	active
13.32848970143613	-3.9669870008188446	0.6841376419842612	17.103448275862068	1.2413793103448276	1.78309196741746	3967116.685231614	3.674400000000002	0.1754560799355838	0.761098906946712	active
12.32970559159878	-3.455504653250187	0.7746386504473862	17.42105263157895	1.105263157894737	2.075344193932268	21872.460018169077	0.7583	0.5012212943025078	0.897964617720575	active
11.74307854623331	-0.38978599773242606	0.7453528197531899	10.444444444444445	0.9444444444444444	2.0597186740336046	21176.05545654861	2.9316000000000013	0.5363857277814685	0.9345984296063503	active
13.33882152669761	-0.0853881120349369	0.407024737963622	10.96774193548387	1.0	1.4420831161564165	30224836.464175556	4.183200000000003	0.5325436559093167	0.8816370284711668	active
12.255926765768034	-0.5071343214039394	0.7651956162974838	10.541666666666666	1.125	1.8401371165255203	282896.0631225111	3.1683000000000012	0.569512984284756	0.897506821098188	active
14.58767417375455	-1.9769646044075417	0.07807518101884203	30.06451612903226	0.532258064516129	1.3782406107752971	36328810369058.22	-5.028999999999988	0.545346577486021	0.984073821299455	active
11.35292044595616	-3.5791867835097	0.5902819584433281	11.1875	1.5625	3.243473756027108	2516.549365648394	0.7101999999999999	0.2777107213290288	0.674968011025287	active
12.957298962794994	0.05096674575179905	0.7032775042499595	14.76	0.96	1.5119256532452716	841397.7029790784	3.8506000000000036	0.32757540767228177	0.8758729089896661	active
13.254226662887376	-3.5966166304484743	0.7106900480338649	17.285714285714285	1.2142857142857142	1.778551086851115	2182415.6810421315	3.3857000000000017	0.1689195593770001	0.7517019364878819	active
12.30544866829499	-3.6140098142320904	0.6745717400296131	11.307692307692308	1.1923076923076923	1.8221732877006156	547019.9868969034	3.4078000000000017	0.36459583319084155	0.812654030603372	active
13.216089747627446	-3.4954143309058527	0.4363440630432078	11.5	1.1333333333333333	1.611924735262938	8322751.776306225	3.6910000000000025	0.24409110269700196	0.7220668323735047	active
13.500682594797176	-3.7952514983329837	0.5620628896469915	19.58823529411765	1.2647058823529411	1.4717339938580913	40284894.006357856	2.869080000000001	0.1932703350242714	0.6073371042793814	active
12.197483369376556	-3.401754653250188	0.7768985270041376	17.944444444444443	1.3333333333333333	2.042668083574119	16742.980277106268	0.8197999999999999	0.13671799513944083	0.8457349927015216	active
13.260965302417773	-0.09518812463256876	0.4895737274694607	10.833333333333334	1.1	1.5883047671017074	11570738.188984279	4.074700000000003	0.1516456247087537	0.8094165034572006	active
12.245010865457292	-1.273225736154578	0.7910767705825591	10.541666666666666	1.125	1.872003909282015	283576.5550914756	2.4329	0.2853014124824342	0.7700228626825376	active
13.169536328420257	-3.8693061985596704	0.701345593876378	17.896551724137932	1.206896551724138	1.937222715311131	3429486.413061306	2.4439400000000004	0.26985893451511334	0.9216790681659085	active
14.205592744813973	-3.0672021649673864	0.5262303999407147	25.763157894736842	1.131578947368421	1.3410672328276438	492906686.333333	3.8304000000000027	0.42199340948937764	0.9821008912245586	active
12.741908081111792	-3.1819954540797872	0.5929503816636613	15.125	1.09375	1.4548703274010693	16477243.81304115	3.541100000000003	0.21170337363572797	0.7154631467152928	active
14.092818011463843	-1.022236040249433	0.6192973970543347	19.96969696969697	1.1818181818181819	1.6378907189009835	37697412.59663794	3.4181000000000026	0.20656345366083634	0.6209071726980058	active
12.312249079817622	-0.1691713584409773	0.7544850991662382	10.48	1.12	1.8319494363578857	494590.9174290898	3.429000000000002	0.5266371897735007	0.8817244032613736	active
9.374814814814815	-1.2696759259259263	0.40619749005324385	46.46153846153846	1.1538461538461537	2.659390479692273	791.4231820442286	-2.0187000000000004	0.5268716451456612	0.9720662959586271	active
9.917685185185185	-1.5763580246913576	0.45600714707583334	15.8	1.0	4.069511908932012	106.7559107893634	-2.9170000000000003	0.09372612711054935	0.8952507467181192	active
13.058115551776265	-0.3181311413454275	0.7306156950111535	19.12	1.24	1.7030054243454995	694589.3842299558	4.639000000000003	0.36648845035136723	0.8437337228332775	active
13.56271450634636	-0.604078955656336	0.8009109072673009	10.636363636363637	1.0909090909090908	1.829105416518248	121163.25938212452	3.6942000000000013	0.4045884298423598	0.8967848089427077	active
13.332369308464635	-0.6727360743680195	0.5275926067825989	18.9375	1.1875	1.5164006596929895	25522366.93804483	3.8782000000000014	0.14368008910925287	0.6692077687364953	active
14.209386324700386	-4.098723801399734	0.3038212526855208	16.897435897435898	1.1538461538461537	1.4722615001121484	576804791.1418245	5.168300000000004	0.11373581864932329	0.8130051571308347	active
14.011986951473784	-0.9844189155868446	0.7440577712087284	16.076923076923077	1.1923076923076923	1.7172421087676433	997378.0766411464	2.978700000000001	0.21926165330694897	0.948888807752738	active
11.644280124086672	-0.5830659486016627	0.7734371638773304	20.181818181818183	1.3181818181818181	2.5675769967150224	90352.26721972766	2.72846	0.24502052974110636	0.6303396200831818	active
13.108482142857143	-0.5145045981355512	0.5965556651363623	14.88888888888889	1.1111111111111112	1.6145509171366452	3129649.449325802	5.221000000000004	0.5010418411557506	0.9214932272586094	active
13.71578585600907	-3.6841868748251776	0.4629466643455083	19.43243243243243	1.2432432432432432	1.4842358240172255	221671039.57097438	4.162300000000003	0.3488669352344725	0.8672561360471319	active
13.72157789186356	-1.022318331653649	0.3830484398292008	12.108108108108109	1.027027027027027	1.6941281527867826	221547596.15236405	4.617400000000004	0.37358739699650456	0.9397217564195872	active
12.350771447467876	-1.2663369236583513	0.8364481436603303	15.0	1.05	1.9987207298986138	56860.14392066015	1.1335999999999995	0.3133539207133226	0.8635116761147598	active
13.230068657092467	-0.028281368102796245	0.5017705064918349	10.928571428571429	1.0357142857142858	1.6280105211474925	4271530.572123697	3.792200000000003	0.1951905332931442	0.7414468833225012	active
12.186408257747543	-0.1559794658604179	0.7849470077397109	10.636363636363637	1.0454545454545454	1.7957159942644059	121802.26292411095	4.117800000000002	0.4021656902161397	0.8570808089209333	active
13.249257863896588	-0.5786883897077357	0.48979940055833193	16.15625	1.15625	1.5572478595841037	22535385.80433116	4.8598000000000035	0.2626204795212836	0.7563179110464893	active
12.354503968253967	-0.07641408415217898	0.7597745376627132	10.695652173913043	1.1304347826086956	1.801838364976728	198405.1822473671	4.631800000000003	0.5331196968258767	0.9397601190281344	active
14.314952353784651	-4.421774401128746	0.32361700591241604	17.026315789473685	1.131578947368421	1.4613104125163907	314745270.66580546	5.217000000000004	0.1710326825812614	0.728875015256786	active
13.64108229402872	-1.1016648951247165	0.6883630415780535	17.862068965517242	1.206896551724138	1.7983601307004538	4522517.86101763	3.683300000000002	0.22304689940656253	0.8411015179636223	active
13.73437035462333	-1.079910832388511	0.6146876413610033	17.483870967741936	1.2258064516129032	1.7186722048979324	12189436.816755483	3.309800000000002	0.18370453795235406	0.9057536493622349	active
12.203379629629628	-0.13125661375661335	0.8034989202914758	10.136363636363637	1.1363636363636365	1.7997728140683686	143277.05108409206	3.2876800000000017	0.5749748266243393	0.905286206337182	active
13.164733651743724	-0.30121266924873136	0.6508404936312154	18.93548387096774	1.1935483870967742	1.3695586082800744	18598251.141631633	3.798200000000003	0.2206144904067451	0.8407377234878757	active
12.427183484504912	-0.07245370370370363	0.7851627421857064	12.25	1.1	2.0804451143924987	55748.13437203679	4.030180000000002	0.23482386439296954	0.7372701358109025	active
13.111061025547858	-0.34062261929054816	0.7967767738732201	10.523809523809524	1.0952380952380953	1.8039060510745435	80913.86414105113	3.5551000000000013	0.42556576492705334	0.8538614201589485	active
12.19119142101285	-0.14860985134794635	0.7849470077397109	10.636363636363637	1.0454545454545454	1.7957159942644059	121802.26292411095	4.117800000000002	0.3822336592183506	0.8681196111999034	active
13.24943357898715	-3.8247209674477882	0.6413103465721011	20.535714285714285	1.2142857142857142	1.8065844559188027	1895107.5015984525	4.514000000000003	0.26998230142671553	0.8123345536159919	active
12.224891266691863	-0.21943733203157767	0.7602696107081889	16.875	1.3333333333333333	1.9567728001990756	489175.14486399764	3.6818000000000026	0.1757392547037802	0.6771261196498611	active
13.394335789871503	-0.4198441043083907	0.7070382452729385	16.714285714285715	1.2857142857142858	1.6904606176470074	3167401.725853651	4.072500000000003	0.22995949073338762	0.7728082034690706	active
11.461718676145082	0.006589506172840043	0.7993250936874834	16.68421052631579	1.0526315789473684	1.9000049365994442	19303.390932197595	2.876400000000001	0.5186182887985115	0.8946786135025089	active
12.799141891324432	-1.778814729297835	0.47873049159381986	11.777777777777779	1.2592592592592593	1.9887790134931782	1548252.0568654612	3.8030200000000036	0.221044325871075	0.862975810501108	active
5.828705435878055	0.7744009826152685	0.3483395143098433	11.117647058823529	0.7647058823529411	2.5297215862635367	9983.707030905933	1.9818999999999996	0.5601225393124523	0.8250255123578049	active
12.062860922146635	-0.10077160493827142	0.7747430588843123	10.65	1.3	1.7746352324759036	60410.66853654705	3.397500000000001	0.6019023952076641	0.9195901131334581	active
13.714824570291533	-1.6596503990294231	0.5436244283014613	11.515151515151516	1.121212121212121	2.2536053110768055	15302533.16738852	0.7282200000000003	0.1888132774087325	0.5779096928829336	active
13.817093804247033	-0.9414294900058804	0.2909896021669331	13.921052631578947	1.0526315789473684	1.4589628908193406	506630662.6045288	5.823800000000006	0.23824029878532413	0.8416561718283821	active
13.96539047409087	-1.4263741226050337	0.4983291483202812	23.705882352941178	1.1470588235294117	1.5145900206007297	74947426.02784093	3.5314000000000014	0.21034786272409658	0.7411984484635272	active
14.314952353784651	-4.421774401128746	0.32361700591241604	17.026315789473685	1.131578947368421	1.4613104125163907	314745270.66580546	5.217000000000004	0.16886255212217974	0.7612913477701139	active
12.863254440665154	-0.27183484504913147	0.7491268522807287	16.625	1.2083333333333333	1.6683265371901423	482583.8580970603	3.713700000000002	0.2681440144027703	0.9194805682528272	active
13.458308295540437	-3.837357371189215	0.6692919289771859	17.133333333333333	1.2	1.793842190144295	5695704.732158639	3.2325000000000017	0.20399789289642942	0.7153366676735587	active
11.758815577960599	0.02989711934156425	0.8049032195100566	15.826086956521738	0.8695652173913043	1.8185569751803121	270761.4850535407	3.1590000000000016	0.294620294312258	0.8306132890259655	active
12.574662733550719	-0.3955311033848117	0.5392252264002015	10.655172413793103	1.0689655172413792	1.5183961506787302	4359716.739774154	4.179100000000002	0.22635385225008275	0.7557280611052893	active
12.812044123204839	-0.2867787855883097	0.7200582074125422	16.5	1.2916666666666667	1.6534786291646735	514089.8136723813	4.179000000000002	0.24411627032892483	0.9262507533305907	active
13.51243472852104	-3.846277226110828	0.5864226808784829	20.40625	0.96875	1.5259193674657086	25548731.86057897	1.5371999999999992	0.15383320790700097	0.8187890902424159	active
13.993026476022507	-4.5337793576756855	0.3775968246638033	17.027027027027028	1.1891891891891893	1.5306646624480111	254028467.783683	3.0703000000000014	0.17098382032165427	0.6543729280977069	active
14.221099315146935	-1.122084829302091	0.5348239312286835	23.605263157894736	1.0789473684210527	1.287574932628145	840467397.5355644	3.8704000000000027	0.3117175858977045	0.7773780120162367	active
13.90113020905995	-1.146314129818594	0.4065568709445843	16.82857142857143	1.1714285714285715	1.4301355223740453	141981561.81325445	3.5547000000000013	0.2810800256765881	0.8642167518782037	active
13.232624677185688	-3.414915018259625	0.6465067155655987	18.566666666666666	1.1666666666666667	1.759214374970116	4493780.78701252	3.145900000000002	0.27903358943671724	0.8313634554363861	active
11.943859479665758	-0.4568070777693798	0.9154115561060127	17.05	1.4	1.615207022597153	56792.88511557654	2.1839000000000004	0.7666801171663533	0.9922411850644528	active
11.51602560468632	0.12425925925925929	0.652178018053514	32.9375	1.375	2.196992915665399	6315.210148684386	1.1293	0.27473859236455783	0.823481825498685	active
12.014444129503651	0.0035396195515244866	0.7742536255383411	17.428571428571427	1.2380952380952381	2.0355474487885843	82013.93173544799	3.7079200000000023	0.20327960326172337	0.6929593273781693	active
12.287834939531368	-1.357652746283699	0.7459484535846144	12.130434782608695	1.0869565217391304	1.864226172659767	194163.38697063556	4.213700000000002	0.606121871754279	0.9686181070975033	active
13.022143329554043	-0.2579459561602422	0.7570162746242192	17.28	1.24	1.684427444093183	678544.0900978424	4.055900000000003	0.35155648287254765	0.7989285597009065	active
12.258028155706727	-0.07759259259259244	0.5773390983318871	10.9	1.1	1.883247500235721	51205.28385213667	3.507240000000002	0.24265390333720874	0.7911201362790978	active
12.59989276266062	-0.4803935360875291	0.6427014709309151	10.444444444444445	1.0	1.7220136558367234	1449920.007009907	1.9832	0.5445323562446218	0.9704764387276805	active
13.391153618140452	-0.5288942242288204	0.7866067074544043	10.636363636363637	1.1818181818181819	1.7957159942644059	121802.26292411095	4.208500000000002	0.44162040090903615	0.8723800663876607	active
13.466678307546363	-1.0212018665490892	0.5285638164691997	20.305555555555557	1.0	1.3292754403204408	253357355.6657013	3.8542000000000023	0.21541015351300558	0.6931275864219272	active
13.685952891863561	-1.0762072205425384	0.3772590908331365	12.108108108108109	1.0810810810810811	1.6941281527867826	221547596.15236405	4.648200000000004	0.42746262334819013	0.9985903009229619	active
8.81734536257763	0.7511033239180787	0.9154435050412232	24.65	1.1	1.4885583005537215	79867.13951885207	2.3797800000000002	0.19140625001591272	0.7184221357858025	active
12.004777966742253	-0.3473508644734291	0.8150634977643885	14.19047619047619	1.1428571428571428	1.590665694924738	99381.31367309683	0.8226999999999995	0.5545660196790374	0.8897250171357375	active
13.564458144368857	-1.027683413643235	0.6821640603667488	20.53846153846154	1.1538461538461537	1.8269503928959179	1219769.1966718028	4.556900000000003	0.09958462108951986	0.7228528732428153	active
13.36833484166547	-0.043042433022591586	0.39243876106279424	10.96774193548387	0.9354838709677419	1.4420831161564165	30224836.464175556	4.788200000000003	0.29645691621950254	0.8110516035769717	active
11.212870370370371	-0.08351851851851833	0.5804588105051868	10.333333333333334	1.25	2.946471324842402	768.3639299089631	0.8906	0.2506516725778625	0.5195653627692569	active
5.857655772893348	0.24291289496872137	0.6261112398862771	15.88	1.32	1.7000215689284823	1086135.5174896133	0.9249999999999997	0.20193723400608077	0.8630328450736059	active
12.028563869992439	-0.1485493827160489	0.8022492207594811	10.65	1.3	1.7746352324759036	60410.66853654705	2.4215999999999998	0.529844438696386	0.9304315121029659	active
14.241674146510455	-1.162774825207861	0.43000266957982447	20.594594594594593	1.1891891891891893	1.3913184537738068	418327166.2298042	4.564700000000004	0.11319640616216643	0.8147317861655856	active
13.395853804484757	0.09836033950617296	0.4718448647109433	14.793103448275861	1.0344827586206897	1.5610031682102883	5743120.741187033	6.434300000000006	0.26569466323713126	0.8133984635437207	active
12.988208144368858	-1.5537250803099014	0.7775771829662931	20.75	1.125	1.7798494779602898	487533.41993521916	3.5127000000000024	0.597850407809109	0.9308763762752618	active
12.459680994964875	-0.1041607779702669	0.6218403867982928	14.241379310344827	1.1379310344827587	1.4058230912511864	6464413.423034824	4.544000000000003	0.20426974224825387	0.6706348229084054	active
12.98285451835055	-0.38461722330499337	0.6994909442392172	14.653846153846153	0.9615384615384616	1.5506943308891872	1176509.4138830316	2.7730000000000015	0.4580713500347475	0.9027592937383886	active
12.201233369376556	-3.393652801398336	0.7768985270041376	17.944444444444443	1.3333333333333333	2.042668083574119	16742.980277106268	0.8197999999999999	0.1412351397462701	0.844668594295603	active
11.671593561360877	0.06627057613168752	0.8000473405880852	26.105263157894736	1.3157894736842106	1.637526013504076	38491.46249731874	2.3639	0.6208615531019761	0.9248763721703136	active
14.135814364440805	-1.0227066798941804	0.3088733453845561	17.564102564102566	1.205128205128205	1.5910299216166155	347288941.9042676	4.412500000000003	0.025685560232241444	0.8902262196943085	active
13.738250085177171	-0.9291889749727054	0.5167486271254534	15.305555555555555	1.0833333333333333	1.665115209349521	159086092.11754003	3.808600000000003	0.3004912076541406	0.9622835486420743	active
13.614181136446348	-0.5826624044679607	0.46482836590706544	21.08108108108108	1.054054054054054	1.3080635091151793	416592490.5643714	5.1173000000000055	0.18878031910609558	0.7462326555121276	active
11.592971354191661	0.018385007482230264	0.7426425195722921	16.045454545454547	1.2272727272727273	1.960730397676948	95681.58171885961	2.4119	0.3727824398525421	0.7753192936454734	active
13.305198885109599	-0.3412792894935759	0.7020503179573114	18.72	1.08	1.7721657430199962	716344.714390682	3.9079000000000033	0.5146255155074517	0.8872264186462652	active
12.34082490866717	-0.10767476589401181	0.7563392350534025	10.75	1.1666666666666667	1.8304343270314214	319105.1728900804	4.215800000000003	0.397167242083676	0.8494556843438482	active
12.58922052154195	-0.052453703703703836	0.7938644474597648	12.80952380952381	1.0476190476190477	2.111525347963622	96569.99855304361	3.6641800000000027	0.12944762096665877	0.7006615355935968	active
12.62649754346183	-0.5633818342151675	0.7600162623675156	19.40909090909091	0.9545454545454546	1.9427135404221587	119073.37136540088	2.6492000000000013	0.6230300828180587	0.8573197955480554	active
14.05357181614723	-4.032992593642396	0.34172577997742454	11.555555555555555	1.0740740740740742	1.838160340837041	1104489.20140514	7.533800000000002	0.30820237498565173	0.9202244683575128	active
12.77957236333086	-2.5458551868600843	0.7213734384754885	11.0	1.1666666666666667	1.8276131426514224	282896.0631225111	5.007000000000002	0.2027845938338742	0.7610204997592639	active
13.264693011463844	-0.3071532501889649	0.7070382452729385	16.714285714285715	1.2857142857142858	1.6401847656402024	3119386.6463407576	4.0725000000000025	0.19136048823228155	0.6673121759642673	active
14.138689531368101	-1.253522035357354	0.25205921128172554	12.19047619047619	0.9523809523809523	1.6290980995169861	2750030285.2843657	5.933800000000005	0.09906452698322217	0.6869487519271609	active
13.180932539682539	-0.9126218820861685	0.670065918520313	17.06896551724138	1.1379310344827587	1.6213760585874106	6584162.0479080845	3.8632000000000026	0.1287372896070543	0.7504767113242362	active
10.273657829406847	-0.9087577043361976	0.2594910028457578	10.875	0.7083333333333334	1.774054401930007	200305.78451142987	5.654900000000006	0.6023924414261056	0.8829194282538464	active
13.443336915784831	-3.794418164999651	0.5833497216603628	16.727272727272727	1.2727272727272727	1.692551218100687	19305452.56366286	4.305680000000003	0.20586050090891211	0.7581171636330775	active
13.233277116402116	-0.0699244142101283	0.49900748729847233	10.928571428571429	1.0357142857142858	1.6517501334636127	3603591.7606936176	4.626520000000004	0.1673399075907741	0.8881448908096324	active
13.562883558515999	-2.790920747466008	0.5681061486662471	16.38235294117647	1.1764705882352942	1.7601417575228828	32886740.4252774	4.669100000000004	0.15618575727956116	0.7080896303362497	active
13.369271477530404	-0.9977697992777361	0.543428212547132	16.558823529411764	1.088235294117647	1.3427376963499673	100075560.5757481	3.5842000000000027	0.2140789780963019	0.9121027940002144	active
13.74513770786092	-3.8850665044548065	0.44850056605179084	20.692307692307693	1.205128205128205	1.4699605325553136	199872151.8173848	3.418000000000002	0.3072980255963808	0.9104740954013347	active
13.867929579239101	-1.0318857342319647	0.47937111443819486	18.16216216216216	1.135135135135135	1.7229232630165305	228101114.22593832	4.2131000000000025	0.3337423942536344	0.936444278148438	active
13.466678307546363	-1.0212018665490892	0.5285638164691997	20.305555555555557	1.0	1.329275440320441	253357355.6657013	3.854200000000003	0.376169253418714	0.856214987167047	active
13.76351883345931	-0.880821050642479	0.5047476812324366	15.5	1.0294117647058822	1.7700108426514083	59297668.4290122	5.809100000000005	0.10691384200908234	0.8114215992585091	active
13.188878023431595	-0.9290337222852103	0.7351810038234337	23.64	1.24	1.552900270679592	1275002.7993750698	4.5873000000000035	0.4316822640522877	0.81206418670787	active
4.894198790627362	0.3761111111111113	0.6083331842770509	10.0	1.25	2.5900168530532595	1072.9009829736851	0.9539899999999998	0.396917363035241	0.7546341844408015	active
12.176104217551728	-0.594332078255239	0.7356834551000843	13.347826086956522	1.173913043478261	1.8268830121469706	168457.54727982235	2.979700000000001	0.2467381734633052	0.8793779074609531	active
12.612300233092636	-4.446601566105986	0.663037541677546	11.875	1.0	2.1982327585058314	198642.19746829476	1.0595999999999997	0.6857602842709534	0.8973754764830372	active
12.538324713482888	-0.7717487781511958	0.7493523194780934	16.178571428571427	1.0714285714285714	1.5992654599089717	2281437.069836588	3.4605000000000015	0.5931873733117434	0.9011588992245023	active
12.858624811035524	-0.5089181783824643	0.7426583184349164	16.4	1.4	1.6905968938110738	737383.1364142698	2.761820000000001	0.34859019271963504	0.8753181015240828	active
14.039533954000945	-4.0161031048324505	0.3402599051340937	17.135135135135137	1.0810810810810811	1.450577014523785	222986198.47832462	5.077900000000004	0.20380387453798965	0.7434041242245415	active
13.027626239056314	-3.8339738229109614	0.6415323669828971	17.82758620689655	1.1724137931034482	1.7445299132252035	4369895.091291533	1.5472999999999995	0.17504895955539043	0.6064487103133975	active
11.434510228027543	0.02691872427983588	0.7958887434961184	16.88888888888889	1.2222222222222223	1.851538470397621	14002.760775412413	2.223	0.5832572912970411	0.937174967839186	active
12.358571393867209	-0.15739711934156353	0.763050656578274	10.576923076923077	1.1153846153846154	1.8346507139534953	699093.3125294506	3.771200000000002	0.6360280384780527	0.9662642576068354	active
13.536343051881246	-0.9210714285714288	0.514624903737134	12.25	1.1875	2.08904581469753	16194378.312421992	4.2344000000000035	0.11386896669240923	0.8613209949966572	active
13.312378590325018	-0.7765107709750565	0.6944522320534475	15.785714285714286	1.1785714285714286	1.7438196359100164	2953660.3094293727	3.765500000000002	0.36461987529250767	0.8450403244112925	active
14.117250109413778	-0.9734398856981832	0.30295374052552176	16.473684210526315	1.1842105263157894	1.419075375073337	572403923.0990034	4.430600000000003	0.03245578237014343	0.8622150237592089	active
14.229328467498108	-1.1831829884731673	0.4373005439392641	20.594594594594593	1.1891891891891893	1.3922696352901431	438936339.3092623	4.132200000000003	0.12563691487796008	0.696217801764591	active
13.459190247858402	-3.743798330288906	0.5939613848083948	19.606060606060606	1.3333333333333333	1.4845259054658975	38619131.96510112	2.7931800000000013	0.17628456378377289	0.6523489045079317	active
13.181217403628118	-3.796891749340792	0.7066788286536689	20.814814814814813	1.2222222222222223	1.7868613400232376	1321215.2582196896	3.8606000000000025	0.2796253367903063	0.8758132169868547	active
13.73032789186356	-1.0145405538758714	0.32960782499925606	12.108108108108109	1.027027027027027	1.6941281527867826	221547596.15236405	5.858200000000005	0.1684091060187161	0.8272340532832644	active
13.24667217813051	-0.3579846938775515	0.6918964052460823	15.566666666666666	1.2	1.6280831360532018	6658790.769917193	3.908800000000002	0.13286827062233475	0.9411119722520274	active
13.306469907407408	-1.6596990740740738	0.5762715251489836	58.84	1.16	1.7731080580096314	496048.3566895734	1.4048	0.1883715463745066	0.9541093317758134	active
12.478275699168556	-0.47427946101917984	0.7212150424346673	11.923076923076923	1.1923076923076923	1.8065507618083991	694759.1051013896	3.6582000000000017	0.3548024060341263	0.8075712925242616	active
13.565682594797176	-3.778584831666317	0.530790168506989	19.714285714285715	1.2	1.4698934190397188	104482077.87558882	4.839880000000004	0.18917803577181208	0.7237987922900601	active
12.424044863315697	-0.07141833585285928	0.7091608472969129	10.75	1.125	1.7793787112880315	314213.3562200238	5.021900000000003	0.5093539776228313	0.8740764853294288	active
14.238559382086166	-1.1939443709582604	0.3870163427065876	17.477272727272727	1.0681818181818181	1.7151617825969814	3740125342.929074	4.422400000000003	0.13482308204055063	0.787891676867997	active
12.341467912782397	-3.6419727511065685	0.674571740029613	11.307692307692308	1.1923076923076923	1.863613130681537	550696.0427891251	3.4078000000000017	0.4657654947470177	0.8453659283026999	active
11.64716017888637	-0.40131377551020253	0.8279693246158506	18.63157894736842	1.0	2.1083178885481204	34288.30741097655	1.1113999999999997	0.2209399070896889	0.6686273490143497	active
12.373967186813505	-3.3593801846024625	0.7070023172266842	11.37037037037037	1.1851851851851851	1.8561780587855174	901506.4574305277	3.465200000000002	0.6074464347045779	0.9243780995419612	active
11.565951241598997	-3.712158864496145	0.7213588811064385	16.52173913043478	1.1304347826086956	1.9465154947347447	119780.96364257464	1.4940999999999998	0.41446728633724833	0.9464509319408955	active
13.78798044217687	-3.8972168469724386	0.5872336021925819	18.25	1.25	1.7804405448382545	14376092.149201442	3.7273000000000023	0.179660906660663	0.8312319925172451	active
13.022208010519021	-3.4061392980950163	0.6655864865204844	16.20689655172414	1.206896551724138	1.7268501292363199	3163114.1763648964	2.7574000000000005	0.26924967738326083	0.7090530154545138	active
13.412467403628117	-3.806984341933385	0.6931122811371258	20.5	1.25	1.8229942721770582	2283951.237868663	4.250700000000004	0.39272916715396833	0.9491341593832343	active
11.649098365292447	0.026061860184335206	0.8070761050751879	15.826086956521738	1.173913043478261	1.7576613543595057	229694.94214048522	2.7314000000000007	0.18627395212972517	0.935830658612933	active
12.93715978521038	-0.35476334824053124	0.7375339174362943	15.615384615384615	1.2692307692307692	1.6901638039339155	1188521.572533344	4.264680000000003	0.33893208008831704	0.7874701511539007	active
13.396224924032463	-1.1375976054001853	0.38671517893703167	13.25	1.0555555555555556	1.4264454553538786	193171954.8112923	2.0490000000000004	0.1384799920520216	0.6790380728803785	active
13.623007015306122	-0.9546419123204839	0.6181003339626486	16.87878787878788	1.1818181818181819	1.785278085101107	38473277.46265572	3.660300000000002	0.29506349653500263	0.9294872084876641	active
13.473344974213031	-0.6485166813639043	0.5126860336940423	20.771428571428572	1.0857142857142856	1.2856081872838547	168585626.16983542	4.327600000000004	0.33272698126163835	0.7786891941804511	active
14.161695471385675	-3.301231718778031	0.46627225256810423	23.46153846153846	1.205128205128205	1.4399124069966223	456639717.88370395	3.723500000000003	0.3412663896816654	0.8677914911514772	active
13.758097915091962	-0.8885988284202566	0.5845201457840012	15.5	1.0294117647058822	1.7700108426514083	59297668.4290122	4.568300000000004	0.19575890326716242	0.8946668652384542	active
13.60357743272674	-1.0735349216847239	0.4649719235828363	12.0	1.1428571428571428	2.014353617300247	61843720.32814281	3.824600000000002	0.3041767472021749	0.9326120935045442	active
14.150243122361179	-1.4792462285840253	0.5018773217628427	24.17948717948718	1.0256410256410255	1.2958729676122498	1325133591.6052139	3.7909000000000024	0.1800987097326483	0.8977405634440383	active
11.854450866026443	-0.08458002645502671	0.6406008016682919	16.59090909090909	1.3181818181818181	1.801120502151301	135967.27208313905	3.3664400000000017	0.4406118918002391	0.8007166317968131	active
12.397641386221972	-0.11307760900248232	0.6693647343951766	10.962962962962964	1.1851851851851851	1.7143318956089084	1180658.9241216418	4.009800000000003	0.5368823898738293	0.8709254926628072	active
13.224226662887375	-0.7185941043083905	0.7323151103063851	16.074074074074073	1.1851851851851851	1.744049594284609	1694286.0975163993	3.9726000000000026	0.23071647210171023	0.8135867843818927	active
13.478152508313633	-0.9516701835055013	0.4747913870408446	12.0	1.1176470588235294	1.915485109844556	29197731.637478493	5.137400000000004	0.23068593983225028	0.8790713530897701	active
13.649365630511465	-1.371608363252709	0.5763879482788534	18.3125	1.125	1.6942743095236283	18610275.1704541	4.463400000000003	0.2365750667669021	0.6629741097409101	active
13.932682980599646	-1.0833072326152684	0.4440706968109155	16.970588235294116	1.1470588235294117	1.4870001407760245	88045157.46162902	3.560100000000002	0.12410233593534059	0.7259020484592332	active
13.03221773431595	-3.8133593159485994	0.6408176256651765	22.423076923076923	1.1923076923076923	1.8850818176598603	1041213.4773877143	0.04719999999999991	0.30680961185250144	0.8422960162236891	active
13.396240473041068	-3.869649646481131	0.5712924157459128	16.8125	1.28125	1.6939219843765816	15548160.110397607	2.5950000000000006	0.11453460413972409	0.7044286530269769	active
12.341070798689845	-0.9305354032241206	0.733989606306246	11.52	1.2	1.846438013306822	365019.6206263963	4.296800000000003	0.5736371344559376	0.9072856153738705	active
13.757011999244142	-1.1004148951247168	0.6874018874184689	17.7	1.2	1.8026933959996934	6432371.560844315	4.025500000000002	0.21144064291451703	0.9508567438627374	active
13.681169728598254	-1.0987072205425383	0.3772590908331365	12.108108108108109	1.0810810810810811	1.6941281527867826	221547596.15236405	4.648200000000004	0.29257545100212035	0.8827637556991872	active
13.728477969024055	-1.1029325711766196	0.3195211218440698	11.605263157894736	1.0526315789473684	1.495577418757326	775371811.9004282	4.1414000000000035	0.2788634651780555	0.8814122757296273	active
13.478152508313633	-0.9516701835055013	0.4747913870408446	12.0	1.1176470588235294	1.915485109844556	29197731.637478493	5.137400000000004	0.21441674915602246	0.8714885977401263	active
12.916448885109599	-0.1317885487528352	0.6999261953880773	17.869565217391305	1.0869565217391304	1.7240651912881926	357717.19041879324	4.408700000000003	0.3561814581141457	0.805479342542563	active
11.948155706727135	-0.6502721088435373	0.6450980075832928	10.8	0.85	2.289397285517239	38062.77806851456	0.6807999999999995	0.5772978137512731	0.830301788165243	active
12.96429720962459	-0.08629616507096616	0.6217507612165177	12.52	1.08	1.943164649485893	691709.9565150741	2.4933000000000005	0.30360910088026	0.6582166778286539	active
13.072004440665154	-0.35979780801209404	0.7570162746242193	17.28	1.24	1.7030054243454995	694589.3842299558	4.055900000000003	0.266234632370468	0.8970597395085457	active
12.426633807844127	-3.3873431214769387	0.7070023172266842	11.37037037037037	1.1851851851851851	1.9033340705418043	904433.2168823796	3.465200000000002	0.3265126049341019	0.8476196060383258	active
13.29783878686372	-1.0407351828600027	0.34722408960603957	11.457142857142857	0.9714285714285714	1.505766768265284	77518933.7914716	3.8621000000000025	0.39258904512977577	0.8083602738959983	active
12.937026171579742	-0.6861866969009831	0.6760363895863447	16.076923076923077	1.1923076923076923	1.7204620379796187	978213.0581686309	4.606100000000001	0.3665810674933548	0.8412902267393971	active
12.841054579239103	-0.14715175422020632	0.7406203084913123	14.92	1.2	1.718376732910623	631249.010611382	5.7439000000000044	0.19481324968954483	0.6611805319897155	active
14.203130323660835	-0.9633259452901615	0.24027653595703707	15.86046511627907	1.069767441860465	1.2000590088874603	8191885012.942334	4.158400000000002	0.46695220843952845	0.9499245521959483	active
12.832073885109597	-0.3013487339380203	0.771185947060326	16.291666666666668	1.2083333333333333	1.6683265371901423	482583.8580970603	3.788000000000002	0.36925378548748755	0.8936963055790795	active
13.604846584467122	-0.9296187641723359	0.5943251822469786	12.8125	0.96875	2.154406102718589	10456399.716068044	5.274900000000005	0.18826270626936714	0.9023483833499966	active
13.114932061935578	-4.338881104874937	0.5394318144200161	15.806451612903226	1.2580645161290323	1.5917472272755677	9015451.089090839	5.724200000000004	0.5195356769475571	0.9172461279878577	active
13.337631028491643	-0.7912973007505038	0.48269394883551403	11.548387096774194	1.096774193548387	1.6389657635596167	14306726.454736138	3.4891000000000023	0.23414948238749245	0.6969064348106516	active
11.21865861468044	-0.4547250566893426	0.5980812809314172	24.05263157894737	0.8947368421052632	1.907792685909168	14747.294119221498	-1.1400999999999992	0.2896209243504087	0.8796329924021153	active
11.83543965734442	-0.34173044217687054	0.8604771353565335	10.333333333333334	1.3333333333333333	2.4738551879462065	14977.177646905631	3.482420000000001	0.5179605596636393	0.8162513058873804	active
12.473499622071051	-0.4837792894935755	0.7990794713469409	18.571428571428573	1.2380952380952381	1.862349944357547	81933.73602769118	1.4748399999999997	0.6198350688457457	0.9840666487015619	active
11.574061634346627	-0.011296402577967601	0.8268311370477185	15.409090909090908	1.4545454545454546	2.018469858289498	101401.3120693444	1.2680799999999999	0.40393018140984704	0.7992998905786824	active
13.531538643235072	-0.9508855741370623	0.6597199116132975	18.392857142857142	1.25	1.786570743095716	2742257.375524955	4.847000000000004	0.18916245278915067	0.8228671334150055	active
13.017364794168696	-3.800692200491308	0.7464339522109745	11.0	1.2	2.4776469954286884	346024.02017661755	3.0877000000000017	0.47015862652920226	0.9055741302880111	active
12.830125188964473	-0.3032974300831446	0.7458397724606177	16.5	1.4166666666666667	1.664794994433211	482978.0206334271	4.1579200000000025	0.4574067217967735	0.895625220995358	active
12.361740835222978	-0.16395678487444343	0.7086756892785293	10.375	1.0416666666666667	1.5945009054694312	417073.2115944225	3.052200000000001	0.36544024637773614	0.8735244145741407	active
12.191195200302342	-0.13574074074074072	0.8132384143107728	14.529411764705882	1.588235294117647	2.0641974640880343	15749.46735578563	2.38218	0.49561457362584066	0.806519624852741	active
12.732324735449735	-0.28545162509448274	0.7835243656518528	16.652173913043477	1.3478260869565217	1.6446361785774959	350801.25713160145	3.4925000000000024	0.38951790959445487	0.8648430123601935	active
14.09744764109347	-0.781819373582767	0.634492141789946	20.71875	1.21875	1.6049986817166828	24591538.961826745	3.7779000000000025	0.19190203555010713	0.7455287779241077	active
13.632741481936106	-4.266847245842779	0.7737005514587497	17.0	1.1428571428571428	2.2121406117082825	43958.492358163894	1.0365000000000002	0.3118008301011524	0.9237739842921692	active
12.899640495086924	-0.3495508944318475	0.6842909398121486	16.16	1.16	1.6780785055042438	740307.0428372646	5.046400000000003	0.4740850063506416	0.9399285979390656	active
13.64108229402872	-1.1016648951247165	0.6883630415780535	17.862068965517242	1.206896551724138	1.7983601307004538	4522517.86101763	3.683300000000002	0.1220023932392537	0.9610248320455486	active
13.630897108843538	-1.012799154383976	0.6883630415780535	17.862068965517242	1.206896551724138	1.7755991810635992	4298548.877913777	3.683300000000002	0.12395197095153024	0.9110054279755119	active
12.406739260519021	-0.1750871861090113	0.763050656578274	10.576923076923077	1.1153846153846154	1.8769770053227899	701289.0321397565	3.771200000000002	0.5866495295247905	0.918129540935057	active
12.412834939531368	-0.8576527462836994	0.7475523564351855	12.130434782608695	1.0869565217391304	1.8642261726597669	194163.38697063556	4.180100000000002	0.400507959488481	0.9068003723467404	active
12.626716742252455	-0.30251795162509487	0.8917528949187631	16.545454545454547	1.4545454545454546	1.8780018145199855	112745.78662180313	3.1304200000000018	0.31356893000901886	0.7972724648951667	active
13.255679799697656	-1.4289411296926184	0.5923699052474827	13.0	1.1071428571428572	2.025888718429193	1792980.6207476167	3.4704000000000024	0.2898980665366031	0.8205341963802344	active
13.71439524964443	-1.0396279954946983	0.3774149462731682	12.35897435897436	1.0	1.8531455757434425	284044414.2845862	4.786200000000004	0.16842087151844712	0.913633191484258	active
12.114874811035524	-0.15007432602670678	0.8051952011122818	10.523809523809524	1.1904761904761905	1.8039060510745435	80913.86414105113	3.4644000000000013	0.4458652369491486	0.8650300252049093	active
12.674716843502015	-1.699794390786819	0.2003852832862076	30.31578947368421	1.105263157894737	1.7100105565538066	176112254.98629406	-1.8981999999999968	0.1268016526847053	0.7146787749455461	active
13.833761594610397	-2.053987939804821	0.10069680907008334	16.0	0.6346153846153846	1.4733971820540521	185910954095.46774	-3.7588999999999944	0.09569932353604992	0.9538329786097348	active
13.106504157218442	-4.342750728803068	0.650275894344063	17.17241379310345	1.206896551724138	1.6600999053335443	3258474.7910959567	4.988400000000004	0.20810567421684828	0.6216874852509936	active
12.489661359914336	-4.428642518722942	0.6921866327064305	13.12	1.24	1.7863456398048545	462333.6281039528	3.1443200000000013	0.2292766746422581	0.6788628591577187	active
13.133350497606452	-0.05169448643654917	0.4883133194816554	10.655172413793103	0.9655172413793104	1.6230879233088715	7286804.309295182	3.925100000000003	0.25411277216804135	0.6961998368177426	active
13.127883729325829	-3.7180046532501874	0.7774913062940729	17.2	1.25	2.1146914107203987	30450.77379938167	0.8973999999999999	0.27235312022009023	0.8822195106797792	active
13.290590243073556	-0.41695032333921245	0.4469103887987044	14.96875	1.125	1.4219286547764869	31442968.516459964	5.3670000000000035	0.19750279343850913	0.8496505272163746	active
14.256119826049062	-1.0035935794070716	0.2730049521612305	16.404761904761905	1.1428571428571428	1.3878950859291594	2194728511.5415936	4.490200000000003	0.21906549620905277	0.8020617609330526	active
11.367646132527085	0.05263888888888957	0.7698131791533174	17.6875	1.375	1.7904053494450132	7640.9901520181975	1.6311000000000002	0.449739562708575	0.9493905873817804	active
11.497684393928981	0.05436728395061796	0.7800110421382956	16.68421052631579	1.3157894736842106	1.9000049365994447	19303.390932197595	3.6683200000000022	0.48727887164663874	0.8723602518921298	active
13.224577830762444	-0.3566204753506337	0.4957454202680867	10.612903225806452	0.9354838709677419	1.6034381344054163	17173738.026910946	4.150100000000003	0.2509683414170773	0.7630586266132187	active
11.05663312547241	-1.4753561980347696	0.42398891834482255	14.375	1.4375	2.948160261851516	2745.5124836616587	-2.651799999999999	0.4867749372488557	0.8710340845389196	active
14.111268865331745	-3.4795804648126984	0.6626044424686663	16.1	1.2	1.7452859576091455	4483863.51231815	2.3822	0.29198597301940105	0.7652576031445011	active
12.209428539934493	-0.33732784820131534	0.8156200289334681	16.083333333333332	1.4583333333333333	1.6540588367012243	202865.43723881742	2.44942	0.2728490446197801	0.6643384099924503	active
13.524534130992466	-0.05893418787267968	0.39188782295785063	13.909090909090908	0.9393939393939394	1.4239980318280618	62436775.73973072	5.308400000000005	0.2843161771713826	0.7729900568674897	active
14.008670319979842	-1.0611449934912247	0.467258530999577	16.35	1.1	1.6649509317345006	628486022.8449789	4.880800000000005	0.10988631502779196	0.7900463056352606	active
13.25011300265013	-3.9102333580036945	0.6805274829569072	17.533333333333335	1.0666666666666667	1.8459212662930353	4983258.569156548	1.7517199999999993	0.2317382669807185	0.8062689222491946	active
12.99992110733182	-0.29035336356764985	0.726791291044515	16.16	1.24	1.7015970378713667	737597.6084085314	4.701420000000003	0.2599050357532632	0.7870308628383608	active
13.145182508188462	-1.8573672524565386	0.3569038426756744	25.272727272727273	0.8787878787878788	1.947254625601298	16385092.375392951	-2.9656999999999987	0.1876436725264646	0.6127467069512899	active
13.50800520537263	-0.0789341878726797	0.4312658068643099	13.909090909090908	1.0	1.4239980318280618	62436775.73973072	4.154700000000003	0.27115724835350935	0.7696056869225996	active
14.056233324001386	-4.068207167285641	0.3245043691240554	16.666666666666668	1.0512820512820513	1.4322167883836596	524391835.46535623	4.994600000000004	0.3290404723351615	0.8612092691445511	active
13.223326955782314	-3.7765866784296604	0.8276099487123205	23.185185185185187	1.2592592592592593	1.73627299714741	1321215.2582196896	3.5862000000000025	0.19540268945394956	0.7716145957353483	active
12.27758558515999	-0.0379725686570922	0.8105454939924767	17.0	1.2272727272727273	1.9947392403175994	144915.234875735	3.5600000000000023	0.2541913486242508	0.8078074566714197	active
12.638310575607653	-0.17974529922672033	0.46080487533144093	10.6	1.0333333333333334	1.504015373723415	7650423.203135486	5.265300000000003	0.24740752625299506	0.7396802877770278	active
14.190909651816037	-2.4050805840342697	0.4986439499850277	24.473684210526315	1.1578947368421053	1.322377975273065	646453422.6748606	4.487500000000003	0.22871603509222949	0.9788156275364314	active
14.19762223216498	-1.1720153848576467	0.5674398602977031	24.054054054054053	1.1081081081081081	1.3534644315441398	422787221.11714995	3.768900000000002	0.1839443420686865	0.6944343772674447	active
5.031635802469135	-3.0	0.6708982130246257	15.2	1.2	3.0237157840738176	3.6096404744368114	0.19530000000000025	0.05857218067656775	0.8019806780951172	active
12.342627068297208	-0.07185073713538248	0.7251687128183509	18.214285714285715	1.0	1.5648115170597154	2376978.0612342786	1.7648000000000001	0.22647350493401713	0.7170444912333718	active
12.98667224103191	-4.396590632240693	0.6633759906111628	15.0	0.9310344827586207	1.522425267588747	3778042.8280959455	3.1384000000000016	0.4574443550502116	0.9055853853881769	active
13.548185862307886	-0.988065686151004	0.4473048901326476	11.86111111111111	1.1111111111111112	1.9420594513264047	76421781.10095806	5.255180000000005	0.2918558946794222	0.9230386901811111	active
12.225926765768033	-1.2571343214039408	0.7910767705825591	10.541666666666666	1.125	1.8401371165255203	282896.0631225111	2.4329	0.5716250187171894	0.9087286168390475	active
13.58344725893495	-0.9188274754346184	0.4629230157315413	12.242424242424242	1.1818181818181819	2.051633077239168	26450086.40078068	4.624500000000004	0.08674039063693216	0.782104177654082	active
13.540645904195014	-0.8681604308390025	0.6340188440515797	14.67741935483871	1.096774193548387	1.8013612381605546	13840974.6357445	4.638800000000003	0.04270055773025156	0.8153232370766245	active
13.63173044217687	-3.656476106231698	0.6432699221121291	18.466666666666665	1.2666666666666666	1.7909229269975353	5489503.333332741	3.8805000000000023	0.15811437213577492	0.6426901856898324	active
12.808158068783069	-3.3770486423449078	0.7463723953650331	18.68	1.28	1.7037311764810033	670100.6017946592	2.8874000000000013	0.3636615500726447	0.8416976782662317	active
12.75486079617032	-3.571283882380112	0.4257674637299635	18.689655172413794	0.7241379310344828	1.9441514993330422	2193954.128277479	2.967500000000001	0.7551564294984976	0.9661224480144243	active
11.742638311497437	-1.6778229357756766	0.42063059149991666	12.0	0.9230769230769231	2.0467402262209844	440411.3123014801	-2.101399999999998	0.368606300655842	0.8076034105779599	active
13.70946908856135	-0.9433040438397582	0.5935588326642439	15.5	1.1176470588235294	1.7700108426514083	59297668.4290122	4.050400000000002	0.2372018101984396	0.7760292401166936	active
13.674103283964845	-1.0529834866045185	0.34970805030331	12.222222222222221	1.1388888888888888	1.6917182253393745	142845042.13285688	5.3147000000000055	0.16058300442821713	0.7821664779181806	active
12.696674387259026	-4.45663198317881	0.37351388858655893	11.375	1.0	1.4799196394584995	14112972.323351238	6.226800000000003	0.2499800257632659	0.6416514419999945	active
13.312218745943944	-0.08646384479717772	0.4782601561682982	13.290322580645162	1.096774193548387	1.3787548504412854	23753303.3630063	4.074700000000003	0.3305330111674468	0.849034662049851	active
13.715151801461325	-1.0272561046023354	0.5007763821115033	18.0	1.1388888888888888	1.7077957997704338	99706743.91755374	3.823000000000002	0.43429241996759466	0.9455511500610506	active
13.067552560407899	-3.4852395881889016	0.5896836741077904	14.75	1.15625	1.4512595603079386	15606298.706749868	3.3104000000000013	0.38737783230058404	0.8104345764050165	active
12.759968820861678	-0.6971116780045354	0.8076505188603901	28.761904761904763	1.3333333333333333	1.8681347871464278	39304.00809205285	2.641120000000001	0.49674823840582516	0.9511122280069957	active
5.4034328021331985	0.7631715656877994	0.4894539391432046	20.88888888888889	0.7222222222222222	1.6910503887867865	17039.733402529066	1.6019999999999999	0.377495010859007	0.8549563314312519	active
13.531538643235072	-0.9508855741370623	0.6597199116132975	18.392857142857142	1.25	1.786570743095716	2742257.375524955	4.847000000000004	0.15362793512416625	0.8449485557265041	active
12.85880716175359	-0.9155231166540696	0.6979165084224059	11.807692307692308	1.0384615384615385	1.943441646952432	721499.116572556	4.357500000000003	0.23617374052692852	0.7694199562865173	active
12.532483369376557	-3.6297639125094476	0.7507084360202132	17.45	1.3	2.1602498436358832	31669.055143173253	0.3631399999999998	0.37801375576289015	0.9076368888321988	active
13.658655675233057	-0.4436205343188855	0.44333487921237225	10.774193548387096	1.0	1.738740065927355	12448761.33861687	4.708700000000005	0.25788095913906367	0.9185271728539367	active
13.555105780738222	-0.9500122826908546	0.6395295339506085	14.96875	1.15625	1.7901023742944426	16041224.610407496	3.2702000000000018	0.26295061511462986	0.9852898639879616	active
12.728113607472373	-0.47324824700542734	0.5490094599460398	13.1	1.0666666666666667	1.3956455303958435	13862217.137318527	2.7634000000000007	0.3206670260524563	0.9142905426376166	active
13.41800028344671	-0.4307237339380203	0.6813087971694856	21.3	1.2	1.4843992775492973	12512416.245130029	3.3146000000000013	0.1753718835453984	0.6844105822941778	active
13.645668356848912	-1.4685382810531626	0.5080996823451887	17.666666666666668	1.121212121212121	1.6796195191753698	25583660.860987682	4.037900000000003	0.18557769122308815	0.8199905065483669	active
13.455682594797176	-3.7319181649996502	0.5927219986950237	19.454545454545453	1.2424242424242424	1.4783523723477914	49711587.4299763	4.059680000000003	0.19491036246790658	0.6440538592353217	active
11.790501821711235	0.06967051944234548	0.7839318773835056	22.043478260869566	1.0434782608695652	1.7254896140213078	270761.4850535407	3.6910000000000025	0.24515731115254627	0.8119592992668399	active
10.646602478616472	-0.5230691638551836	0.4960376275115005	11.625	1.2083333333333333	1.7600509190445797	320156.50299294834	4.550000000000003	0.4332153645396127	0.804854688101756	active
13.398926760519021	-1.2088147203325774	0.7141839072571545	18.25	1.2142857142857142	1.7641304695761757	2898488.6289113346	4.159700000000003	0.38244430421064607	0.7714159091951479	active
12.413160279658747	-3.8730798078401336	0.7386563898795472	12.037037037037036	1.2592592592592593	1.9631483939932124	589977.9148365976	3.4175000000000013	0.16947000830644918	0.8148831880533606	active
12.79874716553288	-1.38087962962963	0.3039650931703881	15.379310344827585	0.7931034482758621	1.9884161851692688	4757764.199409469	5.451800000000001	0.2458685052818595	0.6611820953070057	active
11.933892668178384	-0.12706790123456768	0.9049825268827963	10.210526315789474	1.4210526315789473	2.0750089231847304	18683.090033341592	2.806820000000001	0.5544206111417534	0.9357833299307465	active
13.701577891863561	-1.0362072205425383	0.35688778192605186	12.108108108108109	1.054054054054054	1.6941281527867826	221547596.15236405	5.253200000000004	0.33443110333922516	0.9317069393891226	active
12.134466647770218	-0.11535210380448446	0.8051952011122818	10.523809523809524	1.1428571428571428	1.8039060510745435	80913.86414105113	3.4644000000000013	0.37005033840777873	0.8401091622625737	active
12.937834939531369	-0.5058008944318473	0.7147571776870005	12.36	1.08	1.9429725148649866	445432.75799580815	4.783000000000003	0.38335085712738665	0.9037138985749851	active
13.160527762030737	-0.03327711640211595	0.5555817567057061	10.851851851851851	1.1481481481481481	1.6278885041076185	3021916.741894927	3.7679000000000027	0.25620567881444367	0.7600827226256672	active
13.713481981157171	-0.9532416855631147	0.3796037574101647	12.085714285714285	0.9428571428571428	1.7614165489781008	98540959.40653165	5.676600000000005	0.2414677589599827	0.9095132890291788	active
13.80073609536407	-0.7037152448087693	0.44015358727106774	15.125	1.15625	1.8243624467392419	19515384.29777917	4.043300000000003	0.3019546612262122	0.9211256731211206	active
14.11490930423685	-0.9125581319534244	0.29805748540248883	16.5	1.1578947368421053	1.4092901880057547	475282509.4424214	4.1605000000000025	0.38705251362628723	0.8625341247851174	active
12.76195885298564	-0.6392644557823131	0.8486678616637625	32.04761904761905	1.2857142857142858	1.5729962817511263	56788.68806893428	2.3951200000000004	0.5827777877999003	0.9696359390504301	active
11.925648148148149	-1.3740843621399172	0.5404789954485705	10.4	0.7	2.550693529851314	25003.197435484188	-2.6408000000000005	0.5532617906047004	0.8701511115269557	active
13.466678307546363	-1.0212018665490892	0.5285638164691997	20.305555555555557	1.0	1.329275440320441	253357355.6657013	3.854200000000003	0.22155056709534476	0.682650167535695	active
13.268079394823772	-3.8681014712983965	0.7066232961001845	21.724137931034484	1.103448275862069	1.8495546923177533	2992995.4331278484	1.884219999999999	0.22234814105820916	0.8335070344446531	active
12.759733902332831	-1.7963113392342158	0.12727587476761287	32.5	0.8409090909090909	1.5219036978486047	3384188757.880387	-3.543899999999995	0.18150826009716076	0.5945869675538827	active
12.698852513227514	-0.06372637944066484	0.7420416387709315	14.91304347826087	1.2608695652173914	1.5902589756632735	377395.4520981559	2.6826000000000008	0.4334902386691498	0.9479178457532282	active
12.99886585916889	-0.3781090106623586	0.7007636587867094	15.222222222222221	1.0	1.4698709009258317	1832238.5453895305	2.768600000000001	0.28415913695334416	0.8765908373645674	active
12.541710758377423	-0.1265586419753082	0.6663455099659954	15.88888888888889	1.1851851851851851	1.4715895705136224	1283331.2884960996	3.5004000000000017	0.23491892395685027	0.8195858963988122	active
13.451855434303349	-3.4973348316663153	0.5938340896710826	20.0	1.21875	1.4803346035209972	27062701.193533823	4.556000000000004	0.1829398331703738	0.6174388056946544	active
11.459166666666667	-1.2822222222222222	0.5315318380831734	10.5	0.875	3.1361171062761564	4220.67290790774	-1.5056000000000007	0.34105843721173396	0.6967177305675684	active
11.629585050324588	0.0030040089446659035	0.8140940654010786	15.565217391304348	1.173913043478261	1.774819497644762	229694.94214048522	2.594480000000001	0.0552792885283276	0.9505950005214217	active
13.249494240227467	0.00039892500209992576	0.45652051107550523	11.166666666666666	1.0	1.5806133916925962	10278551.6847568	4.572600000000003	0.3374158146984345	0.7806561362008893	active
13.787498562929589	-1.4775820036845473	0.30520176323481907	12.605263157894736	0.9736842105263158	1.419007954794498	518674253.5199245	4.730100000000003	0.1181434642448387	0.9015353255999276	active
12.714158084530109	-0.4479136023251631	0.35767673057220006	10.612903225806452	1.0	1.5241967041671176	18604646.900340565	5.896500000000004	0.5819939927387989	0.9602087617509478	active
14.333266809248952	-1.1487590151801466	0.48347647245284253	24.615384615384617	1.1282051282051282	1.3448335727070908	1166603618.3897014	3.9949000000000034	0.20233916839543384	0.8098761347322059	active
13.195450890232635	-0.4290125369860214	0.680802633851707	14.357142857142858	1.0714285714285714	1.6019478331835468	2921260.9836920486	2.781600000000001	0.3550589883629342	0.8290509513308749	active
12.670476662887376	-0.37252928949357567	0.7747547433722919	15.956521739130435	1.173913043478261	1.6567737113968188	365561.2134282313	4.002900000000002	0.45268277174507854	0.9552467526433445	active
12.706584939531368	-0.5567268203577733	0.7232783084978672	12.125	1.0833333333333333	1.900281520977484	321276.28959063743	4.440800000000003	0.5308096716075545	0.896811866664281	active
11.537189461187547	0.01523428731762122	0.7768576270304616	16.238095238095237	1.1904761904761905	1.9240883989288224	54631.80856643385	2.3694000000000006	0.4459629071953301	0.8758233161238858	active
12.969158696914981	-3.8694656373351806	0.7216375748691334	18.25925925925926	1.2962962962962963	1.8887765150456004	1623694.20038107	1.2220999999999997	0.2078970178112579	0.757144999444546	active
13.69032789186356	-1.042318331653649	0.35688778192605186	12.108108108108109	1.027027027027027	1.6941281527867826	221547596.15236405	5.253200000000005	0.3059024073356984	0.9799223074491717	active
12.197958711262281	-0.02893235071806477	0.7917502253513193	10.523809523809524	1.0952380952380953	1.8039060510745435	80913.86414105113	3.724420000000002	0.5659288075303881	0.951703523144954	active
13.328008347839695	-1.0155340870916272	0.4918407005992065	15.212121212121213	1.0	1.5444933665001352	20812668.555537112	3.9890000000000025	0.3207498505592902	0.7859062429773823	active
13.837519220281216	-1.443633353804485	0.3959316856173517	16.72222222222222	1.1111111111111112	1.4701705866416317	157233159.8538874	4.674220000000004	0.24026635335002364	0.705086536109992	active
13.202290879314688	-0.06828136810279628	0.5041285285680157	10.928571428571429	1.0714285714285714	1.6280105211474925	4271530.572123697	3.1872000000000016	0.25091252429884814	0.6988417421136336	active
12.556232993197279	-0.25735544217687134	0.9227468239566763	16.761904761904763	1.4285714285714286	1.8673762978306383	76345.51463505182	3.5482200000000015	0.34829498124541625	0.7991984181602116	active
12.869725056689342	-0.29080215419501165	0.8903816672757389	19.291666666666668	1.2916666666666667	1.6255525177566659	704839.8186902975	3.6994000000000025	0.4508126698681004	0.8624088595020558	active
13.925633941108327	-1.0184837700512308	0.2810680735732491	12.342105263157896	0.7631578947368421	1.56420091681432	791267425.3896759	6.002100000000006	0.08056613978570094	0.7861710140219083	active
12.836646037265801	-0.3079522515056423	0.7967767738732201	10.523809523809524	1.0476190476190477	1.78543950554549	83397.60403140467	3.5551000000000013	0.4736106150091064	0.8592632424735144	active
13.46381835104463	-0.9268075501805673	0.45719403548368076	16.0	1.1470588235294117	1.402741321044662	75231564.8390209	3.846720000000003	0.34976569654003886	0.8479074161117665	active
11.774399959057698	-0.24997826908541154	0.6720717798157029	10.761904761904763	1.1428571428571428	1.958053124975773	68596.07341816819	3.696500000000002	0.8425173808950295	0.9901458841531448	active
13.842682980599646	-1.0442447326152688	0.5996093552692155	17.5	1.1875	1.7205027913271251	16291235.732775632	3.2250000000000014	0.26833630621484433	0.861783477286391	active
13.320708144368858	-0.8934241543839758	0.7422716063463868	18.846153846153847	1.2692307692307692	1.763839332989991	1179572.3989157218	3.5059000000000022	0.3015063632688159	0.9772789527002401	active
12.560823412698412	-0.11622916141765316	0.5718119347736201	10.851851851851851	1.0740740740740742	1.5128877757666626	2365945.4393457957	4.012400000000002	0.32462066805701395	0.8032327513019976	active
13.304792296548248	-0.03971371882086139	0.5074827262425278	10.827586206896552	0.8620689655172413	1.6391337450901209	6345122.682822851	3.7307000000000032	0.09468980649023286	0.7483736570071393	active
14.297140967498109	-1.1653878495842789	0.36905081657109373	18.473684210526315	1.2105263157894737	1.3848502597225925	840768699.6412876	4.862000000000004	0.17181298861135927	0.7801441260238015	active
12.653091695011337	-0.39446145124716625	0.8326255094180107	23.0	1.2727272727272727	1.7751680927740314	130364.7170169138	3.5477200000000018	0.45251296821221393	0.8958363104676124	active
12.472942176870749	-4.155424382716048	0.6311273766618477	11.142857142857142	1.1904761904761905	2.6793890319859295	43573.89973115203	2.4846000000000004	0.26235298088965625	0.8597462774412382	active
5.4676889607231836	0.6679287145585777	0.5555951339156205	10.96	1.12	1.6021435243351851	1006349.6425930028	4.908520000000003	0.45261456931957117	0.925944828439246	active
5.324333427815571	0.8312451184177375	0.7672832252756947	18.0	1.25	1.7778971173782279	10534.896429543438	2.6356	0.3769461690063308	0.9640632473499127	active
13.646272321428572	-0.9585279667422528	0.5689186092940517	16.735294117647058	1.2058823529411764	1.737672440986536	63967613.31749058	4.050400000000002	0.24379836517856865	0.8924851611178497	active
12.11104686318972	-0.032993827160493705	0.9394232861340945	13.05	1.3	1.7220390495903815	60410.66853654705	3.4049000000000014	0.5305951527517749	0.9383476269005078	active
14.055845222348196	-1.147825076700662	0.475619530584149	15.567567567567568	1.1081081081081081	1.8250323241614583	221414087.03084803	4.357200000000003	0.19063398048807467	0.8604571390771872	active
13.69907789186356	-1.0345405538758714	0.3830484398292008	12.108108108108109	1.054054054054054	1.6941281527867826	221547596.15236405	4.617400000000004	0.3403037843235649	0.9822283943162724	active
12.50908871882086	-0.15470442806752294	0.6006343517126298	10.807692307692308	1.1538461538461537	1.5665823598586595	1543681.3306303094	3.483600000000002	0.47381323888263444	0.8888227006568682	active
13.376599304475388	-0.03304243302259158	0.36703217664723986	10.96774193548387	0.8709677419354839	1.4420831161564165	30224836.464175556	5.393200000000005	0.2282788733787803	0.7636272451289796	active
14.238559382086166	-1.1939443709582604	0.3870163427065876	17.477272727272727	1.0681818181818181	1.7151617825969814	3740125342.929074	4.422400000000003	0.09929209971821973	0.7766775252007012	active
13.153430124268867	-0.3183374765833282	0.4952326152061804	15.35483870967742	1.2580645161290323	1.414861967439567	19494638.061979283	4.946220000000004	0.33748844911282505	0.7919612910163939	active
14.026686507936507	-1.025003516838835	0.2221693653608778	12.3	1.0	1.5670171994482134	1268234319.7667937	7.072900000000007	0.26624214029478516	0.9127096763919793	active
13.299551760519023	-0.14340057319223964	0.544038768720666	10.785714285714286	1.0357142857142858	1.7210822714893328	3863748.195950369	4.491300000000003	0.19687607444149133	0.7138281543887374	active
13.914309702275972	-1.1272882810531621	0.4500602618452734	16.970588235294116	1.1470588235294117	1.5621038110399679	62138846.99745211	2.2940999999999994	0.20785713936842198	0.8824111993324614	active
13.746911060720583	-1.0643625860838168	0.4003503619903657	12.0	1.0277777777777777	1.7948282773272108	145601689.3269567	4.797500000000004	0.2711155528858501	0.9687455877790306	active
14.17870057052874	-0.8362401554974608	0.3683858792081495	20.789473684210527	1.2105263157894737	1.2366165421237911	815531747.3622388	4.396800000000003	0.16190521985126471	0.8164479539954437	active
6.071309086391758	0.4966818888049054	0.7397917045388908	10.7	0.95	2.1687192002326223	56907.66109539493	4.761100000000002	0.24061188379617618	0.7524431683504533	active
13.176608761592076	-1.0339642122281016	0.5447636524287988	11.59375	1.0625	1.772374699120829	12530583.416008662	2.7890000000000015	0.1575937704767553	0.7637449289903441	active
13.650963679453263	-0.9437887377173093	0.5718136371260953	16.735294117647058	1.2058823529411764	1.737672440986536	63967613.31749058	3.9079000000000024	0.13998388923548316	0.8948770100522963	active
12.924294847568657	0.0759367388930885	0.7281232313333109	14.833333333333334	0.8333333333333334	1.5198357850203614	604078.63884046	3.1972000000000023	0.276168332113297	0.8197040193360362	active
10.520736305324599	-0.6591017888636936	0.3591583792833982	12.1	1.6	3.0496571259388316	142.19516056908168	1.2479	0.44789367226721544	0.8539128295355239	active
12.15080073696145	-0.09507432602670685	0.8046301142264364	10.761904761904763	1.2857142857142858	1.805191079820616	84915.27721593184	3.4773200000000024	0.5314392050404574	0.9633660634794803	active
13.838614928900597	-0.9459294427647611	0.4626716882056284	16.27027027027027	1.135135135135135	1.6656264145048525	221547596.15236405	5.130400000000005	0.06259831204695515	0.8496558805766418	active
10.874790249433106	-1.3855102040816323	0.5689342246864603	12.357142857142858	1.3571428571428572	2.7772680269131413	1115.7791056158326	-2.546499999999999	0.44347180412563963	0.8907064189624583	active
13.132225450365329	-0.3700047241118676	0.644912901562617	15.571428571428571	1.3214285714285714	1.6545100990224568	3162351.606930807	5.1818000000000035	0.3168159380963976	0.9258312809464317	active
10.833973922902494	-1.6602758881330308	0.5727117978837533	12.357142857142858	1.3571428571428572	2.7772680269131413	1115.7791056158326	-2.5128999999999992	0.4063717523632932	0.90987851408822	active
12.657268975853247	-1.158645665049864	0.5915790709073013	14.956883884740474	1.1464866609162219	1.7796831661572496	22265125578776.895	3.3013269464469635	0.3314222199058814	0.833842090242823	active
12.733794879062735	-0.5458059334845051	0.6761462954990178	10.73913043478261	1.2608695652173914	2.267110747003931	254349.39169970204	2.555040000000001	0.29921652569275664	0.6994823792805137	active
14.45660087744413	-3.55876478796246	0.21195036653751734	25.73469387755102	0.9183673469387755	1.5418727621663688	22001811090.838627	3.622200000000004	0.1984774199431108	0.8539586321821487	active
11.582117189902181	0.043034788116859124	0.8140526669039058	16.333333333333332	1.0	1.6856246797002954	93598.4299399545	2.722800000000001	0.5680073416325284	0.955844562153361	active
13.637725024416216	-0.59703385032209	0.7087309203499199	16.03846153846154	1.2307692307692308	1.685812377025862	997509.0992634572	4.671200000000003	0.37402993686682634	0.82846347806066	active
13.819528203243552	-1.2070327917247272	0.0899510547944561	13.423076923076923	0.8461538461538461	3.224906057646623	34964950099.323845	3.142640000000007	0.09227506461141052	0.948822863809355	active
11.992000661375661	-0.17785210380448446	0.8041311249490651	10.65	1.2	1.7589737347978533	58939.201655083554	2.3975	0.4852868293560942	0.9192418911969071	active
13.784680991223649	-1.4665424618921645	0.5008154141485376	18.285714285714285	1.1428571428571428	1.6658872346008298	62483718.54996755	4.620900000000003	0.1611197078224872	0.6914324377425245	active
13.023523085159988	-1.2488731812169305	0.22135475238825783	14.108108108108109	0.8918918918918919	1.8400434824749472	261689578.9398522	7.1305000000000085	0.28776066200561595	0.9480384891161644	active
12.218328171948302	-3.496216898031022	0.731632495779265	17.076923076923077	1.2307692307692308	1.93116025853962	813249.8591783782	3.5679000000000025	0.5908491778835602	0.895076108545273	active
13.744077891863562	-1.0100961094314271	0.3830484398292008	12.108108108108109	1.054054054054054	1.6941281527867826	221547596.15236405	4.617400000000004	0.23899735801577304	0.9377101794501596	active
13.805877739984881	-1.155230090492988	0.31401737476578195	12.0	1.0769230769230769	1.7268709012041596	608841870.8565392	4.2363000000000035	0.19800813490441116	0.8768467384881258	active
11.626553287981858	-0.28338515421600685	0.8639789546994593	9.823529411764707	1.411764705882353	2.561283464425375	5444.677947286351	2.0847999999999995	0.20063672963710302	0.793362267113129	active
12.743250661375662	-0.5086460695389272	0.7520927202488422	16.541666666666668	1.3333333333333333	1.67039571555388	511488.27847257326	2.4534000000000002	0.23469888281409898	0.8822865667360885	active
14.125540853354288	-0.9101102206008411	0.3537825775213376	20.710526315789473	1.1842105263157894	1.2465277222087965	918389772.4923869	3.9650000000000025	0.22382747496709018	0.7913367672316556	active
5.028790863567649	0.4903269085411941	0.5432776369063089	9.166666666666666	1.0	3.402570682630092	374.0377304598448	3.010600000000001	0.36338889840556865	0.858555535577261	active
12.64498714866605	-0.5320625472411182	0.5669025483575251	10.84	1.24	2.022303101270592	498810.21329129493	1.7759399999999999	0.6447436606939719	0.9803975449056149	active
12.884735922146636	0.013860859158478567	0.7123093452059465	13.458333333333334	1.2083333333333333	1.6683265371901423	482583.8580970603	3.8563000000000027	0.34169656150261296	0.8898781048936866	active
12.451823418684889	-0.40594770127320956	0.5323580597809113	10.807692307692308	1.1153846153846154	2.035859123914965	482383.4660067983	2.4175000000000004	0.3197608023714871	0.8538570242635718	active
14.299486646510456	-1.1606046863189725	0.36905081657109373	18.473684210526315	1.1578947368421053	1.3848502597225925	840768699.6412876	4.862000000000004	0.22373805668649083	0.8321701454363957	active
12.869400273998487	-0.264022345049131	0.8797631083567585	18.958333333333332	1.375	1.6131135192512995	482583.8580970603	2.8855000000000013	0.2533813611481583	0.7305532482718771	active
14.142549918115392	-1.1154953231292515	0.5931938620294102	22.37142857142857	1.2	1.5392292342455232	91131636.82009798	4.099800000000003	0.12499454569025188	0.6527110824959481	active
12.066545729402872	-0.09466049382716024	0.7747430588843123	10.65	1.3	1.7746352324759036	60410.66853654705	3.397500000000001	0.6178555713344874	0.9211260468514774	active
11.368037079029142	0.05318544238683165	0.7698131791533174	17.6875	1.375	1.7904053494450132	7640.9901520181975	1.6311000000000002	0.6102123015309702	0.8984775992459998	active
11.21865861468044	-0.4547250566893426	0.5980812809314172	24.05263157894737	0.8947368421052632	1.907792685909168	14747.294119221498	-1.1400999999999992	0.25529911745924966	0.9650405465904669	active
8.82218820861678	0.14523148148148168	0.5518955801042782	13.428571428571429	0.9285714285714286	5.492132141168524	1028.2255559121188	1.10016	0.4327696355274926	0.7544712589192742	active
12.364358238295827	-0.958893086839099	0.6951193352618424	14.44	1.08	1.6978962710622705	455344.072630024	-0.2503000000000002	0.6770412598933351	0.9528683928874518	active
13.640497474647752	-1.0361295613924584	0.3328956312474848	12.0	1.1388888888888888	1.959977935708742	101140920.18876544	4.214700000000003	0.3551603498440665	0.9268061148032607	active
12.78558349252662	-4.520114830874785	0.38227220641266846	11.137931034482758	1.1379310344827587	1.716658138473839	2975750.2408997123	5.865300000000002	0.3833700618164115	0.8235248851736939	active
13.689059504379655	-1.0741542527504835	0.42086707901196	12.368421052631579	1.0	1.9108571812048605	174763286.4380883	4.396100000000002	0.36418561763998214	0.9437478135247014	active
13.735575469704258	-1.0783241475602596	0.32870056997256974	15.461538461538462	1.1538461538461537	1.4368494714598217	1221269918.5403326	4.123400000000004	0.4214664369481365	0.9263724958800458	active
13.466678307546363	-1.0212018665490892	0.5285638164691997	20.305555555555557	1.0	1.329275440320441	253357355.6657013	3.854200000000003	0.1434366926358036	0.6791912384064748	active
12.420300506004871	-0.45021871011183756	0.673754114403104	10.538461538461538	1.1923076923076923	1.6554532229005248	836984.5025613371	2.628	0.3569238588372579	0.973033922472222	active
14.15296658478206	-1.0969768046107333	0.600937496253518	25.37142857142857	1.1714285714285715	1.3816265464354336	171767206.72839013	3.8522000000000025	0.17949822916862448	0.7896259809940559	active
12.783679567840615	-4.52866655402401	0.7460193644944909	15.11111111111111	1.037037037037037	1.6998648901772135	819633.7031081625	0.9560000000000004	0.6112559757916065	0.9448883080487713	active
14.168534419963613	-0.9553371549247549	0.25744489721733177	16.121951219512194	1.0731707317073171	1.2481117533147248	3118124121.8285594	4.016600000000002	0.1762387117341835	0.7214300716237306	active
13.287534687518	-0.42257532333921266	0.4469103887987044	14.96875	1.15625	1.4219286547764869	31442968.516459964	5.3670000000000035	0.20775707463163054	0.8521885573300609	active
13.743172634794659	-1.0125050652977243	0.4494725528477281	11.8	1.0571428571428572	2.0816009076346553	47613238.92185824	5.295300000000005	0.2566424398439812	0.7752453586168504	active
12.154874811035526	-0.08757432602670678	0.7914090985550767	10.523809523809524	1.0952380952380953	1.8039060510745442	80913.86414105113	4.069400000000003	0.5347776344491117	0.9128214632972861	active
6.458465136054423	-3.464929138321994	0.2664138311940485	10.941176470588236	0.4117647058823529	1.420297073739945	132340838.78728457	5.852900000000004	0.1464205864564344	0.7643254748176839	active
13.345577286470142	-0.8636404006046867	0.7175562062259577	15.448275862068966	1.2413793103448276	1.7415727411289599	4695682.979221778	3.866380000000002	0.25786909083713067	0.7873403489931587	active
13.397868881559358	-0.00687447509868111	0.4434115362671799	14.129032258064516	1.0	1.3996962841955873	30224836.464175556	4.716500000000004	0.1420971494631236	0.796226147513752	active
12.68868184069671	-0.1327885309886121	0.20082714286431413	12.307692307692308	0.38461538461538464	1.4841612924377396	1360221463128.0676	7.232800000000006	0.16288885166829356	0.577996786896377	active
13.34396726977828	-3.4182117003583907	0.6470725239676239	18.566666666666666	1.2	1.780347848279236	4489416.425319839	2.9315000000000007	0.2405505032123524	0.7600526177411278	active
11.647777305366592	-0.6274817334341141	0.9351185847480156	9.789473684210526	1.3157894736842106	2.045484938792533	21330.759367304843	3.3545000000000016	0.5770375396180389	0.8889891141781748	active
14.221099315146935	-1.122084829302091	0.5348239312286835	23.605263157894736	1.0789473684210527	1.287574932628145	840467397.5355644	3.8704000000000027	0.4018779099208513	0.8885610218731276	active
13.010912226001512	-0.2574287840136058	0.6444924499582572	21.884615384615383	1.1538461538461537	1.615706173212128	1737974.4220610189	4.345400000000002	0.3826181125061366	0.8462344781218071	active
12.321811539430588	-0.09421039094650174	0.7767809622444682	10.625	1.1666666666666667	1.8276131426514224	282896.0631225111	4.135400000000002	0.5502305540291172	0.8926140970842774	active
14.238559382086166	-1.1939443709582604	0.3870163427065876	17.477272727272727	1.0681818181818181	1.7151617825969814	3740125342.929074	4.422400000000003	0.13701182416306407	0.7356894541232267	active
14.27311949374564	-1.6586044273676543	0.15996214533866898	12.571428571428571	0.6326530612244898	1.4768323452310637	96733969998.6043	4.990280000000005	0.15347836213503618	0.8010785480430627	active
13.855892542202064	-1.0565153638615945	0.4959687445211722	14.76923076923077	1.0769230769230769	1.6408142272471375	273458882.6242538	4.490700000000004	0.13064367803943533	0.6704158049978807	active
12.717849740969502	-4.4245649671012695	0.7715264503890514	11.458333333333334	1.0416666666666667	1.7847508674913666	262287.720584813	4.434800000000003	0.5272338072832592	0.8874447816031806	active
12.455800264550263	-0.14224741748551262	0.7452340195112266	10.583333333333334	1.1666666666666667	1.8227862712084473	341711.03716697573	4.468100000000002	0.462185998108675	0.8668415343209862	active
12.127097033257746	-0.1275743260267066	0.8051952011122818	10.523809523809524	1.1904761904761905	1.8039060510745435	80913.86414105113	3.4644000000000013	0.5089450976645805	0.8736725413716996	active
12.823254440665153	-0.3829459561602422	0.7636273630461434	16.625	1.1666666666666667	1.671537733758154	497240.67323458666	4.1407000000000025	0.33925999590988415	0.8975392114936059	active
12.747324735449736	-0.5045719954648535	0.7520927202488422	16.541666666666668	1.3333333333333333	1.67039571555388	511488.27847257326	2.4533999999999994	0.23937153931332475	0.8771044841337591	active
13.977698885109598	-0.8576949610865696	0.46063505183671477	15.0	1.1818181818181819	1.6349682116439037	41095031.15588387	2.6225000000000014	0.3389693761982432	0.8210197623023159	active
12.10641723356009	-0.039660493827160304	0.9288748196030473	14.05	1.35	1.6989769990967059	83627.3774961776	3.7936000000000014	0.4451091725738716	0.8819349014375306	active
13.594689114071556	-1.1476917989417996	0.5328129463335457	12.970588235294118	1.1176470588235294	2.1232176236377476	35747116.66891943	3.432900000000001	0.10230007905635792	0.9528290596618839	active
13.429836881926526	-1.0220274838330397	0.43049985648518563	15.82857142857143	1.1428571428571428	1.365645177516991	142878617.16289133	3.6109000000000027	0.21342515634876966	0.6916144942413817	active
12.480634640832152	-0.733935290165449	0.5921416029098349	12.923076923076923	1.1538461538461537	2.589544606662072	426840.18531445955	3.2014000000000014	0.277377720302506	0.8412825820171933	active
12.354011147154335	-3.4169861347316695	0.7859885179120326	18.263157894736842	1.3157894736842106	2.095079980374041	23182.14513401335	1.2099000000000002	0.35084001295648265	0.9197476897603709	active
12.176576199924414	-0.057370244394053804	0.9145779486613005	13.19047619047619	1.380952380952381	1.7312437002469676	80913.86414105113	3.274300000000001	0.5143909085048259	0.8773549952541988	active
14.14376693404707	-3.198542292464503	0.4590673794348004	19.846153846153847	1.1282051282051282	1.417808791446433	558111323.3055882	3.709100000000003	0.3887800827526771	0.8400501292761107	active
10.999678646427197	-0.46339274472634084	0.20913561792508084	10.909090909090908	1.0606060606060606	1.435979765299316	71914050.78924336	5.622200000000003	0.273620516015026	0.775651890188338	active
12.670476662887376	-0.37252928949357567	0.7747547433722919	15.956521739130435	1.2173913043478262	1.6538900128944876	351726.64106587844	4.002900000000003	0.252460574626837	0.8713511222595167	active
13.261262113290883	-1.0249518665490893	0.5147981396171999	14.088235294117647	1.0294117647058822	1.447401346017982	67331363.18156931	3.3232000000000017	0.29051494247679704	0.8377628108170018	active
13.74297234676699	-1.512689673091459	0.47707302768293997	17.25	1.0833333333333333	1.4102428116866452	208339750.57696828	4.411700000000003	0.10895618533005545	0.6723639934266011	active
13.537747543461828	-1.1071331464684648	0.455630916056678	11.75	1.1666666666666667	1.984594664725258	70989791.16034979	5.009080000000004	0.1058787797250768	0.9387966186311447	active
13.030287943511247	-0.38234578273227027	0.714208250522692	14.407407407407407	1.0	1.5315319450562694	2062852.8535581583	2.1281999999999996	0.45094440544599884	0.8948765304655364	active
12.76641545471216	-4.417634159027853	0.5233468611970812	11.958333333333334	1.0	1.8976414058718136	278146.7685947892	4.544700000000002	0.687566935849599	0.8949071119359862	active
11.64492689469421	0.024603909465021	0.8013179510096495	20.57894736842105	1.4210526315789473	1.9323202728246556	19865.249523088292	2.6115000000000013	0.3343345123543439	0.9131401560544179	active
12.556232993197279	-0.25735544217687134	0.9227468239566763	16.761904761904763	1.4285714285714286	1.8673762978306383	76345.51463505182	3.5482200000000015	0.2798396145929218	0.8018727143336819	active
14.276213584971021	-3.78018719792146	0.47891583616568845	23.13888888888889	1.1111111111111112	1.4463774856673237	214071388.77836582	4.665480000000004	0.3152657617829075	0.790511978538394	active
13.686743843753451	-1.0770001889644745	0.3666181777054298	12.114285714285714	0.9714285714285714	1.812269928698821	84540073.3214187	6.138000000000005	0.1768031203964996	0.6300860973149127	active
13.611580963403881	-1.034491685563114	0.48117551682885906	12.411764705882353	1.1176470588235294	2.0765633860126527	40839942.072894834	3.4903000000000013	0.14607288853795528	0.8558199070474509	active
12.387296390778534	-0.4359982224065011	0.695923552445553	10.44	1.08	1.6462051333496743	583355.3673685178	1.9746000000000001	0.6223879160682789	0.9341077090831732	active
12.139249811035524	-0.10798248929201293	0.8051952011122818	10.523809523809524	1.1428571428571428	1.8039060510745435	80913.86414105113	3.4644000000000013	0.29737380070464403	0.7830790248448767	active
14.214795288485764	-1.2053272628495844	0.4274618385964765	20.89189189189189	1.2162162162162162	1.3902521147141844	542946671.5326428	3.443200000000002	0.31785772194037754	0.9081431957644914	active
12.039500661375662	-0.09914840010078074	0.803302402185066	10.65	1.25	1.7589737347978533	58939.201655083554	3.1689000000000007	0.6364777564585439	0.9011187674705564	active
12.823254440665153	-0.3829459561602422	0.7636273630461434	16.625	1.2083333333333333	1.6683265371901423	482583.8580970603	4.1407000000000025	0.440166742516067	0.8855642303543296	active
13.241708238851096	0.03241307634164792	0.5058822132122779	10.851851851851851	1.0740740740740742	1.6602711003920962	2696773.299591645	4.7756200000000035	0.18175707845287273	0.7259217539356159	active
13.644629695676098	-1.14738567649282	0.49134613016483425	12.5	1.0555555555555556	2.0339163569767624	66248907.81532275	4.213100000000003	0.29804998742234906	0.9873020180089382	active
13.449658289241622	-3.7768487205552055	0.5542211443498137	20.441176470588236	1.1470588235294117	1.4409359188118236	33483417.653598383	2.8005000000000013	0.1694137217621816	0.7695303021003156	active
12.032000661375662	-0.11535210380448446	0.8039955005520371	10.65	1.2	1.7589737347978533	58939.201655083554	3.0025000000000013	0.618704083035646	0.9377728242383828	active
13.746859479839278	-1.0626158457210055	0.2935803288603398	11.615384615384615	1.0256410256410255	1.4563152364301086	1221269918.5403326	4.2005000000000035	0.25329095973338966	0.882781742780555	active
13.66157789186356	-1.063984998320316	0.3772590908331365	12.108108108108109	1.054054054054054	1.6941281527867826	221547596.15236405	4.648200000000004	0.41220599760794274	0.9480114697116467	active
13.849957719198787	-1.2237535168388345	0.3345482651152302	12.025641025641026	1.1282051282051282	1.7568740025133744	546680614.1830211	4.656800000000005	0.10097979167414904	0.8948215046119765	active
13.144875755857896	-1.171458242379358	0.7326384338451372	16.535714285714285	1.2142857142857142	1.6681709474130182	2574183.7879254776	2.176	0.3946655034006015	0.7765615295255626	active
13.254838096778784	-2.57864041543243	0.5568276740720394	17.03448275862069	1.1724137931034482	1.5016042019485192	4848305.607915749	6.0142200000000035	0.28091472256260014	0.7061469928405438	active
12.175577758881332	-0.30727399498894203	0.8078207402391047	10.590909090909092	1.1818181818181819	1.864752731860365	119527.26720028059	3.1430000000000007	0.5083190256847672	0.8925588556359692	active
12.895473828420254	-0.8183008944318473	0.6810910306498091	17.2	1.0	1.7749048775242549	740468.1747929405	4.339100000000002	0.5360054557381555	0.9269167094753274	active
13.515766920194004	-0.967367724867725	0.5428314528348926	12.25	1.1875	2.08904581469753	16194378.312421992	3.517800000000001	0.13017008497130103	0.8697195727802518	active
13.472210625807307	-3.6881607507685232	0.6093617169945807	15.3125	0.90625	1.5938980974094834	12559582.627643391	2.537580000000001	0.2771393850736573	0.8992280649311281	active
13.701068594104308	-1.5166918619299574	0.42665210942694687	14.205882352941176	1.088235294117647	1.5163631875252206	72923220.93464701	4.414400000000002	0.2035408093699997	0.7648538842362996	active
13.687525091504861	-0.501664814358475	0.3269197904185625	11.0	0.9705882352941176	1.4697780058370282	92994695.37493284	5.519200000000005	0.21367462998516298	0.6339140196878056	active
14.123486283992026	-0.913581294981006	0.3518332799934112	20.710526315789473	1.1842105263157894	1.2465277222087965	918389772.4923869	4.1075000000000035	0.18754417309612265	0.7132988989353756	active
14.1801425337329	-0.9062184948589169	0.31511050395860773	18.525	1.1	1.2393615363674098	1697169999.6077547	4.273200000000003	0.394164969590835	0.8498741622268542	active
12.253293020912068	-0.11353266460905331	0.7856750944674604	10.521739130434783	1.2173913043478262	1.8185142127509213	199798.1882316486	4.078000000000002	0.40258097164288414	0.9101336958323565	active
12.257619257579575	-0.31810389896699376	0.8070844162985553	10.590909090909092	1.1818181818181819	1.8230061577380083	120297.21027040768	2.3627000000000002	0.5413977082923712	0.9176768318624928	active
12.348392268978383	-0.07108389300059303	0.21138619670065883	12.911764705882353	1.088235294117647	1.275340854920162	79140338.9571503	4.746000000000003	0.11159189497528536	0.7687505036347905	active
12.97165741105135	-0.3659596571668515	0.7289068075429675	15.307692307692308	0.9230769230769231	1.4817860731853647	1317687.883155953	2.1151999999999997	0.3270739516784916	0.9310652714749031	active
13.566780592268284	-0.9528410808767955	0.4966146440144949	12.242424242424242	1.1818181818181819	2.051633077239168	26450086.40078068	3.9079000000000033	0.08990608141829076	0.7697562854085737	active
12.859888569922457	-0.1082627831256977	0.2977052810603712	11.0	0.8823529411764706	1.342028891598996	70295897.51755442	6.859000000000005	0.2229993787011332	0.7413305123142502	active
12.663654415469892	-0.39987575585789803	0.7909659087002993	10.416666666666666	1.0416666666666667	1.9758115472343927	420119.7713706736	2.2329999999999997	0.40887945840071094	0.768005032812595	active
12.365429557548966	-0.933757317541241	0.8072635459408661	15.5	1.0416666666666667	1.6987736173065358	266964.99300494924	1.6480000000000004	0.13578865621345237	0.6761129173865803	active
12.450264926443829	-3.3531898384353735	0.7816450792200366	17.476190476190474	1.0952380952380953	2.022232793644803	57331.295544838606	1.2895000000000003	0.522324833165549	0.9394231545508194	active
13.34400888133031	-1.4297744630259515	0.6132997278568318	12.96551724137931	1.103448275862069	2.010394184901971	2831790.29510023	4.158100000000003	0.2189256705673577	0.7740739128994416	active
12.491839101331692	-0.16613271239012395	0.6058624024119347	18.17241379310345	1.1724137931034482	1.514097986777761	3102371.6090452173	5.5271200000000045	0.42309625226003095	0.8234958428270086	active
4.125246126228269	0.8021787603930464	0.5657553515126612	10.0	1.0714285714285714	1.9574758959875322	2714.3052865680856	2.1639	0.34293627147936656	0.8189621145916841	active
12.225638699924414	-0.1472903806584358	0.794183462450602	10.26086956521739	1.2173913043478262	1.8360781287032109	199798.1882316486	3.941080000000002	0.5694352613341702	0.8950391791876763	active
12.124428382464098	-0.09669186192995705	0.8046301142264363	10.761904761904763	1.3333333333333333	1.785022978534662	82584.48293358205	3.4773200000000015	0.5736244961624827	0.9119400522969919	active
14.097552939659945	-1.231837627026119	0.4264882163062363	27.07894736842105	1.105263157894737	1.2773649410481884	475724332.982368	3.0880000000000027	0.31265744085897673	0.8321760018074874	active
13.288644690602649	-5.408282918571288	0.11757442386923869	13.0	0.43103448275862066	1.3012734820664704	1399919185138.4043	4.035640000000002	0.5224634083573234	0.8856325542475664	active
12.806865551776266	-0.8516959561602422	0.7508030441362336	11.76	1.08	1.932810162034874	483888.6243860354	3.704100000000002	0.4360633495285359	0.8950018180144133	active
14.50315562376236	-3.7930339517085936	0.38913726055473274	21.829268292682926	1.146341463414634	1.368761545993116	2115099628.4368618	3.952480000000003	0.14610848753378136	0.9138444140291726	active
14.22531756030899	-1.1765706884605693	0.40712129362494864	18.71794871794872	1.1794871794871795	1.325831645726035	1155140999.2386208	3.7767000000000026	0.2829469419281108	0.778809958371619	active
12.950632296128328	-0.17278325424820107	0.699227412413045	14.73076923076923	1.0384615384615385	1.5679822630337672	1197704.067297096	3.377200000000002	0.2285790597569852	0.8093347049960936	active
11.989752771478962	-0.027710380448475513	0.6844362389184467	17.38095238095238	1.2380952380952381	2.0355474487885843	82013.93173544799	2.981700000000002	0.18816315482781074	0.6811870570695586	active
14.275689064205928	-1.3405903958805747	0.39391539120964403	20.025641025641026	1.205128205128205	1.4070014541214582	1018346863.2989768	2.728300000000001	0.14168255377447547	0.6868817807256603	active
5.294334609494241	-0.08211514343774429	0.11783105826800559	10.0625	1.25	2.604264374830468	3350.3228917933952	-2.1944999999999997	0.5141562638139768	0.9177953988349612	active
13.2817021499958	-1.1499229444864374	0.42209057722113513	11.705882352941176	1.0588235294117647	1.6227948373362393	40636024.19309352	2.5169000000000006	0.13818876563364252	0.9284446604372546	active
12.234629629629628	-0.09044028722600128	0.7497925260904745	10.136363636363637	1.1363636363636365	1.7997728140683686	143277.05108409206	3.3973000000000013	0.525846118982016	0.9161409865708509	active
12.901112056797515	-4.469355320331466	0.6877678143965636	18.033333333333335	1.4333333333333333	1.6494876682100994	4917132.0195609275	2.4639800000000003	0.6294258225371195	0.9242544705290341	active
14.311446811749391	-0.9684199420508952	0.28677224397945333	15.05	1.05	1.4997677469649302	1292284919.7516358	6.300500000000007	0.33747303896037817	0.8960018845533012	active
14.123336329608875	-0.9638969854917274	0.3448476656665354	17.973684210526315	1.105263157894737	1.300887473841111	613581469.0151292	4.062900000000003	0.27528001426597754	0.8476634182735738	active
12.847243456679092	-4.5471295938409035	0.889486535263782	11.916666666666666	1.2916666666666667	2.3452164084408804	158344.24577536603	3.0443000000000016	0.3643957351267711	0.9128544519343393	active
13.15695167058593	-4.169207185288832	0.49891825531181555	16.484848484848484	1.0909090909090908	1.632931994099753	33012141.938777868	4.070100000000004	0.1423028593335142	0.7254197093115539	active
13.559485067576926	-1.1316543839758133	0.5079750236724464	12.0	1.1470588235294117	2.067781595704499	38332815.413223155	3.4345000000000017	0.26702992289854666	0.9555040956706092	active
14.318778673927483	-0.9120340450995212	0.3495148803173635	18.825	1.125	1.3213991580153133	1742997204.3149455	4.215520000000003	0.18186500643706677	0.7972703997824669	active
13.343570050101038	-5.43781069418114	0.10676011790295757	12.833333333333334	0.45	1.3410872769646487	4096122989655.729	3.4360000000000017	0.26625734584345795	0.8528047017509872	active
14.131802747333502	-2.5826540629045427	0.49502912040384534	21.405405405405407	1.1891891891891893	1.5303665886244646	244294622.8527754	4.819900000000004	0.14536705458784685	0.8620558732455998	active
13.258058075081884	0.2105208333333335	0.5060841003389492	15.0	1.0714285714285714	1.4788508570472292	4978723.4409371605	5.838000000000005	0.16806949449927835	0.5990626464675215	active
13.716366134672777	-1.1617499311988853	0.3167079494698928	11.871794871794872	1.0	1.6255057349493869	620936059.238877	4.614800000000003	0.14800353434514987	0.8946841058836182	active
14.155589707233482	-1.138358774562779	0.49325191352530995	19.783783783783782	1.1081081081081081	1.4434475789111718	291739925.8920867	3.4639000000000024	0.25092706936156295	0.963335245584724	active
11.694853788737717	-0.23265778533635695	0.2862371144515137	46.55555555555556	1.5	1.8718855808190114	18095.86512965189	2.7620000000000013	0.15920226796547823	0.7055484584494518	active
4.756018518518518	0.5787037037037039	0.42720022942752706	8.75	1.5	3.5208600674451374	47.19725257297226	1.16	0.2162944886973628	0.6361323355925922	inactive
13.413797693693006	-0.9623475395923091	0.35218969434333536	11.694444444444445	0.9722222222222222	1.3544187916277122	249329728.03556803	3.9026000000000014	0.19143405917072656	0.700428733294712	inactive
13.662241433610479	-1.576800280297304	0.42727165314970844	12.558823529411764	1.088235294117647	1.7475155229749806	45373404.77387256	4.430680000000002	0.1331820361600171	0.6725607985993832	inactive
13.17520809712774	0.10350670823885055	0.6813170466380937	45.92	1.24	1.5524232297011886	1919093.2428223423	2.0925000000000002	0.19469347053822947	0.7118762665934116	inactive
13.537957135690721	-1.081717424624171	0.4124092425774893	11.314285714285715	1.0857142857142856	1.679901974484071	121413729.93245398	4.432380000000003	0.1233936329621675	0.6861177835169686	inactive
14.339453656571035	-1.0576887621056994	0.27056874581717527	14.577777777777778	1.0444444444444445	1.4445020534064161	13412172619.680178	4.188900000000003	0.19777074243934734	0.9120709575980397	inactive
13.519597033257746	-0.7736324877173093	0.7217725881134042	18.59259259259259	1.2592592592592593	1.7738105908296506	1873419.7049405014	3.766600000000002	0.1569809269859131	0.8165807937034828	inactive
11.912514076103694	-3.3166644227135307	0.7838526158862515	20.9	1.3	2.3106959216524765	29319.131134124025	1.0703	0.3544072397367506	0.7954007915770783	inactive
12.539518613000755	-0.431924148332427	0.6894942168033773	10.538461538461538	1.1153846153846154	1.6933881914181284	838345.7781973039	2.2830200000000005	0.3271326368734647	0.9036622552596874	inactive
13.276916650919626	-0.44344954648526147	0.6949663952768478	16.275862068965516	1.206896551724138	1.6499276264552347	4555015.739712894	3.1721000000000013	0.17319082353067453	0.6960406875155656	inactive
12.22498299319728	-0.5730035903250192	0.5423999289187837	10.6	1.1	2.0634177228860215	72080.57352960826	1.8930000000000002	0.23377554054106148	0.6980046518471117	inactive
13.51316275352734	-1.1314417989417997	0.5503035322166541	12.0	1.1515151515151516	2.0982194903104436	24198501.309469685	3.0444000000000004	0.007222665788422853	0.9284832893880779	inactive
13.610431272045858	-1.081713907785337	0.5792202850122019	12.029411764705882	1.0294117647058822	2.085798676474387	34328414.2852614	3.564600000000002	0.17539544455183703	0.8433930431741169	inactive
13.452903283459325	-4.592716749725159	0.3609824657534445	11.75	1.1388888888888888	1.984594664725258	70989791.16034979	4.730380000000004	0.139673604145394	0.7136054921844358	inactive
13.205152588813302	-0.9565028580876795	0.7351810038234337	23.64	1.24	1.5629878998191438	1276630.4447588245	4.5873000000000035	0.3235644308710824	0.7557811182589259	inactive
12.017516061980347	-0.2517328042328042	0.7944538771669135	10.409090909090908	1.1363636363636365	1.6837584889409913	136717.48700046103	3.9057000000000013	0.5376981946162215	0.9174488226049342	inactive
13.691674973230034	-0.9796362433862436	0.38853986421711134	12.088235294117647	0.9117647058823529	1.8208339374263145	59297668.4290122	5.998900000000005	0.13488971565712246	0.7121908654207992	inactive
12.074044272801713	-4.285785027662732	0.8857017808864864	11.08695652173913	1.391304347826087	2.131486862294101	84746.60128705192	3.5268200000000016	0.31444129334975685	0.811694680617739	inactive
13.311043713781807	-1.1033313911984546	0.44170586553239405	11.705882352941176	1.0588235294117647	1.6232845699153875	42733639.43202358	2.2448000000000006	0.3311944054428021	0.737027288315105	inactive
12.043574735449734	-0.0916484001007809	0.8033024021850661	10.65	1.25	1.7589737347978533	58939.201655083554	3.1689000000000007	0.6225619854657956	0.9410954721803103	inactive
12.508786478038823	0.1246578016473403	0.45406396462781595	12.966666666666667	0.9	1.4081703005621757	8653416.73367421	5.7815000000000065	0.4869094779070706	0.903597134714099	inactive
12.773624811035525	-0.23613914084152143	0.71802239494843	13.291666666666666	1.2083333333333333	1.6683265371901423	482583.8580970603	4.319100000000002	0.3921828814453827	0.8882214297793376	inactive
13.824878196649028	-0.8169640495086923	0.5151495365946167	17.741935483870968	1.2580645161290323	1.677886551586157	13423389.911766337	4.173300000000003	0.08217627959981684	0.9463898262636311	inactive
11.939225403124212	-0.05337165112958697	0.5341914417041845	11.0	0.95	1.8543385661804006	61758.66302432891	3.525900000000002	0.6448193920542823	0.8627760522662238	inactive
12.340656651549509	-0.9696759259259264	0.5055052971214055	14.88	1.04	2.803490087611988	291739.89613473933	2.1756	0.10131768949271316	0.6459601937059563	inactive
11.212870370370371	-0.38870370370370355	0.5796806794408671	14.461538461538462	1.0	2.7569605368382883	1095.9712415561455	0.6954	0.2602687929209003	0.5585058200010213	inactive
9.802662037037038	-1.6417824074074072	0.3780091246547498	8.142857142857142	1.5714285714285714	3.577919926272439	27.977093296928835	-1.2997	0.5587826542753781	0.8952213447592964	inactive
13.503478499985778	-1.0419479612832794	0.403811640409882	12.028571428571428	1.1428571428571428	1.9527607945526932	40666241.90004908	5.790800000000005	0.18580285959392154	0.8692451585731438	inactive
13.678485922146635	-0.7649519321617535	0.721898104759747	18.571428571428573	1.25	1.7899081284793672	2556213.602202557	4.108800000000002	0.24597064989641376	0.9048758550183766	inactive
14.178375713194296	-0.9789708096086613	0.26522520408990113	16.05	1.1	1.431030608677116	1092122911.5081766	4.209700000000002	0.39315055309784647	0.8676309435304527	inactive
12.005717120181405	-1.2579220731502476	0.6279689901206734	29.0	1.411764705882353	2.100769260851897	8524.665234888083	-0.40510000000000024	0.28168618058164363	0.8996480831255561	inactive
2.3798091458805746	1.0257168950377824	0.5335131251851576	12.96551724137931	0.6896551724137931	2.063565114206357	4582873.670846661	5.954000000000007	0.3048539714353828	0.7178706241814683	inactive
13.53232662509448	-0.9575035168388351	0.4429531885004654	12.028571428571428	1.1142857142857143	1.9527607945526932	40666241.90004908	5.445820000000005	0.12209712766132083	0.823815126702253	inactive
12.257933358528597	-0.3878128570196575	0.8083156546747973	15.52	1.48	1.702542938041181	359991.0592852155	1.6676999999999997	0.38370024899750754	0.7881394396044038	inactive
13.381339955939524	-0.026874475098681128	0.46526759426028513	14.129032258064516	1.064516129032258	1.3996962841955873	30224836.464175556	3.562800000000002	0.5286115798509483	0.8928778160385268	inactive
14.137706143063285	-3.003101215954495	0.3491352000047134	21.82051282051282	1.1794871794871795	1.2610242296706973	1039183889.2313985	3.893100000000003	0.3057767151877675	0.819033380391469	inactive
14.19966677898461	-0.9622215556682652	0.25620821885443035	15.878048780487806	1.0731707317073171	1.3994367861327763	1906660252.9149437	4.470400000000003	0.3796871361786329	0.851031930501527	inactive
13.271148536864324	-3.904483082170221	0.6341182099735219	17.35483870967742	1.064516129032258	1.7818826856200671	8063224.316833507	1.7942199999999995	0.18483714673119842	0.7960917177129786	inactive
12.141428807634163	-0.10959246661627597	0.9467023024765138	13.19047619047619	1.380952380952381	1.7312437002469676	80913.86414105113	3.241200000000001	0.4562317806861548	0.8675445681402713	inactive
14.02923146573444	-0.7326886101662891	0.687464767157707	20.967741935483872	1.2258064516129032	1.5873819636937911	17084823.826976933	3.124500000000002	0.23148907945222688	0.7330307600240095	inactive
13.613729406516203	-0.8893747375493415	0.44108573063191664	13.818181818181818	0.9090909090909091	1.5782431578027039	75605078.3506142	5.008300000000004	0.20995664214824128	0.9370688565002777	inactive
12.392256697926836	-0.0582892112521054	0.7067257241893371	20.785714285714285	1.1785714285714286	1.564811517059715	2376978.0612342786	2.2657999999999996	0.3152171530029339	0.7701671257566827	inactive
13.82975442405051	-1.0808739344503249	0.34613865790670845	13.35897435897436	1.0769230769230769	1.4963068780732602	1030779457.3031404	4.508700000000004	0.0396586248433151	0.8092950892147361	inactive
13.619513260064863	-0.38441484001007864	0.6310806596857562	16.03846153846154	1.1923076923076923	1.685812377025862	997509.0992634572	5.218600000000003	0.39905581771176535	0.8530259119821443	inactive
14.250229035924935	-1.0058131406832698	0.23639250119821742	15.785714285714286	1.0714285714285714	1.446520537121265	2690651813.168011	4.218300000000003	0.3170039212863764	0.8937414004710789	inactive
14.173002052494295	-0.9531196460065501	0.34380455304713314	16.657894736842106	1.236842105263158	1.3459921514793844	741557448.5272813	4.194880000000002	0.2434170211494325	0.829311203640915	inactive
13.726803981936106	-4.147009282879816	0.7731762054744727	17.318181818181817	1.1818181818181819	2.2314607388017795	77121.739519936	1.4266000000000003	0.2737321224037339	0.8410131959668324	inactive
12.098600245653817	-0.1361337868480723	0.8051952011122818	10.523809523809524	1.0952380952380953	1.78543950554549	83397.60403140467	3.4644000000000013	0.6155331137379677	0.942390725798857	inactive
13.671539656100304	-1.5541235821374264	0.30105680452145595	12.405405405405405	0.972972972972973	1.5853356506262464	161771136.31271756	4.689600000000002	0.2509283521992259	0.6816153920463675	inactive
13.154276738473165	-3.444672794629279	0.7106900480338649	17.285714285714285	1.2142857142857142	1.7202794474384606	2167547.8864956107	3.3857000000000017	0.32310051781261573	0.7557086362975416	inactive
14.427750462520482	-1.0466037966112376	0.28247245494098344	18.15909090909091	1.0227272727272727	1.2505315854952004	16063826672.961468	4.181500000000003	0.19205971684679565	0.7681600684925275	inactive
12.510938538489112	-0.4500005558869844	0.5807889040421976	10.4	1.1	1.8735591391465969	4851462.378939302	4.6868200000000035	0.40672517130175834	0.8874204130885303	inactive
11.437843561360877	-0.07087615096543654	0.7907009328583757	16.63157894736842	1.2105263157894737	1.9000049365994442	19303.390932197595	1.2965999999999998	0.564545000351212	0.85388173905942	inactive
11.130016534391533	-0.5687944066515487	0.48878133498627435	10.357142857142858	1.4285714285714286	2.9048532570690915	1324.7139056815984	0.019999999999999796	0.651099764843494	0.8673016563382325	inactive
12.851206538170823	-0.30932067271353025	0.7764970923994081	16.5	1.4166666666666667	1.6797718106882158	501846.24496616697	3.126500000000001	0.368369308323231	0.8385870083953411	inactive
13.586418210050063	-0.9919493260267067	0.8009109072673009	10.636363636363637	1.0454545454545454	1.8309484809688574	125582.39260334737	3.6942000000000013	0.359038401861401	0.8878798486926349	inactive
13.728244558530228	-1.0176887020240197	0.35067804973017375	12.108108108108109	1.054054054054054	1.6941281527867826	221547596.15236405	5.116700000000004	0.4189859835530825	0.9493632619376577	inactive
13.443336915784831	-3.794418164999651	0.5833497216603628	16.727272727272727	1.2727272727272727	1.692551218100687	19305452.56366286	4.305680000000003	0.20922648617178144	0.7363989563444061	inactive
13.625460005295864	-1.0868953924162261	0.30847467099633846	11.513513513513514	1.135135135135135	1.6564622822103432	317323639.45910996	3.9384000000000023	0.1771898987325646	0.650493587695284	inactive
8.736323089866007	0.4050468211976146	0.5098575618617068	15.814814814814815	1.2222222222222223	1.7426295782753989	4279504.462509983	5.214580000000003	0.5099082470950808	0.8914566394227273	inactive
12.028563869992439	-0.1485493827160489	0.8022492207594811	10.65	1.35	1.7746352324759036	60410.66853654705	2.4215999999999998	0.5711185625338151	0.9271255066448496	inactive
14.207997409611991	-3.7523579798144637	0.532522051165546	23.428571428571427	1.1142857142857143	1.4343240189647326	148929789.40687144	4.012080000000004	0.2438956064675058	0.6973709489516734	inactive
13.211353206010493	-4.738662641271509	0.4270481034857671	12.352941176470589	1.088235294117647	1.5714872097223527	44413162.14598903	3.9947000000000026	0.4156068283449601	0.8259059141733209	inactive
12.590530045351473	-0.3387046485260774	0.9125097856957735	16.545454545454547	1.4545454545454546	1.8623690165299325	131984.15024192608	2.732100000000001	0.22839585489072936	0.8321742559282334	inactive
14.262705095442497	-3.952316387681654	0.2713197935252292	27.384615384615383	1.1153846153846154	1.2100978988664697	459318576862.8753	6.038220000000006	0.20522712512127206	0.7278388978561426	inactive
12.61351095993953	-3.84732366377621	0.6021042721892211	11.576923076923077	1.1538461538461537	1.79829695411172	913255.3433628854	3.7787000000000024	0.19787949603571575	0.7251766034910927	inactive
12.086658635676493	-0.03300642479213889	0.7855040111168091	10.4	0.95	1.8110111338412764	58281.9965677584	3.4160000000000013	0.45215163552582893	0.8483140083535393	inactive
12.702761147154334	-3.5086759495464857	0.7866197918530495	17.0	1.1904761904761905	2.1868155723074514	44557.831769007615	1.3751400000000003	0.5763924742070433	0.9893289490773749	inactive
11.81183484504913	-0.16179012345679	0.920550899271915	10.38888888888889	1.4444444444444444	2.0312417814913757	13148.33406271925	1.8611399999999996	0.5583925826699219	0.9094006166443365	inactive
5.095544393995803	0.7251851851851852	0.6900905815441455	11.05	1.4	1.7980280578451828	82713.82271362431	2.8862000000000014	0.21076562644875843	0.7891374187828533	inactive
14.114298802114456	-1.016449475623583	0.26554766428689364	18.025641025641026	1.0	1.2534952743159176	1081180846.6549294	4.4330000000000025	0.11964392395208963	0.7810169087581825	inactive
14.151335328185768	-0.9126712998100981	0.3603797717091172	18.846153846153847	1.0256410256410255	1.2469683771580242	1217224530.345001	3.963600000000003	0.30274750532401584	0.8589122826289292	inactive
13.742417250864586	-1.2370375576003283	0.22625037484550775	11.78048780487805	1.0731707317073171	1.6446216151114394	1283008949.8185887	4.418300000000003	0.34906374939020646	0.8998293174927503	inactive
14.199948908014383	-1.158269242882338	0.5146267667184696	21.81081081081081	1.2162162162162162	1.492672891366899	251535826.82610995	3.4623000000000026	0.2111158493525353	0.823360911257358	inactive
13.652780830339227	-0.9869137377173096	0.4183157227136326	12.2	1.1142857142857143	1.7167042935517185	103292484.87991501	3.466300000000002	0.18858394432953604	0.8606014001539454	inactive
12.06467970521542	-3.839537037037038	0.6283739821736034	11.38888888888889	1.1111111111111112	2.472267393422258	13118.961777142245	2.32902	0.34846189660183846	0.8490348620905828	inactive
12.02806783824641	-4.125370099785909	0.9255553522929599	11.227272727272727	1.3636363636363635	2.1878679265085434	57099.94905953494	2.9655200000000006	0.38125318259377206	0.8258073381821304	inactive
13.340503196649028	-0.7279629629629631	0.6280142933836949	15.516129032258064	1.1935483870967742	1.7160477533081306	9912293.9922836	3.465700000000002	0.16454928286633935	0.7024664290813147	inactive
13.016831578514479	-0.38063072728969227	0.714208250522692	14.407407407407407	1.0	1.5115876285347247	2078879.0483406307	2.1281999999999996	0.45339215350034073	0.8664471603412969	inactive
11.470475945811444	0.0746965020576138	0.7696638941688418	16.88888888888889	1.3888888888888888	1.851538470397621	14002.760775412413	3.014920000000002	0.09021905779987627	0.6956660184499566	inactive
13.467782136757364	-2.5801604901679016	0.6773780524931221	17.75	1.2142857142857142	1.6768820233654111	1242533.3739302342	5.604520000000004	0.2789960786314301	0.7510625430135595	inactive
13.128410073906107	-0.38642419609410905	0.6849125007385509	17.333333333333332	1.1111111111111112	1.5938328505179884	1674635.6452351988	3.161500000000002	0.5620707625864307	0.9475485145782702	inactive
12.40588955026455	-0.6127210009518214	0.9262537930556356	17.428571428571427	1.2380952380952381	1.7482729945519586	73744.86291574904	2.9583000000000013	0.620953294129426	0.9454682167729781	inactive
10.069182964852608	-0.5093419312169316	0.5289547551768388	13.428571428571429	1.3571428571428572	2.2452664748461397	2449.430895854699	1.6626999999999996	0.7434582269404405	0.9497390893156543	inactive
13.733554833179273	-1.24999575468769	0.07767403923789416	13.52	0.86	3.1568774451477584	14144972046.240162	2.5397400000000063	0.31987172794738095	0.8623899504606378	inactive
13.594608214631887	-3.8503440909255766	0.537955160577435	19.833333333333332	1.2222222222222223	1.4608745202060223	141590418.00314218	4.076280000000003	0.08387173102300548	0.7935014511067884	inactive
11.541574074074074	-0.07620370370370355	0.5994834910884169	15.307692307692308	1.0	2.690389534648589	1131.0684223072026	2.0119000000000002	0.2919603011407871	0.6235624400405259	inactive
13.61595807689084	-4.026884151394208	0.4938360474511647	20.789473684210527	1.1842105263157894	1.4493817759815792	265433921.0204262	3.4744800000000025	0.4495066954520787	0.8420768003667596	inactive
13.599137691246277	-1.0617102072310407	0.3564079731570418	11.5	1.1388888888888888	1.667867987452943	193026804.3395892	4.354400000000004	0.10759243916402005	0.8376907221508101	inactive
13.73032789186356	-1.0145405538758714	0.32960782499925606	12.108108108108109	1.027027027027027	1.6941281527867826	221547596.15236405	5.858200000000005	0.1684091060187161	0.8272340532832644	inactive
13.58293036659108	-3.4926351489669956	0.6831777125762304	18.689655172413794	1.2413793103448276	1.8327735102779663	3235018.1461468656	3.591800000000002	0.16933347505716329	0.7919095022064696	inactive
13.713470648602772	-3.8845092828798164	0.7826071744026885	17.523809523809526	1.1904761904761905	2.1872213722225986	53769.369585199136	1.2875	0.4952509066035705	0.9238789002696074	inactive
11.76360658383724	-0.306840513983371	0.9281881202208317	9.947368421052632	1.5789473684210527	2.0307707410517484	23712.33907358396	2.2043799999999996	0.5648554779091698	0.9369503411181065	inactive
13.653197593852354	-1.2189701436130018	0.37967873561627524	11.806451612903226	1.064516129032258	1.8352962456552668	10714352.079138739	4.119220000000003	0.1478707279073332	0.647070664000364	inactive
12.976187851683882	-0.47135191718254466	0.6835511896339036	14.62962962962963	1.0	1.6041064562646548	1674635.6452351988	2.2996	0.4460634341487075	0.8744197452985055	inactive
13.178481355505165	-0.10068877551020372	0.513990393582903	10.928571428571429	1.0357142857142858	1.6280105211474925	4271530.572123697	2.0828999999999995	0.2813294148040846	0.7392317491846883	inactive
13.734911225196893	-1.1287053308977917	0.3862520341819326	12.105263157894736	1.0789473684210527	1.7175455445929835	299032326.47997284	3.5398000000000023	0.35899189760813915	0.8748857412723167	inactive
12.162719277525827	-0.13251244016124963	0.8042239506520825	10.636363636363637	1.3636363636363635	1.7882571307956567	145355.0365894575	3.177500000000001	0.41809249673913734	0.8044467075791849	inactive
13.314951513433655	-0.09996758734357902	0.484708250728698	13.290322580645162	1.096774193548387	1.391368848001805	22442949.775414176	3.618400000000003	0.18571217629193745	0.7775563208209819	inactive
12.203440885613503	-0.12380170277987679	0.9140060463042813	14.173913043478262	1.434782608695652	1.6631031318586045	132149.87531879457	3.002220000000001	0.37061956570298143	0.7684524489475466	inactive
11.982397486772488	-0.17075018896447425	0.8886053847209995	9.8	1.45	2.0923101678351017	33325.36768589543	2.0251	0.5024053821206282	0.9647654493233497	inactive
13.61487961388259	-3.995340823414867	0.6062042234115708	19.84375	1.1875	1.808702909205955	13006078.926216075	2.5349000000000004	0.22401187208291584	0.7468682101732574	inactive
13.553512936208781	-0.5581637552863199	0.7222895379121701	11.814814814814815	1.1851851851851851	1.7418624060476333	1189070.9438152951	2.502200000000001	0.3354687726394623	0.8546151771220442	inactive
13.067716455552993	-0.40555726595249486	0.7114234673284656	14.653846153846153	0.9615384615384616	1.5393689724959463	1194395.7925053432	2.2587	0.3010251617799169	0.822526168314817	inactive
12.172515957000083	-3.420840780233141	0.8501341729735736	11.291666666666666	1.2916666666666667	2.072708976146315	146306.2750875383	3.057920000000001	0.2540287571667144	0.8169411299543186	inactive
13.997638030827062	-1.1574610523221638	0.1614105147187115	11.487804878048781	1.1219512195121952	1.726122572291159	1761689442.8863282	5.869300000000005	0.058470424247169195	0.9248115527375554	inactive
13.531538643235072	-0.9508855741370623	0.6597199116132975	18.392857142857142	1.25	1.786570743095716	2742257.375524955	4.847000000000004	0.19462539277231009	0.8204735079396748	inactive
11.689748887209205	-1.0420332577475435	0.7185016047126355	20.61904761904762	0.9523809523809523	1.9978810165902074	57289.59026476565	-0.9819000000000007	0.19177999075640495	0.8690181662753846	inactive
13.076334089191231	-0.3812329931972793	0.7188282376075742	16.074074074074073	1.1851851851851851	1.6877897902468515	1702241.5601295272	4.367100000000003	0.35276577427915146	0.8693841424949774	inactive
13.208130642906076	-3.741337986583521	0.7826071744026885	17.523809523809526	1.2380952380952381	2.1626749835680585	52729.839359705154	1.2875	0.39318337936495157	0.9156118415365895	inactive
12.584566326530613	-0.20064247921390832	0.87902971941724	11.952380952380953	1.380952380952381	2.2195081821405362	55453.12363432704	4.565820000000003	0.2486190469184975	0.7701669641240637	inactive
11.682082749136441	-0.0024805359627133594	0.7543008334595541	15.384615384615385	1.1923076923076923	1.646498117255205	1012416.8291901486	1.7295	0.2911177713929552	0.8655178903341021	inactive
12.26360936144005	-1.5098023373465292	0.6798087330589467	24.083333333333332	1.375	1.7144846348891023	232419.89941069784	-0.7133999999999994	0.446718938780594	0.8203523758886556	inactive
13.86046678075245	-1.0359237738305203	0.3764428434646507	12.131578947368421	1.0526315789473684	1.7117714991268902	299032326.47997284	4.3937000000000035	0.13700061892205434	0.7258707777607274	inactive
10.993820660506476	-0.5061864648165157	0.5223578332484993	15.857142857142858	1.25	1.7039118192042242	5938584.939492598	4.176300000000003	0.5036310433952418	0.9050916401754404	inactive
12.771556594860165	-0.6248021317240282	0.567315479988884	14.8	1.12	2.0342091831076186	418264.92548049474	4.4608000000000025	0.35037263598943724	0.7492003264300777	inactive
11.822941545870005	0.008065936888989489	0.6639122586080795	15.346153846153847	1.1153846153846154	1.7129776396516918	1479335.8552114887	3.6366000000000023	0.2594956166060636	0.6828341964204159	inactive
14.256770635627733	-1.0333255123036869	0.26092301578839866	12.195121951219512	1.0	1.5414018792251998	1841553620.5800574	5.912900000000006	0.25387931869511526	0.8391439005914949	inactive
12.78207924561009	-4.553959934282355	0.9322177188663865	11.238095238095237	1.2857142857142858	2.1359865619569893	39614.49201232015	3.9350000000000014	0.5032081709581487	0.9057099567261296	inactive
13.398029799133763	-1.0210337558398528	0.35051925259663963	11.694444444444445	0.9444444444444444	1.3642259091804085	240728410.43729764	4.037900000000002	0.24776934223677674	0.7203640859824726	inactive
13.483336915784832	-3.63441816499965	0.5710373034204539	19.757575757575758	1.2424242424242424	1.4705872583407205	49711587.4299763	3.9349000000000025	0.16419423371630495	0.6299594399164553	inactive
13.313179054978988	-1.0814977143801106	0.35596615898566075	11.222222222222221	0.9722222222222222	1.491615186636149	134250045.09933314	3.9858800000000016	0.36285764152102834	0.7897221857308812	inactive
13.908097166239976	-1.0893770996052743	0.3384659818514219	12.128205128205128	1.0769230769230769	1.7191155722469755	526914439.47906625	4.109700000000003	0.3358152142958482	0.864496390951533	inactive
13.021684145880576	-0.020321239606953645	0.5521533562766379	10.88	1.04	1.6298203245501561	1229054.3258480423	3.726200000000002	0.18207514214226472	0.981067223835143	inactive
12.203399313429074	-0.0748369394053916	0.9408941318184714	14.454545454545455	1.4090909090909092	1.7077268335350178	79829.16600649265	3.338420000000002	0.3310205096007738	0.8335628642512679	inactive
2.6122685185185186	0.4940740740740739	0.7212588245608211	21.65	0.9	1.9017661245550799	76322.13064350616	3.0839000000000016	0.1744637442294384	0.607622111859928	inactive
13.083981459203528	-0.34575850646724215	0.8008719015144092	13.541666666666666	1.25	1.7511300929724334	312821.41248815204	4.609200000000003	0.4740562465066063	0.8764974345850893	inactive
13.334833167849908	-2.674272150657502	0.6941797098620538	11.037037037037036	1.2962962962962963	1.859802309834288	1167584.920189938	4.562720000000002	0.21827378960219093	0.7869226936192261	inactive
12.609084939531368	-0.7511712648022175	0.7301288290598454	12.125	1.125	1.900281520977484	321276.28959063743	4.256200000000002	0.4947282893758339	0.9538609105689687	inactive
13.466678307546363	-1.0212018665490892	0.5285638164691997	20.305555555555557	1.0	1.329275440320441	253357355.6657013	3.854200000000003	0.15311469752990792	0.6554356951566602	inactive
11.632913307362399	-3.9145843554348416	0.7453942298616116	19.68	1.2	1.5907602371152774	411146.2109041708	2.263	0.6429298372808159	0.927394128727111	inactive
12.086009070294786	-0.06743827160493798	0.9223830162548663	10.6	1.35	2.087132921926794	30843.5318013316	4.039600000000003	0.6000933361816174	0.964469508375617	inactive
13.169458144368857	-0.7128685988284205	0.7347577330885179	19.12	1.24	1.7309878180614306	673098.2449120169	4.5671000000000035	0.39096770225583166	0.8525595618957906	inactive
14.240698734645118	-1.128896263752415	0.315939341585744	15.720930232558139	1.1395348837209303	1.5115227222356136	4853714190.251133	3.9971000000000023	0.3096325971862677	0.9124150058868514	inactive
13.37058077207518	-1.0883625178466454	0.37924707760827125	11.914285714285715	1.0285714285714285	1.4243680190234207	132326274.80145293	2.588800000000001	0.19957063863338484	0.6717817494330536	inactive
12.106437389770722	-0.09755401234567862	0.8046301142264363	10.761904761904763	1.3333333333333333	1.7709928574863247	82164.20216734595	3.4773200000000015	0.43630778796369424	0.8680967127445575	inactive
11.454769640332412	0.0072171632146385	0.7857526547833044	16.105263157894736	1.3157894736842106	1.8856445915190354	24907.168048856383	1.4412800000000001	0.544732584424772	0.9490639104938354	inactive
12.310906662047534	-0.3339943728797239	0.7628232993700843	19.64	1.36	1.6730492853066734	526562.2353671018	3.549920000000002	0.4112656080009786	0.8451208658492476	inactive
13.456063595395307	-0.03830682581674627	0.4713190433621258	13.9375	0.90625	1.4114098880686667	44837300.30133761	3.5013000000000023	0.47666586784506	0.891755712685899	inactive
10.904498771730914	-0.7376851851851856	0.6322035355738016	12.76923076923077	1.3846153846153846	2.8351682624881787	795.6618714763005	-0.9134000000000002	0.26324772780817673	0.9170851109658785	inactive
10.4228941568092	-1.162324395761653	0.5616544918724433	20.227272727272727	1.1818181818181819	2.791584958361643	40499.073259445584	4.267900000000004	0.7973898641248615	0.9445427573975445	inactive
10.795761526832955	-0.8626851851851856	0.5798346457518468	12.833333333333334	1.3333333333333333	2.962539757428968	497.74840902301474	-1.1741000000000001	0.4444103048494116	0.8240350029121966	inactive
11.787664294112705	-0.6333585285966234	0.846115152587301	18.047619047619047	1.0952380952380953	2.1447089101189727	74991.50724927991	0.8383999999999996	0.3889571820194148	0.8213409069171174	inactive
12.748456160241874	-0.35714852607709635	0.6887651703545593	25.5	1.1818181818181819	2.0163335601274475	140495.89124327071	3.4433000000000025	0.4395145071965037	0.8140704256744101	inactive
4.4344855442176865	0.6431944444444444	0.4639437938300225	8.4	1.3	2.6687661861354384	251.66716234355823	2.2894000000000005	0.6069049501082566	0.8962122889817631	inactive
11.956280706727135	-1.2108693415637861	0.6450980075832928	10.8	0.9	2.3623328534654777	42910.89290819663	0.6807999999999994	0.5565116153079089	0.819641265389127	inactive
5.311495995671612	0.557865176678586	0.22525095909642437	9.466666666666667	0.7333333333333333	1.6085845158317489	4405640.344958916	5.208400000000003	0.5244418197877677	0.9463979177088558	inactive
12.612684424078275	-2.9346536883271694	0.620672123984499	12.346153846153847	1.2307692307692308	1.8625541543479762	891957.9763228529	2.5134000000000007	0.3244491886379459	0.8044607202381092	inactive
11.374751904524182	-0.4813616174520903	0.824038802731227	13.727272727272727	0.6363636363636364	2.000803251459526	69045.56475789209	1.0383999999999995	0.3650762148390029	0.8466697919023031	inactive
12.649007542831948	-1.3838408604182415	0.7078710391207692	12.333333333333334	1.2083333333333333	1.900572833941512	353332.36450656696	2.5288400000000006	0.27598773016505024	0.7633472054574529	inactive
14.161317572226888	-4.529249514788037	0.3030879095407904	11.416666666666666	0.8333333333333334	1.5805957460521645	151418089.5525187	5.434700000000003	0.4634538749577755	0.9168009033398161	inactive
11.646342592592593	-3.6937962962962962	0.5358753000260388	18.357142857142858	1.2857142857142858	2.7395510187947147	1773.3807348656699	1.0274	0.3083950602013719	0.7942314357158163	inactive
12.67700176366843	-3.5520317092886518	0.7007226624358107	12.125	1.0416666666666667	2.140520173640123	337317.4530354078	3.0827000000000018	0.5332073826709138	0.9361842470312606	inactive
12.184452554169816	-0.16328278533635654	0.8205297148032966	13.428571428571429	1.0476190476190477	1.7648507418344488	92832.46076215275	3.1541000000000015	0.4319654973609597	0.7897381140686998	inactive
5.02974678760393	0.3872713529856391	0.612708599241346	10.416666666666666	1.5	2.6621920240710417	876.0674506112272	1.1063999999999998	0.7345413035500037	0.9041669880031092	inactive
5.90623078861174	0.12029604434366359	0.678904763302996	10.23076923076923	1.2307692307692308	2.52306831018065	1502.4221282807823	2.2958	0.48172229847503656	0.777922230432919	inactive
12.39362932431926	-1.4166887724922732	0.31130761907541876	14.382352941176471	1.1764705882352942	1.5495375010577677	40895039.79004126	2.6515400000000016	0.5028404411656412	0.8640112878530475	inactive
12.872300878684808	-0.4982775363231715	0.48215869965057484	14.458333333333334	1.125	2.0428927291667525	331419.430881221	3.315800000000002	0.3430503010931983	0.8185641985605112	inactive
11.799960737381372	-1.7621645880574446	0.46283726064584213	12.96774193548387	0.6774193548387096	2.3779331413689304	5600840.530686163	-2.822099999999999	0.1864034345624413	0.718979146402608	inactive
12.637713100142957	-1.6321886285378355	0.09320452909200135	11.515151515151516	0.8484848484848485	2.4289164130155654	14909307.515120214	7.0339	0.17293670524093285	0.5766938252151783	inactive
11.142546296296295	-1.520325018896447	0.5487783430400792	12.333333333333334	1.2	2.9526811232485635	1641.1746778827317	-3.472899999999999	0.4992112155985413	0.9409816234279692	inactive
13.56390164399093	-3.0333353410808757	0.42477262243527764	36.59375	1.1875	1.9740875357967511	8427682.935942445	-2.3234999999999975	0.21184142059776767	0.9057350968253155	inactive
11.776521852032314	-0.46079441949211053	0.8803727748202064	16.2	0.96	1.9511611860250957	483005.6079850852	1.2890999999999995	0.5212020469325421	0.836280834414177	inactive
11.845030155580751	-0.405692764760224	0.8134326136704578	18.454545454545453	1.1363636363636365	2.0726190087612197	135880.15570011095	2.0098	0.1617731175565843	0.6955999217233682	inactive
11.938624328863776	-0.928634458157817	0.3854614323525041	39.592592592592595	1.3703703703703705	1.7254085350356636	1513883.5054626174	3.3385000000000025	0.17146597136799405	0.7226773285770377	inactive
12.205909273431594	-0.41608465608465495	0.5168910937051027	12.318181818181818	1.2727272727272727	2.1441579098417796	93950.13103966483	3.6284800000000024	0.5702108556639066	0.9489353244939042	inactive
12.379869641829272	-0.15863258635069633	0.0943534675467736	12.090909090909092	0.6363636363636364	2.1128268600341302	17722876.260251813	9.511999999999999	0.3950924781206718	0.8893803623683422	inactive
15.350850729774827	-2.930690719910033	0.18691340392833472	35.6	1.0166666666666666	1.3559423419057401	22907726348958.035	5.121200000000005	0.3570167142896979	0.8664325929600645	inactive
6.254267197632547	0.784475844605264	0.19372872136771097	11.96774193548387	0.7741935483870968	1.9717721958125656	11148452.168271601	4.988400000000004	0.15721750568019094	0.6878759980185224	inactive
12.81704936375887	-1.5379101824001717	0.262596957866912	19.970588235294116	1.4705882352941178	1.4733419107330508	47544458.88068257	-0.3536999999999985	0.3879225671047666	0.9064182511964785	inactive
12.031900510204082	-0.6050149071974464	0.6041792298260721	10.470588235294118	1.3529411764705883	2.332144772251868	9171.313237088321	1.3737199999999996	0.6979772684487191	0.9229808156609315	inactive
6.101299340723944	0.7751196250104984	0.3319037898661971	11.208333333333334	0.75	2.2743408321952256	449292.42263074947	4.131800000000002	0.2509155820431565	0.6647045293362182	inactive
13.229887723607963	-1.675226234567901	0.10146292580021792	15.090909090909092	0.7575757575757576	2.0541299450535324	22727637.418433093	7.433800000000001	0.15406752994876385	0.6373316371393758	inactive
13.229887723607963	-1.675226234567901	0.10146292580021792	15.090909090909092	0.7575757575757576	2.0541299450535324	22727637.418433093	7.433800000000001	0.15406752994876385	0.6373316371393758	inactive
12.480727867535904	-0.38742724867724765	0.45589958227114014	12.291666666666666	1.2916666666666667	2.197095183290181	258337.84588143983	4.408680000000003	0.5668607835999383	0.9825030335447491	inactive
12.649007542831948	-1.3838408604182415	0.7078710391207692	12.333333333333334	1.2083333333333333	1.900572833941512	353332.36450656696	2.5288400000000006	0.23501002371080607	0.7372906398318795	inactive
5.581143235071806	0.701530612244898	0.5248553986921212	10.842105263157896	0.9473684210526315	2.5954897592609907	31847.877276617604	3.6968900000000025	0.2640494752517298	0.5743185230774195	inactive
2.42008993338916	0.9706481481481481	0.1917076370685416	11.241379310344827	0.6896551724137931	1.4486517269661767	4193460.0920274747	7.613620000000008	0.4054450786181308	0.8234249722185197	inactive
12.438445294784582	-0.3928856449987401	0.9004764649849134	42.958333333333336	1.0416666666666667	1.5268006796747136	478448.9164890141	1.9912999999999996	0.1910602523454097	0.7644580315024907	inactive
5.377353316326531	0.3208257747543466	0.5213895408694755	18.166666666666668	1.5	2.0752881638060607	1054.8083975733878	-1.4874999999999992	0.5944014288226805	0.8793147820051067	inactive
3.449898746535651	0.506435185185185	0.6624613878903269	23.857142857142858	1.0	1.8388264886204377	184607.48902804792	3.669900000000002	0.30661787391951	0.7287483869809209	inactive
11.261375263903307	-4.2612917298639585	0.054960445192164725	17.77358490566038	0.6415094339622641	1.2514699460450647	338498308238.3748	8.370300000000006	0.4762061454845171	0.820194315929358	inactive
13.611397350645184	-4.949697238690822	0.5439477250298663	15.375	1.09375	1.7443248982169166	16782214.221351206	4.312000000000002	0.39549981422440567	0.8351621505587223	inactive
12.89780536174507	-0.24300256346130555	0.2514867782064568	13.738095238095237	1.0714285714285714	1.0900613289281638	6047680557.443069	3.839000000000003	0.622265154995741	0.9049630988730182	inactive
12.994412746404887	-4.971492416455668	0.37511211550132484	11.966666666666667	0.9333333333333333	1.8881718674790833	3539000.467459143	5.104800000000001	0.1828740553436557	0.766242786399272	inactive
11.268425925925925	-0.5243518518518515	0.49855403671946735	10.285714285714286	1.2857142857142858	2.8831748525258547	1862.1353502942911	1.2166	0.289756349897716	0.638098422523242	inactive
12.313906923804112	-0.9299534965025715	0.7654298757934812	14.826086956521738	1.0	1.683680282419084	181951.04353246867	-0.06279999999999974	0.3348799595006886	0.8207343248501673	inactive
12.375434914145233	-0.9508324661411154	0.7788383085618789	14.64	1.12	1.6883123612502122	455344.072630024	-0.5704999999999996	0.10617551416970825	0.766735344928541	inactive
12.319702590912907	-0.9320246307124009	0.7654298757934812	14.826086956521738	1.0434782608695652	1.6980416542680925	179107.53709409034	-0.06279999999999952	0.1338477193874671	0.7325208028495879	inactive
12.940165122067594	-0.9529646733599024	0.7369461152069461	14.826086956521738	1.0	1.683680282419084	181951.04353246867	-0.5770999999999997	0.2353341974146703	0.7781409464368273	inactive
12.33135412306949	-0.9446725991337626	0.6731421830079837	14.5	1.0	1.6730081744681473	318303.40677519434	-0.9036999999999991	0.40943716535932945	0.888298747916041	inactive
12.342430798918896	-0.9366119784357789	0.752204775001507	14.708333333333334	1.0416666666666667	1.6630999979028904	318303.40677519434	-1.2238999999999984	0.11918750718741694	0.7035066986541378	inactive
12.334166336108975	-0.9425291381990928	0.7080984019701261	14.291666666666666	1.0416666666666667	1.6763701269496654	318303.40677519434	-0.8445199999999997	0.336559164556961	0.8175706292484101	inactive
12.607290678951726	-4.386884146616602	0.7601871365235974	15.192307692307692	0.9615384615384616	1.660736848483646	580452.3227860898	0.3026000000000004	0.34339305323605634	0.8288781759340316	inactive
12.446448076067483	-0.8203459819801815	0.8635500839993056	21.333333333333332	1.125	1.5979800277411278	266964.99300494924	2.0242	0.3041156022999588	0.9129249143276741	inactive
12.446448076067483	-0.8203459819801815	0.8635500839993056	21.333333333333332	1.125	1.5979800277411278	266964.99300494924	2.0242	0.6776031967418464	0.9091189667605571	inactive
12.330362387532302	-0.9181717739516186	0.6259986221015148	14.826086956521738	1.0	1.683680282419084	181951.04353246867	-0.11159999999999992	0.5584998973946677	0.9196056695394326	inactive
13.727252697081791	-0.9215597363248669	0.20873870073421624	16.88372093023256	1.186046511627907	1.8223963675032282	2223265992.5357924	2.8249200000000014	0.17855609816500462	0.909041557610536	inactive
13.407840008313633	-4.552733393434985	0.3771802780240806	12.0	1.088235294117647	1.915485109844556	29197731.637478493	4.858700000000004	0.26846421260693676	0.865786274155161	inactive
12.993254440665154	-0.30887188208616867	0.721577144713263	19.12	1.24	1.6844274440931828	678544.0900978424	4.781500000000004	0.3109245252906918	0.742693853479605	inactive
13.103515054169815	-0.8365343915343921	0.5242995641359965	12.137931034482758	1.2413793103448276	2.494655454824044	2116291.2745158547	4.118600000000003	0.0975453989102119	0.7609294341758709	inactive
13.734303981936106	-4.290180579176113	0.7731762054744729	17.318181818181817	1.1363636363636365	2.255937665730199	76120.43993252945	1.4266000000000005	0.1658793657988674	0.8332637999719522	inactive
10.313310027714788	-1.2621450617283945	0.5083578733846509	11.384615384615385	1.3846153846153846	2.9154921836053522	758.764388303685	1.3118	0.7991869679980405	0.949522904331285	inactive
11.529562642209267	0.05856970745904788	0.7786909838817738	18.0	1.2	1.7436760796771433	42165.31314818662	2.3907000000000007	0.6412879503798633	0.9833217217866258	inactive
13.527097033257746	-1.187984339569161	0.6553457927666312	21.296296296296298	1.1481481481481481	1.6829919224474048	2544817.261467382	3.6224000000000025	0.3466911917322111	0.8005563892194819	inactive
13.757011999244142	-1.1004148951247168	0.6874018874184689	17.7	1.2	1.8026933959996934	6432371.560844315	4.025500000000002	0.19500616841558638	0.971969481457074	inactive
11.891186696900983	-0.037777777777777466	0.9447912826491959	10.11111111111111	1.3888888888888888	2.0346835172849502	12608.337547023362	3.3337200000000013	0.588095059016406	0.916566066481755	inactive
12.433020360108443	-0.1543132728652763	0.5402549212406945	14.387096774193548	1.2258064516129032	1.3579222478113835	15411870.658862377	5.234320000000004	0.1298212299571569	0.7540266610010207	inactive
12.858009259259259	-0.3910596182917616	0.7580478953604063	16.32	1.44	1.7058407419378558	705420.3811036198	2.048899999999999	0.3174550522776245	0.839121100330957	inactive
13.05649896069539	-2.0270121173469384	0.7142602112235322	19.074074074074073	1.2592592592592593	1.779347663224515	1459926.188204201	3.0810000000000013	0.21406241001634335	0.761745942673525	inactive
11.7739728960914	0.04967051944234546	0.792107514020502	22.043478260869566	1.1304347826086956	1.7254896140213078	270761.4850535407	2.537300000000001	0.5392698888704508	0.89109035607784	inactive
12.142516061980347	-0.029510582010581876	0.7727476043307818	10.590909090909092	1.0909090909090908	1.6837584889409913	136717.48700046103	4.459500000000003	0.5860991336277611	0.945197173535143	inactive
12.940569255479968	-2.0282621173469386	0.6488314776296842	18.923076923076923	1.2307692307692308	1.760974244269352	938221.1486247116	3.0567	0.24605369704268124	0.7616314330898926	inactive
13.065030444276477	-0.3910465482489298	0.8844930754978017	19.73076923076923	1.0384615384615385	1.4648376250614004	1176509.4138830316	3.114600000000001	0.466919080242921	0.966405417104101	inactive
12.44100566718457	-3.4722639125094488	0.7837492303088659	17.2	1.15	2.0917933675153715	30795.880837912602	1.0667199999999997	0.4381286740187952	0.9119937614402238	inactive
13.306077723916829	-1.1823625020996051	0.42042837942971256	11.428571428571429	1.1428571428571428	1.6288572810576734	69047707.62778057	1.7351799999999995	0.105053737146855	0.7315142478537416	inactive
14.148645262789035	-1.1483587745627788	0.5304984162716775	19.513513513513512	1.135135135135135	1.4492559087384125	291739925.8920867	3.995180000000003	0.29818336419555674	0.8680865513355115	inactive
12.496743039808514	-0.17032942806752294	0.5987056915894614	10.807692307692308	1.1538461538461537	1.5665823598586595	1543681.3306303094	2.8786000000000014	0.42874434597791644	0.862970301378004	inactive
14.075284008269668	-4.472351731787574	0.4730147913048297	21.58974358974359	1.1538461538461537	1.4548654643422583	514456476.1314584	3.9265000000000025	0.17583125258118015	0.7040301937375538	inactive
11.92378306878307	-0.14484567901234535	0.9340460453717606	10.0	1.4210526315789473	2.0521995384515184	21945.555909534763	2.924800000000001	0.5482465702622326	0.9025687771432946	inactive
12.114874811035524	-0.15007432602670678	0.8051952011122818	10.523809523809524	1.1428571428571428	1.8039060510745435	80913.86414105113	3.4644000000000013	0.3358757547170916	0.8678998657835213	inactive
4.59581427941547	0.8368055555555555	0.6720651392407754	10.954545454545455	1.1363636363636365	1.7002081149140684	221908.65650065555	2.882600000000001	0.2640827327125448	0.7573480429002105	inactive
12.111081309838749	-3.5357850276627327	0.8941796469981774	11.08695652173913	1.3478260869565217	2.131486862294101	84746.60128705192	3.189420000000002	0.33478912890008833	0.8839741445111914	inactive
12.035933484504913	-0.13632716049382676	0.8022492207594811	10.65	1.3	1.7746352324759036	60410.66853654705	2.4216000000000006	0.5423606815897399	0.8875171865931606	inactive
13.551195304415003	-3.0183452579610943	0.3487801243823115	11.675675675675675	1.027027027027027	1.6684929121737753	263945042.17345536	3.921300000000003	0.4632822972253785	0.9440346539851999	inactive
13.542964851740104	-1.0612922545561438	0.39438438669308923	11.485714285714286	1.1428571428571428	1.6716857526389999	121413729.93245398	3.9643000000000033	0.07947449282000857	0.7687322513369635	inactive
13.705893092480846	-1.0247263164525073	0.37973791390256123	13.972972972972974	1.0810810810810811	1.4608796674648212	313614001.3455133	3.4337000000000018	0.2545899177993915	0.8581629242204111	inactive
13.611448814108412	-4.542613654350407	0.480567067302848	11.966666666666667	1.1333333333333333	1.878543060084816	3819922.321404028	6.327520000000004	0.3383118923360572	0.8453948891211218	inactive
12.924921107331823	-0.23405580750818844	0.6944039781765455	10.32	1.12	1.898347541058887	560797.8879385204	5.2821200000000035	0.16326016685571082	0.780705451865378	inactive
12.17346419123205	-0.35338662307209434	0.9232317282403855	11.090909090909092	1.3181818181818181	2.0844227812100677	60956.2789799055	4.093500000000003	0.440696833008729	0.8858080879600936	inactive
12.743129215443497	-0.13256294325964224	0.30609727438776685	11.0625	1.0625	1.3403985568029242	27774513.90179397	6.731120000000004	0.19915942315833202	0.617274327150906	inactive
13.337686025027294	-3.3297983689761526	0.6866790932370298	22.344827586206897	1.206896551724138	1.5280336183297258	3370708.3895126865	3.7230000000000025	0.402273617668536	0.8839021529061596	inactive
13.486865630368147	-3.0966898561011567	0.7196173797821003	21.074074074074073	1.4074074074074074	1.6824580151550008	972362.0723297794	3.7951200000000016	0.23519990811684174	0.7061402861879071	inactive
12.401742754800114	-4.2772698150464645	0.8395830161628016	12.0	1.368421052631579	2.1759406771806185	22634.426497259516	2.807200000000001	0.22430824080832207	0.643304411516843	inactive
13.404136117409926	-0.9674675086083819	0.5151793120307513	12.0	1.0909090909090908	1.9794358885225227	18434349.283803493	5.094900000000004	0.1800576744847629	0.7864526732593896	inactive
13.702780444471689	-1.269867961073318	0.7290679787675891	18.62962962962963	1.2962962962962963	1.7720711943283907	1663284.4091661437	4.290200000000003	0.2135065146289765	0.8202152769352747	inactive
13.82947376560562	-0.5598505605946078	0.7866067074544043	10.636363636363637	1.1363636363636365	1.8309484809688574	125582.39260334737	4.208500000000002	0.3198349448008723	0.8852753029126339	inactive
12.494149659863947	-1.0941609977324267	0.6948990652545121	11.590909090909092	1.3181818181818181	2.3169683860839827	83200.91197523242	2.938720000000001	0.20090127585161066	0.8259852532624514	inactive
12.138600245653816	-0.07363378684807231	0.7914090985550767	10.523809523809524	1.0476190476190477	1.78543950554549	83397.60403140467	4.069400000000002	0.48673338424792223	0.8609554909616778	inactive
13.755827427325894	-1.0494706370202402	0.3420222645194764	11.837837837837839	1.135135135135135	1.5236092795615805	403547199.2410564	4.447400000000004	0.3074061374570253	0.8975008344119971	inactive
13.41191564861839	-1.082451236667507	0.3685211675932285	11.944444444444445	1.0555555555555556	1.4246032111294078	184790677.03979352	2.8278000000000008	0.271027882050704	0.7643036125372954	inactive
14.269076239292009	-3.8266221917996357	0.4578153052021635	22.864864864864863	1.135135135135135	1.4468623414219366	297719262.93044233	4.804580000000004	0.1576789500566646	0.6556257073919362	inactive
13.433165999985778	-4.57304560647447	0.3241329198186727	12.028571428571428	1.1142857142857143	1.9527607945526932	40666241.90004908	5.512100000000004	0.32365949067895783	0.9423622853981195	inactive
12.28273507965833	-0.1649604562771947	0.7118160989310701	10.576923076923077	1.3076923076923077	1.6475917290967401	858838.4658468544	3.4950400000000013	0.38990270179718384	0.8784238563090301	inactive
12.014674981103552	-0.1685493827160489	0.8036966931789592	10.65	1.3	1.7746352324759036	60410.66853654705	3.0574000000000012	0.5186176504455402	0.9347988176327434	inactive
13.94986337152886	-0.41940500006246695	0.7114234673284656	14.653846153846153	0.9615384615384616	1.5627609747621094	1208550.7466912738	2.2587	0.34626266734923766	0.8534766874267805	inactive
11.883182791635171	-0.5718518518518516	0.9205334628589709	10.11111111111111	1.2777777777777777	2.2769268291877274	12064.67235077094	2.7143000000000006	0.5110819233528578	0.9673039178484274	inactive
13.794494558530229	-0.9756516649869831	0.32497708903389283	12.108108108108109	1.027027027027027	1.6941281527867826	221547596.15236405	5.721700000000006	0.2864334148640276	0.9328072453907928	inactive
13.445657781708329	-4.555598407209089	0.35394380674693243	12.028571428571428	1.1142857142857143	1.9527607945526932	40666241.90004908	5.167120000000004	0.1574147454122061	0.7095734542356824	inactive
14.179861790446205	-3.0615502900285687	0.33905907037141103	23.45	1.15	1.2687273805744057	1392781329.0200608	4.067200000000002	0.32743708480452544	0.844455125325868	inactive
13.88599821091073	-2.7260612631999406	0.2974748677575381	13.523809523809524	1.0952380952380953	1.5243461182369282	3439266694.557908	4.5000000000000036	0.4316623664927933	0.8979078363638662	inactive
13.413117698974066	-3.430201743218968	0.7017684570237395	18.074074074074073	1.1851851851851851	1.7181035984026545	1290933.295968995	3.927000000000003	0.37283340668203685	0.8486650182382209	inactive
11.863408919123206	-0.07558641975308622	0.9206778468684544	10.11111111111111	1.3888888888888888	2.0346835172849502	12608.337547023362	3.2246200000000016	0.5595715095504857	0.9212145252372544	inactive
13.28596308893928	-0.18085829239103002	0.5236891643600986	14.566666666666666	1.2666666666666666	1.832828333074693	4834825.379122422	6.8395200000000065	0.06738256483640362	0.7128329447570495	inactive
13.549381173013026	-0.3715789556563365	0.7967767738732201	10.523809523809524	1.0476190476190477	1.8239931685626	85055.46262660317	3.5551000000000013	0.5721134320705306	0.9499358679962375	inactive
12.290048107205845	-0.12156648925002078	0.7642615301574053	10.391304347826088	1.3478260869565217	2.0703855155995137	142002.7987637858	4.403520000000003	0.28377758232634115	0.718488566930121	inactive
12.531741136764655	-4.379551098411543	0.7715264503890514	11.458333333333334	1.0	1.7337423156981118	264170.84169170354	4.434800000000002	0.7626035961917786	0.9534191250568861	inactive
13.289270224708083	-0.4192960023515584	0.4469103887987044	14.96875	1.125	1.4219286547764869	31442968.516459964	5.3670000000000035	0.2927368648149984	0.9338484721971195	inactive
13.615400898804578	-0.549542181069959	0.8034798510549533	16.217391304347824	1.3478260869565217	1.6345597976836848	138899.56593576985	1.0217	0.4422983299876465	0.7975635063997334	inactive
13.233187524639995	-0.1351881246325688	0.49414937152987515	10.833333333333334	1.1333333333333333	1.5883047671017074	11570738.188984279	3.4697000000000022	0.21484517422734506	0.7445982567874674	inactive
12.639643408145925	-4.193912078323378	0.7937528896103765	19.115384615384617	1.3461538461538463	1.6438154126909748	803569.134129017	4.587320000000003	0.4518121620617611	0.8635306946028272	inactive
13.674731981157171	-0.9953165154950876	0.42865422230911343	12.085714285714285	1.0	1.7614165489781008	98540959.40653165	4.466600000000003	0.0977056380861974	0.7999845665657744	inactive
13.194300673973292	-0.8342904383975818	0.4743084260426061	12.133333333333333	1.2333333333333334	2.446643248073823	3464666.646779952	4.508700000000004	0.06349416672322226	0.788003610480572	inactive
13.755575469704258	-1.0644352586713708	0.33578392693647235	15.461538461538462	1.1282051282051282	1.4368494714598217	1221269918.5403326	3.4876000000000023	0.42849694801872845	0.908491157726284	inactive
12.347999496094733	-0.5837443310657584	0.5814589880726893	10.833333333333334	1.0416666666666667	1.6003011421976239	562582.1377580815	2.3548	0.48128123579074744	0.8869970156226898	inactive
12.854147297808012	-0.2792753212396073	0.8775079348925765	21.583333333333332	1.2916666666666667	1.619417882534229	505594.55204942485	3.185800000000002	0.44311581938161376	0.8928199663081128	inactive
12.925844516456163	-4.5908857401500365	0.689875414829245	16.535714285714285	1.3571428571428572	1.6638330974676254	2259633.0026925295	4.072420000000002	0.7007352571741643	0.9710878340561021	inactive
12.194427437641725	-0.2654572940287232	0.92526688007337	11.947368421052632	1.368421052631579	2.142729297699242	20460.30846226783	3.7856200000000024	0.3835167715979468	0.8400441994386673	inactive
14.174218906602789	-1.3593691959041183	0.303902093025078	14.976190476190476	1.0952380952380953	1.5120976610349837	2047565754.0928903	4.471000000000004	0.1705110759619596	0.616525477185319	inactive
13.270780738221216	-1.002371031746032	0.3812875108943678	11.379310344827585	1.0689655172413792	2.052180625220625	3512718.3891955134	4.633600000000003	0.12124937225055295	0.6593394517025395	inactive
13.512688767636682	-3.835297794629279	0.5385680259145699	21.142857142857142	1.2	1.4535928458836416	44653362.60556087	3.1906000000000017	0.25756203191547455	0.6736965772766833	inactive
13.652195175814178	-1.0987072205425383	0.35547420833342624	12.108108108108109	1.135135135135135	1.6941281527867826	221547596.15236405	4.183100000000003	0.14019900038198116	0.8336734345651909	inactive
12.20337962962963	-0.13125661375661335	0.8034989202914758	10.136363636363637	1.1363636363636365	1.7997728140683686	143277.05108409206	3.2876800000000017	0.5345616007949051	0.905201459380311	inactive
13.050636889014864	-0.32233279268497617	0.6409128158093472	15.74074074074074	1.2222222222222223	1.6810060436540155	1741396.3695251993	5.088100000000003	0.3190237894825372	0.7195564915580124	inactive
13.038638586441616	-0.37619364885688733	0.6979875672974524	14.964285714285714	1.0357142857142858	1.4518849945777552	3214745.4888749206	2.1238	0.4093853980508055	0.9162592099428692	inactive
13.738062754728972	-1.115291897623248	0.2935803288603398	11.615384615384615	1.0256410256410255	1.4627500849737842	1202834907.8176203	4.200500000000003	0.38253961694013494	0.924257314097389	inactive
14.314952353784651	-4.421774401128746	0.32361700591241604	17.026315789473685	1.131578947368421	1.4613104125163907	314745270.66580546	5.217000000000004	0.3414113457906595	0.7636150445404594	inactive
12.949850403124213	-0.3703967355996569	0.721258772456072	14.72	0.88	1.5616541001721636	844701.8369926463	2.1196	0.2543812575992713	0.8065959266614919	inactive
12.48851842228661	-3.53603942271353	0.7637371862669537	16.761904761904763	1.1904761904761905	2.085381821126591	54149.525483050726	0.7668999999999997	0.1362507918932485	0.7418824713902755	inactive
11.470032071904367	0.01645061728395114	0.8581292912258163	16.473684210526315	1.368421052631579	1.9000049365994447	19303.390932197595	1.73514	0.4054227828175528	0.8944787246001725	inactive
12.875476662887376	-0.3735922146636439	0.5642162463056617	16.12	1.24	1.6932906477980207	672551.3442761905	3.631400000000003	0.41340830333099193	0.8599360259937707	inactive
12.688990258382637	-0.31327853363567626	0.6812723117606483	11.178571428571429	1.2142857142857142	1.7609712219571634	1929414.0701097276	3.626540000000002	0.48821721340064056	0.8846204971000994	inactive
13.637589337336811	-3.269545656627264	0.32914460434415393	12.052631578947368	1.0789473684210527	1.6837254752354749	334612369.2229909	3.500300000000002	0.16535469943103148	0.7575871023809403	inactive
13.757678071904714	-3.399175286256893	0.33043010054920186	14.975	1.125	1.4853286713720126	1433838731.646237	3.4956000000000023	0.23822628345468813	0.8096468515733299	inactive
12.984450174617173	-0.4264143990929703	0.8208286956164671	12.266666666666667	1.5333333333333334	2.811561750174784	1823.5633817193293	2.895100000000001	0.43346447150693274	0.7884524306847641	inactive
12.825242346938776	-0.26023872511967716	0.5194983382140537	10.96	0.96	1.7879275975760685	707379.3239760897	5.342100000000002	0.33803194893149074	0.8246645833090035	inactive
13.759900294126936	-1.0885503800285548	0.31052442032500177	11.64102564102564	1.1025641025641026	1.4927914022276636	1111040062.1673658	3.844820000000003	0.1284066495386815	0.7525373570589	inactive
13.250514775711835	-4.694810649766232	0.7565757164341175	17.633333333333333	1.3	1.9976906994864454	2812319.0359775345	3.0981000000000014	0.10488215312118411	0.6678781964980354	inactive
13.80782789186356	-1.0820386642311248	0.3574987502419026	12.105263157894736	1.105263157894737	1.7175455445929835	299032326.47997284	4.644100000000004	0.17008912093190157	0.7276331369120969	inactive
13.581681272045856	-1.1033805744520035	0.5771042025673736	12.029411764705882	1.088235294117647	2.085798676474387	34328414.2852614	2.959600000000001	0.13267227225787506	0.9188554911747573	inactive
12.238880857898714	-0.025506424792138827	0.7917502253513193	10.523809523809524	1.0476190476190477	1.8239931685626	85055.46262660317	3.724420000000002	0.32454675939716104	0.89653494333266	inactive
12.605314465126424	-0.3506490929705215	0.7458947043789516	11.0	1.16	1.872761507723913	610602.9147033298	3.5722000000000014	0.31133749988321713	0.7663244541772294	inactive
13.466678307546363	-1.0212018665490892	0.5285638164691997	20.305555555555557	1.0	1.3292754403204408	253357355.6657013	3.8542000000000023	0.1389689220033819	0.6105611341597657	inactive
11.576276222872682	0.036346573301320406	0.7784873484966448	15.782608695652174	1.173913043478261	1.5084436664239476	293298.0150426945	2.616900000000001	0.5239074590998696	0.9025391349356661	inactive
11.863408919123206	-0.07558641975308622	0.9206778468684544	10.11111111111111	1.3888888888888888	2.0346835172849502	12608.337547023362	3.2246200000000016	0.560659751649002	0.9213567289310994	inactive
12.460445464661735	-3.434406275984783	0.5985989847349019	16.863636363636363	1.1818181818181819	1.935376279414853	90906.79445686209	1.0696999999999999	0.44927041996308237	0.8716240149097301	inactive
14.197580742945323	-3.8811372693080393	0.48636180725003886	23.166666666666668	1.1111111111111112	1.471544284673674	218986697.01669517	3.538680000000003	0.29183318814978215	0.7716520972942097	inactive
13.571714851740104	-1.039625587889477	0.38503517505620116	11.485714285714286	1.0857142857142856	1.6716857526389999	121413729.93245398	4.569300000000004	0.059995793539431456	0.9738696664009423	inactive
12.245471466364322	-0.07740173847316667	0.8012601697453877	10.409090909090908	1.1363636363636365	1.7816834222176234	143277.05108409206	3.4246000000000016	0.3151273153562734	0.7912005309053552	inactive
12.789434287603932	-0.4624624433106579	0.8775655016725027	19.208333333333332	1.375	1.6165812670935378	511488.27847257326	2.3385	0.3619651323249305	0.8505430593070769	inactive
13.051980820105818	-1.060189318783069	0.6883630415780535	17.862068965517242	1.206896551724138	1.691873324869837	4481745.55212641	3.683300000000002	0.477586494392363	0.9558158751904928	inactive
13.604846584467122	-0.9296187641723359	0.5943251822469786	12.8125	0.96875	2.154406102718589	10456399.716068044	5.274900000000005	0.08453083291122071	0.855595133374009	inactive
13.414041477702192	-1.3529148951247167	0.7329087308876201	18.178571428571427	1.2142857142857142	1.8007660916604264	2556213.602202557	2.6872000000000007	0.22591035581950075	0.8321059623133562	inactive
13.535986000738514	-0.26012064794688383	0.6242439904089175	10.666666666666666	1.1851851851851851	1.8562061435599555	1127572.6599264503	5.593120000000003	0.331969582890977	0.8407245860766446	inactive
14.301751848478663	-0.931802845372921	0.6448483873210484	10.703703703703704	1.0740740740740742	1.8682740605830241	1010450.3688865667	5.478240000000003	0.39878440103237467	0.780187049176614	inactive
12.332809429327288	-0.13955971277399848	0.7981667014096435	10.523809523809524	1.0952380952380953	1.8125208907705739	86936.11531742486	3.818200000000002	0.6016108275148483	0.9336031738460379	inactive
12.735453987150414	-0.28232237339380273	0.9018322964330223	16.217391304347824	1.3478260869565217	1.8683474813354048	193508.67785049137	3.589920000000002	0.4712848128632466	0.9122349059846436	inactive
13.578686617298178	-1.178816819937852	0.3920272086221936	12.222222222222221	1.1388888888888888	1.6917182253393745	142845042.13285688	4.241200000000004	0.08044151376438564	0.9465414395623956	inactive
12.567087112622826	0.046867283950617455	0.9276468811205907	13.857142857142858	1.380952380952381	1.8518342223356026	74989.28981863595	2.839100000000001	0.5190030228018763	0.988272237170624	inactive
13.048268613000754	-0.3845297322326535	0.714208250522692	14.407407407407407	1.0	1.5529012579715489	2092723.0698098366	2.1281999999999996	0.28684639045334714	0.8761825048862439	inactive
12.863254440665154	-0.27183484504913147	0.7491268522807287	16.625	1.2083333333333333	1.6683265371901423	482583.8580970603	3.713700000000002	0.4324441497452361	0.8638613118771461	inactive
13.365327930147936	-0.6007639064578998	0.7222895379121701	11.814814814814815	1.1851851851851851	1.7332134875092127	1179158.0115988613	2.502200000000001	0.276911812780765	0.8217962843295662	inactive
13.738095036160061	-1.1037047010162093	0.3096612327768448	11.64102564102564	1.1282051282051282	1.4861377512125187	1089139960.0353293	3.2398200000000017	0.24516637372746314	0.8087651421943343	inactive
13.41127346308894	-0.8903713151927446	0.5425007986083114	11.96875	1.03125	1.9934626095111887	12977916.030465746	4.955800000000004	0.04486537527312397	0.7880244049319355	inactive
13.992617709120683	-1.1997304631729235	0.2773937845316633	12.214285714285714	1.1428571428571428	1.569418575168257	2995078722.7140923	4.3045000000000035	0.05580512476735468	0.815156492860702	inactive
12.214945830183925	-3.624465930405083	0.7957559549655281	16.952380952380953	1.2857142857142858	1.9622901000577044	46918.68857274783	2.2872200000000005	0.6469565616371346	0.9731846723873347	inactive
12.134466647770218	-0.11535210380448446	0.8089003200516655	10.761904761904763	1.3333333333333333	1.8027200239617043	85022.4562404168	2.802900000000001	0.46355728336099017	0.864489065358455	inactive
14.14818593106562	-1.5759241543839755	0.7623741671279556	18.62962962962963	1.2592592592592593	1.7876994383319964	1693566.7499181258	3.775900000000002	0.23639262170966738	0.8475882373847933	inactive
13.001678072208374	-4.366212417043773	0.6609747757824102	15.5	0.9666666666666667	1.4424259107575266	5889953.761036583	3.134000000000002	0.23251910322394043	0.8303375646306431	inactive
12.072512440161251	-0.29692680494042367	0.8090173373568046	16.217391304347824	1.3478260869565217	1.6345597976836852	138899.56593576985	1.1910199999999997	0.3078245031454659	0.7001753474036837	inactive
12.52293036659108	0.0003886369362560149	0.7296326772663858	10.636363636363637	1.1363636363636365	1.8880676069783684	128526.88934560298	4.093700000000003	0.4580292321522835	0.9203383164618846	inactive
12.299255007558578	-0.09476568405139818	0.8012601697453877	10.409090909090908	1.0909090909090908	1.8161748257628256	146871.66634426935	3.4246000000000016	0.12283441285765384	0.8124577411514907	inactive
13.76685947983928	-1.0487269568321167	0.30061896843302943	11.615384615384615	0.9743589743589743	1.4563152364301086	1221269918.5403326	3.564700000000002	0.2537019977248771	0.8856849185550388	inactive
12.729141313932981	-0.34973450491307667	0.5915315406414422	12.222222222222221	1.0740740740740742	1.6987497759980075	2481431.745854953	2.1501	0.18402494612729556	0.6587895886712355	inactive
12.636878424981104	-0.8336233938019657	0.8401236427560498	12.153846153846153	1.1923076923076923	2.556857328286565	495594.9635914824	3.3854000000000015	0.16049391735409685	0.9431034333194596	inactive
14.209386324700386	-4.098723801399734	0.3038212526855208	16.897435897435898	1.1538461538461537	1.4722615001121484	576804791.1418245	5.168300000000004	0.34065218982720463	0.838576636861007	inactive
13.635473198538675	-0.9813799130763419	0.526676390098785	13.147058823529411	1.088235294117647	1.733045631539405	50569369.12324981	5.006800000000005	0.19220988342520845	0.8695702987718368	inactive
13.493312050516446	-4.697895430472021	0.35140300634136445	12.108108108108109	1.054054054054054	1.6941281527867829	221547596.15236405	4.369500000000003	0.3710536193721841	0.9540161202686567	inactive
12.274694530207245	-0.48840069138744435	0.8131569454910442	10.84	1.36	2.0549921128144475	269659.5640748373	4.186300000000003	0.26048197420010877	0.7449064871576611	inactive
13.297534687517999	-0.40695032333921266	0.4115188336639165	14.96875	1.09375	1.4219286547764869	31442968.516459964	5.972000000000004	0.37514591665134367	0.8702331232211024	inactive
12.022221749811035	-0.119981733434114	0.9403386817824912	10.15	1.4	2.0845398885963484	31177.9330890913	3.233220000000001	0.38498249641877336	0.9215053841498737	inactive
13.631611394557822	-1.1255591837058632	0.35982908501310756	13.789473684210526	0.868421052631579	1.9334291037434586	164740571.39208645	2.23672	0.2026730639663857	0.7810311089868173	inactive
12.250258036499467	-0.1593661291677162	0.7294452650941771	10.48	1.36	1.6506807782411734	635532.474401494	2.55082	0.3118346082789085	0.8401398386877613	inactive
11.61645390247212	-0.14763541022469595	0.7150117758401435	16.57894736842105	1.2105263157894737	1.9192719833381144	20987.121654099465	-0.28320000000000034	0.5762406062218899	0.9066282942189671	inactive
14.006686507936507	-1.0805590723943903	0.25852524395781806	12.3	1.025	1.5670171994482134	1268234319.7667937	6.110900000000006	0.22448029501768427	0.9401711304450733	inactive
14.200142473957962	-1.1418250916451673	0.4760998066252287	19.736842105263158	1.2105263157894737	1.4372499154081861	433676669.58338535	3.852400000000003	0.17131318606486412	0.7134879461522347	inactive
12.647573095386083	-4.455533759726943	0.47490553738026986	11.483870967741936	1.064516129032258	1.4146613628142828	11897504.48057364	4.300400000000002	0.4336965418739575	0.834603514836036	inactive
12.169206585411942	-0.06959246661627616	0.9145779486613005	13.19047619047619	1.380952380952381	1.7312437002469676	80913.86414105113	3.274300000000001	0.40591826353002625	0.8646494771164187	inactive
12.555894431846813	-0.3784483559957743	0.6901117832686943	16.035714285714285	1.25	1.4707464526794851	3196698.2222349523	3.6843000000000012	0.3018272962447056	0.7207950204850521	inactive
13.275708144368858	-1.1712019321617535	0.7539882358953905	18.846153846153847	1.2692307692307692	1.763839332989991	1179572.3989157218	4.151100000000003	0.22398554400282186	0.8021434649983264	inactive
13.570185563244275	-0.0880654237003442	0.45795852703382595	14.264705882352942	1.1176470588235294	1.4185693301294529	109031401.96495585	3.535300000000001	0.23522607700972417	0.7494827972321888	inactive
12.562920288485765	-0.21356198034769447	0.7646595160738371	10.227272727272727	1.0	1.988578819666841	147575.63532089535	4.654300000000003	0.26457608829165347	0.699023328939479	inactive
14.069963662838617	-3.466439715283586	0.2807619168355856	12.5	1.0714285714285714	1.7349658933059207	1433433208.4497433	4.797800000000005	0.2346212300843147	0.8020931941994249	inactive
13.49136824117975	-0.04971757684555267	0.4459175770279579	13.93939393939394	0.9393939393939394	1.423590340542065	64183135.36294495	4.484800000000004	0.28261839272254485	0.8182298548258816	inactive
12.916448885109599	-0.1317885487528352	0.6999261953880773	17.869565217391305	1.0869565217391304	1.7240651912881926	357717.19041879324	4.408700000000003	0.5829426333352358	0.9158555106263899	inactive
13.734911225196893	-1.1287053308977917	0.3862520341819326	12.105263157894736	1.0263157894736843	1.7175455445929833	299032326.47997284	3.5398000000000023	0.1730176494316857	0.751918342841639	inactive
13.589597033257746	-0.9379843395691609	0.6029632289855396	21.59259259259259	1.1111111111111112	1.6829919224474048	2544817.261467382	3.8720000000000026	0.31452245618113334	0.8686370348944931	inactive
11.78458029281633	-3.1508069555860145	0.7220018404042107	19.68	1.12	1.6266364940635312	411146.2109041708	0.8873000000000002	0.601411368879129	0.9370773405339504	inactive
13.802605347694632	-0.6408547099395312	0.5875533886229442	20.724137931034484	1.206896551724138	1.5497674100489587	11275687.083738338	5.7374000000000045	0.24630196296552773	0.8581126212974504	inactive
12.114874811035524	-0.15007432602670678	0.7532281929708149	10.523809523809524	1.0952380952380953	1.8039060510745435	80913.86414105113	3.4644000000000013	0.4735763180854455	0.8661664952494262	inactive
12.294728206097254	-0.09958538044847542	0.763380961055982	10.304347826086957	1.0434782608695652	1.7923447816565643	226432.8832616461	4.583200000000003	0.23729040199392207	0.741184683721488	inactive
13.831829491055682	-0.8936233938019653	0.5854213074747394	15.181818181818182	1.0303030303030303	1.8226076765828545	38193781.28837649	4.219000000000004	0.21247468811186326	0.9129258250914588	inactive
13.657589337336812	-3.2654134252223055	0.3318540823321769	12.052631578947368	1.0263157894736843	1.6837254752354749	334612369.2229909	2.8645000000000014	0.16144409197153928	0.7338746704588578	inactive
12.171069197740824	-0.14458910724783713	0.8846176293648075	10.217391304347826	1.2173913043478262	2.0528839142961472	114642.40929434796	2.8607200000000015	0.5586045208455099	0.8812582926309884	inactive
12.413307823129252	-0.42551020408163276	0.9128072840652991	16.19047619047619	1.4761904761904763	1.8326965168215388	96279.2463840292	2.3420000000000005	0.32169906081552857	0.8094418846791562	inactive
13.914766570527306	-1.0745036702314843	0.27737798617035936	13.261904761904763	1.0714285714285714	1.3355333791407422	6847521266.136779	4.652600000000004	0.2889379328236219	0.7745160317346578	inactive
11.948890778533636	-0.430153533635677	0.8820084893924124	22.736842105263158	1.5263157894736843	1.9516251850125377	18432.63643837212	1.5232999999999999	0.4294897185149127	0.8614740163697893	inactive
14.155787941624208	-1.1348121530011863	0.25853535618913076	11.930232558139535	1.069767441860465	1.7084929527319481	3138266648.1958885	4.419800000000004	0.03878082183290497	0.8988484303970026	inactive
13.24057366917132	-1.1396695041270262	0.09809160810732867	12.68421052631579	1.0789473684210527	5.777847548327074	43827431.44361099	1.1002000000000032	0.22240864532558793	0.7675877324547848	inactive
12.896079500529009	-3.6622639125094474	0.7826071744026885	17.523809523809526	1.1428571428571428	2.1404609001284047	53319.26532293691	1.2875	0.4552769996474225	0.9008658329210555	inactive
12.291074184303351	-0.29560468631897185	0.7488506374059534	12.08	1.2	1.6747551878899223	620260.7183069497	3.274300000000001	0.5018742911354807	0.9351609104067931	inactive
12.624982993197278	-0.10342025699168578	0.8455335316587733	18.6	1.35	1.8984746958160614	56383.56235380768	3.563920000000002	0.6660892691681951	0.939127177075005	inactive
13.722245973139282	-1.1346537750902839	0.3136367403698021	11.615384615384615	1.1282051282051282	1.4974902568582276	1111040062.1673658	3.0638000000000014	0.3795210466048064	0.893761510169577	inactive
11.501368102796674	-0.23882716049382657	0.8468233885897977	10.0625	1.5	1.9726372976367366	6512.365119772664	0.6633999999999998	0.6079657407600797	0.9475537084569288	inactive
12.837955719324768	-0.8290400604686325	0.7926979363714834	12.148148148148149	1.2222222222222223	2.5550087570452096	786673.0233401714	3.7755000000000027	0.08424544383556991	0.8636957819859654	inactive
13.350576262912574	-4.5413707412362925	0.5088037770940836	11.878787878787879	1.0909090909090908	2.0392451417548028	19193887.598515388	5.008000000000004	0.28359391257148636	0.7816100787353416	inactive
11.835631141345427	-0.11558641975308603	0.9240599028959203	10.11111111111111	1.3333333333333333	2.0346835172849502	12608.337547023362	2.6196200000000003	0.5540522176515186	0.9169937655314411	inactive
14.221099315146935	-1.122084829302091	0.5348239312286835	23.605263157894736	1.0789473684210527	1.287574932628145	840467397.5355644	3.8704000000000027	0.3204732981552722	0.8479875943052906	inactive
11.841042882728699	-0.08026053889058882	0.4974382904850423	15.533333333333333	1.2333333333333334	1.6292917837583882	14748104.75584467	4.779200000000004	0.40411289340200623	0.8667355977343827	inactive
13.044458144368857	-1.2128685988284205	0.7392226044252113	19.12	1.24	1.7309878180614306	673098.2449120169	3.463400000000002	0.434327902192699	0.8830239149230775	inactive
13.905998210910731	-2.7225890409777183	0.30768517576917936	13.523809523809524	1.0476190476190477	1.5243461182369282	3439266694.557908	3.864200000000003	0.4401872768116193	0.914212988517759	inactive
13.740202427325894	-1.0698788002855466	0.3484837625294772	11.837837837837839	1.135135135135135	1.5236092795615805	403547199.2410564	3.842400000000003	0.07967771908260379	0.6821129917514749	inactive
11.933867630385487	0.05616024187452795	0.8889368856886929	17.666666666666668	1.5	1.8383844242697862	13037.93132294295	2.0604199999999997	0.5650500544555268	0.934334291383459	inactive
13.64108229402872	-1.1016648951247165	0.6883630415780535	17.862068965517242	1.206896551724138	1.7983601307004538	4522517.86101763	3.683300000000002	0.23104890016651225	0.8343688904187329	inactive
13.390865299823634	-0.910779478458051	0.567868458267302	11.96875	1.03125	1.9934626095111887	12977916.030465746	4.350800000000003	0.2780434021718942	0.9214979687559707	inactive
13.505879865835222	-1.020263342991518	0.42619372477276446	11.588235294117647	1.1176470588235294	1.6661124773577696	70313769.20988177	4.264120000000003	0.10413622985924016	0.8602839248625039	inactive
12.025729402872258	-0.1502160493827156	0.8036966931789592	10.65	1.3	1.7746352324759036	60410.66853654705	3.0574000000000012	0.5397935481012421	0.8882638131642757	inactive
13.485439480786704	-0.49302196187116953	0.4399430654627586	14.852941176470589	1.0294117647058822	1.4362201986634016	89374700.5791247	4.6982000000000035	0.2948175802554472	0.7197011964981925	inactive
13.794494558530229	-0.9756516649869831	0.32497708903389283	12.108108108108109	1.027027027027027	1.6941281527867826	221547596.15236405	5.721700000000005	0.2895233075660665	0.9361575974423728	inactive
13.597019950631513	-1.145066819937852	0.3920272086221936	12.222222222222221	1.1666666666666667	1.6917182253393745	142845042.13285688	4.241200000000003	0.07533151917266726	0.7616578814772813	inactive
12.11355261085916	-0.24327594296569766	0.9101636317439148	10.136363636363637	1.2727272727272727	2.131636703116107	77771.78890106062	2.584220000000001	0.3156969539068368	0.7859173954073639	inactive
12.278664808515998	-0.05608512849584257	0.9286294222298364	15.608695652173912	1.1304347826086956	1.602767658039709	205066.7839211197	1.3374	0.6126017951895162	0.9230852274361137	inactive
12.993254440665154	-0.30887188208616867	0.721577144713263	19.12	1.24	1.6844274440931828	678544.0900978424	4.781500000000004	0.28966598450476805	0.7288828390385063	inactive
11.61148726884387	0.04066588981271568	0.8012282493341455	21.8	1.2	1.7024379353656955	81170.10408479003	2.7121000000000013	0.675993171685596	0.9525890285310025	inactive
12.159830719324766	-0.13772864701436105	0.8051952011122818	10.523809523809524	1.0952380952380953	1.8239931685626	85055.46262660317	3.4644000000000013	0.4309735246246912	0.8658637597502061	inactive
11.198399116916432	-0.4190689300411521	0.6094299604410415	16.61111111111111	1.2777777777777777	1.8690007962165145	14002.760775412413	1.1830999999999994	0.6110946376114983	0.8953844016947033	inactive
12.168310972537164	-0.06295729402872219	0.8018707396988646	10.409090909090908	1.2272727272727273	1.7196469735455708	177570.989918892	2.590420000000001	0.5683443750800282	0.9619193485685852	inactive
12.07131708238851	-0.23856481481481495	0.7963450968437994	17.9	1.4	1.9940173159749837	60489.84754636499	2.24282	0.18197882120412986	0.6685955436692389	inactive
11.711186696900983	-0.08308641975308606	0.9048852799092133	9.941176470588236	1.2941176470588236	1.9834326164411502	8607.98717569664	2.916200000000001	0.621458766038166	0.9364311786284062	inactive
12.130704365079364	-0.2218664965986401	0.9447255452889229	16.61904761904762	1.1904761904761905	1.7033971098342864	82676.03611470504	3.3264000000000014	0.5714559798340602	0.8855335580520868	inactive
13.79061761038718	-1.150096686822877	0.30535956724866886	14.268292682926829	1.0731707317073171	1.466504774776788	2328656511.8421392	4.260000000000003	0.18752539031507154	0.800319991848912	inactive
11.719064153439154	-0.4282501889644743	0.7624464786871503	9.421052631578947	1.2105263157894737	2.032699328062264	21397.320282624627	2.17948	0.6465228583761327	0.9306367148161947	inactive
12.991406368102796	-0.21864040060468692	0.7414709844935664	16.56	1.24	1.6797231887799884	703741.41073392	4.450400000000004	0.3070535718749166	0.8685326622205498	inactive
11.733590325018897	-0.10632716049382696	0.9058950369353805	10.235294117647058	1.5294117647058822	2.0059136702842735	9127.624241005387	2.18182	0.675581192118356	0.9769935473723531	inactive
13.660867293581038	-1.0420630983875034	0.2859532496777879	11.394736842105264	1.131578947368421	1.6657094447959915	475528448.03248554	5.149880000000004	0.10724273226090972	0.7345256197174259	inactive
12.242932256235829	-0.3306424792139082	0.9272675157398635	11.45	1.4	2.1675886398596704	36321.095349218755	3.0039000000000016	0.33594052773465155	0.8507040638626431	inactive
13.25185086766188	-3.718849770618124	0.706163570609565	22.387096774193548	1.3548387096774193	1.4357531547141829	19983566.8684492	2.4378800000000007	0.16948840042503352	0.6111122591268938	inactive
14.256036076467623	-0.9774802768329551	0.6310991668620473	22.88235294117647	1.088235294117647	1.4943444236276622	114030368.31674205	3.2973000000000026	0.22807077346382038	0.6513270123398268	inactive
13.05721875787352	-0.8828306878306884	0.5492701103980002	12.137931034482758	1.2413793103448276	2.494655454824044	2116291.2745158547	3.402000000000002	0.052059231106829626	0.7546336795933878	inactive
13.272287021289998	-0.6805328798185941	0.6759389651549571	15.6	1.2	1.6947401948001475	6911130.988435867	2.8123000000000014	0.27618453358643974	0.6840236845363125	inactive
13.600360685073436	-1.090752288569749	0.3451464168801726	11.5	1.0277777777777777	1.687135906627775	171616790.46449885	4.763300000000004	0.1550993628202674	0.8445681460026127	inactive
13.207374811035525	-0.5693500803099019	0.7484751078364636	23.32	1.2	1.5472424128031586	750778.6117859008	4.319500000000003	0.39165364657589447	0.895059069501833	inactive
12.086658635676493	-0.03300642479213889	0.7855040111168091	10.4	0.95	1.8110111338412767	58281.9965677584	3.4160000000000013	0.38929374862089094	0.8674731009738762	inactive
13.731323381204334	-0.45429083850831	0.4752021251271349	10.806451612903226	1.0	1.8282195766320004	10775294.01466365	4.118600000000003	0.2108485713743381	0.7954383476707062	inactive
12.171586356764928	-0.03054988662131497	0.7917502253513193	10.523809523809524	1.0476190476190477	1.78543950554549	83397.60403140467	3.724420000000002	0.530558200379761	0.9307640767532678	inactive
12.982554924415945	-0.2768407577805121	0.9151853509435314	10.210526315789474	1.368421052631579	1.90291258473106	21458.21737760309	3.1004200000000015	0.4332550123683277	0.9218049622553047	inactive
13.584642148526077	-0.9399499244142102	0.40162869648437705	11.65625	1.1875	1.7921772016010014	27437573.075460542	5.152700000000004	0.3028548722459777	0.9809738782744727	inactive
12.266599111866968	-0.31733749055177607	0.9371566010280676	13.304347826086957	1.434782608695652	1.79643723829448	176949.8746098216	2.40752	0.32664048184166294	0.7552388001876122	inactive
13.681875392808383	-1.0548325039892503	0.3344204103273722	11.805555555555555	1.1111111111111112	1.510521743751567	279358299.8020455	4.565400000000004	0.15922979425314443	0.8041228573786358	inactive
13.327649754346183	-1.2373439074703958	0.6823974289591994	18.62962962962963	1.2222222222222223	1.773880863554651	1727191.1996437574	4.8045000000000035	0.37592689880004365	0.8327821305624511	inactive
13.830195672149586	-1.1166560899050981	0.33055493119710405	14.048780487804878	1.1219512195121952	1.4715636232011273	2531958235.8799314	4.217600000000003	0.3768688373434428	0.8631850018079984	inactive
11.91191373771731	-0.11926870748299301	0.9106922496320585	9.68421052631579	1.4210526315789473	2.0576183242857327	22538.730957384527	2.4429000000000007	0.5838165236253697	0.9125877973796505	inactive
12.790187389770722	-0.3542144851767872	0.7657704706736357	16.16	1.32	1.6221044590694338	857944.0720513548	3.994600000000003	0.4790066017786413	0.9320738844431304	inactive
12.497441804764506	-5.907164802953151	0.05799840528837503	21.836363636363636	1.0545454545454545	1.4857597549130312	253136007588.0919	-2.2829999999999924	0.15961922874614007	0.7271520096931455	inactive
14.065206562116735	-1.1628700198577537	0.2161271752168621	13.954545454545455	1.0454545454545454	1.5040253917625213	11296650597.857382	6.088100000000005	0.11921252135272095	0.7455645803944765	inactive
12.728190665154951	-0.6002844373005811	0.7605633240787453	16.458333333333332	1.3333333333333333	1.6768804681497573	482978.0206334271	1.6675999999999995	0.44190167462707447	0.8858736617172812	inactive
13.625696333221585	-1.0382549918115396	0.36867035728130676	11.61111111111111	1.0555555555555556	1.667867987452943	193026804.3395892	3.4663000000000013	0.1529768777482817	0.8749963473446101	inactive
13.749725030444274	-3.8419533228682723	0.342351831418314	12.512820512820513	1.0256410256410255	1.7445234608891609	454479191.47049683	4.611220000000005	0.3008671401268092	0.8974119491935634	inactive
13.839687630357723	-1.100544847568657	0.37281689875681795	13.487179487179487	1.1538461538461537	1.5195590484526222	930527884.5511225	3.8647000000000027	0.19431625201134528	0.7855523728552173	inactive
11.983708427815571	-0.3797751322751315	0.6715068787821322	10.047619047619047	1.2380952380952381	1.7584200086820405	104229.85827024297	3.0785800000000005	0.6173356669798601	0.9286978862484336	inactive
11.752297808012095	-0.3255864197530862	0.8662645921240733	9.88888888888889	1.2777777777777777	2.0346835172849502	12608.337547023362	3.6874200000000013	0.6290058302085846	0.9228150763472819	inactive
9.833607331821618	-0.4859567901234574	0.8776742104020399	12.625	1.4375	1.9431365441287547	6512.365119772664	1.5350999999999997	0.5584782075704895	0.9372748665078984	inactive
13.3217968946838	-0.9570261715797439	0.6661325358663635	12.766666666666667	1.1	2.628458826090055	1889236.4573183232	5.207500000000005	0.03460697671383899	0.8914051401178917	inactive
12.244335711136305	-0.16303020282186953	0.7941834624506019	10.26086956521739	1.173913043478261	1.8712083705832563	205664.6866233248	3.941080000000002	0.5620940245374341	0.9163965572022061	inactive
13.691559887748333	-3.5597887470073597	0.31490673374642025	12.205128205128204	1.0769230769230769	1.7152877921705443	572381556.6181452	4.137800000000003	0.06087709608227981	0.8053398211693531	inactive
13.582280311446077	-0.9442766072478375	0.45862569580823875	12.454545454545455	1.121212121212121	2.0422429886643974	25446855.844736032	5.250400000000004	0.2193031305435812	0.9346666732169254	inactive
12.134466647770218	-0.11535210380448446	0.8051952011122818	10.523809523809524	1.1904761904761905	1.8039060510745435	80913.86414105113	3.4644000000000013	0.4512474919452426	0.9183194257631405	inactive
13.764952377460268	-3.4477863973680045	0.30577833286890804	12.5	1.1	1.7246462253332027	745136776.0254687	4.235400000000003	0.15876066235093303	0.8323664600513486	inactive
12.647410241874528	-3.2952971203913655	0.9193230773897518	22.347826086956523	1.2173913043478262	1.628246064703864	358739.7213982176	1.5127	0.4126564031996469	0.867070950500672	inactive
12.192023337112623	-0.08182020030234383	0.9446942990987152	17.095238095238095	1.2380952380952381	1.6845323374411754	80913.86414105113	3.2702000000000018	0.5738377334554673	0.8878904818967468	inactive
13.650337536925289	-1.0939238473167052	0.36927503004341933	13.972972972972974	1.1081081081081081	1.4608796674648212	313614001.3455133	4.013200000000003	0.29224362984553437	0.891429902947005	inactive
13.82331175911009	-1.3453685988284203	0.7290679787675891	18.62962962962963	1.3333333333333333	1.773880863554651	1727191.1996437574	4.290200000000003	0.3413088412632841	0.8125966846368806	inactive
12.652899659863944	-0.3180961829176121	0.8917528949187631	16.545454545454547	1.4545454545454546	1.8965486856699347	111174.77287280346	3.1304200000000018	0.2948316880592285	0.8851460833639996	inactive
12.685249905517761	-0.33252645502645595	0.7826706475606722	16.652173913043477	1.391304347826087	1.6446361785774959	350801.25713160145	2.7452000000000014	0.2755107949031645	0.7545329704513172	inactive
11.581871378180903	-0.2531804295792386	0.8367558022352612	15.117647058823529	1.4705882352941178	2.1603485863021925	10490.36060101701	1.9907	0.5406615857563559	0.8641414588572367	inactive
12.459918517035534	-0.1678845906148636	0.3727336657428222	10.636363636363637	1.0909090909090908	1.3830555853438418	37731850.70993933	5.467220000000004	0.26369271982175013	0.7314364436377409	inactive
12.599755291005291	-0.32947940287226074	0.8917528949187631	16.545454545454547	1.4545454545454546	1.878001814519986	112745.78662180313	3.130420000000001	0.47210965993526166	0.8880003059929156	inactive
12.209877251826658	-0.06637046485260756	0.8012601697453877	10.409090909090908	1.0909090909090908	1.7502143491190476	145315.50753931233	3.4246000000000016	0.5990796997559753	0.9478513687304578	inactive
12.890560909549006	-4.00549726526413	0.6319790453439106	12.592592592592593	0.8888888888888888	1.675585139899679	2362471.475602848	4.388400000000004	0.0633257781981874	0.725138912956479	inactive
13.837966780752451	-1.0481459960527426	0.3764428434646507	12.131578947368421	1.0789473684210527	1.7117714991268902	299032326.47997284	4.3937000000000035	0.1608199779497069	0.7515266671310193	inactive
13.275590986394556	-0.6184808437263798	0.6775817595341509	22.923076923076923	1.1923076923076923	1.565152102180818	1076686.2225446014	4.972900000000004	0.35600132343688484	0.9125010833480522	inactive
12.199304610733183	-0.11438271604938244	0.8088953678593239	10.761904761904763	1.380952380952381	1.8318223379402183	89069.49418677432	2.872320000000001	0.40216347816328807	0.8667782663185609	inactive
13.583329435073438	-3.485714672933286	0.35763469843842655	12.054054054054054	1.1081081081081081	1.7058929378207994	221547596.15236405	3.359200000000002	0.15074545647990525	0.7110128637930592	inactive
12.106688869992439	-0.15535210380448428	0.8071121731617772	10.523809523809524	1.1904761904761905	1.8039060510745435	80913.86414105113	2.859400000000001	0.3852450724013197	0.8799893173574493	inactive
13.395147103594521	-0.4350524376417242	0.641666679691932	18.419354838709676	1.1290322580645162	1.4031792495858568	25675673.3826653	3.7047000000000025	0.2832705625849542	0.8218994683209021	inactive
13.89180937334504	-1.2162719408751157	0.3551994358484669	12.0	1.05	1.7532581089376584	603938307.7306161	4.2920000000000025	0.18053770912942738	0.7593013174115343	inactive
13.748418812645454	-1.1021499170655928	0.35142640973885286	13.76923076923077	1.1282051282051282	1.4724925710187988	1111040062.1673658	4.082500000000003	0.21202005640036814	0.7863687076748622	inactive
13.450749781685307	-0.6474750803099019	0.7262464461111225	22.923076923076923	1.2307692307692308	1.5406981659230456	1051357.8175784955	4.458600000000003	0.345137551695386	0.7622560310426346	inactive
12.540447058453012	-0.4336686927857565	0.8040532932456513	17.24	1.44	1.7301249272458727	326922.3946213661	3.0104200000000008	0.3874988177780511	0.9278726724224433	inactive
13.86972604001171	-1.1176627194087512	0.3723704827381358	12.0	1.0512820512820513	1.730911344157031	412944578.03980017	3.9776000000000025	0.12378589837196469	0.8547688782230799	inactive
13.704261856653181	-4.7686503820775545	0.2829183696340207	12.3	1.1	1.5418210481205705	1234898598.4458842	4.479900000000003	0.3460493320946291	0.9612360995978934	inactive
13.12017431972789	-0.11575459813555122	0.6731920188238273	18.125	1.0416666666666667	1.7269049469833169	506400.49597135716	4.798800000000003	0.533270179565521	0.9825571421929248	inactive
13.0264559712774	0.08218159486016674	0.5922864252034531	11.807692307692308	1.2692307692307692	1.7464366831326046	1041319.0587348972	4.3479000000000045	0.21186017828397635	0.63089138997607	inactive
13.885219784207429	-0.9054770828084331	0.33123716465585407	14.538461538461538	1.0256410256410255	1.3979569725268928	1204213923.0409667	5.025100000000005	0.5124836099846158	0.9754673420465763	inactive
13.464597033257746	-1.437984339569161	0.6366875885857132	21.296296296296298	1.1111111111111112	1.6829919224474048	2544817.261467382	4.049400000000002	0.42459906165987765	0.865869983756174	inactive
12.550908919123206	-0.03854938271604902	0.8475870669648807	15.0	1.2	1.8984746958160614	56383.56235380768	3.490020000000002	0.6838524476484453	0.9531228227110368	inactive
12.378020282186949	-0.3472626564072969	0.6743220134751284	16.03846153846154	1.3461538461538463	1.448822752407146	932746.7434725079	2.2273	0.3010659499483329	0.8645238187318307	inactive
13.490566617850845	-0.9164735685941043	0.42647772818739027	14.8125	1.125	1.729960096035826	28537209.680882026	5.794600000000005	0.2724593702177974	0.83588679207638	inactive
13.320708144368858	-0.8934241543839758	0.7422716063463868	18.846153846153847	1.2692307692307692	1.763839332989991	1179572.3989157218	3.5059000000000022	0.2865802107127727	0.7444860703962705	inactive
14.02460183610481	-0.9731052768329556	0.6675429432981888	20.1875	1.1875	1.6221318186103701	26189894.974205237	2.7647000000000013	0.24947700787085017	0.7274328365438785	inactive
13.709500085177169	-0.9508556416393723	0.5164007552112283	15.305555555555555	1.1388888888888888	1.665115209349521	159086092.11754003	3.2036000000000007	0.2358267423029412	0.9504586536075471	inactive
11.988990142353238	-0.28347715694532116	0.8193673281352377	16.363636363636363	1.3636363636363635	1.5746044797307182	100521.54844582293	1.4875999999999998	0.4456847988134453	0.8356658042987705	inactive
13.774540854826522	-1.0871974468799868	0.3461040684335997	15.025641025641026	1.1025641025641026	1.4782157985108728	1046488349.852766	4.175200000000004	0.11953330924547184	0.7131122291345505	inactive
12.517523305618543	-0.42130791526895384	0.6441673657391497	15.607142857142858	1.2142857142857142	1.5035102603456947	1787780.2076775716	2.2165999999999997	0.51207081600689	0.8652491363468889	inactive
13.676295035665527	-1.063430387587134	0.3344204103273722	11.805555555555555	1.1111111111111112	1.510521743751567	279358299.8020455	4.565400000000003	0.21433760008644065	0.925988647778392	inactive
14.014185169438145	-1.3509987953514737	0.6019052426463177	20.0	1.1515151515151516	1.669261080015734	36327436.17521564	2.2912999999999997	0.1968569676617357	0.7518226924271803	inactive
12.812482993197278	-3.4385493827160496	0.8518519788516375	20.666666666666668	1.3333333333333333	2.010779085668168	72142.61469300752	3.324620000000002	0.6566760428258638	0.9546060679630165	inactive
12.555894431846811	-0.3662955782179964	0.6901117832686944	16.035714285714285	1.25	1.4707464526794851	3196698.2222349523	3.684300000000002	0.40164562314148644	0.8296752308902374	inactive
13.478152508313633	-0.9516701835055013	0.4747913870408446	12.0	1.1176470588235294	1.915485109844556	29197731.637478493	5.137400000000004	0.16137471353148147	0.7570416756788254	inactive
13.026935941043085	-0.36748582766439974	0.7422901169409017	16.82608695652174	1.391304347826087	1.8251612958605692	314957.42484217964	2.873400000000001	0.21716881630587692	0.7212825589465595	inactive
12.032000661375662	-0.11535210380448446	0.8022255351355969	10.65	1.2	1.758973734797854	58939.201655083554	3.328400000000002	0.4583447781302374	0.9449229539158659	inactive
13.46752853000765	-1.0159171600739072	0.44454648016450965	11.545454545454545	1.0606060606060606	1.6491048012345415	49592618.15563165	3.955700000000003	0.15737743254274233	0.8914305535772835	inactive
13.941258941108327	-0.9907059922734531	0.259688804682495	12.342105263157896	0.7631578947368421	1.56420091681432	791267425.3896759	6.607100000000006	0.17791715573208233	0.7547387240178394	inactive
13.172701365268331	-0.975607993197279	0.7967070348328475	12.928571428571429	1.25	2.5936742478276575	1015564.7252223908	3.5421000000000022	0.19191312165181046	0.8004961349235048	inactive
13.526107449924414	-1.0301842403628119	0.5404480201133686	12.125	1.21875	2.067547240271755	14128372.207649564	4.8285000000000045	0.1600146346474731	0.7304020833067192	inactive
11.800802626606199	-0.36926870748299323	0.8621288696031557	9.473684210526315	1.3157894736842106	2.0576183242857327	22538.730957384527	2.9057000000000004	0.5665367181824712	0.925090306137066	inactive
11.716796579743008	-0.43133660871756097	0.8807158498854399	9.473684210526315	1.263157894736842	2.0723448114750727	21330.759367304843	3.25068	0.5300825405930623	0.8727709034926228	inactive
11.052203798185941	-0.46300925925925984	0.7969629010847977	12.2	1.5333333333333334	2.7794717797508355	2300.004783763741	1.7284	0.4101311045897077	0.9644186793642113	inactive
13.61698680398085	-0.9056996409674987	0.4652071321617261	14.727272727272727	1.1515151515151516	1.7304233176039718	48514910.06973951	5.594500000000005	0.22963841237012533	0.7643182558812585	inactive
13.682798485134796	-0.957232956454187	0.46926245217912077	11.911764705882353	1.1176470588235294	2.068439596013541	27756805.906216018	5.595120000000005	0.22242309035829952	0.7328068255968356	inactive
12.894580341395818	-3.8686771830645816	0.7432164091911301	11.653846153846153	1.1538461538461537	1.8288231615993973	701580.3659863576	2.19742	0.18376022639396994	0.8425802999140989	inactive
13.253580719324766	-0.8667483938019658	0.7579755221542133	12.758620689655173	1.0689655172413792	2.5845317700783483	1357648.7746327692	4.554100000000004	0.15726256250460638	0.9727494990967817	inactive
12.578686696900983	-0.4234311224489795	0.9343402565689156	15.7	1.35	1.8571713904351628	74884.88703539064	3.713720000000002	0.39243672195180357	0.8710121789308505	inactive
12.288878180901989	-0.4218652257735045	0.7316739231031615	10.434782608695652	1.0434782608695652	1.6566214961914536	233404.71385246565	1.966	0.246462164821894	0.9360258064493455	inactive
12.316655958679767	-0.4062402257735045	0.7072475192431444	10.434782608695652	0.9565217391304348	1.6566214961914536	233404.71385246565	1.9990999999999999	0.33935721817829173	0.8467098089273073	inactive
13.354523760505383	-0.6003977877882096	0.7222895379121701	11.814814814814815	1.1851851851851851	1.7240466771803042	1182310.8629340692	2.502200000000001	0.29448775560407714	0.841082452545494	inactive
13.501175111327793	-3.675683707609663	0.6195992065715179	15.387096774193548	1.0	1.560532846022055	7868122.741652288	2.0598400000000003	0.2982595129747992	0.8165261564242488	inactive
13.384068219473544	-0.5934150264972564	0.6724039303987618	14.310344827586206	1.2758620689655173	1.4178715753506235	3710022.6742194975	2.818600000000001	0.6708296684285837	0.9101425572579543	inactive
13.303270316979212	-0.598590814999094	0.6854076149799395	10.538461538461538	1.1538461538461537	1.6718767001221457	818076.4252927429	2.1136999999999997	0.33536492319146627	0.7975890804330901	inactive
11.740651927437643	0.06694444444444447	0.8471035347082237	12.5625	1.4375	2.554882910689825	3062.6917426782197	3.010720000000002	0.5489670023155362	0.9507438764954956	inactive
12.0006711388259	-0.4545196759259251	0.7981578861382183	13.842105263157896	0.9473684210526315	1.9526640859637643	32810.95642830707	3.178600000000001	0.5219913451988321	0.9099977533941922	inactive
12.120353363567649	-0.2376234567901232	0.9079519357540479	10.052631578947368	1.368421052631579	2.142729297699242	20460.30846226783	3.7117200000000024	0.5189833885889388	0.9352945560566879	inactive
13.120974672238722	-0.5894938876459441	0.923144279582409	9.916666666666666	1.2916666666666667	2.1488924470739224	194576.53406674782	3.3423800000000012	0.511940132251878	0.8806213558331083	inactive
13.491181336297817	-1.2159927458637785	0.49308205868494165	11.857142857142858	1.2857142857142858	1.9819042461124863	52888143.52879932	3.997080000000003	0.08108444368649084	0.9159618244529146	inactive
13.454350035730254	-1.2663631162341484	0.5116162936136932	12.117647058823529	1.2647058823529411	1.9500565470332334	30326666.372213222	3.1990000000000016	0.2596800599118534	0.9172725225632448	inactive
12.432703924162258	-0.6576199137062231	0.823415751339709	11.130434782608695	1.3478260869565217	1.8784690172310807	124911.09659558862	3.5162200000000015	0.37922843040731885	0.8057489428777524	inactive
12.959818909045099	-0.5010101725875533	0.6332903843256509	14.214285714285714	1.1071428571428572	1.6955210040086024	2746087.4470429625	2.788000000000001	0.32129647194183225	0.8602963039537369	inactive
12.444569069688672	-0.4126437704711512	0.6352507316354609	15.607142857142858	1.2857142857142858	1.4771143492732355	1903274.648888842	1.5875	0.4165088162035732	0.8584916419758714	inactive
13.417322672717695	0.0251568930041155	0.6651140591808371	19.677419354838708	1.096774193548387	1.3705277073647735	30224836.464175556	2.9680000000000017	0.5186137317405682	0.8704803041233673	inactive
13.101290347559289	-0.05821061140505557	0.5104186366138802	10.793103448275861	1.0344827586206897	1.5831321107322713	8215867.851059348	3.6987000000000014	0.19701950414985916	0.5756473655608374	inactive
13.229219786680105	-0.33709797808012065	0.6742976209601249	13.931034482758621	0.896551724137931	1.7384032581164073	5222863.605482633	4.090640000000002	0.1704747108376885	0.6168826793497683	inactive
13.203156686542929	-0.380181878306878	0.6397372900496262	13.931034482758621	1.0	1.7384032581164073	5222863.605482633	4.435620000000003	0.1935604913686449	0.6619520120667134	inactive
13.118167040310212	-4.577789061384979	0.7844979007719622	11.153846153846153	1.1538461538461537	2.1875453698503198	356149.8709505415	4.489500000000002	0.34197712794893853	0.8768895567871084	inactive
13.101237388765174	-0.5750411336098569	0.8968754165815134	10.26086956521739	1.173913043478261	2.1188434039461113	110051.4687108323	4.124100000000002	0.5785960851436217	0.910032675380992	inactive
13.25093002015621	-0.33548044217687045	0.6742976209601249	13.931034482758621	0.9310344827586207	1.751199510428226	5145158.747527566	4.090640000000001	0.16017535127823884	0.5908137657783543	inactive
13.270052437641723	-0.19835128495842835	0.8521740086975916	23.0	1.2916666666666667	1.632846458850642	610437.9314741355	2.885440000000001	0.40516151609373285	0.8622165520854471	inactive
12.291491612076928	-0.5927766568314905	0.7687545143478375	11.0	1.2727272727272727	2.1685155372678624	119857.02019595544	0.6843399999999996	0.5208489337707386	0.8933784604694407	inactive
11.852341269841268	0.05833333333333357	0.8657423184662456	16.764705882352942	1.411764705882353	1.8631596912280377	9095.7710949126	1.81442	0.4803027350124744	0.9889044362671108	inactive
12.212484882842025	-0.5434314023963485	0.7609489872588867	10.869565217391305	1.434782608695652	1.9197015631503271	175842.66715899113	2.64072	0.2746533376159217	0.8375121947063708	inactive
12.063711262282691	-0.09632716049382695	0.8041636551317588	10.65	1.25	1.7746352324759036	60410.66853654705	3.0266	0.4860069714741504	0.9386180486741934	inactive
12.19698436318972	-0.029592466616276125	0.9366797702245624	13.571428571428571	1.2380952380952381	1.7312437002469676	80913.86414105113	3.7950000000000017	0.4462678927713927	0.9219112712770277	inactive
12.347697467876039	-0.031825396825396535	0.7437786118683317	10.818181818181818	1.2272727272727273	1.7093653288974702	147999.970089543	2.7433000000000014	0.5128924241187388	0.8808020824423478	inactive
12.420300506004871	-0.45021871011183756	0.673754114403104	10.538461538461538	1.1538461538461537	1.6536916347030326	821770.8697469244	2.628	0.4054073663282213	0.8776848987467637	inactive
11.296847915091963	-3.081169348912405	0.8176087521028516	17.4375	1.125	2.1840577144191022	4696.00421902749	0.49969999999999987	0.7131511857649637	0.9479488175659218	inactive
11.91708664021164	-0.11394620811287459	0.9049825268827963	10.210526315789474	1.4210526315789473	2.051227743559958	17835.503721568948	2.806820000000001	0.5484635648126088	0.9503714906688301	inactive
11.186267864612992	-3.968568897693927	0.9042596263242455	12.695652173913043	1.1304347826086956	2.397845205227487	87924.95010514431	3.945000000000002	0.4162776167863869	0.8246933551997523	inactive
13.458849916715316	-0.9345452779877388	0.4617095916864857	11.484848484848484	1.1818181818181819	1.889516238854962	20865388.544870205	4.797320000000004	0.26933619918557383	0.9349986927590136	inactive
13.539904887881079	-0.9170390841521805	0.550310007538331	12.258064516129032	1.1290322580645162	2.1831066348127646	6329634.139151577	5.058800000000004	0.18659388634299345	0.892069628682519	inactive
13.096216773746537	-0.8613909360040315	0.7667143225086969	12.148148148148149	1.2592592592592593	2.493183416843681	698838.5038986942	3.9056000000000024	0.12891021939685912	0.8653987399484753	inactive
12.449341773746536	-0.8282659360040314	0.8202462244860704	11.416666666666666	1.3333333333333333	2.4631530119982568	255423.567790623	2.736900000000001	0.08275486489139251	0.8430837258290003	inactive
12.893029887881077	-0.8839140841521804	0.6460680858166346	11.642857142857142	1.1785714285714286	2.1601133785603652	2310230.6960941823	3.890100000000002	0.26383397736396913	0.8880641068966306	inactive
13.482147773863144	-0.21611239711934171	0.4842343074249802	13.705882352941176	0.8529411764705882	1.4113526675805699	109937217.66528496	2.5633	0.29160154586930676	0.7498288155001314	inactive
13.357014518770473	-0.11263552952044953	0.4271208868201442	10.96774193548387	0.9032258064516129	1.4529584819843369	30317991.40727616	2.6404000000000005	0.3136145872105218	0.7533569548351875	inactive
12.809464994331066	-0.4961257558578991	0.5199421148979307	11.931034482758621	1.103448275862069	1.662481967418504	5995372.119951187	4.3023000000000025	0.2354041125864747	0.7867297611310454	inactive
13.206838816947043	-0.2412805755018057	0.5722805369163831	13.71875	1.0	1.5533633433599887	30374503.027466655	0.8688000000000007	0.4105533373493532	0.9275393292319921	inactive
13.03475970017637	-0.08637135718484856	0.5102106248255346	10.892857142857142	1.1428571428571428	1.579326432066951	5089599.167344848	1.6123999999999994	0.25729522580350883	0.7244695027905319	inactive
13.367989610597835	-0.16447478374065616	0.4167575221199098	10.875	0.84375	1.4522460976482292	44837300.30133761	3.516700000000002	0.4384167907781011	0.8921437591252598	inactive
13.045734792003731	-0.1382106114050552	0.5066904455320925	10.793103448275861	1.103448275862069	1.5831321107322713	8215867.851059348	2.4887000000000006	0.36866797867301965	0.7606828123455543	inactive
12.531121198109384	-0.11018812463256866	0.7753244009614217	10.64	1.12	1.7045904406523535	647387.4321214778	2.4428	0.2711339117253697	0.7959507141199524	inactive
11.823408919123207	-0.13808641975308622	0.9240599028959203	10.11111111111111	1.3888888888888888	2.0346835172849502	12608.337547023362	2.619620000000001	0.5409504906358281	0.9376661772741538	inactive
12.134466647770218	-0.11535210380448446	0.8051952011122818	10.523809523809524	1.1428571428571428	1.8039060510745435	80913.86414105113	3.4644000000000013	0.3404392078538737	0.8371013338683843	inactive
12.031352513227514	-0.11414840010078109	0.8033024021850661	10.65	1.25	1.7589737347978533	58939.201655083554	3.1689000000000007	0.6257180303966564	0.9416926827404378	inactive
12.10088955026455	-0.631588718820862	0.9154177951164741	16.238095238095237	1.1904761904761905	1.719737739623943	82014.12527101621	2.692100000000001	0.3059664747881486	0.8488668502913073	inactive
12.29149612622827	-0.15641786344167286	0.8019266847700408	10.695652173913043	1.1304347826086956	1.9086168499292056	176557.20378290044	3.3731000000000018	0.46640745491818264	0.8785007518871368	inactive
8.491413454270596	0.03351851851851895	0.6326422670473281	8.75	1.25	3.1197125558836243	595.1999366929648	0.36547999999999997	0.26876929786582837	0.5906387725975053	inactive
12.530550581356408	-0.22122327351570292	0.5730568654366267	10.678571428571429	1.0357142857142858	1.688585376546292	2066709.0682788067	3.8253600000000025	0.38785722668227546	0.9306819201293187	inactive
11.803335222978081	-0.39774612622826955	0.8658590925600456	19.166666666666668	1.5	1.9003353642105014	12608.337547023362	1.2772999999999997	0.48541893361874294	0.8561425976747884	inactive
8.238178382464097	0.19277777777777816	0.6061864897164827	8.444444444444445	1.4444444444444444	3.0560383962272617	129.22533870330605	1.1107799999999999	0.8032191696155024	0.929428812220956	inactive
12.496884763164523	-0.33908940357849127	0.6525865017261886	15.041666666666666	1.4583333333333333	1.9364892555051103	310361.32930880145	1.4736	0.16471594082393015	0.8499696854846934	inactive
11.851050170068028	-0.017522675736961313	0.9252513477484028	10.210526315789474	1.368421052631579	1.90291258473106	21458.21737760309	3.614720000000002	0.39640825871258356	0.890125323293684	inactive
8.41148148148148	0.24768518518518534	0.529354659112996	8.9	1.3	3.2210743129260195	172.48169296466315	0.96512	0.28476537008857433	0.6232417842055205	inactive
13.65844169739384	-0.7253184443989829	0.6021292965186094	11.5	1.2307692307692308	2.03716279870102	579137.337291941	2.8538000000000014	0.4091682455361088	0.8196050624606136	inactive
11.98859410430839	-0.5333333333333334	0.5039387723179841	8.444444444444445	1.4444444444444444	3.0560383962272617	129.22533870330605	0.48738	0.6383322844582205	0.8597870182102436	inactive
12.685303445452256	-0.5113562251838901	0.5684647348032583	11.333333333333334	1.0666666666666667	1.7321684522811704	6415897.841089705	3.0360000000000014	0.36579878824963663	0.7947571977631881	inactive
8.210400604686319	0.13833333333333364	0.5389420381782205	8.444444444444445	1.4444444444444444	3.0560383962272617	129.22533870330605	1.00168	0.721933594209457	0.896632373592999	inactive
12.386338340891912	-0.40310983035189385	0.7455320828951193	16.782608695652176	1.434782608695652	2.03605415345332	195643.52967766995	0.569999999999999	0.16770006554563494	0.7482158026135339	inactive
8.285372260015118	0.15351851851851883	0.5573130498151009	8.4	1.5	2.9302756154154803	237.587417309747	0.35687999999999986	0.6904359321073467	0.887211597678698	inactive
12.283318846056941	-3.7553846608087667	0.8469685624910148	11.95	1.35	3.06402027141029	14630.09775118283	2.3497000000000003	0.11548855414111489	0.6549828442162997	inactive
8.228395061728396	0.09953703703703742	0.5041589132327443	8.444444444444445	1.6666666666666667	3.11920179192052	126.05435680455047	1.00168	0.4349900844911489	0.7483282427593454	inactive
11.636443846056942	-3.6355929941421006	0.8003376186311087	10.882352941176471	1.4705882352941178	3.007742302638497	5502.283506872425	1.181	0.23289387484037807	0.7866520815067828	inactive
8.622498897707231	-0.47894179894179945	0.6633734734164476	21.235294117647058	1.1176470588235294	2.23417953604688	6208.657257534329	0.6474799999999998	0.6239089801773406	0.9488326753671195	inactive
12.74229119425548	-0.8855296123078862	0.7074281568305903	26.96153846153846	1.3076923076923077	1.7235287890033586	824169.1676216434	0.7740999999999996	0.1964913954257618	0.6765333226179975	inactive
11.89629865835223	-0.7820849867724866	0.8658590925600456	22.666666666666668	1.5555555555555556	1.9882986512117462	11917.378784399187	1.2772999999999997	0.4326656372576362	0.8407934186066932	inactive
8.794186402956244	0.44632227891156506	0.8150660699144018	10.0	1.4375	2.0562523126025605	7067.380850095408	2.650880000000001	0.3739337583044025	0.9506291099620695	inactive
12.785414462081128	-0.36485515131213186	0.5928840363325426	10.482758620689655	1.0689655172413792	1.803185950330723	3693168.2958748518	1.7732999999999992	0.07339818893028673	0.7652263118293007	inactive
8.880448685647098	0.28703703703703676	0.8332900021215718	12.058823529411764	1.5294117647058822	2.1741522636422728	10531.600488925003	3.2118800000000016	0.4962492872285443	0.912040044509353	inactive
12.201856103552533	-0.5971645880574459	0.6881929334664624	11.761904761904763	1.2857142857142858	2.646507214416448	39349.145828194036	0.5777000000000005	0.2635667258446899	0.7280358316293144	inactive
11.672571806500377	-0.815570200302344	0.8343624510283111	18.61111111111111	1.4444444444444444	1.9302472184687425	12296.003824700778	1.1978999999999997	0.28214006224940075	0.8202779554275434	inactive
8.80929381815475	0.46860563464068794	0.8308885201871622	10.117647058823529	1.411764705882353	1.9022686582846633	11495.742562273885	3.040980000000001	0.4005341796188863	0.92166202021323	inactive
12.366109624035307	-0.9237876208921485	0.5762645705404882	11.607142857142858	1.0714285714285714	1.6908472385768483	2091810.6225751645	2.5013000000000005	0.2667998593280416	0.7038969912723785	inactive
11.581368102796674	-0.11382716049382657	0.8822646872226869	10.0625	1.5	1.9726372976367366	6512.365119772664	1.8733999999999997	0.6255733217194165	0.9510950633528747	inactive
9.016686402956244	0.6592852418745279	0.7635892458608206	10.176470588235293	1.4705882352941178	2.1034955658678376	9852.88372811346	2.08038	0.6377762661430688	0.8767638992105121	inactive
9.03179381815475	0.6815685976036507	0.7776182204624678	10.277777777777779	1.4444444444444444	1.9474651666140772	16028.71362757567	2.4704800000000002	0.44036688299407667	0.8837208803044008	inactive
8.713913454270596	0.24648148148148175	0.5909888271613953	9.076923076923077	1.4615384615384615	3.305720563408319	893.9809112067887	-0.20501999999999998	0.2464067828363114	0.5310372563463878	inactive
8.63398148148148	0.46064814814814836	0.4993750784007747	9.272727272727273	1.5454545454545454	3.3923544227273736	278.9339852908978	0.39461999999999997	0.2600268165877629	0.5861308698164197	inactive
12.20681642101285	-0.1282016880826402	0.7542512728973427	10.636363636363637	1.0454545454545454	1.8398376934109477	117435.83018712861	4.722800000000002	0.3736814031517305	0.8384256182995483	inactive
12.44224820483749	-0.7566962186109014	0.7208015626990972	11.541666666666666	1.25	2.0613156076467263	336487.1261214613	2.1125	0.21882894242852732	0.6553371249517912	inactive
11.849058799445704	-2.9622728751994636	0.8596744785407785	12.5625	1.5625	2.609892254036474	3022.2082641146712	1.9562199999999998	0.5612105378625489	0.9323672441454677	inactive
13.294348623708743	0.05441940665154954	0.5217439466670154	10.75	0.9285714285714286	1.6371584456308825	4488660.727936032	4.9524000000000035	0.22602957060631937	0.7762657775927774	inactive
12.440423171827995	-3.35835325240745	0.598309706973583	11.310344827586206	1.103448275862069	1.8688363714570935	2070919.3385020387	4.948520000000003	0.28170180024445907	0.8525416736387416	inactive
12.265677437641724	-0.6589758125472418	0.9099840450709098	11.95	1.45	2.199989240833032	33802.02159504572	2.758020000000001	0.3306120319965027	0.8549580377239149	inactive
12.470492252456538	-0.15748456790123444	0.814964915146824	9.952380952380953	1.4285714285714286	2.2464802521379528	54614.1337276859	3.1427000000000014	0.4120774968488372	0.9556761153659215	inactive
13.056599741748553	-0.4231681993785168	0.40601928460714215	12.32258064516129	1.064516129032258	1.4905191063861056	20706462.452625327	5.1563000000000025	0.43205763905830974	0.8710796667786148	inactive
12.387402249675047	-0.5326669442431806	0.640120304006767	10.535714285714286	1.25	1.7712422789444235	2332231.302530244	3.4205200000000007	0.29861013091860583	0.7715943409522202	inactive
12.68407608981413	-0.6527774890498945	0.3476435366230671	11.36111111111111	1.1111111111111112	1.4973119646236677	91000398.73350781	5.936520000000005	0.16289468985150934	0.7232253685420811	inactive
12.547635181291717	-0.47203759292402103	0.32525726943833067	10.794117647058824	1.1470588235294117	1.5053278021781937	51704438.65176947	5.726520000000005	0.4088388914622665	0.8650956961273374	inactive
12.468137852105071	-2.9489346703838324	0.459938391192486	10.6875	1.125	1.6550718593831881	11238570.254318584	5.413620000000003	0.5356410990620893	0.8804141763033483	inactive
12.372043156039055	-0.11902019295372424	0.7678296033477582	17.321428571428573	1.4285714285714286	1.548180945624597	1966252.5285518838	3.3241200000000024	0.6917377426854924	0.9613072996376785	inactive
13.176642451363772	-0.1525967130679433	0.6556240388994204	13.612903225806452	0.967741935483871	1.5600477405467181	16945549.792205427	1.5460999999999994	0.26972857364329894	0.6690682472477185	inactive
11.992000661375663	-0.17785210380448446	0.8051887283345213	10.65	1.2	1.758973734797854	58939.201655083554	2.7234000000000007	0.3427683262250535	0.8448587408884861	inactive
12.440230326195472	-0.16929855666424642	0.3541254540534289	10.71875	1.0625	1.3906517982783437	21765919.648546696	6.112020000000004	0.42937531770153037	0.9508963520746716	inactive
12.847698885109597	-0.2857237339380203	0.7534186601945833	16.291666666666668	1.2083333333333333	1.6683265371901423	482583.8580970603	4.393000000000003	0.35465760017885645	0.7658014314229821	inactive
12.40669874808004	-0.15072968050601498	0.5168152712793326	10.827586206896552	1.206896551724138	1.4437017359606201	5521224.388977894	4.309020000000003	0.40600131790803506	0.8183138326875674	inactive
13.23303162005543	-0.2852088057445208	0.5351394462752286	12.071428571428571	1.1428571428571428	1.6280105211474925	4271530.572123697	4.260400000000003	0.19493086860794115	0.6080071996182831	inactive
12.556232993197279	-0.25735544217687134	0.9227468239566763	16.761904761904763	1.4285714285714286	1.8673762978306383	76345.51463505182	3.5482200000000015	0.43255499702144434	0.8040252043926329	inactive
13.510968168335594	-0.385770292684976	0.4557308853568709	14.878787878787879	1.0303030303030303	1.4239980318280618	62436775.73973072	4.622900000000003	0.2776875902675168	0.7350827854694046	inactive
13.452184357749836	-0.04608460359452393	0.46983952580888816	14.09375	1.03125	1.4094823404422736	41632905.885151826	3.3885000000000014	0.31759760925535674	0.7870110667489475	inactive
12.821046390778534	-0.39234223223265396	0.781681513953551	14.115384615384615	1.1538461538461537	1.495755787523391	908781.2166746863	2.1022999999999996	0.39533476780222265	0.9303135158652335	inactive
11.999500661375661	-0.16164840010078074	0.8048553453031838	10.65	1.2	1.7589737347978533	58939.201655083554	2.5639000000000003	0.4781764256611061	0.911699238533625	inactive
11.992425831443688	-0.16859284454522516	0.8022492207594811	10.65	1.35	1.7589737347978533	58939.201655083554	2.4216000000000006	0.5124152550415043	0.9170788704421731	inactive
12.097363315696649	-0.18677340534979403	0.7972891299964826	10.636363636363637	1.3181818181818181	1.7641760826264659	145012.55341124276	3.671000000000002	0.5944134003906069	0.9443929307907115	inactive
12.056341647770218	-0.10854938271604908	0.8041636551317588	10.65	1.25	1.7746352324759036	60410.66853654705	3.026600000000001	0.4856479809999368	0.9028597522321277	inactive
13.013268613000754	-0.40456587168843616	0.7121550391134984	16.48148148148148	1.1111111111111112	1.5416474779038807	2419436.411104122	2.4593000000000007	0.35625886424621067	0.8849009308527167	inactive
13.128699058327033	-0.33243669690098354	0.5469430007604432	12.037037037037036	1.1851851851851851	1.6278885041076185	3021916.741894927	4.227100000000003	0.16394668542832938	0.8145720930283328	inactive
13.200531620055429	-0.31770880574452054	0.5427141831370953	12.071428571428571	1.1428571428571428	1.6280105211474925	4271530.572123697	3.8218000000000023	0.19747305294456763	0.6198604949579963	inactive
12.654043839758124	-0.254689783320736	0.7656902630513186	16.291666666666668	1.2083333333333333	1.563204010328289	475372.620901511	4.078000000000003	0.5966382668710556	0.9352304684959715	inactive
12.654043839758124	-0.254689783320736	0.7656902630513186	16.291666666666668	1.2083333333333333	1.563204010328289	475372.620901511	4.078000000000003	0.6879456240590069	0.9111824630866725	inactive
12.258522499309384	-0.1493661291677162	0.7344481109033393	10.48	1.32	1.6506807782411734	635532.474401494	3.155820000000001	0.4896689314190582	0.8385750741481931	inactive
12.793268613000755	-0.40796723223265396	0.7211377299756946	14.115384615384615	1.0769230769230769	1.495755787523391	908781.2166746863	2.0692	0.5333075757245594	0.9259567245572744	inactive
11.65204081632653	-1.390214763374485	0.6598227067791695	14.058823529411764	1.3529411764705883	2.4685015971193924	7640.969935904168	-0.47180000000000044	0.35734324277121193	0.7867501059443236	inactive
11.892710695389267	-0.3938425925925919	0.8038008928464453	14.411764705882353	1.2941176470588236	2.4828378485865037	7453.944836411997	3.086920000000002	0.536481568166278	0.8557808635336789	inactive
11.847158919123206	-0.4039351851851849	0.8040209685663092	14.705882352941176	1.2941176470588236	2.3136297327922764	7203.195302832407	3.0245000000000015	0.5641107357315738	0.9016784561134258	inactive
12.021413926681785	-0.48726568405139825	0.791987996406769	14.105263157894736	1.368421052631579	1.9930726840066249	31190.816729627568	2.9435200000000012	0.41348707531639606	0.8183927136337945	inactive
12.054293745275888	-0.7040452569916849	0.4912738853033154	13.428571428571429	1.0476190476190477	2.0035500167350544	80432.32149466008	2.3243	0.3855967499866845	0.818053467067772	inactive
11.536111111111111	-1.5255992798353912	0.37948118814280285	13.666666666666666	1.3333333333333333	2.505352315075206	10814.766289530215	-1.1259999999999997	0.3968234898979494	0.7902002111984036	inactive
12.088419784580498	-0.1853521038044843	0.7247632005918992	10.761904761904763	1.380952380952381	1.805191079820616	84915.27721593184	3.1841000000000017	0.27097224039200357	0.7703130129133571	inactive
13.058115551776265	-0.3181311413454275	0.7306156950111535	19.12	1.24	1.7030054243454995	694589.3842299558	4.639000000000003	0.35527581246225065	0.8066198229935206	inactive
13.058115551776265	-0.3181311413454275	0.7306156950111535	19.12	1.24	1.7030054243454995	694589.3842299558	4.639000000000003	0.34399792509799587	0.7778933453048708	inactive
12.47773864638448	-0.17209860796170307	0.8056480214552353	10.818181818181818	1.3181818181818181	1.972975951235687	131751.35982533536	3.163400000000001	0.5283508006384394	0.8752248345304459	inactive
12.13605261085916	-0.17417910682791637	0.8035865089418586	10.636363636363637	1.3181818181818181	1.7882571307956567	145355.0365894575	3.0352000000000015	0.5413112805965505	0.8868691280949907	inactive
12.86432775888133	-0.38479436990845683	0.7669613340538045	16.12	1.2	1.7054617238243428	672551.3442761905	3.315400000000002	0.4675622263971283	0.8621725632310586	inactive
12.892128684807256	-0.3101596749811042	0.7761789800014064	16.5	1.4166666666666667	1.6920002888063566	528471.5547128689	3.195920000000001	0.25878187943946296	0.9009252845266595	inactive
12.749165721844292	-0.2957152305366597	0.7839928875931386	16.652173913043477	1.3478260869565217	1.658205165591883	360157.48096758354	3.350200000000002	0.4202037226829148	0.8541106341658672	inactive
12.229968505920887	-0.12709152179390237	0.7991496048578406	10.521739130434783	1.3043478260869565	1.7738923832460576	246109.54103493562	3.2438200000000013	0.4686924191556249	0.8902240293818099	inactive
12.41507416855631	-0.4203732224065011	0.6730907718743108	10.44	1.08	1.6462051333496743	583355.3673685178	2.0077	0.28296763562294536	0.8449678652659722	inactive
13.2369034234064	-0.3437329931972797	0.5380246133540831	12.071428571428571	1.2142857142857142	1.6342488888542979	4165435.702630847	3.8750000000000018	0.24753386641404218	0.7395678248983315	inactive
11.232012130469471	-0.03763411228688951	0.8023231699447707	10.5625	1.5	2.174276685715817	5624.098453850013	0.9200999999999999	0.13912260590324765	0.7319956144572365	inactive
12.103725907029478	-0.16451877047115127	0.803523759489673	11.0	1.4761904761904763	1.8030424129801195	78846.18068636923	2.068519999999999	0.5853000970493373	0.944238886310894	inactive
12.781243858654571	-0.35217876039304685	0.65901075992156	16.5	1.4166666666666667	1.6679354619941371	505777.51452072605	3.5077000000000016	0.38704346608304924	0.8365461624028279	inactive
13.98940759637188	-1.1035220353573532	0.27274753252359635	12.05	1.075	1.7811008695147914	795781417.651333	6.175220000000007	0.05623355755184954	0.8072940230153838	inactive
13.901114928900597	-0.9059294427647611	0.46823038631235464	16.27027027027027	1.135135135135135	1.6656264145048525	221547596.15236405	4.703400000000003	0.1654905270600458	0.8049683750288213	inactive
14.109838435374147	-1.118799813135131	0.24330642869463748	12.317073170731707	1.0	1.5950727115902794	1824594237.939865	6.349900000000006	0.1232055851361476	0.8258357785582896	inactive
13.98001984126984	-1.1546331464684647	0.26350760391416633	12.3	1.0	1.5670171994482134	1268234319.7667937	5.968600000000006	0.2940491717020673	0.9620045098822814	inactive
14.006130952380952	-1.0747720353573536	0.2265256614585019	12.3	0.925	1.5670171994482134	1268234319.7667937	7.209400000000007	0.040489854733265926	0.8492263994707209	inactive
13.93518900297467	-0.9885541593180485	0.3319370053099737	12.0	0.9210526315789473	1.7135665421380244	292153387.6067494	5.660200000000005	0.07657827882057579	0.7839974434029587	inactive
13.96296678075245	-0.9681459960527425	0.30474271654486407	12.0	0.9210526315789473	1.7135665421380244	292153387.6067494	6.265200000000006	0.15164588723779227	0.8082707638828083	inactive
14.12170827735109	-1.0556129272696733	0.2943808943299932	11.775	1.0	1.7496893832857356	708969089.3839928	6.136880000000006	0.03275740156414585	0.8304900036914662	inactive
13.984077891863562	-1.0008368501721676	0.3596986587301411	12.131578947368421	1.0263157894736843	1.7204211646470307	304296091.352141	4.998700000000005	0.3710473138948651	0.909965065340669	inactive
13.497547688430904	-4.540040492200416	0.2839846731347816	12.216216216216216	1.1081081081081081	1.6357975354961376	227499070.88996804	5.636600000000004	0.22098127815229945	0.7951287155580163	inactive
13.733301523445823	-0.8756222442680783	0.4568541474606944	23.055555555555557	1.2222222222222223	1.3960077798435315	163934559.07238203	4.313700000000003	0.1244090969232867	0.9414475533255107	inactive
13.712463347897828	-0.8723762020240196	0.34563031854742987	19.473684210526315	1.1842105263157894	1.560617909411874	319491451.9882935	6.208600000000007	0.12066329979080156	0.8801649519727227	inactive
14.089908242120117	-1.039339464180735	0.2580988878897187	17.536585365853657	1.0	1.4558871927354342	2468731242.2284546	6.360700000000006	0.08261475793942288	0.7772463643063041	inactive
13.746020328560462	-1.082948528176703	0.36389451106390563	11.527777777777779	1.1111111111111112	1.7289195565669764	172731055.20630357	4.877720000000004	0.100225974508129	0.8513045423830919	inactive
13.946907516769077	-1.3816748551272366	0.20473258393757304	11.717948717948717	1.0256410256410255	1.5126539056631905	949908496.8304722	4.260000000000003	0.25090293609478076	0.8190515092815976	inactive
13.945903053676323	-1.0211057670951258	0.23796187423891904	14.365853658536585	1.024390243902439	1.4340362656571184	3075026665.021983	5.972900000000006	0.2344226991102898	0.83806318540636	inactive
14.262689002974671	-1.0286032900814648	0.27203394346784615	11.925	0.975	1.7582737540128737	718952921.8805387	6.273800000000007	0.23564576783964303	0.8850507086068979	inactive
14.336022336308005	-1.0933236226589405	0.24200121768339736	11.926829268292684	0.9024390243902439	1.7827169804972829	1014786132.5773003	6.467800000000007	0.08352664607868898	0.7355240019799649	inactive
13.816241416995835	-1.1500961356764925	0.28357181901598955	11.461538461538462	1.1025641025641026	1.7278394685059548	780288485.1562421	3.9404000000000026	0.1453969189427028	0.8584174722184381	inactive
15.099521295380228	-1.717608563040561	0.2682221043175543	13.073170731707316	1.048780487804878	1.7563112960811427	1595717653.9823923	4.626100000000004	0.16029058661499646	0.801466921808627	inactive
13.661092607472025	-1.0786023452590918	0.38503517505620116	11.485714285714286	1.0857142857142856	1.7076192516725224	122409027.41351075	4.569300000000004	0.2372775287091003	0.8470348947005286	inactive
13.789261187403998	-4.606128455163379	0.23411920885041232	12.275	1.025	1.7778488867708324	765368284.794617	6.702900000000005	0.3097543389947233	0.8853624632609106	inactive
13.930950283356973	-4.5292122943483895	0.16341997453910376	11.717391304347826	1.0	1.4961294588203062	20670411101.018074	7.243480000000005	0.23458290693537684	0.784912693199346	inactive
13.491527481531577	-0.9453559355841115	0.39997682437730586	11.558823529411764	0.9705882352941176	1.614517224616391	78942880.97351962	4.556300000000004	0.18426355814663278	0.8194683835256668	inactive
13.839488977191923	-1.0425879209708586	0.30487751773286803	17.205128205128204	0.9743589743589743	1.4083621073511878	639870012.8928728	5.580500000000005	0.07190477248759954	0.7135983766490825	inactive
12.326742252456537	-0.17873456790123443	0.7854975701814862	10.85	1.3	1.969665482215859	53435.24106298968	2.5498000000000003	0.3238652649865477	0.8372502844296941	inactive
13.761523690054535	-0.4624485596707817	0.80827283237132	10.761904761904763	1.2857142857142858	1.805191079820616	84915.27721593184	3.165700000000001	0.3541115521043515	0.8844846683583735	inactive
13.066113142670961	-0.38962596291194784	0.80827283237132	10.761904761904763	1.2857142857142858	1.7709928574863252	82164.20216734595	3.165700000000001	0.6401052074641536	0.9488414093073707	inactive
13.003651861890049	-4.640064627607243	0.7446399526335812	11.88	1.32	2.0921660202628645	344523.2352459099	3.8770200000000017	0.1924407642013824	0.7746709633820781	inactive
13.047453231292515	0.16232331821617563	0.6072345977985925	11.192307692307692	1.0769230769230769	1.7462449020957078	1123179.5653091066	3.819300000000003	0.28868675772418034	0.8438630313127261	inactive
13.198375377928949	-4.662040710478663	0.6496914123753622	16.678571428571427	1.3571428571428572	1.875280130231525	2021231.209560055	4.2006200000000025	0.35159695592869383	0.791915979351507	inactive
13.484166595089214	0.0053968778869573075	0.45658819452243676	13.9375	0.875	1.4114098880686667	44837300.30133761	4.495500000000004	0.3802122059823874	0.8267391429470466	inactive
13.59276012135545	-0.4738728269085417	0.7309627010515503	16.666666666666668	1.3333333333333333	1.8372200889752837	439582.96453476284	3.6175000000000024	0.3741619359946509	0.7890786124505751	inactive
12.111252204585536	-0.166773405349794	0.8035865089418586	10.636363636363637	1.3181818181818181	1.7641760826264659	145012.55341124276	3.0352000000000006	0.6022687403198104	0.9327754513722006	inactive
13.239951937475837	-0.40033317438800853	0.80827283237132	10.761904761904763	1.2857142857142858	1.785022978534662	82584.48293358205	3.165700000000001	0.34304864010025676	0.855515627865905	inactive
13.226063048586948	-0.42033317438800855	0.7899361784276613	10.952380952380953	1.2857142857142858	1.9844867713580618	74833.42387101769	3.2939000000000016	0.33467013880802965	0.7574306887742325	inactive
12.513332860922148	-0.18312988158226218	0.8056480214552353	10.818181818181818	1.3181818181818181	1.9974518487655533	131505.52960320763	3.163400000000001	0.4448553054188615	0.8700326338778909	inactive
12.012833994708995	-0.14081506676744748	0.8041636551317588	10.65	1.2	1.7589737347978533	58939.201655083554	3.026600000000001	0.49674794590445537	0.922730784065447	inactive
12.354520030234315	-0.13873456790123462	0.7866026135180479	10.85	1.2	1.969665482215859	53435.24106298968	3.1548000000000016	0.345870457048782	0.7958611851333867	inactive
12.796377918886417	-4.57550705855292	0.7651402349483007	11.72	1.32	1.8558484253133085	381407.5037102537	3.748820000000002	0.4147714573775314	0.8473102314997066	inactive
13.358434120893536	-0.4451800411522633	0.7899361784276613	10.952380952380953	1.2857142857142858	1.9989222321475582	74523.1488091908	3.2939000000000016	0.35818754806818043	0.8065572478250959	inactive
13.741523690054533	-0.4936985596707817	0.7899361784276613	10.952380952380953	1.2857142857142858	2.0079427050104575	76676.58093235493	3.2939000000000016	0.4222020875718136	0.812389986506496	inactive
13.00651171579743	-0.3700755857898721	0.74385832075969	15.846153846153847	1.3076923076923077	1.6902005361843662	1200170.5853685164	4.401600000000003	0.38079788871284975	0.8497485554600734	inactive
13.144723639455782	-0.3423497732426313	0.5944806569175756	12.222222222222221	1.1851851851851851	1.6393727021871292	2401909.0124103576	3.198920000000001	0.2623328008802545	0.8174508399459771	inactive
12.726491402116402	-0.42668603552532147	0.9014307866671774	21.26086956521739	1.2173913043478262	1.577311651146921	350801.25713160145	4.118400000000003	0.32081937767573276	0.8703318586002341	inactive
12.804076278659611	-0.3403255962878984	0.7784753368688251	16.16	1.36	1.6221044590694338	857944.0720513548	3.3588000000000013	0.464233658880113	0.9376349701045998	inactive
11.985056216931216	-0.1808150667674473	0.8022492207594811	10.65	1.3	1.7589737347978533	58939.201655083554	2.4215999999999998	0.6293249817726547	0.9403770635317618	inactive
12.882322215923406	-0.5378533635676497	0.7651581098808318	16.12	1.24	1.7033228711277975	735350.9392507427	3.4666000000000023	0.343350276947298	0.8530638476778	inactive
13.155872543461829	-0.31160903250189054	0.5878427109803857	12.037037037037036	1.0	1.6425129592633723	2589376.352082884	4.002720000000002	0.24995272518783238	0.7953559142689997	inactive
13.284516695022788	-0.8761023452590917	0.6827241193913665	11.642857142857142	1.2142857142857142	1.7268188252434307	2965189.6516388585	2.985900000000001	0.2077295516445369	0.7077825356326978	inactive
13.330315593094411	-0.8622134563702029	0.6345212081133808	11.655172413793103	1.206896551724138	1.7714559127476002	4992499.51376382	3.376000000000002	0.24732279670069765	0.7054112542897485	inactive
13.450430532954432	-0.3075029394473836	0.5374566351465373	10.7	0.9333333333333333	1.6897893372401258	11004870.786906213	4.454700000000003	0.23524057369187978	0.6552816849626247	inactive
12.677880291005291	-0.33989606953892726	0.7826706475606722	16.652173913043477	1.391304347826087	1.6446361785774959	350801.25713160145	2.7452000000000014	0.24353603244363917	0.7547754865718732	inactive
13.995849690516447	-0.4692388143529016	0.7725153745186311	16.5	1.375	1.6679354619941371	505777.51452072605	3.489300000000002	0.45481914150807173	0.8865475602882907	inactive
12.854501606198035	-0.36746267951625167	0.7669613340538045	16.12	1.2	1.6962293527940588	713568.0102957909	3.315400000000002	0.5192472211402086	0.8930807876816741	inactive
12.46947231670446	-0.47573019022423835	0.7914064792268797	15.72	1.16	1.5558791041520335	583355.3673685178	2.3162000000000003	0.1457119095939369	0.8690510413935099	inactive
11.738588907785337	-0.40617900709666555	0.7958180378622276	9.952380952380953	1.2380952380952381	1.819708014052941	64120.22682576339	0.8213999999999999	0.4329501713181368	0.9172760731111556	inactive
12.334147035357352	-0.1982283344161051	0.8446301040424784	14.954545454545455	1.0909090909090908	1.6650227159219129	129459.43419932263	1.6198	0.22760485101052713	0.7689221800980665	inactive
13.525639959687577	-0.7944615562274298	0.6112539666467138	14.363636363636363	0.8787878787878788	1.597560006762878	37552080.34746212	3.371900000000002	0.18770473496656206	0.7639685209344775	inactive
13.163028155706726	-0.7283219954648532	0.7738961838642422	13.962962962962964	1.0	1.6841004125942507	2201026.7462649285	3.7258200000000015	0.31857213860016403	0.8310115248556839	inactive
13.14366969009826	-0.720575869236584	0.7185463222472928	13.962962962962964	0.9259259259259259	1.6713553742587166	2258692.574959364	4.675800000000003	0.30265138068931724	0.793678424498403	inactive
13.071319916855632	-0.7043839758125479	0.7894582549306411	14.0	0.9615384615384616	1.686445048135845	1582607.6088038988	3.4174000000000024	0.24437866005072462	0.7825948333765098	inactive
13.130544982224624	-0.7813397581254728	0.7594255636906213	13.962962962962964	0.9259259259259259	1.6713553742587166	2258692.574959364	4.161500000000003	0.308339556557642	0.8111239317886788	inactive
13.005333679768203	-3.3120815883617998	0.8886183138629591	22.32	1.2	1.7434078853235164	569150.7619219909	2.1142000000000003	0.553309315155463	0.9454560334433769	inactive
13.045383755353992	-3.581014411491052	0.8496493116271093	21.814814814814813	1.1111111111111112	1.7824789233195386	1255290.4850201784	2.0154400000000003	0.24537807424771255	0.8541540890433501	inactive
13.091728080120937	-0.6839758125472415	0.778330637727649	14.0	0.8461538461538461	1.686445048135845	1582607.6088038988	4.022400000000003	0.18789105866117226	0.6812691077827551	inactive
13.64381566515495	-0.5745965608465615	0.8717879594271039	20.178571428571427	1.1428571428571428	1.638389165942424	3946095.9912805846	2.8417000000000003	0.22657722132686245	0.8403975602435095	inactive
13.166412561938355	0.14648945998152407	0.8555944552076603	20.62962962962963	1.0	1.4349533016789218	2854779.2677750844	4.200320000000002	0.5580420058597417	0.8853832357176721	inactive
12.914481056311413	0.14129204459561673	0.901428815406497	24.46153846153846	1.1153846153846154	1.3559608640101186	1827451.607814463	2.2707000000000006	0.2701346719092262	0.7585043627100394	inactive
12.886691704459562	-3.592387710810781	0.8649627257297424	22.16	1.24	1.7152614361514686	497863.46412351954	2.7665000000000015	0.20459922033283906	0.799717638906183	inactive
12.729286029226504	-2.6984662032502413	0.927158719887071	22.2	1.24	1.4446113377233276	1000845.0301068013	2.5913000000000004	0.4861958578628165	0.8486675413865792	inactive
12.744311381960191	-3.396773087263933	0.9094231596733331	23.17391304347826	1.1304347826086956	1.7051306207691557	230348.56760249045	1.5517999999999998	0.40120617248784524	0.8760353002651277	inactive
13.020288092088688	0.030455115688251322	0.7592349893089309	20.703703703703702	1.1851851851851851	1.6846869694615996	1885862.5111916314	3.989200000000003	0.2936979179573273	0.945476639283061	inactive
12.76716372197027	-0.6500406273620565	0.8284306704469961	14.375	1.1666666666666667	1.886500356430411	429633.95471181854	2.146299999999999	0.2929668264067243	0.8192593703309375	inactive
13.467941537011704	-0.81077097505669	0.7594255636906213	13.962962962962964	0.9629629629629629	1.6841004125942507	2201026.7462649285	4.161500000000003	0.26414679420247433	0.8180094813085916	inactive
13.063950302343159	-0.7117535903250192	0.7894582549306411	14.0	1.0	1.686445048135845	1582607.6088038988	3.4174000000000024	0.28909118814031065	0.791896960769586	inactive
13.250469576719576	-0.7982879818594111	0.7601299851830123	13.535714285714286	0.9642857142857143	1.7060218255588517	3947715.0178098422	3.8940800000000024	0.2669262928489058	0.8293683539465495	inactive
13.112534328546232	-0.6417839296212318	0.7185362042600583	13.857142857142858	0.8928571428571429	1.532143561902662	4269406.602643102	3.742600000000003	0.22001874092021523	0.7725045630769625	inactive
13.04221025447216	-0.6224732300327545	0.6328251898345063	16.692307692307693	1.1153846153846154	1.5972291817699373	1819150.6571271457	3.055200000000002	0.2119333069319275	0.6920605450618929	inactive
12.420639644746787	-0.3859054810195681	0.9227976282155705	16.714285714285715	1.3333333333333333	1.8625762761806484	72724.40892997028	2.1622000000000003	0.3000626214935492	0.8674258096377877	inactive
12.8040411627614	0.060232739984308115	0.8736534009296036	24.583333333333332	1.0833333333333333	1.4018649019673404	638259.4577345381	2.0329999999999995	0.43933141624752003	0.8703886131350725	inactive
13.96595664002771	-0.3304227182149253	0.8788987811245469	25.185185185185187	1.037037037037037	1.4574778232935572	2550692.869820342	2.0391999999999997	0.26402058497963377	0.7946957791264104	inactive
13.93881885768645	-0.31514667608192104	0.888332038714195	21.92	1.28	1.599114003954611	663759.8348249368	3.2124000000000015	0.3138708373933539	0.8378568019144035	inactive
13.125222505668933	0.16970190854119505	0.9220944589653831	21.115384615384617	1.0769230769230769	1.4860474187168629	1852782.4215432722	3.5187200000000027	0.4770892095867238	0.9223934274709689	inactive
12.790238410178885	-2.858281018065054	0.9033597570131026	21.8	1.16	1.650271691507519	575420.1332560468	3.3665400000000023	0.39142476909273294	0.9086825972858528	inactive
12.938717718568908	-0.07700339181226323	0.8713863693021363	24.615384615384617	1.0384615384615385	1.4022628793127592	1806522.226536504	2.0679999999999996	0.2570314436730989	0.7836993336960058	inactive
13.755419264060588	-1.063359525909129	0.35360510687891544	11.837837837837839	1.1081081081081081	1.5236092795615805	403547199.2410564	3.206600000000001	0.1065363603395977	0.7063595435723639	inactive
13.816943931798054	-3.419950784044399	0.3603431812336063	14.692307692307692	1.0769230769230769	1.5352225695392396	818467686.1398803	3.0398000000000014	0.28453779043832034	0.8820339587672678	inactive
14.57122689969978	-1.0268705908289244	0.35675795334796656	15.64102564102564	1.0769230769230769	1.4393065650365366	1108753955.3971024	3.5333000000000023	0.12064705010827324	0.713351537453866	inactive
13.650806326292889	-0.853231974888722	0.5140304488096212	15.323529411764707	1.088235294117647	1.6138549661595851	67800763.1320986	3.8381000000000025	0.26970214001970527	0.9084437148539123	inactive
13.701875392808384	-1.0409436151003615	0.3471532518684211	11.805555555555555	1.0833333333333333	1.510521743751567	279358299.8020455	3.9296000000000024	0.158977133808847	0.8316850250338493	inactive
13.711559887748335	-3.55478874700736	0.32173082158126415	12.205128205128204	1.0256410256410255	1.7152877921705443	572381556.6181452	3.5020000000000024	0.05906972079201004	0.7827307330779154	inactive
13.859687630357723	-1.0866559586797682	0.37839399552771347	13.487179487179487	1.1025641025641026	1.5195590484526222	930527884.5511225	3.228900000000002	0.24576999709294464	0.8578806204802157	inactive
13.775827427325893	-1.0355817481313514	0.3533558187279084	11.837837837837839	1.0810810810810811	1.5236092795615805	403547199.2410564	3.811600000000002	0.307528636893334	0.9021599561987618	inactive
13.850977969024056	-0.9295066452506935	0.370432737980228	15.710526315789474	1.0789473684210527	1.4287163350882774	775371811.9004282	3.3942000000000023	0.44482875700678354	0.9591761150277752	inactive
13.602474882604302	-1.013591007390611	0.3693201213378553	11.5	1.0833333333333333	1.6544020373686363	195612960.3196272	3.3241000000000023	0.10178121643845238	0.9007148319765108	inactive
13.48428197978058	-0.9809114911396668	0.41469604980300095	11.558823529411764	0.9705882352941176	1.614517224616391	78942880.97351962	2.7105000000000006	0.15562542638564228	0.8387950279342498	inactive
13.760202427325893	-1.0559899113966573	0.35360510687891544	11.837837837837839	1.0810810810810811	1.5236092795615805	403547199.2410564	3.2066000000000017	0.11560362607103329	0.7404147732163421	inactive
13.734798515761266	-1.0908538569748887	0.346980844132926	11.837837837837839	1.1081081081081081	1.5230602422865829	384500994.27188367	3.7695200000000026	0.13207532927656138	0.8052566276728236	inactive
13.846200824771802	-1.1276144284874448	0.28503117334063915	11.425	0.975	1.4935492435407713	1853829055.947825	3.9022000000000023	0.16527552656707797	0.7070328000751546	inactive
13.489384020596907	-0.9531337133618891	0.4174410748141785	11.558823529411764	0.9705882352941176	1.614517224616391	78942880.97351962	3.315500000000002	0.14472067602205158	0.8132026438988139	inactive
13.855933168696517	-0.8512629650625694	0.5126774850121926	19.305555555555557	1.1388888888888888	1.4347166953758372	189917764.91741356	4.228200000000004	0.24104818288372767	0.9505285874585787	inactive
13.799462316466737	-0.8895547262114734	0.5212145378538261	21.97222222222222	1.1666666666666667	1.4238998223908492	279358299.8020455	3.0729000000000015	0.2101881758946438	0.9286024066983601	inactive
13.654078718583136	-0.9762818615100362	0.40110971169333626	12.514285714285714	1.0	1.6627359824190344	121413729.93245398	3.8765000000000027	0.11157496932647734	0.8688520735126599	inactive
13.862142265761268	-3.8892100433036574	0.2864853222743363	12.121951219512194	1.0731707317073171	1.7804914421822773	1398934368.8041337	2.5788	0.4746860642063789	0.9223785803584926	inactive
13.591359913468498	-1.087821318342152	0.3658464183215348	11.5	1.1111111111111112	1.667867987452943	193026804.3395892	3.1136000000000017	0.11874384204984079	0.817621760089603	inactive
13.670337536925288	-1.0800349584278164	0.3761791945705678	13.972972972972974	1.0810810810810811	1.4608796674648212	313614001.3455133	3.3774000000000015	0.2890687702884213	0.8825204172120781	inactive
13.776579348464722	-1.0342885225077694	0.39997060164378956	13.432432432432432	1.0810810810810811	1.4992221457188535	433231996.52408737	3.3926000000000016	0.09802940284681472	0.8526324346166135	inactive
13.779736629895812	-1.0293518256067868	0.37973791390256123	13.972972972972974	1.0810810810810811	1.48854782972425	309998705.1529353	3.4337000000000018	0.19136669135518625	0.7921388610313161	inactive
13.765378794168928	-0.9814670466952216	0.38494902383185636	12.527777777777779	1.0555555555555556	1.6899487369090271	173631450.0901383	4.1849200000000035	0.1917446088090468	0.7713745943932058	inactive
13.752189703717931	-0.891881115100362	0.5207460651913447	21.97222222222222	1.1666666666666667	1.4030188349507062	192104688.50181392	3.2170000000000014	0.20949137401888845	0.9040724157006925	inactive
12.385951436130007	-0.27022959183673523	0.861445629211593	24.55	1.45	1.7593360995704483	53612.23942610547	1.2107999999999997	0.1548560618110632	0.7872910060653916	inactive
13.201708238851097	-0.030086923658352083	0.5259856813179744	10.851851851851851	1.0740740740740742	1.6602711003920962	2696773.299591645	4.170620000000003	0.19267544608520681	0.7388428908473761	inactive
14.14893049957331	-1.1963196544049721	0.3059496456392387	12.121951219512194	1.0975609756097562	1.763948370131378	1178056368.2629569	3.225800000000002	0.12275859508675613	0.8248483485601467	inactive
14.048614928900598	-1.1034903838078443	0.3576370457757943	12.025	1.05	1.7530628964253996	603938307.7306161	4.358900000000003	0.38151468925458004	0.920306935996016	inactive
14.19907789186356	-1.3017854518350547	0.32426112562830867	11.928571428571429	1.0476190476190477	1.8179218680832638	1444125500.2975922	2.9086000000000007	0.15489171391935339	0.7890122744984379	inactive
14.30333856835638	-1.1265793755773912	0.2776329538326482	12.116279069767442	1.0930232558139534	1.5440411974984776	4864751148.808762	3.9015200000000023	0.07848250176288968	0.8513841668379639	inactive
14.382823955103671	-1.0177875509197662	0.25171411511589215	14.636363636363637	1.0909090909090908	1.4718245866985369	8061857776.272988	5.553900000000006	0.11144303459401576	0.7017965597660627	inactive
14.2911646108104	-1.12930610670194	0.2785439452075654	12.023255813953488	1.0465116279069768	1.762454942910398	2697098204.1545672	4.468300000000004	0.09706267297435113	0.6681664703122537	inactive
14.176300114085784	-1.0930515138154029	0.3589349790110503	12.15	1.05	1.7679019084815908	615562861.1941285	4.302400000000003	0.116418643686657	0.6785762012017544	inactive
13.997411225196894	-1.1072238494163102	0.37388111127217816	12.128205128205128	1.1025641025641026	1.7460264913824637	431370778.1559798	3.9211000000000027	0.22194765368311986	0.881815609292412	inactive
14.258244401059834	-1.096168377844965	0.24145189738564157	12.116279069767442	1.0465116279069768	1.5235933429837367	4768783446.36686	5.653700000000005	0.2604568470864275	0.9392618150610379	inactive
13.94407789186356	-1.0286146279499457	0.3764428434646507	12.131578947368421	1.0526315789473684	1.7204211646470307	304296091.352141	4.3937000000000035	0.12966958128363368	0.7772040708740738	inactive
14.728831765635292	-1.1677213508860336	0.2789660153541357	12.23913043478261	0.9347826086956522	1.642554682649739	12709914254.736536	4.154300000000003	0.04638613905692862	0.8873887804015272	inactive
14.33713431350629	-1.1308171151839985	0.2474655764400698	12.204545454545455	1.0227272727272727	1.5470217812062077	7083434163.614766	4.237700000000003	0.21703459191848615	0.8793574763452116	inactive
14.330992574403243	-1.0170635707986901	0.24470053785529297	12.146341463414634	1.0975609756097562	1.7496224268622844	1143623794.6568677	6.176520000000006	0.1722830297346994	0.7702002595391223	inactive
14.015840930412313	-1.1249496619635508	0.3576370457757938	12.025	1.05	1.7532581089376587	603938307.7306161	4.358900000000004	0.0974352163562418	0.7546331415297804	inactive
14.389081198741868	-3.8289015926353582	0.31797997357926394	15.295454545454545	1.0454545454545454	1.5621367552290544	5358608689.030669	4.095800000000003	0.22167569960157452	0.8001309799043826	inactive
14.522680342102916	-1.0748152347358702	0.23529360647385336	14.25	1.1136363636363635	1.5274331798494183	7213380691.055678	6.211700000000006	0.19599103198108583	0.7553264429604601	inactive
14.672248715748673	-3.421424740783507	0.31224146017934756	14.840909090909092	1.0909090909090908	1.590088644289907	4658680139.446147	4.469600000000004	0.19577491540150319	0.8269915730616121	inactive
14.007090930412314	-1.0210267594692197	0.28988520744107543	12.025641025641026	1.0769230769230769	1.719115572246976	526914439.47906625	5.730300000000005	0.3528652437616049	0.8894950124152253	inactive
14.306391761856002	-1.0434525909129084	0.25729783193014005	13.975609756097562	1.0975609756097562	1.5256983448106394	2051547870.7232764	6.439020000000006	0.023054322985234556	0.8228929396628876	inactive
14.392713095945194	-1.194948349710254	0.2949778047124046	12.209302325581396	1.0930232558139534	1.5924688009577626	3772897595.9453807	3.9337200000000028	0.26199719053923276	0.838291501211225	inactive
14.63958856835638	-1.058986782984799	0.21579527966320022	12.113636363636363	1.0909090909090908	1.5684569640904693	8383535849.723798	5.698300000000005	0.08435412154606377	0.9571523119984747	inactive
13.86972604001171	-1.1176627194087512	0.3723704827381358	12.0	1.0256410256410255	1.730911344157031	412944578.03980017	3.9776000000000025	0.1887486339222607	0.8395865224822316	inactive
14.330350095189335	-1.0004073234231965	0.2515928239067992	15.761904761904763	1.119047619047619	1.5014102037730082	3436964729.3281775	6.225600000000006	0.33498872119586826	0.898312448740481	inactive
14.164084978031362	-1.1371004188712523	0.23363607662851518	12.547619047619047	1.0	1.7471489217642264	1747865767.0328062	6.500300000000006	0.062420641435861846	0.7647303973599284	inactive
13.899355669641338	-1.2413281578063333	0.36371003484059694	12.0	1.0	1.7664439946020687	564654055.1685687	2.9000000000000012	0.09147998696188686	0.7709521695749223	inactive
14.444176153390394	-1.1870166183757458	0.2840061703455275	12.11111111111111	1.0222222222222221	1.60310501693446	7980629206.64169	3.8295000000000012	0.023616713907182563	0.9110256246212687	inactive
13.850559373345043	-1.289514571260603	0.3580906832563759	12.0	1.05	1.7670649522279438	585854091.973609	2.295	0.18513909400021122	0.8845228741581757	inactive
14.255600945529473	-1.2033349605274208	0.2984154464333921	12.904761904761905	1.0714285714285714	1.7791038250457423	1613359470.0048847	3.4631000000000016	0.21591668744477	0.8291220358735685	inactive
14.260112472362426	-1.0330245863777614	0.23882228972456732	12.195121951219512	0.975609756097561	1.5414018792251998	1841553620.5800574	6.269900000000007	0.20404777585050524	0.9025245180298976	inactive
13.918586584229395	-1.23743123792727	0.3274777160695588	12.0	1.075	1.761576498758481	585854091.973609	3.278400000000002	0.06209837471972321	0.9399184308514508	inactive
14.33304094930876	-1.2258907575375833	0.2564567806946428	12.090909090909092	1.0	1.5911207502418867	5259754557.477972	5.445200000000005	0.19930951601920452	0.8011500736393481	inactive
13.930883447419117	-1.0394788254808096	0.2762715475019897	12.131578947368421	1.105263157894737	1.7204211646470304	304296091.352141	6.375100000000007	0.16964061710392286	0.8645011631216014	inactive
14.363917350795283	-1.0871447205425382	0.28650500978358034	17.295454545454547	1.1363636363636365	1.5072059939106428	8365005836.27616	4.443000000000003	0.14997750964580409	0.796358257943518	inactive
14.221918027917981	-1.1757456748131354	0.3042813322149301	12.19047619047619	1.0714285714285714	1.5663720729470743	2723925172.929401	3.625300000000002	0.12609690020266603	0.8269095063992142	inactive
13.857827891863561	-4.975425554127201	0.25322532570503103	12.560975609756097	1.024390243902439	1.7722443379648862	979017484.6620779	6.272000000000006	0.09053810322413551	0.7269703798954971	inactive
13.890559373345042	-1.2617367934828254	0.36201017966425914	12.0	1.0	1.7556775006296892	585854091.973609	3.2024000000000017	0.1915763117654064	0.9530856992899395	inactive
13.672411225196893	-1.1687053308977917	0.3838203262100196	12.105263157894736	1.0526315789473684	1.7175455445929833	299032326.47997284	2.934800000000002	0.06835761503622963	0.7384884482686611	inactive
14.216461678711632	-0.978762256445789	0.2800334558625081	13.5	1.075	1.5116105270925413	1168895621.482116	6.210400000000006	0.14294528159618475	0.824048988271134	inactive
13.911161225196896	-1.0475035168388345	0.33254358631718134	12.131578947368421	1.0526315789473684	1.7204211646470307	304296091.352141	5.561620000000005	0.1899180275552022	0.8501941357982175	inactive
12.15068350025195	-0.1221749811035524	0.752320865691682	10.375	1.0416666666666667	1.5948136847270233	398452.5971167722	3.6510000000000016	0.6835408216704109	0.9437282961058596	inactive
12.230207231040565	-0.008171296296296093	0.903076188716143	19.045454545454547	1.2727272727272727	1.5199765993789227	211228.65670125993	1.0615999999999997	0.5346633882527847	0.9098840284427155	inactive
12.875476662887376	-0.3735922146636439	0.5642162463056617	16.12	1.24	1.6932906477980207	672551.3442761905	3.631400000000003	0.3496884771711425	0.7453367099277336	inactive
13.491687845567267	-1.049458354329387	0.41535282190527456	11.588235294117647	1.0588235294117647	1.6661124773577696	70313769.20988177	3.9733000000000027	0.13059210089097398	0.6697397523232442	inactive
12.418518203577726	-0.06809618291761121	0.9239454965717002	15.0	1.08	1.617611861299512	571361.1313444908	1.8512	0.19766785358522393	0.8469066479770091	inactive
12.875476662887376	-0.2232237339380203	0.727162179324709	16.291666666666668	1.2083333333333333	1.6683265371901423	482583.8580970603	4.426100000000003	0.25282687141649296	0.9074062580275248	inactive
12.827290721844292	-0.30613189720332623	0.771185947060326	16.291666666666668	1.2083333333333333	1.6683265371901423	482583.8580970603	3.788000000000002	0.3666972546842459	0.891319886949398	inactive
12.176119535777275	-0.10846230158730141	0.8034989202914758	10.136363636363637	1.0909090909090908	1.7673689615295194	145315.50753931233	3.287680000000001	0.6419405573029181	0.9219623818289936	inactive
12.919458144368857	-1.71286859882842	0.7385471695653549	19.12	1.24	1.7309878180614306	673098.2449120169	3.4970000000000017	0.4470814112360713	0.8898597955492984	inactive
12.001088907785338	-0.31590122931888764	0.8141991036019534	10.090909090909092	1.2272727272727273	1.8720483383305233	94165.70811148729	1.2026999999999999	0.4870481110324546	0.8995569943611833	inactive
13.026113980716255	-0.227249490845721	0.6519096599801538	13.8	1.0333333333333334	1.5524752561326909	12743097.728398167	0.8050999999999995	0.2822147925383302	0.8708537904961162	inactive
12.180238882590071	-0.10995086923658337	0.7914090985550767	10.523809523809524	1.0476190476190477	1.8239931685626	85055.46262660317	4.069400000000002	0.534720390729781	0.9530622082121382	inactive
13.779462316466736	-0.9034436151003622	0.5149839020377996	21.97222222222222	1.1944444444444444	1.4238998223908492	279358299.8020455	3.708700000000002	0.2249473497590285	0.9420958878861847	inactive
13.732189703717932	-0.9057700039892509	0.5130592289905724	21.97222222222222	1.1944444444444444	1.4030188349507062	192104688.50181392	3.852800000000003	0.14503942183520402	0.8032450527840215	inactive
13.830977969024055	-0.9433955341395823	0.36346989751443853	15.710526315789474	1.131578947368421	1.4287163350882774	775371811.9004282	4.030000000000003	0.4237558148215609	0.9715067038133122	inactive
13.523620086923657	-1.095412624926514	0.3581648272676354	11.714285714285714	1.2857142857142858	1.6593413009637423	123573388.2604912	3.558600000000002	0.23636445423786556	0.9123726892105196	inactive
13.649411610999362	-1.0310938418577311	0.347935938104699	11.54054054054054	1.162162162162162	1.6684118153706358	276949230.82404774	4.268320000000004	0.14450175046726757	0.8514123500257629	inactive
13.663337977842396	-0.9455874170655927	0.4198341205705432	14.942857142857143	1.1428571428571428	1.4607721269037341	130743445.20606165	4.048500000000003	0.09804092753645295	0.8501225521494273	inactive
13.571359913468498	-1.1017102072310407	0.3612160462924562	11.5	1.1388888888888888	1.667867987452943	193026804.3395892	3.7494000000000023	0.12529630650119966	0.85879493441242	inactive
13.842142265761268	-3.8942100433036573	0.2853919204485087	12.121951219512194	1.1219512195121952	1.7804914421822773	1398934368.8041337	3.2146000000000017	0.47607305586691556	0.919300062857633	inactive
13.5824748826043	-1.0274798962794998	0.3629797883277317	11.5	1.1388888888888888	1.6544020373686363	195612960.3196272	3.959900000000003	0.11207088975169957	0.9047572706351429	inactive
13.84922429792445	-1.1296180293104905	0.3893475210272465	14.91891891891892	1.1081081081081081	1.4971194607606388	398136808.28675455	4.023900000000003	0.25394650097938704	0.8936293556766961	inactive
13.540761290627362	-0.972207787435962	0.39330571675889536	11.6	1.1142857142857143	1.640424044775408	114429936.8421354	4.259720000000003	0.13379366016978503	0.8612975817582447	inactive
13.77499409399256	-1.0099335999832035	0.39581622831796376	15.216216216216216	1.135135135135135	1.4577774173038152	433231996.52408737	3.754800000000003	0.15865096001717235	0.852480106232207	inactive
13.816115755620174	-0.9522540837322595	0.3995690616333251	15.194444444444445	1.1388888888888888	1.4875325048635466	283940707.0268642	4.438600000000004	0.2565087773404094	0.8434844096282449	inactive
13.929224297924453	-1.0496180293104904	0.38121435025431805	15.135135135135135	1.1081081081081081	1.4971194607606388	398136808.28675455	4.577700000000004	0.05787119036449406	0.8033524921798076	inactive
13.792468978657427	-3.521594302562917	0.29107018488375136	14.463414634146341	1.0731707317073171	1.4844085699764016	2595635144.0681663	4.672000000000004	0.41312047676145447	0.9155829527720194	inactive
13.754070215181777	-0.9439235848660463	0.5130592289905724	19.305555555555557	1.2222222222222223	1.4268448338411746	267684283.14949897	3.852800000000003	0.260787703307139	0.9260933603521042	inactive
13.606713355771344	-0.9010097526664993	0.5501862639629632	17.176470588235293	1.3235294117647058	1.6165830186865644	69100318.99974987	2.8453000000000017	0.2683945718734554	0.9105635633068211	inactive
13.763137990440029	-1.038611084866046	0.39244796983746144	13.432432432432432	1.1081081081081081	1.4992221457188535	433231996.52408737	4.028400000000003	0.42054846069877416	0.9317873033957028	inactive
13.67770939116132	-0.9554770828084325	0.33779305070375626	17.18421052631579	1.105263157894737	1.366129333362356	532024594.8432019	4.361100000000004	0.41775720606540256	0.8983316933588235	inactive
13.745378794168927	-0.9953559355841104	0.3664701773840318	12.527777777777779	1.1111111111111112	1.6899487369090271	173631450.0901383	4.820720000000004	0.17533472167307698	0.7773285660596975	inactive
13.630806326292888	-0.8671208637776109	0.4969949644544377	15.323529411764707	1.1470588235294117	1.6138549661595851	67800763.1320986	4.473900000000004	0.24684607509527262	0.9154741436291487	inactive
13.726003085552147	-0.857188890988495	0.5228817701261881	21.914285714285715	1.1714285714285715	1.4201894749413877	166512733.18143144	4.329800000000003	0.16761195683268315	0.8884297918358618	inactive
13.518561428333705	-0.8624912341479811	0.5586367862945766	15.06060606060606	1.1818181818181819	1.5993171856865063	49592618.15563165	4.083800000000003	0.17441768395229765	0.974810771828452	inactive
14.567094668294821	-1.0407594797178132	0.348742364809198	15.64102564102564	1.1282051282051282	1.4393065650365366	1108753955.3971024	4.169100000000003	0.14068856005865094	0.750412425336149	inactive
13.714798515761267	-1.1047427458637775	0.3364282414730551	11.837837837837839	1.135135135135135	1.5230602422865829	384500994.27188367	4.405320000000003	0.12478008062162878	0.8327478121029335	inactive
13.66672453616943	-0.8925388164525072	0.48919184285650036	23.38888888888889	1.25	1.3809183168209291	136927509.3488731	3.708700000000002	0.458588670111554	0.9654652285461641	inactive
13.735419264060589	-1.077248414798018	0.3484837625294772	11.837837837837839	1.135135135135135	1.5236092795615805	403547199.2410564	3.8424000000000023	0.24527396417936118	0.8337142332424575	inactive
13.473861656033584	-0.9424912341479812	0.5644940798061223	16.696969696969695	1.2727272727272727	1.5993171856865063	49592618.15563165	2.9301000000000013	0.19580950970464908	0.93158330616593	inactive
13.796943931798054	-3.4249507840443987	0.3564507935988646	14.692307692307692	1.1282051282051282	1.5352225695392396	818467686.1398803	3.675600000000003	0.2990559967209117	0.9327131909279809	inactive
11.547936153953469	-0.3858414888248938	0.7894444918426116	16.42105263157895	1.2105263157894737	1.8681093804357034	19796.80942943445	1.5731999999999995	0.2986283562585574	0.9281714574903766	inactive
12.689548651671668	-4.408862772445476	0.729889035861507	11.772727272727273	1.1818181818181819	1.9846842051084186	95669.69177226067	2.556800000000001	0.39786598206743273	0.8454228937848861	inactive
12.612902337945176	-4.502001261867109	0.927260520068736	11.08695652173913	1.2173913043478262	2.1341470467999017	100474.21771769493	1.6450999999999996	0.5508175844716039	0.8970944078504177	inactive
12.84927087389389	-9.759542217075586	0.6556488145301503	15.041666666666666	1.0833333333333333	2.02925963248139	138421.99924535237	4.195400000000002	0.5963257124645958	0.950110008452693	inactive
11.89185941043084	-0.09351851851851833	0.80896402110841	10.055555555555555	1.3333333333333333	2.0618064780775383	13295.946702989075	2.15342	0.5131234856991373	0.9539863350653193	inactive
11.872668178382463	-1.3699485596707819	0.9189872222861527	10.05	1.3	2.106644573912719	30843.5318013316	1.2796999999999994	0.4862051507969314	0.8831556179737722	inactive
11.933892668178384	-0.6199485596707814	0.9027007951105369	10.05	1.3	2.1066445739127184	30843.5318013316	2.0151	0.4568529594602196	0.8868684189724496	inactive
12.498407501889645	-0.17395678487444344	0.5352591178309777	10.44	1.04	1.6360956641169697	583355.3673685178	3.2394000000000007	0.34408463419487956	0.87634814006145	inactive
13.676467518347254	-0.9905333522297812	0.42865422230911343	12.085714285714285	1.0	1.7614165489781008	98540959.40653165	4.466600000000003	0.13189584021775297	0.6719586952896612	inactive
13.80937031438813	-1.317503516838834	0.3603723890895255	12.128205128205128	1.1025641025641026	1.7694075486404997	468649038.865172	4.556900000000004	0.1790746828639596	0.7769432981676316	inactive
14.044136073812748	-1.1308005794910552	0.3018234142798358	14.704545454545455	1.0227272727272727	1.5015392019033096	7592450216.11442	4.400000000000004	0.09593024607742778	0.7188191631971795	inactive
13.997017157375652	-1.1426524313429074	0.30544658541152697	14.279069767441861	1.0465116279069768	1.5081397038453654	5368332025.811456	4.4848000000000035	0.06397847013431454	0.822361145496135	inactive
14.59709128558831	-1.4887525720164623	0.24328550442661226	14.125	1.0416666666666667	1.538328683301339	70033208154.83891	4.7027000000000045	0.08992225753279622	0.8379252754424247	inactive
13.805319388462202	-1.144447961283278	0.3603723890895255	12.128205128205128	1.1025641025641026	1.7513583357898088	458741880.9602807	4.556900000000004	0.13234998022677902	0.8301475046887592	inactive
13.710837151122819	-1.353336850172168	0.37746991949018804	12.105263157894736	1.105263157894737	1.7388430215119017	318933499.95864475	4.175600000000003	0.3272861436413219	0.9432658911437795	inactive
13.84810645699332	-1.1311032900814644	0.32531311338216556	12.05	1.025	1.736827359281404	766197184.7055404	4.714200000000004	0.11713319487677382	0.8293629289499802	inactive
13.787033138777144	-1.6756516649869828	0.35903631434188926	12.125	1.15	1.801688198370889	638378713.8362228	3.557620000000002	0.22414802697769065	0.922143420539899	inactive
13.6354102096014	-0.5558071897772476	0.73344185574224	16.16	1.28	1.6749357004587393	707379.3239760897	4.532100000000003	0.4918928774723711	0.924229119171521	inactive
12.927418272864701	-0.2870508944318473	0.6597209287605736	16.16	1.16	1.6749357004587393	707379.3239760897	5.079500000000003	0.47722032607307135	0.9341077233855187	inactive
11.979276856901315	-0.37815913810682944	0.7760705272330045	19.17391304347826	1.3043478260869565	2.0893727439292973	109463.11360442606	2.9879000000000007	0.3087684984374684	0.7280976208634826	inactive
13.901716925100313	-4.316078322528465	0.16400243283769095	24.261904761904763	1.2619047619047619	1.5327687552031775	1990049828.6284673	2.3121799999999997	0.4346877268246173	0.9117863358121997	inactive
11.822865847759877	-1.4081783824640974	0.3241239499692836	28.304347826086957	1.4782608695652173	2.1344788408647846	128201.83896668816	-2.0861999999999967	0.3274561312644806	0.776143316178455	inactive
13.464597033257746	-1.437984339569161	0.6366875885857132	21.296296296296298	1.1111111111111112	1.6829919224474048	2544817.261467382	4.049400000000002	0.4292281831823936	0.8685823826970354	inactive
12.066722883597883	-0.05831506676744769	0.7499882961295296	10.65	1.15	1.7589737347978533	58939.201655083554	4.002500000000001	0.40842104063782514	0.8608398087855214	inactive
11.998945105820106	-0.1608150667674475	0.7991845879607776	10.65	1.2	1.7589737347978533	58939.201655083554	3.6624000000000017	0.4992250746665635	0.9294264462670031	inactive
12.263782596371883	-3.206354219156799	0.9261734393641617	18.91304347826087	1.173913043478261	1.7790549008053718	144006.7167137231	2.668400000000001	0.45306919819304686	0.8990859961533714	inactive
12.213134448223734	-0.642005385487529	0.9135351459492175	16.59090909090909	1.2272727272727273	1.7483623132549753	119527.26720028059	2.3698000000000006	0.5317896697448566	0.8784856807211445	inactive
12.395333994708995	-0.21460358577587435	0.9005357032636657	18.40909090909091	1.2272727272727273	1.758652702383797	104366.72086723387	3.9441000000000024	0.5120273400320559	0.8557218398552793	inactive
13.22594096889168	-0.25532656485796856	0.3646965546914206	10.84375	1.03125	1.510406858854747	18828434.46879826	6.235000000000005	0.4670174962039601	0.9292780362535439	inactive
12.23980253212396	-0.08511778785588286	0.7798342382094987	10.636363636363637	1.1363636363636365	1.8398376934109475	117435.83018712861	4.377820000000003	0.6027364773071953	0.9317324462585456	inactive
12.278093427185688	-0.12093836608717567	0.7856750944674603	10.521739130434783	1.173913043478261	1.8525485644647035	205664.6866233248	4.078000000000002	0.42478924280845953	0.9120727483646122	inactive
12.122244425547997	-0.13785210380448465	0.8051952011122818	10.523809523809524	1.0952380952380953	1.8039060510745435	80913.86414105113	3.464400000000002	0.32507002142720703	0.8544388570838567	inactive
14.182755109198562	-1.1547790690350213	0.5146267667184693	21.81081081081081	1.2162162162162162	1.482615215537886	255992504.11805844	3.462300000000002	0.174722768956281	0.7577969219246035	inactive
13.194283063534053	-0.3613950302343165	0.6313150619434027	18.03448275862069	1.206896551724138	1.4380375370146812	11503045.34677983	5.181800000000004	0.2634762259874126	0.9442607789232612	inactive
12.652581520518131	-0.11640804778701619	0.33359365823404774	10.733333333333333	0.9666666666666667	1.4440981712474363	7453382.81183328	6.444000000000004	0.3503994466689864	0.80525036457371	inactive
13.63451636752931	-1.0229469009826155	0.4076751685217047	12.2	1.1714285714285715	1.7167042935517185	103292484.87991501	2.2562999999999995	0.12218876229921512	0.8111803382125892	inactive
13.464597033257746	-1.437984339569161	0.6366875885857132	21.296296296296298	1.1111111111111112	1.6829919224474048	2544817.261467382	4.049400000000002	0.360930776549795	0.8227190824624432	inactive
13.628465765156957	-0.5640716525871647	0.7544587841469912	16.16	1.28	1.6749357004587393	707379.3239760897	3.927100000000002	0.45022987247100715	0.9229462450465477	inactive
13.718227433624708	-1.1848875380841326	0.35547420833342624	12.108108108108109	1.135135135135135	1.7253792151356815	220471602.01922825	4.183100000000003	0.14836910834060157	0.7633238990966387	inactive
13.860235825365248	-1.0800012597631643	0.29219777664267466	13.0	1.0975609756097562	1.3364954150822066	4151407995.3128633	4.160400000000004	0.08673569534846419	0.6792238850692873	inactive
13.636918461829175	-1.0900961094314272	0.3942323076136106	12.108108108108109	1.0810810810810811	1.6941281527867826	221547596.15236405	3.4074000000000018	0.0783443383557594	0.7527195260218917	inactive
13.746880746801832	-1.0903307403208198	0.3409519263336881	15.41025641025641	1.1538461538461537	1.462837161455536	1089139960.0353293	3.9068000000000023	0.38291115271216314	0.9230992437560959	inactive
14.46448589765847	-1.0638905685731086	0.29368280414943776	14.136363636363637	1.0227272727272727	1.5223063412525528	7047496994.687889	4.8918000000000035	0.045887880215890124	0.7926875324601648	inactive
13.895883447419116	-1.240919994541027	0.35519943584846675	12.0	1.05	1.7607657452202226	564654055.1685687	4.292000000000003	0.10189685483826412	0.6480519948233373	inactive
13.876183626228269	-1.2504630810657598	0.4593518268101319	17.12121212121212	1.121212121212121	1.5478296911768454	52780750.87305749	3.9590000000000023	0.08509611552255404	0.7377642709248847	inactive
12.069871031746032	-0.20494855967078163	0.8565993959743756	12.80952380952381	1.0952380952380953	1.7447563424165835	82676.03611470504	0.6798999999999995	0.27696626438620836	0.8501374685396738	inactive
14.198160731030498	-1.0435315754388168	0.3239631981195691	16.575	1.15	1.3587599958013503	1411167651.2268996	2.239799999999999	0.39117428296091805	0.9505523843921948	inactive
12.568351236333907	-3.7496170666290465	0.6038109384413629	19.166666666666668	0.9333333333333333	1.4018382086524785	5485173.978948256	0.7252200000000018	0.337263086067162	0.8831266768583395	inactive
12.538413721970269	-3.636085719009825	0.7971282356368949	11.818181818181818	1.0909090909090908	2.238695089388102	74980.32885556866	4.082360000000004	0.11194433171633997	0.8121495256440564	inactive
12.667799193751573	-3.91813368397175	0.7241634224584719	23.346153846153847	1.1923076923076923	1.706286811443098	525290.93817136	-0.548799999999998	0.4597609943602082	0.9063620431172292	inactive
12.40015695861678	-3.8391778208196867	0.5692293262543775	12.346153846153847	0.9615384615384616	1.731858908312023	923923.4543546869	3.927800000000003	0.5554367965201596	0.8818922136003337	inactive
4.7098598968972345	1.0107781662047535	0.7234463120807101	17.304347826086957	1.0434782608695652	1.4044157278019986	378709.86051243	3.3919400000000017	0.2331568833770733	0.7297220384705222	inactive
11.772853363567648	-4.316147880448473	0.4172021599610088	12.25	1.1	2.8240753288606553	14732.917516353755	1.3279	0.290482360849407	0.9171722664009827	inactive
5.444044784580498	0.3951662887377174	0.5654534001797089	11.125	1.0833333333333333	1.8054047298800242	607871.2917149013	3.4384200000000016	0.5516054549737464	0.9122152154202422	inactive
12.231947488872093	-3.9384555403377557	0.748992439747958	17.73076923076923	1.0	1.726851927662192	612538.4253516482	2.5623000000000005	0.30057225370701257	0.7811755185524374	inactive
12.701995307382212	-4.104226540048043	0.6000519122337806	18.074074074074073	0.8148148148148148	2.2151832286925273	548949.0805762243	0.32040000000000074	0.3458747925398413	0.8171405297779528	inactive
11.961442350088184	-0.3255942670277985	0.9118767391542403	10.55	1.45	1.9697688867131673	39772.90427158525	3.5263000000000018	0.6572250425371644	0.9350794222634601	inactive
11.278462030755778	-4.047514576956764	0.6153192181361548	16.344827586206897	0.896551724137931	1.4493275045236185	5797499.564312489	3.9277000000000033	0.5548944262262699	0.8967514134112737	inactive
12.233017998866213	-3.4933862433862433	0.8570026932217674	30.105263157894736	1.368421052631579	1.667172861366755	32463.17547980375	3.2585400000000018	0.42794812099057755	0.8586028896700417	inactive
12.610381465092415	-4.048317088530156	0.7707937099695886	16.96	1.04	1.7463631470268821	419809.4944352519	1.70332	0.4411659445635483	0.907653588147618	inactive
13.14999433106576	-0.2647165532879816	0.6855322392888225	21.458333333333332	1.2083333333333333	1.627258507577492	810079.2414300243	3.096420000000001	0.4582912660966274	0.9150485679856136	inactive
13.569118142793286	-3.415332157554379	0.7668477423894233	15.96	1.24	1.8638122946011995	708894.5910553241	4.513600000000004	0.3861172306340771	0.8907013156602493	inactive
5.895055508314437	0.5082154142521205	0.49288293863626953	11.12	1.12	1.646661857997591	1119388.456497549	5.043420000000004	0.5637583502827899	0.8303796476823607	inactive
12.103940237360376	-4.151089308452222	0.7304279905183244	16.8	1.16	1.855839784554776	218801.15110272416	1.7191200000000002	0.36858250052517966	0.892885555700675	inactive
11.982052429768205	-3.7308901932686642	0.7701523909277305	12.454545454545455	1.1818181818181819	2.244016743838787	80473.91041922424	3.4577000000000027	0.13900322370330703	0.8057427324220058	inactive
11.9785369425548	-0.18859284454522518	0.8036966931789592	10.65	1.3	1.7589737347978533	58939.201655083554	3.0574000000000003	0.6273014426253491	0.9424612381142701	inactive
13.34375251952633	-3.8100002886957234	0.6789517800686669	16.75862068965517	1.0	1.5758336933681993	5364130.759817584	0.6086999999999998	0.3298321081501839	0.7806630065359145	inactive
13.305699798437892	-3.611776554757703	0.7676258800284551	17.296296296296298	1.037037037037037	1.573501060644229	2345437.8749633967	1.6687	0.14079641709223087	0.8202109337935557	inactive
13.435368008314436	-3.6178965760686963	0.7186556032472047	16.82758620689655	1.0344827586206897	1.5671318565086225	5793426.6206562435	2.8873000000000015	0.1217483807472315	0.7712376406391654	inactive
12.633939629494284	-3.887572147686234	0.6319790453439106	12.592592592592593	0.8888888888888888	1.6439184340131296	2395903.19378276	4.388400000000003	0.21064299101653064	0.740818656341402	inactive
12.089908982111364	-3.79035837637524	0.8463499904978229	13.136363636363637	1.1363636363636365	1.9482187684058194	152804.73077203406	2.6865000000000006	0.19687324719973584	0.6656496296009435	inactive
13.113242315444696	-3.7258676356345	0.7936699585178915	17.23076923076923	1.0	1.676958777358875	1560602.1601798364	2.0151999999999997	0.18667071184701736	0.6910906105907999	inactive
13.410827541922117	-3.6482999539836496	0.674345401911514	17.0	1.0344827586206897	1.574118789586926	4937906.904097572	4.185500000000004	0.42804522906745684	0.9581109882631836	inactive
13.062131204333586	-3.5487843023011663	0.8401322892684088	17.72	0.92	1.5441962822341069	848824.4344399961	2.2346199999999996	0.43297587246962066	0.9120777615807933	inactive
14.468502386722882	-0.727686679893605	0.5128131431677084	12.342857142857143	1.2857142857142858	2.3589329063417797	47306957.909390934	1.7623999999999997	0.448625209167376	0.8060209881842808	inactive
12.854002924564375	-4.58062614579128	0.5951986162237015	12.9	1.3333333333333333	1.8028488786751309	4472300.178400558	2.20448	0.3464793575307241	0.8724937161821702	inactive
13.15192549897855	-4.655018598000806	0.5573717861188611	11.65625	1.25	2.332414638338861	11418171.379758308	2.632480000000001	0.5756096585731213	0.9403883505140171	inactive
13.849490845721006	-1.1450719114806416	0.7445178134487548	28.76	1.44	1.6209038208040698	641930.3915007361	0.7161799999999996	0.4152483031354892	0.8922576391858401	inactive
12.16167753212396	-0.30237021142504505	0.8086186690310061	10.590909090909092	1.0909090909090908	1.8563992021167592	120062.31594523547	2.9918000000000013	0.597125326359202	0.9163541791482396	inactive
12.563035714285714	-0.3390943877551027	0.9236202749122724	16.545454545454547	1.4545454545454546	1.8591223489971958	107834.00163105746	2.6218200000000005	0.4195270638957472	0.8214284777079026	inactive
13.074658284965203	-4.477046937066327	0.6185794266919556	16.357142857142858	1.1785714285714286	1.6922127295788203	2169519.858283494	5.411800000000003	0.21261593335839576	0.8612662117108293	inactive
13.018633542930154	-4.612367748371523	0.5726151289951628	11.0	1.0	1.612705592175663	3755313.0681347772	5.030500000000003	0.1841036486126391	0.7090736829190851	inactive
12.55676634542706	-0.3036026077097511	0.8917528949187631	16.545454545454547	1.4545454545454546	1.8408655754709151	109432.88920123315	3.13042	0.31973242767210036	0.8822480260175872	inactive
13.05668302384978	-2.7275741948013783	0.9290030063818162	16.82608695652174	1.5217391304347827	1.8705776014208166	190379.11754887633	3.515900000000002	0.3358699358417282	0.8375807749573418	inactive
12.823783068783069	-0.28253495842781606	0.9228056503287314	16.083333333333332	1.375	1.872616460189353	271686.68191652425	3.614220000000002	0.4333942648367299	0.9097593421902433	inactive
12.609910714285714	-0.2922193877551027	0.8917528949187631	16.545454545454547	1.4545454545454546	1.8591223489971958	107834.00163105746	3.130420000000001	0.34915090733364224	0.8791466114624948	inactive
12.517714474678762	-0.08540123456790094	0.8545475380255432	13.952380952380953	1.1428571428571428	1.8629536052513882	72278.38058770756	3.0409000000000015	0.48986519687045804	0.9465834266294885	inactive
12.36477843915344	-0.055444696397077164	0.8542764833010624	13.952380952380953	1.0952380952380953	1.7642147398234362	73744.86291574904	3.1076000000000024	0.6655160446282246	0.9687802267948417	inactive
12.558825585789872	-0.5109154453962657	0.9264181520943213	17.428571428571427	1.2380952380952381	1.8460001792214455	72278.38058770756	2.832700000000001	0.5032515086391345	0.8866168944573879	inactive
11.946211262282691	-0.1977721088435378	0.874255122903105	11.823529411764707	1.1764705882352942	2.0633456699748876	10090.555572179177	2.2188	0.44065624376729434	0.9228074942845911	inactive
11.946211262282691	-0.1977721088435378	0.874255122903105	11.823529411764707	1.1764705882352942	2.0633456699748876	10090.555572179177	2.2188	0.5904429559111751	0.9694756334263835	inactive
11.946211262282691	-0.1977721088435378	0.874255122903105	11.823529411764707	1.1764705882352942	2.0633456699748876	10090.555572179177	2.2188	0.43044301035496013	0.9176216002503318	inactive
13.313882660044936	-3.7515780339339577	0.7723492256254192	16.115384615384617	0.9615384615384616	1.617502653151247	814410.2619767581	2.3720000000000008	0.38079621319325124	0.8265834324320102	inactive
13.069922891996306	-3.6901851851851837	0.8201080572884196	18.61111111111111	1.1666666666666667	2.2768026430004022	11976.905073589864	1.5694000000000004	0.43174791957407177	0.9487648647727875	inactive
12.989675978416058	-3.666851851851851	0.7990693610869555	18.294117647058822	1.1764705882352942	2.2737583285410707	6872.646544687321	1.1793000000000002	0.11063294790413444	0.8517047685577873	inactive
11.980046296296297	-3.3425	0.7837613243212523	19.333333333333332	1.2666666666666666	2.204125251612493	3765.4536100036116	1.1017000000000003	0.36050311479330927	0.9024320559622196	inactive
13.131467547303586	-3.71084762377173	0.7772420950708316	16.95	1.25	2.1330948600313064	30450.77379938167	0.8446	0.10832878362919912	0.7104836980326775	inactive
12.132824074074074	-3.3658333333333323	0.8083149487604369	19.625	1.25	2.208587586479221	5453.058391945432	1.4918000000000002	0.17921551353657544	0.8814842506533807	inactive
12.207138290501387	-3.3864957719198787	0.7711438315262026	17.666666666666668	1.3333333333333333	2.0637500504072035	16742.980277106268	0.767	0.3591718199968576	0.8907229922754926	inactive
12.198313492063493	-0.14354371378180875	0.8042239506520825	10.636363636363637	1.3181818181818181	1.8234324182344632	147663.78221517944	3.177500000000001	0.42931916717555874	0.8680063115161599	inactive
12.93931319286974	-0.26406827391450416	0.8827758555732642	21.2	1.28	1.606621694726501	882000.1209298887	3.446500000000002	0.3576759742298265	0.8089923190448584	inactive
12.335610512723608	-3.44834762377173	0.7660758391367819	17.157894736842106	1.105263157894737	2.0949521781203746	21872.460018169077	0.7055	0.4279481470519408	0.9574464102989722	inactive
12.350916635172588	-3.5516639503023417	0.8089289961618034	18.8	0.9	2.1367272922327025	29487.484262947855	0.4661999999999997	0.45256931301058245	0.929996387168746	inactive
12.312386463844796	-0.2377560112913646	0.5995709351707056	11.208333333333334	1.2916666666666667	1.5685620085591523	583658.4876621477	0.9677000000000002	0.5802144632753479	0.9246538048100639	inactive
4.452590328265487	0.5549792139077855	0.7355418959513029	19.28	1.12	1.5463688006351388	862558.0965709717	2.53352	0.5499524595324033	0.9133908548720437	inactive
12.86165658856135	-0.0682582199546482	0.5823781816626225	11.041666666666666	1.0833333333333333	1.662458764384725	614994.9591708091	2.5497000000000005	0.12929141591943247	0.6825927431155359	inactive
5.326761190982872	0.4049034706475181	0.6165956532169674	11.0	1.0	1.6406291036782237	427714.14115446305	2.0948199999999995	0.19508543779771811	0.8841295172916571	inactive
12.257553382464096	-0.1956802721088431	0.5936442959934726	11.285714285714286	1.2380952380952381	1.6406938320776423	140844.9050568347	2.4533000000000005	0.7417425807321565	0.9048631788504921	inactive
12.378746317231617	-0.17600445116318153	0.5856796520238692	12.36	1.24	1.3919804512778615	1010515.3504050937	2.7059000000000006	0.2657792117779472	0.6952057147770643	inactive
12.564191546989166	-3.943737363000754	0.5631589093970716	11.88	1.12	1.7384976368694456	640332.909572552	3.073800000000001	0.20158410266044344	0.6543164588394197	inactive
12.66247937137818	-0.053880385487527827	0.576548994255886	11.25	1.2083333333333333	1.5749344736109463	555182.7516750776	2.850200000000001	0.2942951486677521	0.7683284013096778	inactive
12.476046941924919	-0.1319430272108839	0.6295659062022803	11.391304347826088	1.3478260869565217	1.6023093930703658	333898.2056754691	2.5903400000000003	0.38257939772342264	0.7974429821506064	inactive
12.488066893424035	-0.7067412551440329	0.5936966022875311	11.090909090909092	1.1363636363636365	1.777823769588207	227838.43832546409	2.4837999999999996	0.4266400541096234	0.9321666981082365	inactive
5.997691744716455	0.3490761736793482	0.5758609440461024	18.96	1.2	1.3672663970431098	1613350.1262131797	3.2501000000000015	0.5612335718062118	0.9454053015210259	inactive
11.290193466444888	-0.4442763979380142	0.625002251598456	12.583333333333334	1.0833333333333333	1.7247801548506771	481876.08476504585	2.5391200000000005	0.42585147092448894	0.9311073994426988	inactive
12.719719230284706	-4.0355228410808754	0.5298691108656788	11.92	1.32	1.735243681991706	724081.3885498026	3.238800000000002	0.35569523769139466	0.8888958183384411	inactive
5.124998637021301	0.5674902902573842	0.6161111929207109	11.083333333333334	1.2083333333333333	1.4854378684301441	627755.3878146489	2.3338200000000002	0.48848341064565787	0.8810518051573438	inactive
4.656544994541026	0.2101785714285711	0.6219144646985614	12.772727272727273	1.2272727272727273	1.4986350809297422	241232.6765882021	2.1720999999999995	0.40877347973346345	0.892298897868337	inactive
12.642719513731418	-0.23306169690098222	0.6256110147142288	10.96	1.16	1.7933722801425385	905099.6247092093	2.6905200000000002	0.2603333682211436	0.7004589081801523	inactive
12.668462144116907	-0.34701026706979143	0.6214305558346795	12.583333333333334	1.0833333333333333	1.6676754362748911	561131.0245545362	2.5214000000000008	0.38053921157000964	0.8286471844287145	inactive
12.610709377886959	-0.6297514883315196	0.6167761031666019	12.36	1.2	1.6300558150260858	821219.2771037078	2.1844	0.386508614343369	0.884309056566493	inactive
12.416510298563871	-0.20348172293608768	0.6229875665860581	11.083333333333334	1.2916666666666667	1.553278599039115	539139.0245130518	2.752020000000001	0.7138082358563581	0.964001332314565	inactive
12.400395093222475	-0.46363185729347367	0.6845505646809585	12.304347826086957	1.391304347826087	1.89843032387856	202273.49829429807	1.0036199999999997	0.589545174633297	0.9705544607375441	inactive
13.322178505370939	-0.3341206573308846	0.6282510637153874	11.391304347826088	1.434782608695652	1.588981817261904	326383.71641551156	2.6028000000000002	0.6246437293959894	0.9578274938430388	inactive
12.577403995548837	-0.33336125808348016	0.6066918713655948	11.12	1.2	1.71345547485725	697150.9516156497	2.0690399999999998	0.598641776240545	0.8858525637040233	inactive
12.466441822766296	-0.06558466892521686	0.6260607455458352	11.32	1.04	1.8017545667976864	794087.6645701723	2.8101400000000014	0.3192800896525104	0.9183603298402432	inactive
12.447128054925674	-0.2237211829176109	0.6171643639936183	10.833333333333334	1.0	1.659784439167492	477767.7712173513	2.957700000000001	0.786293287923881	0.9963885196267972	inactive
12.301313145628622	-0.3873644179894178	0.5327300991117093	11.75	1.0416666666666667	1.6727888840783476	562398.9496799787	3.3750000000000018	0.27606092200982935	0.805027625118146	inactive
12.419138636936253	-0.5302517951625092	0.43477479175303885	11.16	1.44	1.6643708429668382	792485.2453080075	1.7665199999999994	0.10195242567026351	0.8317122485158923	inactive
12.211844608213655	-0.2885246598639455	0.624550664335017	10.909090909090908	1.2272727272727273	1.554152736065734	266611.70965244947	2.5616000000000003	0.7490553753809092	0.9483693764371339	inactive
12.322101088120434	-0.3551573129251697	0.7753508460138601	10.363636363636363	1.4090909090909092	1.8728069346649365	148698.12235744885	2.2051799999999995	0.7090115962615899	0.914147499218553	inactive
12.25581994834971	-0.44435989628991	0.5647825442845092	10.833333333333334	1.2083333333333333	1.5886632465995902	581896.1776519555	2.7257000000000007	0.07700894204396873	0.8504035814913877	inactive
12.17935405643739	-0.11115945452254938	0.7981860574755895	10.409090909090908	1.1363636363636365	1.7412139267407507	167557.86819298082	3.706900000000002	0.21298073306728377	0.9138956025435915	inactive
11.105628566908399	-0.48711212503826107	0.7082223074855837	10.523809523809524	1.0476190476190477	1.7653939345336216	82349.15704018768	2.5767000000000007	0.6843631016286339	0.898711312602976	inactive
12.573411297229839	-0.5154797415840433	0.43938677231305484	13.225806451612904	1.032258064516129	1.4540505441889275	16294457.702823987	4.007100000000002	0.39073169434816013	0.8029831227818143	inactive
12.542999697596107	0.24107916327432988	0.667536597075396	15.333333333333334	1.0	1.2109804506703092	2891942.6240233206	3.996000000000003	0.20106204521247703	0.730178271322726	inactive
13.167316477146922	-0.44814036095511534	0.5526712076563006	11.793103448275861	1.1379310344827587	2.134220313058218	3940033.752506728	2.09966	0.6045883206156183	0.9060646437398058	inactive
12.942050946921977	-0.6784906987486357	0.6554389288717232	16.357142857142858	1.0357142857142858	1.686462940921426	3133218.3379102205	2.5191	0.3538327142621942	0.9282835179024491	inactive
12.891154166576854	-0.5952950555724519	0.6143088249990822	11.041666666666666	1.2083333333333333	1.5222072161246352	589374.3326822779	3.624900000000002	0.6900699711218835	0.9762198306268818	inactive
4.863962158172115	0.973919808097228	0.7338742936859728	15.68	0.84	1.455861057323346	750577.8856068414	3.5688400000000025	0.3439698272543186	0.7425734589858057	inactive
12.434084309649787	-0.5133639161160943	0.7450264726210652	13.56	1.04	1.6683441972597979	502325.915601522	2.10062	0.6107540915175854	0.937534214869748	inactive
12.038274054622358	0.06388272129839656	0.6969341045181194	15.863636363636363	1.4090909090909092	1.750568183398776	186466.4994684672	3.310900000000002	0.699298342892261	0.9119634764095212	inactive
5.175617562235077	0.8310164714033762	0.7984107894376086	16.285714285714285	1.2380952380952381	1.5367902423796778	186071.88410233913	3.4452000000000016	0.3084871604112362	0.9075008826480346	inactive
12.352533313881619	-0.30968209351641884	0.6107611118936898	11.28	1.28	1.8681793515410718	1043587.4568886508	3.1906000000000017	0.5352393674268111	0.8291316497975965	inactive
14.065917781185743	-0.9183195021835893	0.7899346519677591	15.75	1.2916666666666667	1.6051459548339457	249624.5146614439	0.8051000000000001	0.33799656523771604	0.810285235786604	inactive
9.589380497582157	0.704059503941358	0.6368900661556405	17.291666666666668	1.375	1.7650084235632906	535230.5997427258	5.284900000000004	0.5442523533657572	0.8686243702350345	inactive
12.826224112734703	-0.3328941044512619	0.7942028999655415	16.130434782608695	1.1304347826086956	1.7243931409822968	147568.7770639864	1.3274999999999997	0.6261612626631643	0.9357278112068818	inactive
13.045663087758875	-1.0449528575778715	0.7700539606048503	10.695652173913043	1.0	1.6262739582832813	198448.5047959604	1.7143000000000002	0.6507164813617683	0.9306923999601169	inactive
11.823496752899711	-0.7669777579743993	0.6614648006343905	10.4	0.92	1.5860081835135165	557616.006726702	1.5760999999999998	0.41110591986248407	0.8482030060176128	inactive
10.692036280653184	-1.1583026433897443	0.7446010796289197	10.727272727272727	1.2272727272727273	1.5967321914592612	195671.21384008531	1.4205999999999996	0.4755047026720472	0.8950169079191388	inactive
13.451655320989737	-4.447028763984933	0.8255998103086036	20.85185185185185	1.2222222222222223	1.8339503972168614	1090330.0498928893	2.452	0.07814622264576683	0.8044079830932004	inactive
12.498690721289023	-0.25506616840720286	0.8759140166774033	24.125	1.2916666666666667	1.3876625280063604	690476.9333335817	2.078	0.5853471080947747	0.9261845274829229	inactive
4.3044425513292754	0.6731867283950621	0.7944262721332375	10.571428571428571	1.0476190476190477	1.7619219284379448	104069.51515194905	3.329740000000001	0.29947972918833066	0.7514187555407171	inactive
12.807280119887512	0.04511976729779721	0.8331601333643838	22.423076923076923	1.0384615384615385	1.4226980029070575	1222769.1948051795	1.5462	0.5739355866793856	0.9071012222395224	inactive
12.284260125346435	-0.3524641119329075	0.9044520548379081	18.5	1.3636363636363635	1.5632300658267777	157268.27186012184	1.8374999999999997	0.4254669529063848	0.884795821573247	inactive
12.619221623834719	-0.08029389224825745	0.9259899061380821	21.12	1.16	1.4136938972888287	1145318.0850572465	2.1618999999999993	0.20771093550181105	0.810917027967773	inactive
12.174665847820611	-0.3536078042328039	0.5616383840785599	11.136363636363637	1.1818181818181819	1.9325351124068548	240514.9514147061	2.3483	0.5615145603865468	0.8400996311439801	inactive
4.681909407281431	0.7132637687255288	0.7243191559685124	17.73913043478261	1.173913043478261	1.5558668035753318	519332.292801194	3.4022400000000026	0.5288635681613068	0.9397403202116968	inactive
12.392199782690852	-0.2232663034349538	0.5828558258431203	12.0	1.0384615384615385	1.649522083513655	1923848.4207816138	3.519800000000002	0.49782062619510586	0.9143992848146796	inactive
12.452500551146384	-0.40821624650268196	0.7669547558477355	13.166666666666666	1.2916666666666667	1.4838048267659523	605637.2524626461	0.8185999999999993	0.37404644921030955	0.8324175390581012	inactive
12.134367922725156	-0.4718686901222078	0.7623531587917066	21.304347826086957	1.3478260869565217	1.5685456899747554	210758.38730706836	0.6209000000000013	0.552955965405601	0.9105817357819223	inactive
6.126441833935219	0.13412037037037017	0.902563815929657	17.72222222222222	1.2222222222222223	1.9007573857976228	21921.857054833526	3.0657000000000005	0.6143061853209459	0.9081832110523531	inactive
4.63020696307368	0.37750050210613917	0.8277086402960889	17.652173913043477	1.3478260869565217	1.564228456040109	274310.37544658844	1.2926999999999993	0.4603748747664406	0.8773271740450903	inactive
12.935929547745024	0.34327239229024986	0.9043040743180194	24.44	1.16	1.4151692323172882	1181481.9127682624	3.575800000000002	0.3869000487001407	0.9032846083465237	inactive
6.1714474975192255	0.5558191172559557	0.8631613737820151	18.0	1.368421052631579	1.5717184543468745	43996.70015000713	3.7867000000000033	0.5427938341028036	0.8992638029545353	inactive
12.703750472411185	0.06373241580582789	0.7875109688684745	12.26086956521739	1.2608695652173914	1.7908164661557264	278878.01793038356	3.110100000000001	0.06427179360027284	0.7405206723133627	inactive
12.35898538353715	-0.0157702477863908	0.9345475481933179	17.44	1.12	1.281100612134505	1078556.5910389093	3.388200000000002	0.30588588670110817	0.7923747269472697	inactive
13.249043039175163	-0.8001678011909787	0.8102546587890298	14.0	1.1363636363636365	1.88123677847846	109544.45942622286	2.0732	0.19738842076851498	0.7784456493328219	inactive
13.148854875283444	-0.2111895313681036	0.8589393400193418	19.125	1.2083333333333333	1.8941656034989514	350450.11040249537	3.9507400000000032	0.4832635698028008	0.9362266864264414	inactive
12.578226647140337	-1.0379576601993075	0.8972646724970943	19.48	1.24	1.676487521894199	519458.93985435873	1.5625000000000002	0.6123475637218726	0.9569750536980781	inactive
14.337285997732426	-0.4828273809523804	0.9262248039661909	17.772727272727273	1.1818181818181819	1.8576494600776334	138736.21885277258	2.9743200000000014	0.6029823251876861	0.916652167868814	inactive
12.990310216679262	0.06988992819350015	0.7883653955081485	18.25	1.375	1.595851513972045	568964.4176994979	2.8535400000000006	0.39404520860074566	0.878957749094375	inactive
13.613894242882338	-4.048626936885862	0.47025529826997986	11.7	1.0	1.8798685351073365	6287774.440334884	3.610820000000003	0.2122208378534219	0.6689795627343983	inactive
12.783738977072309	0.0691548563869997	0.864526666711322	21.25	1.125	1.4430786951412924	817294.1740421358	2.0538	0.7179536752444771	0.9798446515800296	inactive
12.425341605778113	0.0960000419921061	0.8368653772943887	16.19047619047619	1.2380952380952381	1.6251605911545668	97338.54352174904	2.5245200000000008	0.5955394017331286	0.9455559990904613	inactive
12.707919737339381	-0.11296485260771005	0.7952291580168486	16.0	1.04	1.7643619736290252	698876.8437191792	3.1526000000000014	0.42471929393614094	0.8436069927844945	inactive
12.225219076458252	-1.0543843225293894	0.6803597609262376	14.74074074074074	1.0740740740740742	1.4582353107003416	1297731.666807659	-0.04049999999999976	0.2995353648791419	0.6984784030795596	inactive
12.294824420508945	-0.7270664631784751	0.6861012628298311	14.666666666666666	1.0833333333333333	1.619638621413998	306637.6206713198	-1.4118999999999977	0.2468872461173492	0.744261539913896	inactive
13.545454109916593	-1.1732591764896958	0.8069008319257547	10.454545454545455	1.0909090909090908	1.7828424659202793	168034.18869723953	2.6313000000000004	0.7936465006426223	0.9707859499566884	inactive
13.949130620261574	-0.23851382824326572	0.6446430995766858	16.77777777777778	1.2962962962962963	1.5225572602479591	2304761.345339084	2.908900000000001	0.11296904944503845	0.920180599714568	inactive
13.358297377593013	-0.38590891912320546	0.4532378906857432	15.32258064516129	1.096774193548387	1.6567689575440805	23647619.168837868	3.641700000000003	0.22845832471273747	0.7178767326670853	inactive
13.436887652724593	-3.811377171226107	0.6672581818782071	17.5	1.1666666666666667	1.6201197880865825	5817040.330289513	2.935760000000001	0.622629013961547	0.9352376885357463	inactive
12.180700113378684	-0.6742479213907784	0.3996385852121705	10.44	1.2	1.787649627325495	538000.8415821529	2.903600000000001	0.44760375601504987	0.8421345172619418	inactive
12.872017195767196	-0.4464279719131812	0.8045558907790921	19.928571428571427	1.0	1.3843844199867545	3268862.8486697786	0.037400000000000544	0.33742058022933796	0.84140602399155	inactive
12.650100833543291	0.050738623638756364	0.4421042761275172	11.416666666666666	1.375	1.576306295927387	518378.8539010775	4.005120000000002	0.2670177680346558	0.8225996996140086	inactive
12.703106497228521	-0.5815930886243388	0.5666457308220577	15.52	1.0	1.490137884151585	740935.0445245297	4.0157000000000025	0.18293978517123588	0.8580597258270275	inactive
12.37472755871896	-0.440274943310657	0.6331957505648432	15.434782608695652	1.3043478260869565	1.7012030072771456	275188.93290716346	2.1368	0.38467645494630265	0.7771908345229753	inactive
13.030372820054456	-3.912348736562526	0.4961228103550499	15.448275862068966	1.3448275862068966	1.6463334158291305	4364810.285747844	3.9109200000000026	0.592951582343693	0.9370053267017239	inactive
12.996536753590323	0.046252834467120696	0.8421987514967777	27.869565217391305	1.434782608695652	1.600225106601026	391023.9070430714	1.6004999999999998	0.24907161323197366	0.8295465685353369	inactive
12.574011243386243	-0.4825434618291762	0.610547458425796	11.041666666666666	1.2083333333333333	1.7797348937198005	521019.4422186647	2.8649199999999997	0.5881404658667821	0.9893800857124468	inactive
13.360503790051396	-0.3780515593646909	0.6235779110028146	10.96	1.2	1.7091229954643472	948026.238393604	2.5454	0.5329647915599971	0.9138154515974297	inactive
12.363560230676633	-0.5553645467251302	0.5999986566223368	11.208333333333334	1.2083333333333333	1.603371886547598	496920.56878667953	2.4303	0.21532464493809042	0.8641022057517999	inactive
13.060184564901167	-0.3562713109935325	0.6237811737545229	10.96	1.2	1.594697829632568	898816.7736144199	2.614820000000001	0.6675679232427759	0.9222493547945494	inactive
12.649206585411942	-0.09881519274376416	0.5817064826288094	11.391304347826088	1.3043478260869565	1.6280256438565726	351911.54330450133	2.6241200000000005	0.5055128439058512	0.937805775004535	inactive
13.95583534639496	-0.49857391512874893	0.7706924522236294	10.625	1.2916666666666667	1.8655918254284287	288575.5105022713	4.217100000000002	0.2839804982976466	0.788786581707487	inactive
12.856553130511463	-0.31972374443604656	0.7820209255930266	15.96	1.28	1.6077551069251097	991220.8385889662	3.425500000000002	0.40096450879485535	0.8629730284870616	inactive
12.137918871252204	-0.12510673868312727	0.8042239506520825	10.636363636363637	1.3636363636363635	1.7641760826264659	145012.55341124276	3.177500000000001	0.5317208343767804	0.9351114402604619	inactive
6.29063486366216	0.12046473450491302	0.6288685369407935	22.2	1.08	1.5629246379644182	1260083.6358327863	4.818800000000004	0.4889048569777136	0.9658960546622136	inactive
12.376511637062233	-0.14689670466952198	0.7476964386599292	10.52	1.12	1.8874063240075434	499796.6625700981	4.086600000000003	0.31630665408389835	0.802136751830078	inactive
4.5654403359351186	0.6930516975308642	0.6050383543781344	11.25	1.1666666666666667	1.4579437445795531	595275.1833368995	2.6595400000000007	0.2986685071535719	0.8608946228412757	inactive
12.160621220710507	-0.39820908919123155	0.577543721495325	11.0	1.2608695652173914	1.5142142124517892	357701.5753607649	3.6819200000000016	0.23599368228668938	0.7618673480798894	inactive
12.48386936255984	-0.30794467015201143	0.5779951512146488	12.541666666666666	1.3333333333333333	1.6072673483767108	544995.0806354715	2.6531900000000004	0.4805462843052478	0.9087477178813463	inactive
12.284980348735758	-4.413328587933046	0.6614075014675231	11.407407407407407	1.1481481481481481	1.7527548375556559	933567.4954184847	5.010500000000002	0.5764960019881523	0.8774240873313371	inactive
6.527861057709993	0.07133397108843509	0.5553509017497348	21.846153846153847	1.0769230769230769	1.5829036060398651	1816096.2780277082	5.4722000000000035	0.42117880922090406	0.8665421833235827	inactive
6.311415396260874	0.11441787131519265	0.5983454223257804	21.846153846153847	1.1538461538461537	1.582903606039865	1816096.2780277082	5.127220000000004	0.3257533521941516	0.8296305649519714	inactive
13.248248439293413	-0.599464106373002	0.6775817595341509	22.923076923076923	1.1153846153846154	1.5406981659230456	1051357.8175784955	4.972900000000003	0.36303892233803486	0.7581447753772256	inactive
13.223326955782314	-3.7765866784296604	0.8276099487123205	23.185185185185187	1.2592592592592593	1.73627299714741	1321215.2582196896	3.5862000000000025	0.2981442562225921	0.8465415407888299	inactive
13.076036080868544	-3.9192821408221294	0.0383990982606016	16.08108108108108	0.5405405405405406	0.7072463669790959	7583665957875745.0	7.724800000000009	0.1637270118875845	0.8143361798808814	inactive
14.848626119477004	-1.5538058216181334	0.04372465709757858	21.623376623376622	0.7272727272727273	1.3943592805233407	3.2519002085281012e+16	0.18960000000000687	0.0743790290780645	0.9301341811107745	inactive
14.557460402530463	-1.781692989913988	0.0463216568311991	23.013698630136986	0.6986301369863014	1.7112050949370035	2687318979466521.0	-4.961100000000016	0.16265065872594797	0.8165620618637278	inactive
14.140061389989757	-1.4647828546356465	0.011988479412041543	14.028169014084508	0.4507042253521127	6.486100756611685	162606914309880.6	-15.84199999999989	0.23705782536098416	0.801987205545813	inactive
15.007912768018059	-1.862155248962053	0.09710981355480343	56.67164179104478	0.7014925373134329	0.9845521371069784	213821028151901.38	-1.0327999999999902	0.23431334322428027	0.933707948607342	inactive
12.464833133431613	-5.935614337283523	0.04438417370680034	22.345454545454544	1.0727272727272728	1.50206576222266	207597120180.303	-5.477299999999998	0.3063123777340183	0.9077709211210888	inactive
12.464381845960638	-5.931631623810666	0.05448164148723619	21.745454545454546	1.0363636363636364	1.4909922423385717	217138736821.6763	-5.3332	0.09048536775554201	0.8418310148288157	inactive
13.918882942669669	-1.6383550107392446	0.04923715230518161	20.06896551724138	0.7068965517241379	2.15076259913129	1100361974536.2715	-5.6752000000000145	0.6189172084985761	0.9306829510518032	inactive
13.502997559435586	-0.7026058443244432	0.20099474324029926	18.14814814814815	0.6296296296296297	1.1054287979220734	1265686436097.8313	5.480200000000005	0.5533565180230221	0.8877173168295012	inactive
13.853576224202993	-1.5149907470673267	0.11161209093599311	16.571428571428573	0.7755102040816326	1.7658582038067334	29924799153.5718	-0.5015999999999918	0.1382360624970457	0.8168616068141135	inactive
13.292966149391702	-1.7447010828515783	0.0313128326544351	14.020833333333334	0.7708333333333334	3.0725749997607785	7197068107.67094	-7.621700000000024	0.08987530492298151	0.8856241852963297	inactive
13.823543669317026	-1.138276648112056	0.04298931162874952	13.478260869565217	0.8043478260869565	2.288119779967144	4760133962.296086	-2.9981600000000075	0.21980213512140176	0.7492519892072329	inactive
11.058959278155706	-1.4673611111111107	0.42965468251051747	14.0	1.4	4.222956812290516	1148.7926015379453	-3.166199999999999	0.3567947088473493	0.8517271483927636	inactive
12.148521038044848	-0.4208626228269081	0.5812359115256596	11.0	1.3478260869565217	1.5159308764560688	377093.60077656334	2.5140000000000002	0.121392250577859	0.6481286583124972	inactive
12.569459089191232	-0.22095804988662082	0.6146546181201179	11.217391304347826	1.2608695652173914	1.7110838222769362	324924.6396296684	3.208140000000001	0.6473233010536283	0.8782336257260183	inactive
4.705248484813781	0.20555119887461148	0.6249990216958249	12.956521739130435	1.2608695652173914	1.499259129159759	379091.0709800968	3.4288000000000025	0.14328071317807733	0.6571982445608772	inactive
12.32358953766692	-0.46762974866510176	0.5159885253182623	11.130434782608695	1.2608695652173914	1.6082311628119217	399120.2395369462	-0.9806000000000004	0.50621932797626	0.9401935492507181	inactive
4.712503984695092	0.6417214663643234	0.6247672179231444	11.136363636363637	0.9545454545454546	1.6410513736975836	237587.7028470444	3.086520000000001	0.4959975946092927	0.9166122752680224	inactive
12.590623661501638	-0.24109268707482912	0.6131000604775261	11.291666666666666	1.2083333333333333	1.6819299079320613	446289.36999388435	3.0480600000000004	0.7569990779525175	0.9368978158180848	inactive
4.721416131267322	0.37433106575963715	0.6118901114991093	17.64	1.24	1.3310727035244678	1437196.8392846975	2.733220000000001	0.7825666686453087	0.9544807705232564	inactive
12.188521038044847	-0.3583626228269081	0.580876335262394	10.782608695652174	1.1304347826086956	1.51747116157994	396799.82556507393	3.7805000000000017	0.2468673270124298	0.8807151488997121	inactive
12.374510901289401	-0.34101190476190424	0.6015757511393548	11.28	1.36	1.5658923351104186	736520.132697842	1.2183199999999996	0.5566589157894034	0.949468458222327	inactive
12.486668398841019	-0.4584245086923653	0.5794340416955616	10.72	1.0	1.6424247410508888	795803.907532393	2.792600000000001	0.06578168286883627	0.9735283481024022	inactive
12.70058012093726	-0.549789304610734	0.5820722486874926	12.36	1.12	1.6686727490628983	900669.8332900674	1.5513999999999997	0.43037606209721324	0.8721929041023577	inactive
12.334125881834215	-0.17824971655328747	0.6167092001970284	11.047619047619047	1.1904761904761905	1.674192124185468	155258.5669694327	2.5913000000000004	0.6971020118588199	0.9594511416868657	inactive
4.379615768764398	0.698775746409675	0.6244315822005178	11.285714285714286	1.1428571428571428	1.5964487593875039	149618.34298424897	2.2975199999999996	0.6968595122952609	0.9852008987966487	inactive
12.82501102292769	0.0036167800453523746	0.535922440961099	14.25	1.0833333333333333	1.4799711082292961	910795.4135696637	1.7349999999999999	0.4342909061348321	0.8751483760491503	inactive
4.602950837742505	0.7551473922902495	0.6286570627479221	11.45	1.3	1.6085400381180746	94813.32671637405	2.8946000000000014	0.1854992049449156	0.7870440176360416	inactive
5.523992583144368	0.3205229288174811	0.6068104898849824	17.291666666666668	1.25	1.5880968314618549	953017.273964205	1.912	0.5119407215210281	0.8991155610723662	inactive
12.273883062484252	-0.5256925547996973	0.5439555225273092	11.041666666666666	1.3333333333333333	1.6055670686460055	564602.4552527161	0.47439999999999943	0.22395498271939313	0.7737178575669623	inactive
12.28097584404132	-0.4042162698412699	0.5796229581158805	10.875	1.125	1.5632232653554763	558093.900479304	3.620420000000002	0.3354223493323589	0.8026234104354546	inactive
4.470271583942219	0.5900118365247335	0.6153736605592794	11.333333333333334	1.1428571428571428	1.7962359468806943	126015.68761787505	3.0944400000000005	0.602676906670208	0.9442022346729311	inactive
12.898980061605318	-4.633160194958761	0.6103072020014937	12.16	1.0	1.629064934128338	695692.9777862126	2.1063199999999993	0.10700467532426501	0.9423489587672409	inactive
4.383386869797404	0.6741288737717309	0.6276610874100079	11.136363636363637	1.1363636363636365	1.6233248151897648	238525.3295517558	2.523600000000001	0.5247841982137691	0.9892388027526582	inactive
4.687146846392878	0.2951558956916098	0.6228587933861839	12.772727272727273	1.2272727272727273	1.4968964460530079	263173.00301065564	2.3446000000000007	0.535562804448612	0.9315696692143963	inactive
11.942187124109925	-0.16552121594735203	0.6222400918214895	11.318181818181818	1.2272727272727273	1.6369497276829639	231795.11417051536	1.6497999999999997	0.33000929339880825	0.7714737092274105	inactive
4.399065094791105	0.08950207860922132	0.6264010863261794	12.954545454545455	1.0	1.5595251819105702	273867.96915179864	2.2278000000000002	0.4738547751342734	0.8716482469070157	inactive
4.636141030486268	0.8851662887377173	0.5876992308198666	14.565217391304348	1.2173913043478262	1.6263459677888463	514285.86725828407	3.0817200000000007	0.23220345077498986	0.9398117197885383	inactive
12.277996976568403	-0.16914399092970478	0.6167092001970285	11.047619047619047	1.2380952380952381	1.6392978383023682	159643.53833293536	2.5913000000000004	0.7858549858687984	0.9805464696639347	inactive
12.208087577138805	-0.362329913319271	0.6090172985461498	11.208333333333334	1.2916666666666667	1.5592325530242257	515846.8617456376	1.4478199999999997	0.6369812387203118	0.9862534831344372	inactive
12.203036475392626	-0.6251030352975631	0.5973270513613989	12.36	1.28	1.4709312052342995	835335.6908882913	2.2805999999999997	0.6184075788641639	0.9278881963990908	inactive
12.019304610733181	-0.1618827160493823	0.7991137527783934	10.65	1.35	1.7746352324759036	60410.66853654705	1.9588999999999996	0.5805142168128891	0.9268903420912995	inactive
12.532463466868228	-3.971254842214662	0.5671473270552418	12.043478260869565	1.0869565217391304	1.7717980726463047	291897.8897277728	3.0665200000000015	0.49068795373011337	0.8723242213915738	inactive
4.460173059964727	0.7365913170823885	0.6300824962391413	11.285714285714286	1.2857142857142858	1.548747623662288	139357.2483361612	3.259520000000001	0.482551878161895	0.8781304102789765	inactive
12.69186720521542	-0.3493707482993196	0.5611751409592266	11.416666666666666	1.2083333333333333	1.679869352486751	530718.8414979724	2.0458199999999995	0.26646926324827386	0.7219726327796329	inactive
12.048342676576803	-0.5037989791583419	0.5910095002779994	11.08	1.16	1.4208210500604717	773792.4043811916	1.8857199999999998	0.7023991596967296	0.9478659426980036	inactive
13.820013699924415	-0.5757158210506421	0.6140781908198115	21.962962962962962	1.1111111111111112	1.647624852900621	2621755.6326419283	4.7355000000000045	0.342721887676781	0.7941687492714657	inactive
12.015535030440613	-1.4593385254766227	0.18230059485673228	51.45454545454545	0.8863636363636364	1.3728614749311312	2530949975.3703413	4.324800000000003	0.5114034701698583	0.9211971864571484	inactive
12.914696659528008	-1.7340246394793242	0.3581558319444201	25.181818181818183	1.0303030303030303	1.7913716681566336	22551201.863918755	-1.2055000000000007	0.5473184103153018	0.9035859027553391	inactive
12.405510912698412	-0.7947719566221547	0.5406382781266542	60.70967741935484	1.032258064516129	1.3206402247693143	14010067.08557673	4.8288000000000055	0.5829793442214078	0.9523379935765804	inactive
13.720407504897771	-1.565996802001562	0.18546695558645723	47.891304347826086	1.0	1.5675523939991196	7411477309.041369	3.933900000000002	0.24304005187997035	0.8181925380327013	inactive
12.02003697486104	-1.5051252066860348	0.23176994982596377	52.82222222222222	0.9555555555555556	1.2775845367944767	5349926873.937872	3.4372000000000016	0.6405187696924436	0.9414193334331054	inactive
12.25063222310077	-1.7143337095201001	0.13196218652385086	50.32142857142857	0.7678571428571429	1.1263980760160202	735551929263.4618	1.1198000000000037	0.2733433765462813	0.9111207795321367	inactive
14.082475586854818	-1.2434906165430155	0.2241073101802826	18.441860465116278	0.7209302325581395	1.5030841254832517	4214572504.5065923	2.3314999999999984	0.36725138451283	0.9133556718626364	inactive
10.908177844499285	-0.727930502727494	0.48848459959160717	51.303030303030305	1.0606060606060606	1.46560117372368	17475294.05808937	6.294600000000008	0.6559252808357575	0.9564502287684961	inactive
12.252740025279245	-0.3600956689399333	0.14448361961120318	14.264705882352942	0.7941176470588235	1.8757637450775229	19311305.89169659	8.160800000000007	0.3478625799377815	0.8366275608922333	inactive
13.15853796611237	-1.902246367682874	0.30448711797503686	25.272727272727273	0.9090909090909091	1.9090272550053897	19075457.650010377	-3.0668999999999986	0.23945275759556467	0.6106705527787328	inactive
12.674159737969262	-0.6144387755102036	0.45202460186417254	10.73076923076923	1.1153846153846154	2.4205433153682625	469428.1967346371	2.3208	0.49854476284370036	0.8985532673760499	inactive
13.649027392127138	-1.1267045645418665	0.31109183854918304	11.31578947368421	1.0789473684210527	1.6665439781960971	462842982.4348386	3.7070000000000025	0.19140850623343536	0.8055988462876079	inactive
13.672836835466253	-1.1625232281847546	0.2705848649943449	11.435897435897436	1.0256410256410255	1.664022301088193	774194904.9485278	2.6778000000000004	0.09925996428391637	0.7592617721462155	inactive
13.66176015961685	-1.1289557350718067	0.33261776180339525	11.421052631578947	1.0526315789473684	1.6785822183533532	471072157.0593106	3.705400000000002	0.2223354416261854	0.8271216200736318	inactive
13.718130746801833	-1.0699032606869914	0.3195211218440698	11.605263157894736	1.0526315789473684	1.4840795971926741	783758130.046061	4.141400000000003	0.4492967855528843	0.8886420451710416	inactive
13.699540854826525	-1.1098311917359538	0.35089901234095694	14.789473684210526	1.131578947368421	1.4743113611368597	469072410.0329321	3.1735000000000015	0.4645608706225431	0.9677832222585631	inactive
13.710003995229567	-1.1577405529475338	0.23274057994735275	11.45	1.025	1.644485842233988	1254091317.9701798	3.0679000000000016	0.13824603047501785	0.7918394834429494	inactive
13.50970702632905	-1.1033840912908375	0.4198073721502499	11.314285714285715	1.1428571428571428	1.679901974484071	121413729.93245398	3.8273800000000024	0.290050480584479	0.9391982382066705	inactive
13.730925922889305	-1.1227927188118392	0.27495748511590423	13.225	1.075	1.4217474824797585	1659704747.2264972	4.239600000000003	0.1711200174960819	0.8306289828324603	inactive
14.071341017888635	-0.6905790580120938	0.7998358258827291	23.032258064516128	1.2258064516129032	1.5515522584608377	17084823.826976933	2.850100000000001	0.2146365386545321	0.706806614693372	inactive
