MaxAbsEStateIndex	MinAbsEStateIndex	MinEStateIndex	qed	SPS	MolWt	FpDensityMorgan1	AvgIpc	BalabanJ	Ipc	SMR_VSA7	SlogP_VSA2	TPSA	RingCount	MolLogP	CalcAsphericity	CalcInertialShapeFactor	CalcNPR2	CalcPBF	pIC50_class
12.38399108717561	0.31946966595280113	-0.4388706223230032	0.5380266069420899	10.590909090909092	312.75600000000003	1.3636363636363635	2.9075850001821975	1.9539515533013392	151802.10527451235	72.16340665301799	15.52038345669041	44.120000000000005	3.0	4.094900000000003	0.6259168613265133	0.001260204851053716	0.9606388324632474	0.7499276402337056	inactive
13.15579821743512	0.17330168178382444	-0.7831978694255484	0.7232022854263281	24.76923076923077	343.386	0.9615384615384616	2.912744347789057	1.4767054630754226	1416875.360538509	72.55444225107765	22.46119801502013	62.300000000000004	5.0	3.607400000000003	0.5865591574367721	0.0010363851980401755	0.9594547209324024	0.8901747886217456	active
13.004896376486453	0.16983035441452077	-4.091553890533867	0.25144901412472115	11.387096774193548	457.85100000000017	1.096774193548387	3.176656362899726	1.6802278062637077	10996764.751017224	93.88823740519763	28.266797750282777	121.4	4.0	4.054100000000003	0.5747127222854367	0.0004415803292223296	0.9089372807503271	0.9664604539697419	inactive
13.659265991010216	0.07874945353047114	-5.375735883025176	0.13972959481592434	16.274509803921568	726.6710000000005	0.9411764705882353	3.508037362887186	1.5694183729820805	70910584932.89229	64.84885194917072	66.80318551331746	155.68999999999997	4.0	5.185800000000004	0.2689924325298687	0.00012120435677332638	0.8294241884631063	1.502944950328592	active
12.146728080120937	0.08166666666666655	-0.08166666666666655	0.5730563582650405	10.789473684210526	269.329	1.263157894736842	2.8227060944716023	1.873260575345262	37127.05326058499	53.98290197207966	20.067212493027345	58.64	3.0	3.1988200000000004	0.2793245639615009	0.0007558534779270265	0.7530533827596017	0.7190742628837817	active
12.130349584278157	0.3241099773242633	-0.4358641975308639	0.7272379499441562	10.578947368421053	272.69100000000003	1.263157894736842	2.8613511859842164	1.939894962310221	38528.09371927747	59.5084508625856	15.937262329846266	54.98	3.0	3.435500000000001	0.5607377162449168	0.0015457537859519999	0.96057775005445	0.4899349292665125	active
13.730802601854212	0.0392388733729967	-4.890923259751015	0.19889390230444107	15.9375	673.6890000000003	1.0833333333333333	3.6336529836213156	1.5284142628200736	20751829790.502407	58.54052231024742	71.78716403426466	168.57999999999998	4.0	3.7887400000000016	0.5011941744600158	0.00017775473488207717	0.9419565398293579	1.693108601482875	active
13.712172114283472	0.021004274804397705	-1.1283444753398746	0.2075826214235363	15.978260869565217	633.7460000000001	1.065217391304348	3.4421166193426527	1.5137937941314101	10073163496.866297	58.54052231024742	71.78716403426466	168.57999999999998	4.0	3.468460000000002	0.16229032682837594	0.00012153325313313181	0.7922144663527511	1.4809550935164997	active
11.98765306122449	0.32561626039304636	-0.43780864197530867	0.7272379499441562	10.578947368421053	272.69100000000003	1.2105263157894737	2.8535482381376	1.866921100766299	37866.58512008595	59.508450862585605	15.937262329846266	54.98	3.0	3.435500000000001	0.7227909444999777	0.0022003408508903684	0.9831282755143236	0.5035035273595133	inactive
12.164238473167044	0.3482029478458051	-0.3846141975308639	0.8557269142497447	12.68421052631579	274.707	1.368421052631579	2.8613511859842164	1.8717611155716685	38528.09371927747	52.80869171420791	17.498040214811635	51.22	3.0	2.922200000000001	0.541493562908866	0.001453883138546584	0.9561764416423199	0.6073784388849084	inactive
14.482071183040873	0.1424255572392854	-1.3894589063728955	0.316761238770822	12.108108108108109	530.8780000000002	0.9459459459459459	3.404500793745218	1.7266520915618482	206483752.77132925	97.23852836595982	33.67914730342237	118.99	5.0	1.3820999999999997	0.20250484723394496	0.00012693836784653345	0.649834555237456	1.001976075442088	active
12.714643014613252	0.3104610470731506	-0.4478407659360035	0.47144797456992965	10.6	352.8210000000001	1.28	2.934925750594552	2.0670426922357734	590885.6664414506	84.31544686668573	15.52038345669041	44.120000000000005	3.0	4.823400000000003	0.5360979407643252	0.0008059616119863714	0.9108350629395403	0.9354054781805312	inactive
13.467265272878699	0.15190019526329102	-0.6854535409842957	0.525070051615019	15.485714285714286	515.3970000000003	1.0	2.895215223481806	1.6164257869081737	80708513.50083414	76.53334181009869	61.59395283994145	84.0	4.0	4.375300000000003	0.19661834331089073	0.00010041143231603807	0.6052490336995874	1.0028154253397659	active
13.08697694472902	0.08730775944059177	-0.8580856061560429	0.35596462764532816	13.794117647058824	475.6300000000002	0.7647058823529411	2.755185114556103	2.8401052583948	12626219.886697628	35.89528683400505	42.319282540214864	113.60000000000001	1.0	3.5882000000000014	0.5446203883366324	0.0004234387428863051	0.9690516782402275	1.3812450182080376	inactive
13.763965867160334	0.04008921350905115	-4.892402549691844	0.19423388273238826	16.102040816326532	687.7160000000002	1.0816326530612246	3.475824288897178	1.541951898393764	31730992904.15521	58.54052231024742	71.78716403426466	168.57999999999998	4.0	4.178840000000002	0.22826349162258086	0.00010160610651157175	0.8482372825239011	1.8168435725378869	active
12.282571806500377	0.3265665154950874	-0.42836419753086363	0.7301306649014965	10.7	286.718	1.35	2.8057442484088924	1.9866994205218769	54134.02952880117	59.005535285820976	15.937262329846266	54.980000000000004	3.0	3.743920000000002	0.5715937011698768	0.0014178266390455962	0.9490661499101881	0.5000117624922462	inactive
12.187760770975057	0.28772250566893454	-0.5142901234567898	0.6777516231107281	10.7	286.69800000000004	1.35	2.779967140231744	1.9634704397817584	51573.950385579315	53.069644720510844	15.937262329846266	66.18	3.0	2.768020000000001	0.4522791742684364	0.0010329445632339571	0.8981883363003429	0.5388269550033259	inactive
13.18500747984379	0.08151062790229124	-0.759089142863042	0.4368819704854645	20.727272727272727	452.55500000000023	1.0606060606060606	3.444300501533171	1.449126294778658	43440812.98232493	36.02576333715651	47.62011629633977	120.16	4.0	2.4466	0.12613974277914572	0.00016125750892660682	0.7146516956791863	1.316701490223238	active
13.439596560846564	0.06662359851347954	-0.10973949147560225	0.39146974534478357	11.03125	441.9020000000001	1.03125	3.4860153188212593	1.4634176958329554	42213902.50326604	95.90665327335527	25.885028089399803	78.01	5.0	4.3373000000000035	0.21713156825727267	0.00016743295288326447	0.6684512722774663	0.9656495138560389	active
13.653641564931245	0.003200153813463835	-1.176140257232879	0.19768076628647868	16.044444444444444	659.5670000000002	1.0222222222222221	3.4465497558080505	1.5101982964682887	7244791383.6574335	63.76721559325937	66.80318551331746	155.68999999999997	4.0	4.455000000000003	0.07060577235367733	8.50363042466014e-05	0.7954306927264337	2.260343534301951	active
13.274467102684696	0.1758109987822285	-0.6087307886117417	0.5461975567107992	15.909090909090908	505.42700000000025	1.2121212121212122	3.3693502868093272	1.5827512288893604	41107310.05062905	74.65781763734266	54.48415529866391	74.77	4.0	4.105900000000003	0.2266203435269511	0.00017085756512663167	0.7263531528618983	1.1107567187413745	active
13.445210560259714	0.1590928917863439	-0.5919365709246669	0.40881132522955	16.11764705882353	514.4380000000002	1.1470588235294117	3.551938387405381	1.4128341731805185	96045010.72109058	80.85466120895575	52.35833627833359	81.33	5.0	4.578600000000004	0.205049486938291	0.0001083384036325829	0.6307377020872393	1.0375038698590782	active
12.282571806500378	0.3265665154950874	-0.42836419753086363	0.7301306649014965	10.7	286.718	1.3	2.8514540981630208	1.9819766601148991	53695.73212250784	59.00553528582099	15.937262329846266	54.98	3.0	3.743920000000002	0.5252875204287009	0.0012182872499898931	0.933388085266234	0.5098032448776858	active
14.042005226026504	0.06746470679582717	-4.847476829283116	0.23223730203970608	19.382978723404257	664.7220000000001	1.0425531914893618	3.481307263896662	1.5118558362890047	15588066502.339376	29.959396268694903	72.97948403076093	155.68999999999997	4.0	4.347200000000002	0.2576607847702469	0.00011083837435475024	0.7342762457345416	1.0107507766558013	active
11.952276077097505	0.04356481481481489	-0.04356481481481489	0.7204620198415452	10.823529411764707	261.33099999999996	1.3529411764705883	2.9566008274344817	1.903778830914685	17547.425910823647	41.53630261077389	20.296619067735005	58.64	3.0	2.951900000000001	0.3414201943517394	0.0009340627747357236	0.7514434825915832	0.2249311292279319	active
13.715968898252344	0.018902352607709894	-1.0689195956160245	0.3614193809082541	17.08823529411765	464.4970000000001	1.1176470588235294	3.437973455411516	1.5081815832221432	60474963.844884455	71.67190394374585	47.62011629633977	120.16	4.0	1.8580000000000005	0.16864795538821895	0.00027147282101698555	0.8879147708999068	1.4429884685509757	active
13.368847063002157	0.16746666240383123	-0.6400784465020584	0.5813737441093618	15.787878787878787	485.3710000000002	1.0606060606060606	2.856191471149387	1.5963860527737563	32738306.429203812	82.5997088785603	54.484155298663914	74.77	4.0	4.366700000000003	0.20394118546810808	0.0001111529156298762	0.5855518208002944	0.9344985716342477	active
12.716566987906273	0.23618102796674156	-4.404133834089191	0.6232898661677924	11.95	342.178	1.0	2.760411207369149	2.2128647824088423	44804.234306808656	64.4481921185137	18.295119060385826	22.0	3.0	3.0665000000000013	0.5364466378723913	0.0012429509248575712	0.9266796154036833	0.6845256477855184	active
13.901258941108326	0.1064204202750374	-1.1018171033845643	0.2810680735732491	12.342105263157896	502.5740000000002	0.8157894736842105	3.5223558362317995	1.56420091681432	791267425.3896759	138.933193711284	21.782316500597428	88.33	5.0	6.002100000000005	0.05282676151859871	0.00015150075701862267	0.7968905964268466	1.7284156103616184	active
13.476669396153522	0.14002362055933526	-0.6683641975308638	0.7340634869140499	10.7	290.68100000000004	1.3	2.8514540981630208	1.9819766601148987	53695.73212250784	59.25930463516989	15.937262329846266	54.98	3.0	3.574600000000001	0.5329391461470286	0.0011727111073635528	0.9298112340872227	0.50030291244055	inactive
12.129494047619048	0.28992695998152374	-0.5163706223230029	0.7527056772559997	10.571428571428571	302.71700000000004	1.2857142857142858	2.9090825216809093	1.9120153360620187	93791.7295815142	53.44208379412399	23.047059871123796	64.21000000000001	3.0	3.4441000000000015	0.7092863042619499	0.0016074938530158524	0.9776658497675914	0.4855863935127046	active
13.051434712773998	0.143528730451981	-0.7301834136432355	0.8172518215992288	26.791666666666668	323.3960000000001	1.1666666666666667	2.755048764330233	1.704176883075523	251684.72481662408	36.65915541707259	22.46119801502013	62.300000000000004	4.0	3.4859000000000018	0.508945489179617	0.001094815596561469	0.9759946500764825	0.9377417911295552	active
13.941258941108327	0.1341981980528153	-0.9907059922734531	0.259688804682495	12.342105263157896	501.5860000000002	0.7631578947368421	3.5223558362317995	1.56420091681432	791267425.3896759	144.73860777344268	16.79833797965022	75.44	5.0	6.607100000000006	0.2110034775985658	0.00015557014112794608	0.6978005767987563	0.9154075571207991	active
13.908760085263062	0.0754602597211731	-1.0736448501765292	0.36005526389778836	26.27027027027027	519.6870000000004	1.0	3.055531445745426	1.8326249985523426	35028707.215500385	0.0	64.6450125233478	150.70000000000002	3.0	1.7112000000000023	0.3840442739468808	0.0002664825615362699	0.8565847706472608	1.1904606795132346	active
13.338023280084759	0.12674831506676765	-0.7060947341899728	0.5234037477465193	15.823529411764707	523.4170000000001	1.2058823529411764	3.279924825275581	1.5795323823208072	55520307.57406042	74.40867140992695	54.48415529866391	74.77	4.0	4.245000000000003	0.1878193670239452	9.866579376047965e-05	0.5923351920142916	1.0750401517369028	active
13.560476358441278	0.1308193972033258	-0.6607196397077357	0.5779349216439061	16.15625	493.3910000000002	1.15625	3.32018121325869	1.5684011898115813	23258789.089073196	80.47503847838857	47.37435775738638	65.54	4.0	4.236400000000004	0.27471606084251354	0.00021851993073114225	0.7565231790414567	1.0079136168314582	active
13.053424744897956	0.10997543461829151	-0.6723361914210131	0.8638103613489105	29.666666666666668	321.38000000000005	1.0833333333333333	2.7614764069056017	1.4832845225290874	363134.14750808664	36.65915541707259	22.46119801502013	62.300000000000004	5.0	3.2399000000000022	0.37686474017906196	0.000771925151603575	0.8769117616715172	0.8994326492543175	active
14.470235863036779	0.017770849080373408	-0.8727059975224669	0.4520201384381207	15.157894736842104	563.4130000000002	0.9736842105263158	2.935273583102288	1.6721760898158822	287868444.3693659	70.21782851422135	68.70375038121898	93.23	4.0	4.523000000000003	0.20138572892837245	9.393826950098027e-05	0.6106767697338713	1.0189422403115973	active
13.286425043156857	0.17917461892164277	-0.6607196397077357	0.5779349216439061	16.15625	493.3910000000002	1.15625	3.2377776602670583	1.5572478595841037	22535385.80433116	80.47503847838857	47.37435775738638	65.54	4.0	4.236400000000003	0.20624178903678486	0.00018842778982575074	0.7392325979994583	1.1907132253000778	active
13.941258941108327	0.1341981980528153	-0.9907059922734531	0.259688804682495	12.342105263157896	501.5860000000002	0.7631578947368421	3.5223558362317995	1.56420091681432	791267425.3896759	144.73860777344268	16.79833797965022	75.44	5.0	6.607100000000006	0.15003675998552482	0.00015496428966338264	0.7283336114418318	1.1562599864532277	active
12.261949247291511	0.03002491969009813	0.03002491969009813	0.6786713803127206	10.722222222222221	304.20700000000005	1.0555555555555556	2.768873143560632	2.1849071251802252	24687.272947986596	58.88474062681671	25.40491660166336	31.23	3.0	2.0563	0.6271263186811089	0.0017685398464693297	0.8762798673694744	0.44776585550490117	active
13.902421492548655	0.13174468565612107	-0.9908420466952219	0.3012081896435563	12.45945945945946	490.56300000000016	0.8648648648648649	3.6762427158730113	1.5639736764905474	515002842.19061273	138.933193711284	21.365437627441576	80.37	5.0	5.730800000000006	0.10642682313579166	0.00014806625984076517	0.7154552482044143	1.3930444592306093	active
13.312931311413456	0.05767977870160368	-0.05767977870160368	0.423696597277139	11.066666666666666	413.4860000000001	1.1	3.547174987144034	1.4436411312467285	18893190.43572573	83.44504429516094	25.885028089399803	78.01	5.0	3.745400000000002	0.24507456791534704	0.0002541798082201902	0.7693499763061057	1.228099222269633	active
13.053424744897956	0.10997543461829151	-0.6723361914210131	0.8638103613489105	29.666666666666668	321.38000000000005	1.0833333333333333	2.7614764069056017	1.4832845225290874	363134.14750808664	36.65915541707259	22.46119801502013	62.300000000000004	5.0	3.2399000000000022	0.36692030789316227	0.0007606302126688121	0.8729691934307187	0.8950290246838052	active
13.051434712773998	0.143528730451981	-0.7301834136432355	0.8172518215992288	26.791666666666668	323.3960000000001	1.1666666666666667	2.755048764330233	1.704176883075523	251684.72481662408	36.65915541707259	22.46119801502013	62.300000000000004	4.0	3.4859000000000018	0.5394950601997932	0.0011521174863789205	0.9530122838315963	0.7402840997797117	active
13.401942239858908	0.028969277525825232	-0.16896017048794776	0.39764929922658	11.03125	442.8900000000001	1.03125	3.4860153188212593	1.4634176958329554	42213902.50326604	89.84028620489364	30.98370989770084	90.9	5.0	3.732300000000003	0.3722722130295425	0.0003686178854167915	0.8407997756724994	1.088834369699372	active
13.441942239858909	0.06896927752582527	-0.10646017048794776	0.39146974534478357	11.03125	441.9020000000001	1.0	3.4860153188212593	1.4634176958329554	42213902.50326604	95.7761767702038	25.999731376753633	78.01	5.0	4.3373000000000035	0.22462581133290424	0.00017699216476781325	0.6887494883575978	1.0440516463425544	active
12.255451625094484	0.028416477702192244	-0.0399248866213151	0.6444730412108102	10.38888888888889	299.19100000000003	1.1111111111111112	2.768141759421268	2.2894162793582558	24489.75014559996	64.4481921185137	18.295119060385826	45.79	3.0	1.9193799999999999	0.4841082270172641	0.0014999403588473676	0.9415713486987425	0.8332326001606499	active
14.324607549070027	0.08770413255185439	-1.0175259301251371	0.1812425659079677	11.568181818181818	577.6840000000003	0.6590909090909091	3.642906907072797	1.3761804036540861	21475175191.88724	180.63389460744762	23.343094385562793	75.44	6.0	7.678000000000007	0.09064356226049433	9.408359770255566e-05	0.6730634465375203	1.599315339056506	active
12.282571806500378	0.37040627362055956	-0.42836419753086363	0.7301306649014965	10.7	286.718	1.3	2.916299686513432	1.9727184119450012	59752.0642769737	59.00553528582099	15.937262329846266	54.98	3.0	3.743920000000001	0.5760941667198937	0.0015390717318221417	0.9835973287325819	0.7840913863041747	inactive
13.703907651473557	0.015087115041084065	-1.1439694753398746	0.20559002630239856	15.978260869565217	634.734	1.0434782608695652	3.4421166193426527	1.5137937941314101	10073163496.866297	52.73510824808874	76.77114255521187	181.46999999999997	4.0	2.8634600000000017	0.35545824502387874	0.00017028303445790454	0.9207680146276466	1.5262531697177464	active
13.600755070546736	0.029599710254472056	-0.15085548416897554	0.3505536860898898	11.0	471.92800000000017	1.1176470588235294	3.529074518301749	1.5172392200113978	103628453.49939074	89.70980970174219	33.10952891803117	87.24000000000001	5.0	4.345900000000003	0.1653422019559223	0.00023262650703458686	0.8133549982793992	1.5701704967133125	active
13.216922521066039	0.181244383555891	-0.6107857772738732	0.538969653258269	16.15625	509.84600000000023	1.09375	3.3242480943643984	1.5775679737699368	23880876.402963024	79.680450951084	47.37435775738638	65.54	4.0	4.750700000000004	0.1861261028642228	0.0001646700147758236	0.7309902285825233	1.149846249056043	active
14.23028688344494	0.03761936255983822	-0.9692034378213823	0.48045659066393626	15.35135135135135	551.3770000000002	1.027027027027027	2.889819578608743	1.6504303218479968	164086169.27520162	76.03504935526725	61.593952839941444	84.0	4.0	4.653500000000004	0.15641221413954662	8.716467413859404e-05	0.6039386515004836	1.2807965722028936	active
13.027187965470343	0.13374362244897942	-4.493270463277904	0.6979392738273666	13.0	366.38900000000007	1.1666666666666667	2.557065957640944	2.1276250397578007	251727.8011340051	48.02802097092827	11.660033336098294	44.1	3.0	5.048980000000002	0.2241978036797701	0.00030371754640263115	0.6327073559677459	0.47262466299308864	active
9.993444822373394	0.01759870769295313	-1.2274896069538934	0.4777865842451994	30.15	298.30400000000003	1.45	2.930859771700486	2.0942646460475802	48948.28904716982	10.967909342203233	54.77342000196571	140.75	3.0	-1.6883100000000006	0.40683298393693285	0.0009261096334958907	0.7853111481379572	0.6013254673449844	active
12.161388416477703	0.2936281179138325	-0.51590765936004	0.6777516231107281	10.7	286.698	1.35	2.90651026413538	1.9263037690537623	57999.41232082151	53.06964472051084	15.937262329846266	66.18	3.0	2.768020000000001	0.5944868509942635	0.001514747927684787	0.9674372039854913	0.5176548925434623	inactive
12.895658733802673	0.018604115824985	-5.1707717941263205	0.3222759388395738	18.818181818181817	484.5510000000002	1.2424242424242424	3.1447241649999644	2.0775073749584414	12109049.711955544	35.89528683400505	60.04911021827902	173.96	2.0	0.20210000000000206	0.4282311438344635	0.00035905162617845315	0.9014830857301906	1.2433008882337384	active
13.51970846286683	0.07158642451644592	-4.917337940394227	0.24901800875445937	17.022727272727273	624.6570000000004	1.0909090909090908	3.3975226792634783	1.7956646175869297	2204732186.0462174	29.959396268694903	72.97948403076093	155.68999999999997	3.0	3.422900000000001	0.04771013567132558	9.829389276117465e-05	0.7714691434483235	1.9772646449866795	active
12.211939602229782	0.05704979213907779	0.05704979213907779	0.6170840138000484	10.882352941176471	353.077	1.0	2.6869850313866452	2.274369562502265	14036.809803963835	63.357460142649124	18.295119060385826	22.0	3.0	2.810200000000001	0.7505409131362033	0.00209468714347496	0.9379244931442788	0.6675945610444357	active
12.380887188208618	0.11028628117913852	-0.13912037037037028	0.7885238917590689	11.85	282.32400000000007	1.1	2.4976762711486016	2.0804451143924987	55748.13437203679	48.53093654769288	11.660033336098294	53.33	3.0	3.671280000000001	0.27371686932435085	0.0006667520983272138	0.7132368950126641	0.4930020424945924	active
13.592806932141798	0.13908021541950166	-0.6669187242798362	0.41103945228588273	15.777777777777779	540.4520000000002	1.0277777777777777	3.4121487414738794	1.4435448546386438	207108690.09453756	96.8834028470868	42.39037923643917	83.82000000000001	5.0	4.172900000000003	0.20201789818670632	0.0001259714044010876	0.6734274756054514	1.1077040403410594	active
12.293199247291511	0.07084124622071042	0.07084124622071042	0.6670445819834877	10.944444444444445	302.23500000000007	1.0555555555555556	2.768873143560632	2.1849071251802252	24687.272947986596	64.4481921185137	18.295119060385826	22.0	3.0	2.6101	0.6060261659369046	0.0017738056234432905	0.90096840963362	0.568762373581197	active
13.493264553908496	0.0748370461208665	-0.09744782480893566	0.34598626624675893	10.93939393939394	453.9330000000001	0.9090909090909091	3.2589220855950045	1.4633838269824682	62436775.73973072	107.90891090712704	25.885028089399803	63.910000000000004	5.0	5.380100000000005	0.23430471715382767	0.00019041987656009282	0.7339457024430729	1.2664506100608277	active
13.497379780245943	0.023952272458315216	-0.29150905905467295	0.3707810822968909	10.970588235294118	468.92400000000015	0.9705882352941176	3.257419819609033	1.4792724716865693	89374700.5791247	112.0658714146378	20.901049568452596	82.19	5.0	4.302500000000004	0.24256908059118965	0.0002484933068459858	0.8294385670550588	1.3838475841401952	active
13.59096020588625	0.025526474216707618	-1.1185651438541948	0.2199603493379519	16.186046511627907	591.6650000000003	1.0930232558139534	3.449714607974085	1.4918167124819768	3553876394.755929	60.04926904054127	71.78716403426466	168.57999999999998	4.0	2.5432000000000006	0.3312194373258316	0.00016250231103743615	0.852488639971203	1.446561195500769	active
13.636105386650119	0.01625234702813394	-1.6251903597426267	0.24608490991212095	19.477272727272727	614.6960000000001	1.0909090909090908	3.4488285751118593	1.482355037453949	4783747558.965415	29.959396268694903	85.8040605949139	174.14999999999995	4.0	1.9875000000000014	0.33937484924765365	0.00015070646395451136	0.8205184519910456	1.3071230922248933	active
13.5402663141065	0.00024070852742164028	-1.456787581964849	0.26032531083343696	16.595238095238095	581.6700000000002	1.1666666666666667	3.403077997260066	1.7893642337453202	1180072139.5549319	29.959396268694903	66.80318551331746	179.47999999999996	3.0	2.3841800000000006	0.3391858234201614	0.00018889559645299836	0.8950370129210511	1.579640658698392	active
13.592280224251722	0.026341593163694554	-1.11528582286654	0.2199603493379519	16.186046511627907	591.6650000000003	1.069767441860465	3.449714607974085	1.4918167124819768	3553876394.755929	60.04926904054126	71.78716403426466	168.57999999999998	4.0	2.5432000000000006	0.09877220723169722	9.059183242208919e-05	0.7634866484916146	2.0657710762932444	active
13.599224668696166	0.03144363398002126	-1.1029401438541948	0.22294777123023807	16.186046511627907	590.6770000000004	1.0	3.449714607974085	1.4918167124819768	3553876394.755929	65.85468310269995	66.80318551331746	155.68999999999997	4.0	3.148200000000002	0.06300314056495807	0.00010358686678078297	0.819709782497526	1.8996035553856685	active
13.537001851296582	0.041548437416492945	-1.0759077259487613	0.2860202186313948	16.951219512195124	570.6870000000002	1.0975609756097562	3.3559263955155605	1.7833012125705305	656712651.8787203	29.959396268694903	66.80318551331746	155.68999999999997	3.0	2.8805000000000014	0.1260528583468244	0.0001158597096927508	0.7952179588988207	1.6666920020426743	active
13.68027150065209	0.02226655749525208	-1.1257930350106566	0.21050681064469662	16.155555555555555	622.7230000000001	1.1333333333333333	3.5494542953011083	1.5091564962630686	6801257451.360745	46.910703750088814	76.58367025676368	173.51	4.0	2.498540000000001	0.2864839049710158	0.00014266173928297935	0.8716525248808038	1.6952131958773209	active
13.589224668696167	0.024499189535576615	-1.1233483071195007	0.2199603493379519	16.186046511627907	591.6650000000003	1.069767441860465	3.449714607974085	1.4918167124819768	3553876394.755929	60.04926904054127	71.78716403426466	168.57999999999998	4.0	2.5432000000000006	0.3081399379969658	0.00015705362017945224	0.8505171058560085	1.523366004363338	active
13.181660455478998	0.07404971279655603	-1.0229154734922232	0.32299670515952583	17.514285714285716	486.5690000000003	1.2	3.2805851416085696	1.7512967688378192	56597868.67953344	29.959396268694903	65.94040762020632	149.61999999999998	3.0	1.2835000000000008	0.5570906950852447	0.00039314037655275463	0.9300203590123851	1.1742792500613008	active
12.511903526109199	0.15244567271352927	-4.3594698365457285	0.6232898661677924	11.95	342.178	0.95	2.759840056601516	2.118773862916099	44985.39292260471	64.4481921185137	18.295119060385826	22.0	3.0	3.0665000000000013	0.6778472286931909	0.0015966647447416538	0.9112732507422218	0.44170710727030477	active
12.190672241118671	0.029272014361299892	0.029272014361299892	0.6336232917968305	10.882352941176471	308.626	1.0	2.6869850313866452	2.274369562502265	14036.809803963835	63.90737394055803	18.295119060385826	22.0	3.0	2.7011000000000003	0.6520209825928884	0.001898894095959469	0.8995827404837599	0.5862476674000012	active
12.504228878317985	0.050464891975308346	-4.331183397939576	0.6470426196011942	11.952380952380953	356.205	1.0	2.7569408586534254	1.9191489980791354	70412.26953000849	70.0116436102107	18.295119060385826	22.0	3.0	3.1256000000000013	0.4854079015442574	0.0010024357381185592	0.9703263525145348	1.09032744274662	active
13.366599304475388	0.04538811203493709	-0.04538811203493709	0.39243876106279424	10.96774193548387	425.5170000000001	0.967741935483871	3.484519824710764	1.4420831161564165	30224836.464175556	95.4473019289327	25.885028089399803	63.910000000000004	5.0	4.788200000000004	0.4000488085284872	0.00037125126143120103	0.8382875317116347	0.9509938295857926	active
12.334958427815572	0.06485591458805762	0.06485591458805762	0.6335085685706999	11.0	302.23500000000007	1.0	2.7107676062519905	2.2822420529193823	20628.941483577648	63.94527654174909	18.295119060385826	22.0	3.0	2.6645400000000006	0.5468196588433754	0.0015619929078466907	0.8830637963709295	0.6703515067693042	active
13.93583802274098	0.14808708694170414	-0.9984837700512308	0.309581076758767	12.342105263157896	500.58200000000016	0.8157894736842105	3.5223558362317995	1.56420091681432	791267425.3896759	138.80055486323204	21.782316500597428	89.29	5.0	5.366300000000005	0.055648506063130834	0.00014560649510434343	0.7783997409402625	1.652712670815354	active
13.1801641191456	0.15122756046863195	-0.6450946397077357	0.5938666406403572	16.125	490.3920000000003	1.15625	3.32018121325869	1.5684011898115813	23258789.089073196	74.65781763734267	47.37435775738638	88.6	4.0	3.1709000000000014	0.34837519149931206	0.00025390059452042805	0.7996292267005747	0.9156014346819313	active
12.297543461829177	0.013929988662131354	0.013929988662131354	0.6786713803127206	10.722222222222221	304.20700000000005	1.1111111111111112	2.768141759421268	2.248366723391765	24489.75014559996	58.88474062681671	25.40491660166336	31.23	3.0	2.0563	0.5672709564560405	0.0015691304193664562	0.8661485030006217	0.48303383163708397	active
12.215277305366591	0.33160997732426334	-0.43340765936004044	0.7301306649014965	10.7	286.718	1.35	2.90651026413538	1.9263037690537623	57999.41232082151	59.00553528582098	15.937262329846266	54.98	3.0	3.743920000000002	0.6293213396268817	0.00162055147035292	0.9817285246804591	0.5014558432206935	inactive
12.223658352229782	0.07235591458805746	0.07235591458805746	0.6300536324372557	10.882352941176471	288.208	1.0	2.6869850313866452	2.274369562502265	14036.809803963835	64.4481921185137	18.295119060385826	22.0	3.0	2.3561199999999998	0.5700233525980563	0.0018571216947211246	0.8828211148226243	0.681024342398333	active
12.83536328420257	0.006674225245654197	-0.28665732342319616	0.6301789108659128	10.882352941176471	292.171	1.0	2.6869850313866452	2.274369562502265	14036.809803963835	64.7019614678626	18.295119060385826	22.0	3.0	2.1868	0.5800700627762941	0.001879710294093444	0.894310447041226	0.726757038205093	active
12.058190114008568	0.2206676351095993	0.2206676351095993	0.5930580770939952	11.117647058823529	296.27200000000005	1.1176470588235294	2.6699470717123925	1.992354670423384	11197.758018761775	34.61927235297027	18.295119060385826	22.0	2.0	3.028900000000002	0.5548850059920458	0.0015102373762901614	0.874169371161725	0.7239367993950132	active
12.206946806500378	0.012260802469135967	0.012260802469135967	0.6336232917968305	10.882352941176471	308.626	1.0588235294117647	2.676445018677098	2.3142653038028795	13797.07407128044	63.90737394055803	18.295119060385826	22.0	3.0	2.7011000000000003	0.5235321549886877	0.001496995042124986	0.9039645906462799	0.6515692093644667	active
12.27516298185941	0.017530864197531137	-0.053881172839505886	0.6214166056399674	11.0	343.071	1.0	2.663259138765108	2.3148250355748976	19063.60891528064	62.863640185837745	18.295119060385826	22.0	3.0	3.3545000000000016	0.4339891719178814	0.0008453011309685282	0.8282411871815273	0.5196660264371745	active
12.138730631141346	0.07840277777777782	0.07840277777777782	0.6224308831812042	10.75	274.181	0.875	2.6877850522582163	2.3390420314531206	9923.302412937335	64.95110769527832	18.295119060385826	22.0	3.0	2.0477	0.4907742783003864	0.001750727176413636	0.8302959894366557	0.5317566261715645	active
12.815329452035126	0.02982414493575214	-0.24972705131435258	0.6656887230718124	10.944444444444445	306.198	1.0555555555555556	2.699761379952149	2.023332339863186	22170.440452167048	70.26541295955961	18.295119060385826	22.0	3.0	2.2459	0.4123151728842082	0.0012476088159525539	0.9271006373230084	0.9283613417209651	active
13.202863284202568	0.055085034013605316	-0.37753695305282586	0.6774914994407878	10.842105263157896	322.19700000000006	1.2105263157894737	2.7633931145433697	2.30402905685122	34979.03004388997	58.635594399400986	25.40491660166336	31.23	3.0	2.1954000000000002	0.4417957857741594	0.0013060717666547772	0.9528020468322272	0.6882005355966971	active
13.674897959183674	0.2512037037037034	-0.7101563681027965	0.6324075039965741	11.0	310.161	0.9444444444444444	2.6763835517538856	2.3948807723001506	20265.576253880423	64.45281524044688	18.295119060385826	22.0	3.0	2.3259	0.38398412946233973	0.001300658648008961	0.8742130009834953	0.6672101269803331	active
12.104512428058154	0.21934047461577233	0.21934047461577233	0.5672121906629936	11.166666666666666	310.2990000000001	1.0555555555555556	2.713416323490711	1.8808027861021064	18415.95658753146	34.61927235297027	18.295119060385826	22.0	2.0	3.4190000000000023	0.26897908862869013	0.0009287836552933104	0.9398679250249867	0.980746751742886	active
13.406267951625095	0.09768518518518499	-0.37929988662131486	0.6774914994407878	10.842105263157896	322.19700000000006	1.2105263157894737	2.7647937937140474	2.3304776790139523	35049.29092291298	58.635594399400986	25.40491660166336	31.23	3.0	2.1954000000000002	0.35258000179504306	0.0011049337091367253	0.9463318600961194	0.6925185603883739	active
12.39762329931973	0.05506944444444439	0.05506944444444439	0.5349846588752196	10.944444444444445	320.27500000000003	1.0555555555555556	2.7644606763071464	2.3213039612366595	24838.67917661971	58.88474062681671	24.55088824389723	22.0	3.0	2.7696000000000005	0.32176158201609684	0.0011059680374284058	0.9231048800134882	0.7368286190455282	active
13.65406462585034	0.10583333333333322	-0.3513600718065002	0.6301789108659128	10.882352941176471	292.171	1.0	2.681918735811092	2.3595811764044043	14195.395868648111	64.7019614678626	18.295119060385826	22.0	3.0	2.1868	0.444952292959202	0.0014090168904903517	0.8154274353746731	0.4714846043838875	active
13.126196617535903	0.30083333333333284	-4.71967474489796	0.4826575179760235	12.0	360.168	1.0476190476190477	2.7566557108717973	2.3342147522080547	63695.28685540375	64.199045891098	18.295119060385826	22.0	3.0	3.2056000000000013	0.35900459751325864	0.0010253826822267593	0.9732962216155311	0.8029942215140654	active
12.24106465734442	0.09087738567649284	0.09087738567649284	0.6928247256460257	10.789473684210526	318.2340000000001	1.105263157894737	2.7690463408004837	1.9595979780783404	38733.42021511716	64.4481921185137	25.40491660166336	31.23	3.0	2.1154	0.4498466952456505	0.0011752597867708847	0.9504764934066997	1.0823123519997895	active
12.536436602418746	0.058263888888889115	-4.859072105694129	0.6241325584121488	11.818181818181818	392.622	1.1363636363636365	2.7506346465739426	2.219667915896948	96162.18724422503	57.84100687209642	24.65747791941621	31.23	3.0	3.5997000000000003	0.33042684729691335	0.0006409835379748721	0.8436569014386281	0.690486965032408	active
12.419543178382465	0.01033950617283974	-0.07773919753086433	0.6728279499844142	10.842105263157896	338.65200000000004	1.2105263157894737	2.7647937937140474	2.3304776790139523	35049.29092291298	57.84100687209642	25.40491660166336	31.23	3.0	2.7097000000000007	0.36083903297723346	0.0009412055773973239	0.9246970952525272	0.6919975294503805	active
11.932476379440665	0.22362906273620564	0.22362906273620564	0.6154899334180128	11.0	268.218	1.2666666666666666	2.574672528858721	2.2830110617121777	4122.050718702812	34.61927235297027	18.295119060385826	22.0	2.0	2.2487000000000004	0.2888209543696477	0.0014489746622898027	0.9183271766090754	0.9911108439250934	active
12.290952853363567	0.06923611111111105	0.06923611111111105	0.6300536324372557	10.882352941176471	288.2080000000001	1.0	2.681918735811092	2.3595811764044043	14195.395868648111	64.4481921185137	18.295119060385826	22.0	3.0	2.3561199999999998	0.4454514881388936	0.0015162710389041308	0.8399422638396885	0.6148097117641458	active
13.08204266692903	0.03684033503973949	-1.0605154758694624	0.36648141964571357	16.714285714285715	509.9870000000002	1.1428571428571428	3.1871009436099627	2.049486740102218	33577689.24299899	34.85155307928476	54.89546979267963	139.89999999999998	2.0	2.1240999999999994	0.05039983612371528	0.00012579596681197648	0.7273910092729043	1.6568618316444794	active
12.39987748803225	0.026404596560846594	0.026404596560846594	0.6784840406266259	10.761904761904763	348.26000000000016	1.0952380952380953	2.8421493062625864	2.021848222820718	97070.76740609237	58.38182505005209	32.51471414294089	40.46	3.0	2.1239999999999997	0.42151715580809085	0.0008537112899632106	0.8821441032059051	0.9870336104110753	active
12.10198365457294	0.20883975812547217	-0.20883975812547217	0.5633598200445077	13.666666666666666	235.242	0.8888888888888888	2.659856963866877	2.103900650842579	22981.164167809817	71.05534855915606	16.550468413677088	47.03	3.0	2.544200000000001	0.572439773694813	0.002011005007317283	0.8653868393592354	0.43936360800636565	inactive
13.113759220911096	0.07542712326487555	-1.0182858438625935	0.32789190968006365	17.323529411764707	472.54200000000026	1.2058823529411764	3.4268622053587814	1.7528690677146948	36985301.33550804	29.959396268694903	65.94040762020632	149.61999999999998	3.0	0.8934000000000009	0.2299426333166999	0.00021805551044624092	0.8197601206356054	1.3842886129588248	active
13.469540519171652	0.03955408320735754	-5.164441468965122	0.5037264667056948	28.885714285714286	499.5340000000003	1.2285714285714286	3.095432995844625	1.8075863695374195	21524854.813122578	0.0	65.919962464969	131.4	3.0	1.0971800000000007	0.4344509544097576	0.0003072185879742139	0.852004024475672	1.0143437983231658	active
12.035428004535149	0.0857407407407409	-0.0857407407407409	0.5647556673817496	10.666666666666666	255.302	1.1111111111111112	2.8354600728046506	1.8808510137839571	26744.059406693465	54.485817548844274	20.067212493027345	58.64	3.0	2.8904000000000005	0.7774942739471239	0.0032905555827709722	0.9648224633937483	0.3640919733834052	active
12.15211010330058	0.02464710884353738	-0.02464710884353738	0.5382346135061886	10.4	298.392	0.95	2.990906669724506	1.7856665190669754	77907.13693298394	65.80177088462032	15.083233972080137	42.85	3.0	4.137600000000002	0.5172412648106678	0.000987756916345389	0.8396276720225888	0.3135316020096954	active
12.198725329638027	0.03281326110691185	-0.03281326110691185	0.481046872398941	10.523809523809524	377.288	1.0476190476190477	2.9887739279050867	1.7816590038601423	110034.70092975367	64.20812333199113	15.083233972080137	42.85	3.0	4.900100000000002	0.7103563635590519	0.0010055934257609351	0.911581072121384	0.3168958601119841	active
12.077094671201815	0.011666666666666936	-0.011666666666666936	0.5275946130012502	10.666666666666666	272.354	1.1111111111111112	2.8354600728046506	1.8808510137839571	26744.059406693465	53.669036747697106	15.083233972080137	42.85	3.0	3.623800000000001	0.31073448383317337	0.0007735148060163502	0.7216754237953231	0.3790097077767235	active
12.047943436633911	0.2098322940287225	-0.2098322940287225	0.54164592865654	10.4	282.324	0.95	2.990906669724506	1.7856665190669754	77907.13693298394	66.68487110979348	15.083233972080137	55.99	3.0	3.669100000000002	0.5572481459838549	0.001228598029011409	0.8636589028889233	0.3194468549208918	active
13.272287021289998	0.07303925736961436	-0.6805328798185941	0.6759389651549571	15.6	422.8720000000002	1.2	2.752421012643878	1.6947401948001475	6911130.988435867	71.00779291959273	47.742612234354546	91.4	4.0	2.8123000000000014	0.18142873534395634	0.0002067330139475992	0.6782635264920163	1.13781686907147	active
12.078228930461073	0.1555990173847317	-0.1555990173847317	0.5275147798324802	10.526315789473685	267.313	0.9473684210526315	2.4754569434724107	1.8932085935955498	36765.486524452244	60.55218461730588	20.067212493027345	55.74	3.0	2.957300000000001	0.23952275505735546	0.0006422378085182535	0.6461470164775824	0.3403005415909513	active
13.127666908208033	0.0012141128398719392	-1.0602816965348534	0.15226355145760612	12.764705882352942	499.0320000000004	1.1176470588235294	2.7200194145356233	5.551104657767035	6873644.101638149	5.425791397110385	59.053252679890896	152.76999999999998	0.0	1.6098000000000008	0.21681304056818368	0.0002050207285539282	0.8234341019609049	1.268553165283936	active
13.512688767636682	0.06693098072562309	-3.835297794629279	0.5385680259145699	21.142857142857142	534.0590000000002	1.2	2.761984508416823	1.4535928458836416	44653362.60556087	71.00779291959275	55.83528543640576	113.50999999999999	5.0	3.1906000000000017	0.24185912118813252	0.0001720026840304644	0.7417202884702373	1.321230408263682	active
12.076091584782061	0.16358229402872237	-0.16358229402872237	0.6834057017399089	10.65	302.38000000000005	1.15	3.089534007340253	1.7801468510242078	70503.16604750456	53.232440594958476	15.312640546787796	55.99	3.0	4.039020000000002	0.23638093702537052	0.00046362204447402083	0.632474464660298	0.41175270964036925	active
13.455682594797176	0.012686366213151556	-3.7319181649996502	0.5927219986950237	19.454545454545453	480.97700000000026	1.2424242424242424	3.5737157916225963	1.4783523723477914	49711587.4299763	71.00779291959275	35.911781238583245	103.16000000000001	5.0	4.059680000000003	0.26921857908047375	0.00018836876591475746	0.700383378024981	0.9564823849936075	active
13.612429291562812	0.08587360678422429	-3.811232977471929	0.44851950065326246	18.81578947368421	573.0760000000004	1.2105263157894737	3.610732214586554	1.4520846214113705	332137217.8929668	69.66352071558322	50.585347406423594	151.39999999999998	5.0	4.024480000000003	0.1446990276128923	0.00011446908474427673	0.7241180578511869	1.4710731753480863	active
13.370476662887377	0.14645479024943353	-0.6374366969009833	0.643387609218501	15.074074074074074	378.8150000000001	1.2222222222222223	3.107325143482277	1.8264041317673452	2228666.8126597935	78.09929721832813	23.405219944163136	59.5	4.0	4.110000000000002	0.15165739209347823	0.00043873870298421645	0.8427359774175281	1.2909837219564753	active
13.429033718055631	0.012885690764929736	-3.578431754374599	0.5180857071878658	15.457142857142857	514.9710000000002	1.2	2.791224972071609	1.6662445232863563	46346080.01107119	69.66352071558322	62.41617840219488	139.64	4.0	2.7771000000000017	0.40779363221215237	0.00023264636996801917	0.8336036530958075	1.08928437707858	active
12.927418272864701	0.0700998362307883	-0.2870508944318473	0.6597209287605736	16.16	372.25500000000005	1.16	2.623226744701067	1.6749357004587393	707379.3239760897	64.40060767317546	17.43591465621129	54.02	4.0	5.079500000000003	0.4793072390509191	0.000653134984472919	0.9104503893395788	1.0443914629827744	active
13.514011820777693	0.060103694255480455	-3.6801357575922435	0.6061137544986807	21.757575757575758	485.00900000000024	1.121212121212121	3.254548189230152	1.483958134049557	41062094.24851742	71.00779291959275	47.55365643495784	82.61	5.0	4.012700000000002	0.10393629389795246	0.00016674401504055753	0.6872903795921683	1.401793686610263	active
14.02460183610481	0.10887605331643946	-0.9731052768329556	0.6675429432981888	20.1875	448.9100000000002	1.1875	3.127782050185785	1.6221318186103701	26189894.974205237	71.00779291959273	54.28736864026712	82.61000000000001	5.0	2.7647000000000013	0.2136393758026627	0.0001735976916790205	0.6252000698229265	0.9184619889992626	active
12.076863189720331	0.011435185185185048	-0.011435185185185048	0.7292401868900106	10.944444444444445	275.358	1.3333333333333333	2.964974691210409	1.866729037102395	24763.468620989337	41.03338703400927	20.296619067735005	58.64	3.0	3.260320000000001	0.26916406146957883	0.0006420202732408673	0.682945059710781	0.3533984701108213	active
13.630762314184931	0.04681955366673418	-0.3749170374766313	0.3889072341446162	17.97142857142857	493.0070000000002	1.1428571428571428	2.837616820746171	1.399142783399082	89527219.31136389	59.88088993619875	29.69493033928423	83.56	5.0	6.1219000000000054	0.12360500785453643	0.00016045772093438248	0.8125894673187772	1.278046666168688	active
14.02923146573444	0.037755889392794506	-0.7326886101662891	0.687464767157707	20.967741935483872	434.9270000000002	1.2258064516129032	3.0978513775702243	1.5873819636937911	17084823.826976933	71.00779291959275	48.380188910915614	65.54	5.0	3.124500000000002	0.21851944905763368	0.00021254251880603435	0.661952542246457	0.8202205028436519	active
13.585993808788945	0.08751565495786573	-3.8075657109269154	0.4887033402399182	19.10810810810811	559.0690000000003	1.1891891891891893	3.6133843760305386	1.4781791874164865	221319619.58942044	64.94142585113113	50.585347406423594	137.3	5.0	3.463180000000002	0.4689699966631359	0.00028333086756040734	0.8554501925159463	0.9525217440675499	active
13.510682594797176	0.012686366213151556	-3.7552514983329837	0.5640147416322046	19.58823529411765	495.0040000000003	1.2352941176470589	2.806405378946732	1.4717339938580913	40284894.006357856	71.00779291959275	35.911781238583245	103.16000000000001	5.0	4.449780000000003	0.33981493258247686	0.0002550815963412994	0.8355988921153905	1.1704797268704992	active
12.223244520030235	0.003379629629629566	-0.003379629629629566	0.7292401868900106	10.944444444444445	275.358	1.3333333333333333	2.9675908288188397	1.9438322133164496	25132.526729266752	41.03338703400927	20.296619067735005	58.64	3.0	3.260320000000001	0.47750361803403424	0.0012597300863691821	0.8395772383649603	0.3517605688078174	active
13.503721261652808	0.10081703514739204	-0.9001103710219427	0.6399581177539437	18.75	448.9100000000003	1.15625	3.6047297739108286	1.537848942858753	37476702.86473579	71.00779291959273	46.73678108082532	91.4	5.0	3.3449000000000018	0.23553985269710073	0.0002240300801322036	0.7212770592861267	1.0774597229620906	active
13.449658289241622	0.056375425170068105	-3.7768487205552055	0.5542211443498137	20.441176470588236	520.0320000000003	1.1470588235294117	2.767720959345468	1.4409359188118236	33483417.653598383	71.00779291959273	55.83528543640576	113.50999999999999	5.0	2.8005000000000013	0.211023472220976	0.00020538472381838912	0.8742912209939498	1.318880825176435	active
13.451855434303349	0.09303925736961505	-3.4973348316663153	0.5938340896710826	20.0	469.99400000000026	1.21875	3.483408888928425	1.4803346035209972	27062701.193533823	71.00779291959275	35.911781238583245	79.37	5.0	4.556000000000004	0.16017542280564756	0.00015135155543427795	0.6528861452397856	1.088344961124803	active
13.328459860796169	0.07672406462585024	-0.6807454648526081	0.6421088255185609	15.483870967741936	436.8990000000002	1.1935483870967742	2.7569586747814165	1.6705717786785295	10927861.863660742	71.00779291959273	47.23969665758993	91.4	4.0	3.2024000000000017	0.29191252767837816	0.00020906968755668372	0.6953868906572823	0.7835345561573583	active
13.449375049019709	0.020412887377172728	-3.8048811279626142	0.6157761815270262	19.454545454545453	481.96500000000026	1.121212121212121	2.7738371216612694	1.4683700508210695	26272298.439678334	71.00779291959275	47.55365643495784	106.39999999999999	5.0	3.1262800000000013	0.1335890225679823	0.0001820118069804318	0.7357229881707151	1.2454355092522715	active
13.512688767636682	0.06693098072562309	-3.835297794629279	0.5385680259145699	21.142857142857142	534.0590000000002	1.2	2.761984508416823	1.4535928458836416	44653362.60556087	71.00779291959275	55.83528543640576	113.50999999999999	5.0	3.1906000000000017	0.23431107719503647	0.00016714763043945157	0.7327555871317665	1.3193574266563861	active
13.050636889014864	0.10346387629125697	-0.32233279268497617	0.6409128158093472	15.74074074074074	402.28100000000006	1.2222222222222223	2.680077397554158	1.6810060436540155	1741396.3695251993	58.33424060471385	24.54571219748882	63.25	4.0	5.088100000000003	0.3695353324243295	0.0005448733173739099	0.9976476974993491	1.052796426579418	active
13.61595807689084	0.022069359570937808	-4.026884151394208	0.4938360474511647	20.789473684210527	573.0960000000001	1.1842105263157894	2.893011249655436	1.4493817759815792	265433921.0204262	71.00779291959275	55.83528543640576	137.3	5.0	3.4744800000000025	0.4618924461397272	0.0002416719994773083	0.8764370432796539	1.0894511688056638	active
13.483336915784832	0.04116850907029557	-3.63441816499965	0.5710373034204539	19.757575757575758	485.9930000000003	1.2424242424242424	3.5737157916225963	1.4705872583407205	49711587.4299763	71.00779291959275	48.62262959084447	88.60000000000001	5.0	3.9349000000000025	0.14524836096620167	0.00018236869084262518	0.7134533423346113	1.2357318746877846	active
13.466692623036868	0.029478916796287002	-3.620570463760503	0.5180857071878658	15.457142857142857	514.9710000000003	1.2	2.795208830901446	1.6981436093854159	46590406.62344142	69.66352071558322	62.41617840219488	139.64	4.0	2.777100000000001	0.22887060869443895	0.00016875051135127896	0.6872247387105193	1.058116150074396	active
13.458771074787938	0.008368698017417353	-3.408196863278644	0.5205427734005493	15.571428571428571	514.9910000000003	1.1714285714285715	2.798341126663719	1.6810583783339257	48839752.702844694	64.94142585113113	61.91326282543027	125.53999999999999	4.0	2.605900000000001	0.42432040844874	0.00025302288261856584	0.8326988877771058	1.0907055966915689	active
13.398926760519021	0.3065402179390271	-1.2088147203325774	0.7141839072571545	18.25	398.8460000000001	1.2142857142857142	2.727327038621525	1.7641304695761757	2898488.6289113346	59.377974359434134	31.717635297366698	69.68	4.0	4.159700000000003	0.42183012601096087	0.0005358185871633727	0.8800961534772132	0.9629347633255683	active
13.500682594797176	0.0330945294784577	-3.7952514983329837	0.5620628896469915	19.58823529411765	495.99200000000025	1.2647058823529411	2.806405378946732	1.4717339938580913	40284894.006357856	71.00779291959275	49.00129405040839	115.19000000000001	5.0	2.869080000000001	0.2303244590024171	0.00015852435007147542	0.6686095048933297	0.825109685308197	active
13.472432900259378	0.02167894935752157	-3.7337700168515027	0.5982322762083417	19.757575757575758	486.9810000000002	1.121212121212121	2.7738371216612694	1.46093524471586	26272298.439678334	71.00779291959275	60.767420363983675	91.84	5.0	3.001500000000002	0.45494272507288097	0.000375625920718782	0.874668842269233	1.1284561665276633	active
12.08054799697657	0.00532407407407387	-0.00532407407407387	0.7292401868900105	10.944444444444445	275.358	1.3333333333333333	2.964974691210409	1.866729037102395	24763.468620989337	41.03338703400928	20.296619067735005	58.64	3.0	3.260320000000002	0.27304019910902755	0.0006467248797269726	0.6859699714685101	0.3266138977745407	active
13.594608214631887	0.043936366213151556	-3.8503440909255766	0.537955160577435	19.833333333333332	525.0300000000003	1.2222222222222223	2.8819271481568376	1.4608745202060223	141590418.00314218	71.00779291959275	49.125545167609076	112.39000000000001	5.0	4.076280000000003	0.2712454233557048	0.00023390130692782838	0.8230180608230822	1.255831600784245	active
13.426035618371927	0.09005660887199518	-0.6744440245233905	0.5852528429202921	17.545454545454547	462.93700000000024	1.121212121212121	3.641247636850203	1.4091453188457375	65437545.836390726	71.00779291959273	47.239696657589924	91.4	5.0	3.592500000000002	0.21955517095483854	0.00016859290069725413	0.6936196150782937	1.1402687550574513	active
13.433663347685261	0.13413236922930882	-3.5464081461147283	0.5357490136597978	16.029411764705884	500.9880000000002	1.2058823529411764	2.772191112150617	1.631659716631534	30560828.873726252	69.66352071558322	56.50899867284337	122.57	4.0	3.1369000000000016	0.3744930013254007	0.0002770948187608796	0.8247974112981169	1.1254967574772914	active
14.260665706097253	0.037610162760475685	-0.7370636101662891	0.6475000506562233	23.696969696969695	460.96500000000026	1.121212121212121	3.5951210454134856	1.4611955607970506	76497388.25786524	71.00779291959275	47.374357757386385	65.54	6.0	3.6571000000000025	0.3081412269783696	0.00034755637558726697	0.8456252601502882	1.0921507138859052	active
13.402598235281765	0.012053505273653231	-3.4061873146675326	0.5529644944545921	15.676470588235293	500.9640000000003	1.1764705882352942	2.794040975882697	1.6997761306872847	30891207.609620593	64.94142585113113	62.41617840219488	125.53999999999999	4.0	2.2158000000000007	0.2474044617116412	0.00019596865942141177	0.7710516051417818	1.2659603035783555	active
14.577302965167547	0.037915485638700064	-3.7840038603889155	0.47471973709225174	24.83783783783784	535.0690000000003	1.1891891891891893	3.6112222667962284	1.4912406426925107	380207738.58808786	71.00779291959273	42.45653764449582	94.37	6.0	4.648180000000004	0.2125258181915882	0.0002307376521551446	0.8435745009786494	1.4493386841157259	active
13.61487961388259	0.050233528596623334	-3.995340823414867	0.6062042234115708	19.84375	472.95400000000024	1.1875	2.7719608096259036	1.808702909205955	13006078.926216075	65.44434142789574	49.65853574977773	108.47	4.0	2.5349000000000004	0.3165362972948244	0.0002743480912355551	0.7849175146291405	1.0456606759235716	active
13.276916650919626	0.08349527941639479	-0.44344954648526147	0.6949663952768478	16.275862068965516	408.8890000000001	1.206896551724138	2.7323285475536863	1.6499276264552347	4555015.739712894	71.00779291959275	41.835432505003034	74.33000000000001	4.0	3.1721000000000013	0.16393348874345903	0.00023278068189572424	0.6844475355275169	1.1953790213737647	active
13.380067633534894	0.03178925736961524	-3.697566313147799	0.6325779196676399	16.967741935483872	458.9710000000002	1.2580645161290323	2.7741775324215414	1.7120381947696386	9751073.124164838	71.00779291959275	48.05657201172246	82.61	4.0	3.622600000000002	0.3452760412583261	0.0003231406827831036	0.811454588318961	0.9157752452820261	active
13.46050517392193	0.041618403725637076	-4.053492239073724	0.5190624563700035	16.294117647058822	502.98000000000025	1.2352941176470589	2.8285295088166604	1.6713079790978527	37466441.64907067	71.00779291959275	61.13567484095184	108.91000000000001	4.0	2.7757000000000014	0.17143069434367025	0.0001825295385445711	0.7188055146762553	1.3857781393014161	active
13.276916650919626	0.08349527941639479	-0.44344954648526147	0.6949663952768478	16.275862068965516	408.8890000000001	1.206896551724138	2.7323285475536863	1.6499276264552347	4555015.739712894	71.00779291959275	41.835432505003034	74.33000000000001	4.0	3.1721000000000013	0.19253010099475748	0.00020808442320837913	0.6778925555266634	1.054419454321187	active
14.182980062816371	0.027795347945660742	-0.729959451373142	0.6086662816000805	22.38235294117647	474.99200000000025	1.1764705882352942	3.6228429986501944	1.3365261219921194	130827062.98847221	71.00779291959275	47.87727333415099	65.54	6.0	3.9047000000000027	0.13002561930915696	0.00020605385136862587	0.7700753914811058	1.399662951272505	active
13.455682594797176	0.012686366213151556	-3.7319181649996502	0.5927219986950237	19.454545454545453	480.97700000000026	1.2424242424242424	3.5737157916225963	1.4783523723477914	49711587.4299763	71.00779291959275	35.911781238583245	103.16000000000001	5.0	4.059680000000003	0.2631424412187422	0.0001830433252049189	0.6937325385675953	0.9474423522414688	active
13.336353953235715	0.044777406670826414	-0.5090878002435548	0.6024079412935601	15.67741935483871	433.89900000000017	1.2258064516129032	2.7732902568591626	1.6007939872796126	11918092.854080949	71.00779291959275	41.33251692823842	98.12	4.0	3.065880000000001	0.17352011792661332	0.0001417006638568668	0.605280080276248	0.9592339648465561	active
13.642999981628451	0.03327104044539397	-3.910945340556546	0.44721217848214406	20.641025641025642	612.1510000000001	1.1282051282051282	2.8031143224180224	1.4583681186334463	199545470.25994542	64.94142585113113	70.50885160424609	147.64999999999998	5.0	2.594100000000001	0.15621898936485942	8.669744415555634e-05	0.6369694753005366	1.1918961828792827	active
13.275708144368858	0.27317617787855863	-1.1712019321617535	0.7539882358953905	18.846153846153847	368.8200000000001	1.2692307692307692	2.6743549722848217	1.763839332989991	1179572.3989157218	65.44434142789574	24.607837756089165	60.45	4.0	4.151100000000003	0.4091996082303531	0.0006561960618451341	0.9009005797915988	1.0269373658767231	active
13.61595807689084	0.022069359570937808	-4.026884151394208	0.4938360474511647	20.789473684210527	573.0960000000001	1.1842105263157894	2.893011249655436	1.4493817759815792	265433921.0204262	71.00779291959275	55.83528543640576	137.3	5.0	3.4744800000000025	0.41818139749602584	0.00022679203543006502	0.873830054674497	1.172183969286711	active
13.439504935850984	0.045042517006802285	-3.8708533501848357	0.5769688148923903	16.363636363636363	483.9810000000002	1.303030303030303	2.814538920796692	1.6772810440910428	25617629.286888044	71.00779291959275	48.05657201172246	106.39999999999999	4.0	3.5163800000000016	0.27420377243223976	0.0002450004157256365	0.7760354715850408	1.1307817539543064	active
13.449658289241622	0.056375425170068105	-3.7768487205552055	0.5542211443498137	20.441176470588236	520.0320000000003	1.1470588235294117	2.767720959345468	1.4409359188118236	33483417.653598383	71.00779291959273	55.83528543640576	113.50999999999999	5.0	2.8005000000000013	0.16192290386630948	0.00020939834257272934	0.8684159421360401	1.3590022942265603	active
13.374782174845755	0.0791156462585032	-0.681163417527505	0.599963105942466	15.375	450.92600000000016	1.1875	2.792696220023328	1.6402345988336997	18081775.26411356	71.00779291959273	47.23969665758993	91.4	4.0	3.592500000000002	0.20111823734140397	0.00012784251055375184	0.5854824402315131	0.9381433844992538	active
12.40170493197279	0.0788803854875284	-0.0788803854875284	0.4982556684717378	11.090909090909092	322.41400000000004	0.8636363636363636	2.9619551143484992	1.6461678694230186	236600.97453415813	66.35759867946456	15.083233972080137	42.85	4.0	4.777000000000003	0.328428613352228	0.00047221051397746094	0.6682278651296328	0.20273450676390034	active
13.687383377880536	0.0848305228839974	-3.817461246557341	0.3895772072675725	18.625	601.1300000000002	1.2	3.6638928388855563	1.4364179302886901	868051132.8127578	69.66352071558322	49.579516252894365	151.39999999999998	5.0	4.803080000000004	0.308991107710828	0.00016146551159642363	0.7789478474801798	1.0690810814318144	active
14.256036076467623	0.09779966616276137	-0.9774802768329551	0.6310991668620473	22.88235294117647	474.9480000000003	1.088235294117647	3.601436967026383	1.4943444236276622	114030368.31674205	71.00779291959273	53.28153748673789	82.61000000000001	6.0	3.2973000000000026	0.13299643276417852	0.00018532053364157328	0.7047603336371712	1.4209346661952527	active
13.340503196649028	0.03904336734693836	-0.7279629629629631	0.6280142933836949	15.516129032258064	457.31700000000023	1.1935483870967742	2.752057316247207	1.7160477533081306	9912293.9922836	69.96405916487245	47.742612234354546	91.4	4.0	3.465700000000002	0.1632109232909719	0.00020370385927813683	0.698854733919693	1.1675543720150665	active
13.7697930382842	0.0019993228772992033	-0.7778968253968255	0.6521765771912013	15.516129032258064	440.8620000000002	1.2258064516129032	2.753405820056502	1.7046111796057453	9745008.069069896	70.75864669217702	47.742612234354546	91.4	4.0	2.9514000000000014	0.21402777261319458	0.00022573680372746916	0.755012770012026	1.1237213644531163	active
13.483336915784832	0.04116850907029557	-3.63441816499965	0.5710373034204539	19.757575757575758	485.9930000000003	1.2424242424242424	3.5737157916225963	1.4705872583407205	49711587.4299763	71.00779291959275	48.62262959084447	88.60000000000001	5.0	3.9349000000000025	0.13434818515199423	0.0001830688069454552	0.7113126157932779	1.3471959531555084	active
13.619513260064863	0.19009227765180126	-0.38441484001007864	0.6310806596857562	16.03846153846154	390.24500000000006	1.1923076923076923	2.624360948979882	1.685812377025862	997509.0992634572	64.15146144575974	17.43591465621129	54.02	4.0	5.218600000000003	0.44981901227095317	0.0005671652632616238	0.911047900912334	1.0471629783419496	active
13.35821271101033	0.009844812925170032	-3.813885757592242	0.6232166235153843	19.193548387096776	455.9470000000003	1.1612903225806452	3.5619343455221775	1.4814585112613317	21874935.891630113	75.72988778404483	36.20076846098442	93.47	5.0	4.207000000000003	0.1610387067088691	0.000167465360107404	0.6479266863655704	1.0431683082598926	active
13.7697930382842	0.0019993228772992033	-0.7778968253968255	0.6521765771912013	15.516129032258064	440.8620000000002	1.2258064516129032	2.753405820056502	1.7046111796057453	9745008.069069896	70.75864669217702	47.742612234354546	91.4	4.0	2.9514000000000014	0.31688184279072507	0.0002701799951362488	0.759153051154728	0.84482340604718	active
13.340503196649028	0.03904336734693836	-0.7279629629629631	0.6280142933836949	15.516129032258064	457.31700000000023	1.1935483870967742	2.752057316247207	1.7160477533081306	9912293.9922836	69.96405916487245	47.742612234354546	91.4	4.0	3.465700000000002	0.281815154843547	0.0002672597553628333	0.7656247901469505	0.9903527602993014	active
13.181217403628118	0.006337711010330649	-3.796891749340792	0.7066788286536689	20.814814814814813	400.86700000000013	1.2222222222222223	2.6513283744640805	1.7868613400232376	1321215.2582196896	70.16643629234783	25.853711640540226	90.22999999999999	4.0	3.8606000000000025	0.2848221356370654	0.0003939717036851742	0.7820066842329749	1.0910511865159367	active
13.443336915784831	0.040464143990929236	-3.794418164999651	0.5833497216603628	16.727272727272727	482.9930000000002	1.2727272727272727	2.775698957043577	1.692551218100687	19305452.56366286	71.00779291959275	35.911781238583245	103.16000000000001	4.0	4.305680000000003	0.13393096443173147	0.00017097233162035995	0.7032499027400603	1.40948723432175	active
13.6354102096014	0.01955780447573341	-0.5558071897772476	0.73344185574224	16.16	356.78400000000005	1.28	2.623226744701067	1.6749357004587393	707379.3239760897	65.19519520048003	17.49804021481163	51.22	4.0	4.532100000000003	0.43666439359143555	0.0006338261936354531	0.8644134751355486	0.9932564043789475	active
13.73032789186356	0.07795715886708265	-1.0145405538758714	0.32960782499925606	12.108108108108109	499.5860000000002	1.027027027027027	3.420894717388939	1.6941281527867826	221547596.15236405	119.72107769541589	23.343094385562793	75.44	4.0	5.858200000000005	0.12128592368731986	0.00019778232552207045	0.8580150032614179	1.5090368954949789	active
13.41321271101033	0.009844812925170032	-3.8372190909255752	0.5905943711038222	19.34375	469.97400000000033	1.15625	2.7560925140916193	1.4649356159731421	16416725.69422204	75.72988778404483	36.20076846098442	93.47	5.0	4.597100000000005	0.17678312150330325	0.00022067464046106954	0.7661230523680798	1.2460114241831912	active
12.7746022297808	0.2529747732426304	-0.30073507180650005	0.5771029549850707	11.0	334.40000000000003	0.7916666666666666	2.901125139346908	1.8710872683193582	567831.4212740917	98.51163667663978	8.523760756051951	44.0	4.0	3.2622000000000018	0.34255183657867067	0.0006288760091696834	0.8020300730860525	0.6682021179421858	active
11.601201420382967	0.06331490929705219	-0.558259007306626	0.31343520544484943	10.8	290.26000000000005	1.2	2.904532429324343	2.0972740006885093	58845.82701811119	51.850250207463986	15.236637563068562	109.0	3.0	1.9155999999999995	0.3882265074564726	0.0010696383665521863	0.8943251523566491	0.7910300033261405	active
11.311536438649533	0.02196286848072604	-1.1358248299319726	0.4753379739804853	12.11111111111111	253.21399999999997	1.3888888888888888	2.37136310319575	2.548568974159402	8539.278534607894	23.1219770257306	23.66242991785309	158.63	1.0	-2.868099999999999	0.565905778900452	0.001741777505382151	0.9024622344732547	0.685536538036191	active
11.530262188208617	0.21633975812547224	-0.2556916099773241	0.7487812423768543	10.466666666666667	222.26900000000003	1.2	2.4690029893996233	2.4125895433359164	3426.976149286677	56.047067197408474	8.523760756051951	44.0	2.0	0.6567999999999999	0.34025838641977035	0.0016522326691812432	0.8383849814250177	0.7909348347423716	active
10.431481481481482	0.3125000000000002	0.3125000000000002	0.28239623999098273	9.0	126.16	1.5	1.7681772153059907	3.134861511345448	72.49526582754562	29.603197801775195	0.0	26.939999999999998	1.0	0.22580000000000017	0.33261636407640827	0.004232767664513608	0.6659481486055908	5.532492429183301e-07	active
4.053510015117158	0.6791666666666666	0.6791666666666666	0.6769346849476513	13.272727272727273	187.31300000000002	1.7272727272727273	2.5175949977372087	2.2307954820968985	480.86064456780684	12.393687143226153	10.233916550929383	26.990000000000002	1.0	2.5776000000000003	0.4021356320692071	0.003143252207715223	0.9456300720615037	0.7999776698637213	active
5.072795729402872	0.8372222222222224	0.8372222222222224	0.4688607712542894	9.333333333333334	240.44400000000002	0.8333333333333334	1.9834180793154317	3.6934830872422997	295.5292938179993	0.0	46.631575563527655	6.48	0.0	2.0608	0.4222629387957455	0.00203099737477254	0.9629523215889492	0.8722661671985463	active
13.383894794028722	0.07393636621315158	-3.932149646481131	0.5775915936184867	16.5	469.9540000000002	1.3125	2.782942412299664	1.7033537658080773	15548160.110397607	71.00779291959275	48.05657201172246	106.39999999999999	4.0	3.1262800000000013	0.22093502399471746	0.00020247235796934179	0.7195346099151807	1.1518821566629778	active
13.594608214631887	0.043936366213151556	-3.8503440909255766	0.537955160577435	19.833333333333332	525.0300000000003	1.2222222222222223	2.8819271481568376	1.4608745202060223	141590418.00314218	71.00779291959275	49.125545167609076	112.39000000000001	5.0	4.076280000000003	0.1874556554858429	0.00018823409183345036	0.7890276336462398	1.3195920546332707	active
13.70838037761401	0.04837108495540332	-3.8978138055543803	0.4490252017403599	20.025641025641026	591.1110000000003	1.1538461538461537	2.852347489067659	1.4643467178711431	268342382.64738014	70.50487734282814	68.79013714843444	142.60999999999999	5.0	2.550200000000001	0.40765368866115764	0.00021358418459155117	0.8469814389254186	0.9881444403815887	active
13.394052973041067	0.06567814625850343	-3.610760757592242	0.6520501436657845	19.580645161290324	456.9550000000003	1.096774193548387	2.7127139202104336	1.4985128328362236	10036303.646592308	71.00779291959273	47.55365643495784	82.61	5.0	3.3766000000000025	0.21529781362556968	0.00023923350764066712	0.7669404194451273	1.3096937241850006	active
13.702780444471689	0.3147136400856638	-1.269867961073318	0.7290679787675891	18.62962962962963	386.8100000000001	1.2962962962962963	2.675424100703154	1.7720711943283907	1663284.4091661437	65.19519520048003	24.607837756089165	60.45	4.0	4.290200000000003	0.3561031943626157	0.0004835110385516105	0.8162896154590169	0.8956668421276972	active
13.7697930382842	0.0019993228772992033	-0.7778968253968255	0.6521765771912013	15.516129032258064	440.8620000000002	1.2258064516129032	2.753405820056502	1.7046111796057453	9745008.069069896	70.75864669217702	47.742612234354546	91.4	4.0	2.9514000000000014	0.21629327655152342	0.00023574473387008148	0.7652997991318378	1.1414004345081288	active
12.358904006046863	0.009022108843537602	-0.009022108843537602	0.5453443811515541	11.238095238095237	310.403	1.0952380952380953	3.0960397478679624	1.6478957860280359	154489.28737886346	60.29123161100295	15.083233972080137	45.75	4.0	4.710100000000002	0.2835378696362765	0.0005506099208959764	0.7333170218085113	0.5151019172931216	active
13.986098259847324	0.019922732790698117	-0.4545418613984069	0.3269197904185625	11.0	471.9230000000001	0.9705882352941176	3.2524780798998525	1.477435151194721	86427293.40261497	107.65976467971133	25.885028089399803	63.910000000000004	5.0	5.519200000000005	0.21422086398505075	0.00013225131642914992	0.6386474548918332	1.055721133130388	active
13.398926760519021	0.3065402179390271	-1.2088147203325774	0.7141839072571545	18.25	398.8460000000001	1.2142857142857142	2.727327038621525	1.7641304695761757	2898488.6289113346	59.377974359434134	31.717635297366698	69.68	4.0	4.159700000000003	0.34532563318622855	0.00045041653095215565	0.8275715395603932	0.8139526502285206	active
12.475586104812296	0.052071523053665913	0.052071523053665913	0.42582509121113504	10.956521739130435	353.49300000000005	0.8695652173913043	3.2190030431302996	1.5620003079888245	441949.80380353134	71.60718494677901	10.09925545113293	29.96	4.0	5.957300000000004	0.42595211111861303	0.0005365247039786426	0.806231076193154	0.4871364699752918	active
13.191750755857896	0.09887857631319097	-0.4715107709750572	0.7117003584337049	16.535714285714285	394.86200000000014	1.2142857142857142	2.6722777599372542	1.6681709474130182	2574183.7879254776	71.00779291959275	34.78776052232585	88.32000000000001	4.0	2.9114000000000013	0.23242154166676962	0.0003365654849744812	0.8169268169013807	1.2617117826415736	active
13.261567823518806	0.028926769195077418	-5.4332006840686	0.24253301649513392	17.210526315789473	550.5050000000002	1.1842105263157894	3.463380531343572	1.7758750341211296	171410280.37279597	29.959396268694903	60.833880225365604	201.80999999999997	3.0	-0.2535999999999967	0.37555096811788774	0.0001899746898130092	0.8100905025957408	1.1060421688615194	active
13.61487961388259	0.050233528596623334	-3.995340823414867	0.6062042234115708	19.84375	472.95400000000024	1.1875	2.7719608096259036	1.808702909205955	13006078.926216075	65.44434142789574	49.65853574977773	108.47	4.0	2.5349000000000004	0.22581223818349203	0.00022893428398107084	0.7508702199759839	1.1607236750897472	active
12.111088907785337	0.08796012849584289	-0.08796012849584289	0.7513683850991492	10.789473684210526	291.35699999999997	1.368421052631579	3.0364060117715095	1.8281332425863346	43201.984735485035	36.02576333715651	27.406416609012535	67.87	3.0	2.9605000000000006	0.29989294116859727	0.000640137687155403	0.731030906073171	0.6059357295330206	active
12.500894431846811	0.05062369597740468	-0.3477770596994778	0.6644198644330088	15.74074074074074	381.8190000000001	1.2592592592592593	2.6001525417296776	1.4715895705136224	1283331.2884960996	65.44434142789574	23.026239150385088	80.32000000000001	4.0	3.294200000000001	0.2140266577204834	0.00028541159950651307	0.7330779760233185	1.0390031222331684	active
12.217133408919125	0.014629629629629548	-0.014629629629629548	0.7292401868900106	10.944444444444445	275.358	1.3333333333333333	2.9675908288188397	1.9438322133164496	25132.526729266752	41.03338703400928	20.296619067735005	58.64	3.0	3.260320000000001	0.2581635593517586	0.000918493817382163	0.8348791113766793	1.0448814249814828	active
12.37141943814563	0.1331136621315192	-0.1331136621315192	0.4637061392894021	10.956521739130435	337.42500000000007	0.9565217391304348	3.2190030431302996	1.5620003079888245	441949.80380353134	72.49028517195217	10.09925545113293	43.1	4.0	5.488800000000003	0.19195782937912925	0.0002953961511871272	0.5768429969064729	0.4561423361582135	active
13.545206163885819	0.04084115609819072	-0.13807518686486908	0.2927344761672539	11.0	488.37800000000016	0.8823529411764706	3.2524780798998525	1.477435151194721	86427293.40261497	106.86517715240676	25.885028089399803	63.910000000000004	5.0	6.033500000000005	0.20876937703716658	0.00011417883706845148	0.6146512280601154	1.0461990844261546	active
13.637725024416216	0.06856606893854322	-0.59703385032209	0.7087309203499199	16.03846153846154	374.77400000000006	1.2307692307692308	2.624360948979882	1.685812377025862	997509.0992634572	64.94604897306431	17.49804021481163	51.22	4.0	4.671200000000003	0.41404483165443967	0.0005678930872669105	0.8928657490801277	1.0506497383925746	active
12.400570672713531	0.06505196523053636	0.06505196523053636	0.4589516075075975	11.238095238095237	327.45500000000004	0.9523809523809523	3.0960397478679624	1.6478957860280359	154489.28737886346	59.47445080985579	10.09925545113293	29.96	4.0	5.443500000000003	0.34153370795004545	0.0005947880379493579	0.7650056696353258	0.7467012549727782	active
5.154818121693122	0.9142129629629633	0.9142129629629633	0.5509158141740411	10.23076923076923	226.351	1.3076923076923077	2.494104956937373	2.5982775174064674	1536.3686534734218	27.977790672827755	9.967957041894417	25.78	2.0	3.3045100000000014	0.4973114427599409	0.0019963518671395394	0.7960460100734104	0.28095599485981043	active
11.31173469387755	0.4259259259259258	-0.4492384731670447	0.6480849496389218	14.538461538461538	237.052	1.0769230769230769	2.1153808896963455	2.655061525356702	1078.8442537451363	39.874743811445114	11.566489892729878	34.14	2.0	2.2276999999999996	0.6793542879343599	0.0033899684064064954	0.8783095240633544	1.0630370459766928e-05	active
11.345150419365787	0.1759619341563785	-0.1759619341563785	0.7649198651947398	10.055555555555555	240.30200000000002	0.9444444444444444	2.4073226552191507	2.085441900172752	15984.622430655161	60.160755107851486	12.576187252464766	26.3	2.0	3.459200000000002	0.7232481165376292	0.0026475735615584715	0.9635638719079332	0.7179139615179041	active
12.89355185343957	0.39485993008314413	-1.2574113010039236	0.7749701955614847	10.333333333333334	256.257	1.3888888888888888	2.329847666221643	2.595469443421668	8753.237681994713	32.8521490740581	17.142970566042003	82.27000000000001	1.0	0.4427999999999999	0.656568462080025	0.0018361138487708992	0.9136338372940571	0.648247246796794	active
13.252992724867726	0.17044533940119244	-4.391525934549924	0.6460053375585231	17.333333333333332	414.4510000000002	1.0	2.7577268830043957	1.7743458803143524	6594717.7589413915	71.41813459439695	47.50758001221104	42.43	4.0	4.054100000000003	0.195554229367561	0.00023955850439487102	0.7253349294090717	1.3083382835144537	active
10.881481481481481	0.025679012345678487	-0.025679012345678487	0.4711758525933405	9.3	154.596	1.3	2.048167390601267	2.8526279288191434	237.587417309747	35.89528683400505	11.663248391335278	17.07	1.0	2.1081	0.48625281554894867	0.004344076533778696	0.8597349614185588	0.20812744952209383	active
4.619205719324767	1.0739813765012178	1.0739813765012178	0.4490644198756372	11.4	332.50000000000006	0.65	3.0747500574237434	1.5677796561680748	104034.16819293235	48.53093654769288	9.967957041894417	25.78	4.0	5.705400000000002	0.5350331718583091	0.0008508563278691523	0.886035239936167	0.7504337680994745	active
12.90974613160691	0.13225001574703965	-0.38594623960695373	0.7452239218242064	10.818181818181818	316.357	1.0	2.7828297805759394	1.9991466389437345	126585.36105883833	85.6268407355362	8.523760756051951	44.0	3.0	2.556520000000001	0.4654880406119744	0.0008719381062624322	0.8919746807965818	0.9533102352405561	active
11.9021385224774	0.14378504591136876	-1.4406163872441982	0.08486630434811851	26.15625	680.5070000000002	0.78125	2.704439170727159	3.330538062166623	4343307.672674451	0.0	78.82169712128636	114.43	1.0	1.6064999999999996	0.37583556546521213	0.00033362882033728853	0.9095892005821454	1.3903295884542142	active
12.119168556311415	0.18532312925170036	-1.8574036281179145	0.615574356254711	19.956521739130434	315.213	0.9130434782608695	2.467837172877658	2.1085344270154884	126896.18742936917	35.392371257240434	16.99373872895395	161.82999999999998	3.0	-2.268099999999999	0.47637707635317417	0.000841567059330533	0.8162573666372301	0.49260454005900167	active
12.509200627781976	0.04066184807256201	-2.7464429099829233	0.2586315801966103	11.0	704.676	1.0689655172413792	2.6894383554127983	2.3103772365043014	3415973.990497433	67.19678757856546	8.983283525541054	113.63000000000001	4.0	2.1419999999999995	0.26161792470759027	0.00014340635108471913	0.6808323302560255	0.7180606654973274	active
10.552328889551216	0.00998713991769562	-1.276630900077177	0.7107378835828181	10.2	306.32399999999996	0.8	2.4564509948053606	1.973886716210255	33997.28176810619	47.78605840046659	21.906567617798114	106.03999999999999	2.0	0.0030000000000000027	0.5065631132020814	0.0008114246683470819	0.8414023659622433	0.6561347745851592	active
5.341120559334845	0.9208390022675739	0.9208390022675739	0.5731348904238734	10.0	296.5520000000001	0.75	2.2924875731149372	4.041784405967148	2714.3052865680856	0.0	44.6199132564692	6.48	0.0	3.6212000000000026	0.5109452759348505	0.0014166094280903786	0.9856112934938799	1.1014161015579407	active
12.486635487528345	0.019809145880574697	-0.10296296296296359	0.6956942950633703	24.181818181818183	284.314	0.5454545454545454	2.5754113333866515	1.914329409699709	245797.25765842202	94.08299178828719	11.566489892729878	34.14	6.0	3.282000000000002	0.03801262548735647	0.0005873207393513173	0.8250828657397348	1.3772816847658849	active
11.908478258587385	0.07530187074829908	-1.32697656840514	0.6511252448279088	25.045454545454547	298.25	1.0	2.749510308440971	1.9681617222066574	128968.53052773217	40.95582274893743	17.314460170337313	121.7	4.0	-1.2075000000000007	0.3386978389875483	0.0008783128788109189	0.8269844047690708	0.885378022223518	active
4.796018518518518	0.6412037037037042	0.6412037037037042	0.36933407705557747	19.25	146.26	1.375	2.1159680315697544	2.34993673877678	93.1025933890692	0.0	22.309956628234602	3.24	1.0	0.914	0.30655101641141475	0.003174599542662179	0.716529202089312	0.5944423548925695	active
13.470991236772486	0.013390731292517444	-3.696918164999651	0.5630701793481663	17.03030303030303	488.00900000000024	1.2424242424242424	2.775698957043577	1.6835887050800147	19305452.56366286	71.00779291959275	48.62262959084447	88.60000000000001	4.0	4.180900000000003	0.16329964614883816	0.00017051011150832318	0.6816870369139852	1.135301104804155	active
13.6354102096014	0.01955780447573341	-0.5558071897772476	0.73344185574224	16.16	356.78400000000005	1.28	2.623226744701067	1.6749357004587393	707379.3239760897	65.19519520048003	17.49804021481163	51.22	4.0	4.532100000000003	0.43637555745855466	0.000726924852800822	0.9196936873932308	1.1390615115406395	active
14.324389679884806	0.005418987294438571	-0.7832435726050448	0.5147100386942733	19.594594594594593	522.0490000000003	1.2162162162162162	3.1930294518721154	1.5091187783223123	244060968.70610258	64.94142585113113	80.52708097754596	78.01	5.0	3.0649000000000015	0.29662501774031896	0.00023329379806249397	0.841294345783391	1.3186360897585174	active
13.547698885109599	0.35197247417485467	-0.5506311413454279	0.6155809191247799	15.392857142857142	392.8420000000001	1.2142857142857142	2.7294138536482575	1.8388022625393767	3065595.7580021136	78.09929721832813	23.405219944163136	59.5	4.0	4.500100000000002	0.10673866057064442	0.0003632084399047159	0.792028161114141	1.2505247251314062	active
12.875476662887376	0.02947247417485488	-0.2232237339380203	0.727162179324709	16.291666666666668	337.81	1.2083333333333333	2.611582360660766	1.6683265371901423	482583.8580970603	65.44434142789574	17.43591465621129	54.02	4.0	4.426100000000003	0.2814912781769173	0.0005048814198286764	0.7766681007885444	0.8172121821403862	active
12.138591584782061	0.052471182917611214	-0.052471182917611214	0.7480374337738054	10.65	301.396	1.15	3.089534007340253	1.7801468510242078	70503.16604750456	53.16612117093249	20.296619067735005	58.64	3.0	3.7741200000000017	0.24358538665786797	0.0004413962744485152	0.6326397767075564	0.3418354004827015	active
12.070832581119378	0.20471193415637856	-0.20471193415637856	0.529831045933265	10.045454545454545	326.40200000000004	1.1363636363636365	3.15329550469609	1.7090403108850296	183521.79837331246	64.55613950552991	15.312640546787796	55.99	3.0	3.7718200000000017	0.8146805731321909	0.0016835624906220055	0.9352011810602078	0.1793216385952066	active
13.092627078609219	0.20109481292517062	-0.5704459561602422	0.7126377080697944	16.037037037037038	380.8350000000001	1.1851851851851851	2.6694849077833047	1.6980609065920897	1679303.5488788746	71.00779291959275	28.366938899399837	88.32000000000001	4.0	3.504800000000002	0.29222903166465347	0.00031746786052017355	0.6954392611541781	0.5252271844580034	active
12.418034664483077	0.14127981439489368	-0.14127981439489368	0.3703816742516695	11.041666666666666	416.3210000000001	1.0416666666666667	3.2148444004228955	1.5504515087214703	623737.6808812494	70.89663761932297	10.09925545113293	43.1	4.0	6.251300000000002	0.7978270895233698	0.0010479545453638817	0.9549100293166181	0.4581109725778476	active
14.014185169438145	0.10529407596371909	-1.3509987953514737	0.6019052426463177	20.0	462.89300000000026	1.1515151515151516	3.0606226498366573	1.669261080015734	36327436.17521564	71.00779291959273	53.64979196370605	99.68	5.0	2.2912999999999997	0.2075371960261543	0.00025114727294856237	0.7630100149202707	1.2502755433796202	active
13.096851948372962	0.2313076341647773	-0.30958627278071726	0.4424213269448405	11.344827586206897	401.45100000000014	0.8620689655172413	3.432861836399947	1.471878910078459	8695088.879693752	77.87593117231296	35.754876965825076	96.43	5.0	4.1701200000000025	0.1837682540960078	0.00034566797226804393	0.8363860628809546	1.2008238346826043	active
12.022363000755858	0.3681934996220708	-1.2842370559334844	0.49170020600639636	10.956521739130435	312.1890000000001	0.7391304347826086	2.467837172877658	2.3951104010988047	126896.18742936917	34.4887958498188	0.0	168.57	3.0	-2.0984	0.5217016793966632	0.0008963405441356957	0.8009438925862808	1.2811950110138115e-05	active
12.265284584142808	0.23622302007222662	-0.24281378600823023	0.4024000063730804	10.083333333333334	334.40000000000003	1.0	3.018861983868032	1.730614673590962	387295.84163439757	77.0027388668357	15.083233972080137	55.99	3.0	4.018740000000004	0.3392573380804583	0.0006013873538265336	0.8467590538134565	1.1064947199659334	active
12.379915154256786	0.18422979797979733	-0.9583944719132445	0.7040108922550186	14.68	401.63700000000017	0.92	2.576257887296062	1.7221302459955798	391385.09823801776	59.799013802856386	36.98611508385228	85.88999999999999	3.0	1.2440000000000002	0.4950097111843331	0.0006161041287915078	0.9906470714729533	1.010277863140973	active
12.397362353522166	0.16678259871441647	-0.9459026901906935	0.7685872751314005	14.68	381.21900000000016	1.0	2.576257887296062	1.7221302459955796	391385.09823801776	60.33983198081206	36.98611508385228	85.89000000000001	3.0	0.8990199999999995	0.5037276737644562	0.000628084701369749	0.8680143532131623	0.7608260495518195	active
13.355271557697153	0.11386017678676397	-0.4460015117157978	0.47532557082457577	11.838709677419354	414.4850000000002	1.0	2.7848810483915845	1.860765541739211	12931634.136541	83.68134523447164	23.684636547684867	79.33	4.0	4.620620000000003	0.1453209279758506	0.0002297886408316264	0.7535284267586418	1.5102812830008916	active
10.91254582388511	0.2258427815570676	-0.45008975812547214	0.4495209813517867	15.307692307692308	183.163	1.3846153846153846	2.430324264921501	2.419819378137984	950.2567875843068	12.152040213667762	29.41439122500482	63.68	1.0	-0.17790000000000017	0.3785459916442343	0.0024412422482495938	0.8361095813141423	0.7780760264144615	active
11.12324074074074	0.1559111111111109	-0.1559111111111109	0.5248027379463859	10.090909090909092	485.7840000000001	0.9090909090909091	1.9718983443825908	3.4555464838177836	256.3467847697368	16.776913881657798	0.0	46.12	1.0	1.6476	0.25042638235045633	0.00020979412208995858	0.5119217217846126	1.589157464546946e-06	active
12.090911753590325	0.08773910426327403	-0.5645984767363739	0.4901700998395578	12.96	378.3710000000002	1.32	3.218986559411766	1.6963870035257251	913522.6336685838	44.99454362803878	32.786834954883105	123.48000000000002	4.0	1.4767999999999997	0.27000278903506825	0.0003307178149902328	0.7171276503031689	0.563705082971079	active
13.339757180650038	0.10734481292517017	-3.407635757592242	0.6650989339686971	19.433333333333334	441.9400000000002	1.1333333333333333	3.590366807779564	1.5085837747722393	14878537.497307438	71.00779291959273	35.40886566181863	79.37	5.0	3.918300000000003	0.16726726201547334	0.0001718323910430352	0.6198209627086205	1.0610900339963694	active
13.57819227499693	0.07382726720930166	-0.09499128663811174	0.3216282800842715	11.0	467.96000000000015	0.9705882352941176	3.2524780798998525	1.4774351511947208	86427293.40261497	107.40599533036243	25.885028089399803	63.910000000000004	5.0	5.688520000000005	0.24160673440199504	0.0001784686378896228	0.7296401645576477	1.3134192026836014	active
12.001076152683297	0.15060185185185193	-0.15060185185185193	0.6701496109283253	10.944444444444445	276.342	1.3333333333333333	2.9476096804803027	1.873765147707769	24444.52708022315	41.09970645803526	15.312640546787796	55.99	3.0	3.525220000000002	0.35066159615758935	0.000746903974373994	0.6846692837745163	0.08493745541368095	active
13.588678233398754	0.018230872595951686	-0.7582596109431428	0.5763229741398124	15.303030303030303	468.91600000000017	1.2121212121212122	2.788893580657452	1.6444442407688447	25337697.792392794	70.75864669217702	47.23969665758993	91.4	4.0	3.731600000000002	0.2838737677088127	0.00017487633355075573	0.6952846363792082	0.887560990179662	active
13.435870220773495	0.029550763206517505	-3.4620606704705597	0.5529644944545921	15.676470588235293	500.9640000000003	1.1764705882352942	2.7946045191781463	1.7289700240107746	30941973.020521205	64.94142585113113	62.41617840219488	125.53999999999999	4.0	2.2158000000000007	0.24072898573451884	0.00023505394730291573	0.7651369671708677	1.214079723848854	active
13.247138999118164	0.06807185374149616	-3.8133070538885385	0.6700833800668161	16.6	440.91200000000015	1.2666666666666666	2.7282249051142546	1.712653380412566	6157041.596512419	71.00779291959275	35.911781238583245	103.16000000000001	4.0	3.2794800000000013	0.3666363950849684	0.0003871186665609761	0.8153078946385044	0.8377792467088461	active
14.146367787855883	0.10400077160493804	-3.631200572407057	0.573646164861633	23.78787878787879	482.9930000000002	1.0	3.082897730363645	1.4630436853160316	37828585.61610881	71.00779291959273	54.09841284087041	73.82000000000001	6.0	3.3290000000000024	0.24096048924839603	0.00021526856832090343	0.7244530207774517	0.9757874442590454	active
13.317790279177512	0.09564463291190206	-0.47253476596399935	0.6431622990731736	16.166666666666668	443.3340000000001	1.1333333333333333	2.728172581978012	1.6531713805515396	6381869.527874318	69.96405916487245	41.835432505003034	74.33000000000001	4.0	3.8255000000000026	0.22663819872087482	0.00022219892258242295	0.7432128393710516	1.2238047319911933	active
13.311166472366418	0.14857973513479505	-4.58350194533565	0.569721043193297	15.705882352941176	490.86900000000014	1.1470588235294117	2.789383182292027	1.604941903728858	32068205.1216503	71.00779291959273	53.4159951750334	91.4	4.0	3.7448000000000015	0.12338367358393011	0.00014899352322021535	0.6653935760722929	1.1089081525960471	active
13.616539702945722	0.030673002225581225	-0.751289577559419	0.5795611420695925	17.764705882352942	480.92700000000025	1.1470588235294117	2.776597612094718	1.42451905321905	40669130.65008866	70.75864669217702	46.73678108082531	91.4	5.0	3.874100000000002	0.2730138565275895	0.0002346803525163371	0.8056949655875805	1.2150406635816005	active
12.294826152683296	0.00476851851851845	-0.00476851851851845	0.6793273052153419	11.052631578947368	289.385	1.3157894736842106	2.9449155179330404	1.9516276348946586	36095.82950330528	41.03338703400927	19.87974019457915	47.78	3.0	3.2707200000000016	0.3106777479896612	0.0006661107178590201	0.718251498519045	0.37428541507165497	active
13.207739827412446	0.16068751574703932	-0.8493398447341902	0.6785333658276944	24.333333333333332	377.8310000000001	1.037037037037037	2.912342229636328	1.4742249135264087	2035197.1722299994	71.51070849635737	22.46119801502013	62.300000000000004	5.0	4.260800000000002	0.46907473506238856	0.0007166585482895924	0.9490091679700109	1.1027358547623807	active
4.854020009238263	0.5541028911564629	0.5541028911564629	0.7676419196227249	9.846153846153847	208.29100000000003	1.1538461538461537	2.5306838840251213	2.1524843861676635	1629.760421312178	30.33183534230805	10.197363616602075	37.81	2.0	2.1875	0.6026361534578594	0.003346265854294666	0.9594744367778	0.6535026382152674	active
9.92201388888889	0.7256944444444446	-1.770833333333333	0.2738439535871248	11.444444444444445	199.988	1.5555555555555556	1.8592676371396213	4.090340515801205	74.37070548558485	10.114318268765572	32.798323044043684	83.60000000000001	0.0	-0.6611	0.0496232613089312	0.002327520796746047	0.8905879974274988	0.6052535837463597	active
8.460795776643991	0.20494425547997008	0.20494425547997008	0.5749614240811024	9.0	223.28599999999997	1.0714285714285714	2.1359180465482255	3.155880995267157	1305.0459264409658	6.06636706846161	4.9839785209472085	112.50999999999999	1.0	1.3923600000000003	0.2604539184541162	0.0009857759375599437	0.7023972285764343	0.5200982640533539	active
12.86880999622071	0.08072444255479994	-0.5959089191232054	0.7339027450144417	16.2	351.79300000000006	1.2	2.6147932967678185	1.696191471328367	678544.0900978424	65.44434142789574	16.79833797965022	71.09	4.0	3.952700000000002	0.2269054293085369	0.0004063683819882818	0.7278441681570847	0.8211520869363204	active
12.27159580498866	0.13736229213907802	-0.18582451499118124	0.794183462450602	10.26086956521739	321.76700000000005	1.2173913043478262	2.5420918184625756	1.8191016316854616	198405.1822473671	71.00779291959275	10.891158250298714	65.78	3.0	3.9410800000000012	0.3929496293367595	0.0007191516502673294	0.8564926900283465	0.6778187556935579	active
13.14885723733938	0.057759275006298516	-0.5033829393687246	0.5467831356160404	10.857142857142858	391.4560000000001	1.0714285714285714	3.3629756252922434	1.6366989666782181	4271530.572123697	76.48433214048032	26.8082292978041	94.11000000000001	4.0	2.825100000000001	0.1962833122933599	0.0003737127954764893	0.8536549867017856	1.3291151925639615	active
13.051764872305245	0.0014961279634799762	-3.879728749109836	0.6674960955005589	17.724137931034484	457.9610000000001	1.2413793103448276	3.288073526290126	1.8655890041846879	4002308.857670867	41.091960883239885	68.10319319831221	96.02000000000001	3.0	1.8356999999999994	0.34341071807423423	0.0003129627262273752	0.8184943160505488	1.161630198736346	active
12.16887707860922	0.0017620937263795877	0.0017620937263795877	0.6693686036929605	10.789473684210526	286.38100000000003	1.105263157894737	2.83259405195328	1.8864610476774235	37631.01198019933	53.03564466778103	15.312640546787796	42.85	3.0	3.932220000000002	0.43457961029109227	0.00091038192490598	0.8032562448806866	0.34934980790172243	active
13.455495725553597	0.036770633938083996	-2.9542622099803815	0.44687620867262495	15.45945945945946	551.3770000000002	1.0810810810810811	2.8995132841346902	1.591295174099809	175741924.1445091	76.53334181009869	61.09566038511001	84.0	4.0	4.968100000000004	0.46250055960948105	0.00023379607617244548	0.8413323286722614	0.9475119164247918	active
11.623938964474679	0.16958333333333298	-0.16958333333333298	0.7978512725226904	10.533333333333333	305.178	1.5333333333333334	2.7512627281147273	2.1006957234717536	3782.98625115775	27.570120695660286	15.312640546787796	55.99	2.0	3.134520000000001	0.20491671131650294	0.0005332683220435119	0.6001180774386146	0.43058114287014276	active
12.905093571685384	0.042388142661411	-4.407307614990695	0.8197041783167737	18.48148148148148	380.3420000000002	0.9629629629629629	3.097611874332521	1.758413030834995	1890633.602722603	53.08855688586065	37.996128777801296	53.99000000000001	4.0	2.9293000000000013	0.23309004712652143	0.00032445642605974487	0.7391114806171774	0.9303693182266368	active
12.29065381708239	0.014920687410766575	-0.014920687410766575	0.49203915114511826	11.166666666666666	348.44800000000004	0.5	2.6203958292497194	1.7656677835002488	494966.5681869795	72.79640482153933	0.0	46.12	4.0	4.939600000000003	0.17802844928051198	0.0004650597535037504	0.7310973287101588	1.0294127960309254	active
11.397787863264158	0.1011221865289329	-1.0536699351198042	0.5560148004649582	10.875	407.2210000000001	0.9583333333333334	2.5291798671794172	2.0093568660667103	166076.06679846926	45.941110879906724	4.988502101738191	127.33	2.0	-0.05250000000000021	0.6314092787690027	0.0006636329165414709	0.936762897408623	0.9233885563332335	active
12.255851993575208	0.33273337112622814	-0.39910454459561584	0.7264647655468736	20.35	265.31199999999995	1.1	2.4631265003213434	2.0538502232888645	59831.80581930575	47.02218981739904	18.492338119440245	49.36	4.0	1.5858999999999999	0.3417992053007214	0.0009015516963287094	0.7134317489394449	0.4520714433185738	active
13.80073609536407	0.318310344390792	-0.7037152448087693	0.44015358727106774	15.125	450.8780000000001	1.15625	2.8185920139557883	1.8243624467392419	19515384.29777917	77.59638164156351	36.48432277339252	85.80000000000001	4.0	4.043300000000003	0.1503713238560702	0.0002889531388086684	0.9043049478517976	1.3847640051407615	active
12.495399659863946	0.11255385487528358	-0.12702160493827153	0.7486348621452906	12.285714285714286	332.83700000000005	1.2380952380952381	2.5003156231380763	2.1083047088971822	78719.9370788792	47.487202792972596	11.660033336098294	44.1	3.0	4.683580000000002	0.3110729248639707	0.0005312160662462208	0.7174390555129381	0.5551813965799208	active
13.472856390643189	0.05442888285556036	-0.12522560258671334	0.36891495448126593	10.93939393939394	454.92100000000016	0.9090909090909091	3.2589220855950045	1.4633838269824682	62436775.73973072	102.10349684496836	30.86900661034701	76.80000000000001	5.0	4.775100000000005	0.21721604208619286	0.00014803774820541918	0.6605776585462867	1.0753121074189615	active
12.638094923154448	0.027369910799744712	-3.658175955688131	0.661814621516798	11.185185185185185	401.8750000000001	1.0740740740740742	2.6329254884987976	1.8922053306604758	1073443.7216609598	82.63761147975137	30.54870293908626	89.02	3.0	3.3766000000000016	0.2532787224323494	0.00038745999142593575	0.8084978598107178	0.9487529745422307	active
12.412359624035311	0.03153859074494014	-0.22656685668094467	0.5348994953035218	12.08695652173913	324.40500000000003	1.0869565217391304	2.6056192130236404	1.8237327337140747	224896.20551449645	60.42170811415442	22.19303151335767	52.08	3.0	4.060800000000003	0.4800998050105444	0.0007608590731608949	0.8945953053730661	1.0807534715890652	active
12.641181185437137	0.2124673511379862	0.2124673511379862	0.5458796961954645	11.36	331.45900000000006	0.88	2.6468299376007836	1.6569979341435304	578522.9131212785	83.92330780493333	23.269751912275954	20.310000000000002	3.0	5.323200000000005	0.7166764256395195	0.0013685813549039255	0.9604092296694494	0.9068348975262801	active
14.326106693086414	0.023229721269135473	-2.260281980867525	0.08161708098879662	26.444444444444443	747.7340000000003	1.0740740740740742	3.4565743929665005	1.29042876534623	626225170651.6927	69.15764176634495	105.62149305559419	275.57	6.0	-0.09009999999999796	0.04778303630586818	7.07506370352453e-05	0.8265920065534808	2.1392696743144115	active
12.358159891188391	0.15265172771485847	-0.9361200723078424	0.7230430312406163	14.75	411.64300000000014	1.0833333333333333	2.5583121838100777	1.6987736173065358	266964.99300494924	60.292833759667765	36.98611508385228	85.88999999999999	3.0	0.6997000000000005	0.378778123391385	0.0004751475033178646	0.8462814057845582	0.9802827684936144	active
14.274742583404649	0.021982945956160904	-1.1441893817712274	0.3864367881873538	20.657894736842106	530.0280000000002	1.1578947368421053	3.617837441560059	1.3549856707107235	853770664.8632535	84.16534864588643	50.44280507881271	89.35000000000001	6.0	4.825000000000004	0.33942509215884636	0.00030764376524545714	0.9460243724480708	1.1600295298541596	active
12.670476662887376	0.12113914084152144	-0.37252928949357567	0.7747547433722919	15.956521739130435	324.767	1.2173913043478262	2.9803806418380736	1.6538900128944876	351726.64106587844	65.44434142789574	17.49804021481163	51.22	4.0	4.002900000000003	0.42140617688381227	0.000787914493768329	0.9080940460861201	1.070933822526497	active
12.346911039030449	0.1639005798728015	-0.944173984207908	0.7725355036252199	14.75	367.1920000000001	0.9583333333333334	2.5583121838100777	1.6987736173065358	266964.99300494924	60.84274755757667	36.98611508385228	85.88999999999999	3.0	0.5906000000000003	0.42808668938995165	0.0006063441950814255	0.892037662800838	0.9899894210002328	active
12.635222782218182	0.26133566389518803	-1.354619569237925	0.5763227383596949	12.4	358.44300000000004	1.2	3.057036135715646	1.7194268487317208	698309.5933731179	47.78605840046658	34.500417004362255	75.41	3.0	2.618520000000001	0.3455487014969072	0.0004564993167712451	0.7988252759959539	0.9559189803605457	active
11.902314814814815	0.2540046296296292	-1.6882511337868475	0.32331231143346845	29.8125	300.59399999999994	1.125	2.427765300552248	2.1798575285120654	3867.430123779731	12.152040213667762	19.244143369349796	37.38	2.0	2.9135000000000018	0.41383401912029677	0.0015185341838760285	0.96904490508677	0.9468244937445345	active
13.435102093306458	0.09342613588645299	-0.3838548752834472	0.5301752278987993	16.258064516129032	431.90700000000015	1.2258064516129032	3.1785270695381582	1.4512818379060928	18958445.490288988	82.65660191559262	32.53318800366384	85.11000000000001	5.0	3.6819200000000016	0.18282490789182015	0.00031869389850875914	0.8209876783064438	1.3373138154631135	active
13.413117698974066	0.11238326563407752	-3.430201743218968	0.7017684570237395	18.074074074074073	404.8500000000001	1.1851851851851851	2.608583706257479	1.7181035984026545	1290933.295968995	65.19519520048003	25.06180884137444	76.13	4.0	3.927000000000003	0.3899879152084793	0.00043743240413061214	0.8137991272617938	0.8034233020793248	active
13.283709215167548	0.054739963886789145	-0.2967602040816335	0.5343555379998935	15.766666666666667	416.8920000000001	1.2333333333333334	3.2689722966379935	1.4483297079071396	14440593.58917403	83.66243306912182	22.419893177158496	72.22	5.0	4.373000000000004	0.24200421332970337	0.0002862339529989292	0.7725611508915884	1.1803878176873797	active
5.733149880322499	0.7252343159486018	0.7252343159486018	0.44144726269288276	11.0	209.25199999999998	0.6875	2.259899090012346	2.4397721399992816	6454.27180107526	42.46456947923127	4.9839785209472085	64.93	3.0	2.5524000000000004	0.6372490934314435	0.002980434242658366	0.861110160164019	0.09519776558675398	active
11.464448223733939	0.2033333333333336	-3.44224537037037	0.6947014224634946	11.428571428571429	207.25400000000002	1.2857142857142858	2.155210315042901	3.1269580555875662	1215.5386176841962	41.312991963031976	8.417796984328938	57.93	1.0	1.806	0.4773694777826338	0.0023047857342914733	0.9283782279606193	0.7835324508569776	active
9.573829979625033	0.020557184084742053	-0.10197982091179214	0.3638589512310325	12.28125	431.54400000000015	1.03125	3.26172345565705	1.5845607148575576	26256195.379560474	60.55218461730588	42.258263920081774	100.77999999999999	4.0	4.2641000000000036	0.34931609399678815	0.00031856562966478714	0.8506482576900241	1.3351610184596516	active
11.714129346182917	0.009141589506173053	-3.487738567649281	0.7571618838863213	12.588235294117647	249.33499999999998	1.1764705882352942	2.253905002587605	3.130031364446087	3975.888424564535	41.312991963031976	8.417796984328938	57.93	1.0	2.7950800000000013	0.3613477251098791	0.0011384859403292893	0.8536191897996437	0.9410282812978362	active
4.616097174981103	0.6812613378684806	0.6812613378684806	0.8399410248536084	17.647058823529413	264.4189999999999	1.1764705882352942	2.8018358984092546	1.6372019750951292	17875.713031851046	24.26546827384644	11.02581935009517	24.92	3.0	4.2257000000000025	0.4373605911550769	0.0014101722449193614	0.91106590329842	0.900188031369369	active
12.20150604686319	0.03530092592592626	-3.7404629629629613	0.6458964542905704	11.222222222222221	357.14300000000003	1.1111111111111112	2.39138090205142	2.4023311594454584	12358.656501801739	42.725522485534206	18.385754026223353	89.18	2.0	0.7159000000000003	0.185091348595734	0.0006105230568246248	0.8048672263076556	0.7699972585935002	active
13.771994558530228	0.06972670619218535	-0.987873887209205	0.32497708903389283	12.108108108108109	516.6420000000003	1.054054054054054	3.420894717388939	1.6941281527867826	221547596.15236405	112.1494631829109	28.327072906510004	75.19	4.0	5.721700000000006	0.3689078829327884	0.00034283403968169893	0.9867654032864748	1.418835480869145	active
13.590142103464753	0.010264838960275302	-0.7648569643906946	0.5965554400102586	15.484848484848484	468.91600000000017	1.2121212121212122	2.745176961383637	1.6583970894116988	20864635.13968749	70.75864669217702	46.73678108082532	91.4	4.0	3.730000000000002	0.24174641714032238	0.00020267147809672177	0.7802619148407877	1.2099915810579804	active
14.259939019589314	0.012369360810167818	-3.775425013790589	0.47891583616568845	23.13888888888889	541.4600000000002	1.0555555555555556	3.551250176041049	1.4384417593208363	209814451.5208319	69.96405916487245	42.456537644495825	94.37	6.0	4.665480000000004	0.38155102482340764	0.00029744099982468577	0.8639015464908809	1.084549927932916	active
13.72754453006843	0.18676917989417996	-0.3648702114250455	0.7866067074544043	10.636363636363637	314.747	1.1363636363636365	2.4812133992632286	1.8398376934109477	117435.83018712861	71.26156226894165	10.891158250298714	41.99	3.0	4.208500000000003	0.3373166216667375	0.0006850802868253085	0.8245971615355615	0.6593012784459581	active
5.048148148148148	0.7950925925925928	0.7950925925925928	0.5537426119928397	9.090909090909092	208.377	0.9090909090909091	1.8665184752596773	3.8624101150224392	169.85318124863062	0.0	46.631575563527655	6.48	0.0	1.4126	0.29554608785545283	0.0019904358862434285	0.8663143814759674	0.8533252922230499	active
11.407341864343543	0.14384698812840147	-1.1412189625393439	0.40462746733382715	13.047619047619047	560.6540000000005	0.7142857142857143	3.591101163977712	1.941650819057238	2111073571.5470035	88.52887769405913	31.874524659692533	137.62	5.0	4.834640000000004	0.22492348164655726	0.00013753813748789508	0.7103679714205426	0.8726655560071374	active
13.16042389280815	0.17026082346518812	-0.591133471907282	0.610260461709596	16.258064516129032	476.38900000000024	1.1612903225806452	3.3260932198188153	1.5614800391821075	16685426.463458363	74.9187706436456	52.35833627833359	78.42999999999999	4.0	3.492300000000002	0.2602304329527906	0.00019277683464138934	0.7066757585023491	1.0628803449278734	active
12.621229765054169	0.21818468127991952	-1.4238408604182415	0.697797898745364	12.333333333333334	345.4040000000001	1.1666666666666667	3.0065977799893377	1.900572833941512	353332.36450656696	35.150408686778746	33.38042913756116	88.30000000000001	3.0	1.92384	0.25991414325566187	0.0004922421420267935	0.791289935946022	1.043868957235877	active
4.590130385487528	0.7802834467120182	0.7802834467120182	0.7013101010787974	11.736842105263158	267.357	0.9473684210526315	2.932856115386359	2.228607980845603	48943.50285356756	65.46507333807817	15.988311611884996	30.18	3.0	3.1313000000000013	0.18626153569421397	0.0005579663467038507	0.6663229372672578	0.9196629180269373	active
13.60961928772081	0.0005769977744187749	-0.7759809355841101	0.5821296815203599	17.764705882352942	482.8990000000002	1.1764705882352942	2.776597612094718	1.42451905321905	40669130.65008866	70.75864669217702	59.95054500985114	100.63000000000001	5.0	2.7204000000000006	0.2639976484617934	0.0002533669922626589	0.8923113434527177	1.4174092940629197	active
13.613949973835126	0.002375572142437221	-0.7735729507852527	0.5848600171221902	15.735294117647058	482.9430000000002	1.1764705882352942	2.7379193430719826	1.6505273104864533	26390927.75424128	70.75864669217702	46.2338655040607	91.4	4.0	4.1201000000000025	0.17015912044748052	0.00018697722256747385	0.7689678455862969	1.319460931321742	active
12.248455057949105	0.15537155139833736	-0.16451877047115127	0.7542512728973427	10.636363636363637	331.20200000000006	1.0909090909090908	2.511884471807872	1.829105416518248	121163.25938212452	70.46697474163707	10.891158250298714	41.99	3.0	4.722800000000003	0.37753657145735137	0.0008200348715297314	0.9779744506863426	0.7813743312547831	active
12.395602726831985	0.07875923747774105	-3.5123431214769396	0.6600811144037051	11.333333333333334	402.8830000000002	1.1851851851851851	2.617042424150639	1.8573408347538065	1015760.5272128601	70.16643629234784	25.06180884137444	90.22999999999999	3.0	4.424300000000003	0.16422197638014394	0.0002436721517712934	0.6896399721933012	1.054665807804597	active
13.483313098387502	0.03831703514739204	-1.1501103710219427	0.6350372950868367	15.9375	450.92600000000016	1.15625	2.7817357913871175	1.7518384437939019	14460208.148822328	71.00779291959273	46.73678108082532	91.4	4.0	3.5909000000000013	0.1434011446610345	0.00017751067283313515	0.6669760372616873	1.3319267869861335	active
12.824916855631141	0.0986674855127232	-0.3085057634164785	0.6734512191131105	16.5	379.2680000000001	1.2916666666666667	2.952224480943698	1.6647949944332103	482978.0206334271	51.58156923825654	17.49804021481163	51.22	4.0	5.1079000000000025	0.28737504865011376	0.00042824040392963766	0.831732767922519	0.8543659179739865	active
12.911793272864701	0.09050799949609467	-0.3026758944318473	0.6954626771075287	16.16	373.2430000000001	1.16	2.623226744701067	1.6749357004587393	707379.3239760897	58.595193611016775	22.4198931771585	66.91	4.0	4.474500000000003	0.4757469465903266	0.0007120258206198287	0.9391692031189202	1.1007447975590172	active
13.093802656350606	0.08403531533786723	-3.619387807592171	0.7048181826504182	15.846153846153847	414.93600000000015	1.1538461538461537	3.180073279498376	1.8275127590103712	1022406.2796518459	35.711898112773966	62.69892904572533	66.92000000000002	3.0	2.495400000000001	0.2082326676720659	0.00029474080077956244	0.6814625719578002	0.8984114282962671	active
13.329371653754091	0.042546689972284835	-3.7453106759679184	0.6066248296024178	19.8125	469.93400000000025	1.375	3.3525457464915314	1.472948791395341	24763740.07865553	52.93916821735937	41.01046304688428	130.15000000000003	5.0	2.41188	0.15085300625649986	0.0001488783654046436	0.6162129999160619	1.1793299080075068	active
12.585354098429494	0.02988630637440104	-1.3880781788023848	0.3700966516695975	17.09090909090909	450.31100000000026	0.7575757575757576	2.7458148502738218	1.7472605732203803	17548920.071957238	53.08855688586065	12.073271675700152	220.01000000000002	4.0	-2.822799999999998	0.13304977886663732	0.0001429083794655241	0.6382204245123485	1.200307630131091	active
13.349722887241825	0.026823297220122555	-0.2641743302259181	0.4327302264036341	15.516129032258064	427.9350000000001	1.032258064516129	2.797447833420425	1.442212006292271	19170820.484099504	101.33962826190081	17.43591465621129	45.230000000000004	5.0	6.020800000000005	0.22489421475586607	0.00020860392861484335	0.68913011878251	1.0289898912671598	active
13.38416973733938	0.13409731317619755	-0.6034353741496605	0.5223548117902296	15.516129032258064	432.86700000000013	1.096774193548387	3.3288828840594498	1.4906244432499747	22302430.10737811	89.3585234088708	33.22698263736048	88.33	5.0	4.254500000000003	0.1999461883480646	0.00019355265866110327	0.6390282176985984	0.8668522313164014	active
12.644084939531368	0.31107205845301067	-0.8067268203577729	0.7215116751806726	12.125	361.22800000000007	1.125	2.5887248770457307	1.900281520977484	321276.28959063743	70.46697474163707	18.000955791576246	51.22	3.0	4.867800000000003	0.41323854983257635	0.0006394702911408093	0.9236308122899684	0.9855264165291774	active
13.240708144368856	0.3009539556563361	-1.1156463766061977	0.7413833019636912	18.846153846153847	368.8200000000001	1.2692307692307692	2.6743549722848217	1.763839332989991	1179572.3989157218	65.44434142789574	29.211449574165254	71.45	4.0	3.539500000000002	0.22737436445983808	0.00041995322138282655	0.7644643666153541	0.8941266487812006	active
12.23980253212396	0.08511778785588286	-0.08511778785588286	0.7798342382094987	10.636363636363637	310.7840000000001	1.1818181818181819	2.512319271566993	1.7957159942644063	121802.26292411095	71.00779291959275	10.891158250298714	41.99	3.0	4.3778200000000025	0.6009954289484217	0.0011159709448304927	0.9192250186119602	0.9114435008281039	active
12.34048560894465	0.052189973760139896	-4.429361180164423	0.6614075014675231	11.407407407407407	394.7800000000001	1.1481481481481481	2.593918862681946	1.7936936049633243	937284.0479226316	65.44434142789575	23.674338732255105	51.22	3.0	5.010500000000002	0.2539642773408129	0.00023352875592166366	0.6654207835261481	0.8759141201757309	active
12.178543083900227	0.42685185185185204	-1.3144444444444454	0.6636690510675125	12.705882352941176	245.267	1.0588235294117647	2.857737939078466	2.062729036327946	17466.494283647582	42.46456947923127	29.46313348104573	73.04	3.0	0.6859999999999999	0.47014422204404954	0.0018678291343816485	0.9852344806048886	0.793008476277134	active
11.744530029604434	0.20555555555555527	-0.3819864890400593	0.7826772179049588	23.6	265.312	0.95	2.477304200927285	1.9180016363358487	66044.92999672142	58.65200837755764	6.041840829147961	58.15	4.0	1.3836999999999997	0.29837038875506516	0.0008536193329770277	0.7441481879491098	0.7521310162005883	active
12.508832108237424	0.06914911479421382	-0.4683246813134627	0.44067209513896394	15.233333333333333	426.83600000000007	1.1666666666666667	2.6860800980985924	1.3406886391811161	5110493.017360812	69.47082543225503	31.193898999863375	107.82999999999998	4.0	1.8441999999999996	0.2916859486998212	0.0002440111635984525	0.795803333411068	1.0304200132095434	active
13.628465765156957	0.029557804475733418	-0.5640716525871647	0.7544587841469912	16.16	357.772	1.28	2.623226744701067	1.6749357004587393	707379.3239760897	59.38978113832135	22.482018735758842	64.11	4.0	3.927100000000002	0.34981454277843604	0.000527887829019894	0.823203860045606	0.9531772628528493	active
13.038276948592756	0.019266345427060072	-3.7999506986436544	0.6743609410334629	22.178571428571427	448.01000000000016	1.2142857142857142	3.2726463846577705	1.7535195405381678	2701635.0434626825	16.82649260939344	67.53815206294726	86.78999999999999	3.0	1.8849	0.2899804784786726	0.00026221696195590947	0.7581958133532707	1.0496061410077193	active
12.28204790249433	0.1869620811287478	-0.5232257361545785	0.7651956162974839	10.541666666666666	339.782	1.125	2.5429453893330547	1.872003909282015	283576.5550914756	71.00779291959275	16.79833797965022	85.08000000000001	3.0	3.1683000000000012	0.4432423445813449	0.00059662265187162	0.8296217984295498	0.8745387662406724	active
13.69032789186356	0.0012490607086115268	-1.042318331653649	0.35688778192605186	12.108108108108109	500.5740000000002	1.027027027027027	3.420894717388939	1.6941281527867826	221547596.15236405	113.58839120292828	28.49975764268824	88.33	4.0	5.253200000000004	0.328263481217327	0.0003136910795431865	0.9302973383289511	1.487776515647537	active
12.896587773998487	0.11853308453010847	-0.5414644746787609	0.6864499725386649	16.2	396.244	1.2	2.6147932967678185	1.696191471328367	678544.0900978424	64.89442762998684	16.79833797965022	71.09	4.0	4.0618000000000025	0.24788291861266656	0.0003427704815444397	0.7244466915662436	0.8185236052502194	active
13.286054894179895	0.051460642899134657	-0.29197704081632714	0.5343555379998935	15.766666666666667	416.8920000000001	1.1666666666666667	3.2689722966379935	1.4483297079071396	14440593.58917403	83.66243306912182	22.419893177158496	72.22	5.0	4.373000000000004	0.1164850183773148	0.00021232525341684984	0.6711189378066821	1.2777650411497463	active
13.850683155215775	0.17478124737549305	-0.42963151927437715	0.4293069161062473	16.15625	466.96900000000016	1.28125	3.1794803205726483	1.4591556436204236	26730612.797087025	86.84026115434416	27.319802908008974	58.120000000000005	5.0	5.530320000000003	0.15662071408704714	0.00013440360170949127	0.6006277688593749	1.0709991520525617	active
12.840754440665155	0.100583585285966	-0.4107237339380203	0.7491268522807287	16.625	337.81	1.2083333333333333	2.611582360660766	1.6683265371901423	482583.8580970603	71.00779291959273	17.43591465621129	54.02	4.0	3.713700000000002	0.29756331015197074	0.0004568121569467081	0.7396628736082824	0.844959656026453	active
12.522066227026786	0.10933195050033051	-0.10933195050033051	0.6218403867982928	14.241379310344827	409.9170000000003	1.1379310344827587	3.2176532479050457	1.4403077772742185	6492905.706600839	65.44434142789575	42.03221916339983	54.46	4.0	4.544000000000003	0.3242616225441009	0.0002853797903082206	0.7870176300025054	1.1487300913988667	active
13.271568011463845	0.07649628369866424	-0.10574499244142066	0.4779526241955278	10.827586206896552	406.87300000000016	1.0689655172413792	3.148994474111535	1.648575540550114	6248272.623465797	83.38248962697766	28.01084710973013	60.25	4.0	4.326700000000003	0.3475808013641594	0.00038658653696066616	0.7749170187216263	0.8403630822883955	active
13.136448885109598	0.12654604434366368	-0.14220521541950193	0.6731920188238273	18.125	336.822	1.0833333333333333	2.614829248792131	1.7430832736925717	497523.5611676788	71.51070849635737	17.43591465621129	33.2	4.0	4.7988000000000035	0.41716768620647493	0.0007589815985686496	0.9225847579319745	1.0881319092129278	active
13.542459608843537	0.01949192176870751	-3.868492239073723	0.5599930833137884	21.470588235294116	501.0080000000003	1.2058823529411764	3.3338053691235685	1.4901646212682642	73022045.9082625	71.00779291959273	58.76415021754684	102.84	5.0	3.127600000000002	0.266234952657534	0.00023511208273472897	0.814556065486169	1.3120282559662049	active
13.786849159299834	0.11022238116754735	-0.47758892587491064	0.7706924522236294	10.625	344.773	1.2916666666666667	2.540716144072494	1.8757357959237373	287451.5431080738	65.19519520048001	18.000955791576246	51.22	3.0	4.217100000000002	0.36338450496710084	0.0005126247887258563	0.805494321499421	0.9284857478143863	active
13.02455709701576	0.02130338246409691	-3.797592212039136	0.714880075582997	22.555555555555557	433.9830000000002	1.2222222222222223	3.2308721821669026	1.8178313896283806	1623694.20038107	16.82649260939344	67.03523648618264	86.78999999999999	3.0	1.6372999999999993	0.2465918969365704	0.0002346051456330888	0.6891388856038412	0.7777159569074519	active
13.497234977324261	0.2771227796674225	-3.559579593411439	0.6650989339686971	19.433333333333334	441.9400000000003	1.1333333333333333	3.588432660221683	1.5739471463171253	15004571.84933646	71.00779291959273	35.40886566181863	79.37	5.0	3.918300000000004	0.2279546134841073	0.0002921232883559753	0.7946282234996209	1.2239483773884654	active
13.688131535021416	0.0593916131267318	-3.781686874825177	0.4823826288545191	19.16216216216216	539.0570000000002	1.2702702702702702	3.6139182752411676	1.4906576075885873	221671039.57097438	70.50487734282814	41.018308633423956	123.38999999999999	5.0	4.287080000000003	0.18839571519837384	0.00010842366124907634	0.5635681317664565	0.8392539138845583	active
13.393727743067501	0.1714600392626191	-0.5860143717981026	0.7259857326930655	16.076923076923077	369.7830000000001	1.2307692307692308	2.61347610463456	1.6901791342554968	985502.6369161231	70.75864669217702	23.343094385562793	71.09	4.0	3.493000000000002	0.23209397510255667	0.0003671761845581734	0.7394759212779896	0.8065471110662499	active
13.424717218307588	0.038593369446544123	0.038593369446544123	0.46063927822556927	14.193548387096774	411.50900000000007	0.967741935483871	3.484519824710764	1.41144576812073	30224836.464175556	73.05735782784227	32.42978449531238	63.910000000000004	5.0	4.716700000000004	0.34707591219149264	0.00029882665518928615	0.7801954551633111	1.0559754714507932	active
14.125456113000755	0.006326577571391656	-1.275188702024021	0.2726936772636277	12.19047619047619	565.6250000000002	1.0238095238095237	3.50051030422588	1.6290980995169861	2750030285.2843657	130.07488177453973	23.343094385562797	106.60999999999999	5.0	5.328800000000005	0.09306803685838073	0.0001365497587040714	0.7822796483863433	1.6398562398944292	active
13.68309578924162	0.07520352173791278	-4.023170041521863	0.5641836864344889	19.636363636363637	507.3990000000003	1.1818181818181819	2.7717558532638824	1.825955603416648	18657215.28193131	64.40060767317546	49.65853574977773	108.47	4.0	3.1883000000000017	0.20177606491545594	0.00016382771802194929	0.6457246465827412	0.9997560251179382	active
12.018271289997479	0.006823270975056195	-0.05777082283530666	0.7990764629259253	16.727272727272727	310.784	1.2727272727272727	2.5963296371897764	2.04670535624204	144636.33142856805	70.78474251448087	23.231849311084897	44.1	3.0	3.271180000000002	0.33533479056951226	0.0007252452427111582	0.8500876609921268	0.8846863892861004	active
11.918306957042077	0.3049622071050644	-0.42998157596371844	0.6443406376910615	16.0	299.35100000000006	1.3333333333333333	3.065918989865804	1.9503098904627334	102634.70410474765	57.412987602925085	18.976848173586994	47.89	3.0	3.409620000000002	0.736193160580487	0.001817983618706849	0.9295627807867336	0.4963601803173537	active
13.681577891863562	0.015137949597500366	-1.0500961094314272	0.39304504473661506	12.108108108108109	499.5700000000002	1.0810810810810811	3.420894717388939	1.6941281527867826	221547596.15236405	107.4557047104407	33.6551612895187	102.18	4.0	4.012400000000002	0.36549214076220965	0.00034218555000017356	0.9280184757980368	1.340628989467556	active
13.411634070294784	0.1882687704711512	-0.8977297099395316	0.7241560077573302	18.666666666666668	379.84700000000015	1.2592592592592593	2.6864223591379277	1.790329249628361	1735525.5552080302	71.00779291959273	23.343094385562793	71.09	4.0	3.9181000000000017	0.2888412249854384	0.0005264641286848347	0.9367701309159907	0.9939190047595964	active
12.735234788359788	0.05034674981103526	-0.5379779226505412	0.7464176000902987	20.0	374.65500000000014	0.9130434782608695	2.7375880476822028	1.907265297246934	169073.43782485285	38.97369349803691	54.840876526731456	43.86	3.0	2.564400000000001	0.4565014778019741	0.0006381014306125226	0.8910864867664701	0.9981501092061417	active
11.339058484504914	0.03171012849584254	-0.03171012849584254	0.5145232399883986	10.0	182.22199999999998	1.0714285714285714	2.2711747832197764	2.617310666084741	2243.920685821139	60.68297676136064	5.783244946364939	17.07	2.0	3.2085000000000017	0.5122690480270604	0.002654099839497121	0.7956738338369005	7.940708364113001e-06	active
12.36747118291761	0.14933358528596608	-0.14933358528596608	0.7856750944674603	10.521739130434783	326.7830000000001	1.2173913043478262	2.552394185725223	1.8319020921134428	206595.89018097098	65.44434142789574	18.000955791576246	51.22	3.0	4.078000000000002	0.21586299710094586	0.0005507387512228353	0.8509627302634538	0.9771403878156942	active
13.673800114085783	0.04291572737527827	-1.1473183316536495	0.3772590908331365	12.108108108108109	501.5620000000002	1.0810810810810811	3.420894717388939	1.6941281527867826	221547596.15236405	108.1102495710985	33.311051427457215	101.22	4.0	4.648200000000004	0.32588228848681866	0.0003287946209937049	0.963300580697889	1.4550088916471877	active
11.996909486016628	0.1436574074074073	-0.1436574074074073	0.7163314692639696	10.944444444444445	259.29	1.3333333333333333	2.9476096804803027	1.873765147707769	24444.52708022315	41.91648725918242	20.296619067735005	71.78	3.0	2.7918200000000004	0.3106345528538802	0.0008214814647403978	0.7219840501005571	0.4342262254370577	active
14.209386324700386	0.171967041446208	-4.098723801399734	0.3038212526855208	16.897435897435898	568.0500000000003	1.1538461538461537	2.938801870730682	1.4722615001121484	576804791.1418245	99.74620983047556	39.508265587730335	111.49000000000001	5.0	5.168300000000004	0.14914833522673082	0.0001905523938731371	0.8431235182741134	1.4882736403334211	active
13.60892821712018	0.011137983067350143	-3.55115446741777	0.4979224758653104	16.942857142857143	516.0630000000002	1.2285714285714286	2.7635500707344085	1.7162715686377248	37418918.416405424	70.50487734282812	41.01830863342395	99.60000000000001	4.0	4.639300000000005	0.38726670484644954	0.00026982096622334416	0.7810011854423884	0.8426449034816933	active
13.418000283446712	0.03224546132434569	-0.4307237339380203	0.6813087971694856	21.3	420.90000000000015	1.2	3.188789922293678	1.4843992775492967	12512416.245130029	71.00779291959273	40.829601351473805	74.33000000000001	5.0	3.3146000000000013	0.2030684230188115	0.0002264528057955682	0.6793042003610309	1.14299188427597	active
12.221811539430586	0.08597993827160466	-0.08597993827160466	0.7798342382094987	10.636363636363637	310.78400000000005	1.1818181818181819	2.466774248511792	1.8213259929342427	113202.73703845465	71.00779291959275	10.891158250298714	41.99	3.0	4.3778200000000025	0.554458549819671	0.000985190811200146	0.9060647199718166	0.8745492000508345	active
12.916448885109599	0.11612937767699694	-0.1317885487528352	0.6999261953880773	17.869565217391305	322.795	1.0869565217391304	2.9561449690829797	1.7240651912881926	357717.19041879324	71.51070849635737	17.43591465621129	33.2	4.0	4.408700000000003	0.5183931053221896	0.0009810366611575278	0.9110087873375203	0.8125787484351741	active
13.161128275384229	0.011694486436549356	-0.011694486436549356	0.47591352595048303	10.655172413793103	401.87700000000007	0.9655172413793104	3.278303995299119	1.6230879233088715	7286804.309295182	101.60058126820374	15.989840058599752	60.190000000000005	4.0	4.530100000000004	0.2149159927325911	0.00019275890665392364	0.6646368432537428	1.1240057511770254	active
12.57367507922973	0.15949305030654193	-0.15949305030654193	0.5055196610438067	10.607142857142858	389.8420000000001	0.9642857142857143	2.683723249300161	1.5100896525033738	3135898.4121282464	89.97076270804514	15.875136771245923	64.11	4.0	5.256700000000003	0.1504297334454547	0.0002901373688432508	0.7613765490017504	1.2415550197739247	active
13.027626239056314	0.02173532375913312	-3.8339738229109614	0.6415323669828971	17.82758620689655	455.98900000000015	1.1724137931034482	3.2903953473231446	1.7445299132252035	4369895.091291533	52.72177944339848	67.53815206294726	86.78999999999999	3.0	1.5472999999999995	0.3413101650327892	0.00038620225867033346	0.8333997055630565	1.1815920284090535	active
13.847791477702192	0.16381456286218232	-0.5132158210506421	0.6640570540301841	21.962962962962962	377.87499999999994	1.1111111111111112	2.7027572679627725	1.647624852900621	2621755.6326419283	65.44434142789574	23.980671062123864	45.230000000000004	5.0	4.768600000000004	0.32890202077252917	0.0005239861755293779	0.8625326634401913	1.2221278142799916	active
12.728654099661494	0.08275648630536825	-0.26256205001872535	0.6566926898199121	15.222222222222221	379.4610000000001	1.0740740740740742	3.176667996277042	1.62041580621604	2266450.9619677886	52.905168164629565	55.219857320509504	63.68000000000001	4.0	2.8420000000000014	0.6548433014138851	0.0007788892038590637	0.9014684122412338	0.6473084322412875	active
11.399458459309649	0.12404861636012421	-0.12404861636012421	0.7277102135895224	15.705882352941176	252.31499999999994	1.411764705882353	2.3933515132543604	2.178228351999298	9314.924089585971	23.762552697081826	43.301486114717186	44.760000000000005	2.0	0.7765	0.31296468666134697	0.0012267421350842923	0.9089396865434973	0.8373308577658575	active
10.893846371882086	0.31828703703703676	-0.8899999999999999	0.5000707895810634	8.538461538461538	189.171	1.1538461538461537	2.1146281735022376	4.351205679620966	543.459440590075	0.0	37.19009600294772	87.74000000000001	0.0	-0.5547000000000002	0.2352413210234045	0.0012809582808045016	0.6770619821230774	0.5401325120001014	active
13.256486433195187	0.17061140505584915	-0.5986375923826328	0.5461975567107992	15.909090909090908	505.42700000000013	1.1818181818181819	3.370134489647198	1.5660299500198849	40515086.177775174	74.65781763734267	54.48415529866391	74.77	4.0	4.105900000000003	0.10854166254874424	0.00012951944084823604	0.6692560624992248	1.3949213353668113	active
13.544104448363708	0.06188969723691917	-0.5494668052406155	0.5320502757413267	16.15625	489.4280000000002	1.15625	3.3286066394601193	1.6015988375264683	24521725.283063676	80.72418470580428	59.321939470914046	56.75000000000001	4.0	4.439500000000004	0.24945936171704322	0.0002538174462407587	0.7410413355352091	1.0402184334486697	active
13.757011999244142	0.014613331443688926	-1.1004148951247168	0.6874018874184689	17.7	423.90000000000026	1.2	2.7391235825446807	1.8026933959996934	6432371.560844315	65.44434142789574	42.40047364036799	71.53	4.0	4.025500000000002	0.12954701623585882	0.0002781329860451946	0.8247985051564414	1.298043283611417	active
14.133268613000755	0.049228977984163924	-1.2612998131351316	0.2935213987602593	12.19047619047619	563.6330000000003	1.0	3.50051030422588	1.6290980995169861	2750030285.2843657	129.94224292648778	23.343094385562797	107.57	5.0	4.693000000000004	0.09869627421214196	0.0001419189436340536	0.7959828073374849	1.6472552871326727	active
13.980412578943422	0.15813515684051405	-0.3907818930041149	0.7866067074544043	10.636363636363637	314.747	1.1818181818181819	2.4715733899947323	1.854694951949118	115931.6214310929	71.26156226894165	10.891158250298714	41.99	3.0	4.208500000000002	0.39234406656375437	0.0007877806919079931	0.8260276537310013	0.7260263327778151	active
13.527097033257746	0.32170611300075613	-1.187984339569161	0.6553457927666312	21.296296296296298	379.8030000000001	1.1481481481481481	2.9236994766459277	1.6829919224474048	2544817.261467382	65.44434142789574	23.529154727149702	71.53	5.0	3.6224000000000025	0.2970522679509976	0.00046357066200743927	0.7938997694382475	0.7354508604711677	active
13.848132134807612	0.18259374737549305	-0.4398356009070301	0.49801524954696824	16.15625	449.9170000000002	1.21875	3.1794803205726483	1.4591556436204236	26730612.797087025	88.71578532710018	32.116309130507986	63.050000000000004	5.0	4.4989000000000035	0.14996878648819012	0.00028009065725998405	0.845429271252413	1.535655027857748	active
12.223090986394556	0.14214222726127468	-0.14214222726127468	0.7542512728973427	10.636363636363637	331.20200000000006	1.0454545454545454	2.4613896417004346	1.8117162778886287	111604.32913398111	70.46697474163707	10.891158250298714	41.99	3.0	4.722800000000002	0.33089444793635897	0.000680345375912086	0.923956053933625	0.8314393002721672	active
13.774737895840664	0.04533265621063198	-1.3682475907029477	0.6539003101868335	20.88888888888889	383.7660000000001	1.1851851851851851	3.125544644769615	1.678036221628148	2438915.620572692	65.19519520048003	23.529154727149702	71.53	5.0	3.3714000000000013	0.48041310253688513	0.0006821298117126622	0.888369635906416	0.7037937453106542	active
12.402502204585538	0.07271678424456218	-3.9059441531242123	0.7179180276389246	12.782608695652174	350.8470000000001	1.0869565217391304	2.5440336658780778	2.2274877677888107	127568.02414179033	70.44630146400058	26.122886204812175	65.31	2.0	3.4766200000000023	0.25017028263699503	0.0003996425132446548	0.7019585730313801	0.8903528769412168	active
13.364253625463043	0.04866743302259158	-0.04866743302259158	0.39243876106279424	10.96774193548387	425.5170000000001	0.967741935483871	3.484519824710764	1.4420831161564165	30224836.464175556	95.31682542578125	25.885028089399803	63.910000000000004	5.0	4.788200000000004	0.397484278722575	0.0003610343885123052	0.8251042219740975	0.8556042639635797	active
12.997757714660187	0.1896773431594858	-4.565505388443162	0.7460193644944909	15.11111111111111	400.7440000000001	1.037037037037037	2.596808138631351	1.7292104465816167	828901.1578511272	61.38356573553234	36.98611508385228	85.88999999999999	3.0	0.9560000000000005	0.35856739684237526	0.0004554738143220483	0.8694840371403983	1.0476478046887086	active
12.960068456729505	0.19591021825396826	-4.670448961431417	0.7130128321501354	15.035714285714286	435.1890000000001	0.9642857142857143	2.582285157043474	1.743071191565407	1153103.943166821	60.33983198081206	36.98611508385228	85.88999999999999	3.0	1.6094000000000004	0.36664111143099176	0.0004383133851421644	0.9433959997466822	1.154197750582572	active
12.649889845795364	0.044585380448475265	-3.8513311862917274	0.5809954949916659	12.566666666666666	445.8840000000001	1.0666666666666667	3.2025788208894013	1.5009423921165215	8294038.630339371	76.57124441128973	31.085876061674686	107.48	4.0	2.762600000000001	0.3646790601190882	0.00041555184753880726	0.9864633357717346	1.2261429790179854	active
13.273709215167548	0.06708564289913466	-0.3123852040816335	0.5437144618780534	15.766666666666667	417.88000000000005	1.2333333333333334	3.2689722966379935	1.4483297079071396	14440593.58917403	77.59606600066022	27.633278272813364	85.11000000000001	5.0	3.7680000000000025	0.10253557325680966	0.0003317530139182118	0.9316332908485586	1.4252415835148453	active
12.930808453010833	0.03557120891553822	-0.3292396804400781	0.735432828982774	16.0	368.8200000000001	1.2692307692307692	2.667497015560475	1.656265825278754	1184574.072179049	64.94142585113113	22.60456760965234	71.45	4.0	3.8853000000000026	0.27696708577483437	0.0004770747748057444	0.8906470915070754	1.0598959462008883	active
13.466678307546363	0.059824106125165644	-1.0212018665490892	0.5285638164691997	20.305555555555557	506.99000000000035	1.0	3.5994758210857336	1.3292754403204408	253357355.6657013	71.51070849635735	52.90287302717395	100.63	5.0	3.8542000000000023	0.48178746511717485	0.0002976470299243655	0.9066292479483662	1.1864494612029866	active
13.250965302417773	0.07231402919804752	-0.29905930902916555	0.4995420078932054	10.7	420.4980000000001	1.1	3.4270874248382173	1.5883047671017074	11570738.188984279	70.92088064878332	33.97983606346786	92.15	4.0	3.477500000000002	0.19587958856519577	0.0002065117648037233	0.68876960460794	1.1200278305659301	active
13.189696040545398	0.06002010490768228	-0.2993405652131653	0.6351732896330203	21.34375	448.9540000000001	1.21875	2.738159214649021	1.2019457231672381	20475289.23445622	64.94142585113113	48.5769755693124	66.49000000000001	6.0	3.798200000000003	0.372842516094817	0.0003210169528642897	0.8130766361880619	0.9632847954984713	active
13.547698885109599	0.35197247417485467	-0.5506311413454279	0.6155809191247799	15.392857142857142	392.8420000000001	1.2142857142857142	2.7294138536482575	1.8388022625393767	3065595.7580021136	78.09929721832813	23.405219944163136	59.5	4.0	4.500100000000002	0.22055701772043595	0.0004772351033002871	0.9603362216771938	1.3333569867648032	active
13.188390495086924	0.08591868228773025	-0.2060323759133289	0.6000136661038464	17.92	371.26700000000005	1.04	2.6392134332465496	1.7331128386109784	741592.582607948	70.46697474163709	17.43591465621129	33.2	4.0	5.452200000000004	0.5005746855051404	0.0007665673362705432	0.9847512427156496	1.231330392690237	active
13.575217269778282	0.11933812568237157	-3.4228721941855516	0.6248118048749383	18.35483870967742	457.93900000000025	1.2258064516129032	2.732570994527267	1.811085581110182	7784291.387535793	64.94142585113113	38.016660553403135	105.22999999999999	4.0	3.321600000000002	0.23010585202899045	0.00023708732132968617	0.6867450142815504	0.9763184128738017	active
12.178790627362055	0.0900308641975307	-0.0900308641975307	0.80542102739655	10.761904761904763	299.761	1.3333333333333333	2.8139618939554305	1.8184628032208723	84342.87984752611	59.5084508625856	15.458257898090068	46.92	3.0	3.4079000000000015	0.4724716406726859	0.0010605403886255434	0.9734777538427009	0.7527216770629103	active
12.499179421768705	0.11748173343411428	-0.11748173343411428	0.7848208582890037	12.708333333333334	338.79400000000004	1.25	3.033922527745625	1.5947837610088305	556051.2530401626	64.94142585113113	17.49804021481163	51.22	4.0	4.004300000000002	0.3029653730788827	0.0006428636460916903	0.928784939626356	1.1926588019509725	active
13.228562122262797	0.17972993827160466	-0.3363852221712069	0.7866067074544043	10.636363636363637	314.747	1.1818181818181819	2.466774248511792	1.8213259929342422	113202.73703845465	71.26156226894165	10.891158250298714	41.99	3.0	4.208500000000003	0.46629435112945933	0.0007260694208878299	0.8361262165180667	0.8394544169910867	active
13.262704270240587	0.056770510800994156	-0.3016184281623364	0.6351732896330203	21.34375	448.95400000000024	1.21875	2.7410787561328243	1.2338382461015969	20564584.28656946	64.94142585113113	48.5769755693124	66.49000000000001	6.0	3.798200000000003	0.16679916404332373	0.00016432718260514406	0.6132932670459349	1.0316364803161893	active
13.032235922146636	0.07484284454522538	-0.6833547099395316	0.7361528289403804	18.916666666666668	337.81	1.25	2.9307212150516873	1.71396844202712	477795.47968987655	65.44434142789574	17.43591465621129	54.02	4.0	4.210100000000002	0.40882969472544944	0.0006937274171366555	0.8774482775046772	1.0529395465842342	active
14.41279793398841	0.04771366867326421	-3.7726448333963223	0.6851600796442299	11.5	367.182	1.0416666666666667	2.571855114379834	1.9378497605850038	264299.262684358	70.46697474163707	10.891158250298714	41.99	3.0	5.272100000000002	0.5590826891466049	0.0008686474553519317	0.9520868484572398	0.9627837371140513	active
5.44511213936941	0.3252767311170017	0.3252767311170017	0.5467988229515709	17.1875	436.5440000000002	1.09375	3.331518784886391	1.3462403511427412	31319075.05371138	35.347204613956194	58.34990944449886	109.34	5.0	2.9251000000000014	0.15273213133775504	0.0002576789417238298	0.8827444650510193	1.7225351287972956	active
12.15838246409675	0.11780864197530838	-0.11780864197530838	0.8089003200516655	10.761904761904763	300.749	1.3333333333333333	2.8139618939554305	1.8184628032208723	84342.87984752611	53.44208379412399	20.671642993744936	59.81	3.0	2.802900000000001	0.6458412517228197	0.001392442602533833	0.9445108471108643	0.6224557112666905	active
13.272287021289998	0.07303925736961436	-0.6805328798185941	0.6759389651549571	15.6	422.8720000000002	1.2	2.752421012643878	1.6947401948001475	6911130.988435867	71.00779291959273	47.742612234354546	91.4	4.0	2.8123000000000014	0.2347341177570264	0.00027705508880065244	0.7996179262817006	1.2362548124965285	active
13.498443405139833	0.05082811815676158	-0.6154459561602423	0.6982960228769391	16.166666666666668	422.9160000000001	1.2	2.7313758945768702	1.704427042064458	6594781.454164702	71.00779291959275	53.7830142185307	65.54	4.0	3.5143000000000013	0.1575937167324715	0.00024187686166503598	0.7626009249973574	1.1066240821836573	active
13.720454565936965	0.08641501292385101	-3.408643843051484	0.6745325367285978	16.17241379310345	434.8760000000002	1.2758620689655173	2.673412159444653	1.7132084972026378	3178890.23690381	59.12882813201841	32.17160638265197	85.36	4.0	3.9356000000000027	0.295486819581018	0.00030027237502481494	0.7826620839364561	1.0298859312265585	active
12.351610751277128	0.04294219552426637	-4.834489370016482	0.6950341732517828	11.384615384615385	380.75300000000004	1.1538461538461537	2.525218220635157	1.774501961900446	540583.5653642506	65.44434142789574	17.253517109329096	51.22	3.0	4.968000000000003	0.33197262575349573	0.00044656159425585296	0.8507916987575523	1.1596942832284105	active
13.261291650919626	0.12318413186874633	-0.47122732426303915	0.6664624695933373	16.275862068965516	409.87300000000016	1.2413793103448276	2.7323285475536863	1.6499276264552347	4555015.739712894	71.00779291959275	41.95968362220372	71.53	4.0	3.5991000000000017	0.16429593800203549	0.00020644444979710962	0.667888248337606	1.1989046298684933	active
13.32848970143613	0.15295611300075618	-3.9669870008188446	0.6841376419842612	17.103448275862068	429.90900000000016	1.2413793103448276	2.7258175392862194	1.78309196741746	3967116.685231614	75.72988778404483	37.20659961451366	93.47000000000001	4.0	3.674400000000002	0.1754560799355838	0.0002669801300151805	0.761098906946712	1.085911077544452	active
12.32970559159878	0.06405231517920917	-3.455504653250187	0.7746386504473862	17.42105263157895	302.78300000000013	1.105263157894737	2.472023058111333	2.075344193932268	21872.460018169077	30.33183534230805	55.58913150444779	57.690000000000005	2.0	0.7583	0.5012212943025078	0.0011679502692960443	0.897964617720575	0.8252843356094699	active
11.74307854623331	0.19898148148148143	-0.38978599773242606	0.7453528197531899	10.444444444444445	238.246	0.9444444444444444	2.398737591362552	2.0597186740336046	21176.05545654861	65.0174271193043	4.9839785209472085	55.13	3.0	2.9316000000000013	0.5363857277814685	0.0019633108201183988	0.9345984296063503	0.9083519127720251	active
13.33882152669761	0.0853881120349369	-0.0853881120349369	0.407024737963622	10.96774193548387	426.5050000000001	1.0	3.484519824710764	1.4420831161564165	30224836.464175556	89.64188786677401	30.86900661034701	76.80000000000001	5.0	4.183200000000003	0.5325436559093167	0.0005492991127823402	0.8816370284711668	0.8901664118742414	active
12.255926765768034	0.17542181069958818	-0.5071343214039394	0.7651956162974838	10.541666666666666	339.78200000000004	1.125	2.541675095213167	1.8401371165255203	282896.0631225111	71.00779291959275	16.79833797965022	85.08	3.0	3.1683000000000012	0.569512984284756	0.0007926131408158985	0.897506821098188	0.8414449811162645	active
14.58767417375455	0.08120868571130035	-1.9769646044075417	0.07807518101884203	30.06451612903226	858.7140000000004	0.532258064516129	3.238669051742332	1.3782406107752971	36328810369058.22	116.29818560158608	138.9828681170419	359.28	8.0	-5.028999999999988	0.545346577486021	0.0001664055237189488	0.984073821299455	1.4333720028366168	active
11.35292044595616	0.05013888888888851	-3.5791867835097	0.5902819584433281	11.1875	264.69	1.5625	2.1638429627243285	3.243473756027108	2516.549365648394	16.913404880202865	37.21771046219953	86.22	1.0	0.7101999999999999	0.2777107213290288	0.0007001436941286849	0.674968011025287	0.5465605868641366	active
12.957298962794994	0.05096674575179905	0.05096674575179905	0.7032775042499595	14.76	351.8370000000001	0.96	2.6700188589369347	1.5119256532452716	841397.7029790784	71.51070849635735	41.97009360479949	36.440000000000005	4.0	3.8506000000000036	0.32757540767228177	0.0005469682698167345	0.8758729089896661	1.1620137971280957	active
13.254226662887376	0.2354561130007562	-3.5966166304484743	0.7106900480338649	17.285714285714285	415.90200000000016	1.2142857142857142	2.661203436032479	1.778551086851115	2182415.6810421315	71.00779291959275	36.41469681534787	79.37	4.0	3.3857000000000017	0.1689195593770001	0.00029930049571604684	0.7517019364878819	1.2594144650125452	active
12.30544866829499	0.17283794513367035	-3.6140098142320904	0.6745717400296131	11.307692307692308	390.84800000000007	1.1923076923076923	2.529338266504385	1.8221732877006156	547019.9868969034	65.44434142789575	25.564724418139054	85.36	3.0	3.4078000000000017	0.36459583319084155	0.00040544287678920585	0.812654030603372	0.9619604281678186	active
13.216089747627446	0.027893019862265556	-3.4954143309058527	0.4363440630432078	11.5	440.5300000000002	1.1333333333333333	3.3587707478002584	1.611924735262938	8322751.776306225	75.6429755132354	35.57461573629294	99.26000000000002	4.0	3.6910000000000025	0.24409110269700196	0.0002747119954842988	0.7220668323735047	0.9506947830723015	active
13.500682594797176	0.0330945294784577	-3.7952514983329837	0.5620628896469915	19.58823529411765	495.99200000000025	1.2647058823529411	2.806405378946732	1.4717339938580913	40284894.006357856	71.00779291959275	49.00129405040839	115.19000000000001	5.0	2.869080000000001	0.1932703350242714	0.00013483337185389325	0.6073371042793814	1.0441477519198692	active
12.197483369376556	0.058253417107583916	-3.401754653250188	0.7768985270041376	17.944444444444443	308.8120000000001	1.3333333333333333	2.9230063332936917	2.042668083574119	16742.980277106268	16.82649260939344	55.58913150444779	57.690000000000005	2.0	0.8197999999999999	0.13671799513944083	0.0007512949800549256	0.8457349927015216	0.9569984647061623	active
13.260965302417773	0.04905930902916533	-0.09518812463256876	0.4895737274694607	10.833333333333334	419.5100000000001	1.1	3.4270874248382173	1.5883047671017074	11570738.188984279	70.92088064878332	26.8082292978041	80.12	4.0	4.074700000000003	0.1516456247087537	0.0002557839509707525	0.8094165034572006	1.30592922270572	active
12.245010865457292	0.040777936723102925	-1.273225736154578	0.7910767705825591	10.541666666666666	339.7580000000001	1.125	2.5429453893330547	1.872003909282015	283576.5550914756	71.00779291959275	16.860463538250563	82.12	3.0	2.4329	0.2853014124824342	0.0004895184424649949	0.7700228626825376	0.6847487295474111	active
13.169536328420257	0.01949357520786088	-3.8693061985596704	0.701345593876378	17.896551724137932	455.98900000000015	1.206896551724138	3.2512773964093182	1.937222715311131	3429486.413061306	46.15249679817226	60.99339565703468	86.78999999999999	3.0	2.4439400000000004	0.26985893451511334	0.0004082318747185316	0.9216790681659085	1.1785197865071129	active
14.205592744813973	0.05495001993295401	-3.0672021649673864	0.5262303999407147	25.763157894736842	554.0680000000001	1.131578947368421	3.217745860313058	1.3410672328276438	492906686.333333	65.44434142789574	61.31814668466127	105.66999999999999	6.0	3.8304000000000027	0.42199340948937764	0.0003136094529461713	0.9821008912245586	1.431285552858796	active
12.741908081111792	0.10679100704272027	-3.1819954540797872	0.5929503816636613	15.125	472.9980000000003	1.09375	2.787631506358005	1.4548703274010693	16477243.81304115	65.44434142789575	55.54605045632098	82.61	4.0	3.541100000000003	0.21170337363572797	0.00018428804360314565	0.7154631467152928	1.064268885706063	active
14.092818011463843	0.09112670068027207	-1.022236040249433	0.6192973970543347	19.96969696969697	483.35500000000025	1.1818181818181819	3.130631586955311	1.6378907189009835	37697412.59663794	69.96405916487245	54.28736864026712	82.61000000000001	5.0	3.4181000000000026	0.20656345366083634	0.00016387238767113732	0.6209071726980058	0.9393774448323899	active
12.312249079817622	0.16023662551440299	-0.1691713584409773	0.7544850991662382	10.48	353.809	1.12	2.6044808711379135	1.8319494363578857	494590.9174290898	71.00779291959275	23.846009962327408	71.09	3.0	3.429000000000002	0.5266371897735007	0.0006350896828156846	0.8817244032613736	0.8597251745534952	active
9.374814814814815	0.37918209876543174	-1.2696759259259263	0.40619749005324385	46.46153846153846	392.18300000000005	1.1538461538461537	2.1506064729462735	2.659390479692273	791.4231820442286	0.0	56.884855466438026	90.15	1.0	-2.0187000000000004	0.5268716451456612	0.002001268121224458	0.9720662959586271	0.9536877593456965	active
9.917685185185185	1.4367283950617284	-1.5763580246913576	0.45600714707583334	15.8	180.206	1.0	1.8406191515407482	4.069511908932012	106.7559107893634	0.0	22.438486635868045	80.25999999999999	0.0	-2.9170000000000003	0.09372612711054935	0.0022522546167263006	0.8952507467181192	0.8311130982246075	active
13.058115551776265	0.04990950701268071	-0.3181311413454275	0.7306156950111535	19.12	352.821	1.24	2.6139111581389836	1.7030054243454995	694589.3842299558	65.44434142789574	17.49804021481163	51.22	4.0	4.639000000000003	0.36648845035136723	0.0005695582998722235	0.8437337228332775	1.125966938754309	active
13.56271450634636	0.019162834887041402	-0.604078955656336	0.8009109072673009	10.636363636363637	298.29200000000003	1.0909090909090908	2.511884471807872	1.829105416518248	121163.25938212452	72.05614979624622	10.891158250298714	41.99	3.0	3.6942000000000013	0.4045884298423598	0.0009759264066980845	0.8967848089427077	0.7202507475365022	active
13.332369308464635	0.2011052998895715	-0.6727360743680195	0.5275926067825989	18.9375	453.92600000000016	1.1875	3.279617057727065	1.5164006596929895	25522366.93804483	71.51070849635735	42.72295026093728	89.55	4.0	3.8782000000000014	0.14368008910925287	0.00015122817461640415	0.6692077687364953	1.444494846455292	active
14.209386324700386	0.171967041446208	-4.098723801399734	0.3038212526855208	16.897435897435898	568.0500000000003	1.1538461538461537	2.938801870730682	1.4722615001121484	576804791.1418245	99.74620983047556	39.508265587730335	111.49000000000001	5.0	5.168300000000004	0.11373581864932329	0.00014878095226012177	0.8130051571308347	1.5368992503568202	active
14.011986951473784	0.03883876081296744	-0.9844189155868446	0.7440577712087284	16.076923076923077	353.3280000000001	1.1923076923076923	2.6130031507661724	1.7172421087676433	997378.0766411464	71.55323421948158	23.343094385562793	71.09	4.0	2.978700000000001	0.21926165330694897	0.0005966527950501638	0.948888807752738	1.0877077039256187	active
11.644280124086672	0.18024683484504922	-0.5830659486016627	0.7734371638773304	20.181818181818183	336.84800000000007	1.3181818181818181	2.5474305633170085	2.5675769967150224	90352.26721972766	21.996254453057546	18.042952357833247	88.71000000000001	2.0	2.72846	0.24502052974110636	0.00036748237704841335	0.6303396200831818	0.6031713876806377	active
13.108482142857143	0.1461183547493068	-0.5145045981355512	0.5965556651363623	14.88888888888889	400.3090000000001	1.1111111111111112	3.493364597789225	1.6145509171366452	3129649.449325802	70.46697474163707	17.43591465621129	54.02	4.0	5.221000000000004	0.5010418411557506	0.0006164835667511445	0.9214932272586094	0.9734414832442712	active
13.71578585600907	0.005536737843284456	-3.6841868748251776	0.4629466643455083	19.43243243243243	544.0730000000001	1.2432432432432432	3.6139182752411676	1.4842358240172255	221671039.57097438	70.50487734282812	53.72915698568517	108.83000000000001	5.0	4.162300000000003	0.3488669352344725	0.00024463154976980795	0.8672561360471319	1.2321666961833544	active
13.72157789186356	0.0817843193609098	-1.022318331653649	0.3830484398292008	12.108108108108109	498.5820000000002	1.027027027027027	3.420894717388939	1.6941281527867826	221547596.15236405	113.5220717789023	28.44177619386383	89.29	4.0	4.617400000000004	0.37358739699650456	0.00034822561327064837	0.9397217564195872	1.3912218791271167	active
12.350771447467876	0.26513605442176846	-1.2663369236583513	0.8364481436603303	15.0	266.276	1.05	2.7780019503937927	1.9987207298986138	56860.14392066015	71.28765809124548	16.776394748153834	60.44	3.0	1.1335999999999995	0.3133539207133226	0.0010603512176269375	0.8635116761147598	0.9843905491522043	active
13.230068657092467	0.028281368102796245	-0.028281368102796245	0.5017705064918349	10.928571428571429	391.50000000000006	1.0357142857142858	3.3629756252922434	1.6280105211474925	4271530.572123697	70.92088064878332	34.99639353380698	54.260000000000005	4.0	3.792200000000003	0.1951905332931442	0.00026241759171645495	0.7414468833225012	1.2816261526175374	active
12.186408257747543	0.1559794658604179	-0.1559794658604179	0.7849470077397109	10.636363636363637	332.19000000000005	1.0454545454545454	2.512319271566993	1.7957159942644059	121802.26292411095	64.6615606794784	15.875136771245923	54.88	3.0	4.117800000000002	0.4021656902161397	0.0007256013125030523	0.8570808089209333	0.6776429427009251	active
13.249257863896588	0.14641119343530296	-0.5786883897077357	0.48979940055833193	16.15625	554.2970000000003	1.15625	3.2377776602670583	1.5572478595841037	22535385.80433116	79.13053715317508	47.37435775738638	65.54	4.0	4.8598000000000035	0.2626204795212836	0.00017036074723771774	0.7563179110464893	1.190639629392344	active
12.354503968253967	0.07641408415217898	-0.07641408415217898	0.7597745376627132	10.695652173913043	324.81100000000004	1.1304347826086956	2.5420918184625756	1.801838364976728	198405.1822473671	71.00779291959275	10.891158250298714	41.99	3.0	4.631800000000003	0.5331196968258767	0.0008844245665428119	0.9397601190281344	1.1323718204382645	active
14.314952353784651	0.14965970821039343	-4.421774401128746	0.32361700591241604	17.026315789473685	554.0230000000004	1.131578947368421	2.881698178124176	1.4613104125163907	314745270.66580546	100.16308870363143	32.46059360505314	121.19	5.0	5.217000000000004	0.1710326825812614	0.0001419971568417983	0.728875015256786	1.1228460788886103	active
13.64108229402872	0.009692224111866654	-1.1016648951247165	0.6883630415780535	17.862068965517242	409.8730000000002	1.206896551724138	2.7392896233984563	1.7983601307004538	4522517.86101763	65.44434142789574	30.452891926840326	80.32000000000001	4.0	3.683300000000002	0.22304689940656253	0.000380841106325232	0.8411015179636223	1.2426829542525857	active
13.73437035462333	0.0011411092214665963	-1.079910832388511	0.6146876413610033	17.483870967741936	439.8990000000003	1.2258064516129032	2.790056050159121	1.7186722048979324	12189436.816755483	65.44434142789574	43.66665585586617	89.55	4.0	3.309800000000002	0.18370453795235406	0.0003254288254218377	0.9057536493622349	1.1118930286931619	active
12.203379629629628	0.13125661375661335	-0.13125661375661335	0.8034989202914758	10.136363636363637	287.32200000000006	1.1363636363636365	2.551138689578221	1.7997728140683686	143277.05108409206	72.05152667431302	10.891158250298714	65.78	3.0	3.2876800000000017	0.5749748266243393	0.0011950201801496176	0.905286206337182	0.8490990809031109	active
13.164733651743724	0.06387969552426576	-0.30121266924873136	0.6508404936312154	18.93548387096774	436.94300000000015	1.1935483870967742	2.790808783655912	1.3695586082800744	18598251.141631633	64.94142585113113	48.5769755693124	66.49000000000001	5.0	3.798200000000003	0.2206144904067451	0.00028046736686558095	0.8407377234878757	1.0949240325616982	active
12.427183484504912	0.07245370370370363	-0.07245370370370363	0.7851627421857064	12.25	298.39200000000005	1.1	2.4976762711486016	2.0804451143924987	55748.13437203679	48.53093654769288	11.660033336098294	44.1	3.0	4.030180000000002	0.23482386439296954	0.0006389200418969438	0.7372701358109025	0.6529119814319143	active
13.111061025547858	0.12597340325018913	-0.34062261929054816	0.7967767738732201	10.523809523809524	280.302	1.0952380952380953	2.4739761554776227	1.8039060510745435	80913.86414105113	72.30529602366194	10.891158250298714	41.99	3.0	3.5551000000000013	0.42556576492705334	0.0009929816020733994	0.8538614201589485	0.7406419685393041	active
12.19119142101285	0.14860985134794635	-0.14860985134794635	0.7849470077397109	10.636363636363637	332.19000000000005	1.0454545454545454	2.512319271566993	1.7957159942644059	121802.26292411095	64.6615606794784	15.875136771245923	54.88	3.0	4.117800000000002	0.3822336592183506	0.0007283045594618124	0.8681196111999034	0.7040406411414555	active
13.24943357898715	0.01863228213095902	-3.8247209674477882	0.6413103465721011	20.535714285714285	435.31200000000007	1.2142857142857142	2.650907834210092	1.8065844559188027	1895107.5015984525	69.12270253762755	25.853711640540226	90.22999999999999	4.0	4.514000000000003	0.26998230142671553	0.0003728072316901124	0.8123345536159919	1.164558691174469	active
12.224891266691863	0.10614079428067513	-0.21943733203157767	0.7602696107081889	16.875	364.85400000000016	1.3333333333333333	3.2917147452626887	1.9567728001990756	489175.14486399764	46.15249679817226	36.72737578360214	51.129999999999995	3.0	3.6818000000000026	0.1757392547037802	0.0002811766006230173	0.6771261196498611	1.1280752549464905	active
13.394335789871503	0.08567334341143829	-0.4198441043083907	0.7070382452729385	16.714285714285715	395.8900000000001	1.2857142857142858	2.7147078959556676	1.6904606176470074	3167401.725853651	71.00779291959275	42.5972602987648	54.46	4.0	4.072500000000003	0.22995949073338762	0.00031142866645928255	0.7728082034690706	1.051644950359001	active
11.461718676145082	0.006589506172840043	0.006589506172840043	0.7993250936874834	16.68421052631579	321.6350000000001	1.0526315789473684	2.372589839257325	1.9000049365994442	19303.390932197595	33.80781932456448	47.76602825967309	23.550000000000004	2.0	2.876400000000001	0.5186182887985115	0.0009019548480064247	0.8946786135025089	0.760826644527022	active
12.799141891324432	0.018559933232552783	-1.778814729297835	0.47873049159381986	11.777777777777779	401.4690000000001	1.2592592592592593	3.2066791976021367	1.9887790134931782	1548252.0568654612	75.28269707346983	27.07103977395804	93.41	3.0	3.8030200000000036	0.221044325871075	0.0004411888726519245	0.862975810501108	1.3074227391993927	active
5.828705435878055	0.7744009826152685	0.7744009826152685	0.3483395143098433	11.117647058823529	224.287	0.7647058823529411	2.3153309440876466	2.5297215862635367	9983.707030905933	42.46456947923127	0.0	55.92	3.0	1.9818999999999996	0.5601225393124523	0.002149983394003875	0.8250255123578049	0.1635112414625776	active
12.062860922146635	0.10077160493827142	-0.10077160493827142	0.7747430588843123	10.65	285.734	1.3	2.8768354939067122	1.7746352324759036	60410.66853654705	59.508450862585605	15.875136771245923	57.78	3.0	3.397500000000001	0.6019023952076641	0.0013451335869926447	0.9195901131334581	0.8154773722215152	active
13.714824570291533	0.1219028798515629	-1.6596503990294231	0.5436244283014613	11.515151515151516	462.4080000000002	1.121212121212121	2.7798486645471594	2.2536053110768055	15302533.16738852	85.49714546799956	29.19884854888894	108.78999999999999	3.0	0.7282200000000003	0.1888132774087325	0.0001269633139529156	0.5779096928829336	1.0061600624973708	active
13.817093804247033	0.15979291883828362	-0.9414294900058804	0.2909896021669331	13.921052631578947	511.5970000000004	1.0526315789473684	3.4378966733986065	1.4589628908193406	506630662.6045288	125.2845291871129	28.24300411641327	75.44	5.0	5.823800000000006	0.23824029878532413	0.0002358467794289628	0.8416561718283821	1.4623019471686924	active
13.96539047409087	0.00045611300075565353	-1.4263741226050337	0.4983291483202812	23.705882352941178	498.0040000000003	1.1470588235294117	3.302104908759242	1.5145900206007297	74947426.02784093	65.44434142789574	52.163261769393685	100.55000000000001	5.0	3.5314000000000014	0.21034786272409658	0.00021532179439223549	0.7411984484635272	1.3117550476296629	active
14.314952353784651	0.14965970821039343	-4.421774401128746	0.32361700591241604	17.026315789473685	554.0230000000004	1.131578947368421	2.881698178124176	1.4613104125163907	314745270.66580546	100.16308870363143	32.46059360505314	121.19	5.0	5.217000000000004	0.16886255212217974	0.00015277838092389234	0.7612913477701139	1.3740169898858345	active
12.863254440665154	0.051972474174854844	-0.27183484504913147	0.7491268522807287	16.625	337.81	1.2083333333333333	2.611582360660766	1.6683265371901423	482583.8580970603	71.00779291959273	17.43591465621129	54.02	4.0	3.713700000000002	0.2681440144027703	0.000627579031580384	0.9194805682528272	1.0863580719596584	active
13.458308295540437	0.19545611300075616	-3.837357371189215	0.6692919289771859	17.133333333333333	444.94400000000013	1.2	2.7243233714477633	1.793842190144295	5695704.732158639	71.00779291959275	48.55948758848707	82.61	4.0	3.2325000000000017	0.20399789289642942	0.00023857515057705832	0.7153366676735587	1.0494963086442894	active
11.758815577960599	0.02989711934156425	0.02989711934156425	0.8049032195100566	15.826086956521738	328.84300000000013	0.8695652173913043	2.6359178840882076	1.8185569751803121	270761.4850535407	71.7905736680101	47.76602825967309	23.550000000000004	3.0	3.1590000000000016	0.294620294312258	0.0005463232018170915	0.8306132890259655	1.148168145162149	active
12.574662733550719	0.09242559523809524	-0.3955311033848117	0.5392252264002015	10.655172413793103	404.8330000000001	1.0689655172413792	2.6757529970835794	1.5183961506787302	4359716.739774154	93.99724671240442	10.891158250298714	82.39	4.0	4.179100000000002	0.22635385225008275	0.00027628154504960774	0.7557280611052893	1.1101105421457813	active
12.812044123204839	0.08167391030486226	-0.2867787855883097	0.7200582074125422	16.5	361.232	1.2916666666666667	2.984105816668493	1.6534786291646735	514089.8136723813	58.33424060471384	21.836609262473083	58.43000000000001	4.0	4.179000000000002	0.24411627032892483	0.0005210679941112093	0.9262507533305907	1.3411136242896413	active
13.51243472852104	0.006600557080806313	-3.846277226110828	0.5864226808784829	20.40625	497.04200000000037	0.96875	3.3931854363068106	1.5259193674657086	25548731.86057897	47.15832795170149	92.07233101153548	81.24	4.0	1.5371999999999992	0.15383320790700097	0.0002260957990466203	0.8187890902424159	1.403624220958703	active
13.993026476022507	0.17812261169900023	-4.5337793576756855	0.3775968246638033	17.027027027027028	538.9730000000003	1.1891891891891893	3.3854938753241415	1.5306646624480111	254028467.783683	82.34361022881376	43.466455142705684	165.24999999999997	5.0	3.0703000000000014	0.17098382032165427	0.00012403735694345585	0.6543729280977069	1.197765193304822	active
14.221099315146935	0.03579428067523294	-1.122084829302091	0.5348239312286835	23.605263157894736	535.0440000000002	1.0789473684210527	3.487648595509741	1.287574932628145	840467397.5355644	65.44434142789574	78.63966978768819	84.0	6.0	3.8704000000000027	0.3117175858977045	0.0001993850141942425	0.7773780120162367	1.1775768473327095	active
13.90113020905995	0.06644912131519232	-1.146314129818594	0.4065568709445843	16.82857142857143	490.92700000000025	1.1714285714285715	3.3717329023522042	1.4301355223740453	141981561.81325445	77.83802857112188	41.602962394136185	116.54000000000002	5.0	3.5547000000000013	0.2810800256765881	0.00025786315557476476	0.8642167518782037	1.197653261265638	active
13.232624677185688	0.1454853927337698	-3.414915018259625	0.6465067155655987	18.566666666666666	443.91200000000015	1.1666666666666667	2.6651306843697466	1.759214374970116	4493780.78701252	64.94142585113113	37.51374497663852	105.22999999999999	4.0	3.145900000000002	0.27903358943671724	0.00031840974655145766	0.8313634554363861	1.0161956732843753	active
11.943859479665758	0.10178961167800482	-0.4568070777693798	0.9154115561060127	17.05	353.201	1.4	2.972204580049013	1.615207022597153	56792.88511557654	35.0655078644434	31.828760753078615	76.88	3.0	2.1839000000000004	0.7666801171663533	0.001599290315832483	0.9922411850644528	0.9135033861874524	active
11.51602560468632	0.12425925925925929	0.12425925925925929	0.652178018053514	32.9375	217.292	1.375	2.6467770950060294	2.196992915665399	6315.210148684386	23.762552697081826	31.705785714251963	29.54	3.0	1.1293	0.27473859236455783	0.001606132652163937	0.823481825498685	0.8062193306201846	active
12.014444129503651	0.0035396195515244866	0.0035396195515244866	0.7742536255383411	17.428571428571427	299.801	1.2380952380952381	2.526615272194947	2.0355474487885843	82013.93173544799	70.78474251448087	23.231849311084897	20.310000000000002	3.0	3.7079200000000023	0.20327960326172337	0.00047438021470840025	0.6929593273781693	0.9928124947363346	active
12.287834939531368	0.2804113313267358	-1.357652746283699	0.7459484535846144	12.130434782608695	347.201	1.0869565217391304	2.5674836952638787	1.864226172659767	194163.38697063556	70.46697474163707	15.99768564513942	62.22	3.0	4.213700000000002	0.606121871754279	0.0010190547578778435	0.9686181070975033	0.8506823424276305	active
13.022143329554043	0.03405580750818804	-0.2579459561602422	0.7570162746242192	17.28	351.8370000000001	1.24	2.6147932967678185	1.684427444093183	678544.0900978424	71.00779291959275	29.383496369738957	45.230000000000004	4.0	4.055900000000003	0.35155648287254765	0.0004891914964218102	0.7989285597009065	0.9944824836298686	active
12.258028155706727	0.07759259259259244	-0.07759259259259244	0.5773390983318871	10.9	283.356	1.1	2.807769032852809	1.883247500235721	51205.28385213667	53.479986395315045	20.067212493027345	58.64	3.0	3.507240000000002	0.24265390333720874	0.0006829414886104109	0.7911201362790978	0.8566682621901459	active
12.59989276266062	0.22198302469135833	-0.4803935360875291	0.6427014709309151	10.444444444444445	367.3810000000001	1.0	2.695143839416157	1.7220136558367234	1449920.007009907	64.4481921185137	33.278413182332066	87.96	3.0	1.9832	0.5445323562446218	0.0007162655833988673	0.9704764387276805	1.195885769052901	active
13.391153618140452	0.043899600346209544	-0.5288942242288204	0.7866067074544043	10.636363636363637	314.747	1.1818181818181819	2.512319271566993	1.7957159942644059	121802.26292411095	71.26156226894165	10.891158250298714	41.99	3.0	4.208500000000002	0.44162040090903615	0.0008373207315460782	0.8723800663876607	0.7833181795616752	active
13.466678307546363	0.059824106125165644	-1.0212018665490892	0.5285638164691997	20.305555555555557	506.99000000000035	1.0	3.5994758210857336	1.3292754403204408	253357355.6657013	71.51070849635735	52.90287302717395	100.63	5.0	3.8542000000000023	0.21541015351300558	0.00012751904874095272	0.6931275864219272	1.3062909020129405	active
13.685952891863561	0.05506850515305595	-1.0762072205425384	0.3772590908331365	12.108108108108109	501.5620000000002	1.0810810810810811	3.420894717388939	1.6941281527867826	221547596.15236405	107.84929656479558	33.54045800216487	101.22	4.0	4.648200000000004	0.42746262334819013	0.0003705661505486716	0.9985903009229619	1.2702742511914018	active
8.81734536257763	0.7511033239180787	0.7511033239180787	0.9154435050412232	24.65	269.39199999999994	1.1	3.0307809471331235	1.4885583005537215	79867.13951885207	35.392371257240434	31.078935354500782	39.06	3.0	2.3797800000000002	0.19140625001591272	0.0006082212815164947	0.7184221357858025	1.1006954018942607	active
12.004777966742253	0.16332845175107136	-0.3473508644734291	0.8150634977643885	14.19047619047619	283.28700000000003	1.1428571428571428	3.044584084097078	1.590665694924738	99381.31367309683	48.17780355082427	40.69494025167736	82.27000000000001	3.0	0.8226999999999995	0.5545660196790374	0.0011847197999865023	0.8897250171357375	0.7421346920330931	active
13.564458144368857	0.07715765936004004	-1.027683413643235	0.6821640603667488	20.53846153846154	366.84800000000007	1.1538461538461537	2.6797042028168643	1.8269503928959179	1219769.1966718028	71.51070849635737	24.54571219748882	42.43	4.0	4.556900000000003	0.09958462108951986	0.00033668055643176173	0.7228528732428153	1.1525552190540065	active
13.36833484166547	0.043042433022591586	-0.043042433022591586	0.39243876106279424	10.96774193548387	425.5170000000001	0.9354838709677419	3.484519824710764	1.4420831161564165	30224836.464175556	95.4473019289327	25.885028089399803	63.910000000000004	5.0	4.788200000000003	0.29645691621950254	0.0002758010849417597	0.8110516035769717	1.3197798510791634	active
11.212870370370371	0.08351851851851833	-0.08351851851851833	0.5804588105051868	10.333333333333334	159.168	1.25	2.1225522925661964	2.946471324842402	768.3639299089631	30.462311845459517	4.9839785209472085	61.97	2.0	0.8906	0.2506516725778625	0.0013058554138301094	0.5195653627692569	0.04939536078053969	active
5.857655772893348	0.24291289496872137	0.24291289496872137	0.6261112398862771	15.88	342.40700000000015	1.32	3.2320075150856202	1.7000215689284823	1086135.5174896133	17.957138634923147	43.979736844909766	119.71000000000001	4.0	0.9249999999999997	0.20193723400608077	0.0005379308780256939	0.8630328450736059	1.319763133978245	active
12.028563869992439	0.1485493827160489	-0.1485493827160489	0.8022492207594811	10.65	285.714	1.3	2.8768354939067122	1.7746352324759036	60410.66853654705	53.44208379412399	15.989840058599752	68.98	3.0	2.4215999999999998	0.529844438696386	0.0012472765724613956	0.9304315121029659	0.7270937019310532	active
14.241674146510455	0.007730772864701141	-1.162774825207861	0.43000266957982447	20.594594594594593	516.0010000000002	1.1891891891891893	3.356437190999397	1.3913184537738068	418327166.2298042	83.40148006281889	44.1274552476078	89.35000000000001	6.0	4.564700000000004	0.11319640616216643	0.00018141508998205171	0.8147317861655856	1.3121289499908382	active
13.395853804484757	0.09836033950617296	0.09836033950617296	0.4718448647109433	14.793103448275861	406.9570000000001	1.0344827586206897	2.7493569527573576	1.5610031682102883	5743120.741187033	71.51070849635735	17.43591465621129	33.2	4.0	6.434300000000006	0.26569466323713126	0.000356747827608011	0.8133984635437207	1.2643641550998013	active
12.988208144368858	0.3148777242378433	-1.5537250803099014	0.7775771829662931	20.75	338.794	1.125	2.9089106201385393	1.7798494779602898	487533.41993521916	71.51070849635735	22.542442051051992	53.43000000000001	4.0	3.5127000000000024	0.597850407809109	0.001119581894160588	0.9308763762752618	0.8241961582794289	active
12.459680994964875	0.1041607779702669	-0.1041607779702669	0.6218403867982928	14.241379310344827	409.9170000000003	1.1379310344827587	3.214001002836843	1.4058230912511864	6464413.423034824	65.44434142789575	42.03221916339983	54.46	4.0	4.544000000000003	0.20426974224825387	0.00019432376153858836	0.6706348229084054	0.8870070603373875	active
12.98285451835055	0.11903325424820088	-0.38461722330499337	0.6994909442392172	14.653846153846153	366.8280000000001	0.9615384615384616	2.666684982100673	1.5506943308891872	1176509.4138830316	75.53719250071664	36.98611508385228	54.720000000000006	4.0	2.7730000000000015	0.4580713500347475	0.0006723881807113707	0.9027592937383886	0.9501182795894618	active
12.201233369376556	0.057862470605526184	-3.393652801398336	0.7768985270041376	17.944444444444443	308.8120000000001	1.3333333333333333	2.9230063332936917	2.042668083574119	16742.980277106268	17.512796907389134	55.58913150444779	57.690000000000005	2.0	0.8197999999999999	0.1412351397462701	0.0007277532273524425	0.844668594295603	1.064369969999694	active
11.671593561360877	0.06627057613168752	0.06627057613168752	0.8000473405880852	26.105263157894736	299.201	1.3157894736842106	2.971854732652775	1.637526013504076	38491.46249731874	34.85155307928476	46.76019710614386	23.550000000000004	3.0	2.3639	0.6208615531019761	0.001398295701860776	0.9248763721703136	0.7642034135077567	active
14.135814364440805	0.11692829306864638	-1.0227066798941804	0.3088733453845561	17.564102564102566	555.0750000000002	1.205128205128205	2.87781901129266	1.5910299216166155	347288941.9042676	65.44434142789574	60.03709409706047	121.81	4.0	4.412500000000003	0.025685560232241444	0.00014923937413257544	0.8902262196943085	1.5640891316964771	active
13.738250085177171	0.047620120041032665	-0.9291889749727054	0.5167486271254534	15.305555555555555	490.6040000000003	1.0833333333333333	3.4266181280185317	1.665115209349521	159086092.11754003	84.07493708882653	61.09103726317683	87.91000000000001	4.0	3.808600000000003	0.3004912076541406	0.000317713057429445	0.9622835486420743	1.434754501019009	active
13.614181136446348	0.13706742882338085	-0.5826624044679607	0.46482836590706544	21.08108108108108	577.2930000000002	1.054054054054054	3.60868166543896	1.3080635091151793	416592490.5643714	106.43948588262029	53.91911416329896	65.54	5.0	5.1173000000000055	0.18878031910609558	0.00012982033782213504	0.7462326555121276	1.439873879301334	active
11.592971354191661	0.018385007482230264	0.018385007482230264	0.7426425195722921	16.045454545454547	345.2700000000001	1.2272727272727273	2.5393201093115607	1.960730397676948	95681.58171885961	34.34863750252015	61.48270776546355	32.78	2.0	2.4119	0.3727824398525421	0.0005017566283774112	0.7753192936454734	0.8646154888050877	active
13.305198885109599	0.05015715545477484	-0.3412792894935759	0.7020503179573114	18.72	351.837	1.08	2.6172432586926	1.7721657430199962	716344.714390682	71.51070849635735	35.928252775651536	36.44	4.0	3.9079000000000033	0.5146255155074517	0.000861865495706311	0.8872264186462652	0.7693185687883901	active
12.34082490866717	0.10767476589401181	-0.10767476589401181	0.7563392350534025	10.75	340.81	1.1666666666666667	2.5546398495747438	1.8304343270314214	319105.1728900804	71.00779291959275	18.000955791576246	51.22	3.0	4.215800000000003	0.397167242083676	0.0006146193183464514	0.8494556843438482	0.8669441092213627	active
12.58922052154195	0.052453703703703836	-0.052453703703703836	0.7938644474597648	12.80952380952381	294.379	1.0476190476190477	2.692071770546488	2.111525347963622	96569.99855304361	59.65783953108687	11.660033336098294	44.1	3.0	3.6641800000000027	0.12944762096665877	0.00046835357743173423	0.7006615355935968	0.9385629371722851	active
12.62649754346183	0.0852106953892664	-0.5633818342151675	0.7600162623675156	19.40909090909091	361.6120000000001	0.9545454545454546	2.732795634017279	1.9427135404221587	119073.37136540088	38.97369349803691	43.017545930404474	49.85	3.0	2.6492000000000013	0.6230300828180587	0.000909959797041616	0.8573197955480554	0.307341452125926	active
14.05357181614723	0.03947108801851318	-4.032992593642396	0.34172577997742454	11.555555555555555	481.83000000000015	1.0740740740740742	2.962780994573699	1.838160340837041	1104489.20140514	78.32899509012044	8.417796984328938	48.24	3.0	7.533800000000002	0.30820237498565173	0.00036796234995516576	0.9202244683575128	1.0577273111907937	active
12.77957236333086	0.0771259629119474	-2.5458551868600843	0.7213734384754885	11.0	346.764	1.1666666666666667	2.541675095213167	1.8276131426514224	282896.0631225111	71.00779291959275	10.891158250298714	41.99	3.0	5.007000000000002	0.2027845938338742	0.0003865102162946807	0.7610204997592639	0.7166126972814433	active
13.264693011463844	0.052049477198286453	-0.3071532501889649	0.7070382452729385	16.714285714285715	395.89000000000016	1.2857142857142858	2.7170511466474907	1.6401847656402024	3119386.6463407576	71.00779291959275	42.597260298764795	54.46	4.0	4.0725000000000025	0.19136048823228155	0.00023282183585063214	0.6673121759642673	1.1439213801602015	active
14.138689531368101	0.035340089095275085	-1.253522035357354	0.25205921128172554	12.19047619047619	564.6370000000003	0.9523809523809523	3.50051030422588	1.6290980995169861	2750030285.2843657	135.8802958366984	18.359115864615585	93.72	5.0	5.933800000000005	0.09906452698322217	0.00011849846419959465	0.6869487519271609	1.3412493968049113	active
13.180932539682539	0.30678681657848283	-0.9126218820861685	0.670065918520313	17.06896551724138	409.87300000000016	1.1379310344827587	3.2697161653828237	1.6213760585874106	6584162.0479080845	71.51070849635735	29.50918633191144	80.32000000000001	4.0	3.8632000000000026	0.1287372896070543	0.00023416019373794948	0.7504767113242362	1.3300369660118814	active
10.273657829406847	0.2257720579421869	-0.9087577043361976	0.2594910028457578	10.875	443.3889999999999	0.7083333333333334	2.5626347744668885	1.774054401930007	200305.78451142987	33.39910203660883	5.969305287951849	40.129999999999995	1.0	5.654900000000006	0.6023924414261056	0.0003999724910347587	0.8829194282538464	0.9432492132053134	active
13.443336915784831	0.040464143990929236	-3.794418164999651	0.5833497216603628	16.727272727272727	482.9930000000002	1.2727272727272727	2.775698957043577	1.692551218100687	19305452.56366286	71.00779291959275	35.911781238583245	103.16000000000001	4.0	4.305680000000003	0.20586050090891211	0.00022008390666605486	0.7581171636330775	1.1222100812527493	active
13.233277116402116	0.0699244142101283	-0.0699244142101283	0.49900748729847233	10.928571428571429	390.8740000000001	1.0357142857142858	3.0986484103384972	1.6517501334636127	3603591.7606936176	88.94594111867467	20.901049568452596	51.02	4.0	4.626520000000004	0.1673399075907741	0.0004248445551536214	0.8881448908096324	1.4335497138940585	active
13.562883558515999	0.01089418251868679	-2.790920747466008	0.5681061486662471	16.38235294117647	468.50400000000013	1.1764705882352942	3.3059336609850107	1.7601417575228828	32886740.4252774	78.26952302666785	33.74668649783997	88.33	4.0	4.669100000000004	0.15618575727956116	0.0001760518727398238	0.7080896303362497	1.140639215388394	active
13.369271477530404	0.10890652383798072	-0.9977697992777361	0.543428212547132	16.558823529411764	477.9520000000001	1.088235294117647	3.612145510943038	1.3427376963499673	100075560.5757481	71.51070849635735	58.30538200057493	94.64	5.0	3.5842000000000027	0.2140789780963019	0.0002631484536780445	0.9121027940002144	1.2971939171442652	active
13.74513770786092	0.06171763545230324	-3.8850665044548065	0.44850056605179084	20.692307692307693	592.1390000000002	1.205128205128205	2.803666469728784	1.4699605325553136	199872151.8173848	70.50487734282812	60.94181283124646	133.74	5.0	3.418000000000002	0.3072980255963808	0.00021451596674903676	0.9104740954013347	1.2529210617330095	active
13.867929579239101	0.07704619081715935	-1.0318857342319647	0.47937111443819486	18.16216216216216	504.58700000000033	1.135135135135135	3.5909862721710963	1.7229232630165305	228101114.22593832	78.26952302666785	40.903260158974774	114.63	4.0	4.2131000000000025	0.3337423942536344	0.00030703509066228117	0.936444278148438	1.3858637491604209	active
13.466678307546363	0.059824106125165644	-1.0212018665490892	0.5285638164691997	20.305555555555557	506.99000000000035	1.0	3.5994758210857336	1.329275440320441	253357355.6657013	71.51070849635735	52.90287302717395	100.63	5.0	3.854200000000003	0.376169253418714	0.00023171428711279838	0.856214987167047	1.1977391754662525	active
13.76351883345931	0.032253147616742694	-0.880821050642479	0.5047476812324366	15.5	459.59000000000026	1.0294117647058822	3.3779561085994754	1.7700108426514083	59297668.4290122	84.07493708882653	22.84017880879818	75.44	4.0	5.809100000000005	0.10691384200908234	0.00020151795824604118	0.8114215992585091	1.428145348162445	active
13.188878023431595	0.05084026203073844	-0.9290337222852103	0.7351810038234337	23.64	350.805	1.24	3.203572916614496	1.552900270679592	1275002.7993750698	71.00779291959273	10.891158250298714	51.22	5.0	4.5873000000000035	0.4316822640522877	0.0006143818457935934	0.81206418670787	0.6532765863645071	active
4.894198790627362	0.3761111111111113	0.3761111111111113	0.6083331842770509	10.0	177.21200000000002	1.25	2.53042684663605	2.5900168530532595	1072.9009829736851	35.10290111289821	14.993869839101091	44.81	2.0	0.9539899999999998	0.396917363035241	0.0025671843034008107	0.7546341844408015	0.24132024733193844	active
12.176104217551728	0.05351935836062882	-0.594332078255239	0.7356834551000843	13.347826086956522	313.397	1.173913043478261	2.611744919067013	1.8268830121469706	168457.54727982235	65.72420659954848	30.586167117543717	58.56	2.0	2.979700000000001	0.2467381734633052	0.0006025685897347371	0.8793779074609531	1.2709877242620375	active
12.612300233092636	0.0011465944402448969	-4.446601566105986	0.663037541677546	11.875	337.261	1.0	2.5277689792870657	2.1982327585058314	198642.19746829476	50.66700442694256	24.315541433131994	82.67	3.0	1.0595999999999997	0.6857602842709534	0.0012155864523272037	0.8973754764830372	0.18573769603124196	active
12.538324713482888	0.1267843478070747	-0.7717487781511958	0.7493523194780934	16.178571428571427	398.44000000000005	1.0714285714285714	2.95933870586694	1.5992654599089717	2281437.069836588	60.160755107851486	34.879696454322236	92.78	3.0	3.4605000000000015	0.5931873733117434	0.0005973222923768751	0.9011588992245023	0.8690653709107551	active
12.858624811035524	0.19208866867326435	-0.5089181783824643	0.7426583184349164	16.4	354.797	1.4	2.9894718901089345	1.6905968938110738	737383.1364142698	64.43851027436652	27.973195566532247	75.5	4.0	2.761820000000001	0.34859019271963504	0.0005869828564643384	0.8753181015240828	1.1641603293483929	active
14.039533954000945	0.06593178366125874	-4.0161031048324505	0.3402599051340937	17.135135135135137	536.0330000000004	1.0810810810810811	2.8867303070646444	1.450577014523785	222986198.47832462	100.41223493104715	32.46059360505314	121.19	5.0	5.077900000000004	0.20380387453798965	0.0001522021381201562	0.7434041242245415	1.1176880835288034	active
13.027626239056314	0.02173532375913312	-3.8339738229109614	0.6415323669828971	17.82758620689655	455.98900000000015	1.1724137931034482	3.2903953473231446	1.7445299132252035	4369895.091291533	52.72177944339848	67.53815206294726	86.78999999999999	3.0	1.5472999999999995	0.17504895955539043	0.00015705123897351444	0.6064487103133975	1.142726742317465	active
11.434510228027543	0.02691872427983588	0.02691872427983588	0.7958887434961184	16.88888888888889	287.1900000000001	1.2222222222222223	2.386291884017112	1.851538470397621	14002.760775412413	34.85155307928476	47.76602825967309	23.550000000000004	2.0	2.223	0.5832572912970411	0.0014262021669368553	0.937174967839186	0.8922009739614021	active
12.358571393867209	0.08120839547801428	-0.15739711934156353	0.763050656578274	10.576923076923077	367.836	1.1153846153846154	2.6037285799448435	1.8346507139534953	699093.3125294506	71.00779291959275	35.793591675855076	62.300000000000004	3.0	3.771200000000002	0.6360280384780527	0.0008417292232272685	0.9662642576068354	0.8889910064628116	active
13.536343051881246	0.044218142660117365	-0.9210714285714288	0.514624903737134	12.25	452.58000000000027	1.1875	3.3207085473586675	2.08904581469753	16194378.312421992	78.26952302666785	40.3356956967682	88.33	3.0	4.2344000000000035	0.11386896669240923	0.0002655498999863399	0.8613209949966572	1.4329270206205005	active
13.312378590325018	0.3009539556563363	-0.7765107709750565	0.6944522320534475	15.785714285714286	394.8620000000001	1.1785714285714286	2.7202267694369135	1.7438196359100164	2953660.3094293727	71.00779291959275	35.41461088207703	74.33000000000001	4.0	3.765500000000002	0.36461987529250767	0.0005166880714564884	0.8450403244112925	1.0165927139756383	active
14.117250109413778	0.18870086186193658	-0.9734398856981832	0.30295374052552176	16.473684210526315	535.0000000000002	1.1842105263157894	3.3886023560227327	1.419075375073337	572403923.0990034	82.96488391008026	42.27856270707903	115.58000000000001	5.0	4.430600000000003	0.03245578237014343	0.00015877285369223233	0.8622150237592089	1.7524767473511151	active
14.229328467498108	0.03550855064247882	-1.1831829884731673	0.4373005439392641	20.594594594594593	516.9890000000001	1.1891891891891893	3.3920249524584913	1.3922696352901431	438936339.3092623	77.59606600066022	49.614349345319624	102.24000000000001	6.0	4.132200000000003	0.12563691487796008	0.00013591683872045298	0.696217801764591	1.3436299632152728	active
13.459190247858402	0.02995102670697891	-3.743798330288906	0.5939613848083948	19.606060606060606	484.9690000000004	1.3333333333333333	3.4472208067839407	1.4845259054658975	38619131.96510112	52.939168217359374	45.692265982029475	120.97999999999999	5.0	2.7931800000000013	0.17628456378377289	0.00016113989068467768	0.6523489045079317	1.0892142882543785	active
13.181217403628118	0.006337711010330649	-3.796891749340792	0.7066788286536689	20.814814814814813	400.86700000000013	1.2222222222222223	2.6513283744640805	1.7868613400232376	1321215.2582196896	70.16643629234783	25.853711640540226	90.22999999999999	4.0	3.8606000000000025	0.2796253367903063	0.0004569191797722355	0.8758132169868547	0.993256446118312	active
13.73032789186356	0.07795715886708265	-1.0145405538758714	0.32960782499925606	12.108108108108109	499.5860000000002	1.027027027027027	3.420894717388939	1.6941281527867826	221547596.15236405	119.72107769541589	23.343094385562793	75.44	4.0	5.858200000000005	0.1684091060187161	0.00019494145182798444	0.8272340532832644	1.4343131788342236	active
13.24667217813051	0.01447341613644082	-0.3579846938775515	0.6918964052460823	15.566666666666666	422.9160000000001	1.2	2.7340594153787126	1.6280831360532018	6658790.769917193	65.44434142789574	48.88310448768023	65.54	4.0	3.908800000000002	0.13286827062233475	0.00034389814795040885	0.9411119722520274	1.1939087613930324	active
13.306469907407408	0.042597434807255974	-1.6596990740740738	0.5762715251489836	58.84	348.4390000000001	1.16	2.6780130469663304	1.7731080580096314	496048.3566895734	12.152040213667764	45.70475302346718	86.99000000000001	6.0	1.4048	0.1883715463745066	0.0008063604370215366	0.9541093317758134	1.1880500814105177	active
12.478275699168556	0.12724513416477712	-0.47427946101917984	0.7212150424346673	11.923076923076923	367.836	1.1923076923076923	2.6035566988997174	1.8065507618083991	694759.1051013896	71.00779291959275	16.79833797965022	85.08	3.0	3.6582000000000017	0.3548024060341263	0.00044708029442884446	0.8075712925242616	0.9283273114244934	active
13.565682594797176	0.012686366213151556	-3.778584831666317	0.530790168506989	19.714285714285715	509.03100000000035	1.2	3.314744669343943	1.4698934190397188	104482077.87558882	71.00779291959275	35.911781238583245	103.16000000000001	5.0	4.839880000000004	0.18917803577181208	0.00016779514736721803	0.7237987922900601	1.1825631753082082	active
12.424044863315697	0.07141833585285928	-0.07141833585285928	0.7091608472969129	10.75	338.838	1.125	2.546505845044362	1.7793787112880315	314213.3562200238	71.00779291959275	10.891158250298714	41.99	3.0	5.021900000000003	0.5093539776228313	0.0007172020847545814	0.8740764853294288	0.9213852689720944	active
14.238559382086166	0.0022898303796570207	-1.1939443709582604	0.3870163427065876	17.477272727272727	605.6920000000002	1.0681818181818181	3.651201812476547	1.7151617825969814	3740125342.929074	78.26952302666785	70.0840580068079	144.17	4.0	4.422400000000003	0.13482308204055063	0.00011742345422322528	0.787891676867997	1.6496514832875246	active
12.341467912782397	0.14928332598471483	-3.6419727511065685	0.674571740029613	11.307692307692308	390.8480000000001	1.1923076923076923	2.536390547025696	1.863613130681537	550696.0427891251	65.44434142789575	25.564724418139054	85.36000000000001	3.0	3.4078000000000017	0.4657654947470177	0.0004837555474101614	0.8453659283026999	1.0449942669147525	active
11.64716017888637	0.14537037037036993	-0.40131377551020253	0.8279693246158506	18.63157894736842	253.301	1.0	2.6278592436370745	2.1083178885481204	34288.30741097655	59.15492395432226	13.08951281182515	58.15	3.0	1.1113999999999997	0.2209399070896889	0.000682843961699484	0.6686273490143497	0.755159285612009	active
12.373967186813505	0.18635646365218883	-3.3593801846024625	0.7070023172266842	11.37037037037037	403.8910000000001	1.1851851851851851	2.5972977275047326	1.8561780587855174	901506.4574305277	65.44434142789575	32.612396400816245	79.37	3.0	3.465200000000002	0.6074464347045779	0.0006461707388860061	0.9243780995419612	1.107979154308543	active
11.565951241598997	0.018285258611355992	-3.712158864496145	0.7213588811064385	16.52173913043478	358.8710000000002	1.1304347826086956	2.530655024984675	1.9465154947347447	119780.96364257464	40.531344994848375	61.93667885074883	81.49000000000001	2.0	1.4940999999999998	0.41446728633724833	0.0006912826394607166	0.9464509319408955	1.1701476311017247	active
13.78798044217687	0.22953538359788328	-3.8972168469724386	0.5872336021925819	18.25	473.9620000000003	1.25	2.775561344648418	1.7804405448382545	14376092.149201442	70.16643629234783	50.86115356170376	102.70000000000002	4.0	3.7273000000000023	0.179660906660663	0.0002547182437036769	0.8312319925172451	1.085066961085803	active
13.022208010519021	0.12975479234903875	-3.4061392980950163	0.6655864865204844	16.20689655172414	429.8850000000001	1.206896551724138	2.6693059264932733	1.7268501292363199	3163114.1763648964	64.94142585113113	38.016660553403135	105.22999999999999	4.0	2.7574000000000005	0.26924967738326083	0.0002683727878078468	0.7090530154545138	0.8638913220901214	active
13.412467403628117	0.024254377676997008	-3.806984341933385	0.6931122811371258	20.5	414.8940000000002	1.25	2.6838313778415412	1.8229942721770582	2283951.237868663	70.16643629234783	25.853711640540226	90.22999999999999	4.0	4.250700000000004	0.39272916715396833	0.0005581984581335363	0.9491341593832343	0.954807248971223	active
11.649098365292447	0.026061860184335206	0.026061860184335206	0.8070761050751879	15.826086956521738	332.831	1.173913043478261	2.6114755348183776	1.7576613543595057	229694.94214048522	41.96165390246666	54.875825800950636	32.78	3.0	2.7314000000000007	0.18627395212972517	0.0005909131902261344	0.935830658612933	1.2768916906467478	active
12.93715978521038	0.14492835097001744	-0.35476334824053124	0.7375339174362943	15.615384615384615	363.8040000000001	1.2692307692307692	2.6693413629976575	1.6901638039339155	1188521.572533344	64.94142585113113	17.49804021481163	75.01	4.0	4.264680000000003	0.33893208008831704	0.00043626571109454644	0.7874701511539007	0.9741067560237285	active
13.396224924032463	0.38509845673806753	-1.1375976054001853	0.38671517893703167	13.25	504.9340000000001	1.0555555555555556	3.343880575445822	1.4264454553538786	193171954.8112923	98.04272115260495	31.145922370887796	127.98	5.0	2.0490000000000004	0.1384799920520216	0.00014373020027059653	0.6790380728803785	1.223703605900785	active
13.623007015306122	0.05348990705863055	-0.9546419123204839	0.6181003339626486	16.87878787878788	448.5230000000002	1.1818181818181819	3.5139212735564946	1.785278085101107	38473277.46265572	78.26952302666785	41.03792125877123	97.56	4.0	3.660300000000002	0.29506349653500263	0.0003808436355068611	0.9294872084876641	1.1569046719599974	active
13.473344974213031	0.0949907086896491	-0.6485166813639043	0.5126860336940423	20.771428571428572	493.0070000000003	1.0857142857142856	3.5700358700573056	1.2856081872838547	168585626.16983542	71.51070849635735	53.54044970373502	83.56	5.0	4.327600000000004	0.33272698126163835	0.00021539922352207242	0.7786891941804511	1.0613788247671285	active
14.161695471385675	0.08298242734036099	-3.301231718778031	0.46627225256810423	23.46153846153846	571.0990000000003	1.205128205128205	2.8948328209158087	1.4399124069966223	456639717.88370395	65.44434142789574	61.51535574427282	117.70000000000002	5.0	3.723500000000003	0.3412663896816654	0.0002149890738323017	0.8677914911514772	1.1908898589968835	active
13.758097915091962	0.036080308110569836	-0.8885988284202566	0.5845201457840012	15.5	458.5860000000003	1.0294117647058822	3.3779561085994754	1.7700108426514083	59297668.4290122	78.13688417861589	27.82415732974539	89.29	4.0	4.568300000000004	0.19575890326716242	0.00028275831959961406	0.8946668652384542	1.446003462399018	active
13.60357743272674	0.010765725175898133	-1.0735349216847239	0.4649719235828363	12.0	478.5490000000003	1.1428571428571428	3.3727120125973253	2.014353617300247	61843720.32814281	78.26952302666785	40.903260158974774	114.63	3.0	3.824600000000002	0.3041767472021749	0.000342760143931371	0.9326120935045442	1.2686728876000335	active
14.150243122361179	0.06767975301355067	-1.4792462285840253	0.5018773217628427	24.17948717948718	549.0270000000003	1.0256410256410255	3.664624277224252	1.2958729676122498	1325133591.6052139	65.44434142789574	59.509754991686876	109.86000000000001	6.0	3.7909000000000024	0.1800987097326483	0.00020990194192585456	0.8977405634440383	1.5303064638261301	active
11.854450866026443	0.0007027413556990325	-0.08458002645502671	0.6406008016682919	16.59090909090909	319.788	1.3181818181818181	2.819552331525186	1.801120502151301	135967.27208313905	47.283142823701965	28.94119639138785	40.46	3.0	3.3664400000000017	0.4406118918002391	0.000731591893999865	0.8007166317968131	0.6559423343204613	active
12.397641386221972	0.11307760900248232	-0.11307760900248232	0.6693647343951766	10.962962962962964	383.879	1.1851851851851851	2.611724798471095	1.7143318956089084	1180658.9241216418	65.44434142789575	43.038050316929066	54.46	3.0	4.009800000000003	0.5368823898738293	0.00047708258628229277	0.8709254926628072	0.9339376679012328	active
13.224226662887375	0.14183311287477962	-0.7185941043083905	0.7323151103063851	16.074074074074073	379.8470000000001	1.1851851851851851	2.666907126580197	1.744049594284609	1694286.0975163993	71.00779291959275	28.24300411641327	62.300000000000004	4.0	3.9726000000000026	0.23071647210171023	0.0003763279273506253	0.8135867843818927	1.1332117101119172	active
13.478152508313633	0.052733393434984066	-0.9516701835055013	0.4747913870408446	12.0	459.56500000000017	1.1176470588235294	2.818022270039094	1.915485109844556	29197731.637478493	108.21988893441153	23.343094385562793	62.300000000000004	3.0	5.137400000000004	0.23068593983225028	0.0002942436499329685	0.8790713530897701	1.3443539407670841	active
13.649365630511465	0.1721137251196776	-1.371608363252709	0.5763879482788534	18.3125	471.38800000000015	1.125	3.2196760943802865	1.6942743095236283	18610275.1704541	70.46697474163707	41.835432505003034	74.33000000000001	4.0	4.463400000000003	0.2365750667669021	0.00016723089941237851	0.6629741097409101	0.9516795156834041	active
13.932682980599646	0.0845840419501136	-1.0833072326152684	0.4440706968109155	16.970588235294116	475.9360000000002	1.1470588235294117	3.3572464329870106	1.4870001407760245	88045157.46162902	84.16534864588644	39.50105451881427	98.14	5.0	3.560100000000002	0.12410233593534059	0.0001854492721524245	0.7259020484592332	1.289884358929523	active
13.03221773431595	0.005070389266818021	-3.8133593159485994	0.6408176256651765	22.423076923076923	421.92800000000034	1.1923076923076923	3.223930460942131	1.8850818176598603	1041213.4773877143	16.82649260939344	92.19658212873617	87.23	3.0	0.04719999999999991	0.30680961185250144	0.0004718955129754349	0.8422960162236891	1.0149394482756962	active
13.396240473041068	0.03685963021353311	-3.869649646481131	0.5712924157459128	16.8125	474.9700000000002	1.28125	2.782942412299664	1.6939219843765816	15548160.110397607	71.00779291959275	59.76998137107608	102.84	4.0	2.5950000000000006	0.11453460413972409	0.00017273816001240017	0.7044286530269769	1.4153161270169523	active
12.341070798689845	0.1359895833333331	-0.9305354032241206	0.733989606306246	11.52	354.837	1.2	2.534700057818583	1.846438013306822	365019.6206263963	71.00779291959275	15.99768564513942	62.22	3.0	4.296800000000003	0.5736371344559376	0.0007509554865702264	0.9072856153738705	0.9161210707121371	active
13.757011999244142	0.014613331443688926	-1.1004148951247168	0.6874018874184689	17.7	423.90000000000026	1.2	2.7391235825446807	1.8026933959996934	6432371.560844315	65.44434142789574	42.40047364036799	71.53	4.0	4.025500000000002	0.21144064291451703	0.0004011519659228317	0.9508567438627374	1.24404459298983	active
13.681169728598254	0.0502853418877498	-1.0987072205425383	0.3772590908331365	12.108108108108109	501.5620000000002	1.0810810810810811	3.420894717388939	1.6941281527867826	221547596.15236405	108.1102495710985	33.311051427457215	101.22	4.0	4.648200000000004	0.29257545100212035	0.0002678307208486652	0.8827637556991872	1.3894511924023756	active
13.728477969024055	0.02677053704606025	-1.1029325711766196	0.3195211218440698	11.605263157894736	510.5290000000002	1.0526315789473684	3.6545336071534833	1.495577418757326	775371811.9004282	126.81226635324798	38.10755764995622	106.15	5.0	4.1414000000000035	0.2788634651780555	0.00024808030117637846	0.8814122757296273	1.3734644980242823	active
13.478152508313633	0.052733393434984066	-0.9516701835055013	0.4747913870408446	12.0	459.56500000000017	1.1176470588235294	2.818022270039094	1.915485109844556	29197731.637478493	108.21988893441153	23.343094385562793	62.300000000000004	3.0	5.137400000000004	0.21441674915602246	0.00028412748862482876	0.8714885977401263	1.3729621244299404	active
12.916448885109599	0.11612937767699694	-0.1317885487528352	0.6999261953880773	17.869565217391305	322.795	1.0869565217391304	2.9561449690829797	1.7240651912881926	357717.19041879324	71.51070849635737	17.43591465621129	33.2	4.0	4.408700000000003	0.3561814581141457	0.0006696796814928673	0.805479342542563	0.7786228042627792	active
11.948155706727135	0.04518518518518477	-0.6502721088435373	0.6450980075832928	10.8	267.216	0.85	2.3753605883995608	2.289397285517239	38062.77806851456	52.68789705520363	0.0	99.39	3.0	0.6807999999999995	0.5772978137512731	0.0013792874748024045	0.830301788165243	1.3141551439572583e-05	active
12.96429720962459	0.015228647014360996	-0.08629616507096616	0.6217507612165177	12.52	332.3830000000001	1.08	2.882857545105523	1.943164649485893	691709.9565150741	53.59147246262526	42.85198997534216	68.28999999999999	4.0	2.4933000000000005	0.30360910088026	0.00034104467430690814	0.6582166778286539	0.4243591323457059	active
13.072004440665154	0.06586136306374368	-0.35979780801209404	0.7570162746242193	17.28	351.83700000000005	1.24	2.6139111581389836	1.7030054243454995	694589.3842299558	71.00779291959275	29.383496369738957	45.230000000000004	4.0	4.055900000000003	0.266234632370468	0.0005460650236494581	0.8970597395085457	1.2090267103231604	active
12.426633807844127	0.1665479864785424	-3.3873431214769387	0.7070023172266842	11.37037037037037	403.8910000000001	1.1851851851851851	2.5993792553999793	1.9033340705418043	904433.2168823796	65.44434142789575	32.612396400816245	79.37	3.0	3.465200000000002	0.3265126049341019	0.0004091257639376928	0.8476196060383258	1.1217337783260228	active
13.29783878686372	0.3216839154010498	-1.0407351828600027	0.34722408960603957	11.457142857142857	488.93100000000015	0.9714285714285714	2.861491771380481	1.505766768265284	77518933.7914716	101.33962826190083	29.31239967351464	123.41000000000001	4.0	3.8621000000000025	0.39258904512977577	0.00022141068893884291	0.8083602738959983	0.998930189555205	active
12.937026171579742	0.0215269116906025	-0.6861866969009831	0.6760363895863447	16.076923076923077	386.2380000000001	1.1923076923076923	2.6192687410129674	1.7204620379796187	978213.0581686309	64.40060767317546	16.79833797965022	71.09	4.0	4.606100000000001	0.3665810674933548	0.00048750196098679057	0.8412902267393971	1.0182446124429037	active
12.841054579239103	0.14715175422020632	-0.14715175422020632	0.7406203084913123	14.92	357.885	1.2	2.6358273091402573	1.718376732910623	631249.010611382	53.81452286773714	17.559849439197855	45.230000000000004	3.0	5.7439000000000044	0.19481324968954483	0.00024139028410717162	0.6611805319897155	0.9668617617887273	active
14.203130323660835	0.14097992988104302	-0.9633259452901615	0.24027653595703707	15.86046511627907	598.0630000000001	1.069767441860465	3.4781873310118727	1.2000590088874603	8191885012.942334	107.18302319574198	56.870341235294234	133.15	6.0	4.158400000000002	0.46695220843952845	0.00023216993199815506	0.9499245521959483	1.2474221016088851	active
12.832073885109597	0.08988063744016106	-0.3013487339380203	0.771185947060326	16.291666666666668	339.782	1.2083333333333333	2.611582360660766	1.6683265371901423	482583.8580970603	59.63892736573706	22.482018735758842	64.11	4.0	3.788000000000002	0.36925378548748755	0.0006582765567499688	0.8936963055790795	1.0644811912087582	active
13.604846584467122	0.040931112037713824	-0.9296187641723359	0.5943251822469786	12.8125	433.5520000000002	0.96875	3.2494119572508726	2.154406102718589	10456399.716068044	84.07493708882654	22.337263232033564	75.44	3.0	5.274900000000005	0.18826270626936714	0.0003149716727614798	0.9023483833499966	1.4352196586990025	active
13.114932061935578	0.09359034367241459	-4.338881104874937	0.5394318144200161	15.806451612903226	450.8440000000001	1.2580645161290323	2.723130282983217	1.5917472272755677	9015451.089090839	59.37797435943413	30.281220696768024	60.45	4.0	5.724200000000004	0.5195356769475571	0.0004949140687075731	0.9172461279878577	1.160076538900284	active
13.337631028491643	0.06863183159066066	-0.7912973007505038	0.48269394883551403	11.548387096774194	433.53700000000015	1.096774193548387	3.4207697691459025	1.6389657635596167	14306726.454736138	76.48433214048032	26.8082292978041	94.11000000000001	4.0	3.4891000000000023	0.23414948238749245	0.000197145750521597	0.6969064348106516	1.1188761862446273	active
11.21865861468044	0.09029218631897185	-0.4547250566893426	0.5980812809314172	24.05263157894737	266.257	0.8947368421052632	2.25390403778412	1.907792685909168	14747.294119221498	10.633577208012662	72.19416123781782	102.96000000000001	2.0	-1.1400999999999992	0.2896209243504087	0.0011519560427916244	0.8796329924021153	0.9944330210072289	active
11.83543965734442	0.34173044217687054	-0.34173044217687054	0.8604771353565335	10.333333333333334	261.346	1.3333333333333333	2.6611900580855776	2.4738551879462065	14977.177646905631	41.45873832570204	12.576187252464766	52.32	2.0	3.482420000000001	0.5179605596636393	0.0013220851899450497	0.8162513058873804	0.4243453814188436	active
12.473499622071051	0.15776738473167073	-0.4837792894935755	0.7990794713469409	18.571428571428573	301.35100000000006	1.2380952380952381	2.9799503919873134	1.862349944357547	81933.73602769118	35.65332426354336	27.26166110528726	77.26	3.0	1.4748399999999997	0.6198350688457457	0.0014656545764616209	0.9840666487015619	0.6554845764845523	active
11.574061634346627	0.011296402577967601	-0.011296402577967601	0.8268311370477185	15.409090909090908	321.8120000000001	1.4545454545454546	2.5624510277303245	2.018469858289498	101401.3120693444	23.390113623468675	59.29476318653288	72.26	2.0	1.2680799999999999	0.40393018140984704	0.0006055546085562096	0.7992998905786824	0.8836510678727549	active
13.531538643235072	0.18586238662131516	-0.9508855741370623	0.6597199116132975	18.392857142857142	417.2920000000002	1.25	2.696821329761139	1.786570743095716	2742257.375524955	64.40060767317546	31.214719720602083	60.45	4.0	4.847000000000004	0.18916245278915067	0.0003441913673904488	0.8228671334150055	1.074802638394903	active
13.017364794168696	0.04525510204081673	-3.800692200491308	0.7464339522109745	11.0	382.869	1.2	2.62401811035746	2.4776469954286884	346024.02017661755	48.53093654769288	33.85953410584089	75.71000000000001	2.0	3.0877000000000017	0.47015862652920226	0.0006496433593604308	0.9055741302880111	0.8718060122814054	active
12.830125188964473	0.09558358528596567	-0.3032974300831446	0.7458397724606177	16.5	359.838	1.4166666666666667	2.952224480943698	1.664794994433211	482978.0206334271	46.186496850902074	22.48201873575884	64.11	4.0	4.1579200000000025	0.4574067217967735	0.0007152468827214378	0.895625220995358	1.0702594054035843	active
12.361740835222978	0.16395678487444343	-0.16395678487444343	0.7086756892785293	10.375	322.36400000000003	1.0416666666666667	2.645262270051136	1.5945009054694312	417073.2115944225	66.48807518261603	31.15259416200174	60.45	3.0	3.052200000000001	0.36544024637773614	0.0007121952979945949	0.8735244145741407	0.9706569285484412	active
12.191195200302342	0.13574074074074072	-0.13574074074074072	0.8132384143107728	14.529411764705882	243.291	1.588235294117647	2.9058057852003008	2.0641974640880343	15749.46735578563	39.84416715924896	15.687664472797728	58.68	3.0	2.38218	0.49561457362584066	0.0016022236970858245	0.806519624852741	0.36361223933494674	active
12.732324735449735	0.08104654824892865	-0.28545162509448274	0.7835243656518528	16.652173913043477	327.771	1.3478260869565217	2.9715573270615865	1.6446361785774959	350801.25713160145	59.37797435943413	21.898734821073425	55.63000000000001	4.0	3.4925000000000024	0.38951790959445487	0.0006938874242832831	0.8648430123601935	1.1055620936449593	active
14.09744764109347	0.01681201184177339	-0.781819373582767	0.634492141789946	20.71875	469.3720000000002	1.21875	3.1006857851250467	1.6049986817166828	24591538.961826745	69.96405916487245	48.380188910915614	65.54	5.0	3.7779000000000025	0.19190203555010713	0.00025359036382015926	0.7455287779241077	1.2156391819230021	active
13.632741481936106	0.029031242126480006	-4.266847245842779	0.7737005514587497	17.0	338.7630000000001	1.1428571428571428	2.4585286553782937	2.2121406117082825	43958.492358163894	29.833542887476618	55.58913150444779	57.690000000000005	2.0	1.0365000000000002	0.3118008301011524	0.000731474647707853	0.9237739842921692	1.196860656769775	active
12.899640495086924	0.11009983623078812	-0.3495508944318475	0.6842909398121486	16.16	373.23900000000003	1.16	2.6447849425436014	1.6780785055042438	740307.0428372646	64.40060767317546	17.49804021481163	51.22	4.0	5.046400000000003	0.4740850063506416	0.0007306380529721061	0.9399285979390656	1.078023162669366	active
13.64108229402872	0.009692224111866654	-1.1016648951247165	0.6883630415780535	17.862068965517242	409.8730000000002	1.206896551724138	2.7392896233984563	1.7983601307004538	4522517.86101763	65.44434142789574	30.452891926840326	80.32000000000001	4.0	3.683300000000002	0.1220023932392537	0.0003706170723588337	0.9610248320455486	1.5217016803641767	active
13.630897108843538	0.14192814625850358	-1.012799154383976	0.6883630415780535	17.862068965517242	409.8730000000002	1.206896551724138	2.721485899788777	1.7755991810635992	4298548.877913777	65.44434142789574	29.949976350075712	80.32000000000001	4.0	3.683300000000002	0.12395197095153024	0.0003682094126716682	0.9110054279755119	1.5436650563804675	active
12.406739260519021	0.09729981022865197	-0.1750871861090113	0.763050656578274	10.576923076923077	367.83600000000007	1.1153846153846154	2.6057340873833996	1.8769770053227899	701289.0321397565	71.00779291959275	35.793591675855076	62.300000000000004	3.0	3.771200000000002	0.5866495295247905	0.0007269656374545609	0.918129540935057	0.8488270982887968	active
12.412834939531368	0.34579428067523277	-0.8576527462836994	0.7475523564351855	12.130434782608695	346.2170000000001	1.0869565217391304	2.5674836952638787	1.8642261726597669	194163.38697063556	70.46697474163707	10.891158250298714	68.01	3.0	4.180100000000002	0.400507959488481	0.0006772055952102383	0.9068003723467404	0.8964545007192515	active
12.626716742252455	0.10896604938271581	-0.30251795162509487	0.8917528949187631	16.545454545454547	317.776	1.4545454545454546	2.507746760866637	1.8780018145199855	112745.78662180313	46.742324645746294	17.49804021481163	77.24	3.0	3.1304200000000018	0.31356893000901886	0.0006241334510540698	0.7972724648951667	0.7680843458670986	active
13.255679799697656	0.26387394496280936	-1.4289411296926184	0.5923699052474827	13.0	417.29600000000016	1.1071428571428572	2.695895249500986	2.025888718429193	1792980.6207476167	70.46697474163707	23.343094385562793	97.11	3.0	3.4704000000000024	0.2898980665366031	0.0003420163000292998	0.8205341963802344	1.2105469637141322	active
13.71439524964443	0.06773049278791787	-1.0396279954946983	0.3774149462731682	12.35897435897436	535.6450000000003	1.0	3.406072315779801	1.8531455757434425	284044414.2845862	78.26952302666785	46.566120194344684	126.66	3.0	4.786200000000004	0.16842087151844712	0.00018350307117085538	0.913633191484258	1.4992154767930368	active
12.114874811035524	0.15007432602670678	-0.15007432602670678	0.8051952011122818	10.523809523809524	297.74500000000006	1.1904761904761905	2.4739761554776227	1.8039060510745435	80913.86414105113	65.70529443419868	15.875136771245923	54.88	3.0	3.4644000000000013	0.4458652369491486	0.0008868845208898329	0.8650300252049093	0.9884744601838589	active
12.674716843502015	0.006264871191819399	-1.699794390786819	0.2003852832862076	30.31578947368421	538.5020000000004	1.105263157894737	2.9025430933592338	1.7100105565538066	176112254.98629406	47.24686231247503	89.68420063523354	207.32999999999998	3.0	-1.8981999999999968	0.1268016526847053	0.00015020149401349825	0.7146787749455461	1.2934801106762432	active
13.833761594610397	0.0027641378571463537	-2.053987939804821	0.10069680907008334	16.0	709.5480000000002	0.6346153846153846	3.5003443106614656	1.4733971820540521	185910954095.46774	100.6233153183966	36.085153927304	303.51	5.0	-3.7588999999999944	0.09569932353604992	0.00011435129769513948	0.9538329786097348	1.9168387715568644	active
13.106504157218442	0.044761668556311474	-4.342750728803068	0.650275894344063	17.17241379310345	419.8340000000001	1.206896551724138	2.6647781973872595	1.6600999053335443	3258474.7910959567	71.00779291959273	35.05687931041782	45.230000000000004	4.0	4.988400000000004	0.20810567421684828	0.000198857487083524	0.6216874852509936	0.7925461421931133	active
12.489661359914336	0.008558437263794128	-4.428642518722942	0.6921866327064305	13.12	368.3600000000001	1.24	2.988021819464695	1.7863456398048545	462333.6281039528	47.78605840046659	26.960036016015277	66.18	3.0	3.1443200000000013	0.2292766746422581	0.00031765162377642755	0.6788628591577187	0.9002819612359403	active
13.133350497606452	0.05169448643654917	-0.05169448643654917	0.4883133194816554	10.655172413793103	402.86500000000007	0.9655172413793104	3.278303995299119	1.6230879233088715	7286804.309295182	95.79516720604505	20.97381857954696	73.08000000000001	4.0	3.925100000000003	0.25411277216804135	0.00022194223673895443	0.6961998368177426	1.0578764288742442	active
13.127883729325829	0.07442601165980745	-3.7180046532501874	0.7774913062940729	17.2	320.77300000000014	1.25	2.4628577967794945	2.1146914107203987	30450.77379938167	30.082689114892336	55.58913150444779	57.690000000000005	2.0	0.8973999999999999	0.27235312022009023	0.0007205339970223187	0.8822195106797792	1.114551043956193	active
13.290590243073556	0.12958010931135	-0.41695032333921245	0.4469103887987044	14.96875	445.9060000000001	1.125	2.8272979442934583	1.4219286547764869	31442968.516459964	89.46784713128051	22.48201873575884	73.34	5.0	5.3670000000000035	0.19750279343850913	0.00028102671629834624	0.8496505272163746	1.1043316147472095	active
14.256119826049062	0.14460161055947185	-1.0035935794070716	0.2730049521612305	16.404761904761905	592.1000000000003	1.1428571428571428	3.2987718136949815	1.3878950859291594	2194728511.5415936	76.83219741759267	50.7309573417474	132.29000000000002	5.0	4.490200000000003	0.21906549620905277	0.00016934343988726607	0.8020617609330526	1.4048261879060953	active
11.367646132527085	0.05263888888888957	0.05263888888888957	0.7698131791533174	17.6875	258.77400000000006	1.375	2.817474244844468	1.7904053494450132	7640.9901520181975	22.389944101090435	47.76602825967309	23.550000000000004	2.0	1.6311000000000002	0.449739562708575	0.0015890452556147463	0.9493905873817804	0.9430861309851467	active
11.497684393928981	0.05436728395061796	0.05436728395061796	0.7800110421382956	16.68421052631579	300.22900000000004	1.3157894736842106	2.372589839257325	1.9000049365994447	19303.390932197595	34.34863750252015	29.776605716997473	20.310000000000002	2.0	3.6683200000000022	0.48727887164663874	0.0009626594442422902	0.8723602518921298	0.7863299016937974	active
13.224577830762444	0.06509721332464524	-0.3566204753506337	0.4957454202680867	10.612903225806452	414.46900000000005	0.9354838709677419	3.2123597918258366	1.6034381344054163	17173738.026910946	84.42622338169795	27.04116687389472	92.15	4.0	4.150100000000003	0.2509683414170773	0.0002449427796538697	0.7630586266132187	1.1961737735845686	active
11.05663312547241	0.04032407407407401	-1.4753561980347696	0.42398891834482255	14.375	223.20799999999997	1.4375	2.2285003925825153	2.948160261851516	2745.5124836616587	23.762552697081826	11.508230540335195	124.30000000000001	1.0	-2.651799999999999	0.4867749372488557	0.002076994858069206	0.8710340845389196	0.6924246171799077	active
14.111268865331745	0.05669364659443965	-3.4795804648126984	0.6626044424686663	16.1	431.42000000000013	1.2	2.664026826638792	1.7452859576091455	4483863.51231815	65.48686715102	38.016660553403135	105.22999999999999	4.0	2.3822	0.29198597301940105	0.0003128507916697404	0.7652576031445011	0.9865531138566369	active
12.209428539934493	0.047713240539476454	-0.33732784820131534	0.8156200289334681	16.083333333333332	345.78600000000006	1.4583333333333333	2.472039350248799	1.6540588367012243	202865.43723881742	52.80869171420791	23.026239150385088	80.32	3.0	2.44942	0.2728490446197801	0.00030286234283146644	0.6643384099924503	0.5614540292702186	active
13.524534130992466	0.05893418787267968	-0.05893418787267968	0.39188782295785063	13.909090909090908	459.9810000000003	0.9393939393939394	3.2589220855950045	1.4239980318280618	62436775.73973072	83.38248962697766	33.990562380277744	54.260000000000005	5.0	5.308400000000005	0.2843161771713826	0.0002142593225768672	0.7729900568674897	1.197916023568293	active
14.008670319979842	0.06810691171228189	-1.0611449934912247	0.467258530999577	16.35	547.6560000000003	1.1	3.5867380015094823	1.6649509317345006	628486022.8449789	78.26952302666785	57.507870754343124	117.87	4.0	4.880800000000005	0.10988631502779196	0.00013425377542545153	0.7900463056352606	1.5960340582956523	active
13.25011300265013	0.016133235701688342	-3.9102333580036945	0.6805274829569072	17.533333333333335	449.96000000000015	1.0666666666666667	2.7708414342219516	1.8459212662930353	4983258.569156548	65.72420659954848	60.99339565703468	86.79	3.0	1.7517199999999993	0.2317382669807185	0.0002855665205388002	0.8062689222491946	1.1978752239420813	active
12.99992110733182	0.06197247417485463	-0.29035336356764985	0.726791291044515	16.16	352.82100000000014	1.24	2.644401452735227	1.7015970378713667	737597.6084085314	64.94142585113113	17.49804021481163	51.22	4.0	4.701420000000003	0.2599050357532632	0.0004891230975557244	0.7870308628383608	0.9309283324780809	active
13.145182508188462	0.3738130406483575	-1.8573672524565386	0.3569038426756744	25.272727272727273	459.33900000000017	0.8787878787878788	2.7442461388821813	1.947254625601298	16385092.375392951	34.48879584981881	46.02547446485053	224.65999999999997	4.0	-2.9656999999999987	0.1876436725264646	0.00016652455439439729	0.6127467069512899	0.8601204355006559	active
13.50800520537263	0.0789341878726797	-0.0789341878726797	0.4312658068643099	13.909090909090908	461.95300000000026	1.0	3.2589220855950045	1.4239980318280618	62436775.73973072	83.38248962697766	47.204326309303575	63.49000000000001	5.0	4.154700000000003	0.27115724835350935	0.00020891040344376286	0.7696056869225996	1.3247925483667256	active
14.056233324001386	0.11210896247166668	-4.068207167285641	0.3245043691240554	16.666666666666668	564.0430000000002	1.0512820512820513	2.9194972914023243	1.4322167883836596	524391835.46535623	100.41223493104715	31.823016928492073	138.25999999999996	5.0	4.994600000000004	0.3290404723351615	0.00023026112762874652	0.8612092691445511	1.0117249308683414	active
13.223326955782314	0.031495890022676276	-3.7765866784296604	0.8276099487123205	23.185185185185187	404.89900000000006	1.2592592592592593	2.6513283744640805	1.73627299714741	1321215.2582196896	57.02787100189538	25.853711640540226	90.22999999999999	4.0	3.5862000000000025	0.19540268945394956	0.0003518036569013578	0.7716145957353483	1.12735439171488	active
12.27758558515999	0.002614480977576772	-0.0379725686570922	0.8105454939924767	17.0	315.8	1.2272727272727273	2.5968610650801915	1.9947392403175994	144915.234875735	65.22129102278387	23.796890446449854	29.54	3.0	3.5600000000000023	0.2541913486242508	0.0005768465261970279	0.8078074566714197	1.2046322698432574	active
12.638310575607653	0.17974529922672033	-0.17974529922672033	0.46080487533144093	10.6	419.86800000000017	1.0333333333333334	2.734413171327595	1.504015373723415	7650423.203135486	83.64344263328059	22.984934312523453	73.34	4.0	5.265300000000003	0.24740752625299506	0.00022318607125192529	0.7396802877770278	1.164059943036294	active
14.190909651816037	0.07758188460569349	-2.4050805840342697	0.4986439499850277	24.473684210526315	540.9980000000003	1.1578947368421053	3.4944642437352393	1.322377975273065	646453422.6748606	65.44434142789574	71.34843502675693	74.77	6.0	4.487500000000003	0.22871603509222949	0.0002565230281145854	0.9788156275364314	1.5100281041109531	active
14.19762223216498	0.016843584656084376	-1.1720153848576467	0.5674398602977031	24.054054054054053	519.0010000000002	1.1081081081081081	3.5088410621336434	1.3534644315441398	422787221.11714995	65.44434142789574	64.28541360533667	91.84	6.0	3.768900000000002	0.1839443420686865	0.0001437061052696545	0.6944343772674447	1.0757441429963421	active
5.031635802469135	3.0	-3.0	0.6708982130246257	15.2	298.03	1.2	0.7219280948873623	3.0237157840738176	3.6096404744368114	0.0	0.0	52.04	0.0	0.19530000000000025	0.05857218067656775	0.0034297579026091106	0.8019806780951172	0.6875454457611259	active
12.342627068297208	0.017975595691560153	-0.07185073713538248	0.7251687128183509	18.214285714285715	429.3480000000004	1.0	2.7330131503576736	1.5648115170597154	2376978.0612342786	34.34863750252015	85.00032924371264	65.12	3.0	1.7648000000000001	0.22647350493401713	0.00021716646131934847	0.7170444912333718	1.1466250008994192	active
12.98667224103191	0.27371089485176725	-4.396590632240693	0.6633759906111628	15.0	400.3800000000001	0.9310344827586207	2.719981071288863	1.522425267588747	3778042.8280959455	76.07801067867231	36.98611508385228	54.720000000000006	4.0	3.1384000000000016	0.4574443550502116	0.0005956565724676362	0.9055853853881769	0.9240393636851373	active
13.548185862307886	0.022959710635350294	-0.988065686151004	0.4473048901326476	11.86111111111111	486.5910000000001	1.1111111111111112	2.855396307999514	1.9420594513264047	76421781.10095806	95.56493314397915	23.343094385562793	86.09	3.0	5.255180000000005	0.2918558946794222	0.00029555373239401815	0.9230386901811111	1.385441405266025	active
12.225926765768033	0.06176292597694144	-1.2571343214039408	0.7910767705825591	10.541666666666666	339.7580000000001	1.125	2.541675095213167	1.8401371165255203	282896.0631225111	71.00779291959275	16.860463538250563	82.12	3.0	2.4329	0.5716250187171894	0.0008137742591268647	0.9087286168390475	0.8902861742676572	active
13.58344725893495	0.04474366516366168	-0.9188274754346184	0.4629230157315413	12.242424242424242	466.60700000000026	1.1818181818181819	3.3479020052387445	2.051633077239168	26450086.40078068	78.26952302666785	40.3356956967682	88.33	3.0	4.624500000000004	0.08674039063693216	0.00020226718893230373	0.782104177654082	1.424596628072537	active
13.540645904195014	0.027301635453691908	-0.8681604308390025	0.6340188440515797	14.67741935483871	417.5090000000001	1.096774193548387	3.388721307029951	1.8013612381605546	13840974.6357445	84.07493708882653	22.84017880879818	75.44	4.0	4.638800000000003	0.04270055773025156	0.00022478250858315622	0.8153232370766245	1.6656418600892315	active
13.63173044217687	0.24348852040816293	-3.656476106231698	0.6432699221121291	18.466666666666665	444.92000000000024	1.2666666666666666	2.7168307965700205	1.7909229269975353	5489503.333332741	70.16643629234783	38.716362788564545	99.46000000000001	4.0	3.8805000000000023	0.15811437213577492	0.00018695758252408742	0.6426901856898324	0.933559444991693	active
12.808158068783069	0.06103308453010858	-3.3770486423449078	0.7463723953650331	18.68	375.83700000000005	1.28	2.974087610544705	1.7037311764810033	670100.6017946592	59.37797435943413	29.69191002234389	80.54	4.0	2.8874000000000013	0.3636615500726447	0.0004945281407916794	0.8416976782662317	1.0468644095083537	active
12.75486079617032	0.053948832619467924	-3.571283882380112	0.4257674637299635	18.689655172413794	414.39500000000015	0.7241379310344828	2.656890777317234	1.9441514993330422	2193954.128277479	91.03268512875655	35.553371241822795	137.49	3.0	2.967500000000001	0.7551564294984976	0.0010091806969733078	0.9661224480144243	0.9539569998532661	active
11.742638311497437	0.19686191347266413	-1.6778229357756766	0.42063059149991666	12.0	355.27800000000013	0.9230769230769231	2.582012630088	2.0467402262209844	440411.3123014801	53.60112550099753	18.042576963652003	158.67000000000002	2.0	-2.101399999999998	0.368606300655842	0.0004212706060666897	0.8076034105779599	0.9924078729562248	active
13.70946908856135	0.020657117019852622	-0.9433040438397582	0.5935588326642439	15.5	462.55000000000024	1.1176470588235294	3.3779561085994754	1.7700108426514083	59297668.4290122	78.26952302666785	41.03792125877123	97.56	4.0	4.050400000000002	0.2372018101984396	0.0002311388624028517	0.7760292401166936	1.198711849475229	active
13.674103283964845	0.08699976145187205	-1.0529834866045185	0.34970805030331	12.222222222222221	506.6030000000002	1.1388888888888888	3.5502445797765505	1.6917182253393745	142845042.13285688	100.9661486951868	28.327072906510004	88.33	4.0	5.3147000000000055	0.16058300442821713	0.0002197772637855339	0.7821664779181806	1.2473843275722332	active
12.696674387259026	0.04057669801672348	-4.45663198317881	0.37351388858655893	11.375	456.8550000000001	1.0	2.7310961877497792	1.4799196394584995	14112972.323351238	89.33737062812907	15.875136771245923	66.91	4.0	6.226800000000003	0.2499800257632659	0.0001475567731797988	0.6416514419999945	0.8626271640642487	active
13.312218745943944	0.06668143171157559	-0.08646384479717772	0.4782601561682982	13.290322580645162	431.5210000000002	1.096774193548387	3.378648342147364	1.3787548504412854	23753303.3630063	70.92088064878332	26.8082292978041	80.12	5.0	4.074700000000003	0.3305330111674468	0.0003099079557858554	0.849034662049851	1.2884842000376049	active
13.715151801461325	0.07498857764843514	-1.0272561046023354	0.5007763821115033	18.0	490.56000000000034	1.1388888888888888	3.3850615393646093	1.7077957997704338	99706743.91755374	78.26952302666785	40.903260158974774	114.63	4.0	3.823000000000002	0.43429241996759466	0.00037765396899660386	0.9455511500610506	1.3088917869771175	active
13.067552560407899	0.07962817302847047	-3.4852395881889016	0.5896836741077904	14.75	455.5640000000002	1.15625	3.154406242142406	1.4512595603079386	15606298.706749868	53.01106884168329	67.66947912273501	112.5	4.0	3.3104000000000013	0.38737783230058404	0.0003189496976501884	0.8104345764050165	0.9996426144144815	active
12.759968820861678	0.1350925925925921	-0.6971116780045354	0.8076505188603901	28.761904761904763	287.36300000000006	1.3333333333333333	2.593125822527733	1.8681347871464278	39304.00809205285	24.02350570338476	22.46119801502013	62.300000000000004	3.0	2.641120000000001	0.49674823840582516	0.0013758133946431823	0.9511122280069957	1.0309075421680884	active
5.4034328021331985	0.7631715656877994	0.7631715656877994	0.4894539391432046	20.88888888888889	324.51800000000014	0.7222222222222222	2.45954581445281	1.6910503887867865	17039.733402529066	0.0	71.04744111452086	24.94	2.0	1.6019999999999999	0.377495010859007	0.0008098471385022213	0.8549563314312519	0.9052615581979929	active
13.531538643235072	0.18586238662131516	-0.9508855741370623	0.6597199116132975	18.392857142857142	417.2920000000002	1.25	2.696821329761139	1.786570743095716	2742257.375524955	64.40060767317546	31.214719720602083	60.45	4.0	4.847000000000004	0.15362793512416625	0.00032107132006274793	0.8449485557265041	1.084569812947657	active
12.85880716175359	0.3047650728233344	-0.9155231166540696	0.6979165084224059	11.807692307692308	388.25400000000013	1.0384615384615385	2.6202601617283787	1.943441646952432	721499.116572556	70.46697474163707	16.79833797965022	71.09	3.0	4.357500000000003	0.23617374052692852	0.00033082016897584846	0.7694199562865173	1.1316348147522917	active
12.532483369376557	0.08668963109935324	-3.6297639125094476	0.7507084360202132	17.45	321.78600000000006	1.3	2.776039195579703	2.1602498436358832	31669.055143173253	11.454175413722904	60.74579476157324	83.72	2.0	0.3631399999999998	0.37801375576289015	0.0009724182258350198	0.9076368888321988	0.9621799891042399	active
13.658655675233057	0.27697890421600735	-0.4436205343188855	0.44333487921237225	10.774193548387096	431.8990000000001	1.0	2.7839102464390066	1.738740065927355	12448761.33861687	105.3661122662601	19.561733676541614	60.71	4.0	4.708700000000005	0.25788095913906367	0.0004073373160222538	0.9185271728539367	1.3108015579073158	active
13.555105780738222	0.05175379594751939	-0.9500122826908546	0.6395295339506085	14.96875	434.49600000000015	1.15625	3.289303895847652	1.7901023742944426	16041224.610407496	78.26952302666785	41.03792125877123	97.56	4.0	3.2702000000000018	0.26295061511462986	0.00038828566067210767	0.9852898639879616	1.3689012402332776	active
12.728113607472373	0.23205266044281214	-0.47324824700542734	0.5490094599460398	13.1	407.4460000000002	1.0666666666666667	3.587886875227385	1.3956455303958435	13862217.137318527	64.4481921185137	32.77549760556745	87.96000000000001	4.0	2.7634000000000007	0.3206670260524563	0.0004685652017526076	0.9142905426376166	1.356235480111596	active
13.41800028344671	0.03224546132434636	-0.4307237339380203	0.6813087971694856	21.3	420.90000000000015	1.2	3.188789922293678	1.4843992775492973	12512416.245130029	71.00779291959275	40.829601351473805	74.33000000000001	5.0	3.3146000000000013	0.1753718835453984	0.00020911446439136018	0.6844105822941778	1.0592798529120133	active
13.645668356848912	0.09028372837320808	-1.4685382810531626	0.5080996823451887	17.666666666666668	485.3710000000002	1.121212121212121	2.8096746230860794	1.6796195191753698	25583660.860987682	70.46697474163707	29.250274114914298	100.19000000000001	4.0	4.037900000000003	0.18557769122308815	0.00025168859400575893	0.8199905065483669	1.4343946757134327	active
13.455682594797176	0.012686366213151556	-3.7319181649996502	0.5927219986950237	19.454545454545453	480.97700000000026	1.2424242424242424	3.5737157916225963	1.4783523723477914	49711587.4299763	71.00779291959275	35.911781238583245	103.16000000000001	5.0	4.059680000000003	0.19491036246790658	0.00014436326730103027	0.6440538592353217	1.010814782879947	active
11.790501821711235	0.06967051944234548	0.06967051944234548	0.7839318773835056	22.043478260869566	334.8910000000003	1.0434782608695652	2.6359178840882076	1.7254896140213078	270761.4850535407	35.89528683400505	47.76602825967309	23.550000000000004	3.0	3.6910000000000025	0.24515731115254627	0.0005097846712182914	0.8119592992668399	1.1148400013361148	active
10.646602478616472	0.07864387418773999	-0.5230691638551836	0.4960376275115005	11.625	362.43600000000004	1.2083333333333333	3.164227149564621	1.7600509190445797	320156.50299294834	46.140081605922084	20.104653186366953	94.95	3.0	4.550000000000003	0.4332153645396127	0.00045548107946173297	0.804854688101756	0.654300729163067	active
13.398926760519021	0.3065402179390271	-1.2088147203325774	0.7141839072571545	18.25	398.8460000000001	1.2142857142857142	2.727327038621525	1.7641304695761757	2898488.6289113346	59.377974359434134	31.717635297366698	69.68	4.0	4.159700000000003	0.38244430421064607	0.0004234663551247321	0.7714159091951479	0.6432591551097935	active
12.413160279658747	0.07577475434618308	-3.8730798078401336	0.7386563898795472	12.037037037037036	436.3170000000001	1.2592592592592593	2.9790695605283632	1.9631483939932124	589977.9148365976	39.69854324659038	36.854207888765686	111.39	2.0	3.4175000000000013	0.16947000830644918	0.0003030606082005238	0.8148831880533606	1.3608351094436912	active
12.79874716553288	0.1616646589191233	-1.38087962962963	0.3039650931703881	15.379310344827585	645.8790000000001	0.7931034482758621	3.0020470201468092	1.9884161851692688	4757764.199409469	76.5428864408873	5.969305287951849	81.65	5.0	5.451800000000001	0.2458685052818595	0.00014406932463991823	0.6611820953070057	0.8224733773008612	active
11.933892668178384	0.12706790123456768	-0.12706790123456768	0.9049825268827963	10.210526315789474	275.739	1.4210526315789473	2.347416765088779	2.0750089231847304	18683.090033341592	52.8086917142079	10.891158250298714	68.00999999999999	2.0	2.806820000000001	0.5544206111417534	0.0013551204525242913	0.9357833299307465	0.7887551817273519	active
13.701577891863561	0.07069350515305595	-1.0362072205425383	0.35688778192605186	12.108108108108109	500.5740000000002	1.054054054054054	3.420894717388939	1.6941281527867826	221547596.15236405	113.58839120292828	28.49975764268824	88.33	4.0	5.253200000000004	0.33443110333922516	0.00031787691208093246	0.9317069393891226	1.480291662157381	active
12.134466647770218	0.11535210380448446	-0.11535210380448446	0.8051952011122818	10.523809523809524	297.745	1.1428571428571428	2.4739761554776227	1.8039060510745435	80913.86414105113	65.70529443419868	15.875136771245923	54.88	3.0	3.4644000000000013	0.37005033840777873	0.0008172210561195993	0.8401091622625737	0.7614313325824217	active
12.937834939531369	0.1652387251196772	-0.5058008944318473	0.7147571776870005	12.36	374.2710000000001	1.08	2.580902252739519	1.9429725148649866	445432.75799580815	70.46697474163707	29.88641194650357	45.230000000000004	3.0	4.783000000000003	0.38335085712738665	0.0005622546523793748	0.9037138985749851	1.1901796923140273	active
13.160527762030737	0.03327711640211595	-0.03327711640211595	0.5555817567057061	10.851851851851851	377.47300000000007	1.1481481481481481	3.363874798401199	1.6278885041076185	3021916.741894927	70.92088064878332	27.948721551129786	63.050000000000004	4.0	3.7679000000000027	0.25620567881444367	0.0003253322003231988	0.7600827226256672	0.9999722035930472	active
13.713481981157171	0.05139853381008064	-0.9532416855631147	0.3796037574101647	12.085714285714285	467.56900000000013	0.9428571428571428	3.4129982570995367	1.7614165489781008	98540959.40653165	119.97022392283161	16.79833797965022	75.44	4.0	5.676600000000005	0.2414677589599827	0.0003103822141950075	0.9095132890291788	1.3943567804828403	active
13.80073609536407	0.318310344390792	-0.7037152448087693	0.44015358727106774	15.125	450.8780000000001	1.15625	2.8185920139557883	1.8243624467392419	19515384.29777917	77.59638164156351	36.48432277339252	85.80000000000001	4.0	4.043300000000003	0.3019546612262122	0.00035339780153370446	0.9211256731211206	1.270496744173068	active
14.11490930423685	0.06515498096241035	-0.9125581319534244	0.29805748540248883	16.5	532.0440000000002	1.1578947368421053	2.9368598574210596	1.4092901880057547	475282509.4424214	89.33737062812904	54.33261288961481	99.61	5.0	4.1605000000000025	0.38705251362628723	0.00024603868336593596	0.8625341247851174	1.0938360897015134	active
12.76195885298564	0.09798752834467073	-0.6392644557823131	0.8486678616637625	32.04761904761905	285.34700000000004	1.2857142857142858	2.602836560130822	1.5729962817511263	56788.68806893428	24.02350570338476	22.46119801502013	62.300000000000004	4.0	2.3951200000000004	0.5827777877999003	0.001637283458840521	0.9696359390504301	0.9006470142423504	active
11.925648148148149	0.4770842781557063	-1.3740843621399172	0.5404789954485705	10.4	272.168	0.7	2.4087858801044497	2.550693529851314	25003.197435484188	35.392371257240434	5.783244946364939	155.43	2.0	-2.6408000000000005	0.5532617906047004	0.0014126087859514156	0.8701511115269557	0.452974718643367	active
13.466678307546363	0.059824106125165644	-1.0212018665490892	0.5285638164691997	20.305555555555557	506.99000000000035	1.0	3.5994758210857336	1.329275440320441	253357355.6657013	71.51070849635735	52.90287302717395	100.63	5.0	3.854200000000003	0.22155056709534476	0.00013917198594696925	0.682650167535695	1.077969238237217	active
13.268079394823772	0.009125015747039722	-3.8681014712983965	0.7066232961001845	21.724137931034484	441.9810000000003	1.103448275862069	2.7336686868212383	1.8495546923177533	2992995.4331278484	29.828919765543436	67.03523648618264	86.79	3.0	1.884219999999999	0.22234814105820916	0.0003074322948632477	0.8335070344446531	1.2871146028228762	active
12.759733902332831	0.1300275345840458	-1.7963113392342158	0.12727587476761287	32.5	620.5600000000004	0.8409090909090909	2.9934931942030234	1.5219036978486047	3384188757.880387	53.60112550099753	106.12749075183807	256.61	4.0	-3.543899999999995	0.18150826009716076	7.005253908961195e-05	0.5945869675538827	1.1241030813799633	active
12.698852513227514	0.06372637944066484	-0.06372637944066484	0.7420416387709315	14.91304347826087	326.767	1.2608695652173914	3.1492135390957454	1.5902589756632735	377395.4520981559	53.31160729097253	34.10319738426195	63.43000000000001	4.0	2.6826000000000008	0.4334902386691498	0.0008153996442272255	0.9479178457532282	1.1096275850154236	active
12.99886585916889	0.10360596707818903	-0.3781090106623586	0.7007636587867094	15.222222222222221	380.85500000000013	1.0	2.6722105074636127	1.4698709009258317	1832238.5453895305	81.10064399241364	41.88602481470276	54.720000000000006	4.0	2.768600000000001	0.28415913695334416	0.0004578073441842771	0.8765908373645674	1.2162472883777706	active
12.541710758377423	0.07437630402259532	-0.1265586419753082	0.6663455099659954	15.88888888888889	379.8470000000001	1.1851851851851851	2.6001525417296776	1.4715895705136224	1283331.2884960996	71.00779291959275	22.84017880879818	71.09	4.0	3.5004000000000017	0.23491892395685027	0.00035114469403207905	0.8195858963988122	1.164536145299179	active
13.451855434303349	0.09303925736961505	-3.4973348316663153	0.5938340896710826	20.0	469.99400000000026	1.21875	3.483408888928425	1.4803346035209972	27062701.193533823	71.00779291959275	35.911781238583245	79.37	5.0	4.556000000000004	0.1829398331703738	0.0001538291490004652	0.6174388056946544	1.0354944567797597	active
11.459166666666667	0.015462962962963234	-1.2822222222222222	0.5315318380831734	10.5	216.14799999999997	0.875	2.369833188044773	3.1361171062761564	4220.67290790774	34.4887958498188	0.0	109.31	2.0	-1.5056000000000007	0.34105843721173396	0.001383451331670929	0.6967177305675684	0.23843624286580672	active
11.629585050324588	0.0030040089446659035	0.0030040089446659035	0.8140940654010786	15.565217391304348	327.815	1.173913043478261	2.6114755348183776	1.774819497644762	229694.94214048522	47.52510539416365	47.7660282596731	47.34	3.0	2.594480000000001	0.0552792885283276	0.000575953008464593	0.9505950005214217	1.2132395360495576	active
13.249494240227467	0.00039892500209992576	0.00039892500209992576	0.45652051107550523	11.166666666666666	399.4980000000001	1.0	3.1749010590950877	1.5806133916925962	10278551.6847568	73.05735782784227	32.42978449531238	63.910000000000004	4.0	4.572600000000003	0.3374158146984345	0.0003002768984954232	0.7806561362008893	0.971761242046499	active
13.787498562929589	0.03760139517324501	-1.4775820036845473	0.30520176323481907	12.605263157894736	546.4180000000002	0.9736842105263158	3.456907805296998	1.419007954794498	518674253.5199245	106.62321458194506	37.00559291440618	114.69000000000001	5.0	4.730100000000003	0.1181434642448387	0.00017168708179918796	0.9015353255999276	1.5780581405707226	active
12.714158084530109	0.12913619614512495	-0.4479136023251631	0.35767673057220006	10.612903225806452	448.56900000000024	1.0	3.4244236073698313	1.5241967041671176	18604646.900340565	83.3674800100891	23.46734550276348	68.28999999999999	4.0	5.896500000000004	0.5819939927387989	0.0005535753881588231	0.9602087617509478	1.1979235239377712	active
14.333266809248952	0.024752220332577846	-1.1487590151801466	0.48347647245284253	24.615384615384617	549.0710000000003	1.1282051282051282	3.3908735951809232	1.3448335727070908	1166603618.3897014	65.44434142789574	76.63639964125137	95.0	6.0	3.9949000000000034	0.20233916839543384	0.00017712093699273916	0.8098761347322059	1.126640245465182	active
13.195450890232635	0.18079251350746017	-0.4290125369860214	0.680802633851707	14.357142857142858	396.8540000000001	1.0714285714285714	2.7181398304427247	1.6019478331835468	2921260.9836920486	69.47082543225503	44.09591262512981	63.95000000000001	4.0	2.781600000000001	0.3550589883629342	0.0004590980185063415	0.8290509513308749	0.9123293273708191	active
12.670476662887376	0.12113914084152144	-0.37252928949357567	0.7747547433722919	15.956521739130435	324.767	1.173913043478261	3.0070018378566368	1.6567737113968188	365561.2134282313	65.44434142789574	17.49804021481163	51.22	4.0	4.002900000000002	0.45268277174507854	0.0009382171170560494	0.9552467526433445	0.7073490786128819	active
12.706584939531368	0.1999609473418995	-0.5567268203577733	0.7232783084978672	12.125	360.24400000000014	1.0833333333333333	2.5887248770457307	1.900281520977484	321276.28959063743	70.46697474163707	17.938830232975903	54.02	3.0	4.440800000000003	0.5308096716075545	0.0007716374522651133	0.896811866664281	0.9570013969907618	active
11.537189461187547	0.01523428731762122	0.01523428731762122	0.7768576270304616	16.238095238095237	331.24300000000005	1.1904761904761905	2.4675613625308874	1.9240883989288224	54631.80856643385	34.34863750252015	54.875825800950636	32.78	2.0	2.3694000000000006	0.4459629071953301	0.0007459284386482424	0.8758233161238858	0.8207569640394828	active
12.969158696914981	0.0011049697656839719	-3.8694656373351806	0.7216375748691334	18.25925925925926	428.92300000000006	1.2962962962962963	3.2308721821669026	1.8887765150456004	1623694.20038107	41.22243738639134	65.97737417798189	99.68	3.0	1.2220999999999997	0.2078970178112579	0.0002909345487081352	0.757144999444546	1.1836398162937243	active
13.69032789186356	0.0012490607086115268	-1.042318331653649	0.35688778192605186	12.108108108108109	500.5740000000002	1.027027027027027	3.420894717388939	1.6941281527867826	221547596.15236405	113.9156636332572	28.327072906510004	88.33	4.0	5.253200000000005	0.3059024073356984	0.0003124270467014893	0.9799223074491717	1.528399808983409	active
12.197958711262281	0.02893235071806477	-0.02893235071806477	0.7917502253513193	10.523809523809524	276.33900000000006	1.0952380952380953	2.4739761554776227	1.8039060510745435	80913.86414105113	72.05152667431302	10.891158250298714	41.99	3.0	3.724420000000002	0.5659288075303881	0.0014355051757630442	0.951703523144954	1.040722125055842	active
13.328008347839695	0.035984115604634104	-1.0155340870916272	0.4918407005992065	15.212121212121213	464.9530000000002	1.0	2.7578626847321868	1.5444933665001352	20812668.555537112	71.51070849635735	28.747358538149683	100.19000000000001	4.0	3.9890000000000025	0.3207498505592902	0.00022536742870947875	0.7859062429773823	1.0680716016783887	active
13.837519220281216	0.25595348324515	-1.443633353804485	0.3959316856173517	16.72222222222222	523.4240000000002	1.1111111111111112	3.245793957389224	1.4701705866416317	157233159.8538874	82.11578373763693	31.562801244043648	101.8	5.0	4.674220000000004	0.24026635335002364	0.00015085982802957211	0.705086536109992	1.1565276597692067	active
13.202290879314688	0.06828136810279628	-0.06828136810279628	0.5041285285680157	10.928571428571429	392.48800000000006	1.0714285714285714	3.3629756252922434	1.6280105211474925	4271530.572123697	65.11546658662463	39.980372054754184	67.15	4.0	3.1872000000000016	0.25091252429884814	0.00025685606983089543	0.6988417421136336	0.9523838087723989	active
12.556232993197279	0.05748456790123413	-0.25735544217687134	0.9227468239566763	16.761904761904763	302.761	1.4285714285714286	2.4853673622974095	1.8673762978306383	76345.51463505182	52.80869171420791	17.49804021481163	51.22	3.0	3.5482200000000015	0.34829498124541625	0.0006930511982002835	0.7991984181602116	0.8691771866573662	active
12.869725056689342	0.07304012345678967	-0.29080215419501165	0.8903816672757389	19.291666666666668	343.8140000000001	1.2916666666666667	3.3869920456809526	1.6255525177566659	704839.8186902975	46.7423246457463	17.49804021481163	77.24	4.0	3.6994000000000025	0.4508126698681004	0.0007231258226685829	0.8624088595020558	0.9847432993376938	active
13.925633941108327	0.023087086941704138	-1.0184837700512308	0.2810680735732491	12.342105263157896	502.5740000000002	0.7631578947368421	3.5223558362317995	1.56420091681432	791267425.3896759	138.933193711284	21.782316500597428	88.33	5.0	6.002100000000006	0.08056613978570094	0.00017083912959150002	0.7861710140219083	1.6100942156219669	active
12.836646037265801	0.15299886621315162	-0.3079522515056423	0.7967767738732201	10.523809523809524	280.302	1.0476190476190477	2.499328818970411	1.78543950554549	83397.60403140467	72.30529602366194	10.891158250298714	41.99	3.0	3.5551000000000013	0.4736106150091064	0.0010440135883791723	0.8592632424735144	0.7989423697964202	active
13.46381835104463	0.212987685815067	-0.9268075501805673	0.45719403548368076	16.0	474.9520000000002	1.1470588235294117	3.2144386710002175	1.402741321044662	75231564.8390209	83.15951749235722	31.562801244043648	101.8	5.0	3.846720000000003	0.34976569654003886	0.00031047798389458644	0.8479074161117665	1.2177653674270656	active
11.774399959057698	0.0024814197741960253	-0.24997826908541154	0.6720717798157029	10.761904761904763	283.327	1.1428571428571428	2.935470447542288	1.958053124975773	68596.07341816819	59.558168847049416	11.690424675716445	59.31	2.0	3.696500000000002	0.8425173808950295	0.0027380888177931397	0.9901458841531448	0.852222163298955	active
13.842682980599646	0.1254003684807259	-1.0442447326152688	0.5996093552692155	17.5	452.9420000000003	1.1875	2.7720911131655037	1.7205027913271251	16291235.732775632	65.44434142789574	55.48998645219314	83.56000000000002	4.0	3.2250000000000014	0.26833630621484433	0.00031682449395389303	0.861783477286391	1.2936732322133366	active
13.320708144368858	0.16044666477702219	-0.8934241543839758	0.7422716063463868	18.846153846153847	367.83600000000007	1.2692307692307692	2.6743549722848217	1.763839332989991	1179572.3989157218	65.44434142789574	24.042796620724207	77.24000000000001	4.0	3.5059000000000022	0.3015063632688159	0.0006196025053956183	0.9772789527002401	0.991157358599078	active
12.560823412698412	0.11622916141765316	-0.11622916141765316	0.5718119347736201	10.851851851851851	375.8390000000001	1.0740740740740742	3.142125963305332	1.5128877757666626	2365945.4393457957	88.96493155451591	15.98984005859975	68.98	4.0	4.012400000000002	0.32462066805701395	0.0003807000738901326	0.8032327513019976	1.05323680097626	active
13.304792296548248	0.03971371882086139	-0.03971371882086139	0.5074827262425278	10.827586206896552	385.47100000000006	0.8620689655172413	3.1548437389733515	1.6391337450901209	6345122.682822851	84.42622338169795	34.99639353380698	54.260000000000005	4.0	3.7307000000000032	0.09468980649023286	0.0002569702966342593	0.7483736570071393	1.4742418761233367	active
14.297140967498109	0.005304469009825619	-1.1653878495842789	0.36905081657109373	18.473684210526315	530.0280000000001	1.2105263157894737	3.6819608890133324	1.3848502597225925	840768699.6412876	83.66243306912183	43.89804867290013	89.35000000000001	6.0	4.862000000000004	0.17181298861135927	0.00016757078787890692	0.7801441260238015	1.43873639941133	active
12.653091695011337	0.15409863945578195	-0.39446145124716625	0.8326255094180107	23.0	366.2590000000003	1.2727272727272727	2.778683541156829	1.7751680927740314	130364.7170169138	22.42985815075556	22.964113591784745	62.300000000000004	3.0	3.5477200000000018	0.45251296821221393	0.0007497406904452188	0.8958363104676124	0.9068504956389151	active
12.472942176870749	0.03413099087371552	-4.155424382716048	0.6311273766618477	11.142857142857142	328.733	1.1904761904761905	2.4651448139370915	2.6793890319859295	43573.89973115203	51.53515399327656	25.43488409537135	99.39999999999999	2.0	2.4846000000000004	0.26235298088965625	0.000639263302894852	0.8597462774412382	0.8022288358863192	active
5.4676889607231836	0.6679287145585777	0.6679287145585777	0.5555951339156205	10.96	350.447	1.12	3.1946796354156173	1.6021435243351851	1006349.6425930028	59.73540381615872	20.97553361266913	51.45	4.0	4.908520000000003	0.45261456931957117	0.0006325823320839972	0.925944828439246	1.2564103400804338	active
5.324333427815571	0.8312451184177375	0.8312451184177375	0.7672832252756947	18.0	252.36399999999995	1.25	2.7207893671341523	1.7778971173782279	10534.896429543438	24.26546827384644	35.59247125309443	25.36	3.0	2.6356	0.3769461690063308	0.0017590589388325776	0.9640632473499127	0.8294887032070213	active
13.646272321428572	0.023833897016617644	-0.9585279667422528	0.5689186092940517	16.735294117647058	462.55000000000024	1.2058823529411764	3.5520449990699245	1.737672440986536	63967613.31749058	78.26952302666785	41.03792125877123	97.56	4.0	4.050400000000002	0.24379836517856865	0.0003099421935511421	0.8924851611178497	1.2536203301426443	active
12.11104686318972	0.032993827160493705	-0.032993827160493705	0.9394232861340945	13.05	286.7620000000001	1.3	2.8768354939067122	1.7220390495903815	60410.66853654705	58.372143205904905	10.891158250298714	41.99	3.0	3.4049000000000014	0.5305951527517749	0.0011995676234979231	0.9383476269005078	0.76234820162116	active
14.055845222348196	0.046422023284622416	-1.147825076700662	0.475619530584149	15.567567567567568	504.5870000000004	1.1081081081081081	3.596274208351038	1.8250323241614583	221414087.03084803	78.26952302666785	40.40034458221016	114.63	4.0	4.357200000000003	0.19063398048807467	0.00023319300068989904	0.8604571390771872	1.2273704100986393	active
13.69907789186356	0.012639828180277313	-1.0345405538758714	0.3830484398292008	12.108108108108109	498.5820000000002	1.054054054054054	3.420894717388939	1.6941281527867826	221547596.15236405	113.78302478520524	28.327072906510004	89.29	4.0	4.617400000000004	0.3403037843235649	0.0003319725353889946	0.9822283943162724	1.5473613478299324	active
12.50908871882086	0.15470442806752294	-0.15470442806752294	0.6006343517126298	10.807692307692308	362.80000000000007	1.1538461538461537	3.160962512399325	1.5665823598586595	1543681.3306303094	71.7716615026603	21.088521866900788	81.87	4.0	3.483600000000002	0.47381323888263444	0.0005674093429349713	0.8888227006568682	1.0466149793980182	active
13.376599304475388	0.03304243302259158	-0.03304243302259158	0.36703217664723986	10.96774193548387	424.5290000000001	0.8709677419354839	3.484519824710764	1.4420831161564165	30224836.464175556	101.2527159910914	20.901049568452596	51.02	5.0	5.393200000000005	0.2282788733787803	0.0002284931891879975	0.7636272451289796	1.2893864757016082	active
14.238559382086166	0.0022898303796570207	-1.1939443709582604	0.3870163427065876	17.477272727272727	605.6920000000002	1.0681818181818181	3.651201812476547	1.7151617825969814	3740125342.929074	78.26952302666785	70.0840580068079	144.17	4.0	4.422400000000003	0.09929209971821973	0.00012559295360626858	0.7766775252007012	1.6758147013114537	active
13.153430124268867	0.08404307171036929	-0.3183374765833282	0.4952326152061804	15.35483870967742	432.9110000000001	1.2580645161290323	3.1721675348829836	1.414861967439567	19494638.061979283	83.15951749235721	27.049118383550194	69.04	5.0	4.946220000000004	0.33748844911282505	0.0002933734677356792	0.7919612910163939	1.0947385734692712	active
14.026686507936507	0.08735766646834775	-1.025003516838835	0.2221693653608778	12.3	555.6750000000002	1.0	3.6181444416346378	1.5670171994482134	1268234319.7667937	118.77382039111728	22.732655846032035	75.44	5.0	7.072900000000007	0.26624214029478516	0.00024680537466927684	0.9127096763919793	1.39831159149758	active
13.299551760519023	0.056355032753842016	-0.14340057319223964	0.544038768720666	10.785714285714286	391.8620000000001	1.0357142857142858	3.116569385252414	1.7210822714893328	3863748.195950369	77.81903813528066	27.948721551129786	63.050000000000004	4.0	4.491300000000003	0.19687607444149133	0.00023923269358259403	0.7138281543887374	1.249147261147948	active
13.914309702275972	0.028340683108600384	-1.1272882810531621	0.4500602618452734	16.970588235294116	475.89200000000034	1.1470588235294117	2.831379216992569	1.5621038110399679	62138846.99745211	92.47926966090796	24.042796620724207	125.58999999999999	5.0	2.2940999999999994	0.20785713936842198	0.00028712206658702345	0.8824111993324614	1.31584529108798	active
13.746911060720583	0.07194663352153441	-1.0643625860838168	0.4003503619903657	12.0	485.54400000000027	1.0277777777777777	3.424238504451004	1.7948282773272108	145601689.3269567	96.59910073520416	33.876092562822166	110.45	4.0	4.797500000000004	0.2711155528858501	0.00027075656676229604	0.9687455877790306	1.4792421541807306	active
14.17870057052874	0.08483506147331887	-0.8362401554974608	0.3683858792081495	20.789473684210527	531.0600000000003	1.2105263157894737	3.578786273041533	1.2366165421237911	815531747.3622388	77.8380285711219	53.45755058190815	84.31	6.0	4.396800000000003	0.16190521985126471	0.00018901714130320908	0.8164479539954437	1.4515436349215427	active
6.071309086391758	0.4966818888049054	0.4966818888049054	0.7397917045388908	10.7	322.21999999999997	0.95	2.8482312860558023	2.1687192002326223	56907.66109539493	52.77078911301685	9.967957041894417	51.8	3.0	4.761100000000002	0.24061188379617618	0.0005125453193557877	0.7524431683504533	0.9087682916114512	active
13.176608761592076	0.2399580177166829	-1.0339642122281016	0.5447636524287988	11.59375	454.9140000000001	1.0625	2.7714901951782878	1.772374699120829	12530583.416008662	71.51070849635735	54.91453533423242	100.63000000000001	3.0	2.7890000000000015	0.1575937704767553	0.00018752720855378762	0.7637449289903441	1.4244493733206869	active
13.650963679453263	0.05261705807389361	-0.9437887377173093	0.5718136371260953	16.735294117647058	462.55000000000024	1.2058823529411764	3.5520449990699245	1.737672440986536	63967613.31749058	78.26952302666785	41.54083683553584	97.56	4.0	3.9079000000000024	0.13998388923548316	0.0002584681921984961	0.8948770100522963	1.4864867438896325	active
12.924294847568657	0.0759367388930885	0.0759367388930885	0.7281232313333109	14.833333333333334	317.39200000000005	0.8333333333333334	2.6768941383670413	1.5198357850203614	604078.63884046	72.55444225107765	41.97009360479949	36.440000000000005	4.0	3.1972000000000023	0.276168332113297	0.0006205380049472513	0.8197040193360362	1.089679692361425	active
10.520736305324599	0.6591017888636936	-0.6591017888636936	0.3591583792833982	12.1	177.294	1.6	1.8709889548563379	3.0496571259388316	142.19516056908168	0.0	27.923539540460787	29.43	0.0	1.2479	0.44789367226721544	0.00278181327741791	0.8539128295355239	0.7375809336610927	active
12.15080073696145	0.09507432602670685	-0.09507432602670685	0.8046301142264364	10.761904761904763	299.761	1.2857142857142858	2.829377489535247	1.805191079820616	84915.27721593184	64.94142585113113	15.291852856560507	46.400000000000006	3.0	3.4773200000000024	0.5314392050404574	0.0011512236240571155	0.9633660634794803	0.7420296485128458	active
13.838614928900597	0.05657598602757652	-0.9459294427647611	0.4626716882056284	16.27027027027027	503.61800000000017	1.135135135135135	3.420894717388939	1.6656264145048525	221547596.15236405	95.56493314397915	36.053942737824016	71.53	4.0	5.130400000000005	0.06259831204695515	0.000188456474494065	0.8496558805766418	1.6043450305838403	active
10.874790249433106	0.016018518518518432	-1.3855102040816323	0.5689342246864603	12.357142857142858	194.16599999999997	1.3571428571428572	2.10922326203371	2.7772680269131413	1115.7791056158326	23.762552697081826	12.011146117099809	112.27000000000001	1.0	-2.546499999999999	0.44347180412563963	0.0024906627432454524	0.8907064189624583	0.660518750027567	active
13.132225450365329	0.10517476589401165	-0.3700047241118676	0.644912901562617	15.571428571428571	396.874	1.3214285714285714	2.714092147800136	1.6545100990224568	3162351.606930807	59.377974359434134	24.10492217932455	60.45	4.0	5.1818000000000035	0.3168159380963976	0.0004514538505083965	0.9258312809464317	1.327167194262223	active
10.833973922902494	0.23824074074074075	-1.6602758881330308	0.5727117978837533	12.357142857142858	195.14999999999998	1.3571428571428572	2.10922326203371	2.7772680269131413	1115.7791056158326	23.762552697081826	17.17979907054086	106.48	1.0	-2.5128999999999992	0.4063717523632932	0.0024583884236497227	0.90987851408822	0.6811658786964729	active
12.657268975853247	0.12417211945200755	-1.158645665049864	0.5915790709073013	14.956883884740474	403.74437075180236	1.1464866609162219	2.9502190479098758	1.7796831661572496	22265125578776.895	68.55531779405018	32.691530071889595	80.86272914521113	3.649845520082389	3.3013269464469635	0.3314222199058814	0.0006321679466942102	0.833842090242823	1.0584556471233533	active
12.733794879062735	0.2560704837490555	-0.5458059334845051	0.6761462954990178	10.73913043478261	348.4090000000001	1.2608695652173914	3.2514687150014323	2.267110747003931	254349.39169970204	39.34125158248435	38.35369237909843	86.97	3.0	2.555040000000001	0.29921652569275664	0.0004622514274434067	0.6994823792805137	0.5257525527635405	active
14.45660087744413	0.004498870385297726	-3.55876478796246	0.21195036653751734	25.73469387755102	707.9790000000002	0.9183673469387755	3.830383555924823	1.5418727621663688	22001811090.838627	0.0	89.60452639678905	170.85	4.0	3.622200000000004	0.1984774199431108	0.00011870964166135714	0.8539586321821487	1.8489070547508228	active
11.582117189902181	0.043034788116859124	0.043034788116859124	0.8140526669039058	16.333333333333332	302.8050000000001	1.0	2.550643937757644	1.6856246797002954	93598.4299399545	48.02802097092827	47.76602825967309	23.550000000000004	3.0	2.722800000000001	0.5680073416325284	0.0013209340053566942	0.955844562153361	0.8549624601511232	active
13.637725024416216	0.06856606893854322	-0.59703385032209	0.7087309203499199	16.03846153846154	374.77400000000006	1.2307692307692308	2.624360948979882	1.685812377025862	997509.0992634572	64.94604897306431	17.49804021481163	51.22	4.0	4.671200000000003	0.37402993686682634	0.0004918255825896501	0.82846347806066	0.9811591476492882	active
13.819528203243552	0.07102293210075517	-1.2070327917247272	0.0899510547944561	13.423076923076923	725.9280000000001	0.8461538461538461	3.0469697962104507	3.224906057646623	34964950099.323845	34.88945568047582	91.05794785838394	180.07999999999998	1.0	3.142640000000007	0.09227506461141052	0.0001051069200772936	0.948822863809355	2.0736875680534075	active
11.992000661375661	0.17785210380448446	-0.17785210380448446	0.8041311249490651	10.65	286.72200000000004	1.2	2.8210023287744006	1.7589737347978533	58939.201655083554	59.1170213531312	21.01005236155665	59.81	3.0	2.3975	0.4852868293560942	0.0011105271027746916	0.9192418911969071	0.7640539004186976	active
13.784680991223649	0.2757553362213976	-1.4665424618921645	0.5008154141485376	18.285714285714285	515.4410000000001	1.1428571428571428	2.854012281843777	1.6658872346008298	62483718.54996755	70.46697474163707	53.54044970373503	83.56	4.0	4.620900000000003	0.1611197078224872	0.00014216668085460029	0.6914324377425245	1.213495618912617	active
13.023523085159988	0.4256594860166296	-1.2488731812169305	0.22135475238825783	14.108108108108109	555.5160000000003	0.8918918918918919	2.91594794590366	1.8400434824749472	261689578.9398522	118.22494708630921	42.74031355918287	45.59	5.0	7.1305000000000085	0.28776066200561595	0.00026223948814284407	0.9480384891161644	1.66235061490263	active
12.218328171948302	0.16313002538787114	-3.496216898031022	0.731632495779265	17.076923076923077	390.8720000000001	1.2307692307692308	3.058618136878604	1.93116025853962	813249.8591783782	70.44630146400057	37.18134686888742	80.91	3.0	3.5679000000000025	0.5908491778835602	0.0007093418437866132	0.895076108545273	0.7554098750467354	active
13.744077891863562	0.0794386403485643	-1.0100961094314271	0.3830484398292008	12.108108108108109	498.5820000000002	1.054054054054054	3.420894717388939	1.6941281527867826	221547596.15236405	113.5220717789023	28.44177619386383	89.29	4.0	4.617400000000004	0.23899735801577304	0.00027116372164196953	0.9377101794501596	1.5526523735130129	active
13.805877739984881	0.024463081545252674	-1.155230090492988	0.31401737476578195	12.0	531.5690000000003	1.0769230769230769	3.6293063864850783	1.7268709012041596	608841870.8565392	96.11733793918128	39.342482274009406	140.66	4.0	4.2363000000000035	0.19800813490441116	0.00020909206696963163	0.8768467384881258	1.4019512436719028	active
11.626553287981858	0.02094482237339368	-0.28338515421600685	0.8639789546994593	9.823529411764707	319.586	1.411764705882353	2.305113440849429	2.561283464425375	5444.677947286351	28.738187789678854	36.18670102311359	49.410000000000004	1.0	2.0847999999999995	0.20063672963710302	0.0007021882653961565	0.793362267113129	0.8602908626625667	active
12.743250661375662	0.1939636686732642	-0.5086460695389272	0.7520927202488422	16.541666666666668	340.77000000000004	1.3333333333333333	2.9792599061792564	1.67039571555388	511488.27847257326	64.94142585113113	27.743788991824587	75.5	4.0	2.4534000000000002	0.23469888281409898	0.0005464597169691264	0.8822865667360885	1.1819476998652472	active
14.125540853354288	0.13902086773389022	-0.9101102206008411	0.3537825775213376	20.710526315789473	533.0320000000004	1.1842105263157894	3.6143881156193727	1.2465277222087965	918389772.4923869	77.33511299435727	52.250430388851136	103.19000000000001	6.0	3.9650000000000025	0.22382747496709018	0.0002009147041194778	0.7913367672316556	1.1912447657501586	active
5.028790863567649	0.4903269085411941	0.4903269085411941	0.5432776369063089	9.166666666666666	242.412	1.0	2.021825570053215	3.402570682630092	374.0377304598448	0.0	21.979083217344463	18.46	0.0	3.010600000000001	0.36338889840556865	0.0013848077743204917	0.858555535577261	0.5744437719040953	active
12.64498714866605	0.03511102537722932	-0.5320625472411182	0.5669025483575251	10.84	357.7770000000001	1.24	2.894102911979385	2.022303101270592	498810.21329129493	63.330874897674256	27.345212369883228	95.16	3.0	1.7759399999999999	0.6447436606939719	0.0010221386521923831	0.9803975449056149	0.9969908313465043	active
12.884735922146636	0.013860859158478567	0.013860859158478567	0.7123093452059465	13.458333333333334	338.79400000000004	1.2083333333333333	2.611582360660766	1.6683265371901423	482583.8580970603	65.44434142789574	24.042796620724207	42.43000000000001	4.0	3.8563000000000027	0.34169656150261296	0.0006291711694015694	0.8898781048936866	1.2025657407697699	active
12.451823418684889	0.08860807675461801	-0.40594770127320956	0.5323580597809113	10.807692307692308	358.41800000000006	1.1153846153846154	2.613694549234928	2.035859123914965	482383.4660067983	57.639423662929225	44.620790674889825	81.91	2.0	2.4175000000000004	0.3197608023714871	0.0004573051423750375	0.8538570242635718	1.225413025687482	active
14.299486646510456	0.0020651455026459153	-1.1606046863189725	0.36905081657109373	18.473684210526315	530.0280000000001	1.1578947368421053	3.6819608890133324	1.3848502597225925	840768699.6412876	83.66243306912183	43.89804867290013	89.35000000000001	6.0	4.862000000000004	0.22373805668649083	0.00019847451286130152	0.8321701454363957	1.4570778830456528	active
12.869400273998487	0.03926839254220171	-0.264022345049131	0.8797631083567585	18.958333333333332	343.814	1.375	2.611582360660766	1.6131135192512995	482583.8580970603	52.30577613744329	24.042796620724207	63.25	4.0	2.8855000000000013	0.2533813611481583	0.0004539588417971076	0.7305532482718771	0.8356275079834985	active
14.142549918115392	0.03738866843033528	-1.1154953231292515	0.5931938620294102	22.37142857142857	493.00700000000023	1.2	2.842001312420866	1.5392292342455232	91131636.82009798	65.44434142789574	65.92882143542697	74.77000000000001	5.0	4.099800000000003	0.12499454569025188	0.00013737729336617206	0.6527110824959481	1.2655920276919255	active
12.066545729402872	0.09466049382716024	-0.09466049382716024	0.7747430588843123	10.65	285.73400000000004	1.3	2.8768354939067122	1.7746352324759036	60410.66853654705	59.5084508625856	15.875136771245923	57.78	3.0	3.397500000000001	0.6178555713344874	0.0013859983498575679	0.9211260468514774	0.788481115740178	active
11.368037079029142	0.05318544238683165	0.05318544238683165	0.7698131791533174	17.6875	258.77400000000006	1.375	2.817474244844468	1.7904053494450132	7640.9901520181975	22.389944101090435	47.76602825967309	23.550000000000004	2.0	1.6311000000000002	0.6102123015309702	0.0017914103814440103	0.8984775992459998	0.6808624760485595	active
11.21865861468044	0.09029218631897185	-0.4547250566893426	0.5980812809314172	24.05263157894737	266.257	0.8947368421052632	2.25390403778412	1.907792685909168	14747.294119221498	10.633577208012662	72.19416123781782	102.96000000000001	2.0	-1.1400999999999992	0.25529911745924966	0.001242336756129541	0.9650405465904669	1.06172936891087	active
8.82218820861678	0.14523148148148168	0.14523148148148168	0.5518955801042782	13.428571428571429	226.33	0.9285714285714286	2.2304241993755287	5.492132141168524	1028.2255559121188	21.20435165389176	12.511538367022808	99.61999999999999	0.0	1.10016	0.4327696355274926	0.001496613909917681	0.7544712589192742	0.3185923352295405	active
12.364358238295827	0.18349041764445762	-0.958893086839099	0.6951193352618424	14.44	360.75700000000006	1.08	2.6009554723308885	1.6978962710622705	455344.072630024	61.38356573553234	43.272275606981836	102.96000000000001	3.0	-0.2503000000000002	0.6770412598933351	0.0009745763331222057	0.9528683928874518	0.725960871057845	active
13.640497474647752	0.06842527290327749	-1.0361295613924584	0.3328956312474848	12.0	492.5760000000003	1.1388888888888888	3.399819132503583	1.959977935708742	101140920.18876544	78.26952302666785	40.903260158974774	114.63	3.0	4.214700000000003	0.3551603498440665	0.00030856442364790386	0.9268061148032607	1.4490616728826249	active
12.78558349252662	0.01573384587994897	-4.520114830874785	0.38227220641266846	11.137931034482758	440.4280000000001	1.1379310344827587	3.116373477707799	1.716658138473839	2975750.2408997123	70.40554987976853	15.938404082102952	97.16	3.0	5.865300000000002	0.3833700618164115	0.0003123387755064656	0.8235248851736939	0.8948927554241113	active
13.689059504379655	0.05387093182650049	-1.0741542527504835	0.42086707901196	12.368421052631579	521.6180000000003	1.0	3.3870607880719774	1.9108571812048605	174763286.4380883	78.26952302666785	46.566120194344684	126.66	3.0	4.396100000000002	0.36418561763998214	0.0002753953141259372	0.9437478135247014	1.5581910835151707	active
13.735575469704258	0.03173674862531173	-1.0783241475602596	0.32870056997256974	15.461538461538462	530.5560000000004	1.1538461538461537	3.675168908881867	1.4368494714598217	1221269918.5403326	108.35221214156022	47.644803223284136	106.79	5.0	4.123400000000004	0.4214664369481365	0.0002878420590076834	0.9263724958800458	1.3610965996921822	active
13.466678307546363	0.059824106125165644	-1.0212018665490892	0.5285638164691997	20.305555555555557	506.99000000000035	1.0	3.5994758210857336	1.329275440320441	253357355.6657013	71.51070849635735	52.90287302717395	100.63	5.0	3.854200000000003	0.1434366926358036	0.0001311153539879307	0.6791912384064748	1.4616678289779519	active
12.420300506004871	0.2179469009826156	-0.45021871011183756	0.673754114403104	10.538461538461538	371.80000000000007	1.1923076923076923	2.6404712636366527	1.6554532229005248	836984.5025613371	69.47082543225503	26.168615641054533	78.72999999999999	3.0	2.628	0.3569238588372579	0.00061044692421049	0.973033922472222	1.4202337021613562	active
14.15296658478206	0.0042779982363314595	-1.0969768046107333	0.600937496253518	25.37142857142857	490.99100000000027	1.1714285714285715	3.4422953681424144	1.3816265464354336	171767206.72839013	65.44434142789574	65.42590585866236	74.77000000000001	6.0	3.8522000000000025	0.17949822916862448	0.00020280224719629986	0.7896259809940559	1.2682388107258145	active
12.783679567840615	0.2399389408541195	-4.52866655402401	0.7460193644944909	15.11111111111111	400.744	1.037037037037037	2.5896799466292655	1.6998648901772135	819633.7031081625	61.38356573553234	36.98611508385228	85.88999999999999	3.0	0.9560000000000004	0.6112559757916065	0.0007004960910345681	0.9448883080487713	0.8789268677466199	active
14.168534419963613	0.16411623166313483	-0.9553371549247549	0.25744489721733177	16.121951219512194	568.0370000000001	1.0731707317073171	3.488786160454054	1.2481117533147248	3118124121.8285594	107.2945092630522	44.71443961446914	137.05	6.0	4.016600000000002	0.1762387117341835	0.00011104760399850722	0.7214300716237306	1.4635219834160804	active
13.287534687518	0.13366132551377818	-0.42257532333921266	0.4469103887987044	14.96875	445.9060000000001	1.15625	2.8272979442934583	1.4219286547764869	31442968.516459964	89.46784713128051	22.48201873575884	73.34	5.0	5.3670000000000035	0.20775707463163054	0.0002801687627786096	0.8521885573300609	1.087306145464404	active
13.743172634794659	0.058678790122138835	-1.0125050652977243	0.4494725528477281	11.8	473.5730000000002	1.0571428571428572	2.865306818031047	2.0816009076346553	47613238.92185824	90.77284953320702	31.017933062205287	80.76	3.0	5.295300000000005	0.2566424398439812	0.0002157854445201408	0.7752453586168504	1.1119225368145345	active
12.154874811035526	0.08757432602670678	-0.08757432602670678	0.7914090985550767	10.523809523809524	296.75700000000006	1.0952380952380953	2.4739761554776227	1.8039060510745442	80913.86414105113	71.51070849635735	10.891158250298714	41.99	3.0	4.069400000000003	0.5347776344491117	0.0011038824803868096	0.9128214632972861	0.884056800569061	active
6.458465136054423	0.6291590031074157	-3.464929138321994	0.2664138311940485	10.941176470588236	502.1820000000002	0.4117647058823529	2.8926898598701207	1.420297073739945	132340838.78728457	109.58603674176342	32.263693231674466	66.36	6.0	5.852900000000004	0.1464205864564344	0.00020183312833970502	0.7643254748176839	1.590394847355229	active
13.345577286470142	0.28223985717131406	-0.8636404006046867	0.7175562062259577	15.448275862068966	404.85700000000014	1.2413793103448276	2.728281205789842	1.7415727411289599	4695682.979221778	71.00779291959275	28.24300411641327	86.09	4.0	3.866380000000002	0.25786909083713067	0.0003315143636077993	0.7873403489931587	1.1244778972472855	active
13.397868881559358	0.00687447509868111	-0.00687447509868111	0.4434115362671799	14.129032258064516	431.5650000000003	1.0	3.484519824710764	1.3996962841955873	30224836.464175556	70.92088064878332	33.990562380277744	54.260000000000005	5.0	4.716500000000004	0.1420971494631236	0.0002657864590973878	0.796226147513752	1.3886689726435992	active
12.68868184069671	0.11782779187202896	-0.1327885309886121	0.20082714286431413	12.307692307692308	676.7320000000001	0.38461538461538464	3.961461658816686	1.4841612924377396	1360221463128.0676	144.1030533486261	19.935914083788834	149.6	9.0	7.232800000000006	0.16288885166829356	5.62718456259971e-05	0.577996786896377	1.2604108349537169	active
13.34396726977828	0.09503257012681621	-3.4182117003583907	0.6470725239676239	18.566666666666666	443.9120000000002	1.2	2.6984352602824884	1.780347848279236	4489416.425319839	64.94142585113113	38.016660553403135	105.22999999999999	4.0	2.9315000000000007	0.2405505032123524	0.00027746496887052336	0.7600526177411278	1.1148867189414557	active
11.647777305366592	0.29698176492819384	-0.6274817334341141	0.9351185847480156	9.789473684210526	278.695	1.3157894736842106	2.3849239006378404	2.045484938792533	21330.759367304843	47.74815579927553	18.187016133163155	60.45	2.0	3.3545000000000016	0.5770375396180389	0.0012098275402860404	0.8889891141781748	0.6807419226797198	active
14.221099315146935	0.03579428067523294	-1.122084829302091	0.5348239312286835	23.605263157894736	535.0440000000002	1.0789473684210527	3.487648595509741	1.287574932628145	840467397.5355644	65.44434142789574	78.63966978768819	84.0	6.0	3.8704000000000027	0.4018779099208513	0.0003182247371511242	0.8885610218731276	1.179970525500789	active
13.010912226001512	0.12127645502645534	-0.2574287840136058	0.6444924499582572	21.884615384615383	364.83200000000005	1.1538461538461537	2.9867132645377037	1.615706173212128	1737974.4220610189	65.44434142789574	24.042796620724207	42.43	5.0	4.345400000000002	0.3826181125061366	0.0005647558552204045	0.8462344781218071	0.8249255021430617	active
12.321811539430588	0.09421039094650174	-0.09421039094650174	0.7767809622444682	10.625	339.826	1.1666666666666667	2.541675095213167	1.8276131426514224	282896.0631225111	65.44434142789575	24.986502215653093	45.230000000000004	3.0	4.135400000000002	0.5502305540291172	0.0007596144507397908	0.8926140970842774	0.8375688748117311	active
14.238559382086166	0.0022898303796570207	-1.1939443709582604	0.3870163427065876	17.477272727272727	605.6920000000002	1.0681818181818181	3.651201812476547	1.7151617825969814	3740125342.929074	78.26952302666785	70.0840580068079	144.17	4.0	4.422400000000003	0.13701182416306407	0.00013006606201237657	0.7356894541232267	1.4799870784703746	active
14.27311949374564	0.13709927748618145	-1.6586044273676543	0.15996214533866898	12.571428571428571	713.1370000000001	0.6326530612244898	3.64951617863593	1.4768323452310637	96733969998.6043	82.43355151048074	83.47316202018102	132.48000000000002	6.0	4.990280000000005	0.15347836213503618	9.769711415146622e-05	0.8010785480430627	1.5651257485282806	active
13.855892542202064	0.06604929854355768	-1.0565153638615945	0.4959687445211722	14.76923076923077	533.6290000000002	1.0769230769230769	3.3780166904829447	1.6408142272471375	273458882.6242538	78.26952302666785	57.507870754343124	117.87	4.0	4.490700000000004	0.13064367803943533	0.00012529025994538695	0.6704158049978807	1.325342828546713	active
12.717849740969502	0.1456932634164776	-4.4245649671012695	0.7715264503890514	11.458333333333334	330.309	1.0416666666666667	2.5446545257272737	1.7847508674913666	262287.720584813	72.05152667431304	10.891158250298714	41.99	3.0	4.434800000000003	0.5272338072832592	0.0008292510432926921	0.8874447816031806	0.8601144125840132	active
12.455800264550263	0.14224741748551262	-0.14224741748551262	0.7452340195112266	10.583333333333334	340.81000000000006	1.1666666666666667	2.582498504866879	1.8227862712084473	341711.03716697573	65.44434142789574	17.49804021481163	51.22	3.0	4.468100000000002	0.462185998108675	0.0007407435206373479	0.8668415343209862	0.8667981908689496	active
12.127097033257746	0.1275743260267066	-0.1275743260267066	0.8051952011122818	10.523809523809524	297.745	1.1904761904761905	2.4739761554776227	1.8039060510745435	80913.86414105113	65.5748179310472	15.875136771245923	54.88	3.0	3.4644000000000013	0.5089450976645805	0.0009740318996718052	0.8736725413716996	0.8409119935658675	active
12.823254440665153	0.11447247417485484	-0.3829459561602422	0.7636273630461434	16.625	338.79400000000004	1.1666666666666667	2.618268846805819	1.671537733758154	497240.67323458666	71.00779291959273	17.49804021481163	51.22	4.0	4.1407000000000025	0.33925999590988415	0.0006735721458317948	0.8975392114936059	0.9251010976547176	active
12.747324735449736	0.1928705616773796	-0.5045719954648535	0.7520927202488422	16.541666666666668	340.77000000000004	1.3333333333333333	2.9792599061792564	1.67039571555388	511488.27847257326	64.94142585113113	27.973195566532247	75.5	4.0	2.4533999999999994	0.23937153931332475	0.0005359781242092631	0.8771044841337591	1.1759250076807308	active
13.977698885109598	0.10325941847932607	-0.8576949610865696	0.46063505183671477	15.0	460.8770000000002	1.1818181818181819	2.82227252108471	1.6349682116439037	41095031.15588387	98.04272115260495	17.49804021481163	104.77	5.0	2.6225000000000014	0.3389693761982432	0.00037789918093322934	0.8210197623023159	1.0894049361199567	active
12.10641723356009	0.039660493827160304	-0.039660493827160304	0.9288748196030473	14.05	286.76200000000006	1.35	3.2328505294641103	1.6989769990967059	83627.3774961776	58.87505878266952	10.891158250298714	41.99	3.0	3.7936000000000014	0.4451091725738716	0.0010081407639367962	0.8819349014375306	0.9567260348352485	active
13.594689114071556	0.030189450008398344	-1.1476917989417996	0.5328129463335457	12.970588235294118	464.5220000000003	1.1176470588235294	3.362781129439928	2.1232176236377476	35747116.66891943	78.26952302666785	40.903260158974774	114.63	3.0	3.432900000000001	0.10230007905635792	0.00026344772507773737	0.9528290596618839	1.3595614074620044	active
13.429836881926526	0.2585857198412813	-1.0220274838330397	0.43049985648518563	15.82857142857143	488.93500000000023	1.1428571428571428	3.5179856334124837	1.365645177516991	142878617.16289133	89.46784713128051	38.394474113615445	110.5	5.0	3.6109000000000027	0.21342515634876966	0.00017858434290125082	0.6916144942413817	0.9655182972692985	active
12.480634640832152	0.13507314499874012	-0.733935290165449	0.5921416029098349	12.923076923076923	362.4700000000001	1.1538461538461537	2.6278731826683797	2.589544606662072	426840.18531445955	35.89528683400505	30.370261981715398	84.50000000000001	1.0	3.2014000000000014	0.277377720302506	0.0004135582285897805	0.8412825820171933	1.179490434441394	active
12.354011147154335	0.057862470605526184	-3.4169861347316695	0.7859885179120326	18.263157894736842	322.8390000000001	1.3157894736842106	2.825368084584199	2.095079980374041	23182.14513401335	17.512796907389134	55.58913150444779	57.690000000000005	2.0	1.2099000000000002	0.35084001295648265	0.0008738257152106789	0.9197476897603709	1.0697882313412146	active
12.176576199924414	0.057370244394053804	-0.057370244394053804	0.9145779486613005	13.19047619047619	301.7770000000001	1.380952380952381	2.4739761554776227	1.7312437002469676	80913.86414105113	52.80869171420791	17.43591465621129	54.02	3.0	3.274300000000001	0.5143909085048259	0.0009387894780764976	0.8773549952541988	0.8816880045776382	active
14.14376693404707	0.1383631346056935	-3.198542292464503	0.4590673794348004	19.846153846153847	559.0130000000001	1.1282051282051282	2.9342960424640867	1.417808791446433	558111323.3055882	65.44434142789574	83.56475996287519	95.0	5.0	3.709100000000003	0.3887800827526771	0.00023421524854089462	0.8400501292761107	1.2123881096566387	active
10.999678646427197	0.03264711910297202	-0.46339274472634084	0.20913561792508084	10.909090909090908	477.5270000000002	1.0606060606060606	3.600520395803793	1.435979765299316	71914050.78924336	94.86781408079244	24.67175283415831	109.11	5.0	5.622200000000003	0.273620516015026	0.00028814917092590876	0.775651890188338	1.1471607753300324	active
12.670476662887376	0.12113914084152144	-0.37252928949357567	0.7747547433722919	15.956521739130435	324.767	1.2173913043478262	2.9803806418380736	1.6538900128944876	351726.64106587844	65.44434142789574	17.49804021481163	51.22	4.0	4.002900000000003	0.252460574626837	0.0006276176354439286	0.8713511222595167	0.9422022488581722	active
13.261262113290883	0.14084262464368402	-1.0249518665490893	0.5147981396171999	14.088235294117647	480.9520000000001	1.0294117647058822	3.3782637080356848	1.447401346017982	67331363.18156931	71.51070849635735	53.90870418070319	100.63000000000001	4.0	3.3232000000000017	0.29051494247679704	0.00025125139196553004	0.8377628108170018	1.2052750052010688	active
13.74297234676699	0.14335951445442596	-1.512689673091459	0.47707302768293997	17.25	526.4240000000002	1.0833333333333333	3.641774128503709	1.4102428116866452	208339750.57696828	70.46697474163707	58.30538200057493	94.64	5.0	4.411700000000003	0.10895618533005545	0.00011603211015409092	0.6723639934266011	1.5356354651664454	active
13.537747543461828	0.09271674972515842	-1.1071331464684648	0.455630916056678	11.75	484.5750000000002	1.1666666666666667	2.859936548636218	1.984594664725258	70989791.16034979	107.7169733576469	23.343094385562793	86.09	3.0	5.009080000000004	0.1058787797250768	0.00023743870656145195	0.9387966186311447	1.6711606956067875	active
13.030287943511247	0.11482200596287861	-0.38234578273227027	0.714208250522692	14.407407407407407	362.4090000000001	1.0	2.7245904945004495	1.5315319450562694	2062852.8535581583	70.51455918697532	44.09591262512981	63.95	4.0	2.1281999999999996	0.45094440544599884	0.0006731226627925548	0.8948765304655364	0.9504528221882755	active
12.76641545471216	0.22531026916939623	-4.417634159027853	0.5233468611970812	11.958333333333334	328.293	1.0	2.5860646416265873	1.8976414058718136	278146.7685947892	77.75510770753375	15.751201988259357	42.85	3.0	4.544700000000002	0.687566935849599	0.0010108527645223194	0.8949071119359862	0.07585834685695304	active
11.64492689469421	0.024603909465021	0.024603909465021	0.8013179510096495	20.57894736842105	301.217	1.4210526315789473	2.3790717991722508	1.9323202728246556	19865.249523088292	34.85155307928476	47.26311268290849	23.55	2.0	2.6115000000000013	0.3343345123543439	0.0008376755599091885	0.9131401560544179	1.2212835283994345	active
12.556232993197279	0.05748456790123413	-0.25735544217687134	0.9227468239566763	16.761904761904763	302.761	1.4285714285714286	2.4853673622974095	1.8673762978306383	76345.51463505182	52.80869171420791	17.49804021481163	51.22	3.0	3.5482200000000015	0.2798396145929218	0.0006752570033641719	0.8018727143336819	0.8887500398574738	active
14.276213584971021	0.005401077097505924	-3.78018719792146	0.47891583616568845	23.13888888888889	541.4600000000002	1.1111111111111112	3.5516571346710535	1.4463774856673237	214071388.77836582	69.96405916487245	42.456537644495825	94.37	6.0	4.665480000000004	0.3152657617829075	0.0002287640349466545	0.790511978538394	0.8465963351623372	active
13.686743843753451	0.08622035700852737	-1.0770001889644745	0.3666181777054298	12.114285714285714	471.5320000000001	0.9714285714285714	3.3861278832697193	1.812269928698821	84540073.3214187	114.15762620371889	16.79833797965022	75.44	4.0	6.138000000000005	0.1768031203964996	0.0001462302371230753	0.6300860973149127	1.0422684809227774	active
13.611580963403881	0.07447767608835698	-1.034491685563114	0.48117551682885906	12.411764705882353	466.53800000000024	1.1176470588235294	3.376639547094336	2.0765633860126527	40839942.072894834	78.26952302666785	48.83669471840028	106.79	3.0	3.4903000000000013	0.14607288853795528	0.00022924260611842636	0.8558199070474509	1.3240961834983076	active
12.387296390778534	0.27714443184681326	-0.4359982224065011	0.695923552445553	10.44	337.355	1.08	2.642008004386403	1.6462051333496743	583355.3673685178	70.51455918697532	26.168615641054533	78.72999999999999	3.0	1.9746000000000001	0.6223879160682789	0.0009672443141099159	0.9341077090831732	0.9167299827185605	active
12.139249811035524	0.10798248929201293	-0.10798248929201293	0.8051952011122818	10.523809523809524	297.745	1.1428571428571428	2.4739761554776227	1.8039060510745435	80913.86414105113	65.70529443419868	15.875136771245923	54.88	3.0	3.4644000000000013	0.29737380070464403	0.0006481007038486098	0.7830790248448767	0.518753006749568	active
14.214795288485764	0.06369449168556263	-1.2053272628495844	0.4274618385964765	20.89189189189189	516.9690000000002	1.2162162162162162	3.6143855459149794	1.3902521147141844	542946671.5326428	71.26874592589566	50.26063479318313	124.3	6.0	3.443200000000002	0.31785772194037754	0.00028183892196081376	0.9081431957644914	1.5069107713513206	active
12.039500661375662	0.09914840010078074	-0.09914840010078074	0.803302402185066	10.65	285.734	1.25	2.8210023287744006	1.7589737347978533	58939.201655083554	65.44434142789575	15.291852856560507	46.400000000000006	3.0	3.1689000000000007	0.6364777564585439	0.0014799944221635711	0.9011187674705564	0.582137902876295	active
12.823254440665153	0.11447247417485484	-0.3829459561602422	0.7636273630461434	16.625	338.79400000000004	1.2083333333333333	2.611582360660766	1.6683265371901423	482583.8580970603	71.00779291959273	17.49804021481163	51.22	4.0	4.1407000000000025	0.440166742516067	0.0007663328555001684	0.8855642303543296	1.0140720790548927	active
13.241708238851096	0.03241307634164792	0.03241307634164792	0.5058822132122779	10.851851851851851	373.48100000000005	1.0740740740740742	3.2043713576075405	1.6602711003920962	2696773.299591645	88.6360567132448	15.875136771245923	46.09	4.0	4.7756200000000035	0.18175707845287273	0.0003026882780171907	0.7259217539356159	1.2617159314163362	active
13.644629695676098	0.031231959987596758	-1.14738567649282	0.49134613016483425	12.5	492.5760000000003	1.0555555555555556	3.3457151825413285	2.0339163569767624	66248907.81532275	78.26952302666785	39.897429005445545	114.63	3.0	4.213100000000003	0.29804998742234906	0.00033713045225701856	0.9873020180089382	1.3484561938612583	active
13.449658289241622	0.056375425170068105	-3.7768487205552055	0.5542211443498137	20.441176470588236	520.0320000000003	1.1470588235294117	2.767720959345468	1.4409359188118236	33483417.653598383	71.00779291959273	55.83528543640576	113.50999999999999	5.0	2.8005000000000013	0.1694137217621816	0.00019214757200094185	0.7695303021003156	1.0144701812561059	active
12.032000661375662	0.11535210380448446	-0.11535210380448446	0.8039955005520371	10.65	285.73400000000004	1.2	2.8210023287744006	1.7589737347978533	58939.201655083554	65.44434142789575	15.567260691194122	46.92	3.0	3.0025000000000013	0.618704083035646	0.0014422201553362793	0.9377728242383828	0.8542811783143459	active
13.746859479839278	0.05284139928800835	-1.0626158457210055	0.2935803288603398	11.615384615384615	524.5560000000003	1.0256410256410255	3.675168908881867	1.4563152364301086	1221269918.5403326	132.37571784494497	38.10755764995622	106.14999999999999	5.0	4.2005000000000035	0.25329095973338966	0.00020816999636087186	0.882781742780555	1.468503391210189	active
13.66157789186356	0.040417605958055214	-1.063984998320316	0.3772590908331365	12.108108108108109	501.5620000000002	1.054054054054054	3.420894717388939	1.6941281527867826	221547596.15236405	107.4557047104407	33.65642089981369	101.22000000000001	4.0	4.648200000000004	0.41220599760794274	0.00034527991573753917	0.9480114697116467	1.4126469242902384	active
13.849957719198787	0.016921301827281132	-1.2237535168388345	0.3345482651152302	12.025641025641026	531.5880000000003	1.1282051282051282	3.461399225458791	1.7568740025133744	546680614.1830211	101.91340599948545	40.420848968734745	110.44999999999999	4.0	4.656800000000005	0.10097979167414904	0.00018791015967227977	0.8948215046119765	1.6014272708584671	active
13.144875755857896	0.23174288233812002	-1.171458242379358	0.7326384338451372	16.535714285714285	394.83800000000014	1.2142857142857142	2.6722777599372542	1.6681709474130182	2574183.7879254776	71.00779291959275	34.84988608092619	85.36	4.0	2.176	0.3946655034006015	0.00039205331090148225	0.7765615295255626	0.7348300242000232	active
13.254838096778784	0.08414671322512612	-2.57864041543243	0.5568276740720394	17.03448275862069	412.8670000000001	1.1724137931034482	3.313241200725306	1.5016042019485192	4848305.607915749	82.63761147975137	16.81368741839329	41.99	4.0	6.0142200000000035	0.28091472256260014	0.00021588851204755346	0.7061469928405438	0.8449768147277	active
12.175577758881332	0.14945412887377185	-0.30727399498894203	0.8078207402391047	10.590909090909092	311.748	1.1818181818181819	2.5006227578041504	1.864752731860365	119527.26720028059	65.31386492474428	10.891158250298714	65.05	3.0	3.1430000000000007	0.5083190256847672	0.0009350381414771325	0.8925588556359692	0.9081600609244248	active
12.895473828420254	0.32545668280065865	-0.8183008944318473	0.6810910306498091	17.2	372.21100000000007	1.0	2.911789912673773	1.7749048775242549	740468.1747929405	70.46697474163709	16.922272762636787	62.300000000000004	4.0	4.339100000000002	0.5360054557381555	0.0008279412118142997	0.9269167094753274	0.6830536177422182	active
13.515766920194004	0.055792216734191324	-0.967367724867725	0.5428314528348926	12.25	436.51200000000017	1.1875	3.3207085473586675	2.08904581469753	16194378.312421992	78.26952302666785	42.04375241230046	97.56	3.0	3.517800000000001	0.13017008497130103	0.0002886794271568902	0.8697195727802518	1.368088462601018	active
13.472210625807307	0.2015784832451506	-3.6881607507685232	0.6093617169945807	15.3125	452.5560000000002	0.90625	2.7648323275209883	1.5938980974094834	12559582.627643391	74.56926394837846	49.70912805947745	88.86000000000001	4.0	2.537580000000001	0.2771393850736573	0.0003487035706760975	0.8992280649311281	1.4779568647333028	active
13.701068594104308	0.1394565183315788	-1.5166918619299574	0.42665210942694687	14.205882352941176	496.35400000000016	1.088235294117647	3.435203159580609	1.5163631875252206	72923220.93464701	82.22726980494714	33.18570468760936	98.14	5.0	4.414400000000002	0.2035408093699997	0.00018170202003776577	0.7648538842362996	1.4080147152594835	active
13.687525091504861	0.0002015341260470649	-0.501664814358475	0.3269197904185625	11.0	471.9230000000001	0.9705882352941176	3.2783119669771548	1.4697780058370282	92994695.37493284	107.65976467971133	25.885028089399803	63.910000000000004	5.0	5.519200000000005	0.21367462998516298	0.00012929162739819326	0.6339140196878056	1.0416299046603525	active
14.123486283992026	0.14166090446483603	-0.913581294981006	0.3518332799934112	20.710526315789473	533.0320000000004	1.1842105263157894	3.6143881156193727	1.2465277222087965	918389772.4923869	77.33511299435727	51.747514812086514	103.19000000000001	6.0	4.1075000000000035	0.18754417309612265	0.0001554339377936929	0.7132988989353756	1.1850437636734101	active
14.1801425337329	0.03860697240387556	-0.9062184948589169	0.31511050395860773	18.525	556.0660000000001	1.1	2.9770262681074784	1.2393615363674098	1697169999.6077547	95.2732611934392	49.58424556781343	95.59000000000002	6.0	4.273200000000003	0.394164969590835	0.00021061656383104943	0.8498741622268542	1.1625157948335259	active
12.253293020912068	0.11353266460905331	-0.11353266460905331	0.7856750944674604	10.521739130434783	326.783	1.2173913043478262	2.5420587074780028	1.8185142127509213	199798.1882316486	65.44434142789575	18.000955791576246	51.22	3.0	4.078000000000002	0.40258097164288414	0.0007198637852037434	0.9101336958323565	0.8701678388855317	active
12.257619257579575	0.12482819979843773	-0.31810389896699376	0.8070844162985553	10.590909090909092	313.7440000000001	1.1818181818181819	2.5024382232985456	1.8230061577380083	120297.21027040768	75.79814550701958	15.567260691194122	63.99	3.0	2.3627000000000002	0.5413977082923712	0.0010052254659227357	0.9176768318624928	1.0012007418849582	active
12.348392268978383	0.04448805738949746	-0.07108389300059303	0.21138619670065883	12.911764705882353	591.4790000000003	1.088235294117647	3.5559323182876623	1.275340854920162	79140338.9571503	56.422438217615344	52.98518663808477	111.28	4.0	4.746000000000003	0.11159189497528536	0.00011546551432147569	0.7687505036347905	1.66861198204431	active
12.97165741105135	0.08327674897119319	-0.3659596571668515	0.7289068075429675	15.307692307692308	346.4100000000001	0.9230769230769231	2.6798832676205477	1.4817860731853647	1317687.883155953	82.14437774713393	41.88602481470276	54.720000000000006	4.0	2.1151999999999997	0.3270739516784916	0.0005831920975507551	0.9310652714749031	1.1802893699523758	active
13.566780592268284	0.05460559810251775	-0.9528410808767955	0.4966146440144949	12.242424242424242	450.53900000000027	1.1818181818181819	3.3479020052387445	2.051633077239168	26450086.40078068	78.26952302666785	42.04375241230046	97.56	3.0	3.9079000000000033	0.08990608141829076	0.0002053325657917856	0.7697562854085737	1.3451461884116154	active
12.859888569922457	0.1082627831256977	-0.1082627831256977	0.2977052810603712	11.0	465.9840000000002	0.8823529411764706	2.839110898409893	1.342028891598996	70295897.51755442	113.47236239882403	17.938830232975903	45.230000000000004	5.0	6.859000000000005	0.2229993787011332	0.00020542053250106011	0.7413305123142502	1.021612178146445	active
12.663654415469892	0.021886993995129167	-0.39987575585789803	0.7909659087002993	10.416666666666666	324.3400000000001	1.0416666666666667	3.0259274803419305	1.9758115472343927	420119.7713706736	54.09438803938988	34.8912380763	92.26	3.0	2.2329999999999997	0.40887945840071094	0.0005612481810339186	0.768005032812595	0.480752730720823	active
12.365429557548966	0.1453820613542829	-0.933757317541241	0.8072635459408661	15.5	366.20400000000006	1.0416666666666667	2.5583121838100777	1.6987736173065358	266964.99300494924	66.40619904927367	23.896602272027135	82.64999999999999	3.0	1.6480000000000004	0.13578865621345237	0.0003298420654767884	0.6761129173865803	0.9972750371010408	active
12.450264926443829	0.0026859112986761247	-3.3531898384353735	0.7816450792200366	17.476190476190474	330.8370000000001	1.0952380952380953	2.7326642299732415	2.022232793644803	57331.295544838606	35.89528683400505	55.58913150444779	57.690000000000005	2.0	1.2895000000000003	0.522324833165549	0.001016033749495375	0.9394231545508194	0.8627990992814084	active
13.34400888133031	0.19442950051836516	-1.4297744630259515	0.6132997278568318	12.96551724137931	432.30700000000013	1.103448275862069	2.6995141040040322	2.010394184901971	2831790.29510023	70.46697474163707	30.51501748544067	80.32	3.0	4.158100000000003	0.2189256705673577	0.00026549400580555945	0.7740739128994416	1.282696975985399	active
12.491839101331692	0.09748004680905065	-0.16613271239012395	0.6058624024119347	18.17241379310345	406.9130000000002	1.1724137931034482	2.6738405342948504	1.514097986777761	3102371.6090452173	82.63761147975137	17.49804021481163	51.22	4.0	5.5271200000000045	0.42309625226003095	0.00031675225238658977	0.8234958428270086	0.9533429009791466	active
4.125246126228269	0.8021787603930464	0.8021787603930464	0.5657553515126612	10.0	203.27	1.0714285714285714	2.2924875731149372	1.9574758959875322	2714.3052865680856	48.54992698353412	14.951935562841626	38.67	2.0	2.1639	0.34293627147936656	0.0018292655050459864	0.8189621145916841	0.7035171097934402	active
12.225638699924414	0.1472903806584358	-0.1472903806584358	0.794183462450602	10.26086956521739	321.767	1.2173913043478262	2.5420587074780028	1.8360781287032109	199798.1882316486	71.00779291959275	10.891158250298714	65.78	3.0	3.941080000000002	0.5694352613341702	0.0008894672763477473	0.8950391791876763	0.831313357252769	active
12.124428382464098	0.09669186192995705	-0.09669186192995705	0.8046301142264363	10.761904761904763	299.761	1.3333333333333333	2.8096649860028595	1.785022978534662	82584.48293358205	64.94142585113113	15.291852856560507	46.400000000000006	3.0	3.4773200000000015	0.5736244961624827	0.001117067593977153	0.9119400522969919	0.8533514240067069	active
14.097552939659945	0.12026533761652791	-1.231837627026119	0.4264882163062363	27.07894736842105	535.0000000000001	1.105263157894737	3.4597560623823274	1.2773649410481884	475724332.982368	65.44434142789574	48.06508885492383	132.64000000000001	7.0	3.0880000000000027	0.31265744085897673	0.00019366514001900267	0.8321760018074874	1.0007150947122279	active
13.288644690602649	0.26523603811507734	-5.408282918571288	0.11757442386923869	13.0	866.8460000000001	0.43103448275862066	3.0944442113744937	1.3012734820664704	1399919185138.4043	83.92330780493333	51.88218743207721	376.4	6.0	4.035640000000002	0.5224634083573234	8.864594031687387e-05	0.8856325542475664	1.3660822019671457	active
12.806865551776266	0.3091016313932984	-0.8516959561602422	0.7508030441362336	11.76	353.8090000000001	1.08	2.595523431524821	1.932810162034874	483888.6243860354	71.51070849635735	16.79833797965022	71.09	3.0	3.704100000000002	0.4360633495285359	0.0006420774139377787	0.8950018180144133	0.8899853781570806	active
14.50315562376236	0.010524560443287756	-3.7930339517085936	0.38913726055473274	21.829268292682926	594.1370000000003	1.146341463414634	3.6383816166725236	1.368761545993116	2115099628.4368618	64.94142585113113	74.60342971112617	106.84	6.0	3.952480000000003	0.14610848753378136	0.00016346917711863445	0.9138444140291726	1.7809221326581286	active
14.22531756030899	0.02537753527336828	-1.1765706884605693	0.40712129362494864	18.71794871794872	544.015	1.1794871794871795	3.389676951156335	1.325831645726035	1155140999.2386208	77.34476603272955	61.60189742159472	115.13000000000001	6.0	3.7767000000000026	0.2829469419281108	0.00017282299605659017	0.778809958371619	1.0932169592112277	active
12.950632296128328	0.03627763605442147	-0.17278325424820107	0.699227412413045	14.73076923076923	365.8200000000001	1.0384615384615385	2.6662334650389923	1.5679822630337672	1197704.067297096	71.51070849635735	41.33251692823842	53.510000000000005	4.0	3.377200000000002	0.2285790597569852	0.000430952743492144	0.8093347049960936	1.1193310717163123	active
11.989752771478962	0.019658210506425355	-0.027710380448475513	0.6844362389184467	17.38095238095238	300.789	1.2380952380952381	2.526615272194947	2.0355474487885843	82013.93173544799	65.22129102278387	23.231849311084897	46.33	3.0	2.981700000000002	0.18816315482781074	0.0004405517261358436	0.6811870570695586	1.0833633432866225	active
14.275689064205928	0.0750180705593464	-1.3405903958805747	0.39391539120964403	20.025641025641026	543.9910000000002	1.205128205128205	3.4034587244860104	1.4070014541214582	1018346863.2989768	83.15951749235721	45.23812875446029	141.60999999999999	6.0	2.728300000000001	0.14168255377447547	0.00013627489040636957	0.6868817807256603	1.2275363478437624	active
5.294334609494241	0.08211514343774429	-0.08211514343774429	0.11783105826800559	10.0625	239.30800000000002	1.25	2.24552472640308	2.604264374830468	3350.3228917933952	24.26546827384644	11.127206338321884	125.98	1.0	-2.1944999999999997	0.5141562638139768	0.00175198786717065	0.9177953988349612	0.9260044666250005	active
13.2817021499958	0.3055648468659067	-1.1499229444864374	0.42209057722113513	11.705882352941176	497.3180000000001	1.0588235294117647	2.8096177559421225	1.6227948373362393	40636024.19309352	103.5682700431109	21.365437627441572	124.26	4.0	2.5169000000000006	0.13818876563364252	0.00025016423262699757	0.9284446604372546	1.5493555661796747	active
12.234629629629628	0.09044028722600128	-0.09044028722600128	0.7497925260904745	10.136363636363637	286.33400000000006	1.1363636363636365	2.551138689578221	1.7997728140683686	143277.05108409206	72.05152667431302	10.891158250298714	41.99	3.0	3.3973000000000013	0.525846118982016	0.0011232526512861315	0.9161409865708509	1.0020893247392766	active
12.901112056797515	0.01293361750883415	-4.469355320331466	0.6877678143965636	18.033333333333335	421.3790000000001	1.4333333333333333	3.189842094769518	1.6494876682100994	4917132.0195609275	47.544095830004906	44.18958080620814	101.11	3.0	2.4639800000000003	0.6294258225371195	0.0006486266122295017	0.9242544705290341	0.9077260066047828	active
14.311446811749391	0.07930193145610587	-0.9684199420508952	0.28677224397945333	15.05	540.6390000000004	1.05	3.507727959191176	1.4997677469649302	1292284919.7516358	113.9156636332572	39.77173904327306	79.54	5.0	6.300500000000007	0.33747303896037817	0.0002779842669625903	0.8960018845533012	1.304303356680575	active
14.123336329608875	0.05011081400800821	-0.9638969854917274	0.3448476656665354	17.973684210526315	529.9840000000003	1.105263157894737	2.929485549590279	1.300887473841111	613581469.0151292	83.27100355966743	41.540836835535835	114.47	6.0	4.062900000000003	0.27528001426597754	0.0002105558343175272	0.8476634182735738	1.2478153236868377	active
12.847243456679092	0.00947798563870017	-4.5471295938409035	0.889486535263782	11.916666666666666	339.325	1.2916666666666667	2.8755356440519746	2.3452164084408804	158344.24577536603	23.65106662977161	26.79611376801783	91.45	2.0	3.0443000000000016	0.3643957351267711	0.0006940981941142248	0.9128544519343393	1.0363930127634617	active
13.15695167058593	0.03144512946235478	-4.169207185288832	0.49891825531181555	16.484848484848484	524.4310000000003	1.0909090909090908	3.3649421604664282	1.632931994099753	33012141.938777868	80.56913237655507	55.79215474171532	101.75	4.0	4.070100000000004	0.1423028593335142	0.00016391357999688986	0.7254197093115539	1.309809427995406	active
13.559485067576926	0.03424160186087488	-1.1316543839758133	0.5079750236724464	12.0	464.5220000000003	1.1470588235294117	3.3588694465066076	2.067781595704499	38332815.413223155	78.26952302666785	40.903260158974774	114.63	3.0	3.4345000000000017	0.26702992289854666	0.00034342508528942696	0.9555040956706092	1.2844106322984574	active
14.318778673927483	0.1238138041411847	-0.9120340450995212	0.3495148803173635	18.825	561.0860000000002	1.125	3.256081747104529	1.3213991580153133	1742997204.3149455	76.70172091444121	60.12655810502142	93.54	6.0	4.215520000000003	0.18186500643706677	0.00016449640537913256	0.7972703997824669	1.2397886160249116	active
13.343570050101038	0.05018331177762869	-5.43781069418114	0.10676011790295757	12.833333333333334	898.8440000000002	0.45	3.1490588904047425	1.3410872769646487	4096122989655.729	72.79640482153933	66.10178251463226	394.85999999999996	6.0	3.4360000000000017	0.26625734584345795	6.741119457242375e-05	0.8528047017509872	1.8563485294588369	active
14.131802747333502	0.03023488351788539	-2.5826540629045427	0.49502912040384534	21.405405405405407	529.9710000000002	1.1891891891891893	2.888679464773208	1.5303665886244646	244294622.8527754	65.44434142789574	60.53093558395917	80.76	5.0	4.819900000000004	0.14536705458784685	0.00019261738810465008	0.8620558732455998	1.3340490488690608	active
13.258058075081884	0.2105208333333335	0.2105208333333335	0.5060841003389492	15.0	392.56800000000015	1.0714285714285714	3.251415473481213	1.4788508570472292	4978723.4409371605	64.61255100986001	22.335824387061766	33.2	4.0	5.838000000000005	0.16806949449927835	0.00017706745680638977	0.5990626464675215	1.1015834396231445	active
13.716366134672777	0.02672133972023305	-1.1617499311988853	0.3167079494698928	11.871794871794872	526.5930000000003	1.0	3.490049934767437	1.6255057349493869	620936059.238877	114.16480986067292	34.29637819446186	114.63	4.0	4.614800000000003	0.14800353434514987	0.00021925407590833853	0.8946841058836182	1.5778427529616244	active
14.155589707233482	0.018224442554800158	-1.138358774562779	0.49325191352530995	19.783783783783782	523.0330000000002	1.1081081081081081	2.9233024589744216	1.4434475789111718	291739925.8920867	65.44434142789574	77.6422307947806	95.0	5.0	3.4639000000000024	0.25092706936156295	0.0002755038762794678	0.963335245584724	1.5966548624735506	active
11.694853788737717	0.0671352985638698	-0.23265778533635695	0.2862371144515137	46.55555555555556	248.32199999999995	1.5	2.8971926240236776	1.8718855808190114	18095.86512965189	23.801164850570913	23.778288874432143	38.83	3.0	2.7620000000000013	0.15920226796547823	0.000805335952578942	0.7055484584494518	0.8653540335241641	active
4.756018518518518	0.5787037037037039	0.5787037037037039	0.42720022942752706	8.75	148.276	1.5	1.6856161633204378	3.5208600674451374	47.19725257297226	0.0	22.309956628234602	3.24	0.0	1.16	0.2162944886973628	0.0021215692709724153	0.6361323355925922	0.6558465556257855	inactive
13.413797693693006	0.07942066814992543	-0.9623475395923091	0.35218969434333536	11.694444444444445	497.94600000000014	0.9722222222222222	3.4298925515903838	1.3544187916277122	249329728.03556803	107.66694833666536	37.00559291440618	114.69000000000001	5.0	3.9026000000000014	0.19143405917072656	0.00013459426232479305	0.700428733294712	1.2313364428814793	inactive
13.662241433610479	0.009293481668421366	-1.576800280297304	0.42727165314970844	12.558823529411764	493.3540000000002	1.088235294117647	3.2138951096412427	1.7475155229749806	45373404.77387256	87.92119779979562	26.57882272309644	112.69999999999999	4.0	4.430680000000002	0.1331820361600171	0.00012957224071485606	0.6725607985993832	1.4408076205989575	inactive
13.17520809712774	0.10350670823885055	0.10350670823885055	0.6813170466380937	45.92	334.41900000000004	1.24	3.095211836428409	1.5524232297011886	1919093.2428223423	41.478044402446585	48.69113228258427	32.78	7.0	2.0925000000000002	0.19469347053822947	0.0005493833584459343	0.7118762665934116	0.8965257939558389	inactive
13.537957135690721	0.051676658445237056	-1.081717424624171	0.4124092425774893	11.314285714285715	468.48800000000017	1.0857142857142856	3.4261598167526133	1.679901974484071	121413729.93245398	119.72107769541589	23.343094385562793	99.23	4.0	4.432380000000003	0.1233936329621675	0.00016619233499471145	0.6861177835169686	1.435410152730978	inactive
14.339453656571035	0.10358672112737133	-1.0576887621056994	0.27056874581717527	14.577777777777778	613.7380000000003	1.0444444444444445	3.5204537419466373	1.4445020534064161	13412172619.680178	107.4557047104407	76.08490710227792	105.48	5.0	4.188900000000003	0.19777074243934734	0.0001558389441596854	0.9120709575980397	1.8342276907054587	inactive
13.519597033257746	0.09553728898966951	-0.7736324877173093	0.7217725881134042	18.59259259259259	381.8630000000001	1.2592592592592593	2.6864841255330916	1.7738105908296506	1873419.7049405014	65.44434142789574	31.090468603401398	63.25	4.0	3.766600000000002	0.1569809269859131	0.0003931012984876709	0.8165807937034828	1.2768502727758588	inactive
11.912514076103694	0.08295170382967987	-3.3166644227135307	0.7838526158862515	20.9	316.81	1.3	2.454716270439051	2.3106959216524765	29319.131134124025	35.89528683400505	55.30014428204662	57.690000000000005	2.0	1.0703	0.3544072397367506	0.0006953525688970818	0.7954007915770783	0.8807898945105874	inactive
12.539518613000755	0.27613465293524864	-0.431924148332427	0.6894942168033773	10.538461538461538	351.38200000000006	1.1153846153846154	2.643164745636648	1.6933881914181284	838345.7781973039	70.0116436102107	26.168615641054533	78.72999999999999	3.0	2.2830200000000005	0.3271326368734647	0.0006019588027352196	0.9036622552596874	1.2207520546544068	inactive
13.276916650919626	0.08349527941639479	-0.44344954648526147	0.6949663952768478	16.275862068965516	408.8890000000001	1.206896551724138	2.7323285475536863	1.6499276264552347	4555015.739712894	71.00779291959275	41.835432505003034	74.33000000000001	4.0	3.1721000000000013	0.17319082353067453	0.0002453666622608283	0.6960406875155656	1.18897256748397	inactive
12.22498299319728	0.024907407407407156	-0.5730035903250192	0.5423999289187837	10.6	306.32399999999996	1.1	3.1854593216195974	2.0634177228860215	72080.57352960826	61.374997216655075	16.723153149855325	87.11000000000001	3.0	1.8930000000000002	0.23377554054106148	0.0005881015062364546	0.6980046518471117	0.6272543029220292	inactive
13.51316275352734	0.031996422797514024	-1.1314417989417997	0.5503035322166541	12.0	450.49500000000023	1.1515151515151516	3.352491929895563	2.0982194903104436	24198501.309469685	78.26952302666785	41.40617573573939	114.63	3.0	3.0444000000000004	0.007222665788422853	0.00020359952382778242	0.9284832893880779	1.7022143216284282	inactive
13.610431272045858	0.08229422542005782	-1.081713907785337	0.5792202850122019	12.029411764705882	462.55000000000024	1.0294117647058822	3.3518028792331918	2.085798676474387	34328414.2852614	84.07493708882654	48.24552781111916	95.75000000000001	3.0	3.564600000000002	0.17539544455183703	0.00022843159423953849	0.8433930431741169	1.3781745891337787	inactive
13.452903283459325	0.0005010764381254695	-4.592716749725159	0.3609824657534445	11.75	496.46400000000017	1.1388888888888888	2.859936548636218	1.984594664725258	70989791.16034979	107.7169733576469	23.343094385562793	86.09	3.0	4.730380000000004	0.139673604145394	0.0001375486128783017	0.7136054921844358	1.4372487875471536	inactive
13.205152588813302	0.024389644746787953	-0.9565028580876795	0.7351810038234337	23.64	350.805	1.24	3.2037021244380597	1.5629878998191438	1276630.4447588245	71.00779291959273	10.891158250298714	51.22	5.0	4.5873000000000035	0.3235644308710824	0.0004847169570846679	0.7557811182589259	0.6526604956787125	inactive
12.017516061980347	0.09368709057697133	-0.2517328042328042	0.7944538771669135	10.409090909090908	312.75600000000003	1.1363636363636365	2.5342456995710876	1.6837584889409913	136717.48700046103	65.94725700466036	17.49804021481163	51.22	3.0	3.9057000000000013	0.5376981946162215	0.0009970430827938182	0.9174488226049342	0.9114892533189488	inactive
13.691674973230034	0.05375396808609456	-0.9796362433862436	0.38853986421711134	12.088235294117647	453.5420000000001	0.9117647058823529	3.3779561085994754	1.8208339374263145	59297668.4290122	114.4067724311346	16.79833797965022	75.44	4.0	5.998900000000005	0.13488971565712246	0.00018327850664989417	0.7121908654207992	1.307393673772629	inactive
12.074044272801713	0.007276234567901607	-4.285785027662732	0.8857017808864864	11.08695652173913	352.803	1.391304347826087	2.3809237873532596	2.131486862294101	84746.60128705192	62.66976031626794	19.308955234627653	114.03	2.0	3.5268200000000016	0.31444129334975685	0.0004571326350026163	0.811694680617739	0.9769006125053709	inactive
13.311043713781807	0.3818231905046474	-1.1033313911984546	0.44170586553239405	11.705882352941176	477.9080000000002	1.0588235294117647	2.828837748695329	1.6232845699153875	42733639.43202358	104.61200379783119	25.932537275232928	115.09	4.0	2.2448000000000006	0.3311944054428021	0.00020940375279219884	0.737027288315105	0.7816912442032395	inactive
12.043574735449734	0.0916484001007809	-0.0916484001007809	0.8033024021850661	10.65	285.73400000000004	1.25	2.8210023287744006	1.7589737347978533	58939.201655083554	65.44434142789575	15.521259431268165	46.400000000000006	3.0	3.1689000000000007	0.6225619854657956	0.0014492044039967939	0.9410954721803103	0.8611015419138385	inactive
12.508786478038823	0.1246578016473403	0.1246578016473403	0.45406396462781595	12.966666666666667	418.9680000000002	0.9	2.9147546016999986	1.4081703005621757	8653416.73367421	94.50939261037166	37.36509587763034	23.55	4.0	5.7815000000000065	0.4869094779070706	0.00045818507562312674	0.903597134714099	1.2616966106299181	inactive
12.773624811035525	0.23613914084152143	-0.23613914084152143	0.71802239494843	13.291666666666666	339.782	1.2083333333333333	2.611582360660766	1.6683265371901423	482583.8580970603	59.88088993619874	24.166731403710774	54.46000000000001	4.0	4.319100000000002	0.3921828814453827	0.0006702516321936749	0.8882214297793376	1.167830681011603	inactive
13.824878196649028	0.10026735848660429	-0.8169640495086923	0.5151495365946167	17.741935483870968	439.94300000000027	1.2580645161290323	2.79075224248846	1.677886551586157	13423389.911766337	65.44434142789574	44.304232532427235	72.48	4.0	4.173300000000003	0.08217627959981684	0.0003104338946583833	0.9463898262636311	1.408718417438747	inactive
11.939225403124212	0.05337165112958697	-0.05337165112958697	0.5341914417041845	11.0	260.296	0.95	2.5298485590827835	1.8543385661804006	61758.66302432891	78.25802328429837	15.751201988259357	42.85	3.0	3.525900000000002	0.6448193920542823	0.0014846041308052276	0.8627760522662238	3.125393930892422e-05	inactive
12.340656651549509	0.1275925925925927	-0.9696759259259264	0.5055052971214055	14.88	346.33900000000006	1.04	2.5932665724561046	2.803490087611988	291739.89613473933	62.48352572055921	31.081516707276435	107.77000000000001	2.0	2.1756	0.10131768949271316	0.0003356866486797981	0.6459601937059563	0.9161038992660161	inactive
11.212870370370371	0.004629629629629317	-0.38870370370370355	0.5796806794408671	14.461538461538462	173.14700000000002	1.0	2.1157745975987363	2.7569605368382883	1095.9712415561455	41.478044402446585	11.566489892729878	57.2	2.0	0.6954	0.2602687929209003	0.0013120464074431557	0.5585058200010213	2.5265311439555873e-06	inactive
9.802662037037038	0.1712962962962965	-1.6417824074074072	0.3780091246547498	8.142857142857142	165.95	1.5714285714285714	1.6457113704075785	3.577919926272439	27.977093296928835	0.0	17.082639881378217	57.199999999999996	0.0	-1.2997	0.5587826542753781	0.007472448249059957	0.8952213447592964	0.37172467636071255	inactive
13.503478499985778	0.07304560647446978	-1.0419479612832794	0.403811640409882	12.028571428571428	494.0100000000002	1.1428571428571428	2.8121157376617885	1.9527607945526932	40666241.90004908	107.17615517969124	23.343094385562793	62.300000000000004	3.0	5.790800000000005	0.18580285959392154	0.0002393829318215043	0.8692451585731438	1.4482277789620548	inactive
13.678485922146635	0.07762062232300293	-0.7649519321617535	0.721898104759747	18.571428571428573	395.89000000000016	1.25	2.6805031733441798	1.7899081284793672	2556213.602202557	65.44434142789574	43.038050316929066	54.46000000000001	4.0	4.108800000000002	0.24597064989641376	0.00043455574446228657	0.9048758550183766	1.3286709052599408	inactive
14.178375713194296	0.1896470376998871	-0.9789708096086613	0.26522520408990113	16.05	561.0380000000001	1.1	2.9616836614951816	1.431030608677116	1092122911.5081766	89.20689412497758	43.66665585586616	124.80000000000001	5.0	4.209700000000002	0.39315055309784647	0.00023742797150297167	0.8676309435304527	1.1748715692507081	inactive
12.005717120181405	0.0375925925925924	-1.2579220731502476	0.6279689901206734	29.0	255.319	1.411764705882353	2.5801044899782335	2.100769260851897	8524.665234888083	11.105091403710494	47.18736208647539	63.68000000000001	2.0	-0.40510000000000024	0.28168618058164363	0.001292250823041434	0.8996480831255561	0.9890338473265297	inactive
2.3798091458805746	1.0257168950377824	1.0257168950377824	0.5335131251851576	12.96551724137931	385.575	0.6896551724137931	2.783247866409323	2.063565114206357	4582873.670846661	95.6013915569533	36.466236485900815	6.25	3.0	5.954000000000007	0.3048539714353828	0.0002643491714311618	0.7178706241814683	0.8929813233876941	inactive
13.53232662509448	0.05559840720908871	-0.9575035168388351	0.4429531885004654	12.028571428571428	473.5920000000002	1.1142857142857143	2.8121157376617885	1.9527607945526932	40666241.90004908	107.7169733576469	23.343094385562793	62.300000000000004	3.0	5.445820000000005	0.12209712766132083	0.0002068496393046772	0.823815126702253	1.6485341654254082	inactive
12.257933358528597	0.07603757181519666	-0.3878128570196575	0.8083156546747973	15.52	336.35100000000006	1.48	2.5500896753174622	1.702542938041181	359991.0592852155	53.34950989216358	23.026239150385088	104.11000000000001	3.0	1.6676999999999997	0.38370024899750754	0.0004372838653530612	0.7881394396044038	0.8900796814845503	inactive
13.381339955939524	0.026874475098681128	-0.026874475098681128	0.46526759426028513	14.129032258064516	433.53700000000026	1.064516129032258	3.484519824710764	1.3996962841955873	30224836.464175556	70.92088064878332	47.204326309303575	63.49000000000001	5.0	3.562800000000002	0.5286115798509483	0.0005305102149115415	0.8928778160385268	1.0725982061622255	inactive
14.137706143063285	0.11646797454955449	-3.003101215954495	0.3491352000047134	21.82051282051282	566.0830000000003	1.1794871794871795	3.547045970194298	1.2610242296706973	1039183889.2313985	83.40148006281889	53.74678556199294	115.21	6.0	3.893100000000003	0.3057767151877675	0.00016530729340895407	0.819033380391469	1.2935828360496797	inactive
14.19966677898461	0.1127497028968969	-0.9622215556682652	0.25620821885443035	15.878048780487806	575.0650000000002	1.0731707317073171	2.999674824057457	1.3994367861327763	1906660252.9149437	89.20689412497758	50.714327838543355	110.81000000000002	5.0	4.470400000000003	0.3796871361786329	0.00019448253702801478	0.851031930501527	1.256767586779971	inactive
13.271148536864324	0.023423198174280513	-3.904483082170221	0.6341182099735219	17.35483870967742	463.9870000000002	1.064516129032258	2.7868338179541023	1.7818826856200671	8063224.316833507	65.72420659954848	67.53815206294726	86.79	3.0	1.7942199999999995	0.18483714673119842	0.00022975334067446606	0.7960917177129786	1.3498479116497402	inactive
12.141428807634163	0.10959246661627597	-0.10959246661627597	0.9467023024765138	13.19047619047619	302.76100000000014	1.380952380952381	2.4739761554776227	1.7312437002469676	80913.86414105113	52.80869171420791	17.49804021481163	51.22	3.0	3.241200000000001	0.4562317806861548	0.0008713452895938029	0.8675445681402713	0.9379212915175492	inactive
14.02923146573444	0.037755889392794506	-0.7326886101662891	0.687464767157707	20.967741935483872	434.9270000000002	1.2258064516129032	3.0978513775702243	1.5873819636937911	17084823.826976933	71.00779291959275	48.380188910915614	65.54	5.0	3.124500000000002	0.23148907945222688	0.00024155467025131292	0.7330307600240095	1.0603825561642894	inactive
13.613729406516203	0.15064154797418006	-0.8893747375493415	0.44108573063191664	13.818181818181818	437.49900000000014	0.9090909090909091	3.504142877047988	1.5782431578027039	75605078.3506142	108.84332093943763	22.84017880879818	75.44	5.0	5.008300000000004	0.20995664214824128	0.00032350406140093583	0.9370688565002777	1.2140078690663167	inactive
12.392256697926836	0.01466115880569463	-0.0582892112521054	0.7067257241893371	20.785714285714285	428.36000000000035	1.1785714285714286	2.7330131503576736	1.564811517059715	2376978.0612342786	34.34863750252015	66.88697191805043	61.88000000000001	3.0	2.2657999999999996	0.3152171530029339	0.00033043481138955423	0.7701671257566827	1.030213063478414	inactive
13.82975442405051	0.057125537351457645	-1.0808739344503249	0.34613865790670845	13.35897435897436	526.5880000000004	1.0769230769230769	3.494027511761428	1.4963068780732602	1030779457.3031404	118.71524654188664	28.24300411641327	98.50000000000001	5.0	4.508700000000004	0.0396586248433151	0.00016065128501558244	0.8092950892147361	1.671427118095451	inactive
13.619513260064863	0.19009227765180126	-0.38441484001007864	0.6310806596857562	16.03846153846154	390.24500000000006	1.1923076923076923	2.624360948979882	1.685812377025862	997509.0992634572	64.15146144575974	17.43591465621129	54.02	4.0	5.218600000000003	0.39905581771176535	0.0004896523690747179	0.8530259119821443	1.01153594944098	inactive
14.250229035924935	0.20339770192889262	-1.0058131406832698	0.23639250119821742	15.785714285714286	591.0640000000002	1.0714285714285714	2.9968489509376304	1.446520537121265	2690651813.168011	83.14052705651598	50.7764533971437	134.03	5.0	4.218300000000003	0.3170039212863764	0.0002016467036839388	0.8937414004710789	1.48167577677536	inactive
14.173002052494295	0.16756085601774595	-0.9531196460065501	0.34380455304713314	16.657894736842106	526.0000000000003	1.236842105263158	3.4974974456912387	1.3459921514793844	741557448.5272813	89.09540805766736	38.22397597043222	109.27000000000001	6.0	4.194880000000002	0.2434170211494325	0.00020801753097753043	0.829311203640915	1.1713598980900617	inactive
13.726803981936106	0.014797178130511623	-4.147009282879816	0.7731762054744727	17.318181818181817	352.79000000000013	1.1818181818181819	2.7486541991566042	2.2314607388017795	77121.739519936	29.833542887476618	55.58913150444779	57.690000000000005	2.0	1.4266000000000003	0.2737321224037339	0.0006118648732479274	0.8410131959668324	1.0676987465487195	inactive
12.098600245653817	0.1361337868480723	-0.1361337868480723	0.8051952011122818	10.523809523809524	297.74500000000006	1.0952380952380953	2.499328818970411	1.78543950554549	83397.60403140467	65.70529443419868	15.875136771245923	54.88	3.0	3.4644000000000013	0.6155331137379677	0.0012884145133988864	0.942390725798857	0.8511341447440699	inactive
13.671539656100304	0.2269063663242059	-1.5541235821374264	0.30105680452145595	12.405405405405405	537.4030000000001	0.972972972972973	2.8900543011380333	1.5853356506262464	161771136.31271756	100.29589450718052	29.31239967351464	123.40999999999998	4.0	4.689600000000002	0.2509283521992259	0.00011562048474259243	0.6816153920463675	1.0016099521368926	inactive
13.154276738473165	0.0656781462585041	-3.444672794629279	0.7106900480338649	17.285714285714285	415.90200000000016	1.2142857142857142	2.6632933016681135	1.7202794474384606	2167547.8864956107	71.00779291959275	36.41469681534786	79.37	4.0	3.3857000000000017	0.32310051781261573	0.00035605946877040686	0.7557086362975416	0.8408885414287234	inactive
14.427750462520482	0.15245814198063323	-1.0466037966112376	0.28247245494098344	18.15909090909091	611.1020000000003	1.0227272727272727	3.0611325873732866	1.2505315854952004	16063826672.961468	105.75754177571449	59.73074648878419	110.09000000000002	7.0	4.181500000000003	0.19205971684679565	0.00013258535459243254	0.7681600684925275	1.4230782241527746	inactive
12.510938538489112	0.14330750992367158	-0.4500005558869844	0.5807889040421976	10.4	424.8840000000001	1.1	2.734159408641116	1.8735591391465969	4851462.378939302	76.57124441128975	31.08005862080563	77.52000000000001	3.0	4.6868200000000035	0.40672517130175834	0.00034748235480857795	0.8874204130885303	1.2960196392428978	inactive
11.437843561360877	0.0222993827160487	-0.07087615096543654	0.7907009328583757	16.63157894736842	302.1810000000001	1.2105263157894737	2.372589839257325	1.9000049365994442	19303.390932197595	28.785186010823153	47.76602825967309	46.61	2.0	1.2965999999999998	0.564545000351212	0.0010710464859538353	0.85388173905942	0.6072320716736073	inactive
11.130016534391533	0.18324074074074104	-0.5687944066515487	0.48878133498627435	10.357142857142858	192.17	1.4285714285714286	2.1859965440290403	2.9048532570690915	1324.7139056815984	29.838572803915707	13.079102829229383	72.42	1.0	0.019999999999999796	0.651099764843494	0.0031952066525230928	0.8673016563382325	0.09488268499090045	inactive
12.851206538170823	0.09970679012345629	-0.30932067271353025	0.7764970923994081	16.5	342.78600000000006	1.4166666666666667	2.962964846617625	1.6797718106882158	501846.24496616697	47.50619322881384	27.049118383550194	69.04	4.0	3.126500000000001	0.368369308323231	0.0006302476768392714	0.8385870083953411	1.0329103990599868	inactive
13.586418210050063	0.019162834887041402	-0.9919493260267067	0.8009109072673009	10.636363636363637	298.29200000000003	1.0454545454545454	2.5214310043638792	1.8309484809688574	125582.39260334737	72.05614979624622	10.891158250298714	41.99	3.0	3.6942000000000013	0.359038401861401	0.0009425318123268994	0.8878798486926349	0.7091837208760916	inactive
13.728244558530228	0.08011765269424331	-1.0176887020240197	0.35067804973017375	12.108108108108109	517.6300000000002	1.054054054054054	3.420894717388939	1.6941281527867826	221547596.15236405	107.4557047104407	32.09017434839569	88.08	4.0	5.116700000000004	0.4189859835530825	0.0003364677830871233	0.9493632619376577	1.4765773412549192	inactive
13.443336915784831	0.040464143990929236	-3.794418164999651	0.5833497216603628	16.727272727272727	482.9930000000002	1.2727272727272727	2.775698957043577	1.692551218100687	19305452.56366286	71.00779291959275	35.911781238583245	103.16000000000001	4.0	4.305680000000003	0.20922648617178144	0.00018191584549519637	0.7363989563444061	1.1168459248689215	inactive
13.625460005295864	0.028852393064153548	-1.0868953924162261	0.30847467099633846	11.513513513513514	504.5180000000002	1.135135135135135	3.462383654453513	1.6564622822103432	317323639.45910996	108.3522121415602	42.229812753887366	106.79	4.0	3.9384000000000023	0.1771898987325646	0.0001212969139289603	0.650493587695284	0.9968531689931125	inactive
8.736323089866007	0.4050468211976146	0.4050468211976146	0.5098575618617068	15.814814814814815	357.41700000000026	1.2222222222222223	3.426986691269608	1.7426295782753989	4279504.462509983	42.4290558743193	19.519035210632982	83.42999999999999	5.0	5.214580000000003	0.5099082470950808	0.0008131241579511713	0.8914566394227273	0.9055010540106893	inactive
12.028563869992439	0.1485493827160489	-0.1485493827160489	0.8022492207594811	10.65	285.714	1.35	2.8768354939067122	1.7746352324759036	60410.66853654705	53.57256029727546	15.875136771245923	68.98	3.0	2.4215999999999998	0.5711185625338151	0.0014398432879293185	0.9271255066448496	0.8036180312421578	inactive
14.207997409611991	0.0393969671201817	-3.7523579798144637	0.532522051165546	23.428571428571427	507.0150000000004	1.1142857142857143	3.551087989443562	1.4343240189647326	148929789.40687144	71.00779291959275	42.456537644495825	94.37	6.0	4.012080000000004	0.2438956064675058	0.00018393465695021452	0.6973709489516734	0.8734436712810778	inactive
13.211353206010493	0.33562204276670404	-4.738662641271509	0.4270481034857671	12.352941176470589	488.8570000000002	1.088235294117647	3.265480639673142	1.5714872097223527	44413162.14598903	83.66243306912183	31.562801244043648	101.8	4.0	3.9947000000000026	0.4156068283449601	0.00024825261575470354	0.8259059141733209	1.0868187790140005	inactive
12.590530045351473	0.1578549382716048	-0.3387046485260774	0.9125097856957735	16.545454545454547	318.76000000000005	1.4545454545454546	2.542753250913692	1.8623690165299325	131984.15024192608	52.8086917142079	22.60456760965234	71.45	3.0	2.732100000000001	0.22839585489072936	0.0006154385577920107	0.8321742559282334	1.097309208153083	inactive
14.262705095442497	0.15515711389185105	-3.952316387681654	0.2713197935252292	27.384615384615383	748.948	1.1153846153846154	3.9833437012145754	1.2100978988664697	459318576862.8753	51.71067854051604	78.60225854510945	158.95999999999998	7.0	6.038220000000006	0.20522712512127206	8.155397405346669e-05	0.7278388978561426	1.2438513530972346	inactive
12.61351095993953	0.03304085831863657	-3.84732366377621	0.6021042721892211	11.576923076923077	408.9120000000001	1.1538461538461537	3.039564340079364	1.79829695411172	913255.3433628854	58.81648290384196	31.733715085510568	90.22999999999999	3.0	3.7787000000000024	0.19787949603571575	0.00031061195169284	0.7251766034910927	0.9907504184087156	inactive
12.086658635676493	0.03300642479213889	-0.03300642479213889	0.7855040111168091	10.4	262.312	0.95	2.4847372343007503	1.8110111338412764	58281.9965677584	72.55444225107765	10.891158250298714	41.99	3.0	3.4160000000000013	0.45215163552582893	0.0011521722588298691	0.8483140083535393	0.6570597286923973	inactive
12.702761147154334	0.065735986913386	-3.5086759495464857	0.7866197918530495	17.0	330.83700000000005	1.1904761904761905	2.485376604696989	2.1868155723074514	44557.831769007615	29.32600418877882	55.58913150444779	57.690000000000005	2.0	1.3751400000000003	0.5763924742070433	0.0012455283984143775	0.9893289490773749	0.9126676042472719	inactive
11.81183484504913	0.16179012345679	-0.16179012345679	0.920550899271915	10.38888888888889	264.716	1.4444444444444444	2.6077616149780347	2.0312417814913757	13148.33406271925	46.23940906898168	21.01005236155665	59.81	2.0	1.8611399999999996	0.5583925826699219	0.0014309004001085512	0.9094006166443365	0.9467318914491544	inactive
5.095544393995803	0.7251851851851852	0.7251851851851852	0.6900905815441455	11.05	269.32800000000003	1.4	3.1755604374255886	1.7980280578451828	82713.82271362431	48.57107976427588	14.53505668968577	57.95	3.0	2.8862000000000014	0.21076562644875843	0.0006996157028982065	0.7891374187828533	1.0577086002328548	inactive
14.114298802114456	0.1767773298186055	-1.016449475623583	0.26554766428689364	18.025641025641026	541.0070000000002	1.0	3.2012792512892676	1.2534952743159176	1081180846.6549294	100.8367126851362	53.84657862210285	100.63000000000001	6.0	4.4330000000000025	0.11964392395208963	0.00016652671515628547	0.7810169087581825	1.2871024072368265	inactive
14.151335328185768	0.13992122164782783	-0.9126712998100981	0.3603797717091172	18.846153846153847	545.0430000000003	1.0256410256410255	2.9815266702645147	1.2469683771580242	1217224530.345001	83.40148006281889	60.3140304034696	101.5	6.0	3.963600000000003	0.30274750532401584	0.00019922820551544383	0.8589122826289292	1.373455708835365	inactive
13.742417250864586	0.018515563427925263	-1.2370375576003283	0.22625037484550775	11.78048780487805	556.5790000000002	1.0731707317073171	3.49730790895971	1.6446216151114394	1283008949.8185887	112.64930956927988	39.15756368467918	160.57	4.0	4.418300000000003	0.34906374939020646	0.00020103376600319182	0.8998293174927503	1.3767010455595379	inactive
14.199948908014383	0.0019144463340889928	-1.158269242882338	0.5146267667184696	21.81081081081081	523.0330000000001	1.2162162162162162	2.8915659806562584	1.492672891366899	251535826.82610995	65.44434142789574	77.13931521801597	95.0	5.0	3.4623000000000026	0.2111158493525353	0.0002181284151906649	0.823360911257358	1.2706584826553202	inactive
13.652780830339227	0.06617086687932572	-0.9869137377173096	0.4183157227136326	12.2	471.54100000000017	1.1142857142857143	3.567340431231144	1.7167042935517185	103292484.87991501	96.48761466789394	33.311051427457215	115.32000000000001	4.0	3.466300000000002	0.18858394432953604	0.00024239908472365457	0.8606014001539454	1.5151474897496884	inactive
12.06467970521542	0.039211073318216716	-3.839537037037038	0.6283739821736034	11.38888888888889	267.262	1.1111111111111112	2.7912684632217544	2.472267393422258	13118.961777142245	52.07597217123222	13.341108033146607	90.42	2.0	2.32902	0.34846189660183846	0.0010263393581161336	0.8490348620905828	0.9353401975201253	inactive
12.02806783824641	0.05812074829931979	-4.125370099785909	0.9255553522929599	11.227272727272727	338.796	1.3636363636363635	2.3938267328862173	2.1878679265085434	57099.94905953494	57.94766545181585	19.308955234627653	99.93	2.0	2.9655200000000006	0.38125318259377206	0.0005556966350254465	0.8258073381821304	1.0497667703617788	inactive
13.340503196649028	0.03904336734693836	-0.7279629629629631	0.6280142933836949	15.516129032258064	457.31700000000023	1.1935483870967742	2.752057316247207	1.7160477533081306	9912293.9922836	69.96405916487245	47.742612234354546	91.4	4.0	3.465700000000002	0.16454928286633935	0.00020587751603970444	0.7024664290813147	1.1689029475997337	inactive
13.016831578514479	0.11103618903943535	-0.38063072728969227	0.714208250522692	14.407407407407407	362.4090000000001	1.0	2.725555170256328	1.5115876285347247	2078879.0483406307	70.51455918697532	44.09591262512981	63.95	4.0	2.1281999999999996	0.45339215350034073	0.0006190040986145146	0.8664471603412969	0.8893455947271315	inactive
11.470475945811444	0.0746965020576138	0.0746965020576138	0.7696638941688418	16.88888888888889	265.78399999999993	1.3888888888888888	2.386291884017112	1.851538470397621	14002.760775412413	35.392371257240434	29.776605716997473	20.310000000000002	2.0	3.014920000000002	0.09021905779987627	0.0005753911735968632	0.6956660184499566	1.2035982182764104	inactive
13.467782136757364	0.12818351639377834	-2.5801604901679016	0.6773780524931221	17.75	407.89200000000017	1.2142857142857142	2.593820451761943	1.6768820233654111	1242533.3739302342	52.80869171420791	22.352612670776637	54.02	3.0	5.604520000000004	0.2789960786314301	0.0002570074711319327	0.7510625430135595	1.0976048360116315	inactive
13.128410073906107	0.12194992091486778	-0.38642419609410905	0.6849125007385509	17.333333333333332	380.855	1.1111111111111112	2.662801153180472	1.5938328505179884	1674635.6452351988	75.53719250071664	36.48319950708767	54.720000000000006	4.0	3.161500000000002	0.5620707625864307	0.0007699805993743623	0.9475485145782702	1.0371424511436325	inactive
12.40588955026455	0.00538863693625613	-0.6127210009518214	0.9262537930556356	17.428571428571427	301.773	1.2380952380952381	2.4697700162680944	1.7482729945519586	73744.86291574904	70.2439243365252	22.458373260955263	40.540000000000006	3.0	2.9583000000000013	0.620953294129426	0.0013480772370983837	0.9454682167729781	0.929069305065056	inactive
10.069182964852608	0.20608835663895197	-0.5093419312169316	0.5289547551768388	13.428571428571429	193.15799999999996	1.3571428571428572	2.6085526047440886	2.2452664748461397	2449.430895854699	40.07682585566784	11.716253354917498	61.60000000000001	2.0	1.6626999999999996	0.7434582269404405	0.004923905491893789	0.9497390893156543	0.28486705977821314	inactive
13.733554833179273	0.08244401159812198	-1.24999575468769	0.07767403923789416	13.52	697.8740000000001	0.86	3.012440080271352	3.1568774451477584	14144972046.240162	34.88945568047582	72.06269416217907	202.85999999999999	1.0	2.5397400000000063	0.31987172794738095	0.00010167365736997214	0.8623899504606378	1.7203587811564252	inactive
13.594608214631887	0.043936366213151556	-3.8503440909255766	0.537955160577435	19.833333333333332	525.0300000000003	1.2222222222222223	2.8819271481568376	1.4608745202060223	141590418.00314218	71.00779291959275	49.125545167609076	112.39000000000001	5.0	4.076280000000003	0.08387173102300548	0.00017444726254214494	0.7935014511067884	1.4420843530038132	inactive
11.541574074074074	0.04611111111111099	-0.07620370370370355	0.5994834910884169	15.307692307692308	172.18299999999996	1.0	2.146239890526001	2.690389534648589	1131.0684223072026	47.04149589414358	11.566489892729878	34.14	2.0	2.0119000000000002	0.2919603011407871	0.0016099895764613058	0.6235624400405259	0.10485513992807703	inactive
13.61595807689084	0.022069359570937808	-4.026884151394208	0.4938360474511647	20.789473684210527	573.0960000000001	1.1842105263157894	2.893011249655436	1.4493817759815792	265433921.0204262	71.00779291959275	55.83528543640576	137.3	5.0	3.4744800000000025	0.4495066954520787	0.00024230408619082695	0.8420768003667596	1.0142250345089485	inactive
13.599137691246277	0.046607214000792485	-1.0617102072310407	0.3564079731570418	11.5	488.5190000000002	1.1388888888888888	3.4339299086635524	1.667867987452943	193026804.3395892	108.3522121415602	34.93395487102292	97.56	4.0	4.354400000000004	0.10759243916402005	0.00019153874806309015	0.8376907221508101	1.4598843004523698	inactive
13.73032789186356	0.07795715886708265	-1.0145405538758714	0.32960782499925606	12.108108108108109	499.5860000000002	1.027027027027027	3.420894717388939	1.6941281527867826	221547596.15236405	119.72107769541589	23.343094385562793	75.44	4.0	5.858200000000005	0.1684091060187161	0.00019494145182798444	0.8272340532832644	1.4343131788342236	inactive
13.58293036659108	0.2196827758881328	-3.4926351489669956	0.6831777125762304	18.689655172413794	430.9130000000003	1.2413793103448276	2.673758751569835	1.8327735102779663	3235018.1461468656	65.44434142789574	37.92445998939876	85.36	4.0	3.591800000000002	0.16933347505716329	0.0003113299616717525	0.7919095022064696	1.1181035728201976	inactive
13.713470648602772	0.12493708884176047	-3.8845092828798164	0.7826071744026885	17.523809523809526	334.8000000000001	1.1904761904761905	2.727609678141284	2.1872213722225986	53769.369585199136	30.082689114892336	55.58913150444779	57.690000000000005	2.0	1.2875	0.4952509066035705	0.0010762983965336927	0.9238789002696074	0.8032719456753873	inactive
11.76360658383724	0.022661200954551486	-0.306840513983371	0.9281881202208317	9.947368421052632	340.56800000000004	1.5789473684210527	2.801883383384611	2.0307707410517484	23712.33907358396	39.84617860772303	20.671642993744936	83.6	2.0	2.2043799999999996	0.5648554779091698	0.0010280509507699755	0.9369503411181065	0.9341128735052704	inactive
13.653197593852354	0.1376241916519696	-1.2189701436130018	0.37967873561627524	11.806451612903226	430.8710000000001	1.064516129032258	2.746540170133969	1.8352962456552668	10714352.079138739	105.12414969579842	16.674403196663654	90.22999999999999	4.0	4.119220000000003	0.1478707279073332	0.00018070632861725408	0.647070664000364	0.9723331380754533	inactive
12.976187851683882	0.05933838813303116	-0.47135191718254466	0.6835511896339036	14.62962962962963	380.8110000000001	1.0	2.662801153180472	1.6041064562646548	1674635.6452351988	75.53719250071664	36.348538407291215	71.79	4.0	2.2996	0.4460634341487075	0.0006026792169070325	0.8744197452985055	0.8169785613115346	inactive
13.178481355505165	0.08738339317208332	-0.10068877551020372	0.513990393582903	10.928571428571429	374.42800000000005	1.0357142857142858	3.3629756252922434	1.6280105211474925	4271530.572123697	66.48807518261603	40.09507534210802	81.25	4.0	2.0828999999999995	0.2813294148040846	0.00032251641173132315	0.7392317491846883	0.9758702383001601	inactive
13.734911225196893	0.12597164718460152	-1.1287053308977917	0.3862520341819326	12.105263157894736	513.5730000000002	1.0789473684210527	3.3298170237296625	1.7175455445929835	299032326.47997284	117.93998529271599	23.343094385562793	107.57000000000001	4.0	3.5398000000000023	0.35899189760813915	0.0002804711459292392	0.8748857412723167	1.2449716604800831	inactive
12.162719277525827	0.13251244016124963	-0.13251244016124963	0.8042239506520825	10.636363636363637	315.76	1.3636363636363635	2.890566690320517	1.7882571307956567	145355.0365894575	59.377974359434134	22.40165039783804	55.629999999999995	3.0	3.177500000000001	0.41809249673913734	0.0006148842905781473	0.8044467075791849	0.7652604538298524	inactive
13.314951513433655	0.0705125689983539	-0.09996758734357902	0.484708250728698	13.290322580645162	431.5210000000002	1.096774193548387	3.288519677154089	1.391368848001805	22442949.775414176	76.48433214048032	32.85007012695206	80.12	5.0	3.618400000000003	0.18571217629193745	0.00023467642911086765	0.7775563208209819	1.2396179978529933	inactive
12.203440885613503	0.06313511476164768	-0.12380170277987679	0.9140060463042813	14.173913043478262	332.7870000000001	1.434782608695652	2.446812111292462	1.6631031318586045	132149.87531879457	52.80869171420791	30.208888567072854	60.45	3.0	3.002220000000001	0.37061956570298143	0.00043899782410172403	0.7684524489475466	0.804826848044434	inactive
11.982397486772488	0.17075018896447425	-0.17075018896447425	0.8886053847209995	9.8	266.304	1.45	2.438382065259049	2.0923101678351017	33325.36768589543	53.349509892163574	10.891158250298714	91.79999999999998	2.0	2.0251	0.5024053821206282	0.001327015869309726	0.9647654493233497	0.9337500440410347	inactive
13.61487961388259	0.050233528596623334	-3.995340823414867	0.6062042234115708	19.84375	472.95400000000024	1.1875	2.7719608096259036	1.808702909205955	13006078.926216075	65.44434142789574	49.65853574977773	108.47	4.0	2.5349000000000004	0.22401187208291584	0.00022695425932021905	0.7468682101732574	1.1649328706847941	inactive
13.553512936208781	0.07744598765432142	-0.5581637552863199	0.7222895379121701	11.814814814814815	369.37200000000007	1.1851851851851851	2.65802679286577	1.7418624060476333	1189070.9438152951	70.26541295955961	25.66570006428992	78.72999999999999	3.0	2.502200000000001	0.3354687726394623	0.0005081246151412464	0.8546151771220442	0.9500788828811927	inactive
13.067716455552993	0.15328136810279602	-0.40555726595249486	0.7114234673284656	14.653846153846153	350.3730000000001	0.9615384615384616	2.6732224541301326	1.5393689724959463	1194395.7925053432	76.33178002802123	36.98611508385228	54.720000000000006	4.0	2.2587	0.3010251617799169	0.0005341065875054166	0.822526168314817	1.0705990780226144	inactive
12.172515957000083	0.0042402823413825175	-3.420840780233141	0.8501341729735736	11.291666666666666	366.8500000000001	1.2916666666666667	2.4611212523346557	2.072708976146315	146306.2750875383	63.094238070356994	25.564724418139058	90.22999999999999	2.0	3.057920000000001	0.2540287571667144	0.00039256297684830347	0.8169411299543186	1.075189896552894	inactive
13.997638030827062	0.02028873303223966	-1.1574610523221638	0.1614105147187115	11.487804878048781	596.0800000000003	1.1219512195121952	3.515684206189727	1.726122572291159	1761689442.8863282	113.1138924489986	42.17505082153897	101.74	4.0	5.869300000000005	0.058470424247169195	0.00016978740166898837	0.9248115527375554	1.813134700181209	inactive
13.531538643235072	0.18586238662131516	-0.9508855741370623	0.6597199116132975	18.392857142857142	417.2920000000002	1.25	2.696821329761139	1.786570743095716	2742257.375524955	64.40060767317546	31.214719720602083	60.45	4.0	4.847000000000004	0.19462539277231009	0.00033233165687294173	0.8204735079396748	1.2842759805528983	inactive
11.689748887209205	0.0202680933484507	-1.0420332577475435	0.7185016047126355	20.61904761904762	286.23900000000003	0.9523809523809523	2.4214713328866666	1.9978810165902074	57289.59026476565	41.45873832570204	11.210493782589008	121.7	3.0	-0.9819000000000007	0.19177999075640495	0.0007683133460958428	0.8690181662753846	1.0520954957546653	inactive
13.076334089191231	0.045662946894908796	-0.3812329931972793	0.7188282376075742	16.074074074074073	379.84700000000015	1.1851851851851851	2.6668111534742382	1.6877897902468515	1702241.5601295272	65.44434142789574	23.343094385562793	62.300000000000004	4.0	4.367100000000003	0.35276577427915146	0.0004636667287142343	0.8693841424949774	1.1708554348917874	inactive
13.208130642906076	0.0697963820301779	-3.741337986583521	0.7826071744026885	17.523809523809526	334.8000000000001	1.2380952380952381	2.7249154751540052	2.1626749835680585	52729.839359705154	30.082689114892336	55.58913150444779	57.690000000000005	2.0	1.2875	0.39318337936495157	0.0009398820987514929	0.9156118415365895	0.9931022767892315	inactive
12.584566326530613	0.01831790123456778	-0.20064247921390832	0.87902971941724	11.952380952380953	302.805	1.380952380952381	2.467434530316234	2.2195081821405362	55453.12363432704	58.87505878266951	10.891158250298714	41.99	2.0	4.565820000000003	0.2486190469184975	0.0005218320575098204	0.7701669641240637	1.0586222814207296	inactive
11.682082749136441	0.0024805359627133594	-0.0024805359627133594	0.7543008334595541	15.384615384615385	376.8880000000001	1.1923076923076923	3.055743849346692	1.646498117255205	1012416.8291901486	35.5228477603919	65.20194291588439	68.44	3.0	1.7295	0.2911177713929552	0.0004269407361898422	0.8655178903341021	1.2186738174063103	inactive
12.26360936144005	0.051262477468285716	-1.5098023373465292	0.6798087330589467	24.083333333333332	366.806	1.375	2.5850858589969508	1.7144846348891023	232419.89941069784	46.624612499174475	39.85214172636883	115.56	3.0	-0.7133999999999994	0.446718938780594	0.0006490751844988562	0.8203523758886556	0.7812257019078143	inactive
13.86046678075245	0.08798266646834807	-1.0359237738305203	0.3764428434646507	12.131578947368421	514.6050000000002	1.0526315789473684	3.3298170237296625	1.7117714991268902	299032326.47997284	107.45570471044068	38.33696422466389	93.01	4.0	4.3937000000000035	0.13700061892205434	0.00016526872014978902	0.7258707777607274	1.3899233900657317	inactive
10.993820660506476	0.37866822037456926	-0.5061864648165157	0.5223578332484993	15.857142857142858	375.43200000000024	1.25	3.428015836988791	1.7039118192042242	5938584.939492598	42.4290558743193	25.426214939984487	102.73	5.0	4.176300000000003	0.5036310433952418	0.0007285820295319102	0.9050916401754404	0.9936907617340736	inactive
12.771556594860165	0.005417139077853683	-0.6248021317240282	0.567315479988884	14.8	397.64500000000004	1.12	2.8003436314490617	2.0342091831076186	418264.92548049474	62.59300533538762	17.588170020074056	58.97	3.0	4.4608000000000025	0.35037263598943724	0.00037072757375926986	0.7492003264300777	0.777532519624314	inactive
11.822941545870005	0.008065936888989489	0.008065936888989489	0.6639122586080795	15.346153846153847	366.8520000000002	1.1153846153846154	2.72867698473374	1.7129776396516918	1479335.8552114887	54.485817548844274	44.7285412798391	58.980000000000004	4.0	3.6366000000000023	0.2594956166060636	0.0003283039573363006	0.6828341964204159	0.6652641155850991	inactive
14.256770635627733	0.09126434690911966	-1.0333255123036869	0.26092301578839866	12.195121951219512	549.6500000000003	1.0	3.4013200139169086	1.5414018792251998	1841553620.5800574	131.8516494874386	32.7277675127718	79.6	5.0	5.912900000000006	0.25387931869511526	0.00020593635416578978	0.8391439005914949	1.4107305196276239	inactive
12.78207924561009	0.07663548752834504	-4.553959934282355	0.9322177188663865	11.238095238095237	314.69399999999996	1.2857142857142858	2.3746848107133527	2.1359865619569893	39614.49201232015	58.87505878266952	10.891158250298714	41.99	2.0	3.9350000000000014	0.5032081709581487	0.0011243718473845465	0.9057099567261296	0.72339102257985	inactive
13.398029799133763	0.22221977969587936	-1.0210337558398528	0.35051925259663963	11.694444444444445	497.94600000000014	0.9444444444444444	3.3615821455464174	1.3642259091804085	240728410.43729764	101.84254383866542	37.00559291440618	114.69000000000001	5.0	4.037900000000002	0.24776934223677674	0.00016155919429060726	0.7203640859824726	1.149588273081518	inactive
13.483336915784832	0.04116850907029557	-3.63441816499965	0.5710373034204539	19.757575757575758	485.9930000000003	1.2424242424242424	3.5737157916225963	1.4705872583407205	49711587.4299763	71.00779291959275	48.62262959084447	88.60000000000001	5.0	3.9349000000000025	0.16419423371630495	0.00013304740957833884	0.6299594399164553	1.1241706599275636	inactive
13.313179054978988	0.3003610790600193	-1.0814977143801106	0.35596615898566075	11.222222222222221	497.9420000000001	0.9722222222222222	2.9022714433217627	1.491615186636149	134250045.09933314	106.90307975359782	29.250274114914298	123.98	4.0	3.9858800000000016	0.36285764152102834	0.00019460932828014026	0.7897221857308812	1.087853820864366	inactive
13.908097166239976	0.0003694310789816857	-1.0893770996052743	0.3384659818514219	12.128205128205128	528.6080000000003	1.0769230769230769	3.408960359626639	1.7191155722469755	526914439.47906625	113.01915620213768	33.54830358870454	109.52	4.0	4.109700000000003	0.3358152142958482	0.0002461952137503686	0.864496390951533	1.2853488983612371	inactive
13.021684145880576	0.020321239606953645	-0.020321239606953645	0.5521533562766379	10.88	348.43100000000004	1.04	3.3055089178851116	1.6298203245501561	1229054.3258480423	76.98724771724494	20.901049568452596	51.02	4.0	3.726200000000002	0.18207514214226472	0.0006447884864775981	0.981067223835143	1.4485467895938093	inactive
12.203399313429074	0.0748369394053916	-0.0748369394053916	0.9408941318184714	14.454545454545455	316.78800000000007	1.4090909090909092	2.3834582153432855	1.7077268335350178	79829.16600649265	58.372143205904905	24.10492217932455	51.22	3.0	3.338420000000002	0.3310205096007738	0.0005982963431452517	0.8335628642512679	1.2018589960710395	inactive
2.6122685185185186	0.4940740740740739	0.4940740740740739	0.7212588245608211	21.65	264.372	0.9	2.6141296973388872	1.9017661245550799	76322.13064350616	65.22129102278387	31.581850931265397	6.48	4.0	3.0839000000000016	0.1744637442294384	0.0005155623611597073	0.607622111859928	0.8527818398994915	inactive
13.083981459203528	0.011401510400220083	-0.34575850646724215	0.8008719015144092	13.541666666666666	367.25100000000003	1.25	2.592070303338902	1.7511300929724334	312821.41248815204	58.36495954895087	18.33193958023442	32.34	3.0	4.609200000000003	0.4740562465066063	0.0006039637230693857	0.8764974345850893	0.862690913930701	inactive
13.334833167849908	0.047786044973544994	-2.674272150657502	0.6941797098620538	11.037037037037036	390.821	1.2962962962962963	2.980190310402055	1.859802309834288	1167584.920189938	64.69946328066945	20.671642993744936	59.81	3.0	4.562720000000002	0.21827378960219093	0.00030266093749618046	0.7869226936192261	1.2104286551290022	inactive
12.609084939531368	0.3388498362307881	-0.7511712648022175	0.7301288290598454	12.125	361.22800000000007	1.125	2.5887248770457307	1.900281520977484	321276.28959063743	70.46697474163707	22.604567609652335	62.22	3.0	4.256200000000002	0.4947282893758339	0.000735567112926045	0.9538609105689687	1.0943230058533069	inactive
13.466678307546363	0.059824106125165644	-1.0212018665490892	0.5285638164691997	20.305555555555557	506.99000000000035	1.0	3.5994758210857336	1.329275440320441	253357355.6657013	71.51070849635735	52.90287302717395	100.63	5.0	3.854200000000003	0.15311469752990792	0.0001259620120837501	0.6554356951566602	1.3544919382667335	inactive
11.632913307362399	0.010323414704173528	-3.9145843554348416	0.7453942298616116	19.68	384.9090000000002	1.2	2.6005452935115168	1.5907602371152774	411146.2109041708	34.464977926386766	56.18382524400204	81.49000000000001	3.0	2.263	0.6429298372808159	0.0007499898015073893	0.927394128727111	1.0180554551927903	inactive
12.086009070294786	0.06743827160493798	-0.06743827160493798	0.9223830162548663	10.6	288.77799999999996	1.35	2.384686237925746	2.087132921926794	30843.5318013316	58.87505878266952	10.891158250298714	41.99	2.0	4.039600000000003	0.6000933361816174	0.001345766131841824	0.964469508375617	0.778032916314796	inactive
13.169458144368857	0.08567617787855863	-0.7128685988284205	0.7347577330885179	19.12	352.82099999999997	1.24	2.6263968788756795	1.7309878180614306	673098.2449120169	65.44434142789574	17.49804021481163	51.22	4.0	4.5671000000000035	0.39096770225583166	0.0006205113197154862	0.8525595618957906	1.0575512993773317	inactive
14.240698734645118	0.02883723531338167	-1.128896263752415	0.315939341585744	15.720930232558139	584.6520000000003	1.1395348837209303	3.6452646367503942	1.5115227222356136	4853714190.251133	107.4557047104407	57.333973100054656	119.31000000000002	5.0	3.9971000000000023	0.3096325971862677	0.00016800666512783676	0.9124150058868514	1.6029185182644592	inactive
13.37058077207518	0.27813885683779715	-1.0883625178466454	0.37924707760827125	11.914285714285715	487.90700000000015	1.0285714285714285	3.3419518568964097	1.4243680190234207	132326274.80145293	100.45504329032043	36.1929024250131	123.27999999999999	5.0	2.588800000000001	0.19957063863338484	0.00016089785056810354	0.6717817494330536	1.0279989088252781	inactive
12.106437389770722	0.09755401234567862	-0.09755401234567862	0.8046301142264363	10.761904761904763	299.761	1.3333333333333333	2.8054837356965874	1.7709928574863247	82164.20216734595	64.94142585113113	15.291852856560507	46.4	3.0	3.4773200000000015	0.43630778796369424	0.0008265721167969611	0.8680967127445575	0.7322046869132995	inactive
11.454769640332412	0.0072171632146385	0.0072171632146385	0.7857526547833044	16.105263157894736	277.755	1.3157894736842106	2.4719301358531545	1.8856445915190354	24907.168048856383	35.392371257240434	47.7660282596731	47.34	2.0	1.4412800000000001	0.544732584424772	0.0013815989278927352	0.9490639104938354	1.0904454033084419	inactive
12.310906662047534	0.03998696661349954	-0.3339943728797239	0.7628232993700843	19.64	359.8570000000001	1.36	2.938306950476557	1.6730492853066734	526562.2353671018	52.80869171420791	28.14349286203568	74.25	3.0	3.549920000000002	0.4112656080009786	0.0004726649565288669	0.8451208658492476	1.052688676287547	inactive
13.456063595395307	0.03830682581674627	-0.03830682581674627	0.4713190433621258	13.9375	427.50800000000027	0.90625	3.2644919187556796	1.4114098880686667	44837300.30133761	84.42622338169795	47.204326309303575	63.49000000000001	5.0	3.5013000000000023	0.47666586784506	0.00046179392966474574	0.891755712685899	1.1396836919264908	inactive
10.904498771730914	0.3587736205593348	-0.7376851851851856	0.6322035355738016	12.76923076923077	181.19099999999997	1.3846153846153846	2.0993716925496053	2.8351682624881787	795.6618714763005	23.762552697081826	18.69895578343047	78.38	1.0	-0.9134000000000002	0.26324772780817673	0.002325732842390249	0.9170851109658785	0.9246118313057109	inactive
10.4228941568092	0.2527440499398922	-1.162324395761653	0.5616544918724433	20.227272727272727	299.4340000000001	1.1818181818181819	2.3585739479031846	2.791584958361643	40499.073259445584	58.74853876128035	5.969305287951849	40.129999999999995	1.0	4.267900000000004	0.7973898641248615	0.0016718362471829654	0.9445427573975445	0.4757501959772516	inactive
10.795761526832955	0.03932917611489062	-0.8626851851851856	0.5798346457518468	12.833333333333334	167.164	1.3333333333333333	2.0826293264561286	2.962539757428968	497.74840902301474	23.762552697081826	11.65128380075328	92.37	1.0	-1.1741000000000001	0.4444103048494116	0.0032614577914494747	0.8240350029121966	0.5157342372741774	inactive
11.787664294112705	0.033930566053582245	-0.6333585285966234	0.846115152587301	18.047619047619047	302.73699999999997	1.0952380952380953	2.6840195865884002	2.1447089101189727	74991.50724927991	52.04482313114036	13.08951281182515	81.21	3.0	0.8383999999999996	0.3889571820194148	0.0008625325672160842	0.8213409069171174	0.8594933170311622	inactive
12.748456160241874	0.0065493905895688265	-0.35714852607709635	0.6887651703545593	25.5	296.366	1.1818181818181819	2.85520131776517	2.0163335601274475	140495.89124327071	39.95964463378047	18.173371857242795	43.370000000000005	4.0	3.4433000000000025	0.4395145071965037	0.0010006399839474808	0.8140704256744101	0.6978648349131567	inactive
4.4344855442176865	0.6431944444444444	0.6431944444444444	0.4639437938300225	8.4	149.218	1.3	2.029573889867405	2.6687661861354384	251.66716234355823	35.89528683400505	5.1612618521255476	12.36	1.0	2.2894000000000005	0.6069049501082566	0.0054148787768602885	0.8962122889817631	0.48325617880252497	inactive
11.956280706727135	0.1611545729402868	-1.2108693415637861	0.6450980075832928	10.8	267.21599999999995	0.9	2.4486928160349595	2.3623328534654777	42910.89290819663	52.68789705520363	0.0	99.39	3.0	0.6807999999999994	0.5565116153079089	0.0013888360114899013	0.819641265389127	3.752451556732001e-05	inactive
5.311495995671612	0.557865176678586	0.557865176678586	0.22525095909642437	9.466666666666667	472.69000000000005	0.7333333333333333	2.7146714800412326	1.6085845158317489	4405640.344958916	48.53093654769288	33.636910285525765	72.84	2.0	5.208400000000003	0.5244418197877677	0.00033890535431176766	0.9463979177088558	1.0457447245771614	inactive
12.612684424078275	0.010998467288150238	-2.9346536883271694	0.620672123984499	12.346153846153847	382.36800000000005	1.2307692307692308	3.0398262457155956	1.8625541543479762	891957.9763228529	36.156239840307975	35.00795570306005	84.64	3.0	2.5134000000000007	0.3244491886379459	0.0004015340802625141	0.8044607202381092	1.022317283307864	inactive
11.374751904524182	0.27678902116402093	-0.4813616174520903	0.824038802731227	13.727272727272727	298.338	0.6363636363636364	2.4647686701849887	2.000803251459526	69045.56475789209	47.52510539416365	0.0	92.24	2.0	1.0383999999999995	0.3650762148390029	0.0006801087369078189	0.8466697919023031	0.9874151810045122	inactive
12.649007542831948	0.24596245905769742	-1.3838408604182415	0.7078710391207692	12.333333333333334	344.4160000000001	1.2083333333333333	3.0065977799893377	1.900572833941512	353332.36450656696	41.216775755240356	28.39645061661395	75.41	3.0	2.5288400000000006	0.27598773016505024	0.0004616373493223578	0.7633472054574529	0.9788365634889818	inactive
14.161317572226888	0.07328736369050204	-4.529249514788037	0.3030879095407904	11.416666666666666	504.49800000000016	0.8333333333333334	2.877575893411334	1.5805957460521645	151418089.5525187	95.74121444915069	35.69291518410296	109.03	5.0	5.434700000000003	0.4634538749577755	0.0003164802332919889	0.9168009033398161	1.248957748799019	inactive
11.646342592592593	0.03300925925925968	-3.6937962962962962	0.5358753000260388	18.357142857142858	231.65999999999997	1.2857142857142858	2.36135916759743	2.7395510187947147	1773.3807348656699	29.828919765543436	24.63413093293358	54.45	2.0	1.0274	0.3083950602013719	0.0015933037403615133	0.7942314357158163	0.297805991209348	inactive
12.67700176366843	0.13149339674141225	-3.5520317092886518	0.7007226624358107	12.125	362.4760000000001	1.0416666666666667	2.9311561786184206	2.140520173640123	337317.4530354078	58.88474062681671	29.76918689571092	59.38	3.0	3.0827000000000018	0.5332073826709138	0.0009019714998789554	0.9361842470312606	0.8686082124496237	inactive
12.184452554169816	0.16328278533635654	-0.16328278533635654	0.8205297148032966	13.428571428571429	296.39500000000004	1.0476190476190477	2.5469836688474747	1.7648507418344488	92832.46076215275	65.72420659954848	17.56437301998884	32.34	3.0	3.1541000000000015	0.4319654973609597	0.0008110648290827482	0.7897381140686998	0.5776718019465715	inactive
5.02974678760393	0.3872713529856391	0.3872713529856391	0.612708599241346	10.416666666666666	178.216	1.5	2.4267796415823466	2.6621920240710417	876.0674506112272	18.19910120538483	12.093776062224741	36.22	2.0	1.1063999999999998	0.7345413035500037	0.006314859272155818	0.9041669880031092	0.12077416208055432	inactive
5.90623078861174	0.12029604434366359	0.12029604434366359	0.678904763302996	10.23076923076923	211.653	1.2307692307692308	2.525079207194592	2.52306831018065	1502.4221282807823	29.288101587587768	10.197363616602075	38.92	2.0	2.2958	0.48172229847503656	0.002117971897052045	0.777922230432919	5.45717230074023e-06	inactive
12.39362932431926	0.03877419047069108	-1.4166887724922732	0.31130761907541876	14.382352941176471	497.9160000000003	1.1764705882352942	3.3710696959669253	1.5495375010577677	40895039.79004126	84.95725946959364	21.967447835699073	139.48	4.0	2.6515400000000016	0.5028404411656412	0.000305266165971194	0.8640112878530475	0.8007118227367417	inactive
12.872300878684808	0.10710836237787302	-0.4982775363231715	0.48215869965057484	14.458333333333334	346.7700000000002	1.125	2.61702014277654	2.0428927291667525	331419.430881221	68.72842404513216	37.009832736033594	72.67999999999999	3.0	3.315800000000002	0.3430503010931983	0.0005656075005208142	0.8185641985605112	0.9979856960168403	inactive
11.799960737381372	0.04861111111111138	-1.7621645880574446	0.46283726064584213	12.96774193548387	417.3050000000002	0.6774193548387096	2.7057462056088286	2.3779331413689304	5600840.530686163	88.02627775819782	23.691160810220488	183.57999999999998	3.0	-2.822099999999999	0.1864034345624413	0.0002322034233438417	0.718979146402608	1.0058954862871867	inactive
12.637713100142957	0.057995716805239406	-1.6321886285378355	0.09320452909200135	11.515151515151516	971.659	0.8484848484848485	2.760737474283807	2.4289164130155654	14909307.515120214	62.29077554381948	5.969305287951849	93.4	4.0	7.0339	0.17293670524093285	5.1998121402297306e-05	0.5766938252151783	0.7018899152400504	inactive
11.142546296296295	0.08675925925925898	-1.520325018896447	0.5487783430400792	12.333333333333334	209.15699999999995	1.2	2.134167331446985	2.9526811232485635	1641.1746778827317	17.696185628620217	12.011146117099809	135.33	1.0	-3.472899999999999	0.4992112155985413	0.0027360952843777492	0.9409816234279692	0.5413028052931683	inactive
13.56390164399093	0.1107674057277237	-3.0333353410808757	0.42477262243527764	36.59375	441.41600000000017	1.1875	2.6996376544886194	1.9740875357967511	8427682.935942445	35.90493987237732	75.99532602857748	178.13	4.0	-2.3234999999999975	0.21184142059776767	0.00044482053642385305	0.9057350968253155	1.144887884964518	inactive
11.776521852032314	0.04179894179894239	-0.46079441949211053	0.8803727748202064	16.2	343.37900000000013	0.96	2.6201177573847145	1.9511611860250957	483005.6079850852	40.95582274893743	27.874149029745176	85.84	3.0	1.2890999999999995	0.5212020469325421	0.0007183804522791058	0.836280834414177	0.5967634781693076	inactive
11.845030155580751	0.11754629629629587	-0.405692764760224	0.8134326136704578	18.454545454545453	293.36600000000004	1.1363636363636365	2.6956069611988367	2.0726190087612197	135880.15570011095	71.80987974475464	24.534178948588206	49.36	3.0	2.0098	0.1617731175565843	0.0004744852549237876	0.6955999217233682	1.1389603045028949	inactive
11.938624328863776	0.06866595455054503	-0.928634458157817	0.3854614323525041	39.592592592592595	400.87900000000013	1.3703703703703705	3.5199062188150845	1.7254085350356636	1513883.5054626174	16.96591324090948	61.11110353626299	91.76	3.0	3.3385000000000025	0.17146597136799405	0.00027213871251869975	0.7226773285770377	1.1172811463334442	inactive
12.205909273431594	0.021649187452759122	-0.41608465608465495	0.5168910937051027	12.318181818181818	356.22300000000007	1.2727272727272727	2.5298936622055375	2.1441579098417796	93950.13103966483	69.96461658329149	10.891158250298714	65.78	2.0	3.6284800000000024	0.5702108556639066	0.0008781464924165973	0.9489353244939042	0.9355976774004261	inactive
12.379869641829272	0.15817499210607044	-0.15863258635069633	0.0943534675467736	12.090909090909092	477.8190000000002	0.6363636363636364	2.8294196336962094	2.1128268600341302	17722876.260251813	29.828919765543436	24.081894465958346	26.3	1.0	9.511999999999999	0.3950924781206718	0.000258819618395105	0.8893803623683422	1.272132909164085	inactive
15.350850729774827	0.15456586518139526	-2.930690719910033	0.18691340392833472	35.6	830.97	1.0166666666666666	3.892311533181662	1.3559423419057401	22907726348958.035	70.93452509437688	128.61031590253958	133.87	9.0	5.121200000000005	0.3570167142896979	0.00014019476263589165	0.8664325929600645	1.3954125112477167	inactive
6.254267197632547	0.784475844605264	0.784475844605264	0.19372872136771097	11.96774193548387	414.5970000000002	0.7741935483870968	2.7890988804707955	1.9717721958125656	11148452.168271601	66.73003775307771	31.16497205810954	55.92	4.0	4.988400000000004	0.15721750568019094	0.00023242692475613182	0.6878759980185224	1.184620282482115	inactive
12.81704936375887	0.04093733094270746	-1.5379101824001717	0.262596957866912	19.970588235294116	522.5660000000001	1.4705882352941178	3.5018179448379563	1.4733419107330508	47544458.88068257	46.50027915987619	68.52573332829678	180.25	4.0	-0.3536999999999985	0.3879225671047666	0.00030905238194242146	0.9064182511964785	1.0569619174035176	inactive
12.031900510204082	0.14527919501133812	-0.6050149071974464	0.6041792298260721	10.470588235294118	246.29099999999997	1.3529411764705883	2.6754122628612373	2.332144772251868	9171.313237088321	41.21677575524036	17.02299265082355	67.12	2.0	1.3737199999999996	0.6979772684487191	0.002574703832151163	0.9229808156609315	0.5907146947662151	inactive
6.101299340723944	0.7751196250104984	0.7751196250104984	0.3319037898661971	11.208333333333334	314.41200000000003	0.75	2.605137435237206	2.2743408321952256	449292.42263074947	66.73003775307771	0.0	55.92	4.0	4.131800000000002	0.2509155820431565	0.00045108957587718584	0.6647045293362182	0.6447247301193664	inactive
13.229887723607963	0.02949137062232232	-1.675226234567901	0.10146292580021792	15.090909090909092	971.6589999999998	0.7575757575757576	3.0813792969485467	2.0541299450535324	22727637.418433093	68.75780244293809	5.969305287951849	81.65	5.0	7.433800000000001	0.15406752994876385	6.188604189762256e-05	0.6373316371393758	0.9488628630952365	inactive
13.229887723607963	0.02949137062232232	-1.675226234567901	0.10146292580021792	15.090909090909092	971.6589999999998	0.7575757575757576	3.0813792969485467	2.0541299450535324	22727637.418433093	68.75780244293809	5.969305287951849	81.65	5.0	7.433800000000001	0.15406752994876385	6.188604189762256e-05	0.6373316371393758	0.9488628630952365	inactive
12.480727867535904	0.03947609599395352	-0.38742724867724765	0.45589958227114014	12.291666666666666	384.27700000000004	1.2916666666666667	2.5971955390823163	2.197095183290181	258337.84588143983	69.96461658329149	10.891158250298714	65.78	2.0	4.408680000000003	0.5668607835999383	0.0007540148642899854	0.9825030335447491	1.1220405693249813	inactive
12.649007542831948	0.24596245905769742	-1.3838408604182415	0.7078710391207692	12.333333333333334	344.4160000000001	1.2083333333333333	3.0065977799893377	1.900572833941512	353332.36450656696	41.216775755240356	28.39645061661395	75.41000000000001	3.0	2.5288400000000006	0.23501002371080607	0.00040805543348985935	0.7372906398318795	1.150241736371184	inactive
5.581143235071806	0.701530612244898	0.701530612244898	0.5248553986921212	10.842105263157896	270.333	0.9473684210526315	2.461196080109552	2.5954897592609907	31847.877276617604	40.908315175056885	14.219595082555067	32.56	3.0	3.6968900000000025	0.2640494752517298	0.0005148992247309327	0.5743185230774195	0.13806741260267083	inactive
2.42008993338916	0.9706481481481481	0.9706481481481481	0.1917076370685416	11.241379310344827	397.67100000000005	0.6896551724137931	3.0823930300042592	1.4486517269661767	4193460.0920274747	54.11337847523112	4.567099647791355	8.809999999999999	2.0	7.613620000000008	0.4054450786181308	0.00036789027518643023	0.8234249722185197	1.0247188720886102	inactive
12.438445294784582	0.05689814814814809	-0.3928856449987401	0.9004764649849134	42.958333333333336	327.42400000000004	1.0416666666666667	2.5588924534778132	1.5268006796747136	478448.9164890141	23.259637120317212	12.648722793660877	81.37	6.0	1.9912999999999996	0.1910602523454097	0.0005458118228884885	0.7644580315024907	1.115238108831276	inactive
5.377353316326531	0.3208257747543466	0.3208257747543466	0.5213895408694755	18.166666666666668	171.18	1.5	2.535597109551413	2.0752881638060607	1054.8083975733878	6.196843571613076	31.57464328533026	68.4	2.0	-1.4874999999999992	0.5944014288226805	0.0047515165473632015	0.8793147820051067	0.5188852711577308	inactive
3.449898746535651	0.506435185185185	0.506435185185185	0.6624613878903269	23.857142857142858	274.367	1.0	2.9257728422595037	1.8388264886204377	184607.48902804792	70.91521901763232	22.973401063622838	19.03	5.0	3.669900000000002	0.30661787391951	0.0008252169373805055	0.7287483869809209	0.6847057598055009	inactive
11.261375263903307	0.30601440816501824	-4.2612917298639585	0.054960445192164725	17.77358490566038	751.991	0.6415094339622641	3.451730171486395	1.2514699460450647	338498308238.3748	132.15248786582637	60.823524603607844	120.65	6.0	8.370300000000006	0.4762061454845171	8.760992281947827e-05	0.820194315929358	1.0212583236622081	inactive
13.611397350645184	0.011605725623583085	-4.949697238690822	0.5439477250298663	15.375	459.78700000000015	1.09375	3.342545875538104	1.7443248982169166	16782214.221351206	82.58310743899814	23.76446853751753	85.94	4.0	4.312000000000002	0.39549981422440567	0.000276413413341617	0.8351621505587223	1.0877995519281507	inactive
12.89780536174507	0.1593123069023461	-0.24300256346130555	0.2514867782064568	13.738095238095237	570.6100000000005	1.0714285714285714	3.6010812773838765	1.0900613289281638	6047680557.443069	66.35759867946456	75.11038777541512	155.68	6.0	3.839000000000003	0.622265154995741	0.00026888826412439456	0.9049630988730182	1.0207051778110292	inactive
12.994412746404887	0.02899380494979331	-4.971492416455668	0.37511211550132484	11.966666666666667	510.24100000000016	0.9333333333333333	3.156637024661853	1.8881718674790833	3539000.467459143	51.99782490999606	20.63788888433553	76.83000000000001	3.0	5.104800000000001	0.1828740553436557	0.00021966173472672738	0.766242786399272	1.1141707153780807	inactive
11.268425925925925	0.09009259259259217	-0.5243518518518515	0.49855403671946735	10.285714285714286	189.14999999999998	1.2857142857142858	2.1804863586584204	2.8831748525258547	1862.1353502942911	40.57663011422509	9.90728956976488	79.09	2.0	1.2166	0.289756349897716	0.0014071000589324773	0.638098422523242	0.07854644113572319	inactive
12.313906923804112	0.14357136176580565	-0.9299534965025715	0.7654298757934812	14.826086956521738	332.74700000000007	1.0	2.5406479492357668	1.683680282419084	181951.04353246867	61.88648131229696	36.98611508385228	85.88999999999999	3.0	-0.06279999999999974	0.3348799595006886	0.0005688471924041014	0.8207343248501673	1.03370252937103	inactive
12.375434914145233	0.12129898851718712	-0.9508324661411154	0.7788383085618789	14.64	362.77300000000014	1.12	2.6009554723308885	1.6883123612502122	455344.072630024	61.38356573553234	42.09264247869299	106.11999999999999	3.0	-0.5704999999999996	0.10617551416970825	0.0003582961458557995	0.766735344928541	1.2284939210507402	inactive
12.319702590912907	0.1470318930041148	-0.9320246307124009	0.7654298757934812	14.826086956521738	332.74700000000007	1.0434782608695652	2.5327724573518062	1.6980416542680925	179107.53709409034	61.88648131229696	36.98611508385228	85.88999999999999	3.0	-0.06279999999999952	0.1338477193874671	0.0004075539060515139	0.7325208028495879	1.1857174341988506	inactive
12.940165122067594	0.17571093935992876	-0.9529646733599024	0.7369461152069461	14.826086956521738	316.2920000000001	1.0	2.5406479492357668	1.683680282419084	181951.04353246867	62.68106883960153	36.98611508385228	85.88999999999999	3.0	-0.5770999999999997	0.2353341974146703	0.0005414873334954773	0.7781409464368273	1.05497773860139	inactive
12.33135412306949	0.16316119953746178	-0.9446725991337626	0.6731421830079837	14.5	326.31200000000007	1.0	2.6035810657570537	1.6730081744681473	318303.40677519434	62.42729949025263	43.272275606981836	102.96000000000001	3.0	-0.9036999999999991	0.40943716535932945	0.0007425612414553233	0.888298747916041	0.9681888923982802	inactive
12.342430798918896	0.004858418890220317	-0.9366119784357789	0.752204775001507	14.708333333333334	328.3280000000001	1.0416666666666667	2.6035810657570537	1.6630999979028904	318303.40677519434	62.42729949025263	42.09264247869299	106.11999999999999	3.0	-1.2238999999999984	0.11918750718741694	0.00038334298507609866	0.7035066986541378	1.1719290127304158	inactive
12.334166336108975	0.1603489864979759	-0.9425291381990928	0.7080984019701261	14.291666666666666	323.31200000000007	1.0416666666666667	2.6035810657570537	1.6763701269496654	318303.40677519434	62.42729949025263	36.98611508385228	109.67999999999998	3.0	-0.8445199999999997	0.336559164556961	0.0005946889506336687	0.8175706292484101	0.9676308915132776	inactive
12.607290678951726	0.25187025983743094	-4.386884146616602	0.7601871365235974	15.192307692307692	366.29900000000004	0.9615384615384616	2.596683857571442	1.660736848483646	580452.3227860898	62.42729949025263	36.98611508385228	85.88999999999999	3.0	0.3026000000000004	0.34339305323605634	0.00047856921684421037	0.8288781759340316	1.0331845153340464	inactive
12.446448076067483	0.08573422524044849	-0.8203459819801815	0.8635500839993056	21.333333333333332	370.2160000000001	1.125	2.5583121838100777	1.5979800277411278	266964.99300494924	33.561156436873816	54.96625015468982	83.82	3.0	2.0242	0.3041156022999588	0.0005459839787933416	0.9129249143276741	1.2545467123736302	inactive
12.446448076067483	0.08573422524044849	-0.8203459819801815	0.8635500839993056	21.333333333333332	370.2160000000001	1.125	2.5583121838100777	1.5979800277411278	266964.99300494924	33.561156436873816	54.96625015468982	83.82	3.0	2.0242	0.6776031967418464	0.000945952874344998	0.9091189667605571	0.6666543416828954	inactive
12.330362387532302	0.1271158980376148	-0.9181717739516186	0.6259986221015148	14.826086956521738	424.1980000000001	1.0	2.5406479492357668	1.683680282419084	181951.04353246867	60.43403026962103	36.98611508385228	85.88999999999999	3.0	-0.11159999999999992	0.5584998973946677	0.0006272239810123605	0.9196056695394326	1.0481825874326445	inactive
13.727252697081791	0.0312348570301213	-0.9215597363248669	0.20873870073421624	16.88372093023256	598.6720000000004	1.186046511627907	3.5797553424745736	1.8223963675032282	2223265992.5357924	65.31872330244161	59.86607270821816	156.7	3.0	2.8249200000000014	0.17855609816500462	0.00017483433071035267	0.909041557610536	1.5746437933586377	inactive
13.407840008313633	0.07595695323328777	-4.552733393434985	0.3771802780240806	12.0	471.4540000000001	1.088235294117647	2.818022270039094	1.915485109844556	29197731.637478493	108.21988893441153	23.343094385562793	62.300000000000004	3.0	4.858700000000004	0.26846421260693676	0.00027624563143447626	0.865786274155161	1.4496977200756782	inactive
12.993254440665154	0.0323444192491813	-0.30887188208616867	0.721577144713263	19.12	352.8210000000001	1.24	2.6147932967678185	1.6844274440931828	678544.0900978424	65.44434142789574	16.995124638047017	51.22	4.0	4.781500000000004	0.3109245252906918	0.0004345625514919485	0.742693853479605	0.6355360004818744	inactive
13.103515054169815	0.010167216734191742	-0.8365343915343921	0.5242995641359965	12.137931034482758	411.57100000000014	1.2413793103448276	2.712470616189343	2.494655454824044	2116291.2745158547	72.57374832782217	35.35171717582099	62.300000000000004	2.0	4.118600000000003	0.0975453989102119	0.00021135272057453704	0.7609294341758709	1.4778032611145089	inactive
13.734303981936106	0.029031242126480006	-4.290180579176113	0.7731762054744729	17.318181818181817	352.7900000000001	1.1363636363636365	2.7204331486554967	2.255937665730199	76120.43993252945	29.833542887476618	55.58913150444779	57.690000000000005	2.0	1.4266000000000005	0.1658793657988674	0.0005735587407417112	0.8332637999719522	1.1171303546561346	inactive
10.313310027714788	0.06832577475434598	-1.2621450617283945	0.5083578733846509	11.384615384615385	305.116	1.3846153846153846	2.0845175502848488	2.9154921836053522	758.764388303685	38.30423855049888	5.969305287951849	40.129999999999995	1.0	1.3118	0.7991869679980405	0.0034786489458383777	0.949522904331285	0.44951129912086923	inactive
11.529562642209267	0.05856970745904788	0.05856970745904788	0.7786909838817738	18.0	294.826	1.2	2.5266846325615187	1.7436760796771433	42165.31314818662	35.89528683400505	53.807869088821064	23.55	2.0	2.3907000000000007	0.6412879503798633	0.0015040412049837696	0.9833217217866258	1.1265299152008763	inactive
13.527097033257746	0.32170611300075613	-1.187984339569161	0.6553457927666312	21.296296296296298	379.8030000000001	1.1481481481481481	2.9236994766459277	1.6829919224474048	2544817.261467382	65.44434142789574	23.529154727149702	71.53	5.0	3.6224000000000025	0.3466911917322111	0.0005102242368926007	0.8005563892194819	0.5217986861619015	inactive
13.757011999244142	0.014613331443688926	-1.1004148951247168	0.6874018874184689	17.7	423.90000000000026	1.2	2.7391235825446807	1.8026933959996934	6432371.560844315	65.44434142789574	42.40047364036799	71.53	4.0	4.025500000000002	0.19500616841558638	0.0003825419562582828	0.971969481457074	1.2500271074027542	inactive
11.891186696900983	0.037777777777777466	-0.037777777777777466	0.9447912826491959	10.11111111111111	305.17499999999995	1.3888888888888888	2.318561520232321	2.0346835172849502	12608.337547023362	58.32514498476061	10.891158250298714	41.99	2.0	3.3337200000000013	0.588095059016406	0.0012804777853378342	0.916566066481755	0.9532956292517792	inactive
12.433020360108443	0.15335131987954842	-0.1543132728652763	0.5402549212406945	14.387096774193548	440.9310000000003	1.2258064516129032	3.232610344033501	1.3579222478113835	15411870.658862377	64.59013955825972	21.08852186690079	90.14	4.0	5.234320000000004	0.1298212299571569	0.00019907602046880882	0.7540266610010207	1.3759619321645682	inactive
12.858009259259259	0.19929106827916332	-0.3910596182917616	0.7580478953604063	16.32	357.77700000000004	1.44	2.8925133923667565	1.7058407419378558	705420.3811036198	51.663153736324595	22.065139862602987	87.32000000000001	4.0	2.048899999999999	0.3174550522776245	0.0005403942894143774	0.839121100330957	1.039891249099308	inactive
13.05649896069539	0.2942554274796345	-2.0270121173469384	0.7142602112235322	19.074074074074073	381.81900000000013	1.2592592592592593	2.6627577865968983	1.779347663224515	1459926.188204201	65.44434142789574	28.952537357168115	82.53	4.0	3.0810000000000013	0.21406241001634335	0.0003664621235414056	0.761745942673525	1.1407740615645354	inactive
11.7739728960914	0.04967051944234546	0.04967051944234546	0.792107514020502	22.043478260869566	336.8630000000003	1.1304347826086956	2.6359178840882076	1.7254896140213078	270761.4850535407	35.89528683400505	60.97979218869892	32.78	3.0	2.537300000000001	0.5392698888704508	0.0009014428519192077	0.89109035607784	0.9580004336472916	inactive
12.142516061980347	0.029510582010581876	-0.029510582010581876	0.7727476043307818	10.590909090909092	310.78400000000005	1.0909090909090908	2.5342456995710876	1.6837584889409913	136717.48700046103	71.51070849635737	10.891158250298714	41.99	3.0	4.459500000000003	0.5860991336277611	0.0011629363391768156	0.945197173535143	0.9857759691465322	inactive
12.940569255479968	0.25953320525741197	-2.0282621173469386	0.6488314776296842	18.923076923076923	367.7920000000001	1.2307692307692308	2.6245563324867867	1.760974244269352	938221.1486247116	65.44434142789574	21.904865374490925	91.32	4.0	3.0567	0.24605369704268124	0.0004117963230946959	0.7616314330898926	0.9967321358952239	inactive
13.065030444276477	0.039855634640687754	-0.3910465482489298	0.8844930754978017	19.73076923076923	369.85200000000015	1.0384615384615385	2.666684982100673	1.4648376250614004	1176509.4138830316	59.1170213531312	42.89329481320379	52.650000000000006	4.0	3.114600000000001	0.466919080242921	0.0006473137004060086	0.966405417104101	0.9662668951772396	inactive
12.44100566718457	0.06476971646479202	-3.4722639125094488	0.7837492303088659	17.2	316.81000000000006	1.15	2.4676186568840226	2.0917933675153715	30795.880837912602	29.828919765543436	55.58913150444779	57.690000000000005	2.0	1.0667199999999997	0.4381286740187952	0.000880169254487566	0.9119937614402238	1.1112439583672604	inactive
13.306077723916829	0.35323385108558325	-1.1823625020996051	0.42042837942971256	11.428571428571429	487.8830000000002	1.1428571428571428	2.841160312753648	1.6288572810576734	69047707.62778057	104.10908822106657	21.365437627441572	148.04999999999998	4.0	1.7351799999999995	0.105053737146855	0.0001519607910420873	0.7315142478537416	1.561059416248968	inactive
14.148645262789035	0.005878763542454202	-1.1483587745627788	0.5304984162716775	19.513513513513512	518.0170000000003	1.135135135135135	2.9233024589744216	1.4492559087384125	291739925.8920867	65.44434142789574	65.92882143542697	98.56	5.0	3.995180000000003	0.29818336419555674	0.00024194611129246062	0.8680865513355115	1.3743189111223733	inactive
12.496743039808514	0.15113780234315954	-0.17032942806752294	0.5987056915894614	10.807692307692308	363.78800000000007	1.1538461538461537	3.160962512399325	1.5665823598586595	1543681.3306303094	65.44434142789574	26.416610249909485	94.76	4.0	2.8786000000000014	0.42874434597791644	0.000508232859181694	0.862970301378004	1.012979554917465	inactive
14.075284008269668	0.03810672277386118	-4.472351731787574	0.4730147913048297	21.58974358974359	562.9760000000005	1.1538461538461537	2.9108876620036606	1.4548654643422583	514456476.1314584	65.44434142789574	73.3713021683686	92.79	5.0	3.9265000000000025	0.17583125258118015	0.0001440058363959175	0.7040301937375538	1.0736106533853338	inactive
11.92378306878307	0.14484567901234535	-0.14484567901234535	0.9340460453717606	10.0	276.72299999999996	1.4210526315789473	2.389021980136595	2.0521995384515184	21945.555909534763	53.31160729097252	18.000955791576246	51.22	2.0	2.924800000000001	0.5482465702622326	0.0012669238221320802	0.9025687771432946	0.8649553499163629	inactive
12.114874811035524	0.15007432602670678	-0.15007432602670678	0.8051952011122818	10.523809523809524	297.745	1.1428571428571428	2.4739761554776227	1.8039060510745435	80913.86414105113	65.31386492474428	16.10454334595358	54.88	3.0	3.4644000000000013	0.3358757547170916	0.000854918279369235	0.8678998657835213	0.7359146307318419	inactive
4.59581427941547	0.8368055555555555	0.8368055555555555	0.6720651392407754	10.954545454545455	294.382	1.1363636363636365	3.203624422542235	1.7002081149140684	221908.65650065555	54.50480798468553	19.51903521063298	57.7	3.0	2.882600000000001	0.2640827327125448	0.0005129288622668976	0.7573480429002105	0.9484726209581866	inactive
12.111081309838749	0.04283352229780779	-3.5357850276627327	0.8941796469981774	11.08695652173913	352.82300000000004	1.3478260869565217	2.3809237873532596	2.131486862294101	84746.60128705192	57.53078657866	25.564724418139058	90.22999999999999	2.0	3.189420000000002	0.33478912890008833	0.0005085318269298037	0.8839741445111914	1.1472886317356252	inactive
12.035933484504913	0.13632716049382676	-0.13632716049382676	0.8022492207594811	10.65	285.714	1.3	2.8768354939067122	1.7746352324759036	60410.66853654705	53.44208379412399	15.989840058599752	68.98	3.0	2.4216000000000006	0.5423606815897399	0.001138830306377388	0.8875171865931606	0.8406463238962193	inactive
13.551195304415003	0.01911295060826035	-3.0183452579610943	0.3487801243823115	11.675675675675675	508.4800000000002	1.027027027027027	3.4284810507554018	1.6684929121737753	263945042.17345536	108.21957329350825	34.9385779929561	98.52	4.0	3.921300000000003	0.4632822972253785	0.0003871495228254597	0.9440346539851999	1.3822725981728008	inactive
13.542964851740104	0.04376770782795303	-1.0612922545561438	0.39438438669308923	11.485714285714286	474.4920000000002	1.1428571428571428	3.4261598167526133	1.6716857526389999	121413729.93245398	108.3522121415602	35.436870447787534	97.56	4.0	3.9643000000000033	0.07947449282000857	0.00018635877555219524	0.7687322513369635	1.344701252722661	inactive
13.705893092480846	0.12307454939173912	-1.0247263164525073	0.37973791390256123	13.972972972972974	498.5380000000003	1.0810810810810811	3.4219070281600916	1.4608796674648212	313614001.3455133	113.78302478520524	41.540836835535835	98.52	5.0	3.4337000000000018	0.2545899177993915	0.0002183631071786199	0.8581629242204111	1.414159471190455	inactive
13.611448814108412	0.03926343222474182	-4.542613654350407	0.480567067302848	11.966666666666667	430.857	1.1333333333333333	2.6709232082803296	1.878543060084816	3819922.321404028	94.26743003990998	17.06745676774219	41.99	3.0	6.327520000000004	0.3383118923360572	0.00032094044675974896	0.8453948891211218	1.2013473092629932	inactive
12.924921107331823	0.23405580750818844	-0.23405580750818844	0.6944039781765455	10.32	351.837	1.12	2.6222173340932575	1.898347541058887	560797.8879385204	89.2068941249776	11.01509303328528	45.230000000000004	3.0	5.2821200000000035	0.16326016685571082	0.0003667447610465833	0.780705451865378	1.1274731602043144	inactive
12.17346419123205	0.14442050894431824	-0.35338662307209434	0.9232317282403855	11.090909090909092	318.804	1.3181818181818181	2.390442312937471	2.0844227812100677	60956.2789799055	53.31160729097252	16.492209061282402	51.22	2.0	4.093500000000003	0.440696833008729	0.00083163497565975	0.8858080879600936	0.9277819541973172	inactive
12.743129215443497	0.13256294325964224	-0.13256294325964224	0.30609727438776685	11.0625	458.9740000000001	1.0625	3.143949791663013	1.3403985568029242	27774513.90179397	89.2068941249776	15.875136771245923	66.91	5.0	6.731120000000004	0.19915942315833202	0.00013171970276409985	0.617274327150906	1.087446145149536	inactive
13.337686025027294	0.025358366180876946	-3.3297983689761526	0.6866790932370298	22.344827586206897	428.8970000000001	1.206896551724138	2.6522236538959323	1.5280336183297258	3370708.3895126865	59.37797435943413	31.668690805887355	85.36	6.0	3.7230000000000025	0.402273617668536	0.0004154472691058752	0.8839021529061596	1.04327304486524	inactive
13.486865630368147	0.06245460915847789	-3.0966898561011567	0.7196173797821003	21.074074074074073	395.83700000000005	1.4074074074074074	2.8321170415099566	1.6824580151550008	972362.0723297794	52.80869171420791	34.066022030130256	74.25	3.0	3.7951200000000016	0.23519990811684174	0.00025873137118024426	0.7061402861879071	0.9165606088960844	inactive
12.401742754800114	0.20145691609977345	-4.2772698150464645	0.8395830161628016	12.0	271.26599999999996	1.368421052631579	2.9217021424111933	2.1759406771806185	22634.426497259516	24.414935212839158	20.711355207129245	44.81	2.0	2.807200000000001	0.22430824080832207	0.0005886108855003809	0.643304411516843	0.6651925350720261	inactive
13.404136117409926	0.054474088105873175	-0.9674675086083819	0.5151793120307513	12.0	445.5380000000001	1.0909090909090908	2.8126662001565284	1.9794358885225227	18434349.283803493	108.21988893441153	16.79833797965022	62.300000000000004	3.0	5.094900000000004	0.1800576744847629	0.00021276419660537103	0.7864526732593896	1.3175592569621846	inactive
13.702780444471689	0.3147136400856638	-1.269867961073318	0.7290679787675891	18.62962962962963	386.8100000000001	1.2962962962962963	2.675424100703154	1.7720711943283907	1663284.4091661437	65.19519520048003	24.607837756089165	60.45	4.0	4.290200000000003	0.2135065146289765	0.0003915803276612832	0.8202152769352747	0.9306564789914304	inactive
13.82947376560562	0.011229232561303482	-0.5598505605946078	0.7866067074544043	10.636363636363637	314.747	1.1363636363636365	2.5214310043638792	1.8309484809688574	125582.39260334737	71.26156226894165	10.891158250298714	41.99	3.0	4.208500000000002	0.3198349448008723	0.0008175423562414503	0.8852753029126339	0.7635358651123378	inactive
12.494149659863947	0.44144573570168855	-1.0941609977324267	0.6948990652545121	11.590909090909092	318.76	1.3181818181818181	2.4947799692723365	2.3169683860839827	83200.91197523242	58.87505878266951	23.970261079528097	68.29	2.0	2.938720000000001	0.20090127585161066	0.0005184340035116118	0.8259852532624514	1.2907853430622367	inactive
12.138600245653816	0.07363378684807231	-0.07363378684807231	0.7914090985550767	10.523809523809524	296.75700000000006	1.0476190476190477	2.499328818970411	1.78543950554549	83397.60403140467	71.51070849635737	10.891158250298714	41.99	3.0	4.069400000000002	0.48673338424792223	0.0009497436770437005	0.8609554909616778	0.8105812859572861	inactive
13.755827427325894	0.06445341266544369	-1.0494706370202402	0.3420222645194764	11.837837837837839	497.5300000000002	1.135135135135135	3.5749599513211754	1.5236092795615805	403547199.2410564	114.54905571317327	32.894172554301356	93.26	5.0	4.447400000000004	0.3074061374570253	0.000284674513497572	0.8975008344119971	1.48522866331723	inactive
13.41191564861839	0.292027745726686	-1.082451236667507	0.3685211675932285	11.944444444444445	501.9340000000002	1.0555555555555556	3.254193799197616	1.4246032111294078	184790677.03979352	94.38867622185882	36.12990089183501	123.80000000000001	5.0	2.8278000000000008	0.271027882050704	0.00021984374191811432	0.7643036125372954	0.9786421204151228	inactive
14.269076239292009	0.05548369656504537	-3.8266221917996357	0.4578153052021635	22.864864864864863	559.45	1.135135135135135	3.546092539028105	1.4468623414219366	297719262.93044233	69.71491293745673	42.456537644495825	94.37	6.0	4.804580000000004	0.1576789500566646	0.00013074815606236128	0.6556257073919362	1.1771777762587727	inactive
13.433165999985778	0.03532959117735435	-4.57304560647447	0.3241329198186727	12.028571428571428	505.8990000000001	1.1142857142857143	2.8121157376617885	1.9527607945526932	40666241.90004908	107.17615517969124	23.343094385562793	62.300000000000004	3.0	5.512100000000004	0.32365949067895783	0.00028936515208343247	0.9423622853981195	1.400353193070727	inactive
12.28273507965833	0.1266846532128818	-0.1649604562771947	0.7118160989310701	10.576923076923077	372.81200000000007	1.3076923076923077	2.999167010105687	1.6475917290967401	858838.4658468544	64.52382013423374	21.031800028371368	90.14	3.0	3.4950400000000013	0.38990270179718384	0.0004873018013109268	0.8784238563090301	1.1756118117612957	inactive
12.014674981103552	0.1685493827160489	-0.1685493827160489	0.8036966931789592	10.65	287.706	1.3	2.8768354939067122	1.7746352324759036	60410.66853654705	53.44208379412399	16.04782150742416	68.02000000000001	3.0	3.0574000000000012	0.5186176504455402	0.0012248613418370665	0.9347988176327434	0.7424850521787358	inactive
13.94986337152886	0.1862188733518093	-0.41940500006246695	0.7114234673284656	14.653846153846153	350.3730000000001	0.9615384615384616	2.671349890567168	1.5627609747621094	1208550.7466912738	76.33178002802121	36.98611508385228	54.720000000000006	4.0	2.2587	0.34626266734923766	0.0006022823170439464	0.8534766874267805	0.9752835685705564	inactive
11.883182791635171	0.03942617787855851	-0.5718518518518516	0.9205334628589709	10.11111111111111	282.106	1.2777777777777777	2.348126187382433	2.2769268291877274	12064.67235077094	52.26787353625224	10.891158250298714	65.05	2.0	2.7143000000000006	0.5110819233528578	0.0014253500710774394	0.9673039178484274	0.5342090371524219	inactive
13.794494558530229	0.06738102717983985	-0.9756516649869831	0.32497708903389283	12.108108108108109	516.6420000000003	1.027027027027027	3.420894717388939	1.6941281527867826	221547596.15236405	112.1494631829109	28.327072906510004	75.19	4.0	5.721700000000006	0.2864334148640276	0.00026935293717809993	0.9328072453907928	1.443843306967743	inactive
13.445657781708329	0.07841349140411169	-4.555598407209089	0.35394380674693243	12.028571428571428	485.48100000000017	1.1142857142857143	2.8121157376617885	1.9527607945526932	40666241.90004908	107.7169733576469	23.343094385562793	62.300000000000004	3.0	5.167120000000004	0.1574147454122061	0.00018219025960602688	0.7095734542356824	1.0870397846007802	inactive
14.179861790446205	0.08174575232733217	-3.0615502900285687	0.33905907037141103	23.45	580.1100000000004	1.15	3.531306383844399	1.2687273805744057	1392781329.0200608	83.40148006281889	53.746785561992944	115.21000000000001	6.0	4.067200000000002	0.32743708480452544	0.0002003044639209224	0.844455125325868	1.336506315609998	inactive
13.88599821091073	0.02083937174429984	-2.7260612631999406	0.2974748677575381	13.523809523809524	577.5630000000003	1.0952380952380953	3.523774373092008	1.5243461182369282	3439266694.557908	107.8492965647956	47.20445378663327	108.64	5.0	4.5000000000000036	0.4316623664927933	0.00024602653689778707	0.8979078363638662	1.2850143987913238	inactive
13.413117698974066	0.11238326563407752	-3.430201743218968	0.7017684570237395	18.074074074074073	404.8500000000001	1.1851851851851851	2.608583706257479	1.7181035984026545	1290933.295968995	65.19519520048003	25.06180884137444	76.13	4.0	3.927000000000003	0.37283340668203685	0.0004887952964360677	0.8486650182382209	1.127009096278888	inactive
11.863408919123206	0.07558641975308622	-0.07558641975308622	0.9206778468684544	10.11111111111111	260.724	1.3888888888888888	2.318561520232321	2.0346835172849502	12608.337547023362	58.87505878266952	10.891158250298714	41.99	2.0	3.2246200000000016	0.5595715095504857	0.0015254388533447272	0.9212145252372544	0.9368360976097783	inactive
13.28596308893928	0.026735877725235113	-0.18085829239103002	0.5236891643600986	14.566666666666666	429.99200000000013	1.2666666666666666	2.6961396015716925	1.832828333074693	4834825.379122422	47.245240222510915	23.663815826946156	54.46000000000001	3.0	6.8395200000000065	0.06738256483640362	0.0001692249893841972	0.7128329447570495	1.4767496205245734	inactive
13.549381173013026	0.00407289304610714	-0.3715789556563365	0.7967767738732201	10.523809523809524	280.302	1.0476190476190477	2.499425877948962	1.8239931685626	85055.46262660317	72.30529602366192	10.891158250298714	41.99	3.0	3.5551000000000013	0.5721134320705306	0.0014787673201725215	0.9499358679962375	0.6687616496260305	inactive
12.290048107205845	0.12156648925002078	-0.12156648925002078	0.7642615301574053	10.391304347826088	332.831	1.3478260869565217	2.517155294143046	2.0703855155995137	142002.7987637858	52.8086917142079	17.49804021481163	51.22	2.0	4.403520000000003	0.28377758232634115	0.0004001612905322592	0.718488566930121	0.9626831117832167	inactive
12.531741136764655	0.012541335978835999	-4.379551098411543	0.7715264503890514	11.458333333333334	330.3090000000001	1.0	2.5465686135160746	1.7337423156981118	264170.84169170354	72.05152667431304	10.891158250298714	41.99	3.0	4.434800000000002	0.7626035961917786	0.0015609954689893445	0.9534191250568861	0.5174713941751982	inactive
13.289270224708083	0.13131564650143268	-0.4192960023515584	0.4469103887987044	14.96875	445.9060000000001	1.125	2.8272979442934583	1.4219286547764869	31442968.516459964	89.46784713128051	22.48201873575884	73.34	5.0	5.3670000000000035	0.2927368648149984	0.00034007985589186993	0.9338484721971195	1.2665222644318512	inactive
13.615400898804578	0.07562121355276097	-0.549542181069959	0.8034798510549533	16.217391304347824	316.29200000000003	1.3478260869565217	2.4557914769407683	1.6345597976836848	138899.56593576985	48.300780756118414	28.0102176713323	93.21000000000001	3.0	1.0217	0.4422983299876465	0.0005454660275778601	0.7975635063997334	0.538504779752554	inactive
13.233187524639995	0.054536251420269855	-0.1351881246325688	0.49414937152987515	10.833333333333334	420.4980000000001	1.1333333333333333	3.4270874248382173	1.5883047671017074	11570738.188984279	65.11546658662463	31.79220781875131	93.01	4.0	3.4697000000000022	0.21484517422734506	0.0002476803841365324	0.7445982567874674	1.1575174095174001	inactive
12.639643408145925	0.04773493080238422	-4.193912078323378	0.7937528896103765	19.115384615384617	383.801	1.3461538461538463	3.280463161257601	1.6438154126909748	803569.134129017	52.80869171420791	23.109297596890148	54.02	3.0	4.587320000000003	0.4518121620617611	0.00044506875300570024	0.8635306946028272	1.0410493488936188	inactive
13.674731981157171	0.06614285406722176	-0.9953165154950876	0.42865422230911343	12.085714285714285	469.54500000000013	1.0	3.4129982570995367	1.7614165489781008	98540959.40653165	108.35939579851423	26.766295021544636	101.22	4.0	4.466600000000003	0.0977056380861974	0.000197808290029105	0.7999845665657744	1.3515911286428801	inactive
13.194300673973292	0.010692739237736504	-0.8342904383975818	0.4743084260426061	12.133333333333333	425.5980000000002	1.2333333333333334	2.7411378333828753	2.446643248073823	3464666.646779952	72.57374832782217	35.35171717582099	62.300000000000004	2.0	4.508700000000004	0.06349416672322226	0.00019865485902984353	0.788003610480572	1.5693931350713672	inactive
13.755575469704258	0.027604517220352953	-1.0644352586713708	0.33578392693647235	15.461538461538462	528.5640000000004	1.1282051282051282	3.675168908881867	1.4368494714598217	1221269918.5403326	108.21957329350825	47.644803223284136	107.75	5.0	3.4876000000000023	0.42849694801872845	0.00028914312831537217	0.908491157726284	1.2949629117539547	inactive
12.347999496094733	0.18908436213991808	-0.5837443310657584	0.5814589880726893	10.833333333333334	316.3	1.0416666666666667	3.015103531620906	1.6003011421976239	562582.1377580815	65.58654650496187	15.875136771245923	106.14	4.0	2.3548	0.48128123579074744	0.00094396519824509	0.8869970156226898	0.6538049852626017	inactive
12.854147297808012	0.006449244081368155	-0.2792753212396073	0.8775079348925765	21.583333333333332	343.814	1.2916666666666667	2.9645815007735488	1.619417882534229	505594.55204942485	52.30577613744329	17.49804021481163	77.24	4.0	3.185800000000002	0.44311581938161376	0.0007375326046778029	0.8928199663081128	1.0818302877198132	inactive
12.925844516456163	0.07758739606953902	-4.5908857401500365	0.689875414829245	16.535714285714285	409.7750000000002	1.3571428571428572	3.0337404075170165	1.6638330974676254	2259633.0026925295	46.108932565830216	22.59672202311267	78.21000000000001	4.0	4.072420000000002	0.7007352571741643	0.0009204160662110681	0.9710878340561021	0.8306031158769461	inactive
12.194427437641725	0.07095679012345646	-0.2654572940287232	0.92526688007337	11.947368421052632	274.751	1.368421052631579	2.402008506957951	2.142729297699242	20460.30846226783	58.87505878266952	10.891158250298714	41.99	2.0	3.7856200000000024	0.3835167715979468	0.0009257131893216494	0.8400441994386673	0.9058018967342897	inactive
14.174218906602789	0.027612166326143495	-1.3593691959041183	0.303902093025078	14.976190476190476	572.6370000000003	1.0952380952380953	3.451562916775085	1.5120976610349837	2047565754.0928903	113.08547562616367	46.820048966554786	117.79	5.0	4.471000000000004	0.1705110759619596	7.927215401075911e-05	0.616525477185319	1.151737025351236	inactive
13.270780738221216	0.4204884731670442	-1.002371031746032	0.3812875108943678	11.379310344827585	518.7420000000002	1.0689655172413792	2.7414327371849505	2.052180625220625	3512718.3891955134	94.06316663261966	21.782316500597428	75.19	3.0	4.633600000000003	0.12124937225055295	0.0001371331919930937	0.6593394517025395	1.4690156335330118	inactive
13.512688767636682	0.06693098072562309	-3.835297794629279	0.5385680259145699	21.142857142857142	534.0590000000002	1.2	2.761984508416823	1.4535928458836416	44653362.60556087	71.00779291959275	55.83528543640576	113.50999999999999	5.0	3.1906000000000017	0.25756203191547455	0.00014424999839457442	0.6736965772766833	0.765138209369209	inactive
13.652195175814178	0.021310789103673233	-1.0987072205425383	0.35547420833342624	12.108108108108109	502.5460000000002	1.135135135135135	3.420894717388939	1.6941281527867826	221547596.15236405	113.9156636332572	33.43360030135071	108.55999999999999	4.0	4.183100000000003	0.14019900038198116	0.00020588426008122068	0.8336734345651909	1.5093550058425214	inactive
12.20337962962963	0.13125661375661335	-0.13125661375661335	0.8034989202914758	10.136363636363637	287.322	1.1363636363636365	2.551138689578221	1.7997728140683686	143277.05108409206	72.05152667431302	10.891158250298714	65.78	3.0	3.2876800000000017	0.5345616007949051	0.001120276289048743	0.905201459380311	0.8782490408180633	inactive
13.050636889014864	0.10346387629125697	-0.32233279268497617	0.6409128158093472	15.74074074074074	402.28100000000006	1.2222222222222223	2.680077397554158	1.6810060436540155	1741396.3695251993	58.33424060471385	24.54571219748882	63.25	4.0	5.088100000000003	0.3190237894825372	0.0003424224914148072	0.7195564915580124	0.5859434244840069	inactive
13.038638586441616	0.10024967690371689	-0.37619364885688733	0.6979875672974524	14.964285714285714	376.4360000000001	1.0357142857142858	2.730469430654108	1.4518849945777552	3214745.4888749206	76.07801067867231	48.995822355980295	63.95	4.0	2.1238	0.4093853980508055	0.0005165545581650209	0.9162592099428692	1.201457408323625	inactive
13.738062754728972	0.02227818776474977	-1.115291897623248	0.2935803288603398	11.615384615384615	524.5560000000003	1.0256410256410255	3.652905645457167	1.4627500849737842	1202834907.8176203	132.50619434809644	37.87815107524857	106.14999999999999	5.0	4.200500000000003	0.38253961694013494	0.0002959161317113022	0.924257314097389	1.3484125912170184	inactive
14.314952353784651	0.14965970821039343	-4.421774401128746	0.32361700591241604	17.026315789473685	554.0230000000004	1.131578947368421	2.881698178124176	1.4613104125163907	314745270.66580546	100.16308870363143	32.46059360505314	121.19	5.0	5.217000000000004	0.3414113457906595	0.00018037626229402252	0.7636150445404594	0.9648470948814539	inactive
12.949850403124213	0.09406326110691143	-0.3703967355996569	0.721258772456072	14.72	332.3830000000001	0.88	2.6736485775367362	1.5616541001721636	844701.8369926463	76.58092625543694	36.98611508385228	54.720000000000006	4.0	2.1196	0.2543812575992713	0.0005717286808570297	0.8065959266614919	1.0408993646017226	inactive
12.48851842228661	0.07814496301311569	-3.53603942271353	0.7637371862669537	16.761904761904763	332.8090000000001	1.1904761904761905	2.5388937304506154	2.085381821126591	54149.525483050726	24.26546827384644	62.69892904572533	66.92000000000002	2.0	0.7668999999999997	0.1362507918932485	0.00042266806013284284	0.7418824713902755	1.1703061435218571	inactive
11.470032071904367	0.01645061728395114	0.01645061728395114	0.8581292912258163	16.473684210526315	282.775	1.368421052631579	2.372589839257325	1.9000049365994447	19303.390932197595	17.454223058158533	45.78640358803985	58.120000000000005	2.0	1.73514	0.4054227828175528	0.0011047339733070382	0.8944787246001725	0.8522463834008329	inactive
12.875476662887376	0.17762062232300302	-0.3735922146636439	0.5642162463056617	16.12	354.79300000000006	1.24	2.6055863546511127	1.6932906477980207	672551.3442761905	70.65159445267304	12.514061693864424	65.27000000000001	4.0	3.631400000000003	0.41340830333099193	0.0006312253477258663	0.8599360259937707	1.0595938402113967	inactive
12.688990258382637	0.047531152893255824	-0.31327853363567626	0.6812723117606483	11.178571428571429	382.46400000000017	1.2142857142857142	2.9695628493523887	1.7609712219571634	1929414.0701097276	57.833742830003246	22.299633823167447	89.16	3.0	3.626540000000002	0.48821721340064056	0.0005126024389083643	0.8846204971000994	1.0328163153684615	inactive
13.637589337336811	0.021607806575339117	-3.269545656627264	0.32914460434415393	12.052631578947368	536.5850000000003	1.0789473684210527	3.4227813997487293	1.6837254752354749	334612369.2229909	113.9156636332572	43.000639074350346	122.47000000000001	4.0	3.500300000000002	0.16535469943103148	0.0001766047171374033	0.7575871023809403	1.403562847354	inactive
13.757678071904714	0.020696026739947637	-3.399175286256893	0.33043010054920186	14.975	563.6110000000003	1.125	3.614884646207694	1.4853286713720126	1433838731.646237	108.35221214156022	49.042479903498304	125.70999999999998	5.0	3.4956000000000023	0.23822628345468813	0.0001565982889464894	0.8096468515733299	1.3964463237390592	inactive
12.984450174617173	0.11767077664399062	-0.4264143990929703	0.8208286956164671	12.266666666666667	250.1	1.5333333333333334	2.15551227153585	2.811561750174784	1823.5633817193293	34.60240685186905	11.787183174321845	29.1	1.0	2.895100000000001	0.43346447150693274	0.0010998061060729437	0.7884524306847641	0.5161246228551595	inactive
12.825242346938776	0.26023872511967716	-0.26023872511967716	0.5194983382140537	10.96	368.2230000000001	0.96	2.623226744701067	1.7879275975760685	707379.3239760897	76.66381831325015	15.875136771245923	54.88	4.0	5.342100000000002	0.33803194893149074	0.00047937477760676746	0.8246645833090035	0.9591776610831554	inactive
13.759900294126936	0.0348595288156075	-1.0885503800285548	0.31052442032500177	11.64102564102564	525.5440000000002	1.1025641025641026	3.6427585062897045	1.4927914022276636	1111040062.1673658	120.24298370802174	43.32094274561109	119.04	5.0	3.844820000000003	0.1284066495386815	0.00014787353235671608	0.7525373570589	1.3988705493428442	inactive
13.250514775711835	0.011398022171831945	-4.694810649766232	0.7565757164341175	17.633333333333333	462.88100000000014	1.3	2.6601781284549397	1.9976906994864454	2812319.0359775345	58.3721432059049	48.55948758848707	82.61	3.0	3.0981000000000014	0.10488215312118411	0.00018209187358635164	0.6678781964980354	1.2906394726037826	inactive
13.80782789186356	0.11156835500353157	-1.0820386642311248	0.3574987502419026	12.105263157894736	531.6330000000003	1.105263157894737	3.3298170237296625	1.7175455445929835	299032326.47997284	116.30642369042167	23.343094385562793	93.47000000000001	4.0	4.644100000000004	0.17008912093190157	0.00014314594501367038	0.7276331369120969	1.3398058512058806	inactive
13.581681272045856	0.047181607982699214	-1.1033805744520035	0.5771042025673736	12.029411764705882	463.53800000000024	1.088235294117647	3.3518028792331918	2.085798676474387	34328414.2852614	78.26952302666785	53.22950633206637	108.64000000000001	3.0	2.959600000000001	0.13267227225787506	0.0002597583966366547	0.9188554911747573	1.454617316143223	inactive
12.238880857898714	0.025506424792138827	-0.025506424792138827	0.7917502253513193	10.523809523809524	276.33900000000006	1.0476190476190477	2.499425877948962	1.8239931685626	85055.46262660317	72.05152667431304	10.891158250298714	41.99	3.0	3.724420000000002	0.32454675939716104	0.000991829240230216	0.89653494333266	0.8824917902546566	inactive
12.605314465126424	0.05014470423155459	-0.3506490929705215	0.7458947043789516	11.0	339.39500000000004	1.16	3.102262998619737	1.872761507723913	610602.9147033298	64.97226047602007	10.598214160129427	76.27000000000001	3.0	3.5722000000000014	0.31133749988321713	0.0004841804831192647	0.7663244541772294	0.9169875359185077	inactive
13.466678307546363	0.059824106125165644	-1.0212018665490892	0.5285638164691997	20.305555555555557	506.99000000000035	1.0	3.5994758210857336	1.3292754403204408	253357355.6657013	71.51070849635735	52.90287302717395	100.63	5.0	3.8542000000000023	0.1389689220033819	0.00010966643271331061	0.6105611341597657	1.270028249908138	inactive
11.576276222872682	0.036346573301320406	0.036346573301320406	0.7784873484966448	15.782608695652174	349.8870000000001	1.173913043478261	3.0244391915803344	1.5084436664239476	293298.0150426945	51.97690129617219	52.7500067806203	36.440000000000005	3.0	2.616900000000001	0.5239074590998696	0.0007247432356642535	0.9025391349356661	1.122465218410513	inactive
11.863408919123206	0.07558641975308622	-0.07558641975308622	0.9206778468684544	10.11111111111111	260.724	1.3888888888888888	2.318561520232321	2.0346835172849502	12608.337547023362	58.87505878266952	10.891158250298714	41.99	2.0	3.2246200000000016	0.560659751649002	0.0015149883725326847	0.9213567289310994	0.9049348840612285	inactive
12.460445464661735	0.31066265234284773	-3.434406275984783	0.5985989847349019	16.863636363636363	324.4020000000001	1.1818181818181819	2.5432742406239393	1.935376279414853	90906.79445686209	42.60781033896238	56.378135582590716	66.92	2.0	1.0696999999999999	0.44927041996308237	0.0007413582776422531	0.8716240149097301	1.0763434824319966	inactive
14.197580742945323	0.05097994000681583	-3.8811372693080393	0.48636180725003886	23.166666666666668	520.9980000000003	1.1111111111111112	3.578921366822684	1.471544284673674	218986697.01669517	71.00779291959275	41.81896096793475	111.44	6.0	3.538680000000003	0.29183318814978215	0.00022173096654747994	0.7716520972942097	0.9515180160352091	inactive
13.571714851740104	0.08543437449461977	-1.039625587889477	0.38503517505620116	11.485714285714286	473.5040000000002	1.0857142857142856	3.4261598167526133	1.6716857526389999	121413729.93245398	114.15762620371888	30.452891926840326	84.67	4.0	4.569300000000004	0.059995793539431456	0.00025670117994033555	0.9738696664009423	1.6487892160740574	inactive
12.245471466364322	0.07740173847316667	-0.07740173847316667	0.8012601697453877	10.409090909090908	292.338	1.1363636363636365	2.551138689578221	1.7816834222176234	143277.05108409206	66.48807518261603	18.000955791576246	51.22	3.0	3.4246000000000016	0.3151273153562734	0.0006673478917192206	0.7912005309053552	0.8256655743532924	inactive
12.789434287603932	0.15287950365331326	-0.4624624433106579	0.8775655016725027	19.208333333333332	344.80199999999996	1.375	2.9792599061792564	1.6165812670935378	511488.27847257326	46.239409068981686	28.13960060806181	76.02000000000001	4.0	2.3385	0.3619651323249305	0.0006138752198984884	0.8505430593070769	0.9569924412808274	inactive
13.051980820105818	0.03512227576215654	-1.060189318783069	0.6883630415780535	17.862068965517242	409.8730000000002	1.206896551724138	2.7349930261202458	1.691873324869837	4481745.55212641	65.44434142789574	30.452891926840326	80.32000000000001	4.0	3.683300000000002	0.477586494392363	0.0005697105548721596	0.9558158751904928	1.175608283366483	inactive
13.604846584467122	0.040931112037713824	-0.9296187641723359	0.5943251822469786	12.8125	433.5520000000002	0.96875	3.2494119572508726	2.154406102718589	10456399.716068044	84.07493708882654	22.337263232033564	75.44	3.0	5.274900000000005	0.08453083291122071	0.000262893824516805	0.855595133374009	1.509244617780213	inactive
13.414041477702192	0.1928077758881328	-1.3529148951247167	0.7329087308876201	18.178571428571427	395.8220000000002	1.2142857142857142	2.6805031733441798	1.8007660916604264	2556213.602202557	65.44434142789574	23.467345502763482	91.35	4.0	2.6872000000000007	0.22591035581950075	0.0004070348130226194	0.8321059623133562	1.0221917070049522	inactive
13.535986000738514	0.14431686717897008	-0.26012064794688383	0.6242439904089175	10.666666666666666	382.86600000000004	1.1851851851851851	2.6254552861420994	1.8562061435599555	1127572.6599264503	82.38846525233564	10.891158250298714	41.99	3.0	5.593120000000003	0.331969582890977	0.0003809146710862802	0.8407245860766446	1.2481276480857688	inactive
14.301751848478663	0.0395405013857395	-0.931802845372921	0.6448483873210484	10.703703703703704	386.82900000000006	1.0740740740740742	2.609573560755475	1.8682740605830241	1010450.3688865667	82.13931902491993	10.891158250298714	41.99	3.0	5.478240000000003	0.39878440103237467	0.00036703866516866253	0.780187049176614	0.7168201468789571	inactive
12.332809429327288	0.13955971277399848	-0.13955971277399848	0.7981667014096435	10.523809523809524	296.757	1.0952380952380953	2.5197413285439936	1.8125208907705739	86936.11531742486	77.07415998805436	10.891158250298714	41.99	3.0	3.818200000000002	0.6016108275148483	0.0013018537419681277	0.9336031738460379	0.7148415625335085	inactive
12.735453987150414	0.07410210380448468	-0.28232237339380273	0.9018322964330223	16.217391304347824	331.80300000000005	1.3478260869565217	2.557034209211403	1.8683474813354048	193508.67785049137	46.7423246457463	24.54571219748882	63.25	3.0	3.589920000000002	0.4712848128632466	0.0008225400641147332	0.9122349059846436	1.0959881973900087	inactive
13.578686617298178	0.021333571881461344	-1.178816819937852	0.3920272086221936	12.222222222222221	491.5230000000002	1.1388888888888888	3.5502445797765505	1.6917182253393745	142845042.13285688	96.04383485820127	33.311051427457215	114.36000000000001	4.0	4.241200000000004	0.08044151376438564	0.00023231812508161967	0.9465414395623956	1.6094460005992153	inactive
12.567087112622826	0.046867283950617455	0.046867283950617455	0.9276468811205907	13.857142857142858	301.777	1.380952380952381	2.4695149120277926	1.8518342223356026	74989.28981863595	52.8086917142079	17.43591465621129	59.22	3.0	2.839100000000001	0.5190030228018763	0.001157272771482272	0.988272237170624	0.9684964355883486	inactive
13.048268613000754	0.12002159968925818	-0.3845297322326535	0.714208250522692	14.407407407407407	362.4090000000001	1.0	2.723665669475077	1.5529012579715489	2092723.0698098366	70.51455918697532	44.09591262512981	63.95	4.0	2.1281999999999996	0.28684639045334714	0.0005770004428959011	0.8761825048862439	1.185620629566737	inactive
12.863254440665154	0.051972474174854844	-0.27183484504913147	0.7491268522807287	16.625	337.81	1.2083333333333333	2.611582360660766	1.6683265371901423	482583.8580970603	71.00779291959273	17.43591465621129	54.02	4.0	3.713700000000002	0.4324441497452361	0.0007307468659237582	0.8638613118771461	0.8541601116538956	inactive
13.365327930147936	0.14405090835691525	-0.6007639064578998	0.7222895379121701	11.814814814814815	369.37200000000007	1.1851851851851851	2.6501029594443875	1.7332134875092127	1179158.0115988613	70.26541295955961	25.66570006428992	78.72999999999999	3.0	2.502200000000001	0.276911812780765	0.00042340470653379376	0.8217962843295662	0.9735305606872122	inactive
13.738095036160061	0.0223104691958409	-1.1037047010162093	0.3096612327768448	11.64102564102564	526.5320000000002	1.1282051282051282	3.6439713829138873	1.4861377512125187	1089139960.0353293	114.17661663956014	48.53432784126596	131.93	5.0	3.2398200000000017	0.24516637372746314	0.00020377641315602583	0.8087651421943343	1.1539324794359582	inactive
13.41127346308894	0.02617476837798205	-0.8903713151927446	0.5425007986083114	11.96875	427.5480000000001	1.03125	2.8096370938720474	1.9934626095111887	12977916.030465746	108.46903516182725	16.79833797965022	62.300000000000004	3.0	4.955800000000004	0.04486537527312397	0.00019971171324865993	0.7880244049319355	1.5290634312869287	inactive
13.992617709120683	0.017519445533289213	-1.1997304631729235	0.2773937845316633	12.214285714285714	571.6130000000002	1.1428571428571428	3.6502535658031405	1.569418575168257	2995078722.7140923	101.78292949633398	50.034928670651404	127.74999999999999	5.0	4.3045000000000035	0.05580512476735468	0.00013521103264326804	0.815156492860702	1.6224134424093648	inactive
12.214945830183925	0.038219675449615576	-3.624465930405083	0.7957559549655281	16.952380952380953	329.82900000000006	1.2857142857142858	2.470444849028424	1.9622901000577044	46918.68857274783	34.55101462999553	44.23624353047437	68.55000000000001	2.0	2.2872200000000005	0.6469565616371346	0.0013884361768913094	0.9731846723873347	0.8645337393722407	inactive
12.134466647770218	0.11535210380448446	-0.11535210380448446	0.8089003200516655	10.761904761904763	300.749	1.3333333333333333	2.816712149757058	1.8027200239617043	85022.4562404168	53.44208379412399	20.671642993744936	59.81	3.0	2.802900000000001	0.46355728336099017	0.0008964214996748167	0.864489065358455	0.7183269654322257	inactive
14.14818593106562	0.027264686738893262	-1.5759241543839755	0.7623741671279556	18.62962962962963	370.3550000000001	1.2592592592592593	2.675452447098312	1.7876994383319964	1693566.7499181258	65.9897827277846	24.607837756089165	60.45	4.0	3.775900000000002	0.23639262170966738	0.0004988227436521733	0.8475882373847933	0.8498419051543601	inactive
13.001678072208374	0.23201964935550756	-4.366212417043773	0.6609747757824102	15.5	414.4070000000001	0.9666666666666667	2.7258814343509035	1.4424259107575266	5889953.761036583	81.64146217036931	41.88602481470276	54.720000000000006	4.0	3.134000000000002	0.23251910322394043	0.00035101384658352763	0.8303375646306431	1.2289318852822992	inactive
12.072512440161251	0.02661171741872259	-0.29692680494042367	0.8090173373568046	16.217391304347824	312.32900000000006	1.3478260869565217	2.4557914769407683	1.6345597976836852	138899.56593576985	48.04701140676951	28.0102176713323	93.21000000000001	3.0	1.1910199999999997	0.3078245031454659	0.00038464678016902616	0.7001753474036837	0.5384186931545448	inactive
12.52293036659108	0.0003886369362560149	0.0003886369362560149	0.7296326772663858	10.636363636363637	310.78400000000005	1.1363636363636365	2.5337477693017973	1.8880676069783684	128526.88934560298	71.51070849635737	17.938830232975903	33.2	3.0	4.093700000000003	0.4580292321522835	0.0009829698592727601	0.9203383164618846	1.0342766901280718	inactive
12.299255007558578	0.09476568405139818	-0.09476568405139818	0.8012601697453877	10.409090909090908	292.338	1.0909090909090908	2.5549119149752872	1.8161748257628256	146871.66634426935	66.48807518261603	18.000955791576246	51.22	3.0	3.4246000000000016	0.12283441285765384	0.0007208142946676722	0.8124577411514907	1.2541979713043347	inactive
13.76685947983928	0.10839695484356393	-1.0487269568321167	0.30061896843302943	11.615384615384615	522.5640000000003	0.9743589743589743	3.675168908881867	1.4563152364301086	1221269918.5403326	132.243078996893	38.10755764995622	107.11	5.0	3.564700000000002	0.2537019977248771	0.00021027473762113435	0.8856849185550388	1.471837082826168	inactive
12.729141313932981	0.10989890400604674	-0.34973450491307667	0.5915315406414422	12.222222222222221	360.4210000000001	1.0740740740740742	3.2392978772060896	1.6987497759980075	2481431.745854953	77.87593117231296	30.45212773719116	77.63	4.0	2.1501	0.18402494612729556	0.0002707332210181667	0.6587895886712355	1.0259456804011462	inactive
12.636878424981104	0.004612305283301588	-0.8336233938019657	0.8401236427560498	12.153846153846153	351.45000000000005	1.1923076923076923	2.646278105464985	2.556857328286565	495594.9635914824	72.57374832782217	23.846009962327408	62.300000000000004	2.0	3.3854000000000015	0.16049391735409685	0.00047886633821679706	0.9431034333194596	1.3541984336385124	inactive
14.209386324700386	0.171967041446208	-4.098723801399734	0.3038212526855208	16.897435897435898	568.0500000000003	1.1538461538461537	2.938801870730682	1.4722615001121484	576804791.1418245	99.74620983047556	39.508265587730335	111.49000000000001	5.0	5.168300000000004	0.34065218982720463	0.0001876025295386813	0.838576636861007	1.2474605552010636	inactive
13.635473198538675	0.05031171275968194	-0.9813799130763419	0.526676390098785	13.147058823529411	457.5300000000002	1.088235294117647	3.2971536754398305	1.733045631539405	50569369.12324981	90.77284953320702	23.591280285750045	80.76	4.0	5.006800000000005	0.19220988342520845	0.0002403227896691484	0.8695702987718368	1.4336968804690606	inactive
13.493312050516446	0.08783934306300822	-4.697895430472021	0.35140300634136445	12.108108108108109	513.4510000000002	1.054054054054054	3.420894717388939	1.6941281527867829	221547596.15236405	108.11024957109852	33.31105142745721	101.22	4.0	4.369500000000003	0.3710536193721841	0.0003248853802816875	0.9540161202686567	1.3908757766041986	inactive
12.274694530207245	0.13734130920886845	-0.48840069138744435	0.8131569454910442	10.84	356.8570000000001	1.36	2.5459516798515565	2.0549921128144475	269659.5640748373	52.80869171420791	17.43591465621129	77.81	2.0	4.186300000000003	0.26048197420010877	0.00031452388892387866	0.7449064871576611	1.0591365950890712	inactive
13.297534687517999	0.12131564650143267	-0.40695032333921266	0.4115188336639165	14.96875	444.9180000000002	1.09375	2.8272979442934583	1.4219286547764869	31442968.516459964	95.2732611934392	17.49804021481163	60.45	5.0	5.972000000000004	0.37514591665134367	0.0003295048620970079	0.8702331232211024	1.0654784238086124	inactive
12.022221749811035	0.119981733434114	-0.119981733434114	0.9403386817824912	10.15	290.75000000000006	1.4	2.4025532163898666	2.0845398885963484	31177.9330890913	52.80869171420791	18.000955791576246	51.22	2.0	3.233220000000001	0.38498249641877336	0.0009453035577898786	0.9215053841498737	1.1017346099957652	inactive
13.631611394557822	0.0701459225665575	-1.1255591837058632	0.35982908501310756	13.789473684210526	511.5060000000002	0.868421052631579	2.8534451045778018	1.9334291037434586	164740571.39208645	81.42803599785479	17.167540703713566	158.67	4.0	2.23672	0.2026730639663857	0.00019447858334482225	0.7810311089868173	1.2783483320989626	inactive
12.250258036499467	0.1593661291677162	-0.1593661291677162	0.7294452650941771	10.48	356.79300000000006	1.36	3.0791898796560693	1.6506807782411734	635532.474401494	64.96041628697239	20.97381857954696	91.1	3.0	2.55082	0.3118346082789085	0.0004543516080261145	0.8401398386877613	1.1369316299122663	inactive
11.61645390247212	0.002911937132265452	-0.14763541022469595	0.7150117758401435	16.57894736842105	282.7270000000001	1.2105263157894737	2.4268179526016955	1.9192719833381144	20987.121654099465	23.762552697081826	47.76602825967309	69.67	2.0	-0.28320000000000034	0.5762406062218899	0.0014040259238002673	0.9066282942189671	0.7296283506897439	inactive
14.006686507936507	0.09353050597452062	-1.0805590723943903	0.25852524395781806	12.3	538.6230000000002	1.025	3.6181444416346378	1.5670171994482134	1268234319.7667937	125.91792126702897	27.743788991824587	79.85	5.0	6.110900000000006	0.22448029501768427	0.00023286153430441522	0.9401711304450733	1.5743178104608813	inactive
14.200142473957962	0.018726379440665575	-1.1418250916451673	0.4760998066252287	19.736842105263158	537.0600000000002	1.2105263157894737	2.934414795081338	1.4372499154081861	433676669.58338535	65.44434142789574	77.64223079478059	95.0	5.0	3.852400000000003	0.17131318606486412	0.00015415505673239157	0.7134879461522347	1.1196914028726666	inactive
12.647573095386083	0.01859013157367584	-4.455533759726943	0.47490553738026986	11.483870967741936	427.3860000000001	1.064516129032258	3.162493907752138	1.4146613628142828	11897504.48057364	72.42396574792619	32.932700072077	73.14	4.0	4.300400000000002	0.4336965418739575	0.00032641714233328965	0.834603514836036	0.9294640598662912	inactive
12.169206585411942	0.06959246661627616	-0.06959246661627616	0.9145779486613005	13.19047619047619	301.7770000000001	1.380952380952381	2.4739761554776227	1.7312437002469676	80913.86414105113	52.80869171420791	17.43591465621129	54.02	3.0	3.274300000000001	0.40591826353002625	0.0008193882198114374	0.8646494771164187	0.8922641648049323	inactive
12.555894431846813	0.03773017745888585	-0.3784483559957743	0.6901117832686943	16.035714285714285	395.84600000000023	1.25	3.0587545112850205	1.4707464526794851	3196698.2222349523	65.44434142789574	23.026239150385088	80.32	4.0	3.6843000000000012	0.3018272962447056	0.0002602813515587533	0.7207950204850521	0.8687569081069778	inactive
13.275708144368858	0.27317617787855863	-1.1712019321617535	0.7539882358953905	18.846153846153847	368.8200000000001	1.2692307692307692	2.6743549722848217	1.763839332989991	1179572.3989157218	65.44434142789574	24.607837756089165	60.45	4.0	4.151100000000003	0.22398554400282186	0.00044612173876949074	0.8021434649983264	1.0537114210718679	inactive
13.570185563244275	0.062050635451609715	-0.0880654237003442	0.45795852703382595	14.264705882352942	456.55000000000024	1.1176470588235294	3.2983207599125577	1.4185693301294529	109031401.96495585	78.11789374277465	46.084338442502485	85.17000000000002	5.0	3.535300000000001	0.23522607700972417	0.0001903744929153015	0.7494827972321888	1.2345104056056253	inactive
12.562920288485765	0.21356198034769447	-0.21356198034769447	0.7646595160738371	10.227272727272727	308.768	1.0	2.5627888879010725	1.988578819666841	147575.63532089535	83.6434426332806	10.891158250298714	41.99	3.0	4.654300000000003	0.26457608829165347	0.0004694277280242397	0.699023328939479	0.715521681128544	inactive
14.069963662838617	0.1376359896093282	-3.466439715283586	0.2807619168355856	12.5	592.6930000000002	1.0714285714285714	3.3808919237475235	1.7349658933059207	1433433208.4497433	113.41274805649257	43.000639074350346	122.47000000000001	4.0	4.797800000000005	0.2346212300843147	0.00015484863883458714	0.8020931941994249	1.280805565406687	inactive
13.49136824117975	0.04971757684555267	-0.04971757684555267	0.4459175770279579	13.93939393939394	437.5230000000002	0.9393939393939394	3.263038673149226	1.423590340542065	64183135.36294495	90.12015137654642	23.457797672916623	67.61000000000001	5.0	4.484800000000004	0.28261839272254485	0.00027470806224290286	0.8182298548258816	1.2729805225676842	inactive
12.916448885109599	0.11612937767699694	-0.1317885487528352	0.6999261953880773	17.869565217391305	322.795	1.0869565217391304	2.9561449690829797	1.7240651912881926	357717.19041879324	71.51070849635737	17.43591465621129	33.2	4.0	4.408700000000003	0.5829426333352358	0.0010996389536174057	0.9158555106263899	0.8298029527029079	inactive
13.734911225196893	0.12597164718460174	-1.1287053308977917	0.3862520341819326	12.105263157894736	513.5730000000002	1.0263157894736843	3.3298170237296625	1.7175455445929833	299032326.47997284	117.67903228641305	23.343094385562793	107.57000000000001	4.0	3.5398000000000023	0.1730176494316857	0.00016340965666005898	0.751918342841639	1.226592582831259	inactive
13.589597033257746	0.10293327979339906	-0.9379843395691609	0.6029632289855396	21.59259259259259	378.8150000000001	1.1111111111111112	2.9236994766459277	1.6829919224474048	2544817.261467382	65.44434142789574	23.405219944163136	59.50000000000001	5.0	3.8720000000000026	0.31452245618113334	0.0005547389185053193	0.8686370348944931	0.9601659148014066	inactive
11.78458029281633	0.0037372583997481446	-3.1508069555860145	0.7220018404042107	19.68	385.9170000000002	1.12	2.6005452935115168	1.6266364940635312	411146.2109041708	34.88945568047582	73.28956682472226	60.93000000000001	3.0	0.8873000000000002	0.601411368879129	0.0006565831478821772	0.9370773405339504	1.1981482171056146	inactive
13.802605347694632	0.0028886369362564057	-0.6408547099395312	0.5875533886229442	20.724137931034484	406.9130000000002	1.206896551724138	3.5694165962022892	1.5497674100489587	11275687.083738338	65.44434142789574	17.49804021481163	51.22	5.0	5.7374000000000045	0.24630196296552773	0.00041188769184986765	0.8581126212974504	1.0013075639585998	inactive
12.114874811035524	0.15007432602670678	-0.15007432602670678	0.7532281929708149	10.523809523809524	297.745	1.0952380952380953	2.4739761554776227	1.8039060510745435	80913.86414105113	65.70529443419866	15.875136771245923	54.88	3.0	3.4644000000000013	0.4735763180854455	0.0009270721509773807	0.8661664952494262	0.9088352644300568	inactive
12.294728206097254	0.09958538044847542	-0.09958538044847542	0.763380961055982	10.304347826086957	322.795	1.0434782608695652	2.5591419898468137	1.7923447816565643	226432.8832616461	83.6434426332806	10.891158250298714	41.99	3.0	4.583200000000003	0.23729040199392207	0.0005200089154875969	0.741184683721488	0.9791595216295514	inactive
13.831829491055682	0.04092046261418569	-0.8936233938019653	0.5854213074747394	15.181818181818182	447.53500000000025	1.0303030303030303	3.374619479599886	1.8226076765828545	38193781.28837649	84.07493708882653	48.001524451351685	75.88000000000001	4.0	4.219000000000004	0.21247468811186326	0.0003395519153721895	0.9129258250914588	1.2821832847696246	inactive
13.657589337336812	0.03394774898021646	-3.2654134252223055	0.3318540823321769	12.052631578947368	534.5930000000003	1.0263157894736843	3.4227813997487293	1.6837254752354749	334612369.2229909	113.78302478520524	43.000639074350346	123.42999999999999	4.0	2.8645000000000014	0.16144409197153928	0.00016445177109905557	0.7338746704588578	1.4088028617472632	inactive
12.171069197740824	0.11451724699698929	-0.14458910724783713	0.8846176293648075	10.217391304347826	331.80300000000005	1.2173913043478262	2.467019782533849	2.0528839142961472	114642.40929434796	58.372143205904905	16.79833797965022	71.09	2.0	2.8607200000000015	0.5586045208455099	0.0007771366592280581	0.8812582926309884	0.8489259915634259	inactive
12.413307823129252	0.1649651465524482	-0.42551020408163276	0.9128072840652991	16.19047619047619	304.733	1.4761904761904763	2.904351323801786	1.8326965168215388	96279.2463840292	52.8086917142079	22.60456760965234	71.45	3.0	2.3420000000000005	0.32169906081552857	0.000669540647622664	0.8094418846791562	0.7777169555824879	inactive
13.914766570527306	0.07745116487315284	-1.0745036702314843	0.27737798617035936	13.261904761904763	564.5970000000002	1.0714285714285714	3.7120385248894765	1.3355333791407422	6847521266.136779	125.41500569026437	35.048658158376746	111.66000000000001	6.0	4.652600000000004	0.2889379328236219	0.0001650737674849616	0.7745160317346578	1.2135162828344208	inactive
11.948890778533636	0.09889436535931218	-0.430153533635677	0.8820084893924124	22.736842105263158	280.755	1.5263157894736843	2.3388702497617206	1.9516251850125377	18432.63643837212	34.85155307928476	24.400956693763547	58.2	2.0	1.5232999999999999	0.4294897185149127	0.0010092558734160313	0.8614740163697893	1.0274624724020631	inactive
14.155787941624208	0.06421531948791115	-1.1348121530011863	0.25853535618913076	11.930232558139535	586.6680000000001	1.069767441860465	3.43834993126677	1.7084929527319481	3138266648.1958885	107.45570471044068	50.91315147712865	119.31	4.0	4.419800000000004	0.03878082183290497	0.00014775687638033112	0.8988484303970026	1.8363898528608853	inactive
13.24057366917132	0.055664767676679716	-1.1396695041270262	0.09809160810732867	12.68421052631579	534.6340000000004	1.0789473684210527	2.8108458861094316	5.777847548327074	43827431.44361099	17.577831610778148	66.25235206414993	179.06999999999996	0.0	1.1002000000000032	0.22240864532558793	0.00016933893377356235	0.7675877324547848	1.3455055737361168	inactive
12.896079500529009	0.05649991426611822	-3.6622639125094474	0.7826071744026885	17.523809523809526	334.8000000000001	1.1428571428571428	2.729841558618519	2.1404609001284047	53319.26532293691	30.082689114892332	55.58913150444779	57.690000000000005	2.0	1.2875	0.4552769996474225	0.00099370376388913	0.9008658329210555	0.8676632667879729	inactive
12.291074184303351	0.01028160955740387	-0.29560468631897185	0.7488506374059534	12.08	339.39500000000004	1.2	3.109902471869468	1.6747551878899223	620260.7183069497	64.97226047602007	16.640054989277388	76.27000000000001	3.0	3.274300000000001	0.5018742911354807	0.0007502281885456701	0.9351609104067931	1.1569962141407732	inactive
12.624982993197278	0.10342025699168578	-0.10342025699168578	0.8455335316587733	18.6	286.76200000000006	1.35	2.8107458800502334	1.8984746958160614	56383.56235380768	58.87505878266952	17.43591465621129	33.2	3.0	3.563920000000002	0.6660892691681951	0.0017795395988255904	0.939127177075005	0.6945405365572261	inactive
13.722245973139282	0.0027947921720468116	-1.1346537750902839	0.3136367403698021	11.615384615384615	525.5200000000003	1.1282051282051282	3.6427585062897045	1.4974902568582276	1111040062.1673658	131.23017986706165	32.894172554301356	124.42999999999998	5.0	3.0638000000000014	0.3795210466048064	0.00028063303014005974	0.893761510169577	1.25442899707378	inactive
11.501368102796674	0.10372968631897228	-0.23882716049382657	0.8468233885897977	10.0625	236.642	1.5	2.696631519574602	1.9726372976367366	6512.365119772664	34.85155307928476	21.432631728962278	81.87	2.0	0.6633999999999998	0.6079657407600797	0.00214270939352561	0.9475537084569288	0.9272041089963696	inactive
12.837955719324768	0.0058106523907395236	-0.8290400604686325	0.7926979363714834	12.148148148148149	365.4770000000001	1.2222222222222223	2.6535195617011555	2.5550087570452096	786673.0233401714	72.57374832782217	23.343094385562793	62.300000000000004	2.0	3.7755000000000027	0.08424544383556991	0.00035741425904937306	0.8636957819859654	1.325943855639603	inactive
13.350576262912574	0.089475904686944	-4.5413707412362925	0.5088037770940836	11.878787878787879	455.4360000000001	1.0909090909090908	2.8214886561373085	2.0392451417548028	19193887.598515388	96.83921660166862	23.908135520927754	71.53	3.0	5.008000000000004	0.28359391257148636	0.0002409583918528424	0.7816100787353416	1.1217730925923899	inactive
11.835631141345427	0.11558641975308603	-0.11558641975308603	0.9240599028959203	10.11111111111111	261.712	1.3333333333333333	2.318561520232321	2.0346835172849502	12608.337547023362	53.069644720510844	15.875136771245923	54.88	2.0	2.6196200000000003	0.5540522176515186	0.0014968366553480524	0.9169937655314411	0.931072458228024	inactive
14.221099315146935	0.03579428067523294	-1.122084829302091	0.5348239312286835	23.605263157894736	535.0440000000002	1.0789473684210527	3.487648595509741	1.287574932628145	840467397.5355644	65.44434142789574	78.63966978768819	84.0	6.0	3.8704000000000027	0.3204732981552722	0.0002329903547837517	0.8479875943052906	0.9859080016311539	inactive
11.841042882728699	0.08026053889058882	-0.08026053889058882	0.4974382904850423	15.533333333333333	403.4860000000003	1.2333333333333334	3.4867672015096614	1.6292917837583882	14748104.75584467	42.4290558743193	44.421468636189346	79.95	5.0	4.779200000000004	0.40411289340200623	0.0004558285879388336	0.8667355977343827	1.139188348368371	inactive
13.044458144368857	0.30789840010078073	-1.2128685988284205	0.7392226044252113	19.12	353.809	1.24	2.6263968788756795	1.7309878180614306	673098.2449120169	65.44434142789574	17.49804021481163	77.24000000000001	4.0	3.463400000000002	0.434327902192699	0.0007069605181574633	0.8830239149230775	0.9799152568497934	inactive
13.905998210910731	0.010484806232460953	-2.7225890409777183	0.30768517576917936	13.523809523809524	575.5710000000004	1.0476190476190477	3.523774373092008	1.5243461182369282	3439266694.557908	107.71665771674363	47.20445378663327	109.59999999999998	5.0	3.864200000000003	0.4401872768116193	0.00025573892264585716	0.914212988517759	1.2976985922155133	inactive
13.740202427325894	0.04882841266544369	-1.0698788002855466	0.3484837625294772	11.837837837837839	498.5180000000002	1.135135135135135	3.5749599513211754	1.5236092795615805	403547199.2410564	108.48268864471167	38.10755764995623	106.14999999999999	5.0	3.842400000000003	0.07967771908260379	0.00014132121906148247	0.6821129917514749	1.2270208072985225	inactive
11.933867630385487	0.05616024187452795	0.05616024187452795	0.8889368856886929	17.666666666666668	247.34199999999993	1.5	2.350023670321368	1.8383844242697862	13037.93132294295	24.02350570338476	35.425337198886915	45.230000000000004	2.0	2.0604199999999997	0.5650500544555268	0.001852026309000816	0.934334291383459	0.8741632081020061	inactive
13.64108229402872	0.009692224111866654	-1.1016648951247165	0.6883630415780535	17.862068965517242	409.8730000000002	1.206896551724138	2.7392896233984563	1.7983601307004538	4522517.86101763	65.44434142789574	30.452891926840326	80.32000000000001	4.0	3.683300000000002	0.23104890016651225	0.00037840713088726043	0.8343688904187329	1.0512986939833144	inactive
13.390865299823634	0.03209192814129569	-0.910779478458051	0.567868458267302	11.96875	428.5360000000001	1.03125	2.8096370938720474	1.9934626095111887	12977916.030465746	102.66362109966855	21.782316500597428	75.19	3.0	4.350800000000003	0.2780434021718942	0.0003759380931009361	0.9214979687559707	1.2852776246214417	inactive
13.505879865835222	0.07132043416540168	-1.020263342991518	0.42619372477276446	11.588235294117647	458.49300000000017	1.1176470588235294	3.38464059218946	1.6661124773577696	70313769.20988177	113.9156636332572	28.327072906510004	88.33	4.0	4.264120000000003	0.10413622985924016	0.0002535842222256936	0.8602839248625039	1.6581406005412107	inactive
12.025729402872258	0.1502160493827156	-0.1502160493827156	0.8036966931789592	10.65	287.706	1.3	2.8768354939067122	1.7746352324759036	60410.66853654705	53.44208379412399	16.04782150742416	68.02000000000001	3.0	3.0574000000000012	0.5397935481012421	0.0011292841193019493	0.8882638131642757	0.8522873579332492	inactive
13.485439480786704	0.14377848188762998	-0.49302196187116953	0.4399430654627586	14.852941176470589	473.9640000000003	1.0294117647058822	3.257419819609033	1.4362201986634016	89374700.5791247	88.94594111867467	33.46198849682073	80.12	5.0	4.6982000000000035	0.2948175802554472	0.0001767596588826811	0.7197011964981925	0.998144730138226	inactive
13.794494558530229	0.06738102717983985	-0.9756516649869831	0.32497708903389283	12.108108108108109	516.6420000000003	1.027027027027027	3.420894717388939	1.6941281527867826	221547596.15236405	112.70529097775514	27.716634366979243	75.19	4.0	5.721700000000005	0.2895233075660665	0.00027334732125211216	0.9361575974423728	1.396362561044136	inactive
13.597019950631513	0.0030002385481278093	-1.145066819937852	0.3920272086221936	12.222222222222221	491.5230000000002	1.1666666666666667	3.5502445797765505	1.6917182253393745	142845042.13285688	95.9133583550498	33.48373616363545	114.36	4.0	4.241200000000003	0.07533151917266726	0.0001648353197906903	0.7616578814772813	1.5407662638071502	inactive
12.11355261085916	0.12389739229024932	-0.24327594296569766	0.9101636317439148	10.136363636363637	317.776	1.2727272727272727	2.477439758570993	2.131636703116107	77771.78890106062	58.372143205904905	23.846009962327408	71.09	2.0	2.584220000000001	0.3156969539068368	0.0005075853709867257	0.7859173954073639	0.8761939369845992	inactive
12.278664808515998	0.05608512849584257	-0.05608512849584257	0.9286294222298364	15.608695652173912	312.37300000000016	1.1304347826086956	2.5543944185490743	1.602767658039709	205066.7839211197	36.65915541707259	59.321939470914046	65.54	3.0	1.3374	0.6126017951895162	0.0011865981318613928	0.9230852274361137	0.8549926308516032	inactive
12.993254440665154	0.0323444192491813	-0.30887188208616867	0.721577144713263	19.12	352.8210000000001	1.24	2.6147932967678185	1.6844274440931828	678544.0900978424	65.44434142789574	16.995124638047017	51.22	4.0	4.781500000000004	0.28966598450476805	0.0004080053397540737	0.7288828390385063	0.8151600025024772	inactive
11.61148726884387	0.04066588981271568	0.04066588981271568	0.8012282493341455	21.8	313.2280000000002	1.2	3.282517958783162	1.7024379353656955	81170.10408479003	34.85155307928476	47.76602825967309	23.550000000000004	3.0	2.7121000000000013	0.675993171685596	0.001519320405992653	0.9525890285310025	0.8561991679703989	inactive
12.159830719324766	0.13772864701436105	-0.13772864701436105	0.8051952011122818	10.523809523809524	297.745	1.0952380952380953	2.499425877948962	1.8239931685626	85055.46262660317	65.70529443419868	15.875136771245923	54.88	3.0	3.4644000000000013	0.4309735246246912	0.001014895818411721	0.8658637597502061	0.8964662931185657	inactive
11.198399116916432	0.38157632681171627	-0.4190689300411521	0.6094299604410415	16.61111111111111	266.72800000000007	1.2777777777777777	2.386291884017112	1.8690007962165145	14002.760775412413	34.85155307928476	48.17218533783232	40.620000000000005	2.0	1.1830999999999994	0.6110946376114983	0.0016856028747460922	0.8953844016947033	0.6516028003730732	inactive
12.168310972537164	0.06295729402872219	-0.06295729402872219	0.8018707396988646	10.409090909090908	291.334	1.2272727272727273	3.041119882152629	1.7196469735455708	177570.989918892	66.24611261215435	15.989840058599752	68.98	3.0	2.590420000000001	0.5683443750800282	0.0011939068701910874	0.9619193485685852	1.1359556163852642	inactive
12.07131708238851	0.04981528722600159	-0.23856481481481495	0.7963450968437994	17.9	291.738	1.4	2.9119456769058387	1.9940173159749837	60489.84754636499	47.173819101292246	26.884456521774396	59.230000000000004	3.0	2.24282	0.18197882120412986	0.000456332955996812	0.6685955436692389	0.9492337275751559	inactive
11.711186696900983	0.08308641975308606	-0.08308641975308606	0.9048852799092133	9.941176470588236	246.697	1.2941176470588236	2.2966881471976093	1.9834326164411502	8607.98717569664	59.377974359434134	10.891158250298714	41.99	2.0	2.916200000000001	0.621458766038166	0.0019062564488362926	0.9364311786284062	0.8625466012532051	inactive
12.130704365079364	0.08208847736625535	-0.2218664965986401	0.9447255452889229	16.61904761904762	299.757	1.1904761904761905	2.7583503858374216	1.7033971098342864	82676.03611470504	70.2439243365252	11.690424675716445	46.17	3.0	3.3264000000000014	0.5714559798340602	0.0010457710836994211	0.8855335580520868	0.7495128624406142	inactive
13.79061761038718	0.013321226549491305	-1.150096686822877	0.30535956724866886	14.268292682926829	554.5580000000001	1.0731707317073171	3.509523269829442	1.466504774776788	2328656511.8421392	119.23245223726353	40.141432365213014	136.57	5.0	4.260000000000003	0.18752539031507154	0.0001543650751357027	0.800319991848912	1.5266101782618584	inactive
11.719064153439154	0.4282501889644743	-0.4282501889644743	0.7624464786871503	9.421052631578947	253.26500000000001	1.2105263157894737	2.3843682062207074	2.032699328062264	21397.320282624627	48.288973977231194	11.01509303328528	103.83	2.0	2.17948	0.6465228583761327	0.0017642955573037055	0.9306367148161947	0.7583995500703898	inactive
12.991406368102796	0.018731733434114384	-0.21864040060468692	0.7414709844935664	16.56	351.83700000000005	1.24	2.618728596805466	1.6797231887799884	703741.41073392	65.44434142789574	24.48358663888848	45.230000000000004	4.0	4.450400000000004	0.3070535718749166	0.0005505184326803726	0.8685326622205498	1.0944157868641362	inactive
11.733590325018897	0.10632716049382696	-0.10632716049382696	0.9058950369353805	10.235294117647058	248.693	1.5294117647058822	2.639567449683455	2.0059136702842735	9127.624241005387	46.742324645746294	11.005861537652542	56.09	2.0	2.18182	0.675581192118356	0.0024436580727640817	0.9769935473723531	0.8728240357983648	inactive
13.660867293581038	0.04142038101588952	-1.0420630983875034	0.2859532496777879	11.394736842105264	528.6090000000002	1.131578947368421	3.479356351820404	1.6657094447959915	475528448.03248554	119.21816211865126	34.49877329992468	99.22999999999999	4.0	5.149880000000004	0.10724273226090972	0.0001359773293157916	0.7345256197174259	1.5267167177289211	inactive
12.242932256235829	0.11463907785336325	-0.3306424792139082	0.9272675157398635	11.45	265.316	1.4	2.4846829490504003	2.1675886398596704	36321.095349218755	59.41587696062519	10.891158250298714	65.78	2.0	3.0039000000000016	0.33594052773465155	0.0009829379176092507	0.8507040638626431	0.9406218440285916	inactive
13.25185086766188	0.013310342655580731	-3.718849770618124	0.706163570609565	22.387096774193548	460.9470000000003	1.3548387096774193	3.669327194969402	1.4357531547141829	19983566.8684492	40.67595757728469	45.69226598202946	120.98000000000002	5.0	2.4378800000000007	0.16948840042503352	0.00014594642931717566	0.6111122591268938	1.0516907050605386	inactive
14.256036076467623	0.09779966616276137	-0.9774802768329551	0.6310991668620473	22.88235294117647	474.9480000000003	1.088235294117647	3.601436967026383	1.4943444236276622	114030368.31674205	71.00779291959273	53.28153748673789	82.61000000000001	6.0	3.2973000000000026	0.22807077346382038	0.00017888855891321737	0.6513270123398268	0.8859073240401404	inactive
13.05721875787352	0.021741290808265923	-0.8828306878306884	0.5492701103980002	12.137931034482758	395.50300000000016	1.2413793103448276	2.712470616189343	2.494655454824044	2116291.2745158547	72.57374832782217	37.05977389135325	71.53	2.0	3.402000000000002	0.052059231106829626	0.00021266139017974285	0.7546336795933878	1.432680073300555	inactive
13.272287021289998	0.07303925736961436	-0.6805328798185941	0.6759389651549571	15.6	422.8720000000002	1.2	2.752421012643878	1.6947401948001475	6911130.988435867	71.00779291959273	47.742612234354546	91.4	4.0	2.8123000000000014	0.27618453358643974	0.00022051748663889624	0.6840236845363125	0.7882715982017929	inactive
13.600360685073436	0.04823658642877615	-1.090752288569749	0.3451464168801726	11.5	485.51500000000016	1.0277777777777777	3.42547389997355	1.687135906627775	171616790.46449885	119.72107769541589	29.126339331927735	92.51	4.0	4.763300000000004	0.1550993628202674	0.000228607742845277	0.8445681460026127	1.562845622873488	inactive
13.207374811035525	0.019703955656336314	-0.5693500803099019	0.7484751078364636	23.32	350.805	1.2	2.6011800983470215	1.5472424128031586	750778.6117859008	65.44434142789574	16.995124638047017	51.22	6.0	4.319500000000003	0.39165364657589447	0.0006488173942584942	0.895059069501833	1.0916373385486968	inactive
12.086658635676493	0.03300642479213889	-0.03300642479213889	0.7855040111168091	10.4	262.312	0.95	2.4847372343007503	1.8110111338412767	58281.9965677584	72.55444225107765	10.891158250298714	41.99	3.0	3.4160000000000013	0.38929374862089094	0.0010741217890864261	0.8674731009738762	0.9197974718739523	inactive
13.731323381204334	0.2625950333837239	-0.45429083850831	0.4752021251271349	10.806451612903226	431.903	1.0	2.7627698055482726	1.8282195766320004	10775294.01466365	99.56069820410143	24.986502215653093	67.61000000000001	4.0	4.118600000000003	0.2108485713743381	0.00029597480217954833	0.7954383476707062	1.3051219219780934	inactive
12.171586356764928	0.03054988662131497	-0.03054988662131497	0.7917502253513193	10.523809523809524	276.33900000000006	1.0476190476190477	2.499328818970411	1.78543950554549	83397.60403140467	72.05152667431304	10.891158250298714	41.99	3.0	3.724420000000002	0.530558200379761	0.0012695407435856115	0.9307640767532678	1.0116382353692712	inactive
12.982554924415945	0.09688775510204062	-0.2768407577805121	0.9151853509435314	10.210526315789474	258.29599999999994	1.368421052631579	2.3924871644110928	1.90291258473106	21458.21737760309	59.66964630997409	10.891158250298714	41.99	2.0	3.1004200000000015	0.4332550123683277	0.001265401979293534	0.9218049622553047	1.005075925256363	inactive
13.584642148526077	0.34180130385487506	-0.9399499244142102	0.40162869648437705	11.65625	442.54400000000015	1.1875	3.301599525252075	1.7921772016010014	27437573.075460542	96.28338880682439	21.782316500597428	75.19	4.0	5.152700000000004	0.3028548722459777	0.0003765666006406894	0.9809738782744727	1.3423649019376063	inactive
12.266599111866968	0.10334057697152965	-0.31733749055177607	0.9371566010280676	13.304347826086957	331.75899999999996	1.434782608695652	2.5243933264354825	1.79643723829448	176949.8746098216	47.245240222510915	29.949976350075712	71.53	3.0	2.40752	0.32664048184166294	0.000512440733189491	0.7552388001876122	0.8176185975391324	inactive
13.681875392808383	0.056344999547110364	-1.0548325039892503	0.3344204103273722	11.805555555555555	501.54300000000023	1.1111111111111112	3.592761639572277	1.510521743751567	279358299.8020455	107.79638434671598	33.31105142745721	101.22	5.0	4.565400000000004	0.15922979425314443	0.00018582791365710912	0.8041228573786358	1.3147887878251117	inactive
13.327649754346183	0.31380353993449206	-1.2373439074703958	0.6823974289591994	18.62962962962963	403.26500000000016	1.2222222222222223	2.685084274087308	1.773880863554651	1727191.1996437574	64.40060767317546	24.607837756089165	60.45	4.0	4.8045000000000035	0.37592689880004365	0.0004818631654641689	0.8327821305624511	0.8810785299748719	inactive
13.830195672149586	0.01700063686580644	-1.1166560899050981	0.33055493119710405	14.048780487804878	556.5980000000003	1.1219512195121952	3.529861801623351	1.4715636232011273	2531958235.8799314	108.3522121415602	59.395281944200896	111.88	5.0	4.217600000000003	0.3768688373434428	0.00020346675953364235	0.8631850018079984	1.1785078941033529	inactive
11.91191373771731	0.11926870748299301	-0.11926870748299301	0.9106922496320585	9.68421052631579	251.289	1.4210526315789473	2.4136572025470686	2.0576183242857327	22538.730957384527	59.41587696062519	10.891158250298714	65.78	2.0	2.4429000000000007	0.5838165236253697	0.001586061713884831	0.9125877973796505	0.842772546827565	inactive
12.790187389770722	0.16867155349794194	-0.3542144851767872	0.7657704706736357	16.16	358.78100000000006	1.32	3.025830824756136	1.6221044590694338	857944.0720513548	46.98428721620798	24.7805224922674	73.59	4.0	3.994600000000003	0.4790066017786413	0.0007135862490603501	0.9320738844431304	1.1306707365022823	inactive
12.497441804764506	0.019786079339874307	-5.907164802953151	0.05799840528837503	21.836363636363636	861.654	1.0545454545454545	3.6439929827306647	1.4857597549130312	253136007588.0919	12.654640149529083	103.13372228779409	374.95	3.0	-2.2829999999999924	0.15961922874614007	5.3151444650717416e-05	0.7271520096931455	1.4082050156564594	inactive
14.065206562116735	0.023203997648442387	-1.1628700198577537	0.2161271752168621	13.954545454545455	598.6749999999998	1.0454545454545454	3.5944171427557055	1.5040253917625213	11296650597.857382	108.09125913525726	36.360071656191835	113.77000000000001	5.0	6.088100000000005	0.11921252135272095	0.00012454019938987592	0.7455645803944765	1.4979137912769942	inactive
12.728190665154951	0.2300318090199034	-0.6002844373005811	0.7605633240787453	16.458333333333332	342.742	1.3333333333333333	2.952224480943698	1.6768804681497573	482978.0206334271	51.663153736324595	17.49804021481163	96.49	4.0	1.6675999999999995	0.44190167462707447	0.0007484021374129018	0.8858736617172812	1.1063296614000728	inactive
13.625696333221585	0.10872141153165682	-1.0382549918115396	0.36867035728130676	11.61111111111111	486.52700000000016	1.0555555555555556	3.4339299086635524	1.667867987452943	193026804.3395892	113.78302478520524	35.436870447787534	98.52	4.0	3.4663000000000013	0.1529768777482817	0.00024916257056218245	0.8749963473446101	1.4061561863738614	inactive
13.749725030444274	0.010310065540078517	-3.8419533228682723	0.342351831418314	12.512820512820513	546.6490000000003	1.0256410256410255	3.4563905638125973	1.7445234608891609	454479191.47049683	108.09844279221132	36.07690187465972	122.47	4.0	4.611220000000005	0.3008671401268092	0.00026370670976142726	0.8974119491935634	1.3199379452715643	inactive
13.839687630357723	0.010825192591065846	-1.100544847568657	0.37281689875681795	13.487179487179487	527.5560000000003	1.1538461538461537	3.4892296335480584	1.5195590484526222	930527884.5511225	107.84929656479558	41.281924618538696	108.64	5.0	3.8647000000000027	0.19431625201134528	0.00017537712789102012	0.7855523728552173	1.5401247115797603	inactive
11.983708427815571	0.3797751322751315	-0.3797751322751315	0.6715068787821322	10.047619047619047	277.28700000000003	1.2380952380952381	2.9051999406372597	1.7584200086820405	104229.85827024297	54.3553410456928	15.99907155423249	93.60000000000001	3.0	3.0785800000000005	0.6173356669798601	0.0014419137747246368	0.9286978862484336	0.793495017893231	inactive
11.752297808012095	0.3255864197530862	-0.3255864197530862	0.8662645921240733	9.88888888888889	261.712	1.2777777777777777	2.318561520232321	2.0346835172849502	12608.337547023362	53.311607290972525	11.01509303328528	54.02	2.0	3.6874200000000013	0.6290058302085846	0.0017065478103296594	0.9228150763472819	0.7413944746255154	inactive
9.833607331821618	0.4370171957671958	-0.4859567901234574	0.8776742104020399	12.625	237.69	1.4375	2.696631519574602	1.9431365441287547	6512.365119772664	47.50619322881385	25.97495704698244	50.94	2.0	1.5350999999999997	0.5584782075704895	0.001917282856694876	0.9372748665078984	0.9373633673630909	inactive
13.3217968946838	0.036019559645101396	-0.9570261715797439	0.6661325358663635	12.766666666666667	427.9760000000001	1.1	2.629285738387949	2.628458826090055	1889236.4573183232	71.5300145731019	22.337263232033564	62.300000000000004	2.0	5.207500000000005	0.03460697671383899	0.00024396527446653128	0.8914051401178917	1.5463780918790884	inactive
12.244335711136305	0.16303020282186953	-0.16303020282186953	0.7941834624506019	10.26086956521739	321.76700000000005	1.173913043478261	2.5493936759138833	1.8712083705832563	205664.6866233248	71.00779291959275	10.891158250298714	65.78	3.0	3.941080000000002	0.5620940245374341	0.0009332470737034539	0.9163965572022061	0.8811014671698544	inactive
13.691559887748333	0.04599116562883698	-3.5597887470073597	0.31490673374642025	12.205128205128204	550.6120000000003	1.0769230769230769	3.4697492891885604	1.7152877921705443	572381556.6181452	108.3522121415602	41.99480792082112	122.47000000000001	4.0	4.137800000000003	0.06087709608227981	0.00014559416297459495	0.8053398211693531	1.478473515805763	inactive
13.582280311446077	0.09179000252850034	-0.9442766072478375	0.45862569580823875	12.454545454545455	443.54700000000014	1.121212121212121	2.865032939535273	2.0422429886643974	25446855.844736032	102.40266809336563	23.90813552092775	71.53	3.0	5.250400000000004	0.2193031305435812	0.00028837052314876186	0.9346666732169254	1.5558191970149218	inactive
12.134466647770218	0.11535210380448446	-0.11535210380448446	0.8051952011122818	10.523809523809524	297.745	1.1904761904761905	2.4739761554776227	1.8039060510745435	80913.86414105113	65.5748179310472	15.875136771245923	54.88	3.0	3.4644000000000013	0.4512474919452426	0.0009948894987468595	0.9183194257631405	0.7959159050854774	inactive
13.764952377460268	0.025932009250235977	-3.4477863973680045	0.30577833286890804	12.5	564.6390000000001	1.1	3.464728562937181	1.7246462253332027	745136776.0254687	113.9156636332572	43.000639074350346	122.47	4.0	4.235400000000003	0.15876066235093303	0.00017290299596759183	0.8323664600513486	1.3316761073450496	inactive
12.647410241874528	0.016452900604686516	-3.2952971203913655	0.9193230773897518	22.347826086956523	332.38500000000005	1.2173913043478262	3.273650545683837	1.628246064703864	358739.7213982176	36.156239840307975	34.842293584820666	93.94999999999999	4.0	1.5127	0.4126564031996469	0.000829434872485242	0.867070950500672	0.9684607243655827	inactive
12.192023337112623	0.025398400100780982	-0.08182020030234383	0.9446942990987152	17.095238095238095	301.77299999999997	1.2380952380952381	2.4739761554776227	1.6845323374411754	80913.86414105113	70.2439243365252	12.514061693864424	38.33	3.0	3.2702000000000018	0.5738377334554673	0.0010470580742061053	0.8878904818967468	0.8244659905087861	inactive
13.650337536925289	0.0319634382806282	-1.0939238473167052	0.36927503004341933	13.972972972972974	500.53400000000033	1.1081081081081081	3.4219070281600916	1.4608796674648212	313614001.3455133	102.30483550893982	38.29502994840442	114.11	5.0	4.013200000000003	0.29224362984553437	0.0002682357457995294	0.891429902947005	1.3471909999827014	inactive
13.82331175911009	0.0969420637349927	-1.3453685988284203	0.7290679787675891	18.62962962962963	386.8100000000001	1.3333333333333333	2.685084274087308	1.773880863554651	1727191.1996437574	65.19519520048003	24.607837756089165	60.45	4.0	4.290200000000003	0.3413088412632841	0.0004841166237326277	0.8125966846368806	0.8732139220991981	inactive
12.652899659863944	0.12998456790123436	-0.3180961829176121	0.8917528949187631	16.545454545454547	317.776	1.4545454545454546	2.499376652341527	1.8965486856699347	111174.77287280346	46.61184814259483	17.49804021481163	77.24	3.0	3.1304200000000018	0.2948316880592285	0.0007139286028181367	0.8851460833639996	1.16309299418299	inactive
12.685249905517761	0.1504909926933733	-0.33252645502645595	0.7826706475606722	16.652173913043477	327.75100000000003	1.391304347826087	2.9715573270615865	1.6446361785774959	350801.25713160145	47.24524022251091	22.59672202311267	78.21000000000001	4.0	2.7452000000000014	0.2755107949031645	0.0005117443054000103	0.7545329704513172	0.8245162365411312	inactive
11.581871378180903	0.07651541635172587	-0.2531804295792386	0.8367558022352612	15.117647058823529	252.70099999999996	1.4705882352941178	2.7548215864015257	2.1603485863021925	10490.36060101701	24.26546827384644	24.239119309585924	49.410000000000004	2.0	1.9907	0.5406615857563559	0.0014617434733460355	0.8641414588572367	0.4170901968215374	inactive
12.459918517035534	0.14799563284387451	-0.1678845906148636	0.3727336657428222	10.636363636363637	463.92100000000016	1.0909090909090908	3.2792431664149775	1.3830555853438418	37731850.70993933	88.90077447539042	23.15761904870169	86.48	4.0	5.467220000000004	0.26369271982175013	0.00017276208094757378	0.7314364436377409	0.9867421328605915	inactive
12.599755291005291	0.15591049382716005	-0.32947940287226074	0.8917528949187631	16.545454545454547	317.77600000000007	1.4545454545454546	2.507746760866637	1.878001814519986	112745.78662180313	46.61184814259483	17.49804021481163	77.24	3.0	3.130420000000001	0.47210965993526166	0.0009022465611729288	0.8880003059929156	0.990215899162464	inactive
12.209877251826658	0.06637046485260756	-0.06637046485260756	0.8012601697453877	10.409090909090908	292.338	1.0909090909090908	2.5572910660867296	1.7502143491190476	145315.50753931233	66.48807518261603	18.000955791576246	51.22	3.0	3.4246000000000016	0.5990796997559753	0.0012650862502736754	0.9478513687304578	0.9832352245462073	inactive
12.890560909549006	0.03451158279350919	-4.00549726526413	0.6319790453439106	12.592592592592593	382.41700000000014	0.8888888888888888	3.142520478976248	1.675585139899679	2362471.475602848	83.08195117768842	15.210739290428766	75.93	4.0	4.388400000000004	0.0633257781981874	0.0002583172093688075	0.725138912956479	1.2739013252380642	inactive
13.837966780752451	0.033473161513611016	-1.0481459960527426	0.3764428434646507	12.131578947368421	514.6050000000002	1.0789473684210527	3.3298170237296625	1.7117714991268902	299032326.47997284	107.71665771674361	38.10755764995623	93.01	4.0	4.3937000000000035	0.1608199779497069	0.00018457624408809033	0.7515266671310193	1.3430588085830792	inactive
13.275590986394556	0.0728296205313399	-0.6184808437263798	0.6775817595341509	22.923076923076923	385.25000000000017	1.1923076923076923	2.6004024252005853	1.565152102180818	1076686.2225446014	64.40060767317546	16.995124638047017	51.22	6.0	4.972900000000004	0.35600132343688484	0.0005850302534684907	0.9125010833480522	1.0602914024173438	inactive
12.199304610733183	0.11438271604938244	-0.11438271604938244	0.8088953678593239	10.761904761904763	300.749	1.380952380952381	2.9045978864103805	1.8318223379402183	89069.49418677432	59.00553528582098	20.505237952215374	59.29	3.0	2.872320000000001	0.40216347816328807	0.0009070368800669432	0.8667782663185609	0.7566280851934413	inactive
13.583329435073438	0.047554951637067466	-3.485714672933286	0.35763469843842655	12.054054054054054	522.5580000000002	1.1081081081081081	3.420894717388939	1.7058929378207994	221547596.15236405	108.3522121415602	43.000639074350346	122.47000000000001	4.0	3.359200000000002	0.15074545647990525	0.0001592794306203284	0.7110128637930592	1.397627621198179	inactive
12.106688869992439	0.15535210380448428	-0.15535210380448428	0.8071121731617772	10.523809523809524	298.733	1.1904761904761905	2.4739761554776227	1.8039060510745435	80913.86414105113	59.63892736573706	20.85911529219313	67.77000000000001	3.0	2.859400000000001	0.3852450724013197	0.000868874975743011	0.8799893173574493	0.7693757135995856	inactive
13.395147103594521	0.011412127991012877	-0.4350524376417242	0.641666679691932	18.419354838709676	434.9270000000002	1.1290322580645162	3.572351100890469	1.4031792495858568	25675673.3826653	71.00779291959275	40.829601351473805	74.33	5.0	3.7047000000000025	0.2832705625849542	0.00029012492852921885	0.8218994683209021	1.1352647071514645	inactive
13.89180937334504	0.16551856841712875	-1.2162719408751157	0.3551994358484669	12.0	542.5870000000002	1.05	2.92644266716044	1.7532581089376584	603938307.7306161	123.87803820292663	23.343094385562793	115.57000000000001	4.0	4.2920000000000025	0.18053770912942738	0.0001581915055396138	0.7593013174115343	1.4182538043676387	inactive
13.748418812645454	0.023378047334126295	-1.1021499170655928	0.35142640973885286	13.76923076923077	527.5560000000004	1.1282051282051282	3.6427585062897045	1.4724925710187988	1111040062.1673658	108.35221214156022	40.77900904177408	108.63999999999999	5.0	4.082500000000003	0.21202005640036814	0.00016833063336443323	0.7863687076748622	1.2851014073656681	inactive
13.450749781685307	0.05015175461062893	-0.6474750803099019	0.7262464461111225	22.923076923076923	368.795	1.2307692307692308	2.5958875421990513	1.5406981659230456	1051357.8175784955	65.19519520048003	16.995124638047017	51.22	6.0	4.458600000000003	0.345137551695386	0.0004453852328218003	0.7622560310426346	0.6878208980553691	inactive
12.540447058453012	0.049224300210258365	-0.4336686927857565	0.8040532932456513	17.24	359.8130000000001	1.44	2.540110599681176	1.7301249272458727	326922.3946213661	52.80869171420791	23.026239150385088	80.32	3.0	3.0104200000000008	0.3874988177780511	0.0005634600605209108	0.9278726724224433	1.116137751255822	inactive
13.86972604001171	0.08708427262472185	-1.1176627194087512	0.3723704827381358	12.0	526.5920000000002	1.0512820512820513	2.9160736147384507	1.730911344157031	412944578.03980017	124.0063523611776	28.327072906510004	106.36	4.0	3.9776000000000025	0.12378589837196469	0.0001644411953194372	0.8547688782230799	1.6459585363273155	inactive
13.704261856653181	0.03946044508277402	-4.7686503820775545	0.2829183696340207	12.3	551.4800000000001	1.1	3.618602864451314	1.5418210481205705	1234898598.4458842	108.11024957109852	33.31105142745721	115.32	5.0	4.479900000000003	0.3460493320946291	0.0002444796820811361	0.9612360995978934	1.5349534151195225	inactive
13.12017431972789	0.11575459813555122	-0.11575459813555122	0.6731920188238273	18.125	336.82200000000006	1.0416666666666667	2.6247071358966556	1.7269049469833169	506400.49597135716	71.51070849635737	17.43591465621129	33.2	4.0	4.798800000000003	0.533270179565521	0.0009707856747505472	0.9825571421929248	1.1723690986419297	inactive
13.0264559712774	0.08218159486016674	0.08218159486016674	0.5922864252034531	11.807692307692308	370.52200000000005	1.2692307692307692	3.2861828802722095	1.7464366831326046	1041319.0587348972	46.65541237493687	32.34571570521565	51.02	3.0	4.3479000000000045	0.21186017828397635	0.00024551252183665606	0.63089138997607	0.9357461656043452	inactive
13.885219784207429	0.18235188390987433	-0.9054770828084331	0.33123716465585407	14.538461538461538	526.6120000000002	1.0256410256410255	3.519552807204501	1.3979569725268928	1204213923.0409667	120.22399327218052	47.37435775738638	78.67999999999999	5.0	5.025100000000005	0.5124836099846158	0.00039529630506637375	0.9754673420465763	1.2995330463637766	inactive
13.464597033257746	0.22183555366591134	-1.437984339569161	0.6366875885857132	21.296296296296298	380.7870000000001	1.1111111111111112	2.9236994766459277	1.6829919224474048	2544817.261467382	65.44434142789574	23.591280285750045	68.73	5.0	4.049400000000002	0.42459906165987765	0.000615409841194263	0.865869983756174	0.6861432145681134	inactive
12.550908919123206	0.03854938271604902	-0.03854938271604902	0.8475870669648807	15.0	287.75000000000006	1.2	2.8107458800502334	1.8984746958160614	56383.56235380768	53.311607290972525	24.10460584511043	36.440000000000005	3.0	3.490020000000002	0.6838524476484453	0.0018835190596815416	0.9531228227110368	0.8127565517689616	inactive
12.378020282186949	0.051677836641934594	-0.3472626564072969	0.6743220134751284	16.03846153846154	370.79600000000005	1.3461538461538463	2.958358421629816	1.448822752407146	932746.7434725079	59.37797435943413	27.702341591280497	85.25	4.0	2.2273	0.3010659499483329	0.0003997370574392913	0.8645238187318307	1.2315019981106525	inactive
13.490566617850845	0.21578912270928563	-0.9164735685941043	0.42647772818739027	14.8125	490.40100000000007	1.125	3.572238077132089	1.729960096035826	28537209.680882026	101.31193611750105	16.79833797965022	62.300000000000004	4.0	5.794600000000005	0.2724593702177974	0.00021854649806673167	0.83588679207638	1.404587951828576	inactive
13.320708144368858	0.16044666477702219	-0.8934241543839758	0.7422716063463868	18.846153846153847	367.83600000000007	1.2692307692307692	2.6743549722848217	1.763839332989991	1179572.3989157218	65.44434142789574	24.042796620724207	77.24000000000001	4.0	3.5059000000000022	0.2865802107127727	0.00041908142486359875	0.7444860703962705	0.8101392644240963	inactive
14.02460183610481	0.10887605331643946	-0.9731052768329556	0.6675429432981888	20.1875	448.9100000000002	1.1875	3.127782050185785	1.6221318186103701	26189894.974205237	71.00779291959273	54.28736864026712	82.61000000000001	5.0	2.7647000000000013	0.24947700787085017	0.00026808183716092114	0.7274328365438785	1.0198591299275808	inactive
13.709500085177169	0.056447280534860145	-0.9508556416393723	0.5164007552112283	15.305555555555555	491.5920000000003	1.1388888888888888	3.4266181280185317	1.665115209349521	159086092.11754003	78.26952302666785	66.07501578412403	100.8	4.0	3.2036000000000007	0.2358267423029412	0.00028224639620003154	0.9504586536075471	1.3840329477489113	inactive
11.988990142353238	0.022288945410511074	-0.28347715694532116	0.8193673281352377	16.363636363636363	297.31399999999996	1.3636363636363635	2.4676342411091645	1.5746044797307182	100521.54844582293	54.35534104569281	23.026239150385088	80.32	3.0	1.4875999999999998	0.4456847988134453	0.0006919113582418892	0.8356658042987705	0.886348688577826	inactive
13.774540854826522	0.03698980144935238	-1.0871974468799868	0.3461040684335997	15.025641025641026	530.5560000000003	1.1025641025641026	3.6505590250748163	1.4782157985108728	1046488349.852766	113.9156636332572	41.540836835535835	106.79	5.0	4.175200000000004	0.11953330924547184	0.00014427555747624518	0.7131122291345505	1.4166206954871505	inactive
12.517523305618543	0.04046233308138092	-0.42130791526895384	0.6441673657391497	15.607142857142858	396.8100000000001	1.2142857142857142	2.593496613645633	1.5035102603456947	1787780.2076775716	69.47082543225503	18.04226062943788	98.6	4.0	2.2165999999999997	0.51207081600689	0.00045746117566463734	0.8652491363468889	0.9480656475741616	inactive
13.676295035665527	0.050764642404252935	-1.063430387587134	0.3344204103273722	11.805555555555555	501.54300000000023	1.1111111111111112	3.592761639572277	1.510521743751567	279358299.8020455	107.79638434671598	33.31105142745721	101.22	5.0	4.565400000000003	0.21433760008644065	0.0002474960536993822	0.925988647778392	1.4110713433989963	inactive
14.014185169438145	0.10529407596371909	-1.3509987953514737	0.6019052426463177	20.0	462.89300000000026	1.1515151515151516	3.0606226498366573	1.669261080015734	36327436.17521564	71.00779291959273	53.64979196370605	99.68	5.0	2.2912999999999997	0.1968569676617357	0.00024045850232082172	0.7518226924271803	1.269556293034049	inactive
12.812482993197278	0.46433201058201057	-3.4385493827160496	0.8518519788516375	20.666666666666668	322.81700000000006	1.3333333333333333	2.7449438662585615	2.010779085668168	72142.61469300752	58.87505878266952	19.94653191118872	50.27	3.0	3.324620000000002	0.6566760428258638	0.0015906573679348068	0.9546060679630165	0.7414241583447466	inactive
12.555894431846811	0.0321051774588863	-0.3662955782179964	0.6901117832686944	16.035714285714285	395.84600000000006	1.25	3.0587545112850205	1.4707464526794851	3196698.2222349523	65.44434142789574	23.026239150385088	80.32000000000001	4.0	3.684300000000002	0.40164562314148644	0.0003761252377053529	0.8296752308902374	1.005226431053395	inactive
13.478152508313633	0.052733393434984066	-0.9516701835055013	0.4747913870408446	12.0	459.56500000000017	1.1176470588235294	2.818022270039094	1.915485109844556	29197731.637478493	108.21988893441153	23.343094385562793	62.300000000000004	3.0	5.137400000000004	0.16137471353148147	0.0001892421264570439	0.7570416756788254	1.350153838805934	inactive
13.026935941043085	0.1484104938271602	-0.36748582766439974	0.7422901169409017	16.82608695652174	328.75900000000007	1.391304347826087	2.909429904134532	1.8251612958605692	314957.42484217964	47.245240222510915	27.278524958257854	83.03	4.0	2.873400000000001	0.21716881630587692	0.0004658408803965122	0.7212825589465595	1.0273142838915232	inactive
12.032000661375662	0.11535210380448446	-0.11535210380448446	0.8022255351355969	10.65	285.73400000000004	1.2	2.8210023287744006	1.758973734797854	58939.201655083554	59.88088993619874	15.458257898090068	46.92	3.0	3.328400000000002	0.4583447781302374	0.0010753513850953256	0.9449229539158659	1.1621485542162135	inactive
13.46752853000765	0.06972604641029978	-1.0159171600739072	0.44454648016450965	11.545454545454545	444.4660000000002	1.0606060606060606	3.382184403110521	1.6491048012345415	49592618.15563165	114.41857921002183	28.32707290651	88.33	4.0	3.955700000000003	0.15737743254274233	0.00029031083781786744	0.8914305535772835	1.5105180959000126	inactive
13.941258941108327	0.1341981980528153	-0.9907059922734531	0.259688804682495	12.342105263157896	501.5860000000002	0.7631578947368421	3.5223558362317995	1.56420091681432	791267425.3896759	144.73860777344268	16.79833797965022	75.44	5.0	6.607100000000006	0.17791715573208233	0.00016939059373883642	0.7547387240178394	1.2335026550984525	inactive
13.172701365268331	0.24327522675736946	-0.975607993197279	0.7967070348328475	12.928571428571429	384.48000000000013	1.25	3.0753440811269512	2.5936742478276575	1015564.7252223908	54.5714430496148	27.493926489159012	88.33	2.0	3.5421000000000022	0.19191312165181046	0.00035822379257937183	0.8004961349235048	1.0965089307743627	inactive
13.526107449924414	0.22790459393633955	-1.0301842403628119	0.5404480201133686	12.125	432.52400000000017	1.21875	3.2755184186603103	2.067547240271755	14128372.207649564	84.40036281515823	21.955001236775665	88.33	3.0	4.8285000000000045	0.1600146346474731	0.00020508341875473895	0.7304020833067192	1.2720321430169725	inactive
11.800802626606199	0.36926870748299323	-0.36926870748299323	0.8621288696031557	9.473684210526315	252.27700000000002	1.3157894736842106	2.4136572025470686	2.0576183242857327	22538.730957384527	53.852425468928196	11.01509303328528	77.81	2.0	2.9057000000000004	0.5665367181824712	0.001558593729882517	0.925090306137066	0.7882441146495849	inactive
11.716796579743008	0.3788683127572019	-0.43133660871756097	0.8807158498854399	9.473684210526315	272.695	1.263157894736842	2.3849239006378404	2.0723448114750727	21330.759367304843	53.311607290972525	11.01509303328528	77.81	2.0	3.25068	0.5300825405930623	0.0010844672000184482	0.8727709034926228	0.7338769855857555	inactive
11.052203798185941	0.12791099773242598	-0.46300925925925984	0.7969629010847977	12.2	248.10900000000004	1.5333333333333334	2.2504939175770464	2.7794717797508355	2300.004783763741	34.85155307928476	23.500592533675466	49.33	1.0	1.7284	0.4101311045897077	0.0015301850884429332	0.9644186793642113	1.0550927149549874	inactive
13.61698680398085	0.21847879160774597	-0.9056996409674987	0.4652071321617261	14.727272727272727	439.55900000000014	1.1515151515151516	3.6072410298563606	1.7304233176039718	48514910.06973951	102.40266809336563	16.79833797965022	62.300000000000004	4.0	5.594500000000005	0.22963841237012533	0.00022223455080969262	0.7643182558812585	1.1439686890720042	inactive
13.682798485134796	0.04382425363298692	-0.957232956454187	0.46926245217912077	11.911764705882353	457.5740000000002	1.1176470588235294	2.828171452785297	2.068439596013541	27756805.906216018	96.33630102490402	23.908135520927754	71.53	3.0	5.595120000000005	0.22242309035829952	0.00020002041990962568	0.7328068255968356	1.0735091034611428	inactive
12.894580341395818	0.07264660493827213	-3.8686771830645816	0.7432164091911301	11.653846153846153	370.434	1.1538461538461537	2.6266383852848634	1.8288231615993973	701580.3659863576	60.55218461730588	42.19057813546086	92.26	3.0	2.19742	0.18376022639396994	0.00046855644042763356	0.8425802999140989	1.3155329062091927	inactive
13.253580719324766	0.01570734660561568	-0.8667483938019658	0.7579755221542133	12.758620689655173	393.5310000000001	1.0689655172413792	2.637071461433573	2.5845317700783483	1357648.7746327692	72.57374832782217	22.337263232033564	62.300000000000004	2.0	4.554100000000004	0.15726256250460638	0.0003928133359957327	0.9727494990967817	1.4911032347709456	inactive
12.578686696900983	0.02395061728395098	-0.4234311224489795	0.9343402565689156	15.7	286.76200000000006	1.35	3.228353467640569	1.8571713904351628	74884.88703539064	58.87505878266952	10.891158250298714	41.99	3.0	3.713720000000002	0.39243672195180357	0.0009183927887308139	0.8710121789308505	0.9671898597875351	inactive
12.288878180901989	0.3079984462920966	-0.4218652257735045	0.7316739231031615	10.434782608695652	307.329	1.0434782608695652	2.583854158575761	1.6566214961914536	233404.71385246565	76.58092625543694	19.058818099777	69.5	3.0	1.966	0.246462164821894	0.0007070119165395168	0.9360258064493455	1.0521432687828838	inactive
12.316655958679767	0.2679984462920968	-0.4062402257735045	0.7072475192431444	10.434782608695652	306.345	0.9565217391304348	2.583854158575761	1.6566214961914536	233404.71385246565	76.58092625543694	18.996692541176657	72.30000000000001	3.0	1.9990999999999999	0.33935721817829173	0.0006797825323949287	0.8467098089273073	0.9706895555129407	inactive
13.354523760505383	0.14441702702660542	-0.6003977877882096	0.7222895379121701	11.814814814814815	369.37200000000007	1.1851851851851851	2.651057931090772	1.7240466771803042	1182310.8629340692	70.26541295955961	25.665700064289915	78.72999999999999	3.0	2.502200000000001	0.29448775560407714	0.00047918812894049833	0.841082452545494	1.181982567633089	inactive
13.501175111327793	0.11750925691672465	-3.675683707609663	0.6195992065715179	15.387096774193548	442.4920000000002	1.0	2.7177115283511775	1.560532846022055	7868122.741652288	75.32594887449198	49.70912805947745	88.86000000000001	4.0	2.0598400000000003	0.2982595129747992	0.00031938696503680406	0.8165261564242488	1.1452590962549427	inactive
13.384068219473544	0.15139978831755863	-0.5934150264972564	0.6724039303987618	14.310344827586206	395.4100000000001	1.2758620689655173	2.981221372590527	1.4178715753506235	3710022.6742194975	69.76249738279499	24.659868910760686	78.73	4.0	2.818600000000001	0.6708296684285837	0.0007235251019884709	0.9101425572579543	0.7538993807248063	inactive
13.303270316979212	0.1462239998157211	-0.598590814999094	0.6854076149799395	10.538461538461538	355.345	1.1538461538461537	2.6385561714602717	1.6718767001221457	818076.4252927429	70.26541295955961	26.168615641054533	78.72999999999999	3.0	2.1136999999999997	0.33536492319146627	0.0004814152600843754	0.7975890804330901	0.8752736014082382	inactive
11.740651927437643	0.06694444444444447	0.06694444444444447	0.8471035347082237	12.5625	220.31599999999997	1.4375	2.2081411266605766	2.554882910689825	3062.6917426782197	24.02350570338476	10.891158250298714	41.99	1.0	3.010720000000002	0.5489670023155362	0.0023393904992218603	0.9507438764954956	0.9189295008316127	inactive
12.0006711388259	0.4115740740740741	-0.4545196759259251	0.7981578861382183	13.842105263157896	316.154	0.9473684210526315	2.6701624697515522	1.9526640859637643	32810.95642830707	64.13055904691929	11.690424675716445	37.38	3.0	3.178600000000001	0.5219913451988321	0.0010704110285437252	0.9099977533941922	0.8039374704925797	inactive
12.120353363567649	0.2376234567901232	-0.2376234567901232	0.9079519357540479	10.052631578947368	275.73900000000003	1.368421052631579	2.402008506957951	2.142729297699242	20460.30846226783	53.311607290972525	18.06276501596247	45.230000000000004	2.0	3.7117200000000024	0.5189833885889388	0.0013202609242057527	0.9352945560566879	1.05350916503358	inactive
13.120974672238722	0.1130135244078243	-0.5894938876459441	0.923144279582409	9.916666666666666	345.7610000000001	1.2916666666666667	2.5554093490767085	2.1488924470739224	194576.53406674782	58.867875125715486	18.359115864615585	73.2	2.0	3.3423800000000012	0.511940132251878	0.000705555268124432	0.8806213558331083	0.7974006835576294	inactive
13.491181336297817	0.11802422458627326	-1.2159927458637785	0.49308205868494165	11.857142857142858	475.5240000000002	1.2857142857142858	3.3218589526989573	1.9819042461124863	52888143.52879932	89.71466807943952	28.49975764268824	112.12	3.0	3.997080000000003	0.08108444368649084	0.00026885777021344376	0.9159618244529146	1.4909531592935008	inactive
13.454350035730254	0.09389582322572898	-1.2663631162341484	0.5116162936136932	12.117647058823529	465.5050000000002	1.2647058823529411	3.2695236840352	1.9500565470332334	30326666.372213222	84.15121658774252	28.49975764268824	111.39	3.0	3.1990000000000016	0.2596800599118534	0.0003194179965243803	0.9172725225632448	1.3581390980458172	inactive
12.432703924162258	0.06363399680859971	-0.6576199137062231	0.823415751339709	11.130434782608695	332.831	1.3478260869565217	2.524884714496859	1.8784690172310807	124911.09659558862	58.87505878266952	24.042796620724207	51.22	2.0	3.5162200000000015	0.37922843040731885	0.0005650817778652068	0.8057489428777524	0.8425009483643447	inactive
12.959818909045099	0.11176469198790606	-0.5010101725875533	0.6332903843256509	14.214285714285714	396.8100000000001	1.1071428571428572	2.9440166290292265	1.6955210040086024	2746087.4470429625	69.47082543225503	30.492757919730163	81.02000000000001	4.0	2.788000000000001	0.32129647194183225	0.00044655323346752665	0.8602963039537369	1.0232827227401466	inactive
12.444569069688672	0.020622401738473073	-0.4126437704711512	0.6352507316354609	15.607142857142858	398.8060000000001	1.2857142857142858	2.623585217532948	1.4771143492732355	1903274.648888842	69.73177843855795	27.702341591280497	102.32	4.0	1.5875	0.4165088162035732	0.00038707259902152766	0.8584916419758714	0.992093754610393	inactive
13.417322672717695	0.0251568930041155	0.0251568930041155	0.6651140591808371	19.677419354838708	419.5290000000002	1.096774193548387	3.484519824710764	1.3705277073647735	30224836.464175556	54.09438803938988	53.74908271521615	72.28	5.0	2.9680000000000017	0.5186137317405682	0.0004848169050607391	0.8704803041233673	0.9634530876991377	inactive
13.101290347559289	0.05821061140505557	-0.05821061140505557	0.5104186366138802	10.793103448275861	403.5110000000001	1.0344827586206897	3.4444703752585064	1.5831321107322713	8215867.851059348	88.8780192837065	20.901049568452596	77.04	4.0	3.6987000000000014	0.19701950414985916	0.0001523168267269648	0.5756473655608374	1.0122153770520859	inactive
13.229219786680105	0.18050183190560154	-0.33709797808012065	0.6742976209601249	13.931034482758621	383.45100000000014	0.896551724137931	2.962714994170074	1.7384032581164073	5222863.605482633	101.00820310768609	21.698247710500695	62.300000000000004	4.0	4.090640000000002	0.1704747108376885	0.00020010229342396993	0.6168826793497683	1.0973925805608353	inactive
13.203156686542929	0.15443873176842726	-0.380181878306878	0.6397372900496262	13.931034482758621	403.86900000000014	1.0	2.962714994170074	1.7384032581164073	5222863.605482633	100.46738492973041	21.698247710500695	62.300000000000004	4.0	4.435620000000003	0.1935604913686449	0.00021271615378814699	0.6619520120667134	1.0304149292919023	inactive
13.118167040310212	0.06980228717001191	-4.577789061384979	0.7844979007719622	11.153846153846153	388.74800000000005	1.1538461538461537	2.5493358836284226	2.1875453698503198	356149.8709505415	58.867875125715486	18.359115864615585	49.410000000000004	2.0	4.489500000000002	0.34197712794893853	0.0004456824062668193	0.8768895567871084	1.3029178164943933	inactive
13.101237388765174	0.09623589967565405	-0.5750411336098569	0.8968754165815134	10.26086956521739	355.196	1.173913043478261	2.4807039359563667	2.1188434039461113	110051.4687108323	58.327056947759814	18.359115864615585	49.410000000000004	2.0	4.124100000000002	0.5785960851436217	0.0008088617524204318	0.910032675380992	0.819889983009151	inactive
13.25093002015621	0.18045655916687653	-0.33548044217687045	0.6742976209601249	13.931034482758621	383.45100000000014	0.9310344827586207	2.955493053816211	1.751199510428226	5145158.747527566	101.00820310768609	21.698247710500695	62.300000000000004	4.0	4.090640000000001	0.16017535127823884	0.00019001603516098357	0.5908137657783543	1.0786466892863245	inactive
13.270052437641723	0.09430119887461164	-0.19835128495842835	0.8521740086975916	23.0	324.404	1.2916666666666667	3.2462677763816545	1.632846458850642	610437.9314741355	46.78022724693736	29.057409638928515	56.53	4.0	2.885440000000001	0.40516151609373285	0.0009121948883967019	0.8622165520854471	0.9146039842187552	inactive
12.291491612076928	0.19782422980925873	-0.5927766568314905	0.7687545143478375	11.0	297.31800000000004	1.2727272727272727	2.890837659389678	2.1685155372678624	119857.02019595544	52.20397191428027	25.23874264153629	95.8	3.0	0.6843399999999996	0.5208489337707386	0.001106246181325436	0.8933784604694407	0.9063257775580513	inactive
11.852341269841268	0.05833333333333357	0.05833333333333357	0.8657423184662456	16.764705882352942	233.3149999999999	1.411764705882353	2.332248998695538	1.8631596912280377	9095.7710949126	24.02350570338476	35.425337198886915	45.230000000000004	2.0	1.81442	0.4803027350124744	0.001939171784324009	0.9889044362671108	0.900851652183869	inactive
12.212484882842025	0.14376984126984138	-0.5434314023963485	0.7609489872588867	10.869565217391305	348.8150000000001	1.434782608695652	2.8559796517620777	1.9197015631503271	175842.66715899113	50.715896432025964	15.458257898090068	90.00999999999999	3.0	2.64072	0.2746533376159217	0.0005241159089023059	0.8375121947063708	1.043818804371792	inactive
12.063711262282691	0.09632716049382695	-0.09632716049382695	0.8041636551317588	10.65	284.726	1.25	2.8768354939067122	1.7746352324759036	60410.66853654705	59.24749785628266	11.005861537652542	56.09	3.0	3.0266	0.4860069714741504	0.0011630416101726649	0.9386180486741934	0.7609408314594105	inactive
12.19698436318972	0.029592466616276125	-0.029592466616276125	0.9366797702245624	13.571428571428571	300.78900000000016	1.2380952380952381	2.4739761554776227	1.7312437002469676	80913.86414105113	58.372143205904905	10.891158250298714	41.99	3.0	3.7950000000000017	0.4462678927713927	0.000993842363845063	0.9219112712770277	0.8735645081433308	inactive
12.347697467876039	0.031825396825396535	-0.031825396825396535	0.7437786118683317	10.818181818181818	314.776	1.2272727272727273	2.9041810421605345	1.7093653288974702	147999.970089543	59.1170213531312	32.84863128198026	51.02	3.0	2.7433000000000014	0.5128924241187388	0.0009063494577142869	0.8808020824423478	0.8109037012083036	inactive
12.420300506004871	0.2179469009826156	-0.45021871011183756	0.673754114403104	10.538461538461538	371.80000000000007	1.1538461538461537	2.6412290273804184	1.6536916347030326	821770.8697469244	69.47082543225503	26.168615641054533	78.72999999999999	3.0	2.628	0.4054073663282213	0.0005539647976985502	0.8776848987467637	0.9073548045293413	inactive
11.296847915091963	0.3809115173847317	-3.081169348912405	0.8176087521028516	17.4375	240.32799999999997	1.125	2.2929708100720165	2.1840577144191022	4696.00421902749	24.26546827384644	40.85259179149064	49.410000000000004	2.0	0.49969999999999987	0.7131511857649637	0.0030647559794407158	0.9479488175659218	0.6792787912222427	inactive
11.91708664021164	0.11394620811287459	-0.11394620811287459	0.9049825268827963	10.210526315789474	275.73900000000003	1.4210526315789473	2.325662240392352	2.051227743559958	17835.503721568948	52.67821521105644	10.891158250298714	68.00999999999999	2.0	2.806820000000001	0.5484635648126088	0.0013239292626349424	0.9503714906688301	0.8745019832726717	inactive
11.186267864612992	0.06007784069652722	-3.968568897693927	0.9042596263242455	12.695652173913043	351.83500000000004	1.1304347826086956	2.448617302694227	2.397845205227487	87924.95010514431	58.18962802227753	14.324976713680442	87.03999999999999	2.0	3.945000000000002	0.4162776167863869	0.0004917403277404732	0.8246933551997523	0.9489104194420748	inactive
13.458849916715316	0.1544948330189131	-0.9345452779877388	0.4617095916864857	11.484848484848484	465.95600000000024	1.1818181818181819	2.791942354839458	1.889516238854962	20865388.544870205	112.73960667138823	28.24300411641327	62.300000000000004	3.0	4.797320000000004	0.26933619918557383	0.0003342878572436643	0.9349986927590136	1.6491351814147048	inactive
13.539904887881079	0.14878708427815623	-0.9170390841521805	0.550310007538331	12.258064516129032	435.9550000000002	1.1290322580645162	2.7266005549799637	2.1831066348127646	6329634.139151577	89.72911577848674	27.237172962884042	62.300000000000004	3.0	5.058800000000004	0.18659388634299345	0.0003694957861283033	0.892069628682519	1.404420130654457	inactive
13.096216773746537	0.16830404383975828	-0.8613909360040315	0.7667143225086969	12.148148148148149	385.89500000000015	1.2592592592592593	2.6126366582625287	2.493183416843681	698838.5038986942	77.5963816415635	27.237172962884042	62.300000000000004	2.0	3.9056000000000024	0.12891021939685912	0.00041878309143689884	0.8653987399484753	1.2276496023234413	inactive
12.449341773746536	0.1780829554043839	-0.8282659360040314	0.8202462244860704	11.416666666666666	343.8140000000001	1.3333333333333333	2.6234959715552897	2.4631530119982568	255423.567790623	77.5963816415635	28.745919693177886	62.300000000000004	2.0	2.736900000000001	0.08275486489139251	0.00045200967046750927	0.8430837258290003	1.447448382159435	inactive
12.893029887881077	0.15856599584278186	-0.8839140841521804	0.6460680858166346	11.642857142857142	393.87400000000014	1.1785714285714286	2.7351661016458872	2.1601133785603652	2310230.6960941823	89.72911577848674	28.745919693177886	62.300000000000004	3.0	3.890100000000002	0.26383397736396913	0.0005027980758501062	0.8880641068966306	1.3193018760496764	inactive
13.482147773863144	0.004180968492386361	-0.21611239711934171	0.4842343074249802	13.705882352941176	454.5340000000003	0.8529411764705882	3.3069887840274403	1.4113526675805699	109937217.66528496	78.86277189000094	64.43192105821744	83.36	5.0	2.5633	0.29160154586930676	0.00020949606352974463	0.7498288155001314	1.039975083773368	inactive
13.357014518770473	0.06997905643738989	-0.11263552952044953	0.4271208868201442	10.96774193548387	410.4410000000001	0.9032258064516129	3.4923411532949244	1.4529584819843369	30317991.40727616	91.27544946906835	40.64949135379324	94.62	5.0	2.6404000000000005	0.3136145872105218	0.000268826290951609	0.7533569548351875	0.9530982026994569	inactive
12.809464994331066	0.14449751196774963	-0.4961257558578991	0.5199421148979307	11.931034482758621	404.8770000000001	1.103448275862069	3.157308528601853	1.662481967418504	5995372.119951187	94.77034561667459	18.000955791576246	65.32	4.0	4.3023000000000025	0.2354041125864747	0.00027733678964604277	0.7867297611310454	1.3656978357283258	inactive
13.206838816947043	0.025523561084978885	-0.2412805755018057	0.5722805369163831	13.71875	433.5160000000001	1.0	3.3081582125422857	1.5533633433599887	30374503.027466655	66.48807518261603	64.43192105821744	109.38	4.0	0.8688000000000007	0.4105533373493532	0.0004298836795176539	0.9275393292319921	1.2341654426478577	inactive
13.03475970017637	0.08637135718484856	-0.08637135718484856	0.5102106248255346	10.892857142857142	394.46400000000006	1.1428571428571428	3.4851245138894504	1.579326432066951	5089599.167344848	71.20082409092751	35.66551283284603	107.75	4.0	1.6123999999999994	0.25729522580350883	0.0002426801388132333	0.7244695027905319	1.0919911305815664	inactive
13.367989610597835	0.035499602810208586	-0.16447478374065616	0.4167575221199098	10.875	421.4640000000001	0.84375	3.2644919187556796	1.4522460976482292	44837300.30133761	97.08086353122704	35.85298513129422	89.69000000000001	5.0	3.516700000000002	0.4384167907781011	0.00045595681575538033	0.8921437591252598	1.1707009828365098	inactive
13.045734792003731	0.05314864853961154	-0.1382106114050552	0.5066904455320925	10.793103448275861	405.4870000000001	1.103448275862069	3.4444703752585064	1.5831321107322713	8215867.851059348	77.13671465623764	30.86900661034701	102.82000000000001	4.0	2.4887000000000006	0.36866797867301965	0.00028853436346012323	0.7606828123455543	0.7721152077446495	inactive
12.531121198109384	0.04607291095753996	-0.11018812463256866	0.7753244009614217	10.64	337.383	1.12	3.043836192551897	1.7045904406523535	647387.4321214778	48.53093654769288	33.85590128048129	80.12	3.0	2.4428	0.2711339117253697	0.0005424563488410192	0.7959507141199524	0.9485972968490569	inactive
11.823408919123207	0.13808641975308622	-0.13808641975308622	0.9240599028959203	10.11111111111111	261.712	1.3888888888888888	2.318561520232321	2.0346835172849502	12608.337547023362	52.67821521105644	16.10454334595358	54.88	2.0	2.619620000000001	0.5409504906358281	0.0014727722389437832	0.9376661772741538	0.8471012714054932	inactive
12.134466647770218	0.11535210380448446	-0.11535210380448446	0.8051952011122818	10.523809523809524	297.745	1.1428571428571428	2.4739761554776227	1.8039060510745435	80913.86414105113	65.31386492474428	16.10454334595358	54.88	3.0	3.4644000000000013	0.3404392078538737	0.0008185529851706809	0.8371013338683843	0.7055334379361622	inactive
12.031352513227514	0.11414840010078109	-0.11414840010078109	0.8033024021850661	10.65	285.73400000000004	1.25	2.8210023287744006	1.7589737347978533	58939.201655083554	65.57481793104722	15.291852856560507	46.400000000000006	3.0	3.1689000000000007	0.6257180303966564	0.0014539778245183845	0.9416926827404378	0.8800341070605637	inactive
12.10088955026455	0.1870108182161756	-0.631588718820862	0.9154177951164741	16.238095238095237	300.745	1.1904761904761905	2.7515978417438167	1.719737739623943	82014.12527101621	64.6804728448282	11.814359458703011	58.2	3.0	2.692100000000001	0.3059664747881486	0.0007574056325174744	0.8488668502913073	0.9939946658185209	inactive
12.29149612622827	0.08940724846208226	-0.15641786344167286	0.8019266847700408	10.695652173913043	326.7830000000001	1.1304347826086956	2.521561344533633	1.9086168499292056	176557.20378290044	75.66766900386811	10.47427937714286	51.1	3.0	3.3731000000000018	0.46640745491818264	0.0007586743437798095	0.8785007518871368	0.9209891309174738	inactive
8.491413454270596	0.03351851851851895	0.03351851851851895	0.6326422670473281	8.75	165.15200000000002	1.25	2.1643634061562356	3.1197125558836243	595.1999366929648	11.890771566461538	24.187552124449482	68.03	1.0	0.36547999999999997	0.26876929786582837	0.0012416348357695655	0.5906387725975053	0.21272739932232512	inactive
12.530550581356408	0.12839516670865825	-0.22122327351570292	0.5730568654366267	10.678571428571429	375.4720000000001	1.0357142857142858	2.982642916097292	1.688585376546292	2066709.0682788067	82.56434365453549	16.79833797965022	73.99000000000001	3.0	3.8253600000000025	0.38785722668227546	0.00045901231871903924	0.9306819201293187	1.553913296770043	inactive
11.803335222978081	0.0965795505444973	-0.39774612622826955	0.8658590925600456	19.166666666666668	266.72799999999995	1.5	2.318561520232321	1.9003353642105014	12608.337547023362	34.85155307928476	24.400956693763547	58.2	2.0	1.2772999999999997	0.48541893361874294	0.0011509476086435	0.8561425976747884	0.8923600561806427	inactive
8.238178382464097	0.19277777777777816	0.19277777777777816	0.6061864897164827	8.444444444444445	183.99599999999998	1.4444444444444444	1.9003726279897948	3.0560383962272617	129.22533870330605	22.690811157058494	9.967957041894417	49.57	1.0	1.1107799999999999	0.8032191696155024	0.01128540929654645	0.929428812220956	0.0023112717405527994	inactive
12.496884763164523	0.016906021667925986	-0.33908940357849127	0.6525865017261886	15.041666666666666	416.34099999999995	1.4583333333333333	3.0127487895938634	1.9364892555051103	310361.32930880145	33.45125233889362	67.55172487899267	61.88000000000001	2.0	1.4736	0.16471594082393015	0.00040517724263982615	0.8499696854846934	1.0414029857025866	inactive
11.851050170068028	0.017522675736961313	-0.017522675736961313	0.9252513477484028	10.210526315789474	274.751	1.368421052631579	2.3924871644110928	1.90291258473106	21458.21737760309	58.87505878266952	10.891158250298714	41.99	2.0	3.614720000000002	0.39640825871258356	0.0009870699398033104	0.890125323293684	1.0015512463664396	inactive
8.41148148148148	0.24768518518518534	0.24768518518518534	0.529354659112996	8.9	133.154	1.3	1.8546418598350878	3.2210743129260195	172.48169296466315	23.27862755615846	9.967957041894417	49.57	1.0	0.96512	0.28476537008857433	0.0022872623807778537	0.6232417842055205	0.25008526000949044	inactive
13.65844169739384	0.27839144038416963	-0.7253184443989829	0.6021292965186094	11.5	421.266	1.2307692307692308	2.661525658982431	2.03716279870102	579137.337291941	82.09982010163296	23.527768818056636	78.43	2.0	2.8538000000000014	0.4091682455361088	0.00033793931925769736	0.8196050624606136	0.9804149750440581	inactive
11.98859410430839	0.017222222222222028	-0.5333333333333334	0.5039387723179841	8.444444444444445	123.08999999999999	1.4444444444444444	1.9003726279897948	3.0560383962272617	129.22533870330605	24.035312482271973	9.967957041894417	49.57	1.0	0.48738	0.6383322844582205	0.01035348588519264	0.8597870182102436	0.0018776372288373205	inactive
12.685303445452256	0.01734199017072413	-0.5113562251838901	0.5684647348032583	11.333333333333334	400.4580000000001	1.0666666666666667	2.786187067078741	1.7321684522811704	6415897.841089705	102.40266809336565	23.343094385562793	94.15	3.0	3.0360000000000014	0.36579878824963663	0.00032751615636038517	0.7947571977631881	0.8854971507217849	inactive
8.210400604686319	0.13833333333333364	0.13833333333333364	0.5389420381782205	8.444444444444445	139.545	1.4444444444444444	1.9003726279897948	3.0560383962272617	129.22533870330605	23.240724954967405	9.967957041894417	49.57	1.0	1.00168	0.721933594209457	0.010686354776763945	0.896632373592999	0.0030762547879275622	inactive
12.386338340891912	0.020490625262451045	-0.40310983035189385	0.7455320828951193	16.782608695652176	317.3650000000001	1.434782608695652	3.0626247190505778	2.03605415345332	195643.52967766995	42.483875555975814	42.51463035363986	81.7	2.0	0.569999999999999	0.16770006554563494	0.0005139135095529072	0.7482158026135339	1.127109854887707	inactive
8.285372260015118	0.15351851851851883	0.15351851851851883	0.5573130498151009	8.4	135.126	1.5	2.048167390601267	2.9302756154154803	237.587417309747	18.21809164122608	17.07775458317195	58.8	1.0	0.35687999999999986	0.6904359321073467	0.009432470406275607	0.887211597678698	0.13763348003135562	inactive
12.283318846056941	0.11045115268329564	-3.7553846608087667	0.8469685624910148	11.95	295.38400000000007	1.35	2.3300044196819285	3.06402027141029	14630.09775118283	47.2059704204279	19.863901966063786	77.34	1.0	2.3497000000000003	0.11548855414111489	0.0004682841240876991	0.6549828442162997	1.0894817602219067	inactive
8.228395061728396	0.09953703703703742	0.09953703703703742	0.5041589132327443	8.444444444444445	139.545	1.6666666666666667	1.8814083105156787	3.11920179192052	126.05435680455047	23.240724954967405	9.967957041894417	49.57	1.0	1.00168	0.4349900844911489	0.004065612255030102	0.7483282427593454	0.003049741719123816	inactive
11.636443846056942	0.1035761526832959	-3.6355929941421006	0.8003376186311087	10.882352941176471	253.303	1.4705882352941178	2.3574479463892137	3.007742302638497	5502.283506872425	47.2059704204279	21.372648696357633	77.34	1.0	1.181	0.23289387484037807	0.0009754520886753863	0.7866520815067828	0.8566157963177112	inactive
8.622498897707231	0.14376606198034825	-0.47894179894179945	0.6633734734164476	21.235294117647058	231.064	1.1176470588235294	2.4834629030137316	2.23417953604688	6208.657257534329	18.21809164122608	28.288450998086155	68.03	2.0	0.6474799999999998	0.6239089801773406	0.002654548026090038	0.9488326753671195	0.7535148393579507	inactive
12.74229119425548	0.09509141156462553	-0.8855296123078862	0.7074281568305903	26.96153846153846	357.45400000000024	1.3076923076923077	2.662870811432626	1.7235287890033586	824169.1676216434	48.55024262443742	65.04553915579123	72.88	4.0	0.7740999999999996	0.1964913954257618	0.00030707289319909897	0.6765333226179975	1.0652681345561805	inactive
11.89629865835223	0.12319992091486776	-0.7820849867724866	0.8658590925600456	22.666666666666668	266.728	1.5555555555555556	2.5806363760067534	1.9882986512117462	11917.378784399187	34.85155307928476	23.898041116998932	58.2	2.0	1.2772999999999997	0.4326656372576362	0.0011099830254818735	0.8407934186066932	0.9080529170639894	inactive
8.794186402956244	0.44632227891156506	0.44632227891156506	0.8150660699144018	10.0	231.686	1.4375	2.7350545085508546	2.0562523126025605	7067.380850095408	53.06964472051084	9.551078168738563	41.61	2.0	2.650880000000001	0.3739337583044025	0.0018796380830422578	0.9506291099620695	0.8738539382568253	inactive
12.785414462081128	0.10040343915343919	-0.36485515131213186	0.5928840363325426	10.482758620689655	389.4350000000001	1.0689655172413792	2.7355262191719962	1.803185950330723	3693168.2958748518	88.99391947540764	28.24300411641327	93.47	3.0	1.7732999999999992	0.07339818893028673	0.0003131465811656268	0.7652263118293007	1.377046862498912	inactive
8.880448685647098	0.28703703703703676	0.28703703703703676	0.8332900021215718	12.058823529411764	245.713	1.5294117647058822	2.759853377600892	2.1741522636422728	10531.600488925003	53.06964472051084	9.551078168738563	41.61	2.0	3.2118800000000016	0.4962492872285443	0.001788427178028885	0.912040044509353	0.8902971706323153	inactive
12.201856103552533	0.1843490173847313	-0.5971645880574459	0.6881929334664624	11.761904761904763	289.379	1.2857142857142858	2.4654853275810797	2.646507214416448	39349.145828194036	48.55024262443742	49.940966795880975	61.440000000000005	1.0	0.5777000000000005	0.2635667258446899	0.0005336972143908353	0.7280358316293144	0.8940179445007114	inactive
11.672571806500377	0.05543731278519659	-0.815570200302344	0.8343624510283111	18.61111111111111	265.676	1.4444444444444444	2.566479612753241	1.9302472184687425	12296.003824700778	40.168341683291096	23.763380017202476	77.34	2.0	1.1978999999999997	0.28214006224940075	0.0008684081301762788	0.8202779554275434	0.8936549031260572	inactive
8.80929381815475	0.46860563464068794	0.46860563464068794	0.8308885201871622	10.117647058823529	245.713	1.411764705882353	2.7653939288606892	1.9022686582846633	11495.742562273885	53.06964472051084	9.551078168738563	41.61	2.0	3.040980000000001	0.4005341796188863	0.0012445635343189564	0.92166202021323	0.8799014275437258	inactive
12.366109624035307	0.055696334089190946	-0.9237876208921485	0.5762645705404882	11.607142857142858	375.40400000000005	1.0714285714285714	2.7212739402399473	1.6908472385768483	2091810.6225751645	84.4455294584425	23.465643259456293	101.49	3.0	2.5013000000000005	0.2667998593280416	0.00030003959143304186	0.7038969912723785	0.8549265237937951	inactive
11.581368102796674	0.11382716049382657	-0.11382716049382657	0.8822646872226869	10.0625	234.666	1.5	2.696631519574602	1.9726372976367366	6512.365119772664	47.245240222510915	11.005861537652542	56.09	2.0	1.8733999999999997	0.6255733217194165	0.002207458587056648	0.9510950633528747	0.7369923614485567	inactive
9.016686402956244	0.6592852418745279	0.6592852418745279	0.7635892458608206	10.176470588235293	246.721	1.4705882352941178	2.6708820081630416	2.1034955658678376	9852.88372811346	53.06964472051084	4.567099647791355	32.599999999999994	2.0	2.08038	0.6377762661430688	0.00179749922655985	0.8767638992105121	0.43256264574462144	inactive
9.03179381815475	0.6815685976036507	0.6815685976036507	0.7776182204624678	10.277777777777779	260.748	1.4444444444444444	2.699800173079951	1.9474651666140772	16028.71362757567	53.06964472051084	4.567099647791355	32.599999999999994	2.0	2.4704800000000002	0.44036688299407667	0.0012346709045727578	0.8837208803044008	0.8484431630486625	inactive
8.713913454270596	0.24648148148148175	0.24648148148148175	0.5909888271613953	9.076923076923077	180.18699999999998	1.4615384615384615	2.180441246845826	3.305720563408319	893.9809112067887	11.890771566461538	19.203573603502274	59.019999999999996	1.0	-0.20501999999999998	0.2464067828363114	0.0008795909059364795	0.5310372563463878	0.27586373628738914	inactive
8.63398148148148	0.46064814814814836	0.46064814814814836	0.4993750784007747	9.272727272727273	148.189	1.5454545454545454	1.964323840076745	3.3923544227273736	278.9339852908978	23.27862755615846	4.9839785209472085	40.56	1.0	0.39461999999999997	0.2600268165877629	0.0016972823243131868	0.5861308698164197	0.3022936594092597	inactive
12.20681642101285	0.1282016880826402	-0.1282016880826402	0.7542512728973427	10.636363636363637	331.20200000000006	1.0454545454545454	2.4812133992632286	1.8398376934109477	117435.83018712861	70.46697474163707	10.891158250298714	41.99	3.0	4.722800000000002	0.3736814031517305	0.0006547327118818191	0.8384256182995483	0.6705410897760519	inactive
12.44224820483749	0.1301117252456534	-0.7566962186109014	0.7208015626990972	11.541666666666666	344.43600000000004	1.25	3.139926898225722	2.0613156076467263	336487.1261214613	70.94018672552785	34.91030939621935	69.64	2.0	2.1125	0.21882894242852732	0.0003217793690712608	0.6553371249517912	0.8262412527287001	inactive
11.849058799445704	0.4835336356764932	-2.9622728751994636	0.8596744785407785	12.5625	230.21399999999997	1.5625	2.1995693334167914	2.609892254036474	3022.2082641146712	24.02350570338476	23.606629724493118	51.22	1.0	1.9562199999999998	0.5612105378625489	0.002247364275162205	0.9323672441454677	0.7302966560248916	inactive
13.294348623708743	0.05441940665154954	0.05441940665154954	0.5217439466670154	10.75	370.45200000000006	0.9285714285714286	3.1555176367583604	1.6371584456308825	4488660.727936032	96.18651844500803	18.000955791576246	45.33	4.0	4.9524000000000035	0.22602957060631937	0.00032254128516806134	0.7762657775927774	1.2663972698837793	inactive
12.440423171827995	0.11203984525909161	-3.35835325240745	0.598309706973583	11.310344827586206	449.35900000000015	1.103448275862069	2.6189901742967767	1.8688363714570935	2070919.3385020387	76.03042623333407	25.564724418139058	76.13	3.0	4.948520000000003	0.28170180024445907	0.00028812602134411667	0.8525416736387416	1.2160219857648384	inactive
12.265677437641724	0.2862248834719072	-0.6589758125472418	0.9099840450709098	11.95	290.75	1.45	2.422042246707203	2.199989240833032	33802.02159504572	58.87505878266952	22.604567609652335	62.22	2.0	2.758020000000001	0.3306120319965027	0.0008146254240250635	0.8549580377239149	0.9526892837544824	inactive
12.470492252456538	0.008003590325018628	-0.15748456790123444	0.814964915146824	9.952380952380953	299.76099999999997	1.4285714285714286	2.454567807985883	2.2464802521379528	54614.1337276859	58.87505878266952	17.43591465621129	56.99	2.0	3.1427000000000014	0.4120774968488372	0.0009243922949066907	0.9556761153659215	1.136281967439716	inactive
13.056599741748553	0.0939002267573692	-0.4231681993785168	0.40601928460714215	12.32258064516129	428.9230000000002	1.064516129032258	3.322822229230029	1.4905191063861056	20706462.452625327	100.96718918828766	20.442236419037275	62.71	5.0	5.1563000000000025	0.43205763905830974	0.00041728494180575667	0.8710796667786148	1.1829126749226753	inactive
12.387402249675047	0.12575887781650774	-0.5326669442431806	0.640120304006767	10.535714285714286	397.84200000000004	1.25	3.135697290728082	1.7712422789444235	2332231.302530244	64.56898677751798	28.566027311064516	95.28	3.0	3.4205200000000007	0.29861013091860583	0.00027069367703742647	0.7715943409522202	1.073332594808545	inactive
12.68407608981413	0.09441400884402307	-0.6527774890498945	0.3476435366230671	11.36111111111111	506.9900000000003	1.1111111111111112	3.1666091483114154	1.4973119646236677	91000398.73350781	82.76808798290283	32.36593387566704	95.33999999999999	4.0	5.936520000000005	0.16289468985150934	0.00015679045030064602	0.7232253685420811	1.1671119722905976	inactive
12.547635181291717	0.010232391382734463	-0.47203759292402103	0.32525726943833067	10.794117647058824	478.9320000000002	1.1470588235294117	3.173862304981951	1.5053278021781937	51704438.65176947	88.39785889862581	23.46734550276348	90.66	4.0	5.726520000000005	0.4088388914622665	0.00027715426828316624	0.8650956961273374	1.3051014486105994	inactive
12.468137852105071	0.0637435043461827	-2.9489346703838324	0.459938391192486	10.6875	462.8800000000001	1.125	2.7355974631453255	1.6550718593831881	11238570.254318584	76.57124441128974	24.612460878022347	69.68	3.0	5.413620000000003	0.5356410990620893	0.0003204622811544005	0.8804141763033483	1.0221697410445387	inactive
12.372043156039055	0.11902019295372424	-0.11902019295372424	0.7678296033477582	17.321428571428573	403.91000000000025	1.4285714285714286	2.6458388944234383	1.548180945624597	1966252.5285518838	52.80869171420791	54.743067515661046	63.69	3.0	3.3241200000000024	0.6917377426854924	0.0007400014064486564	0.9613072996376785	0.9332220170671784	inactive
13.176642451363772	0.00027691169060273246	-0.1525967130679433	0.6556240388994204	13.612903225806452	416.4850000000002	0.967741935483871	2.8401936787008686	1.5600477405467181	16945549.792205427	72.81539525738059	64.38998678195797	91.32000000000001	4.0	1.5460999999999994	0.26972857364329894	0.00018699457909871083	0.6690682472477185	0.7914770293089217	inactive
11.992000661375663	0.10419312169312134	-0.17785210380448446	0.8051887283345213	10.65	286.72200000000004	1.2	2.8210023287744006	1.758973734797854	58939.201655083554	53.553569861434205	20.901049568452596	59.81	3.0	2.7234000000000007	0.3427683262250535	0.0007961079822977225	0.8448587408884861	0.8893550973325183	inactive
12.440230326195472	0.1470999412338969	-0.16929855666424642	0.3541254540534289	10.71875	468.3400000000002	1.0625	3.2300147698181854	1.3906517982783437	21765919.648546696	93.92340778913176	16.04782150742416	77.25	4.0	6.112020000000004	0.42937531770153037	0.00029810719785564044	0.9508963520746716	1.3199762938196742	inactive
12.847698885109597	0.06947247417485469	-0.2857237339380203	0.7534186601945833	16.291666666666668	338.79400000000004	1.2083333333333333	2.611582360660766	1.6683265371901423	482583.8580970603	65.44434142789574	17.49804021481163	51.22	4.0	4.393000000000003	0.35465760017885645	0.0005382244745473109	0.7658014314229821	0.6139500855534294	inactive
12.40669874808004	0.15072968050601498	-0.15072968050601498	0.5168152712793326	10.827586206896552	405.8650000000001	1.206896551724138	3.1081587336937475	1.4437017359606201	5521224.388977894	82.76808798290283	15.989840058599752	78.21000000000001	4.0	4.309020000000003	0.40600131790803506	0.0003659205894962061	0.8183138326875674	1.0306936653324839	inactive
13.23303162005543	0.049114701436129726	-0.2852088057445208	0.5351394462752286	12.071428571428571	390.51200000000006	1.1428571428571428	3.3629756252922434	1.6280105211474925	4271530.572123697	82.81165221524488	29.662604656548503	50.160000000000004	4.0	4.260400000000003	0.19493086860794115	0.00018699008429902042	0.6080071996182831	1.075212853220708	inactive
12.556232993197279	0.05748456790123413	-0.25735544217687134	0.9227468239566763	16.761904761904763	302.761	1.4285714285714286	2.4853673622974095	1.8673762978306383	76345.51463505182	52.80869171420791	17.49804021481163	51.22	3.0	3.5482200000000015	0.43255499702144434	0.000767890776185974	0.8040252043926329	0.6196640007749497	inactive
13.510968168335594	0.09976752120601295	-0.385770292684976	0.4557308853568709	14.878787878787879	460.96500000000026	1.0303030303030303	3.2589220855950045	1.4239980318280618	62436775.73973072	95.2732611934392	41.870537432045104	59.39	5.0	4.622900000000003	0.2776875902675168	0.00018745403201626216	0.7350827854694046	1.1757730495576448	inactive
13.452184357749836	0.04608460359452393	-0.04608460359452393	0.46983952580888816	14.09375	429.5280000000003	1.03125	3.4385353609352682	1.4094823404422736	41632905.885151826	66.48807518261603	43.77104712372397	72.08000000000001	5.0	3.3885000000000014	0.31759760925535674	0.0002669756197322108	0.7870110667489475	1.0198361685972264	inactive
12.821046390778534	0.1400215996892582	-0.39234223223265396	0.781681513953551	14.115384615384615	348.38200000000006	1.1538461538461537	2.630009048583494	1.495755787523391	908781.2166746863	70.51455918697532	37.048240642452626	72.74000000000001	4.0	2.1022999999999996	0.39533476780222265	0.0006527907089352025	0.9303135158652335	1.140656257802901	inactive
11.999500661375661	0.16164840010078074	-0.16164840010078074	0.8048553453031838	10.65	286.722	1.2	2.8210023287744006	1.7589737347978533	58939.201655083554	59.24749785628266	20.505237952215374	59.290000000000006	3.0	2.5639000000000003	0.4781764256611061	0.0011074747443018656	0.911699238533625	0.7308383862386711	inactive
11.992425831443688	0.16859284454522516	-0.16859284454522516	0.8022492207594811	10.65	285.714	1.35	2.8210023287744006	1.7589737347978533	58939.201655083554	53.31160729097252	15.98984005859975	68.98	3.0	2.4216000000000006	0.5124152550415043	0.0011654662004854093	0.9170788704421731	0.7500078705919608	inactive
12.097363315696649	0.18677340534979403	-0.18677340534979403	0.7972891299964826	10.636363636363637	316.744	1.3181818181818181	2.889847616804359	1.7641760826264659	145012.55341124276	53.05065428466959	18.173640527754483	64.36	3.0	3.671000000000002	0.5944134003906069	0.0010475313535963603	0.9443929307907115	0.917546381464155	inactive
12.056341647770218	0.10854938271604908	-0.10854938271604908	0.8041636551317588	10.65	284.726	1.25	2.8768354939067122	1.7746352324759036	60410.66853654705	59.24749785628266	11.005861537652542	56.09	3.0	3.026600000000001	0.4856479809999368	0.001192530722059821	0.9028597522321277	0.7270132850515482	inactive
13.013268613000754	0.12030244813975055	-0.40456587168843616	0.7121550391134984	16.48148148148148	363.3930000000001	1.1111111111111112	3.1538682485359413	1.5416474779038807	2419436.411104122	70.51455918697532	37.11036620105297	69.94	4.0	2.4593000000000007	0.35625886424621067	0.0005523037511717259	0.8849009308527167	1.1435836305947453	inactive
13.128699058327033	0.0999815759637186	-0.33243669690098354	0.5469430007604432	12.037037037037036	376.46100000000007	1.1851851851851851	3.363874798401199	1.6278885041076185	3021916.741894927	76.48433214048032	18.115659078930076	65.32	4.0	4.227100000000003	0.16394668542832938	0.00033327818394999223	0.8145720930283328	1.2860633366886236	inactive
13.200531620055429	0.095410997732426	-0.31770880574452054	0.5427141831370953	12.071428571428571	391.50000000000006	1.1428571428571428	3.3629756252922434	1.6280105211474925	4271530.572123697	76.61480864363179	34.600581917569755	62.53	4.0	3.8218000000000023	0.19747305294456763	0.00019781726614821304	0.6198604949579963	1.0466700752077922	inactive
12.654043839758124	0.07057539682539637	-0.254689783320736	0.7656902630513186	16.291666666666668	338.79400000000004	1.2083333333333333	2.6107898775346605	1.563204010328289	475372.620901511	65.44434142789574	17.49804021481163	51.22	4.0	4.078000000000003	0.5966382668710556	0.0010266864551456225	0.9352304684959715	0.9038919620883606	inactive
12.654043839758124	0.07057539682539637	-0.254689783320736	0.7656902630513186	16.291666666666668	338.79400000000004	1.2083333333333333	2.6107898775346605	1.563204010328289	475372.620901511	65.44434142789574	17.49804021481163	51.22	4.0	4.078000000000003	0.6879456240590069	0.0011676146783423907	0.9111824630866725	0.4724095465032245	inactive
12.258522499309384	0.1493661291677162	-0.1493661291677162	0.7344481109033393	10.48	355.80500000000006	1.32	3.0791898796560693	1.6506807782411734	635532.474401494	71.02678335543399	15.875136771245923	78.21000000000001	3.0	3.155820000000001	0.4896689314190582	0.0005903972189088097	0.8385750741481931	0.6524776811012613	inactive
12.793268613000755	0.10178392962123195	-0.40796723223265396	0.7211377299756946	14.115384615384615	349.36600000000004	1.0769230769230769	2.630009048583494	1.495755787523391	908781.2166746863	70.51455918697532	37.11036620105297	69.94	4.0	2.0692	0.5333075757245594	0.0007431851183945067	0.9259567245572744	0.8589717936910065	inactive
11.65204081632653	0.273703703703704	-1.390214763374485	0.6598227067791695	14.058823529411764	232.21499999999995	1.3529411764705883	2.5351592355355566	2.4685015971193924	7640.969935904168	29.32600418877882	24.20448636958087	77.51	2.0	-0.47180000000000044	0.35734324277121193	0.0012565105008310626	0.7867501059443236	0.6144785429352532	inactive
11.892710695389267	0.38842309145880516	-0.3938425925925919	0.8038008928464453	14.411764705882353	296.16400000000004	1.2941176470588236	2.5097457361656557	2.4828378485865037	7453.944836411997	27.732356636149625	18.23518108162902	37.38	2.0	3.086920000000002	0.536481568166278	0.0013252649864692197	0.8557808635336789	0.612947152709335	inactive
11.847158919123206	0.3980961829176113	-0.4039351851851849	0.8040209685663092	14.705882352941176	296.16400000000004	1.2941176470588236	2.5002413407956983	2.3136297327922764	7203.195302832407	28.23527221291424	18.23518108162902	37.38	2.0	3.0245000000000015	0.5641107357315738	0.0014934560393739238	0.9016784561134258	0.7900591433553317	inactive
12.021413926681785	0.3368509070294783	-0.48726568405139825	0.791987996406769	14.105263157894736	337.19800000000004	1.368421052631579	2.880836494839528	1.9930726840066249	31190.816729627568	44.31688667508138	16.674403196663654	50.27	3.0	2.9435200000000012	0.41348707531639606	0.0006987499069333514	0.8183927136337945	0.828729416084906	inactive
12.054293745275888	0.08808437263794433	-0.7040452569916849	0.4912738853033154	13.428571428571429	282.25500000000005	1.0476190476190477	2.7294801647434532	2.0035500167350544	80432.32149466008	69.77215779985245	16.613735724534116	80.52	3.0	2.3243	0.3855967499866845	0.000873031524734321	0.818053467067772	0.8298670834304108	inactive
11.536111111111111	0.0414814814814819	-1.5255992798353912	0.37948118814280285	13.666666666666666	249.158	1.3333333333333333	2.535106959571077	2.505352315075206	10814.766289530215	33.8768709658474	29.127797418398536	120.65	2.0	-1.1259999999999997	0.3968234898979494	0.0011683631316272963	0.7902002111984036	0.4042675088354497	inactive
12.088419784580498	0.1853521038044843	-0.1853521038044843	0.7247632005918992	10.761904761904763	364.61	1.380952380952381	2.829377489535247	1.805191079820616	84915.27721593184	51.717959738343325	15.98984005859975	68.98	3.0	3.1841000000000017	0.27097224039200357	0.0005584709519173916	0.7703130129133571	0.5468052121152494	inactive
13.058115551776265	0.04990950701268071	-0.3181311413454275	0.7306156950111535	19.12	352.821	1.24	2.6139111581389836	1.7030054243454995	694589.3842299558	65.44434142789574	17.49804021481163	51.22	4.0	4.639000000000003	0.35527581246225065	0.0005451495880435795	0.8066198229935206	0.9170707589344489	inactive
13.058115551776265	0.04990950701268071	-0.3181311413454275	0.7306156950111535	19.12	352.821	1.24	2.6139111581389836	1.7030054243454995	694589.3842299558	65.44434142789574	17.49804021481163	51.22	4.0	4.639000000000003	0.34399792509799587	0.0004995922352379355	0.7778933453048708	0.8159282181687153	inactive
12.47773864638448	0.17209860796170307	-0.17209860796170307	0.8056480214552353	10.818181818181818	315.76	1.3181818181818181	2.83793989930717	1.972975951235687	131751.35982533536	53.05065428466959	22.79746201407526	70.14	3.0	3.163400000000001	0.5283508006384394	0.0008694066226330849	0.8752248345304459	0.7955378530276174	inactive
12.13605261085916	0.17417910682791637	-0.17417910682791637	0.8035865089418586	10.636363636363637	314.752	1.3181818181818181	2.890566690320517	1.7882571307956567	145355.0365894575	53.05065428466959	18.115659078930076	65.32	3.0	3.0352000000000015	0.5413112805965505	0.0008853983720523638	0.8868691280949907	0.872939398850206	inactive
12.86432775888133	0.1920650667674475	-0.38479436990845683	0.7669613340538045	16.12	353.785	1.2	2.6055863546511127	1.7054617238243428	672551.3442761905	69.47082543225503	12.514061693864424	69.5	4.0	3.315400000000002	0.4675622263971283	0.00067860337051594	0.8621725632310586	0.9584250001317927	inactive
12.892128684807256	0.09628086419753057	-0.3101596749811042	0.7761789800014064	16.5	342.786	1.4166666666666667	3.0528959574412577	1.6920002888063566	528471.5547128689	52.939168217359374	27.112119916728293	68.52	4.0	3.195920000000001	0.25878187943946296	0.0006038866954453431	0.9009252845266595	1.2092179697311571	inactive
12.749165721844292	0.09044753086419721	-0.2957152305366597	0.7839928875931386	16.652173913043477	326.763	1.3478260869565217	3.035742723451677	1.658205165591883	360157.48096758354	53.181130787821054	17.61274350216546	65.32000000000001	4.0	3.350200000000002	0.4202037226829148	0.0007211423895685915	0.8541106341658672	1.004319123674775	inactive
12.229968505920887	0.12709152179390237	-0.12709152179390237	0.7991496048578406	10.521739130434783	325.779	1.3043478260869565	3.030943004654437	1.7738923832460576	246109.54103493562	65.20237885743407	15.875136771245923	68.98	3.0	3.2438200000000013	0.4686924191556249	0.0006651221305429443	0.8902240293818099	1.0700211835712001	inactive
12.41507416855631	0.2939567848744433	-0.4203732224065011	0.6730907718743108	10.44	336.37100000000004	1.08	2.642008004386403	1.6462051333496743	583355.3673685178	70.51455918697532	26.10649008245419	81.53	3.0	2.0077	0.28296763562294536	0.0005906180819531569	0.8449678652659722	1.0435906090395812	inactive
13.2369034234064	0.05669170445956162	-0.3437329931972797	0.5380246133540831	12.071428571428571	374.4440000000001	1.2142857142857142	3.321814424202646	1.6342488888542979	4165435.702630847	78.24837024592611	27.78144053502247	71.94	4.0	3.8750000000000018	0.24753386641404218	0.0003089591659287609	0.7395678248983315	1.071344174058755	inactive
11.232012130469471	0.007293608801545615	-0.03763411228688951	0.8023231699447707	10.5625	217.248	1.5	2.604955282005564	2.174276685715817	5624.098453850013	29.9593962686949	17.43591465621129	67.95	2.0	0.9200999999999999	0.13912260590324765	0.0010277377919959958	0.7319956144572365	0.878217169974157	inactive
12.103725907029478	0.16451877047115127	-0.16451877047115127	0.803523759489673	11.0	302.74500000000006	1.4761904761904763	2.9298866889513295	1.8030424129801195	78846.18068636923	40.54548107413322	20.786346281098766	73.91	3.0	2.068519999999999	0.5853000970493373	0.0012297420739203705	0.944238886310894	1.018608201434262	inactive
12.781243858654571	0.1672502519526322	-0.35217876039304685	0.65901075992156	16.5	406.6470000000002	1.4166666666666667	2.981967752993456	1.6679354619941371	505777.51452072605	45.651592669881715	22.59672202311267	78.21000000000001	4.0	3.5077000000000016	0.38704346608304924	0.0005496063614105326	0.8365461624028279	1.0387293218312024	inactive
13.98940759637188	0.08885837140819985	-1.1035220353573532	0.27274753252359635	12.05	543.6390000000002	1.075	3.4666141132219863	1.7811008695147914	795781417.651333	113.15179505018966	30.452891926840326	84.67	4.0	6.175220000000007	0.05623355755184954	0.00014180611098034288	0.8072940230153838	1.6872815269481156	inactive
13.901114928900597	0.044230307015230785	-0.9059294427647611	0.46823038631235464	16.27027027027027	502.6340000000002	1.135135135135135	3.420894717388939	1.6656264145048525	221547596.15236405	95.56493314397915	35.92969162062333	74.33000000000001	4.0	4.703400000000003	0.1654905270600458	0.00019000396138115188	0.8049683750288213	1.3365810386312675	inactive
14.109838435374147	0.0979593057568553	-1.118799813135131	0.24330642869463748	12.317073170731707	552.6500000000003	1.0	3.5983771735883243	1.5950727115902794	1824594237.939865	119.59060119226443	28.13960060806181	80.37	5.0	6.349900000000006	0.1232055851361476	0.00014749919372067437	0.8258357785582896	1.548483879552149	inactive
13.98001984126984	0.0845180936304224	-1.1546331464684647	0.26350760391416633	12.3	537.6150000000002	1.0	3.6181444416346378	1.5670171994482134	1268234319.7667937	119.59060119226444	23.457797672916623	89.54	5.0	5.968600000000006	0.2940491717020673	0.0002640526061907915	0.9620045098822814	1.573438844288257	inactive
14.006130952380952	0.09441527963707186	-1.0747720353573536	0.2265256614585019	12.3	538.6190000000003	0.925	3.6181444416346378	1.5670171994482134	1268234319.7667937	125.72328768475202	18.359115864615585	75.69	5.0	7.209400000000007	0.040489854733265926	0.00013649282959080593	0.8492263994707209	1.6711340674333097	inactive
13.93518900297467	0.07390145026591943	-0.9885541593180485	0.3319370053099737	12.0	510.6130000000002	0.9210526315789473	2.9167066099597463	1.7135665421380244	292153387.6067494	125.65480591582553	28.327072906510004	75.19	4.0	5.660200000000005	0.07657827882057579	0.00015134983145829062	0.7839974434029587	1.4351224132340583	inactive
13.96296678075245	0.0656369874560021	-0.9681459960527425	0.30474271654486407	12.0	509.6250000000002	0.9210526315789473	2.9167066099597463	1.7135665421380244	292153387.6067494	131.46021997798422	23.343094385562793	62.300000000000004	4.0	6.265200000000006	0.15164588723779227	0.00020209467427158745	0.8082707638828083	1.4534976331674716	inactive
14.12170827735109	0.1056203437461769	-1.0556129272696733	0.2943808943299932	11.775	534.6350000000002	1.0	2.953389504990641	1.7496893832857356	708969089.3839928	130.9573044012196	23.343094385562793	86.09	4.0	6.136880000000006	0.03275740156414585	0.00015509629103508993	0.8304900036914662	1.7800387896396195	inactive
13.984077891863562	0.07693864034856435	-1.0008368501721676	0.3596986587301411	12.131578947368421	513.6170000000002	1.0263157894736843	3.3246578426674893	1.7204211646470307	304296091.352141	113.78302478520523	32.894172554301356	80.12	4.0	4.998700000000005	0.3710473138948651	0.00028725591985672084	0.909965065340669	1.3880883732089488	inactive
13.497547688430904	0.07495180852797145	-4.540040492200416	0.2839846731347816	12.216216216216216	531.5310000000003	1.1081081081081081	3.565950300481022	1.6357975354961376	227499070.88996804	111.77918645419825	28.24300411641327	75.44	4.0	5.636600000000004	0.22098127815229945	0.00019462167775896412	0.7951287155580163	1.3115002813684504	inactive
13.733301523445823	0.037307637114635694	-0.8756222442680783	0.4568541474606944	23.055555555555557	491.5630000000002	1.2222222222222223	3.320886094493386	1.3960077798435315	163934559.07238203	89.89215792987243	46.995693297822456	84.67	5.0	4.313700000000003	0.1244090969232867	0.00027876128437097467	0.9414475533255107	1.538595962098166	inactive
13.712463347897828	0.1979566171879934	-0.8723762020240196	0.34563031854742987	19.473684210526315	519.6610000000003	1.1842105263157894	3.4048900003356333	1.560617909411874	319491451.9882935	89.89215792987243	34.78776052232585	75.44	4.0	6.208600000000007	0.12066329979080156	0.00021077063755745094	0.8801649519727227	1.6374169701703203	inactive
14.089908242120117	0.08463071131676858	-1.039339464180735	0.2580988878897187	17.536585365853657	561.6040000000003	1.0	3.5275672544662	1.4558871927354342	2468731242.2284546	125.28915230904607	34.28484494556123	75.44	5.0	6.360700000000006	0.08261475793942288	0.00014407220611194248	0.7772463643063041	1.659070230207584	inactive
13.746020328560462	0.06859178715104064	-1.082948528176703	0.36389451106390563	11.527777777777779	487.5310000000002	1.1111111111111112	3.426262070022974	1.7289195565669764	172731055.20630357	113.65471062695427	30.452891926840326	84.67	4.0	4.877720000000004	0.100225974508129	0.0002188591075381852	0.8513045423830919	1.7292701397387293	inactive
13.946907516769077	0.080515917914457	-1.3816748551272366	0.20473258393757304	11.717948717948717	525.5400000000002	1.0256410256410255	3.616898274899539	1.5126539056631905	949908496.8304722	119.85155419856734	39.13416236671199	134.32	5.0	4.260000000000003	0.25090293609478076	0.0002169763215280283	0.8190515092815976	1.0982325592923168	inactive
13.945903053676323	0.11892106533971636	-1.0211057670951258	0.23796187423891904	14.365853658536585	573.6900000000002	1.024390243902439	3.5495305825433805	1.4340362656571184	3075026665.021983	119.7210776954159	41.8067963445708	84.67	5.0	5.972900000000006	0.2344226991102898	0.00019422154296081532	0.83806318540636	1.3532116668081071	inactive
14.262689002974671	0.09022010822599191	-1.0286032900814648	0.27203394346784615	11.925	539.6510000000002	0.975	2.9526041500568265	1.7582737540128737	718952921.8805387	125.39385290952261	30.452891926840326	71.53	4.0	6.273800000000007	0.23564576783964303	0.00021272414046459145	0.8850507086068979	1.366328347286978	inactive
14.336022336308005	0.11940743604968329	-1.0933236226589405	0.24200121768339736	11.926829268292684	551.6620000000001	0.9024390243902439	2.9528489474133957	1.7827169804972829	1014786132.5773003	130.9573044012196	29.126339331927735	79.37	4.0	6.467800000000007	0.08352664607868898	0.0001303698891051918	0.7355240019799649	1.507218297320712	inactive
13.816241416995835	0.0014445788729839926	-1.1500961356764925	0.28357181901598955	11.461538461538462	533.5560000000003	1.1025641025641026	3.4989734899553815	1.7278394685059548	780288485.1562421	108.09125913525726	48.773183250706865	114.13000000000001	4.0	3.9404000000000026	0.1453969189427028	0.00019868302389186964	0.8584174722184381	1.7016723083947656	inactive
15.099521295380228	0.013385215444440712	-1.717608563040561	0.2682221043175543	13.073170731707316	561.5850000000003	1.048780487804878	3.518918534932311	1.7563112960811427	1595717653.9823923	125.53829853646178	47.86686335155523	101.74	4.0	4.626100000000004	0.16029058661499646	0.0001835101350905879	0.801466921808627	1.5025203590023937	inactive
13.661092607472025	0.06699739939593852	-1.0786023452590918	0.38503517505620116	11.485714285714286	473.5040000000002	1.0857142857142856	3.424492745632744	1.7076192516725224	122409027.41351075	114.15762620371888	30.452891926840326	84.67	4.0	4.569300000000004	0.2372775287091003	0.00025229522968842614	0.8470348947005286	1.2504940374789633	inactive
13.789261187403998	0.02898706729629219	-4.606128455163379	0.23411920885041232	12.275	553.5560000000004	1.025	3.4605552819649104	1.7778488867708324	765368284.794617	119.21816211865125	23.343094385562793	75.44	4.0	6.702900000000005	0.3097543389947233	0.0002153400419564079	0.8853624632609106	1.4146266522721451	inactive
13.930950283356973	0.008221197018511539	-4.5292122943483895	0.16341997453910376	11.717391304347826	628.5820000000003	1.0	3.592202177198202	1.4961294588203062	20670411101.018074	143.4836303924977	23.343094385562793	108.46000000000001	5.0	7.243480000000005	0.23458290693537684	0.00012110339823207647	0.784912693199346	1.321077975287357	inactive
13.491527481531577	0.13646499198853146	-0.9453559355841115	0.39997682437730586	11.558823529411764	457.5050000000002	0.9705882352941176	3.3972186071929076	1.614517224616391	78942880.97351962	125.78744476387752	28.24300411641327	75.44	4.0	4.556300000000004	0.18426355814663278	0.000266494883818036	0.8194683835256668	1.2496658058768866	inactive
13.839488977191923	0.06638987860984669	-1.0425879209708586	0.30487751773286803	17.205128205128204	533.5500000000002	0.9743589743589743	3.421053781062704	1.4083621073511878	639870012.8928728	125.28915230904607	34.28484494556123	75.44	5.0	5.580500000000005	0.07190477248759954	0.0001297000841971289	0.7135983766490825	1.5080881357414107	inactive
12.326742252456537	0.17873456790123443	-0.17873456790123443	0.7854975701814862	10.85	286.72200000000004	1.3	2.769526332693567	1.969665482215859	53435.24106298968	53.18113078782106	20.671642993744936	73.8	3.0	2.5498000000000003	0.3238652649865477	0.0008208335005345942	0.8372502844296941	0.9044525450215578	inactive
13.761523690054535	0.12833923847316697	-0.4624485596707817	0.80827283237132	10.761904761904763	302.716	1.2857142857142858	2.829377489535247	1.805191079820616	84915.27721593184	58.867875125715486	11.005861537652542	56.09	3.0	3.165700000000001	0.3541115521043515	0.0008822562645133338	0.8844846683583735	0.789401118527557	inactive
13.066113142670961	0.17669446019148394	-0.38962596291194784	0.80827283237132	10.761904761904763	302.716	1.2857142857142858	2.8054837356965874	1.7709928574863252	82164.20216734595	58.867875125715486	11.005861537652542	56.09	3.0	3.165700000000001	0.6401052074641536	0.0012967070281107314	0.9488414093073707	0.889517322101699	inactive
13.003651861890049	0.04799205999272127	-4.640064627607243	0.7446399526335812	11.88	368.7460000000001	1.32	2.8383621427234074	2.0921660202628645	344523.2352459099	52.175299634291825	20.671642993744936	73.8	3.0	3.8770200000000017	0.1924407642013824	0.0003764141711072624	0.7746709633820781	0.8769858596052308	inactive
13.047453231292515	0.16232331821617563	0.16232331821617563	0.6072345977985925	11.192307692307692	367.5180000000001	1.0769230769230769	3.1385829322730734	1.7462449020957078	1123179.5653091066	64.61255100986001	47.8758344891792	36.44	3.0	3.819300000000003	0.28868675772418034	0.0004361816913913801	0.8438630313127261	1.1667587196290201	inactive
13.198375377928949	0.05513751539710521	-4.662040710478663	0.6496914123753622	16.678571428571427	410.7830000000002	1.3571428571428572	2.9679425591282134	1.875280130231525	2021231.209560055	46.108932565830216	27.278524958257854	83.03	4.0	4.2006200000000025	0.35159695592869383	0.00041231572854883423	0.791915979351507	0.8636978929753402	inactive
13.484166595089214	0.0053968778869573075	0.0053968778869573075	0.45658819452243676	13.9375	425.5360000000003	0.875	3.2644919187556796	1.4114098880686667	44837300.30133761	90.25062787969787	33.824157338748186	53.74000000000001	5.0	4.495500000000004	0.3802122059823874	0.0003324635373281492	0.8267391429470466	1.0325232381144582	inactive
13.59276012135545	0.19141388294000783	-0.4738728269085417	0.7309627010515503	16.666666666666668	345.7610000000001	1.3333333333333333	2.8945830778509904	1.8372200889752837	439582.96453476284	52.801508057253876	22.294546437310647	70.14	4.0	3.6175000000000024	0.3741619359946509	0.0005478509941346177	0.7890786124505751	0.654616722338621	inactive
12.111252204585536	0.166773405349794	-0.166773405349794	0.8035865089418586	10.636363636363637	314.752	1.3181818181818181	2.889847616804359	1.7641760826264659	145012.55341124276	53.05065428466959	18.115659078930076	65.32	3.0	3.0352000000000006	0.6022687403198104	0.001057773446643619	0.9327754513722006	0.8726718607644753	inactive
13.239951937475837	0.15697326152683289	-0.40033317438800853	0.80827283237132	10.761904761904763	302.716	1.2857142857142858	2.8096649860028595	1.785022978534662	82584.48293358205	58.867875125715486	11.005861537652542	56.09	3.0	3.165700000000001	0.34304864010025676	0.0007417504914235615	0.855515627865905	0.7927947779802774	inactive
13.226063048586948	0.12865193093698402	-0.42033317438800855	0.7899361784276613	10.952380952380953	303.72400000000005	1.2857142857142858	2.7582257886188377	1.9844867713580618	74833.42387101769	58.867875125715486	15.687664472797728	60.91	3.0	3.2939000000000016	0.33467013880802965	0.0006082102639463882	0.7574306887742325	0.7939209562535117	inactive
12.513332860922148	0.18312988158226218	-0.18312988158226218	0.8056480214552353	10.818181818181818	315.76000000000005	1.3181818181818181	2.836738634177653	1.9974518487655533	131505.52960320763	53.05065428466959	22.79746201407526	70.14	3.0	3.163400000000001	0.4448553054188615	0.000753559272018274	0.8700326338778909	0.5594988017999853	inactive
12.012833994708995	0.14081506676744748	-0.14081506676744748	0.8041636551317588	10.65	284.726	1.2	2.8210023287744006	1.7589737347978533	58939.201655083554	59.1170213531312	11.005861537652542	56.09	3.0	3.026600000000001	0.49674794590445537	0.0011242342915389462	0.922730784065447	0.7460321445243736	inactive
12.354520030234315	0.13873456790123462	-0.13873456790123462	0.7866026135180479	10.85	285.73400000000004	1.2	2.769526332693567	1.969665482215859	53435.24106298968	59.1170213531312	15.687664472797728	60.91	3.0	3.1548000000000016	0.345870457048782	0.0007836791845354859	0.7958611851333867	0.8352472562980429	inactive
12.796377918886417	0.04367480788611733	-4.57550705855292	0.7651402349483007	11.72	367.7380000000001	1.32	2.8939671283233963	1.8558484253133085	381407.5037102537	52.175299634291825	15.98984005859975	68.98	3.0	3.748820000000002	0.4147714573775314	0.000535361925268151	0.8473102314997066	0.9071444989254339	inactive
13.358434120893536	0.10445767195767197	-0.4451800411522633	0.7899361784276613	10.952380952380953	303.72400000000005	1.2857142857142858	2.7535895953735885	1.9989222321475582	74523.1488091908	58.867875125715486	15.687664472797728	60.91	3.0	3.2939000000000016	0.35818754806818043	0.0007264092888215266	0.8065572478250959	0.9221812552928643	inactive
13.741523690054533	0.002355634640687887	-0.4936985596707817	0.7899361784276613	10.952380952380953	303.72400000000005	1.2857142857142858	2.7748192716084006	2.0079427050104575	76676.58093235493	58.867875125715486	15.687664472797728	60.91	3.0	3.2939000000000016	0.4222020875718136	0.0007912254870169796	0.812389986506496	0.7326992138422337	inactive
13.00651171579743	0.11386778785588292	-0.3700755857898721	0.74385832075969	15.846153846153847	368.82000000000005	1.3076923076923077	2.6671524313606243	1.6902005361843662	1200170.5853685164	59.377974359434134	24.607837756089165	60.45	4.0	4.401600000000003	0.38079788871284975	0.0005548361433753854	0.8497485554600734	0.8900297717296195	inactive
13.144723639455782	0.10337112622826883	-0.3423497732426313	0.5944806569175756	12.222222222222221	358.42500000000007	1.1851851851851851	3.2680990595496295	1.6393727021871292	2401909.0124103576	77.61497816601003	20.786346281098766	73.91	4.0	3.198920000000001	0.2623328008802545	0.00042945039422919356	0.8174508399459771	1.1505583794298218	inactive
12.726491402116402	0.08567617787855841	-0.42668603552532147	0.9014307866671774	21.26086956521739	327.771	1.2173913043478262	2.9715573270615865	1.577311651146921	350801.25713160145	58.614105776366586	12.514061693864424	63.05	4.0	4.118400000000003	0.32081937767573276	0.0006718502909956262	0.8703318586002341	1.0525253183353536	inactive
12.804076278659611	0.14867155349794192	-0.3403255962878984	0.7784753368688251	16.16	356.78900000000004	1.36	3.025830824756136	1.6221044590694338	857944.0720513548	46.98428721620798	24.722541043442995	74.55000000000001	4.0	3.3588000000000013	0.464233658880113	0.0007147634701071098	0.9376349701045998	1.1640233864903384	inactive
11.985056216931216	0.1808150667674473	-0.1808150667674473	0.8022492207594811	10.65	285.714	1.3	2.8210023287744006	1.7589737347978533	58939.201655083554	53.18113078782106	15.98984005859975	68.98	3.0	2.4215999999999998	0.6293249817726547	0.0014622845010477735	0.9403770635317618	0.8703296746871401	inactive
12.882322215923406	0.1758747480473677	-0.5378533635676497	0.7651581098808318	16.12	353.785	1.24	2.644956978817145	1.7033228711277975	735350.9392507427	59.37797435943413	17.49804021481163	74.28	4.0	3.4666000000000023	0.343350276947298	0.0006223790746579481	0.8530638476778	1.0884444725345175	inactive
13.155872543461829	0.08892668178382435	-0.31160903250189054	0.5878427109803857	12.037037037037036	356.4290000000001	1.0	3.10578072474822	1.6425129592633723	2589376.352082884	95.68360286824341	20.734644526923034	59.290000000000006	4.0	4.002720000000002	0.24995272518783238	0.00041541947128602316	0.7953559142689997	1.1125148447101283	inactive
13.284516695022788	0.14254728601725364	-0.8761023452590917	0.6827241193913665	11.642857142857142	381.40700000000004	1.2142857142857142	3.230476371245542	1.7268188252434307	2965189.6516388585	89.89215792987243	35.29067609909046	75.44	3.0	2.985900000000001	0.2077295516445369	0.0002874757861392337	0.7077825356326978	1.0444582746818074	inactive
13.330315593094411	0.16046395268392044	-0.8622134563702029	0.6345212081133808	11.655172413793103	395.434	1.206896551724138	3.267624895451583	1.7714559127476002	4992499.51376382	89.89215792987243	34.78776052232585	75.44	3.0	3.376000000000002	0.24732279670069765	0.0003024603506050991	0.7054112542897485	0.9125365107916635	inactive
13.450430532954432	0.06106168345078711	-0.3075029394473836	0.5374566351465373	10.7	399.45400000000006	0.9333333333333333	3.223786045575353	1.6897893372401258	11004870.786906213	84.42622338169795	26.932164080790667	80.12	4.0	4.454700000000003	0.23524057369187978	0.00021202443559077152	0.6552816849626247	0.9104438330847691	inactive
12.677880291005291	0.1627132149155952	-0.33989606953892726	0.7826706475606722	16.652173913043477	327.75100000000003	1.391304347826087	2.9715573270615865	1.6446361785774959	350801.25713160145	47.114763719359445	22.59672202311267	78.21000000000001	4.0	2.7452000000000014	0.24353603244363917	0.0004931146192629776	0.7547754865718732	0.8535431265345089	inactive
13.995849690516447	0.12793509070294795	-0.4692388143529016	0.7725153745186311	16.5	344.753	1.375	2.981967752993456	1.6679354619941371	505777.51452072605	52.801508057253876	17.61274350216546	65.32000000000001	4.0	3.489300000000002	0.45481914150807173	0.0007620982411882045	0.8865475602882907	1.0798888124852233	inactive
12.854501606198035	0.16905675233056128	-0.36746267951625167	0.7669613340538045	16.12	353.785	1.2	2.633811484670319	1.6962293527940588	713568.0102957909	69.6013019354065	12.514061693864424	69.5	4.0	3.315400000000002	0.5192472211402086	0.0007888571792432746	0.8930807876816741	0.970807883406413	inactive
12.46947231670446	0.14896118536946457	-0.47573019022423835	0.7914064792268797	15.72	340.37899999999996	1.16	2.642008004386403	1.5558791041520335	583355.3673685178	54.09438803938988	32.07579537040604	76.66	3.0	2.3162000000000003	0.1457119095939369	0.000495734245630285	0.8690510413935099	1.3166539241470456	inactive
11.738588907785337	0.09702932098765471	-0.40617900709666555	0.7958180378622276	9.952380952380953	287.29499999999996	1.2380952380952381	2.513631534978376	1.819708014052941	64120.22682576339	58.51230155320356	26.168615641054533	78.72999999999999	2.0	0.8213999999999999	0.4329501713181368	0.000961539345824594	0.9172760731111556	1.1002824722808071	inactive
12.334147035357352	0.19125547647042307	-0.1982283344161051	0.8446301040424784	14.954545454545455	316.76800000000003	1.0909090909090908	2.542408369978842	1.6650227159219129	129459.43419932263	63.53493486694488	36.98611508385228	54.720000000000006	3.0	1.6198	0.22760485101052713	0.0005142488994835608	0.7689221800980665	0.9700665653416046	inactive
13.525639959687577	0.0949859740728245	-0.7944615562274298	0.6112539666467138	14.363636363636363	441.53100000000023	0.8787878787878788	3.1645509323288894	1.597560006762878	37552080.34746212	107.18294492525055	48.16145902102243	69.72	4.0	3.371900000000002	0.18770473496656206	0.0002618863110923292	0.7639685209344775	1.2318751595951616	inactive
13.163028155706726	0.13258844587217578	-0.7283219954648532	0.7738961838642422	13.962962962962964	357.4130000000001	1.0	2.995751754779981	1.6841004125942507	2201026.7462649285	95.18068729147879	21.698247710500695	62.300000000000004	4.0	3.7258200000000015	0.31857213860016403	0.0004616911956482639	0.8310115248556839	1.1100903657032826	inactive
13.14366969009826	0.13360260770975008	-0.720575869236584	0.7185463222472928	13.962962962962964	376.8430000000002	0.9259259259259259	3.0139691262427992	1.6713553742587166	2258692.574959364	100.57575967883326	16.714269189553487	49.410000000000004	4.0	4.675800000000003	0.30265138068931724	0.00035360650095887325	0.793678424498403	1.2356066272916613	inactive
13.071319916855632	0.12561906861509997	-0.7043839758125479	0.7894582549306411	14.0	343.3860000000001	0.9615384615384616	3.0036432404191697	1.686445048135845	1582607.6088038988	95.81407937139487	21.6982477105007	62.300000000000004	4.0	3.4174000000000024	0.24437866005072462	0.0004132593622005436	0.7825948333765098	1.230755856758319	inactive
13.130544982224624	0.17249149659863905	-0.7813397581254728	0.7594255636906213	13.962962962962964	360.38800000000015	0.9259259259259259	3.0139691262427992	1.6713553742587166	2258692.574959364	101.37034720613784	16.714269189553487	49.410000000000004	4.0	4.161500000000003	0.308339556557642	0.0004155559720314085	0.8111239317886788	1.2188761830895094	inactive
13.005333679768203	0.022826908541193625	-3.3120815883617998	0.8886183138629591	22.32	364.51100000000014	1.2	3.1429512829231694	1.7434078853235164	569150.7619219909	29.32600418877882	51.65968125169262	66.48	3.0	2.1142000000000003	0.553309315155463	0.0008444955707384453	0.9454560334433769	0.9540779155380144	inactive
13.045383755353992	0.05897864701436073	-3.581014411491052	0.8496493116271093	21.814814814814813	393.55300000000017	1.1111111111111112	3.174671440689562	1.7824789233195386	1255290.4850201784	28.823088612014207	63.804472024831824	69.72	3.0	2.0154400000000003	0.24537807424771255	0.00041620658305567364	0.8541540890433501	1.127882745466507	inactive
13.091728080120937	0.11327338960275424	-0.6839758125472415	0.778330637727649	14.0	342.3980000000001	0.8461538461538461	3.0036432404191697	1.686445048135845	1582607.6088038988	101.61949343355356	16.714269189553487	49.410000000000004	4.0	4.022400000000003	0.18789105866117226	0.00032050396160087085	0.6812691077827551	1.0565539770716497	inactive
13.64381566515495	0.035332577475434945	-0.5745965608465615	0.8717879594271039	20.178571428571427	377.4880000000002	1.1428571428571428	3.059292698252683	1.638389165942424	3946095.9912805846	71.28765809124548	48.29612012081888	52.650000000000006	4.0	2.8417000000000003	0.22657722132686245	0.0003979068686911403	0.8403975602435095	1.2946922382936321	inactive
13.166412561938355	0.14648945998152407	0.14648945998152407	0.8555944552076603	20.62962962962963	363.50500000000017	1.0	3.246369320717286	1.4349533016789218	2854779.2677750844	59.65783953108687	36.98611508385228	44.370000000000005	4.0	4.200320000000002	0.5580420058597417	0.0006450944987435993	0.8853832357176721	0.858113339783422	inactive
12.914481056311413	0.14129204459561673	0.14129204459561673	0.901428815406497	24.46153846153846	355.4820000000002	1.1153846153846154	3.3419374566852644	1.3559608640101186	1827451.607814463	35.392371257240434	54.337960949966835	52.650000000000006	4.0	2.2707000000000006	0.2701346719092262	0.00039240303786293343	0.7585043627100394	1.0428043954018122	inactive
12.886691704459562	0.151867021499958	-3.592387710810781	0.8649627257297424	22.16	384.9090000000003	1.24	3.0920891866663327	1.7152614361514686	497863.46412351954	33.50728087527524	51.65968125169262	80.58	3.0	2.7665000000000015	0.20459922033283906	0.00035822088054874673	0.799717638906183	1.224347738789934	inactive
12.729286029226504	0.0495427059712763	-2.6984662032502413	0.927158719887071	22.2	347.3890000000002	1.24	3.298894584185272	1.4446113377233276	1000845.0301068013	29.58695719508175	41.97009360479949	59.330000000000005	4.0	2.5913000000000004	0.4861958578628165	0.0006043043630276903	0.8486675413865792	0.8239298879215048	inactive
12.744311381960191	0.1315892437221804	-3.396773087263933	0.9094231596733331	23.17391304347826	336.45700000000016	1.1304347826086956	3.0790323424382513	1.7051306207691557	230348.56760249045	29.828919765543436	51.65968125169262	66.48	3.0	1.5517999999999998	0.40120617248784524	0.0008329582715254502	0.8760353002651277	0.8655163264925538	inactive
13.020288092088688	0.030455115688251322	0.030455115688251322	0.7592349893089309	20.703703703703702	394.9430000000002	1.1851851851851851	3.2166584416859374	1.6846869694615996	1885862.5111916314	22.71881894236154	50.199879012878114	50.8	3.0	3.989200000000003	0.2936979179573273	0.0005162577938305523	0.945476639283061	1.3180528020966713	inactive
12.76716372197027	0.10986612391870287	-0.6500406273620565	0.8284306704469961	14.375	324.38000000000005	1.1666666666666667	2.934337467980402	1.886500356430411	429633.95471181854	71.28765809124548	36.975705101256516	58.64	3.0	2.146299999999999	0.2929668264067243	0.000542474283923923	0.8192593703309375	1.1096834602277819	inactive
13.467941537011704	0.1862543566809436	-0.81077097505669	0.7594255636906213	13.962962962962964	360.38800000000015	0.9629629629629629	2.995751754779981	1.6841004125942507	2201026.7462649285	101.37034720613784	16.714269189553487	49.410000000000004	4.0	4.161500000000003	0.26414679420247433	0.0004060270940791009	0.8180094813085916	1.231850998548058	inactive
13.063950302343159	0.12889838960275424	-0.7117535903250192	0.7894582549306411	14.0	343.3860000000001	1.0	3.0036432404191697	1.686445048135845	1582607.6088038988	95.81407937139488	21.6982477105007	62.300000000000004	4.0	3.4174000000000024	0.28909118814031065	0.00044562808181915616	0.791896960769586	1.0661791778191463	inactive
13.250469576719576	0.17298944423448348	-0.7982879818594111	0.7601299851830123	13.535714285714286	367.40800000000013	0.9642857142857143	3.057883229545128	1.7060218255588517	3947715.0178098422	101.11657785678894	16.714269189553487	73.2	4.0	3.8940800000000024	0.2669262928489058	0.00043072252374655044	0.8293683539465495	1.2436036268122403	inactive
13.112534328546232	0.0947570045261239	-0.6417839296212318	0.7185362042600583	13.857142857142858	370.45200000000017	0.8928571428571429	3.06305358049927	1.532143561902662	4269406.602643102	107.18294492525055	23.259025595466063	49.410000000000004	4.0	3.742600000000003	0.22001874092021523	0.0003401278146568024	0.7725045630769625	1.2222772887866682	inactive
13.04221025447216	0.08526465524481375	-0.6224732300327545	0.6328251898345063	16.692307692307693	364.47000000000014	1.1153846153846154	3.3028625896494894	1.5972291817699373	1819150.6571271457	82.77173028873403	28.12359291421769	49.410000000000004	4.0	3.055200000000002	0.2119333069319275	0.0003168267564064608	0.6920605450618929	0.9759348242273349	inactive
12.420639644746787	0.18757716049382678	-0.3859054810195681	0.9227976282155705	16.714285714285715	303.72499999999997	1.3333333333333333	2.4613960918557596	1.8625762761806484	72724.40892997028	57.46856779848327	12.514061693864424	69.5	3.0	2.1622000000000003	0.3000626214935492	0.0007299375897487962	0.8674258096377877	1.1468138585894447	inactive
12.8040411627614	0.060232739984308115	0.060232739984308115	0.8736534009296036	24.583333333333332	327.42800000000005	1.0833333333333333	3.1528950272408967	1.4018649019673404	638259.4577345381	29.32600418877882	42.89329481320379	61.440000000000005	4.0	2.0329999999999995	0.43933141624752003	0.0007248752640804501	0.8703886131350725	0.9086851774090375	inactive
13.96595664002771	0.007939814814814206	-0.3304227182149253	0.8788987811245469	25.185185185185187	374.50400000000025	1.037037037037037	3.2308845276594256	1.4574778232935572	2550692.869820342	29.579773538127718	75.11272242103026	38.82	4.0	2.0391999999999997	0.26402058497963377	0.0004135952576731858	0.7946957791264104	1.1137677401520374	inactive
13.93881885768645	0.008142479213908649	-0.31514667608192104	0.888332038714195	21.92	348.4620000000001	1.28	3.1494829696749584	1.599114003954611	663759.8348249368	35.14322502982472	43.090081471600584	41.57	3.0	3.2124000000000015	0.3138708373933539	0.00048186656614157444	0.8378568019144035	1.0078367524351377	inactive
13.125222505668933	0.16970190854119505	0.16970190854119505	0.9220944589653831	21.115384615384617	349.478	1.0769230769230769	3.2327099005179787	1.4860474187168629	1852782.4215432722	53.72194896577673	41.970093604799494	45.230000000000004	4.0	3.5187200000000027	0.4770892095867238	0.0007610069844440832	0.9223934274709689	1.030879168830476	inactive
12.790238410178885	0.015931594860165488	-2.858281018065054	0.9033597570131026	21.8	352.42500000000007	1.16	3.1161734969675874	1.650271691507519	575420.1332560468	28.823088612014207	43.597620170298384	41.57000000000001	3.0	3.3665400000000023	0.39142476909273294	0.0006503609202481607	0.9086825972858528	1.2661140254987069	inactive
12.938717718568908	0.07700339181226323	-0.07700339181226323	0.8713863693021363	24.615384615384617	356.47000000000014	1.0384615384615385	3.2280307673854147	1.4022628793127592	1806522.226536504	29.828919765543436	56.1067424080155	64.68	4.0	2.0679999999999996	0.2570314436730989	0.00040850982893949266	0.7836993336960058	1.0938003286829259	inactive
13.755419264060588	0.09960080495569312	-1.063359525909129	0.35360510687891544	11.837837837837839	496.5260000000002	1.1081081081081081	3.5749599513211754	1.5236092795615805	403547199.2410564	108.48052629981117	37.87815107524857	107.11	5.0	3.206600000000001	0.1065363603395977	0.00015585053832941714	0.7063595435723639	1.266908075907193	inactive
13.816943931798054	0.029438229894804824	-3.419950784044399	0.3603431812336063	14.692307692307692	546.6040000000004	1.0769230769230769	3.4661123728601395	1.5352225695392396	818467686.1398803	107.71665771674363	42.497723497585724	123.42999999999998	5.0	3.0398000000000014	0.28453779043832034	0.0002274530174755593	0.8820339587672678	1.4691839769997823	inactive
14.57122689969978	0.11184512552342629	-1.0268705908289244	0.35675795334796656	15.64102564102564	529.5710000000003	1.0769230769230769	3.6517172676352576	1.4393065650365366	1108753955.3971024	114.03679413455414	52.35833627833358	92.52999999999999	5.0	3.5333000000000023	0.12064705010827324	0.0001354938332093242	0.713351537453866	1.3027952846145974	inactive
13.650806326292889	0.09178210201027714	-0.853231974888722	0.5140304488096212	15.323529411764707	462.5490000000004	1.088235294117647	3.2596646108301663	1.6138549661595851	67800763.1320986	83.95410501966178	39.26882346650844	89.28999999999999	4.0	3.8381000000000025	0.26970214001970527	0.0003272100761918609	0.9084437148539123	1.3538261015824276	inactive
13.701875392808384	0.11190055510266594	-1.0409436151003615	0.3471532518684211	11.805555555555555	499.5510000000002	1.0833333333333333	3.592761639572277	1.510521743751567	279358299.8020455	107.66374549866401	33.31105142745721	102.17999999999999	5.0	3.9296000000000024	0.158977133808847	0.0001974050510213816	0.8316850250338493	1.407908848020368	inactive
13.711559887748335	0.009564389926718597	-3.55478874700736	0.32173082158126415	12.205128205128204	548.6200000000002	1.0256410256410255	3.4697492891885604	1.7152877921705443	572381556.6181452	108.21957329350823	41.99480792082112	123.42999999999999	4.0	3.5020000000000024	0.05906972079201004	0.0001394653521831651	0.7827307330779154	1.4720720700676504	inactive
13.859687630357723	0.014957423996024621	-1.0866559586797682	0.37839399552771347	13.487179487179487	525.5640000000002	1.1025641025641026	3.4892296335480584	1.5195590484526222	930527884.5511225	107.71665771674363	41.281924618538696	109.60000000000001	5.0	3.228900000000002	0.24576999709294464	0.0002248957512613682	0.8578806204802157	1.4905035865652267	inactive
13.775827427325893	0.12000896822099927	-1.0355817481313514	0.3533558187279084	11.837837837837839	495.53800000000024	1.0810810810810811	3.5749599513211754	1.5236092795615805	403547199.2410564	114.4164168651213	32.894172554301356	94.22000000000001	5.0	3.811600000000002	0.307528636893334	0.00028997555112504316	0.9021599561987618	1.489481511288155	inactive
13.850977969024056	0.18482609260161564	-0.9295066452506935	0.370432737980228	15.710526315789474	511.5810000000003	1.0789473684210527	3.6545336071534833	1.4287163350882774	775371811.9004282	114.28594036196986	52.35833627833358	92.52999999999999	5.0	3.3942000000000023	0.44482875700678354	0.0003869872081509004	0.9591761150277752	1.3628062261651155	inactive
13.602474882604302	0.07597631450039444	-1.013591007390611	0.3693201213378553	11.5	486.52700000000016	1.0833333333333333	3.4397728352834847	1.6544020373686363	195612960.3196272	113.78302478520523	40.336780178638016	98.52	4.0	3.3241000000000023	0.10178121643845238	0.00024297797651079176	0.9007148319765108	1.630759373223412	inactive
13.48428197978058	0.12143927746335725	-0.9809114911396668	0.41469604980300095	11.558823529411764	457.4890000000002	0.9705882352941176	3.3972186071929076	1.614517224616391	78942880.97351962	114.04397779150815	38.21096115830769	102.18	4.0	2.7105000000000006	0.15562542638564228	0.00025432739092267335	0.8387950279342498	1.4999443204296417	inactive
13.760202427325893	0.10438396822099927	-1.0559899113966573	0.35360510687891544	11.837837837837839	496.52600000000024	1.0810810810810811	3.5749599513211754	1.5236092795615805	403547199.2410564	108.3500497966597	38.10755764995623	107.11	5.0	3.2066000000000017	0.11560362607103329	0.00015953283268256474	0.7404147732163421	1.382262908132218	inactive
13.734798515761266	0.07898005665637342	-1.0908538569748887	0.346980844132926	11.837837837837839	497.5100000000002	1.1081081081081081	3.560315837735462	1.5230602422865829	384500994.27188367	108.04393014707253	33.311051427457215	115.32000000000001	5.0	3.7695200000000026	0.13207532927656138	0.0002167732838736132	0.8052566276728236	1.565188388279874	inactive
13.846200824771802	0.05712827594817149	-1.1276144284874448	0.28503117334063915	11.425	536.5470000000003	0.975	3.5201556952116593	1.4935492435407713	1853829055.947825	126.54915100204455	38.52443652311207	124.3	5.0	3.9022000000000023	0.16527552656707797	0.00014953449434342264	0.7070328000751546	1.1936386797195764	inactive
13.489384020596907	0.1503538808774203	-0.9531337133618891	0.4174410748141785	11.558823529411764	456.5010000000002	0.9705882352941176	3.3972186071929076	1.614517224616391	78942880.97351962	119.84939185366686	33.22698263736048	89.28999999999999	4.0	3.315500000000002	0.14472067602205158	0.00024360882815546315	0.8132026438988139	1.324309311586041	inactive
13.855933168696517	0.08108765756583258	-0.8512629650625694	0.5126774850121926	19.305555555555557	488.58700000000044	1.1388888888888888	3.4160422360571525	1.4347166953758372	189917764.91741356	83.95410501966178	39.26882346650844	89.28999999999999	5.0	4.228200000000004	0.24104818288372767	0.0002695018390664335	0.9505285874585787	1.4770432188964975	inactive
13.799462316466737	0.15618025015842507	-0.8895547262114734	0.5212145378538261	21.97222222222222	490.55900000000037	1.1666666666666667	3.592761639572277	1.4238998223908492	279358299.8020455	83.95410501966178	51.97967181876965	98.52	5.0	3.0729000000000015	0.2101881758946438	0.0002859485383378825	0.9286024066983601	1.463058055967401	inactive
13.654078718583136	0.14743721421075318	-0.9762818615100362	0.40110971169333626	12.514285714285714	470.52800000000013	1.0	3.4261598167526133	1.6627359824190344	121413729.93245398	119.84939185366686	33.22698263736048	89.29	4.0	3.8765000000000027	0.11157496932647734	0.0002595262156589341	0.8688520735126599	1.6014882989379562	inactive
13.862142265761268	0.02866724492289907	-3.8892100433036574	0.2864853222743363	12.121951219512194	579.6340000000001	1.0731707317073171	3.5064551247888214	1.7804914421822773	1398934368.8041337	102.15320622504663	62.25522738876708	135.9	4.0	2.5788	0.4746860642063789	0.0003060289057190821	0.9223785803584926	1.2677850482031126	inactive
13.591359913468498	0.07438499177857039	-1.087821318342152	0.3658464183215348	11.5	487.51500000000016	1.1111111111111112	3.4339299086635524	1.667867987452943	193026804.3395892	102.28368272819807	39.91793339197013	111.41	4.0	3.1136000000000017	0.11874384204984079	0.00018157474843440982	0.817621760089603	1.414797132323912	inactive
13.670337536925288	0.08751899383618378	-1.0800349584278164	0.3761791945705678	13.972972972972974	498.5420000000003	1.0810810810810811	3.4219070281600916	1.4608796674648212	313614001.3455133	102.17219666088785	38.29502994840442	115.07	5.0	3.3774000000000015	0.2890687702884213	0.00026310987117560884	0.8825204172120781	1.3353927463933704	inactive
13.776579348464722	0.12076088935982532	-1.0342885225077694	0.39997060164378956	13.432432432432432	498.53800000000035	1.0810810810810811	3.4674507776335606	1.4992221457188535	433231996.52408737	113.28010920844062	34.93395487102292	98.52	5.0	3.3926000000000016	0.09802940284681472	0.00020276527425864662	0.8526324346166135	1.6015136101681862	inactive
13.779736629895812	0.1239181707909165	-1.0293518256067868	0.37973791390256123	13.972972972972974	498.5380000000003	1.0810810810810811	3.4168967036170907	1.48854782972425	309998705.1529353	113.78302478520524	41.540836835535835	98.52	5.0	3.4337000000000018	0.19136669135518625	0.00020048861152657064	0.7921388610313161	1.379704159434366	inactive
13.765378794168928	0.1498937523815771	-0.9814670466952216	0.38494902383185636	12.527777777777779	484.5550000000002	1.0555555555555556	3.423998093835938	1.6899487369090271	173631450.0901383	119.34647627690224	33.22698263736048	89.29	4.0	4.1849200000000035	0.1917446088090468	0.00020711647416462396	0.7713745943932058	1.1688681237719878	inactive
13.752189703717931	0.0810063652446269	-0.891881115100362	0.5207460651913447	21.97222222222222	490.5590000000004	1.1666666666666667	3.41752554883683	1.4030188349507062	192104688.50181392	83.95410501966178	51.47675624200504	98.52	5.0	3.2170000000000014	0.20949137401888845	0.00027367220179467773	0.9040724157006925	1.3226408287570217	inactive
12.385951436130007	0.02247955509364208	-0.27022959183673523	0.861445629211593	24.55	294.738	1.45	2.8288433635555865	1.7593360995704483	53612.23942610547	28.78518601082315	31.007838658276466	67.43	3.0	1.2107999999999997	0.1548560618110632	0.0005773506713597755	0.7872910060653916	0.9709649856968462	inactive
13.201708238851097	0.030086923658352083	-0.030086923658352083	0.5259856813179744	10.851851851851851	374.46900000000005	1.0740740740740742	3.2043713576075405	1.6602711003920962	2696773.299591645	82.70016614793464	20.85911529219313	58.980000000000004	4.0	4.170620000000003	0.19267544608520681	0.00031911418384824	0.7388428908473761	1.2293478198772965	inactive
14.14893049957331	0.02290671540244804	-1.1963196544049721	0.3059496456392387	12.121951219512194	557.6260000000002	1.0975609756097562	3.311499680534158	1.763948370131378	1178056368.2629569	106.8223126305246	40.15518555321746	132.57999999999998	4.0	3.225800000000002	0.12275859508675613	0.00016332761577977995	0.8248483485601467	1.6151794383464857	inactive
14.048614928900598	0.0031935051530562752	-1.1034903838078443	0.3576370457757943	12.025	541.6270000000002	1.05	2.92644266716044	1.7530628964253996	603938307.7306161	124.00635236117759	32.894172554301356	97.19	4.0	4.358900000000003	0.38151468925458004	0.0002744576772033499	0.920306935996016	1.4418102162906756	inactive
14.19907789186356	0.13520400810308897	-1.3017854518350547	0.32426112562830867	11.928571428571429	571.6090000000002	1.0476190476190477	2.949648331773217	1.8179218680832638	1444125500.2975922	122.09694580022673	30.452891926840326	133.86999999999998	4.0	2.9086000000000007	0.15489171391935339	0.00016718941461011077	0.7890122744984379	1.4898026969149873	inactive
14.30333856835638	0.12953699328199875	-1.1265793755773912	0.2776329538326482	12.116279069767442	580.648	1.0930232558139534	3.6535536775035995	1.5440411974984776	4864751148.808762	113.54106221474355	48.3049212665583	132.89	5.0	3.9015200000000023	0.07848250176288968	0.00014405928579306224	0.8513841668379639	1.9879912166685145	inactive
14.382823955103671	0.08917742218448521	-1.0177875509197662	0.25171411511589215	14.636363636363637	615.7750000000002	1.0909090909090908	3.4836582211211704	1.4718245866985369	8061857776.272988	111.6465476061463	59.53025937821146	87.66	5.0	5.553900000000006	0.11144303459401576	9.332330807067814e-05	0.7017965597660627	1.457094376685665	inactive
14.2911646108104	0.016618475194638993	-1.12930610670194	0.2785439452075654	12.023255813953488	585.6800000000002	1.0465116279069768	2.989010572048627	1.762454942910398	2697098204.1545672	123.74539935487466	46.84025863479947	106.42000000000002	4.0	4.468300000000004	0.09706267297435113	8.55110231677143e-05	0.6681664703122537	1.5765804347123462	inactive
14.176300114085784	0.11732431527969389	-1.0930515138154029	0.3589349790110503	12.15	543.6430000000001	1.05	3.1825989578837572	1.7679019084815908	615562861.1941285	117.93998529271599	32.477293681145504	89.22999999999999	4.0	4.302400000000003	0.116418643686657	0.00011075319002264816	0.6785762012017544	1.4995205069501096	inactive
13.997411225196894	0.04291572737527849	-1.1072238494163102	0.37388111127217816	12.128205128205128	528.6080000000002	1.1025641025641026	3.2440886666633864	1.7460264913824637	431370778.1559798	117.93998529271597	27.91019403335415	98.4	4.0	3.9211000000000027	0.22194765368311986	0.00021937889245322157	0.881815609292412	1.3909187079862668	inactive
14.258244401059834	0.04147958630574933	-1.096168377844965	0.24145189738564157	12.116279069767442	580.6640000000001	1.0465116279069768	3.6501263593253537	1.5235933429837367	4768783446.36686	119.78523477454135	38.28024238613446	106.15	5.0	5.653700000000005	0.2604568470864275	0.00021109456500928686	0.9392618150610379	1.5493335898586986	inactive
13.94407789186356	0.08693864034856413	-1.0286146279499457	0.3764428434646507	12.131578947368421	514.6050000000002	1.0526315789473684	3.3246578426674893	1.7204211646470307	304296091.352141	107.45570471044068	38.33696422466389	93.01	4.0	4.3937000000000035	0.12966958128363368	0.00017564786420007825	0.7772040708740738	1.4632243905335982	inactive
14.728831765635292	0.1061564681160192	-1.1677213508860336	0.2789660153541357	12.23913043478261	624.717	0.9347826086956522	3.3799609659201284	1.642554682649739	12709914254.736536	128.16331286868834	37.044393328936856	111.22999999999999	5.0	4.154300000000003	0.04638613905692862	0.0001182885034571175	0.8873887804015272	1.916368369108968	inactive
14.33713431350629	0.06237514630064456	-1.1308171151839985	0.2474655764400698	12.204545454545455	595.6790000000002	1.0227272727272727	3.4336752271913245	1.5470217812062077	7083434163.614766	119.34647627690224	54.63854048872749	125.61	5.0	4.237700000000003	0.21703459191848615	0.00016790678467532933	0.8793574763452116	1.5512702729261472	inactive
14.330992574403243	0.08956145303402274	-1.0170635707986901	0.24470053785529297	12.146341463414634	574.7220000000002	1.0975609756097562	3.311146779772542	1.7496224268622844	1143623794.6568677	111.14363202938168	35.436870447787534	84.42	4.0	6.176520000000006	0.1722830297346994	0.00015419699450289602	0.7702002595391223	1.3160606247640538	inactive
14.015840930412313	0.09310279114324072	-1.1249496619635508	0.3576370457757938	12.025	541.6270000000003	1.05	2.92644266716044	1.7532581089376587	603938307.7306161	124.00635236117759	32.894172554301356	97.19	4.0	4.358900000000004	0.0974352163562418	0.00014885975929468625	0.7546331415297804	1.552436902621062	inactive
14.389081198741868	0.08786747109080983	-3.8289015926353582	0.31797997357926394	15.295454545454545	618.7350000000002	1.0454545454545454	3.438019178825805	1.5621367552290544	5358608689.030669	107.32522820728921	59.43902049322395	117.5	5.0	4.095800000000003	0.22167569960157452	0.00014692751133422202	0.8001309799043826	1.2674432359632941	inactive
14.522680342102916	0.07801165194449067	-1.0748152347358702	0.23529360647385336	14.25	636.1930000000002	1.1136363636363635	3.4125820247446166	1.5274331798494183	7213380691.055678	105.59519015457325	54.630349647360994	87.66	5.0	6.211700000000006	0.19599103198108583	0.00011327725954892308	0.7553264429604601	1.3423155938565121	inactive
14.672248715748673	0.033082278118301334	-3.421424740783507	0.31224146017934756	14.840909090909092	617.7470000000001	1.0909090909090908	3.290037120498809	1.590088644289907	4658680139.446147	112.51624062537307	47.294229720084736	114.25999999999999	5.0	4.469600000000004	0.19577491540150319	0.00015576518884055196	0.8269915730616121	1.4822590150708228	inactive
14.007090930412314	0.0878510685021543	-1.0210267594692197	0.28988520744107543	12.025641025641026	546.6680000000001	1.0769230769230769	3.408960359626639	1.719115572246976	526914439.47906625	106.50844740614205	34.82643190825678	84.42	4.0	5.730300000000005	0.3528652437616049	0.00024025580392027606	0.8894950124152253	1.3170405257410027	inactive
14.306391761856002	0.09216952665268296	-1.0434525909129084	0.25729783193014005	13.975609756097562	554.6660000000002	1.0975609756097562	3.7242675378524095	1.5256983448106394	2051547870.7232764	112.90983247972797	28.327072906510004	88.33	5.0	6.439020000000006	0.023054322985234556	0.00012157177501169244	0.8228929396628876	1.9934470749219653	inactive
14.392713095945194	0.09411041910615237	-1.194948349710254	0.2949778047124046	12.209302325581396	580.6440000000001	1.0930232558139534	3.397679654423511	1.5924688009577626	3772897595.9453807	123.50343678441298	38.17055918313432	123.66	5.0	3.9337200000000028	0.26199719053923276	0.00019116609836312563	0.838291501211225	1.3402315195209424	inactive
14.63958856835638	0.11117279575113459	-1.058986782984799	0.21579527966320022	12.113636363636363	610.7390000000003	1.0909090909090908	3.7014816181097454	1.5684569640904693	8383535849.723798	112.46332840729345	38.52443652311208	115.07000000000001	5.0	5.698300000000005	0.08435412154606377	0.00015881103847422733	0.9571523119984747	1.946286530916378	inactive
13.86972604001171	0.08708427262472185	-1.1176627194087512	0.3723704827381358	12.0	526.5920000000002	1.0256410256410255	2.9160736147384507	1.730911344157031	412944578.03980017	123.74539935487466	28.44177619386383	106.36	4.0	3.9776000000000025	0.1887486339222607	0.0001812243538178866	0.8395865224822316	1.5456661788588821	inactive
14.330350095189335	0.08300152071117273	-1.0004073234231965	0.2515928239067992	15.761904761904763	586.7330000000003	1.119047619047619	3.6853138742819906	1.5014102037730082	3436964729.3281775	111.6465476061463	41.54083683553584	84.42	5.0	6.225600000000006	0.33498872119586826	0.00023047080823421941	0.898312448740481	1.380820257441175	inactive
14.164084978031362	0.07764178816844947	-1.1371004188712523	0.23363607662851518	12.547619047619047	574.6720000000003	1.0	3.471954589116421	1.7471489217642264	1747865767.0328062	113.41274805649257	35.00166387878491	88.33	4.0	6.500300000000006	0.062420641435861846	0.0001083633748599848	0.7647303973599284	1.6373672682068818	inactive
13.899355669641338	0.15968703279444685	-1.2413281578063333	0.36371003484059694	12.0	541.5830000000002	1.0	2.9062559739232023	1.7664439946020687	564654055.1685687	128.16331286868837	23.343094385562793	124.64	4.0	2.9000000000000012	0.09147998696188686	0.000116571057348308	0.7709521695749223	1.5620916734398205	inactive
14.444176153390394	0.008006359979698452	-1.1870166183757458	0.2840061703455275	12.11111111111111	607.6660000000002	1.0222222222222221	3.017395569504077	1.60310501693446	7980629206.64169	134.22967993714997	32.894172554301356	128.36	5.0	3.8295000000000012	0.023616713907182563	0.00012215750715731022	0.9110256246212687	2.1234967508842484	inactive
13.850559373345043	0.14195110873907835	-1.289514571260603	0.3580906832563759	12.0	542.5710000000003	1.05	2.9120949240062557	1.7670649522279438	585854091.973609	122.09694580022675	28.44177619386383	137.52999999999997	4.0	2.295	0.18513909400021122	0.00022579094285377597	0.8845228741581757	1.4359755889834718	inactive
14.255600945529473	0.02522153021726381	-1.2033349605274208	0.2984154464333921	12.904761904761905	571.6530000000001	1.0714285714285714	3.3012045734018027	1.7791038250457423	1613359470.0048847	117.17611670964844	34.553588168151805	127.79999999999998	4.0	3.4631000000000016	0.21591668744477	0.0001796572646979744	0.8291220358735685	1.4544955942265672	inactive
14.260112472362426	0.09281784485150646	-1.0330245863777614	0.23882228972456732	12.195121951219512	567.6900000000002	0.975609756097561	3.4013200139169086	1.5414018792251998	1841553620.5800574	119.03261105251968	33.311051427457215	88.08	5.0	6.269900000000007	0.20404777585050524	0.00020649868706689941	0.9025245180298976	1.5597698073013373	inactive
13.918586584229395	0.16539502660166794	-1.23743123792727	0.3274777160695588	12.0	558.6390000000002	1.075	2.9120949240062557	1.761576498758481	585854091.973609	111.61266521795145	33.54045800216487	119.25000000000001	4.0	3.278400000000002	0.06209837471972321	0.0001625383185504123	0.9399184308514508	1.7247407783266437	inactive
14.33304094930876	0.033469322942661694	-1.2258907575375833	0.2564567806946428	12.090909090909092	592.6470000000003	1.0	2.991744364572654	1.5911207502418867	5259754557.477972	135.8139764126724	23.343094385562793	115.57000000000001	5.0	5.445200000000005	0.19930951601920452	0.00015431987027347927	0.8011500736393481	1.4207473195295477	inactive
13.930883447419117	0.07663032163458894	-1.0394788254808096	0.2762715475019897	12.131578947368421	551.0870000000002	1.105263157894737	3.3246578426674893	1.7204211646470304	304296091.352141	111.10572942819063	28.327072906510004	75.19	4.0	6.375100000000007	0.16964061710392286	0.00021397348252102577	0.8645011631216014	1.4304316819567122	inactive
14.363917350795283	0.06305745073128755	-1.0871447205425382	0.28650500978358034	17.295454545454547	600.6950000000002	1.1363636363636365	3.694609736731649	1.5072059939106428	8365005836.27616	107.45570471044068	64.76449208271556	111.47	5.0	4.443000000000003	0.14997750964580409	0.0001234906982743014	0.796358257943518	1.6927135402405926	inactive
14.221918027917981	0.03578413775747635	-1.1757456748131354	0.3042813322149301	12.19047619047619	566.6170000000002	1.0714285714285714	3.451325272493671	1.5663720729470743	2723925172.929401	124.0063523611776	37.94115260842666	123.66000000000001	5.0	3.625300000000002	0.12609690020266603	0.00015580633714307743	0.8269095063992142	1.578176591293449	inactive
13.857827891863561	0.06959315419362366	-4.975425554127201	0.25322532570503103	12.560975609756097	568.5710000000001	1.024390243902439	3.425339281885924	1.7722443379648862	979017484.6620779	113.41274805649257	28.327072906510004	88.33	4.0	6.272000000000006	0.09053810322413551	0.00012714435949097284	0.7269703798954971	1.540252894081656	inactive
13.890559373345042	0.15429678775142386	-1.2617367934828254	0.36201017966425914	12.0	541.5830000000003	1.0	2.9120949240062557	1.7556775006296892	585854091.973609	107.32522820728923	33.54045800216487	134.2	4.0	3.2024000000000017	0.1915763117654064	0.0001888134657359745	0.9530856992899395	1.6615662797254853	inactive
13.672411225196893	0.13831732619694725	-1.1687053308977917	0.3838203262100196	12.105263157894736	514.5610000000003	1.0526315789473684	3.3298170237296625	1.7175455445929833	299032326.47997284	111.87361822425437	28.327072906510004	120.46	4.0	2.934800000000002	0.06835761503622963	0.00013202442142812588	0.7384884482686611	1.2191653276861123	inactive
14.216461678711632	0.06892838204158869	-0.978762256445789	0.2800334558625081	13.5	556.7070000000002	1.075	3.5436422335892463	1.5116105270925413	1168895621.482116	111.14363202938168	28.327072906510004	75.19	5.0	6.210400000000006	0.14294528159618475	0.00016510288003800667	0.824048988271134	1.39541420785054	inactive
13.911161225196896	0.04754535700490736	-1.0475035168388345	0.33254358631718134	12.131578947368421	514.6010000000002	1.0526315789473684	3.3246578426674893	1.7204211646470307	304296091.352141	113.08547562616367	28.49975764268824	88.33	4.0	5.561620000000005	0.1899180275552022	0.00021891295012684342	0.8501941357982175	1.520883576507182	inactive
12.15068350025195	0.1221749811035524	-0.1221749811035524	0.752320865691682	10.375	322.36400000000003	1.0416666666666667	2.622882664644287	1.5948136847270233	398452.5971167722	60.924623690919034	24.607837756089165	60.45	3.0	3.6510000000000016	0.6835408216704109	0.0011181621320632258	0.9437282961058596	0.8482529878118823	inactive
12.230207231040565	0.008171296296296093	-0.008171296296296093	0.903076188716143	19.045454545454547	302.3780000000002	1.2727272727272727	3.326645091049199	1.5199765993789227	211228.65670125993	24.023505703384757	59.321939470914046	65.54	3.0	1.0615999999999997	0.5346633882527847	0.0011277161004594157	0.9098840284427155	0.8530739713823987	inactive
12.875476662887376	0.17762062232300302	-0.3735922146636439	0.5642162463056617	16.12	354.79300000000006	1.24	2.6055863546511127	1.6932906477980207	672551.3442761905	70.65159445267304	12.514061693864424	65.27000000000001	4.0	3.631400000000003	0.3496884771711425	0.0004726156110539104	0.7453367099277336	0.5256955662001783	inactive
13.491687845567267	0.09388987860984632	-1.049458354329387	0.41535282190527456	11.588235294117647	476.9190000000002	1.0588235294117647	3.38464059218946	1.6661124773577696	70313769.20988177	113.24220660724957	28.32707290651	89.28999999999999	4.0	3.9733000000000027	0.13059210089097398	0.00014763877956378843	0.6697397523232442	1.3672018149884773	inactive
12.418518203577726	0.06809618291761121	-0.06809618291761121	0.9239454965717002	15.0	338.4110000000001	1.08	2.6307699063673695	1.617611861299512	571361.1313444908	48.79188955399581	59.321939470914046	65.54	3.0	1.8512	0.19766785358522393	0.00052784081363543	0.8469066479770091	1.1391741823317314	inactive
12.875476662887376	0.02947247417485488	-0.2232237339380203	0.727162179324709	16.291666666666668	337.81	1.2083333333333333	2.611582360660766	1.6683265371901423	482583.8580970603	65.44434142789574	17.43591465621129	54.02	4.0	4.426100000000003	0.25282687141649296	0.0005975912033432256	0.9074062580275248	1.1722080590379442	inactive
12.827290721844292	0.09725025195263237	-0.30613189720332623	0.771185947060326	16.291666666666668	339.782	1.2083333333333333	2.611582360660766	1.6683265371901423	482583.8580970603	59.63892736573706	22.482018735758842	64.11	4.0	3.788000000000002	0.3666972546842459	0.0006556310054195961	0.891319886949398	1.0165804346737715	inactive
12.176119535777275	0.10846230158730141	-0.10846230158730141	0.8034989202914758	10.136363636363637	287.32200000000006	1.0909090909090908	2.5572910660867296	1.7673689615295194	145315.50753931233	72.05152667431304	10.891158250298714	65.78	3.0	3.287680000000001	0.6419405573029181	0.0014430143489282074	0.9219623818289936	0.6590100728133302	inactive
12.919458144368857	0.1432244425547995	-1.71286859882842	0.7385471695653549	19.12	354.79300000000006	1.24	2.6263968788756795	1.7309878180614306	673098.2449120169	65.44434142789574	22.60456760965234	71.45	4.0	3.4970000000000017	0.4470814112360713	0.000734805055205866	0.8898597955492984	0.9411761146527369	inactive
12.001088907785338	0.2004426668509458	-0.31590122931888764	0.8141991036019534	10.090909090909092	302.33	1.2272727272727273	2.535835302189026	1.8720483383305233	94165.70811148729	58.51230155320356	30.73571528884589	69.56	2.0	1.2026999999999999	0.4870481110324546	0.001014079458120551	0.8995569943611833	0.8561082915131492	inactive
13.026113980716255	0.010741871013786541	-0.227249490845721	0.6519096599801538	13.8	405.4620000000002	1.0333333333333334	3.314151400759356	1.5524752561326909	12743097.728398167	61.05510019407049	69.41589957916466	96.25	4.0	0.8050999999999995	0.2822147925383302	0.00039798702006116837	0.8708537904961162	1.2191898417711409	inactive
12.180238882590071	0.10995086923658337	-0.10995086923658337	0.7914090985550767	10.523809523809524	296.757	1.0476190476190477	2.499425877948962	1.8239931685626	85055.46262660317	71.51070849635737	10.891158250298714	41.99	3.0	4.069400000000002	0.534720390729781	0.0012500108622785302	0.9530622082121382	0.6799851402977084	inactive
13.779462316466736	0.15393192320546234	-0.9034436151003622	0.5149839020377996	21.97222222222222	492.5510000000004	1.1944444444444444	3.592761639572277	1.4238998223908492	279358299.8020455	84.08674386771375	51.97967181876965	97.56	5.0	3.708700000000002	0.2249473497590285	0.0003004635197783509	0.9420958878861847	1.4329793117349645	inactive
13.732189703717932	0.08717920475079977	-0.9057700039892509	0.5130592289905724	21.97222222222222	492.55100000000044	1.1944444444444444	3.41752554883683	1.4030188349507062	192104688.50181392	84.08674386771375	51.47675624200504	97.56	5.0	3.852800000000003	0.14503942183520402	0.0002116604562788118	0.8032450527840215	1.3633251988320003	inactive
13.830977969024055	0.12927053704606006	-0.9433955341395823	0.36346989751443853	15.710526315789474	513.5730000000003	1.131578947368421	3.6545336071534833	1.4287163350882774	775371811.9004282	114.41857921002183	52.35833627833358	91.57	5.0	4.030000000000003	0.4237558148215609	0.00038081159915281205	0.9715067038133122	1.3627199855739374	inactive
13.523620086923657	0.023094994298096916	-1.095412624926514	0.3581648272676354	11.714285714285714	495.5360000000002	1.2857142857142858	3.5553697258855816	1.6593413009637423	123573388.2604912	95.16073463302813	40.420848968734745	110.45	4.0	3.558600000000002	0.23636445423786556	0.00030064455563610665	0.9123726892105196	1.3717909121905592	inactive
13.649411610999362	0.061531870055949955	-1.0310938418577311	0.347935938104699	11.54054054054054	502.5460000000002	1.162162162162162	3.4443171062916074	1.6684118153706358	276949230.82404774	113.41274805649257	40.336780178638016	97.56	4.0	4.268320000000004	0.14450175046726757	0.00022523270424435908	0.8514123500257629	1.437051310018335	inactive
13.663337977842396	0.12114091791445714	-0.9455874170655927	0.4198341205705432	14.942857142857143	470.50400000000025	1.1428571428571428	3.3950176042386704	1.4607721269037341	130743445.20606165	119.4791151249542	33.22698263736048	88.33	5.0	4.048500000000003	0.09804092753645295	0.00024494887365685166	0.8501225521494273	1.373107533895689	inactive
13.571359913468498	0.018829436223014806	-1.1017102072310407	0.3612160462924562	11.5	489.5070000000002	1.1388888888888888	3.4339299086635524	1.667867987452943	193026804.3395892	102.41632157625004	39.91793339197013	110.45	4.0	3.7494000000000023	0.12529630650119966	0.00020291120200754175	0.85879493441242	1.4684061048878	inactive
13.842142265761268	0.03647974492289907	-3.8942100433036573	0.2853919204485087	12.121951219512194	581.6260000000001	1.1219512195121952	3.5064551247888214	1.7804914421822773	1398934368.8041337	102.28584507309859	62.25522738876708	134.94	4.0	3.2146000000000017	0.47607305586691556	0.0003041283325803737	0.919300062857633	1.2301052210157635	inactive
13.5824748826043	0.06143428526139583	-1.0274798962794998	0.3629797883277317	11.5	488.5190000000002	1.1388888888888888	3.4397728352834847	1.6544020373686363	195612960.3196272	113.9156636332572	40.336780178638016	97.56	4.0	3.959900000000003	0.11207088975169957	0.00024606946433051356	0.9047572706351429	1.601930125110536	inactive
13.84922429792445	0.002765975089658035	-1.1296180293104905	0.3893475210272465	14.91891891891892	504.4930000000003	1.1081081081081081	3.5759616021129306	1.4971194607606388	398136808.28675455	113.66651740584149	39.833864601873394	97.56	5.0	4.023900000000003	0.25394650097938704	0.00030259859358770005	0.8936293556766961	1.3943577947890549	inactive
13.540761290627362	0.09725486349268819	-0.972207787435962	0.39330571675889536	11.6	472.5200000000002	1.1142857142857143	3.402565863819724	1.640424044775408	114429936.8421354	119.47911512495419	33.22698263736048	88.33	4.0	4.259720000000003	0.13379366016978503	0.00025073962901862027	0.8612975817582447	1.5021624621583303	inactive
13.77499409399256	0.08362007933211069	-1.0099335999832035	0.39581622831796376	15.216216216216216	500.5300000000003	1.135135135135135	3.4674507776335606	1.4577774173038152	433231996.52408737	113.91566363325721	45.87570543102135	97.56	5.0	3.754800000000003	0.15865096001717235	0.00024602271317847047	0.852480106232207	1.3766731265133536	inactive
13.816115755620174	0.12577054754408667	-0.9522540837322595	0.3995690616333251	15.194444444444445	484.5310000000003	1.1388888888888888	3.5804407170182784	1.4875325048635466	283940707.0268642	119.4791151249542	33.22698263736048	88.33	5.0	4.438600000000004	0.2565087773404094	0.00025670647948904704	0.8434844096282449	1.2497428485265254	inactive
13.929224297924453	0.05278958046589732	-1.0496180293104904	0.38121435025431805	15.135135135135135	502.5210000000003	1.1081081081081081	3.5759616021129306	1.4971194607606388	398136808.28675455	119.22996889753848	33.22698263736048	88.33	5.0	4.577700000000004	0.05787119036449406	0.00018773484432683826	0.8033524921798076	1.5756849192696945	inactive
13.792468978657427	0.033236344692197495	-3.521594302562917	0.29107018488375136	14.463414634146341	576.6500000000001	1.0731707317073171	3.7189367023481172	1.4844085699764016	2595635144.0681663	108.35221214156022	41.99480792082112	122.47	5.0	4.672000000000004	0.41312047676145447	0.0002645082947455018	0.9155829527720194	1.3134353134204997	inactive
13.754070215181777	0.12853982192050406	-0.9439235848660463	0.5130592289905724	19.305555555555557	492.55100000000044	1.2222222222222223	3.6623109352586214	1.4268448338411746	267684283.14949897	84.08674386771375	51.47675624200504	97.56	5.0	3.852800000000003	0.260787703307139	0.00030077852287105475	0.9260933603521042	1.3763845176705256	inactive
13.606713355771344	0.1478496291767395	-0.9010097526664993	0.5501862639629632	17.176470588235293	465.5290000000002	1.3235294117647058	3.3762685378640596	1.6165830186865644	69100318.99974987	84.08674386771374	64.30591799186126	91.57000000000001	4.0	2.8453000000000017	0.2683945718734554	0.000326700750299602	0.9105635633068211	1.4579974246711764	inactive
13.763137990440029	0.07176397577957849	-1.038611084866046	0.39244796983746144	13.432432432432432	500.53000000000037	1.1081081081081081	3.4674507776335606	1.4992221457188535	433231996.52408737	113.41274805649259	34.93395487102292	97.56	5.0	4.028400000000003	0.42054846069877416	0.0003866592496496177	0.9317873033957028	1.2027949794527537	inactive
13.67770939116132	0.09667075399204417	-0.9554770828084325	0.33779305070375626	17.18421052631579	514.5570000000002	1.105263157894737	3.454293158353696	1.366129333362356	532024594.8432019	114.41857921002183	45.37278985425674	97.56	5.0	4.361100000000004	0.41775720606540256	0.00031280613943392567	0.8983316933588235	1.1699284317881584	inactive
13.745378794168927	0.09433819682602151	-0.9953559355841104	0.3664701773840318	12.527777777777779	486.5470000000002	1.1111111111111112	3.423998093835938	1.6899487369090271	173631450.0901383	119.47911512495419	33.22698263736048	88.33	4.0	4.820720000000004	0.17533472167307698	0.00020460400540702988	0.7773285660596975	1.2061437577990826	inactive
13.630806326292888	0.10567099089916598	-0.8671208637776109	0.4969949644544377	15.323529411764707	464.5410000000004	1.1470588235294117	3.2596646108301663	1.6138549661595851	67800763.1320986	84.08674386771375	39.26882346650844	88.33	4.0	4.473900000000004	0.24684607509527262	0.00031532637034306833	0.9154741436291487	1.3568639686275097	inactive
13.726003085552147	0.07530062052879538	-0.857188890988495	0.5228817701261881	21.914285714285715	476.55200000000036	1.1714285714285715	3.608250442695905	1.4201894749413877	166512733.18143144	84.08674386771375	39.26882346650844	88.33	5.0	4.329800000000003	0.16761195683268315	0.0002521354140989985	0.8884297918358618	1.4347344999568756	inactive
13.518561428333705	0.09525432423249924	-0.8624912341479811	0.5586367862945766	15.06060606060606	450.51400000000035	1.1818181818181819	3.382184403110521	1.5993171856865063	49592618.15563165	84.08674386771375	39.26882346650844	88.33	4.0	4.083800000000003	0.17441768395229765	0.00034432030333602585	0.974810771828452	1.4875073823294929	inactive
14.567094668294821	0.05628956996787071	-1.0407594797178132	0.348742364809198	15.64102564102564	531.5630000000002	1.1282051282051282	3.6517172676352576	1.4393065650365366	1108753955.3971024	114.16943298260611	52.35833627833358	91.57	5.0	4.169100000000003	0.14068856005865094	0.0001500218195203027	0.750412425336149	1.3301537685185836	inactive
13.714798515761267	0.02342450110081784	-1.1047427458637775	0.3364282414730551	11.837837837837839	499.5020000000002	1.135135135135135	3.560315837735462	1.5230602422865829	384500994.27188367	108.1765689951245	33.311051427457215	114.36000000000001	5.0	4.405320000000003	0.12478008062162878	0.00020100220685558633	0.8327478121029335	1.6082717950547225	inactive
13.66672453616943	0.13316532196492492	-0.8925388164525072	0.48919184285650036	23.38888888888889	492.5510000000003	1.25	3.369076325049936	1.3809183168209291	136927509.3488731	84.08674386771374	52.482587395534274	97.56	5.0	3.708700000000002	0.458588670111554	0.00043252831464381865	0.9654652285461641	1.2961360235846149	inactive
13.735419264060589	0.04404524940013754	-1.077248414798018	0.3484837625294772	11.837837837837839	498.5180000000002	1.135135135135135	3.5749599513211754	1.5236092795615805	403547199.2410564	108.61316514786313	37.87815107524857	106.14999999999999	5.0	3.8424000000000023	0.24527396417936118	0.00020652258308440362	0.8337142332424575	1.151104946820548	inactive
13.473861656033584	0.11298568359850836	-0.9424912341479812	0.5644940798061223	16.696969696969695	452.48600000000033	1.2727272727272727	3.382184403110521	1.5993171856865063	49592618.15563165	84.08674386771375	52.48258739553427	97.56	4.0	2.9301000000000013	0.19580950970464908	0.0003131019145005983	0.93158330616593	1.527779219310494	inactive
13.796943931798054	0.026117325660750756	-3.4249507840443987	0.3564507935988646	14.692307692307692	548.5960000000003	1.1282051282051282	3.4661123728601395	1.5352225695392396	818467686.1398803	107.8492965647956	42.497723497585724	122.47	5.0	3.675600000000003	0.2990559967209117	0.00026313183739209636	0.9327131909279809	1.369697501207796	inactive
11.547936153953469	0.3727726337448558	-0.3858414888248938	0.7894444918426116	16.42105263157895	280.7550000000001	1.2105263157894737	2.385157762582464	1.8681093804357034	19796.80942943445	34.85155307928476	47.669269761067696	40.620000000000005	2.0	1.5731999999999995	0.2986283562585574	0.0009049864206434868	0.9281714574903766	1.0965437330850718	inactive
12.689548651671668	0.04562925170068022	-4.408862772445476	0.729889035861507	11.772727272727273	304.251	1.1818181818181819	2.4660950603768796	1.9846842051084186	95669.69177226067	70.03063404605194	9.967957041894417	56.95	3.0	2.556800000000001	0.39786598206743273	0.0008281104827145752	0.8454228937848861	0.8987241105770224	inactive
12.612902337945176	0.07918890936003975	-4.502001261867109	0.927260520068736	11.08695652173913	323.25000000000006	1.2173913043478262	2.464899114805332	2.1341470467999017	100474.21771769493	59.41587696062519	16.860463538250563	82.12	2.0	1.6450999999999996	0.5508175844716039	0.0009658283634358831	0.8970944078504177	0.8757334112790337	inactive
12.84927087389389	0.06962270093222434	-9.759542217075586	0.6556488145301503	15.041666666666666	362.303	1.0833333333333333	2.4521169042577924	2.02925963248139	138421.99924535237	64.46718255435495	9.967957041894417	56.95	3.0	4.195400000000002	0.5963257124645958	0.0009818129170814768	0.950110008452693	0.9560255737568529	inactive
11.89185941043084	0.09351851851851833	-0.09351851851851833	0.80896402110841	10.055555555555555	241.29399999999998	1.3333333333333333	2.3499375579690835	2.0618064780775383	13295.946702989075	53.852425468928196	10.891158250298714	68.01	2.0	2.15342	0.5131234856991373	0.001878088095209944	0.9539863350653193	0.9285830026197228	inactive
11.872668178382463	0.08525982615268313	-1.3699485596707819	0.9189872222861527	10.05	289.69800000000004	1.3	2.384686237925746	2.106644573912719	30843.5318013316	58.87505878266952	16.860463538250563	82.12	2.0	1.2796999999999994	0.4862051507969314	0.0010575184568794123	0.8831556179737722	0.8698018704260596	inactive
11.933892668178384	0.14648431594860156	-0.6199485596707814	0.9027007951105369	10.05	289.722	1.3	2.384686237925746	2.1066445739127184	30843.5318013316	58.87505878266952	16.79833797965022	85.08000000000001	2.0	2.0151	0.4568529594602196	0.0010226451959979555	0.8868684189724496	0.8696507083653617	inactive
12.498407501889645	0.17395678487444344	-0.17395678487444344	0.5352591178309777	10.44	336.391	1.04	2.642008004386403	1.6360956641169697	583355.3673685178	66.2271221763131	26.168615641054533	73.58	3.0	3.2394000000000007	0.34408463419487956	0.0006322649705120562	0.87634814006145	1.0618195712336522	inactive
13.676467518347254	0.0653277351202346	-0.9905333522297812	0.42865422230911343	12.085714285714285	469.54500000000013	1.0	3.4129982570995367	1.7614165489781008	98540959.40653165	108.35939579851423	26.766295021544636	101.22	4.0	4.466600000000003	0.13189584021775297	0.00016707595067276402	0.6719586952896612	1.192068747685662	inactive
13.80937031438813	0.013690943070677974	-1.317503516838834	0.3603723890895255	12.128205128205128	530.6000000000003	1.1025641025641026	3.436282753932556	1.7694075486404997	468649038.865172	118.07262414076794	27.91019403335415	97.44	4.0	4.556900000000004	0.1790746828639596	0.00015255429250537873	0.7769432981676316	1.247964283612145	inactive
14.044136073812748	0.05317940175102098	-1.1308005794910552	0.3018234142798358	14.704545454545455	599.711	1.0227272727272727	3.5518771040697357	1.5015392019033096	7592450216.11442	101.78292949633398	71.43765876463519	107.7	5.0	4.400000000000004	0.09593024607742778	8.258389966269239e-05	0.7188191631971795	1.6619593017046017	inactive
13.997017157375652	0.044735121672125455	-1.1426524313429074	0.30544658541152697	14.279069767441861	586.6680000000001	1.0465116279069768	3.551871365942753	1.5081397038453654	5368332025.811456	101.78292949633396	59.61432816830819	113.69	5.0	4.4848000000000035	0.06397847013431454	0.00013287686031098218	0.822361145496135	1.856271314159813	inactive
14.59709128558831	0.014442935353153885	-1.4887525720164623	0.24328550442661226	14.125	652.7270000000003	1.0416666666666667	3.6289577091519534	1.538328683301339	70033208154.83891	124.13899120922957	59.03104425362278	122.28	6.0	4.7027000000000045	0.08992225753279622	0.00012898330989844783	0.8379252754424247	1.7835799364593596	inactive
13.805319388462202	0.025258047019184993	-1.144447961283278	0.3603723890895255	12.128205128205128	530.6000000000003	1.1025641025641026	3.4337158356651383	1.7513583357898088	458741880.9602807	118.07262414076797	27.91019403335415	97.44	4.0	4.556900000000004	0.13234998022677902	0.000169510208374157	0.8301475046887592	1.690585118354687	inactive
13.710837151122819	0.020831824242042662	-1.353336850172168	0.37746991949018804	12.105263157894736	515.5650000000003	1.105263157894737	3.423015652159965	1.7388430215119017	318933499.95864475	118.07262414076796	23.343094385562797	106.60999999999999	4.0	4.175600000000003	0.3272861436413219	0.0003071833757743248	0.9432658911437795	1.3304472671695258	inactive
13.84810645699332	0.04471178221696781	-1.1311032900814644	0.32531311338216556	12.05	544.6310000000002	1.025	3.4621350416633487	1.736827359281404	766197184.7055404	101.78292949633398	47.406395392811596	104.46000000000001	4.0	4.714200000000004	0.11713319487677382	0.00014287804009301505	0.8293629289499802	1.5144234502180116	inactive
13.787033138777144	0.05100227802834256	-1.6756516649869828	0.35903631434188926	12.125	544.5830000000002	1.15	3.422022384440405	1.801688198370889	638378713.8362228	111.50334149554172	23.343094385562793	129.67	4.0	3.557620000000002	0.22414802697769065	0.00022518229426710037	0.922143420539899	1.610742945758005	inactive
13.6354102096014	0.01955780447573341	-0.5558071897772476	0.73344185574224	16.16	356.78400000000005	1.28	2.623226744701067	1.6749357004587393	707379.3239760897	65.19519520048003	17.49804021481163	51.22	4.0	4.532100000000003	0.4918928774723711	0.0007900661606149534	0.924229119171521	1.0634392367188692	inactive
12.927418272864701	0.0700998362307883	-0.2870508944318473	0.6597209287605736	16.16	372.25500000000005	1.16	2.623226744701067	1.6749357004587393	707379.3239760897	64.40060767317546	17.43591465621129	54.02	4.0	5.079500000000003	0.47722032607307135	0.0007006685418396657	0.9341077233855187	1.0881581245070389	inactive
11.979276856901315	0.26947373393801977	-0.37815913810682944	0.7760705272330045	19.17391304347826	336.86300000000017	1.3043478260869565	2.47379858537879	2.0893727439292973	109463.11360442606	34.85155307928476	47.16635418430308	40.620000000000005	2.0	2.9879000000000007	0.3087684984374684	0.000442982085307878	0.7280976208634826	0.8436543321048542	inactive
13.901716925100313	0.09613295659069365	-4.316078322528465	0.16400243283769095	24.261904761904763	602.5850000000002	1.2619047619047619	3.529906357278915	1.5327687552031775	1990049828.6284673	54.48581754884427	68.34792222191584	203.54999999999995	4.0	2.3121799999999997	0.4346877268246173	0.00023644894241037638	0.9117863358121997	1.4214464584965945	inactive
11.822865847759877	0.19287163902649085	-1.4081783824640974	0.3241239499692836	28.304347826086957	328.30100000000004	1.4782608695652173	2.80026733141165	2.1344788408647846	128201.83896668816	28.235198173807753	50.87549387795973	144.68	2.0	-2.0861999999999967	0.3274561312644806	0.0005586775686430227	0.776143316178455	0.926970000998681	inactive
13.464597033257746	0.22183555366591134	-1.437984339569161	0.6366875885857132	21.296296296296298	380.7870000000001	1.1111111111111112	2.9236994766459277	1.6829919224474048	2544817.261467382	65.44434142789574	23.591280285750045	68.73	5.0	4.049400000000002	0.4292281831823936	0.0006233367230974847	0.8685823826970354	0.7002892668958679	inactive
12.066722883597883	0.05831506676744769	-0.05831506676744769	0.7499882961295296	10.65	284.74600000000004	1.15	2.8210023287744006	1.7589737347978533	58939.201655083554	65.31386492474428	10.891158250298714	44.89	3.0	4.002500000000001	0.40842104063782514	0.0009147486394865344	0.8608398087855214	0.8178553815661831	inactive
11.998945105820106	0.1608150667674475	-0.1608150667674475	0.7991845879607776	10.65	286.718	1.2	2.8210023287744006	1.7589737347978533	58939.201655083554	59.1170213531312	11.063842986476951	55.13	3.0	3.6624000000000017	0.4992250746665635	0.00114240605846185	0.9294264462670031	0.7602944520848468	inactive
12.263782596371883	0.031584335027246	-3.206354219156799	0.9261734393641617	18.91304347826087	349.8390000000001	1.173913043478261	2.455273762424522	1.7790549008053718	144006.7167137231	70.2439243365252	20.077830320427232	63.24	3.0	2.668400000000001	0.45306919819304686	0.0008199027626772837	0.8990859961533714	0.9467869095848264	inactive
12.213134448223734	0.1822739949889418	-0.642005385487529	0.9135351459492175	16.59090909090909	314.772	1.2272727272727273	2.5006227578041504	1.7483623132549753	119527.26720028059	70.2439243365252	11.814359458703011	58.2	3.0	2.3698000000000006	0.5317896697448566	0.0008922849214360788	0.8784856807211445	0.7991075941968557	inactive
12.395333994708995	0.0010696963970771023	-0.21460358577587435	0.9005357032636657	18.40909090909091	314.81600000000003	1.2272727272727273	2.6954911249576146	1.758652702383797	104366.72086723387	64.6804728448282	11.446104981734852	41.129999999999995	3.0	3.9441000000000024	0.5120273400320559	0.000847607518714593	0.8557218398552793	0.8146306784663234	inactive
13.22594096889168	0.14078446502057584	-0.25532656485796856	0.3646965546914206	10.84375	447.9410000000002	1.03125	2.7823342797895982	1.510406858854747	18828434.46879826	101.0904820344851	17.43591465621129	45.230000000000004	4.0	6.235000000000005	0.4670174962039601	0.0004065310035508277	0.9292780362535439	1.2968678587488796	inactive
12.23980253212396	0.08511778785588286	-0.08511778785588286	0.7798342382094987	10.636363636363637	310.78400000000005	1.1363636363636365	2.4812133992632286	1.8398376934109475	117435.83018712861	71.00779291959273	10.891158250298714	41.99	3.0	4.377820000000003	0.6027364773071953	0.0011478148487628556	0.9317324462585456	0.8827958300652131	inactive
12.278093427185688	0.12093836608717567	-0.12093836608717567	0.7856750944674603	10.521739130434783	326.7830000000001	1.173913043478261	2.5493936759138833	1.8525485644647035	205664.6866233248	65.31386492474428	18.000955791576246	51.22	3.0	4.078000000000002	0.42478924280845953	0.0007547412267000086	0.9120727483646122	0.8168586397626066	inactive
12.122244425547997	0.13785210380448465	-0.13785210380448465	0.8051952011122818	10.523809523809524	297.745	1.0952380952380953	2.4739761554776227	1.8039060510745435	80913.86414105113	65.44434142789575	15.875136771245923	54.88	3.0	3.464400000000002	0.32507002142720703	0.0008381515731341058	0.8544388570838567	0.7380385473153445	inactive
14.182755109198562	0.00044666477702226537	-1.1547790690350213	0.5146267667184693	21.81081081081081	523.0330000000005	1.2162162162162162	2.901054531540865	1.482615215537886	255992504.11805844	65.44434142789574	77.13931521801598	95.0	5.0	3.462300000000002	0.174722768956281	0.00016595810265620037	0.7577969219246035	1.2082590205820514	inactive
13.194283063534053	0.09434014655244782	-0.3613950302343165	0.6313150619434027	18.03448275862069	408.88500000000016	1.206896551724138	3.561001245333175	1.4380375370146812	11503045.34677983	59.37797435943413	24.10492217932455	60.45	5.0	5.181800000000004	0.2634762259874126	0.0004027143575944141	0.9442607789232612	1.00702793709325	inactive
12.652581520518131	0.11640804778701619	-0.11640804778701619	0.33359365823404774	10.733333333333333	480.7930000000001	0.9666666666666667	2.7307290015538968	1.4440981712474363	7453382.81183328	99.74598070927162	10.891158250298714	54.02	4.0	6.444000000000004	0.3503994466689864	0.00021994717455845315	0.80525036457371	1.1034919202482831	inactive
13.63451636752931	0.07719006745896584	-1.0229469009826155	0.4076751685217047	12.2	473.51700000000017	1.1714285714285715	3.567340431231144	1.7167042935517185	103292484.87991501	84.09392752466778	43.852524906120784	141.10000000000002	4.0	2.2562999999999995	0.12218876229921512	0.0002192905934446128	0.8111803382125892	1.3120506468530673	inactive
13.464597033257746	0.22183555366591134	-1.437984339569161	0.6366875885857132	21.296296296296298	380.7870000000001	1.1111111111111112	2.9236994766459277	1.6829919224474048	2544817.261467382	65.44434142789574	23.591280285750045	68.73	5.0	4.049400000000002	0.360930776549795	0.0005225185144886798	0.8227190824624432	0.6357878154551739	inactive
13.628465765156957	0.029557804475733418	-0.5640716525871647	0.7544587841469912	16.16	357.772	1.28	2.623226744701067	1.6749357004587393	707379.3239760897	59.38978113832135	22.482018735758842	64.11	4.0	3.927100000000002	0.45022987247100715	0.0007428741088428719	0.9229462450465477	1.141422279026346	inactive
13.718227433624708	0.009363707030103141	-1.1848875380841326	0.35547420833342624	12.108108108108109	502.5460000000002	1.135135135135135	3.4205420999196936	1.7253792151356815	220471602.01922825	113.9156636332572	33.43360030135071	108.55999999999999	4.0	4.183100000000003	0.14836910834060157	0.0001846405843061435	0.7633238990966387	1.3207350742838126	inactive
13.860235825365248	0.04704079008146467	-1.0800012597631643	0.29219777664267466	13.0	551.5820000000003	1.0975609756097562	3.7606976807398507	1.3364954150822066	4151407995.3128633	114.17661663956014	43.091536170903424	119.03999999999999	6.0	4.160400000000004	0.08673569534846419	0.00011027619110736329	0.6792238850692873	1.5434780565397663	inactive
13.636918461829175	0.10412999837325576	-1.0900961094314272	0.3942323076136106	12.108108108108109	500.5580000000002	1.0810810810810811	3.420894717388939	1.6941281527867826	221547596.15236405	101.38933764197908	38.868546385173566	115.07000000000001	4.0	3.4074000000000018	0.0783443383557594	0.00015430479175607264	0.7527195260218917	1.242132865017996	inactive
13.746880746801832	0.001419590479334376	-1.0903307403208198	0.3409519263336881	15.41025641025641	527.5560000000002	1.1538461538461537	3.6439713829138873	1.462837161455536	1089139960.0353293	113.9156636332572	34.23425263586151	117.43	5.0	3.9068000000000023	0.38291115271216314	0.00031342460895983105	0.9230992437560959	1.1661136727193486	inactive
14.46448589765847	0.10702253699298403	-1.0638905685731086	0.29368280414943776	14.136363636363637	596.7070000000003	1.0227272727272727	3.0362961668384467	1.5223063412525528	7047496994.687889	113.5220717789023	59.6143281683082	100.55	5.0	4.8918000000000035	0.045887880215890124	0.00010699877456968829	0.7926875324601648	1.953588590655566	inactive
13.895883447419116	0.16187453279444686	-1.240919994541027	0.35519943584846675	12.0	542.5870000000002	1.05	2.9062559739232023	1.7607657452202226	564654055.1685687	123.87803820292663	23.343094385562793	115.57000000000001	4.0	4.292000000000003	0.10189685483826412	0.00010554024417094308	0.6480519948233373	1.3507486426934543	inactive
13.876183626228269	0.048899479676745905	-1.2504630810657598	0.4593518268101319	17.12121212121212	463.8810000000001	1.121212121212121	3.32289497931798	1.5478296911768454	52780750.87305749	71.83798092668626	33.60258356076521	119.24000000000001	5.0	3.9590000000000023	0.08509611552255404	0.00016616187785068622	0.7377642709248847	1.4195925639151512	inactive
12.069871031746032	0.19652517951625104	-0.20494855967078163	0.8565993959743756	12.80952380952381	299.737	1.0952380952380953	2.7583503858374216	1.7447563424165835	82676.03611470504	70.2439243365252	17.64997924446028	60.14	3.0	0.6798999999999995	0.27696626438620836	0.0006890269130603821	0.8501374685396738	0.7103301155853872	inactive
14.198160731030498	0.22058350655076864	-1.0435315754388168	0.3239631981195691	16.575	559.0060000000002	1.15	3.283206161225794	1.3587599958013503	1411167651.2268996	92.10683058729481	38.160974437254126	134.24	6.0	2.239799999999999	0.39117428296091805	0.00028203313955603904	0.9505523843921948	1.3748842626983648	inactive
12.568351236333907	0.06423212186108973	-3.7496170666290465	0.6038109384413629	19.166666666666668	458.5860000000003	0.9333333333333333	3.2721833145707793	1.4018382086524785	5485173.978948256	34.55101462999553	88.7351014417395	121.19999999999997	3.0	0.7252200000000018	0.337263086067162	0.0003890850593949757	0.8831266768583395	1.233019639437835	inactive
12.538413721970269	0.13456443688586583	-3.636085719009825	0.7971282356368949	11.818181818181818	338.47400000000005	1.0909090909090908	2.718451484865806	2.238695089388102	74980.32885556866	55.43221200079211	15.527594525606471	57.470000000000006	2.0	4.082360000000004	0.11194433171633997	0.0005197102865816991	0.8121495256440564	1.1651953266089692	inactive
12.667799193751573	0.03328303347152595	-3.91813368397175	0.7241634224584719	23.346153846153847	402.4780000000002	1.1923076923076923	2.601995929123043	1.706286811443098	525290.93817136	28.987563138298526	82.69326061259153	121.19999999999999	3.0	-0.548799999999998	0.4597609943602082	0.0006718973630428917	0.9063620431172292	1.065065626342987	inactive
12.40015695861678	0.005478580497641383	-3.8391778208196867	0.5692293262543775	12.346153846153847	427.57400000000007	0.9615384615384616	3.309845292589799	1.731858908312023	923923.4543546869	58.26065510899773	27.572426096351872	95.27	3.0	3.927800000000003	0.5554367965201596	0.0005500234485691271	0.8818922136003337	0.7344942859504304	inactive
4.7098598968972345	1.0107781662047535	1.0107781662047535	0.7234463120807101	17.304347826086957	346.52500000000003	1.0434782608695652	3.2340722503196413	1.4044157278019986	378709.86051243	44.85179085610173	45.36351821256025	23.78	4.0	3.3919400000000017	0.2331568833770733	0.0004438058172869806	0.7297220384705222	0.9513238224637953	inactive
11.772853363567648	0.5213373960695384	-4.316147880448473	0.4172021599610088	12.25	321.3160000000001	1.1	2.3344822557999927	2.8240753288606553	14732.917516353755	48.96295000912413	34.8484178293007	163.42000000000002	1.0	1.3279	0.290482360849407	0.000930144577193121	0.9171722664009827	0.8427732646901128	inactive
5.444044784580498	0.3951662887377174	0.3951662887377174	0.5654534001797089	11.125	342.38	1.0833333333333333	3.296750233017335	1.8054047298800242	607871.2917149013	35.469935542312285	33.74490998783672	74.68	4.0	3.4384200000000016	0.5516054549737464	0.0008120345704794746	0.9122152154202422	1.0033187830105519	inactive
12.231947488872093	0.010247543461829212	-3.9384555403377557	0.748992439747958	17.73076923076923	393.4900000000001	1.0	2.611569594930028	1.726851927662192	612538.4253516482	70.02182370991152	41.719801216377775	109.41999999999999	3.0	2.5623000000000005	0.30057225370701257	0.00037795746277157285	0.7811755185524374	1.0965776966079017	inactive
12.701995307382212	0.009508163560292271	-4.104226540048043	0.6000519122337806	18.074074074074073	439.5610000000002	0.8148148148148148	2.6174334403428454	2.2151832286925273	548949.0805762243	29.404442011454382	77.43757736235096	135.94	2.0	0.32040000000000074	0.3458747925398413	0.0003951819803056797	0.8171405297779528	1.1364617799503067	inactive
11.961442350088184	0.17105350319140045	-0.3255942670277985	0.9118767391542403	10.55	331.22400000000005	1.45	2.8407188251971465	1.9697688867131673	39772.90427158525	49.889433786731615	18.000955791576246	51.22	2.0	3.5263000000000018	0.6572250425371644	0.0010691046659186214	0.9350794222634601	0.5926396800117252	inactive
11.278462030755778	0.21623650960231022	-4.047514576956764	0.6153192181361548	16.344827586206897	410.5190000000001	0.896551724137931	3.2031800103388486	1.4493275045236185	5797499.564312489	94.82252896141571	44.39664206968019	77.56	4.0	3.9277000000000033	0.5548944262262699	0.0005742557564204478	0.8967514134112737	0.9240856847190899	inactive
12.233017998866213	0.3269966458805744	-3.4933862433862433	0.8570026932217674	30.105263157894736	299.4409999999999	1.368421052631579	3.0527718149147782	1.667172861366755	32463.17547980375	15.423646556153315	19.94653191118872	61.13	3.0	3.2585400000000018	0.42794812099057755	0.0010236317149245186	0.8586028896700417	0.8068314501062309	inactive
12.610381465092415	0.06774381872303015	-4.048317088530156	0.7707937099695886	16.96	401.51500000000016	1.04	2.9785552732663465	1.7463631470268821	419809.4944352519	41.16473707476445	52.303814104551606	111.44999999999999	3.0	1.70332	0.4411659445635483	0.0006285256404583597	0.907653588147618	1.218122240075167	inactive
13.14999433106576	0.0855265022675733	-0.2647165532879816	0.6855322392888225	21.458333333333332	337.40400000000005	1.2083333333333333	3.2714612770778784	1.627258507577492	810079.2414300243	68.5804611649887	20.191762587410985	54.68000000000001	5.0	3.096420000000001	0.4582912660966274	0.0009242609684992733	0.9150485679856136	0.9499018830046342	inactive
13.569118142793286	0.0003140766560680852	-3.415332157554379	0.7668477423894233	15.96	381.90000000000015	1.24	3.397529791782047	1.8638122946011995	708894.5910553241	64.43132661741248	14.170650591075727	46.17	3.0	4.513600000000004	0.3861172306340771	0.0006612966962166293	0.8907013156602493	0.9634261758777118	inactive
5.895055508314437	0.5082154142521205	0.5082154142521205	0.49288293863626953	11.12	369.47100000000006	1.12	3.3469730914747555	1.646661857997591	1119388.456497549	53.03564466778103	22.291139678826816	61.040000000000006	4.0	5.043420000000004	0.5637583502827899	0.0005455398347503836	0.8303796476823607	0.27832934767121176	inactive
12.103940237360376	0.03153759082961871	-4.151089308452222	0.7304279905183244	16.8	387.4630000000001	1.16	2.5216802404426075	1.855839784554776	218801.15110272416	44.41208323205556	53.31879347574553	140.59	2.0	1.7191200000000002	0.36858250052517966	0.0005660491518176883	0.892885555700675	1.0617145148594138	inactive
11.982052429768205	0.058116033839563874	-3.7308901932686642	0.7701523909277305	12.454545454545455	378.90400000000005	1.1818181818181819	2.9957156839974775	2.244016743838787	80473.91041922424	51.02007778266437	22.588447575404665	82.38	2.0	3.4577000000000027	0.13900322370330703	0.0004806642874084302	0.8057427324220058	1.1519369817266518	inactive
11.9785369425548	0.18859284454522518	-0.18859284454522518	0.8036966931789592	10.65	287.706	1.3	2.8210023287744006	1.7589737347978533	58939.201655083554	53.18113078782106	16.04782150742416	68.02000000000001	3.0	3.0574000000000003	0.6273014426253491	0.0014519360136367259	0.9424612381142701	0.8505964574040796	inactive
13.34375251952633	0.008442784895602795	-3.8100002886957234	0.6789517800686669	16.75862068965517	417.4630000000002	1.0	3.1957045867237226	1.5758336933681993	5364130.759817584	48.02802097092827	51.66428619332714	99.21	4.0	0.6086999999999998	0.3298321081501839	0.00033142551913292067	0.7806630065359145	1.0135309219540796	inactive
13.305699798437892	0.1251480318091831	-3.611776554757703	0.7676258800284551	17.296296296296298	390.46500000000015	1.037037037037037	3.157835186342653	1.573501060644229	2345437.8749633967	36.156239840307975	55.66293794726971	84.86000000000001	4.0	1.6687	0.14079641709223087	0.000367921959010251	0.8202109337935557	1.488091836125099	inactive
13.435368008314436	0.1269663955780964	-3.6178965760686963	0.7186556032472047	16.82758620689655	418.5150000000002	1.0344827586206897	3.2076429744095356	1.5671318565086225	5793426.6206562435	41.96165390246666	52.804778446652826	68.31000000000002	4.0	2.8873000000000015	0.1217483807472315	0.00031306316705837373	0.7712376406391654	1.3415621666868345	inactive
12.633939629494284	0.07177301514422707	-3.887572147686234	0.6319790453439106	12.592592592592593	382.41700000000014	0.8888888888888888	3.1444279873046592	1.6439184340131296	2395903.19378276	83.08195117768842	15.210739290428766	75.93	4.0	4.388400000000003	0.21064299101653064	0.00034581343807093157	0.740818656341402	1.0299076042956785	inactive
12.089908982111364	0.03223970143612953	-3.79035837637524	0.8463499904978229	13.136363636363637	320.34600000000006	1.1363636363636365	3.0004070603996635	1.9482187684058194	152804.73077203406	52.75011583538035	22.258411273105956	75.93	3.0	2.6865000000000006	0.19687324719973584	0.0003925571561926671	0.6656496296009435	0.9191746688618727	inactive
13.113242315444696	0.06400182314278635	-3.7258676356345	0.7936699585178915	17.23076923076923	377.41800000000023	1.0	3.1441439949468046	1.676958777358875	1560602.1601798364	48.02802097092827	45.81923202257598	74.30000000000001	4.0	2.0151999999999997	0.18667071184701736	0.0002969890313548842	0.6910906105907999	0.9464449385365908	inactive
13.410827541922117	0.1145517650315977	-3.6482999539836496	0.674345401911514	17.0	457.37900000000025	1.0344827586206897	3.172140974772442	1.574118789586926	4937906.904097572	45.940553461487696	45.694980905375296	59.08000000000001	4.0	4.185500000000004	0.42804522906745684	0.0004534362126737913	0.9581109882631836	1.4499568482573035	inactive
13.062131204333586	0.1329605318091831	-3.5487843023011663	0.8401322892684088	17.72	360.4350000000002	0.92	3.0885211126797323	1.5441962822341069	848824.4344399961	48.02802097092827	45.694980905375296	59.08000000000001	4.0	2.2346199999999996	0.43297587246962066	0.0006466816113913905	0.9120777615807933	1.2817262394948337	inactive
14.468502386722882	0.0027187788695732795	-0.727686679893605	0.5128131431677084	12.342857142857143	499.52000000000027	1.2857142857142858	3.3229896487864328	2.3589329063417797	47306957.909390934	66.71560738183186	36.705020576797736	123.56000000000002	3.0	1.7623999999999997	0.448625209167376	0.00027940799493328237	0.8060209881842808	0.6847887317670214	inactive
12.854002924564375	0.029983354655071404	-4.58062614579128	0.5951986162237015	12.9	438.3710000000001	1.3333333333333333	3.3623182337891495	1.8028488786751309	4472300.178400558	59.09642634598615	38.8699247215201	137.63	3.0	2.20448	0.3464793575307241	0.00045356484111925183	0.8724937161821702	1.0855907044273363	inactive
13.15192549897855	0.02261337868480706	-4.655018598000806	0.5573717861188611	11.65625	459.40500000000014	1.25	3.2751169936834352	2.332414638338861	11418171.379758308	72.52820510094456	17.646202477020736	109.02	3.0	2.632480000000001	0.5756096585731213	0.0005406752535351476	0.9403883505140171	0.9414546237871929	inactive
13.849490845721006	0.03538595993953142	-1.1450719114806416	0.7445178134487548	28.76	348.3780000000001	1.44	3.3091924669082817	1.6209038208040698	641930.3915007361	23.520590126620142	58.21177052957311	109.22	3.0	0.7161799999999996	0.4152483031354892	0.0006476404388886613	0.8922576391858401	1.061720600423935	inactive
12.16167753212396	0.18715860418241337	-0.30237021142504505	0.8086186690310061	10.590909090909092	311.748	1.0909090909090908	2.503071257666586	1.8563992021167592	120062.31594523547	75.66766900386811	5.907179729351506	60.27	3.0	2.9918000000000013	0.597125326359202	0.0010991160755727102	0.9163541791482396	0.8269129275793909	inactive
12.563035714285714	0.15706884605694071	-0.3390943877551027	0.9236202749122724	16.545454545454547	317.752	1.4545454545454546	2.489875121361783	1.8591223489971958	107834.00163105746	46.61184814259483	17.49804021481163	74.28000000000002	3.0	2.6218200000000005	0.4195270638957472	0.0007100686948043897	0.8214284777079026	0.9228251744537656	inactive
13.074658284965203	0.22562027588813316	-4.477046937066327	0.6185794266919556	16.357142857142858	406.7910000000001	1.1785714285714286	2.6625723420033287	1.6922127295788203	2169519.858283494	64.94142585113113	17.49804021481163	51.22	4.0	5.411800000000003	0.21261593335839576	0.00035970238033291153	0.8612662117108293	1.0651720585830635	inactive
13.018633542930154	0.009286232855823195	-4.612367748371523	0.5726151289951628	11.0	402.3320000000001	1.0	3.218096852042252	1.612705592175663	3755313.0681347772	94.53292802869244	21.780904543736142	89.39000000000001	3.0	5.030500000000003	0.1841036486126391	0.0002772778937615783	0.7090736829190851	1.122384710849255	inactive
12.55676634542706	0.12177028218694841	-0.3036026077097511	0.8917528949187631	16.545454545454547	317.77600000000007	1.4545454545454546	2.4992095645107715	1.8408655754709151	109432.88920123315	46.61184814259484	17.49804021481163	77.24	3.0	3.13042	0.31973242767210036	0.0006667041974072011	0.8822480260175872	1.276652436660541	inactive
13.05668302384978	0.016268424036281592	-2.7275741948013783	0.9290030063818162	16.82608695652174	341.745	1.5217391304347827	2.867760032971957	1.8705776014208166	190379.11754887633	40.675957577284684	22.294546437310647	56.150000000000006	3.0	3.515900000000002	0.3358699358417282	0.0006247196517339213	0.8375807749573418	1.0384957707298959	inactive
12.823783068783069	0.067015936004031	-0.28253495842781606	0.9228056503287314	16.083333333333332	345.8300000000001	1.375	2.553566257028284	1.872616460189353	271686.68191652425	46.742324645746294	31.593384180166012	54.46	3.0	3.614220000000002	0.4333942648367299	0.0007088822312979839	0.9097593421902433	1.1588861267491508	inactive
12.609910714285714	0.0958443562610225	-0.2922193877551027	0.8917528949187631	16.545454545454547	317.776	1.4545454545454546	2.489875121361783	1.8591223489971958	107834.00163105746	46.61184814259483	17.49804021481163	77.24	3.0	3.130420000000001	0.34915090733364224	0.0007079269323285831	0.8791466114624948	1.1504072488107264	inactive
12.517714474678762	0.06309637538142843	-0.08540123456790094	0.8545475380255432	13.952380952380953	299.757	1.1428571428571428	2.459284810742006	1.8629536052513882	72278.38058770756	64.6804728448282	18.23518108162902	37.38	3.0	3.0409000000000015	0.48986519687045804	0.0010480172097187973	0.9465834266294885	0.8774385858867699	inactive
12.36477843915344	0.0034314023963490925	-0.055444696397077164	0.8542764833010624	13.952380952380953	299.757	1.0952380952380953	2.4697700162680944	1.7642147398234362	73744.86291574904	70.2439243365252	23.135090812479497	37.38	3.0	3.1076000000000024	0.6655160446282246	0.0015070318224836882	0.9687802267948417	0.7310415444398828	inactive
12.558825585789872	0.024567901234567868	-0.5109154453962657	0.9264181520943213	17.428571428571427	301.77299999999997	1.2380952380952381	2.459284810742006	1.8460001792214455	72278.38058770756	64.6804728448282	23.66242991785309	40.540000000000006	3.0	2.832700000000001	0.5032515086391345	0.0010116380091260589	0.8866168944573879	0.8154767414565043	inactive
11.946211262282691	0.06388888888888844	-0.1977721088435378	0.874255122903105	11.823529411764707	227.267	1.1764705882352942	2.397945715822048	2.0633456699748876	10090.555572179177	54.61629405199574	15.875136771245923	54.88	2.0	2.2188	0.44065624376729434	0.0016826102400814627	0.9228074942845911	1.0476378333608822	inactive
11.946211262282691	0.06388888888888844	-0.1977721088435378	0.874255122903105	11.823529411764707	227.267	1.1764705882352942	2.397945715822048	2.0633456699748876	10090.555572179177	54.61629405199574	15.875136771245923	54.88	2.0	2.2188	0.5904429559111751	0.002400277962193329	0.9694756334263835	0.9190234216111653	inactive
11.946211262282691	0.06388888888888844	-0.1977721088435378	0.874255122903105	11.823529411764707	227.267	1.1764705882352942	2.397945715822048	2.0633456699748876	10090.555572179177	54.61629405199574	15.875136771245923	54.88	2.0	2.2188	0.43044301035496013	0.001645495193277054	0.9176216002503318	1.0429772669347561	inactive
13.313882660044936	0.06828706961331221	-3.7515780339339577	0.7723492256254192	16.115384615384617	374.4370000000001	0.9615384615384616	2.668168022935859	1.617502653151247	814410.2619767581	72.05399605573128	49.70912805947745	57.690000000000005	3.0	2.3720000000000008	0.38079621319325124	0.000425840005821452	0.8265834324320102	1.055559366560356	inactive
13.069922891996306	0.05847316704459504	-3.6901851851851837	0.8201080572884196	18.61111111111111	271.31300000000005	1.1666666666666667	2.541788003732993	2.2768026430004022	11976.905073589864	30.082689114892336	31.59577073381526	54.45	2.0	1.5694000000000004	0.43174791957407177	0.0015237141076314788	0.9487648647727875	0.7554178157817019	inactive
12.989675978416058	0.06310279667422458	-3.666851851851851	0.7990693610869555	18.294117647058822	257.286	1.1764705882352942	2.29394076925478	2.2737583285410707	6872.646544687321	30.082689114892336	31.59577073381526	54.45	2.0	1.1793000000000002	0.11063294790413444	0.0010602411624822158	0.8517047685577873	0.9916036013244554	inactive
11.980046296296297	0.14595332577475517	-3.3425	0.7837613243212523	19.333333333333332	245.325	1.2666666666666666	2.712862831414706	2.204125251612493	3765.4536100036116	17.512796907389134	31.59577073381526	54.45	2.0	1.1017000000000003	0.36050311479330927	0.001722759945998273	0.9024320559622196	0.7617006348588536	inactive
13.131467547303586	0.0685210905349789	-3.71084762377173	0.7772420950708316	16.95	298.3390000000001	1.25	2.4628577967794945	2.1330948600313064	30450.77379938167	42.73764490532471	49.70912805947745	57.690000000000005	2.0	0.8446	0.10832878362919912	0.0005030975753089584	0.7104836980326775	1.1634288074657366	inactive
12.132824074074074	0.1563699924414219	-3.3658333333333323	0.8083149487604369	19.625	259.35200000000003	1.25	2.6849130437939106	2.208587586479221	5453.058391945432	17.512796907389134	31.59577073381526	54.45	2.0	1.4918000000000002	0.17921551353657544	0.0011736519281642477	0.8814842506533807	1.0535570376225651	inactive
12.207138290501387	0.14984113861593973	-3.3864957719198787	0.7711438315262026	17.666666666666668	286.3780000000001	1.3333333333333333	2.9230063332936917	2.0637500504072035	16742.980277106268	30.167752697821513	49.70912805947745	57.690000000000005	2.0	0.767	0.3591718199968576	0.0010873793870699012	0.8907229922754926	0.9001499577050998	inactive
12.198313492063493	0.14354371378180875	-0.14354371378180875	0.8042239506520825	10.636363636363637	315.76	1.3181818181818181	2.9007716769507796	1.8234324182344632	147663.78221517944	59.24749785628266	22.40165039783804	55.629999999999995	3.0	3.177500000000001	0.42931916717555874	0.0008125010743926265	0.8680063115161599	0.9479421445580873	inactive
12.93931319286974	0.03247748173343368	-0.26406827391450416	0.8827758555732642	21.2	357.84100000000007	1.28	3.049961688509353	1.606621694726501	882000.1209298887	52.30577613744329	24.54571219748882	63.25	4.0	3.446500000000002	0.3576759742298265	0.0005087074258425546	0.8089923190448584	0.9318422648496708	inactive
12.335610512723608	0.15577863861593966	-3.44834762377173	0.7660758391367819	17.157894736842106	280.3490000000001	1.105263157894737	2.472023058111333	2.0949521781203746	21872.460018169077	42.98679113274043	49.70912805947745	57.690000000000005	2.0	0.7055	0.4279481470519408	0.0013482971073828058	0.9574464102989722	0.7514700451735782	inactive
12.350916635172588	0.13930248488284236	-3.5516639503023417	0.8089289961618034	18.8	316.4040000000001	0.9	2.4804411392116297	2.1367272922327025	29487.484262947855	42.318823116561205	51.62505157490064	74.76	2.0	0.4661999999999997	0.45256931301058245	0.001066590610119698	0.929996387168746	1.1255354353385525	inactive
12.312386463844796	0.17449924414210116	-0.2377560112913646	0.5995709351707056	11.208333333333334	340.3680000000001	1.2916666666666667	3.216812652458927	1.5685620085591523	583658.4876621477	57.84498769104911	30.056316120953937	94.18	4.0	0.9677000000000002	0.5802144632753479	0.0008357475988989857	0.9246538048100639	0.8697783140052127	inactive
4.452590328265487	0.5549792139077855	0.5549792139077855	0.7355418959513029	19.28	336.44300000000004	1.12	3.0111364278317496	1.5463688006351388	862558.0965709717	53.98290197207966	50.158056521547245	49.56	4.0	2.53352	0.5499524595324033	0.000970578573333318	0.9133908548720437	0.9413599423662078	inactive
12.86165658856135	0.0682582199546482	-0.0682582199546482	0.5823781816626225	11.041666666666666	317.35200000000003	1.0833333333333333	3.034644372148196	1.662458764384725	614994.9591708091	72.31247968061597	37.436798186690254	63.39000000000001	4.0	2.5497000000000005	0.12929141591943247	0.0004475143957732766	0.6825927431155359	1.0331372008129012	inactive
5.326761190982872	0.4049034706475181	0.4049034706475181	0.6165956532169674	11.0	307.31700000000006	1.0	3.19161075989063	1.6406291036782237	427714.14115446305	54.246017323283084	30.00880693512081	94.03	4.0	2.0948199999999995	0.19508543779771811	0.0006442227026568835	0.8841295172916571	1.3684405997716018	inactive
12.257553382464096	0.1956802721088431	-0.1956802721088431	0.5936442959934726	11.285714285714286	363.20000000000005	1.2380952380952381	3.156329808772039	1.6406938320776423	140844.9050568347	46.661404642363635	29.66050450471672	76.59	4.0	2.4533000000000005	0.7417425807321565	0.0012595168808917242	0.9048631788504921	9.067434178299963e-06	inactive
12.378746317231617	0.045187179810196154	-0.17600445116318153	0.5856796520238692	12.36	335.3670000000001	1.24	3.2257936685546356	1.3919804512778615	1010515.3504050937	60.55218461730588	32.86242861256825	84.46000000000001	4.0	2.7059000000000006	0.2657792117779472	0.0004159562987916386	0.6952057147770643	0.7300897884452986	inactive
12.564191546989166	0.04107998446292083	-3.943737363000754	0.5631589093970716	11.88	354.3670000000001	1.12	2.8816436160790957	1.7384976368694456	640332.909572552	70.00047499005933	17.9688751530675	96.27	4.0	3.073800000000001	0.20158410266044344	0.0003271671216682574	0.6543164588394197	0.8249075367663213	inactive
12.66247937137818	0.053880385487527827	-0.053880385487527827	0.576548994255886	11.25	337.408	1.2083333333333333	3.164534406118808	1.5749344736109463	555182.7516750776	53.03564466778103	37.83260980292747	63.910000000000004	4.0	2.850200000000001	0.2942951486677521	0.0005091784173745342	0.7683284013096778	0.7792048826038126	inactive
12.476046941924919	0.1319430272108839	-0.1319430272108839	0.6295659062022803	11.391304347826088	325.39700000000005	1.3478260869565217	3.174058002922821	1.6023093930703658	333898.2056754691	58.61808659531927	24.905932558477165	63.7	4.0	2.5903400000000003	0.38257939772342264	0.0005927524973987065	0.7974429821506064	0.7190487342682216	inactive
12.488066893424035	0.1978339947089951	-0.7067412551440329	0.5936966022875311	11.090909090909092	292.27400000000006	1.1363636363636365	3.115696719709325	1.777823769588207	227838.43832546409	64.77546454884262	10.891158250298714	89.2	4.0	2.4837999999999996	0.4266400541096234	0.0010819012260835084	0.9321666981082365	1.1009400525252042	inactive
5.997691744716455	0.3490761736793482	0.3490761736793482	0.5758609440461024	18.96	333.39500000000004	1.2	3.2649193989099996	1.3672663970431098	1613350.1262131797	60.637494477173114	37.34205271177905	59.46000000000001	5.0	3.2501000000000015	0.5612335718062118	0.0009467214646554326	0.9454053015210259	1.0399933012242277	inactive
11.290193466444888	0.001010959939531375	-0.4442763979380142	0.625002251598456	12.583333333333334	317.3520000000001	1.0833333333333333	2.9387705508565234	1.7247801548506771	481876.08476504585	64.33670605120349	9.967957041894417	83.08000000000001	4.0	2.5391200000000005	0.42585147092448894	0.0009379008672503709	0.9311073994426988	1.127283102127418	inactive
12.719719230284706	0.09717051944234445	-4.0355228410808754	0.5298691108656788	11.92	393.86100000000005	1.32	3.219398647247824	1.735243681991706	724081.3885498026	52.044899372034855	32.56693337593137	96.25	4.0	3.238800000000002	0.35569523769139466	0.0005549113551808715	0.8888958183384411	1.1951871375436496	inactive
5.124998637021301	0.5674902902573842	0.5674902902573842	0.6161111929207109	11.083333333333334	321.34400000000005	1.2083333333333333	3.196050157902864	1.4854378684301441	627755.3878146489	47.78605840046658	30.34789671282861	94.55000000000001	4.0	2.3338200000000002	0.48848341064565787	0.0007580427355390823	0.8810518051573438	0.9858663829401157	inactive
4.656544994541026	0.2101785714285711	0.2101785714285711	0.6219144646985614	12.772727272727273	311.374	1.2272727272727273	3.1132019124266277	1.4986350809297422	241232.6765882021	41.405826107622424	36.280054338976434	80.89	4.0	2.1720999999999995	0.40877347973346345	0.0008039444934877274	0.892298897868337	1.0679775955709612	inactive
12.642719513731418	0.23306169690098222	-0.23306169690098222	0.6256110147142288	10.96	332.367	1.16	3.19398828661993	1.7933722801425385	905099.6247092093	66.3765891153058	30.056316120953937	77.11	4.0	2.6905200000000002	0.2603333682211436	0.0003813677620920534	0.7004589081801523	0.780267930479996	inactive
12.668462144116907	0.16389020114218544	-0.34701026706979143	0.6214305558346795	12.583333333333334	340.77400000000006	1.0833333333333333	3.1419014118711295	1.6676754362748911	561131.0245545362	65.46333186373698	29.889911079424376	76.59	4.0	2.5214000000000008	0.38053921157000964	0.0006001708164009267	0.8286471844287145	0.9243807486805027	inactive
12.610709377886959	0.27086831800621525	-0.6297514883315196	0.6167761031666019	12.36	333.3270000000001	1.2	2.9977414421225634	1.6300558150260858	821219.2771037078	70.59986904684256	15.875136771245923	99.19000000000001	4.0	2.1844	0.386508614343369	0.0006557311379992461	0.884309056566493	1.1712016510468082	inactive
12.416510298563871	0.20348172293608768	-0.20348172293608768	0.6229875665860581	11.083333333333334	338.396	1.2916666666666667	3.2471408107510578	1.553278599039115	539139.0245130518	53.55755068038689	30.056316120953937	77.11	4.0	2.752020000000001	0.7138082358563581	0.0011717170457629044	0.964001332314565	0.963162442442037	inactive
12.400395093222475	0.12533341731754466	-0.46363185729347367	0.6845505646809585	12.304347826086957	376.19400000000013	1.391304347826087	2.9479916386495186	1.89843032387856	202273.49829429807	56.56520536280246	25.489216473162585	103.35	3.0	1.0036199999999997	0.589545174633297	0.0008690197574703149	0.9705544607375441	1.0250956394962256	inactive
13.322178505370939	0.18307586923658303	-0.3341206573308846	0.6282510637153874	11.391304347826088	329.36	1.434782608695652	3.185567764188992	1.588981817261904	326383.71641551156	47.48399995497125	24.84293102529907	64.22	4.0	2.6028000000000002	0.6246437293959894	0.001137532237621796	0.9578274938430388	0.9020180212442409	inactive
12.577403995548837	0.11863558669565122	-0.33336125808348016	0.6066918713655948	11.12	332.34300000000013	1.2	2.980946391422761	1.71345547485725	697150.9516156497	69.90015754290049	20.505237952215374	90.46000000000001	4.0	2.0690399999999998	0.598641776240545	0.000935557158463474	0.8858525637040233	0.5744311100910268	inactive
12.466441822766296	0.06558466892521686	-0.06558466892521686	0.6260607455458352	11.32	333.3950000000001	1.04	3.048005253083835	1.8017545667976864	794087.6645701723	69.76968103974902	19.165157870655225	64.22	4.0	2.8101400000000014	0.3192800896525104	0.0006872662043893846	0.9183603298402432	1.2996777054921864	inactive
12.447128054925674	0.08342062316227028	-0.2237211829176109	0.6171643639936183	10.833333333333334	314.324	1.0	2.611823267554196	1.659784439167492	477767.7712173513	82.90824633020146	10.891158250298714	73.16	4.0	2.957700000000001	0.786293287923881	0.0019730010272693164	0.9963885196267972	0.836335357722284	inactive
12.301313145628622	0.3873644179894178	-0.3873644179894178	0.5327300991117093	11.75	312.33200000000005	1.0416666666666667	2.6532757906058513	1.6727888840783476	562398.9496799787	89.40383116495596	10.891158250298714	70.52000000000001	4.0	3.3750000000000018	0.27606092200982935	0.000582137700985285	0.805027625118146	1.0982084549427014	inactive
12.419138636936253	0.251671810699589	-0.5302517951625092	0.43477479175303885	11.16	355.7490000000001	1.44	3.167153885812515	1.6643708429668382	792485.2453080075	40.16585840908493	35.96768841864805	126.68	4.0	1.7665199999999994	0.10195242567026351	0.0004974270840478285	0.8317122485158923	0.9389126722427633	inactive
12.211844608213655	0.2885246598639455	-0.2885246598639455	0.624550664335017	10.909090909090908	328.38200000000006	1.2272727272727273	3.229934454987031	1.554152736065734	266611.70965244947	47.73314618238697	30.702601568817446	85.07000000000001	4.0	2.5616000000000003	0.7490553753809092	0.0015332743504574827	0.9483693764371339	0.34942063941616813	inactive
12.322101088120434	0.19048404707766164	-0.3551573129251697	0.7753508460138601	10.363636363636363	357.171	1.4090909090909092	2.9061900941533216	1.8728069346649365	148698.12235744885	52.51973092260194	25.489216473162582	95.97	3.0	2.2051799999999995	0.7090115962615899	0.0011542729420506198	0.914147499218553	0.278667416107142	inactive
12.25581994834971	0.30915862222860824	-0.44435989628991	0.5647825442845092	10.833333333333334	317.308	1.2083333333333333	3.0646922260479776	1.5886632465995902	581896.1776519555	65.8474995112648	20.85911529219313	107.83000000000001	4.0	2.7257000000000007	0.07700894204396873	0.0005802769981353916	0.8504035814913877	1.0189358832940738	inactive
12.17935405643739	0.11115945452254938	-0.11115945452254938	0.7981860574755895	10.409090909090908	311.772	1.1363636363636365	2.9580867910631454	1.7412139267407507	167557.86819298082	77.70755206797045	15.458257898090068	46.92	3.0	3.706900000000002	0.21298073306728377	0.0007639568352841734	0.9138956025435915	1.0250188188108686	inactive
11.105628566908399	0.3928817082388514	-0.48711212503826107	0.7082223074855837	10.523809523809524	316.773	1.0476190476190477	2.8048078010963104	1.7653939345336216	82349.15704018768	57.971483375247885	5.112436884724758	69.33000000000001	3.0	2.5767000000000007	0.6843631016286339	0.001318478900833837	0.898711312602976	0.4042387307384961	inactive
12.573411297229839	0.0665048899112759	-0.5154797415840433	0.43938677231305484	13.225806451612904	432.5490000000001	1.032258064516129	3.4235937906451546	1.4540505441889275	16294457.702823987	86.465697145991	12.45193613526408	86.4	4.0	4.007100000000002	0.39073169434816013	0.00032843089836841335	0.8029831227818143	0.976611145969665	inactive
12.542999697596107	0.24107916327432988	0.24107916327432988	0.667536597075396	15.333333333333334	360.4810000000001	1.0	3.1455493987479777	1.2109804506703092	2891942.6240233206	65.98515960585141	28.880580792974342	47.300000000000004	4.0	3.996000000000003	0.20106204521247703	0.00030609166330817724	0.730178271322726	1.2335911342938126	inactive
13.167316477146922	0.09906439114380472	-0.44814036095511534	0.5526712076563006	11.793103448275861	415.8810000000001	1.1379310344827587	3.18405863184171	2.134220313058218	3940033.752506728	61.0111266619192	34.79938142993669	86.46	4.0	2.09966	0.6045883206156183	0.0006708681231806096	0.9060646437398058	0.732801803890117	inactive
12.942050946921977	0.15729442239858904	-0.6784906987486357	0.6554389288717232	16.357142857142858	444.3290000000003	1.0357142857142858	2.7153950680060013	1.686462940921426	3133218.3379102205	63.357460142649124	58.73892140364926	67.59	4.0	2.5191	0.3538327142621942	0.0004541468651820151	0.9282835179024491	1.2826871268707751	inactive
12.891154166576854	0.25062062293931064	-0.5952950555724519	0.6143088249990822	11.041666666666666	340.35900000000004	1.2083333333333333	3.1865650894389903	1.5222072161246352	589374.3326822779	69.77590458874135	4.9839785209472085	69.23	4.0	3.624900000000002	0.6900699711218835	0.0011609874395892051	0.9762198306268818	0.8392890434973168	inactive
4.863962158172115	0.973919808097228	0.973919808097228	0.7338742936859728	15.68	332.45100000000014	0.84	2.618940549089455	1.455861057323346	750577.8856068414	65.35176752593533	41.046892396395194	32.260000000000005	4.0	3.5688400000000025	0.3439698272543186	0.0005062773603586523	0.7425734589858057	0.6895550966344625	inactive
12.434084309649787	0.04943709799499829	-0.5133639161160943	0.7450264726210652	13.56	336.3950000000001	1.04	2.9392457452562097	1.6683441972597979	502325.915601522	64.07575304490057	11.949020558499466	86.4	3.0	2.10062	0.6107540915175854	0.0009943408289912069	0.937534214869748	1.0045695966353159	inactive
12.038274054622358	0.06388272129839656	0.06388272129839656	0.6969341045181194	15.863636363636363	293.3700000000001	1.4090909090909092	2.990353766573661	1.750568183398776	186466.4994684672	60.469973306015774	33.864559313921546	48.99	3.0	3.310900000000002	0.699298342892261	0.0013321061157485724	0.9119634764095212	0.5353903985561419	inactive
5.175617562235077	0.8310164714033762	0.8310164714033762	0.7984107894376086	16.285714285714285	279.343	1.2380952380952381	3.1731221709130137	1.5367902423796778	186071.88410233913	60.12524150293952	28.130064320748282	45.06	4.0	3.4452000000000016	0.3084871604112362	0.000977547884314211	0.9075008826480346	1.0605663538103172	inactive
12.352533313881619	0.30968209351641884	-0.30968209351641884	0.6107611118936898	11.28	350.42700000000013	1.28	3.2743696759121055	1.8681793515410718	1043587.4568886508	51.51766761628457	20.05061737114266	85.63000000000001	4.0	3.1906000000000017	0.5352393674268111	0.0007556268897986778	0.8291316497975965	0.5370279698927857	inactive
14.065917781185743	0.24279130374729263	-0.9183195021835893	0.7899346519677591	15.75	334.32600000000014	1.2916666666666667	2.9003510597725484	1.6051459548339457	249624.5146614439	51.70567945944884	17.43591465621129	87.25999999999999	3.0	0.8051000000000001	0.33799656523771604	0.0005125330952720785	0.810285235786604	0.9657364188601433	inactive
9.589380497582157	0.704059503941358	0.704059503941358	0.6368900661556405	17.291666666666668	333.4600000000001	1.375	3.0806057242504736	1.7650084235632906	535230.5997427258	51.526897937487185	11.198579100482526	51.94	4.0	5.284900000000004	0.5442523533657572	0.0008553136822520083	0.8686243702350345	0.6249012492078755	inactive
12.826224112734703	0.12549692407827373	-0.3328941044512619	0.7942028999655415	16.130434782608695	339.4360000000001	1.1304347826086956	2.7402654880781845	1.7243931409822968	147568.7770639864	30.082689114892332	60.090814556713624	66.64000000000001	2.0	1.3274999999999997	0.6261612626631643	0.0009581238501749843	0.9357278112068818	0.8875576959948388	inactive
13.045663087758875	0.1340278137834059	-1.0449528575778715	0.7700539606048503	10.695652173913043	316.26700000000005	1.0	2.879612635797147	1.6262739582832813	198448.5047959604	64.08037616683374	6.031114512338072	86.4	3.0	1.7143000000000002	0.6507164813617683	0.001124948803657887	0.9306923999601169	0.8440151936263649	inactive
11.823496752899711	0.10686626039304614	-0.7669777579743993	0.6614648006343905	10.4	335.339	0.92	2.6346386770803503	1.5860081835135165	557616.006726702	93.26205040932533	10.536404935743203	79.47000000000001	3.0	1.5760999999999998	0.41110591986248407	0.0006000575411540138	0.8482030060176128	1.0179184824459295	inactive
10.692036280653184	0.18811686576477338	-1.1583026433897443	0.7446010796289197	10.727272727272727	311.366	1.2272727272727273	3.1813353793139743	1.5967321914592612	195671.21384008531	64.66546322793964	11.067987096252887	79.14999999999999	3.0	1.4205999999999996	0.4755047026720472	0.0008051308477063197	0.8950169079191388	0.9918030797019176	inactive
13.451655320989737	0.21389943940539213	-4.447028763984933	0.8255998103086036	20.85185185185185	381.378	1.2222222222222223	2.8775284232035125	1.8339503972168614	1090330.0498928893	52.20397191428027	21.61480201459186	78.09	3.0	2.452	0.07814622264576683	0.00036523065100281326	0.8044079830932004	1.2371043740418217	inactive
12.498690721289023	0.11522531389098911	-0.25506616840720286	0.8759140166774033	24.125	327.38400000000007	1.2916666666666667	3.321389081301382	1.3876625280063604	690476.9333335817	30.089872771846366	46.94366214315094	75.29	4.0	2.078	0.5853471080947747	0.0011011708827387964	0.9261845274829229	0.7489970749595555	inactive
4.3044425513292754	0.6731867283950621	0.6731867283950621	0.7944262721332375	10.571428571428571	277.35099999999994	1.0476190476190477	2.9340978079999167	1.7619219284379448	104069.51515194905	65.4822440290868	10.082660329248245	51.910000000000004	3.0	3.329740000000001	0.29947972918833066	0.0006432787666894644	0.7514187555407171	0.8538481839205092	inactive
12.807280119887512	0.04511976729779721	0.04511976729779721	0.8331601333643838	22.423076923076923	354.45800000000014	1.0384615384615385	2.6758545417257804	1.4226980029070575	1222769.1948051795	24.526421280149375	75.4663984417529	65.46000000000001	4.0	1.5462	0.5739355866793856	0.0008707633312819839	0.9071012222395224	0.944575926694826	inactive
12.284260125346435	0.05904758174058311	-0.3524641119329075	0.9044520548379081	18.5	299.374	1.3636363636363635	2.9325229234205716	1.5632300658267777	157268.27186012184	36.02576333715651	40.82960135147381	65.2	3.0	1.8374999999999997	0.4254669529063848	0.0009629859983696528	0.884795821573247	0.9809242405120487	inactive
12.619221623834719	0.02490419032626856	-0.08029389224825745	0.9259899061380821	21.12	339.4190000000002	1.16	3.3796559464163365	1.4136938972888287	1145318.0850572465	30.089872771846366	34.78776052232585	76.4	4.0	2.1618999999999993	0.20771093550181105	0.00046977074507606844	0.810917027967773	1.209295233641995	inactive
12.174665847820611	0.1791746451667089	-0.3536078042328039	0.5616383840785599	11.136363636363637	327.75600000000003	1.1818181818181819	3.1665870318180227	1.9325351124068548	240514.9514147061	52.03559280993774	15.181342137549283	83.94000000000001	4.0	2.3483	0.5615145603865468	0.0009134949089234669	0.8400996311439801	0.2096551384978897	inactive
4.681909407281431	0.7132637687255288	0.7132637687255288	0.7243191559685124	17.73913043478261	325.44100000000014	1.173913043478261	3.2539617343433207	1.5558668035753318	519332.292801194	34.4830948246243	26.063791616545554	46.84	5.0	3.4022400000000026	0.5288635681613068	0.0010992096820213934	0.9397403202116968	0.9314727405381384	inactive
12.392199782690852	0.03515873015872972	-0.2232663034349538	0.5828558258431203	12.0	342.4020000000001	1.0384615384615385	3.135182684054309	1.649522083513655	1923848.4207816138	96.20550888084925	27.403871698105704	70.67	4.0	3.519800000000002	0.49782062619510586	0.0008201184559644269	0.9143992848146796	1.054442848757311	inactive
12.452500551146384	0.27142526455026417	-0.40821624650268196	0.7669547558477355	13.166666666666666	322.348	1.2916666666666667	3.1829241183256314	1.4838048267659523	605637.2524626461	47.5440958300049	32.20037792060472	95.76	4.0	0.8185999999999993	0.37404644921030955	0.0007055979806143803	0.8324175390581012	0.7799578077793738	inactive
12.134367922725156	0.13070872176030934	-0.4718686901222078	0.7623531587917066	21.304347826086957	316.40500000000003	1.3478260869565217	2.985838371731907	1.5685456899747554	210758.38730706836	35.392371257240434	48.05323927180908	73.47	3.0	0.6209000000000013	0.552955965405601	0.0010628212396265643	0.9105817357819223	0.9320430970008532	inactive
6.126441833935219	0.13412037037037017	0.13412037037037017	0.902563815929657	17.72222222222222	261.712	1.2222222222222223	2.412176172406858	1.9007573857976228	21921.857054833526	47.245240222510915	16.574839006407334	47.04	3.0	3.0657000000000005	0.6143061853209459	0.001943927162043537	0.9081832110523531	0.592431196910168	inactive
4.63020696307368	0.37750050210613917	0.37750050210613917	0.8277086402960889	17.652173913043477	318.4290000000001	1.3478260869565217	3.162954309510279	1.564228456040109	274310.37544658844	17.47321349399978	41.01355902829735	86.34	3.0	1.2926999999999993	0.4603748747664406	0.0008316541265403952	0.8773271740450903	0.9368427473084419	inactive
12.935929547745024	0.34327239229024986	0.34327239229024986	0.9043040743180194	24.44	339.483	1.16	3.3685789675660964	1.4151692323172882	1181481.9127682624	36.02576333715651	52.40892858803332	39.34	4.0	3.575800000000002	0.3869000487001407	0.0006881090204389651	0.9032846083465237	1.1496005265208138	inactive
6.1714474975192255	0.5558191172559557	0.5558191172559557	0.8631613737820151	18.0	315.249	1.368421052631579	3.0553263993060504	1.5717184543468745	43996.70015000713	38.25961522657301	23.088104350976668	30.230000000000004	3.0	3.7867000000000033	0.5427938341028036	0.0011675710692451752	0.8992638029545353	0.8986732675629562	inactive
12.703750472411185	0.06373241580582789	0.06373241580582789	0.7875109688684745	12.26086956521739	308.385	1.2608695652173914	2.993923840881002	1.7908164661557264	278878.01793038356	60.17974554369273	32.8066970057208	61.88	3.0	3.110100000000001	0.06427179360027284	0.0004629819908318829	0.7405206723133627	1.3499495100686836	inactive
12.35898538353715	0.0157702477863908	-0.0157702477863908	0.9345475481933179	17.44	336.439	1.12	3.061576298479963	1.281100612134505	1078556.5910389093	54.35534104569281	42.094028387786054	48.470000000000006	4.0	3.388200000000002	0.30588588670110817	0.0005080033875590977	0.7923747269472697	0.9291315865130809	inactive
13.249043039175163	0.054263878390861775	-0.8001678011909787	0.8102546587890298	14.0	304.27200000000005	1.1363636363636365	2.668431731126933	1.88123677847846	109544.45942622286	59.159547076255436	23.958727830627478	52.6	3.0	2.0732	0.19738842076851498	0.0005920170198694901	0.7784456493328219	0.8907834997453011	inactive
13.148854875283444	0.17630196523053732	-0.2111895313681036	0.8589393400193418	19.125	323.44000000000005	1.2083333333333333	2.633854244847999	1.8941656034989514	350450.11040249537	59.1739143901635	27.319802908008974	46.09	3.0	3.9507400000000032	0.4832635698028008	0.0010572171744030836	0.9362266864264414	0.9728233719996476	inactive
12.578226647140337	0.04062935668094436	-1.0379576601993075	0.8972646724970943	19.48	339.4150000000001	1.24	2.6165788856591012	1.676487521894199	519458.93985435873	48.02802097092827	41.9495892182749	72.47	3.0	1.5625000000000002	0.6123475637218726	0.0009399876278246891	0.9569750536980781	1.0647160669778517	inactive
14.337285997732426	0.0010714412338486135	-0.4828273809523804	0.9262248039661909	17.772727272727273	298.361	1.1818181818181819	2.937086519874091	1.8576494600776334	138736.21885277258	59.40869330367116	29.938443101175096	46.33	3.0	2.9743200000000014	0.6029823251876861	0.0012379330069731077	0.916652167868814	0.7583406551751662	inactive
12.990310216679262	0.06988992819350015	0.06988992819350015	0.7883653955081485	18.25	323.4000000000001	1.375	3.169700545955164	1.595851513972045	568964.4176994979	47.5440958300049	43.64504405736777	66.81	4.0	2.8535400000000006	0.39404520860074566	0.0007748107233851042	0.878957749094375	0.9077010264459414	inactive
13.613894242882338	0.05121556647350323	-4.048626936885862	0.47025529826997986	11.7	443.8870000000001	1.0	3.080913351267534	1.8798685351073365	6287774.440334884	93.11470840507263	8.417796984328938	82.65	4.0	3.610820000000003	0.2122208378534219	0.00019169950167895197	0.6689795627343983	1.05348547213137	inactive
12.783738977072309	0.0691548563869997	0.0691548563869997	0.864526666711322	21.25	324.408	1.125	3.348633061450644	1.4430786951412924	817294.1740421358	41.85016783515644	47.068775413100525	63.43000000000001	4.0	2.0538	0.7179536752444771	0.0014380996004945763	0.9798446515800296	0.9310245177712629	inactive
12.425341605778113	0.0960000419921061	0.0960000419921061	0.8368653772943887	16.19047619047619	348.2240000000001	1.2380952380952381	2.940386162450128	1.6251605911545668	97338.54352174904	45.9504482773757	34.09396588862921	60.190000000000005	3.0	2.5245200000000008	0.5955394017331286	0.001027887038528663	0.9455559990904613	1.0051138677082083	inactive
12.707919737339381	0.036688266355925814	-0.11296485260771005	0.7952291580168486	16.0	338.40700000000015	1.04	2.679742498923233	1.7643619736290252	698876.8437191792	65.72420659954848	25.531038964493465	67.43	3.0	3.1526000000000014	0.42471929393614094	0.0006068680630960836	0.8436069927844945	0.9686931289458778	inactive
12.225219076458252	0.3053137860082298	-1.0543843225293894	0.6803597609262376	14.74074074074074	369.3770000000002	1.0740740740740742	2.6623413482842175	1.4582353107003416	1297731.666807659	68.49366655871424	36.4727895244919	108.94999999999999	3.0	-0.04049999999999976	0.2995353648791419	0.00029822291179344435	0.6984784030795596	0.722861097964621	inactive
12.294824420508945	0.03462418844824611	-0.7270664631784751	0.6861012628298311	14.666666666666666	328.3280000000001	1.0833333333333333	2.578346736439861	1.619638621413998	306637.6206713198	57.36676357532025	41.553214731643635	99.78	3.0	-1.4118999999999977	0.2468872461173492	0.0004988953523698042	0.744261539913896	0.9472534444779349	inactive
13.545454109916593	0.35403292181069923	-1.1732591764896958	0.8069008319257547	10.454545454545455	299.26000000000005	1.0909090909090908	3.0482945486038666	1.7828424659202793	168034.18869723953	65.98978272778459	16.10454334595358	68.98	3.0	2.6313000000000004	0.7936465006426223	0.002275099339530204	0.9707859499566884	0.7436934137407569	inactive
13.949130620261574	0.03780423280423273	-0.23851382824326572	0.6446430995766858	16.77777777777778	369.4440000000002	1.2962962962962963	3.0991971445963284	1.5225572602479591	2304761.345339084	53.733755744663945	39.25194215725578	77.07000000000001	4.0	2.908900000000001	0.11296904944503845	0.0005149373507090554	0.920180599714568	1.3244796300960424	inactive
13.358297377593013	0.1390377135957943	-0.38590891912320546	0.4532378906857432	15.32258064516129	426.50100000000015	1.096774193548387	3.342574633684483	1.6567689575440805	23647619.168837868	95.44164029778172	27.145518972961632	83.25	5.0	3.641700000000003	0.22845832471273747	0.00027108079346967477	0.7178767326670853	1.0124619101003576	inactive
13.436887652724593	0.279495119545625	-3.811377171226107	0.6672581818782071	17.5	444.55800000000016	1.1666666666666667	3.258659914273533	1.6201197880865825	5817040.330289513	56.68968959852717	31.216789940037213	97.65	4.0	2.935760000000001	0.622629013961547	0.0006190035433173792	0.9352376885357463	0.9265749610001597	inactive
12.180700113378684	0.05842377383052	-0.6742479213907784	0.3996385852121705	10.44	339.307	1.2	2.6484109144985646	1.787649627325495	538000.8415821529	70.03311080615538	27.970370919941466	104.45000000000002	3.0	2.903600000000001	0.44760375601504987	0.0006056850559609488	0.8421345172619418	0.8724182210527427	inactive
12.872017195767196	0.027093673889309278	-0.4464279719131812	0.8045558907790921	19.928571428571427	380.4520000000001	1.0	2.7356881675641884	1.3843844199867545	3268862.8486697786	53.8524254689282	70.34775882100922	95.66	4.0	0.037400000000000544	0.33742058022933796	0.0004581827777991101	0.84140602399155	1.0397962906361742	inactive
12.650100833543291	0.050738623638756364	0.050738623638756364	0.4421042761275172	11.416666666666666	355.83	1.375	3.1116297939966477	1.576306295927387	518378.8539010775	52.80869171420791	26.48803411595335	72.74000000000001	4.0	4.005120000000002	0.2670177680346558	0.0005597471661927535	0.8225996996140086	1.1459007961515573	inactive
12.703106497228521	0.18672671537750918	-0.5815930886243388	0.5666457308220577	15.52	333.387	1.0	3.037515350941793	1.490137884151585	740935.0445245297	71.92105017116157	23.343410719776916	59.160000000000004	4.0	4.0157000000000025	0.18293978517123588	0.0005258754942122932	0.8580597258270275	1.3177392234310423	inactive
12.37472755871896	0.18827055513563495	-0.440274943310657	0.6331957505648432	15.434782608695652	332.7670000000001	1.3043478260869565	3.058198489811116	1.7012030072771456	275188.93290716346	41.048396650897836	41.57147133279293	73.6	3.0	2.1368	0.38467645494630265	0.0004912473294709696	0.7771908345229753	0.8755515574988718	inactive
13.030372820054456	0.05306308329347775	-3.912348736562526	0.4961228103550499	15.448275862068966	432.88900000000024	1.3448275862068966	3.1354954123861	1.6463334158291305	4364810.285747844	68.99903008980736	40.70379387816241	109.20000000000002	4.0	3.9109200000000026	0.592951582343693	0.0005937668940351527	0.9370053267017239	0.7283108458693346	inactive
12.996536753590323	0.046252834467120696	0.046252834467120696	0.8421987514967777	27.869565217391305	314.36500000000007	1.434782608695652	3.073749013811934	1.600225106601026	391023.9070430714	30.089872771846366	54.30227749749679	65.76	4.0	1.6004999999999998	0.24907161323197366	0.0006328143907786886	0.8295465685353369	1.129947586893969	inactive
12.574011243386243	0.009160525321239898	-0.4825434618291762	0.610547458425796	11.041666666666666	336.3760000000001	1.2083333333333333	2.972633633544803	1.7797348937198005	521019.4422186647	69.7167688216694	20.275831377507718	76.36	4.0	2.8649199999999997	0.5881404658667821	0.0011705895409492638	0.9893800857124468	0.9850467402434008	inactive
13.360503790051396	0.3202484882842025	-0.3780515593646909	0.6235779110028146	10.96	336.33000000000004	1.2	3.2384470859688395	1.7091229954643472	948026.238393604	66.36940545835179	30.2227211624835	77.63000000000001	4.0	2.5454	0.5329647915599971	0.0008464416469089952	0.9138154515974297	0.9567342261055821	inactive
12.363560230676633	0.19086238662131527	-0.5553645467251302	0.5999986566223368	11.208333333333334	338.7540000000001	1.2083333333333333	3.1026121601046412	1.603371886547598	496920.56878667953	63.66541137009635	10.891158250298714	90.16	4.0	2.4303	0.21532464493809042	0.0004939001529546958	0.8641022057517999	1.2100433793541634	inactive
13.060184564901167	0.2569935752078609	-0.3562713109935325	0.6237811737545229	10.96	336.33000000000004	1.2	3.2150202226807783	1.594697829632568	898816.7736144199	72.32428645950318	30.05631612095394	77.11000000000001	4.0	2.614820000000001	0.6675679232427759	0.0009801602440402037	0.9222493547945494	0.7756577468083138	inactive
12.649206585411942	0.09881519274376416	-0.09881519274376416	0.5817064826288094	11.391304347826088	325.397	1.3043478260869565	3.223725468377576	1.6280256438565726	351911.54330450133	59.251478675235354	36.62410769729718	54.91	4.0	2.6241200000000005	0.5055128439058512	0.0009460383102367276	0.937805775004535	1.013957688893158	inactive
13.95583534639496	0.13120737042138564	-0.49857391512874893	0.7706924522236294	10.625	344.773	1.2916666666666667	2.5458801102979383	1.8655918254284287	288575.5105022713	65.19519520048001	18.000955791576246	51.22	3.0	4.217100000000002	0.2839804982976466	0.00047062744372565755	0.788786581707487	0.6910353735064018	inactive
12.856553130511463	0.11346576593600366	-0.31972374443604656	0.7820209255930266	15.96	354.7970000000001	1.28	3.0959784316443018	1.6077551069251097	991220.8385889662	65.83577093735015	27.049118383550194	69.04	4.0	3.425500000000002	0.40096450879485535	0.0006859353295142183	0.8629730284870616	1.1136791571374398	inactive
12.137918871252204	0.12510673868312727	-0.12510673868312727	0.8042239506520825	10.636363636363637	315.76000000000005	1.3636363636363635	2.889847616804359	1.7641760826264659	145012.55341124276	59.37797435943413	22.40165039783804	55.63	3.0	3.177500000000001	0.5317208343767804	0.0009488788050997608	0.9351114402604619	0.7814514744718501	inactive
6.29063486366216	0.12046473450491302	0.12046473450491302	0.6288685369407935	22.2	350.84900000000005	1.08	3.066031202906177	1.5629246379644182	1260083.6358327863	65.44434142789574	24.68037329728528	25.36	5.0	4.818800000000004	0.4889048569777136	0.0008477988679892651	0.9658960546622136	1.08609264389689	inactive
12.376511637062233	0.14689670466952198	-0.14689670466952198	0.7476964386599292	10.52	356.8090000000001	1.12	2.6038263821268273	1.8874063240075434	499796.6625700981	59.37797435943413	25.11075333285378	60.45	3.0	4.086600000000003	0.31630665408389835	0.00047537063652165935	0.802136751830078	0.6778942098296987	inactive
4.5654403359351186	0.6930516975308642	0.6930516975308642	0.6050383543781344	11.25	339.4280000000001	1.1666666666666667	3.2450675061976644	1.4579437445795531	595275.1833368995	58.8790396016222	29.362521487257297	72.93	4.0	2.6595400000000007	0.2986685071535719	0.0005213800869269541	0.8608946228412757	1.205678283095374	inactive
12.160621220710507	0.39820908919123155	-0.39820908919123155	0.577543721495325	11.0	324.345	1.2608695652173914	3.127664233220815	1.5142142124517892	357701.5753607649	53.53912222790588	20.85911529219313	95.01	4.0	3.6819200000000016	0.23599368228668938	0.0004801886366171517	0.7618673480798894	0.7721686123751951	inactive
12.48386936255984	0.15819997929256746	-0.30794467015201143	0.5779951512146488	12.541666666666666	338.372	1.3333333333333333	3.1560436211756313	1.6072673483767108	544995.0806354715	58.82028716669579	20.505237952215374	86.53	4.0	2.6531900000000004	0.4805462843052478	0.0007287095160481915	0.9087477178813463	0.98517274664379	inactive
12.284980348735758	0.07317496301397841	-4.413328587933046	0.6614075014675231	11.407407407407407	394.7800000000001	1.1481481481481481	2.591234835831355	1.7527548375556559	933567.4954184847	65.44434142789575	23.674338732255105	51.22	3.0	5.010500000000002	0.5764960019881523	0.0005551475148180793	0.8774240873313371	0.8314170260327153	inactive
6.527861057709993	0.07133397108843509	0.07133397108843509	0.5553509017497348	21.846153846153847	385.29400000000004	1.0769230769230769	3.0701884245624167	1.5829036060398651	1816096.2780277082	64.40060767317546	24.68037329728528	25.36	5.0	5.4722000000000035	0.42117880922090406	0.0006046523761042401	0.8665421833235827	0.970547543923685	inactive
6.311415396260874	0.11441787131519265	0.11441787131519265	0.5983454223257804	21.846153846153847	364.8760000000001	1.1538461538461537	3.0701884245624167	1.582903606039865	1816096.2780277082	64.94142585113113	24.68037329728528	25.360000000000003	5.0	5.127220000000004	0.3257533521941516	0.00053719474522961	0.8296305649519714	0.9059622460722713	inactive
13.248248439293413	0.05109567901234535	-0.599464106373002	0.6775817595341509	22.923076923076923	385.25000000000017	1.1153846153846154	2.5958875421990513	1.5406981659230456	1051357.8175784955	64.40060767317546	16.995124638047017	51.22	6.0	4.972900000000003	0.36303892233803486	0.00040269706411814144	0.7581447753772256	0.6313179174447431	inactive
13.223326955782314	0.031495890022676276	-3.7765866784296604	0.8276099487123205	23.185185185185187	404.89900000000006	1.2592592592592593	2.6513283744640805	1.73627299714741	1321215.2582196896	57.02787100189538	25.853711640540226	90.22999999999999	4.0	3.5862000000000025	0.2981442562225921	0.0004494862165765438	0.8465415407888299	1.0560127255265868	inactive
13.076036080868544	0.0470957603947475	-3.9192821408221294	0.0383990982606016	16.08108108108108	1143.0539999999994	0.5405405405405406	3.3593692552104173	0.7072463669790959	7583665957875745.0	135.71183675559078	158.00609338379337	222.14	6.0	7.724800000000009	0.1637270118875845	4.104696209827537e-05	0.8143361798808814	1.915847672699637	inactive
14.848626119477004	0.06460187309132626	-1.5538058216181334	0.04372465709757858	21.623376623376622	1095.3389999999997	0.7272727272727273	3.807344674120961	1.3943592805233407	3.2519002085281012e+16	113.88270407362826	129.8371003909381	357.9099999999999	6.0	0.18960000000000687	0.0743790290780645	5.3010167811573105e-05	0.9301341811107745	2.3747432798855694	inactive
14.557460402530463	0.029357394729415898	-1.781692989913988	0.0463216568311991	23.013698630136986	1055.2309999999995	0.6986301369863014	3.84775664667211	1.7112050949370035	2687318979466521.0	65.72420659954848	149.35358981813204	428.3799999999999	4.0	-4.961100000000016	0.16265065872594797	5.2634475062023477e-05	0.8165620618637278	1.718921653393035	inactive
14.140061389989757	0.03616084545161424	-1.4647828546356465	0.011988479412041543	14.028169014084508	1051.296999999999	0.4507042253521127	3.269039066927481	6.486100756611685	162606914309880.6	0.0	163.08442086806681	567.4999999999998	0.0	-15.84199999999989	0.23705782536098416	4.5172447698752386e-05	0.801987205545813	1.822842497054482	inactive
15.007912768018059	0.01124195308064424	-1.862155248962053	0.09710981355480343	56.67164179104478	959.1329999999998	0.7014925373134329	3.291238103017101	0.9845521371069784	213821028151901.38	11.64912463690315	191.3938895360609	315.21	8.0	-1.0327999999999902	0.23431334322428027	7.819653694672385e-05	0.933707948607342	1.9060175584721775	inactive
12.464833133431613	0.010046137409744693	-5.935614337283523	0.04438417370680034	22.345454545454544	862.5740000000001	1.0727272727272728	3.6359765099044505	1.50206576222266	207597120180.303	12.654640149529083	109.10302757574594	415.07999999999987	3.0	-5.477299999999998	0.3063123777340183	9.56076486546418e-05	0.9077709211210888	1.6251459571502214	inactive
12.464381845960638	0.03168909388659813	-5.931631623810666	0.05448164148723619	21.745454545454546	862.5739999999998	1.0363636363636364	3.6324495430735673	1.4909922423385717	217138736821.6763	12.654640149529083	109.10302757574597	415.0799999999999	3.0	-5.3332	0.09048536775554201	7.512437760280847e-05	0.8418310148288157	1.9270106260450408	inactive
13.918882942669669	0.10676715305288953	-1.6383550107392446	0.04923715230518161	20.06896551724138	823.9259999999998	0.7068965517241379	3.8563163175364052	2.15076259913129	1100361974536.2715	0.0	142.07139111817884	358.67999999999995	2.0	-5.6752000000000145	0.6189172084985761	0.00014078787683776686	0.9306829510518032	1.3949677036788355	inactive
13.502997559435586	0.11587705733160258	-0.7026058443244432	0.20099474324029926	18.14814814814815	736.874	0.6296296296296297	4.017046785625158	1.1054287979220734	1265686436097.8313	72.57343268691889	83.16140565685136	171.25999999999996	6.0	5.480200000000005	0.5533565180230221	0.00013644126105852354	0.8877173168295012	1.3616240345817034	inactive
13.853576224202993	0.006203101194048433	-1.5149907470673267	0.11161209093599311	16.571428571428573	678.8549999999999	0.7755102040816326	3.074524966889615	1.7658582038067334	29924799153.5718	71.7905736680101	83.83849172292128	225.8	3.0	-0.5015999999999918	0.1382360624970457	0.00010554207550341817	0.8168616068141135	1.7909158873028888	inactive
13.292966149391702	0.005233781806614601	-1.7447010828515783	0.0313128326544351	14.020833333333334	677.7600000000003	0.7708333333333334	3.003230051084798	3.0725749997607785	7197068107.67094	29.828919765543436	84.8256010196185	337.77	1.0	-7.621700000000024	0.08987530492298151	0.00012530989922442104	0.8856241852963297	1.856445753566885	inactive
13.823543669317026	0.039206160223649755	-1.138276648112056	0.04298931162874952	13.478260869565217	639.8020000000001	0.8043478260869565	2.9915370455665027	2.288119779967144	4760133962.296086	64.71837544601925	66.84514961456685	269.13	2.0	-2.9981600000000075	0.21980213512140176	0.00010394389337704734	0.7492519892072329	1.3485922775325823	inactive
11.058959278155706	0.10106481481481477	-1.4673611111111107	0.42965468251051747	14.0	216.21699999999996	1.4	2.10016928983171	4.222956812290516	1148.7926015379453	0.0	29.86734640495078	138.34	0.0	-3.166199999999999	0.3567947088473493	0.0014221711385766793	0.8517271483927636	0.7587086927771994	inactive
12.148521038044848	0.38632973251028835	-0.4208626228269081	0.5812359115256596	11.0	324.34900000000005	1.3478260869565217	3.153985001602223	1.5159308764560688	377093.60077656334	47.778874809031436	30.63960003563935	99.69	4.0	2.5140000000000002	0.121392250577859	0.00039715394928519903	0.6481286583124972	0.9022137627979046	inactive
12.569459089191232	0.22095804988662082	-0.22095804988662082	0.6146546181201179	11.217391304347826	323.3810000000001	1.2608695652173914	3.1234044317418066	1.7110838222769362	324924.6396296684	52.92415860047082	25.489216473162582	72.18	4.0	3.208140000000001	0.6473233010536283	0.0011031221239579249	0.8782336257260183	0.3389777570426598	inactive
4.705248484813781	0.20555119887461148	0.20555119887461148	0.6249990216958249	12.956521739130435	323.42500000000007	1.2608695652173914	3.1618588846915787	1.499259129159759	379091.0709800968	53.29659767408396	19.74844178534064	55.63	4.0	3.4288000000000025	0.14328071317807733	0.0004097904984239448	0.6571982445608772	1.0585078366068843	inactive
12.32358953766692	0.10569255479969764	-0.46762974866510176	0.5159885253182623	11.130434782608695	309.26900000000006	1.2608695652173914	3.193523976515436	1.6082311628119217	399120.2395369462	58.792244995347744	35.103296175079244	120.65	4.0	-0.9806000000000004	0.50621932797626	0.0010962159189312885	0.9401935492507181	0.8940095552856945	inactive
4.712503984695092	0.6417214663643234	0.6417214663643234	0.6247672179231444	11.136363636363637	291.314	0.9545454545454546	3.002043198896217	1.6410513736975836	237587.7028470444	53.85242546892819	20.281283556145308	76.73	4.0	3.086520000000001	0.4959975946092927	0.0011486213581172644	0.9166122752680224	0.8985927247367724	inactive
12.590623661501638	0.24109268707482912	-0.24109268707482912	0.6131000604775261	11.291666666666666	321.34000000000003	1.2083333333333333	3.0821089087975437	1.6819299079320613	446289.36999388435	53.304343248879334	25.489216473162585	85.32000000000001	4.0	3.0480600000000004	0.7569990779525175	0.0016555415795465943	0.9368978158180848	0.5056310534747779	inactive
4.721416131267322	0.37433106575963715	0.37433106575963715	0.6118901114991093	17.64	351.4390000000001	1.24	3.3296037903741933	1.3310727035244678	1437196.8392846975	42.22260690876959	43.926775480439055	71.24000000000001	5.0	2.733220000000001	0.7825666686453087	0.0014279955927060186	0.9544807705232564	0.6938104579942803	inactive
12.188521038044847	0.3583626228269081	-0.3583626228269081	0.580876335262394	10.782608695652174	320.357	1.1304347826086956	3.0190733203359477	1.51747116157994	396799.82556507393	65.97797601441627	20.85911529219313	81.87	4.0	3.7805000000000017	0.2468673270124298	0.000623751896674224	0.8807151488997121	1.228281489145403	inactive
12.374510901289401	0.14628173028470637	-0.34101190476190424	0.6015757511393548	11.28	338.32700000000006	1.36	3.119777248901191	1.5658923351104186	736520.132697842	46.96779285291218	30.2227211624835	107.83999999999999	4.0	1.2183199999999996	0.5566589157894034	0.0009019230526242112	0.949468458222327	1.0592683220130492	inactive
12.486668398841019	0.3004721148994238	-0.4584245086923653	0.5794340416955616	10.72	329.3190000000001	1.0	2.648953497188598	1.6424247410508888	795803.907532393	71.91386657972642	20.85911529219313	104.93	4.0	2.792600000000001	0.06578168286883627	0.0005994351849863321	0.9735283481024022	1.3823184758761369	inactive
12.70058012093726	0.22718820861677957	-0.549789304610734	0.5820722486874926	12.36	334.3430000000001	1.12	3.0662353297498703	1.6686727490628983	900669.8332900674	43.24742849814007	35.394171981878905	124.5	4.0	1.5513999999999997	0.43037606209721324	0.000747120218997004	0.8721929041023577	1.0405679839799657	inactive
12.334125881834215	0.17824971655328747	-0.17824971655328747	0.6167092001970284	11.047619047619047	295.327	1.1904761904761905	3.0942178083471052	1.674192124185468	155258.5669694327	54.190942760302974	25.259809898454925	72.18	4.0	2.5913000000000004	0.6971020118588199	0.0017944926893775225	0.9594511416868657	0.8346501783266151	inactive
4.379615768764398	0.698775746409675	0.698775746409675	0.6244315822005178	11.285714285714286	278.319	1.1428571428571428	3.065635549313574	1.5964487593875039	149618.34298424897	60.44069854999566	23.982731350072868	59.519999999999996	4.0	2.2975199999999996	0.6968595122952609	0.0018645328450115279	0.9852008987966487	0.9731409933113028	inactive
12.82501102292769	0.0036167800453523746	0.0036167800453523746	0.535922440961099	14.25	318.3400000000001	1.0833333333333333	3.2335319576303774	1.4799711082292961	910795.4135696637	59.918792537389805	41.959795407132304	68.32000000000001	5.0	1.7349999999999999	0.4342909061348321	0.0007943055010781147	0.8751483760491503	1.0164183118315535	inactive
4.602950837742505	0.7551473922902495	0.7551473922902495	0.6286570627479221	11.45	283.36	1.3	3.1055789949680332	1.6085400381180746	94813.32671637405	47.73314618238697	18.935751295947565	47.150000000000006	4.0	2.8946000000000014	0.1854992049449156	0.0007495490670912372	0.7870440176360416	0.9964149152483196	inactive
5.523992583144368	0.3205229288174811	0.3205229288174811	0.6068104898849824	17.291666666666668	321.3440000000001	1.25	3.3175082377987355	1.5880968314618549	953017.273964205	42.61403641822398	35.6211494799328	86.07000000000001	5.0	1.912	0.5119407215210281	0.0009224192161152017	0.8991155610723662	0.9499469263489072	inactive
12.273883062484252	0.06489890400604659	-0.5256925547996973	0.5439555225273092	11.041666666666666	322.28800000000007	1.3333333333333333	3.195169662730065	1.6055670686460055	564602.4552527161	58.13267888815526	30.285722695661594	122.38	4.0	0.47439999999999943	0.22395498271939313	0.0005974683608055185	0.7737178575669623	0.9090326832481503	inactive
12.28097584404132	0.4042162698412699	-0.4042162698412699	0.5796229581158805	10.875	318.3160000000001	1.125	2.9832469182541	1.5632232653554763	558093.900479304	65.6718563648291	20.85911529219313	95.01	4.0	3.620420000000002	0.3354223493323589	0.0006501966255625816	0.8026234104354546	0.8685726260037615	inactive
4.470271583942219	0.5900118365247335	0.5900118365247335	0.6153736605592794	11.333333333333334	296.35900000000004	1.1428571428571428	3.027113012992747	1.7962359468806943	126015.68761787505	41.29434004031221	24.566015264758285	68.0	4.0	3.0944400000000005	0.602676906670208	0.0013788233431618478	0.9442022346729311	0.8858087930732561	inactive
12.898980061605318	0.0152105227357755	-4.633160194958761	0.6103072020014937	12.16	348.29200000000003	1.0	3.151525621007722	1.629064934128338	695692.9777862126	47.67457233315636	34.4095015413826	85.3	4.0	2.1063199999999993	0.10700467532426501	0.0005581646068982342	0.9423489587672409	1.4846999032262067	inactive
4.383386869797404	0.6741288737717309	0.6741288737717309	0.6276610874100079	11.136363636363637	290.33000000000004	1.1363636363636365	2.946830850743805	1.6233248151897648	238525.3295517558	54.616294051995744	24.732420306287846	68.52000000000001	4.0	2.523600000000001	0.5247841982137691	0.001275191123314287	0.9892388027526582	1.1421104469761145	inactive
4.687146846392878	0.2951558956916098	0.2951558956916098	0.6228587933861839	12.772727272727273	311.374	1.2272727272727273	3.176921534671539	1.4968964460530079	263173.00301065564	41.405826107622424	36.78296991574105	80.89	4.0	2.3446000000000007	0.535562804448612	0.0009857429928058167	0.9315696692143963	0.9468652847051414	inactive
11.942187124109925	0.16552121594735203	-0.16552121594735203	0.6222400918214895	11.318181818181818	312.35800000000006	1.2272727272727273	3.1212732339188474	1.6369497276829639	231795.11417051536	52.837363994196345	24.149136391602433	77.11	4.0	1.6497999999999997	0.33000929339880825	0.0006484402409436385	0.7714737092274105	0.6894962980070549	inactive
4.399065094791105	0.08950207860922132	0.08950207860922132	0.6264010863261794	12.954545454545455	292.346	1.0	3.167531825352455	1.5595251819105702	273867.96915179864	66.50706561845728	23.98273135007287	59.519999999999996	4.0	2.2278000000000002	0.4738547751342734	0.0011020619636692923	0.8716482469070157	0.8292790085932084	inactive
4.636141030486268	0.8851662887377173	0.8851662887377173	0.5876992308198666	14.565217391304348	303.369	1.2173913043478262	3.127726830334761	1.6263459677888463	514285.86725828407	59.67682996692811	26.126793149723653	49.22	5.0	3.0817200000000007	0.23220345077498986	0.0007694969167087125	0.9398117197885383	1.3675817148336071	inactive
12.277996976568403	0.16914399092970478	-0.16914399092970478	0.6167092001970285	11.047619047619047	295.32700000000006	1.2380952380952381	3.1406727849724647	1.6392978383023682	159643.53833293536	53.92998975400005	25.489216473162582	72.18	4.0	2.5913000000000004	0.7858549858687984	0.0023530098370757647	0.9805464696639347	0.674783786601026	inactive
12.208087577138805	0.16640006928697426	-0.362329913319271	0.6090172985461498	11.208333333333334	340.36800000000005	1.2916666666666667	3.150209842721451	1.5592325530242257	515846.8617456376	52.151059696200655	30.285722695661597	94.18	4.0	1.4478199999999997	0.6369812387203118	0.001107946613120085	0.9862534831344372	1.121221163854059	inactive
12.203036475392626	0.2780014382296132	-0.6251030352975631	0.5973270513613989	12.36	336.3310000000001	1.28	3.177607028584275	1.4709312052342995	835335.6908882913	65.03641755514555	15.415787639547073	102.74	4.0	2.2805999999999997	0.6184075788641639	0.0008842090542257003	0.9278881963990908	0.8868724583594345	inactive
12.019304610733181	0.1618827160493823	-0.1618827160493823	0.7991137527783934	10.65	287.71000000000004	1.35	2.8768354939067122	1.7746352324759036	60410.66853654705	53.70303680042693	25.489216473162582	72.18	3.0	1.9588999999999996	0.5805142168128891	0.0014584360476087219	0.9268903420912995	0.7902825401872123	inactive
12.532463466868228	0.06472463676828699	-3.971254842214662	0.5671473270552418	12.043478260869565	329.31700000000006	1.0869565217391304	3.103513829584843	1.7717980726463047	291897.8897277728	47.01102119724766	23.715102019527034	113.19000000000001	4.0	3.0665200000000015	0.49068795373011337	0.0008950209981704925	0.8723242213915738	0.7296222538850438	inactive
4.460173059964727	0.7365913170823885	0.7365913170823885	0.6300824962391413	11.285714285714286	295.37100000000004	1.2857142857142858	3.0143028278283697	1.548747623662288	139357.2483361612	53.98290197207965	19.582036743811077	55.11	4.0	3.259520000000001	0.482551878161895	0.0009707209208839645	0.8781304102789765	0.8324472666464792	inactive
12.69186720521542	0.06678784013605443	-0.3493707482993196	0.5611751409592266	11.416666666666666	359.43600000000004	1.2083333333333333	3.2551450042809886	1.679869352486751	530718.8414979724	56.655767816288794	36.62410769729718	71.97999999999999	4.0	2.0458199999999995	0.26646926324827386	0.00044313500552805153	0.7219726327796329	0.7559946389622323	inactive
12.048342676576803	0.29809899113966565	-0.5037989791583419	0.5910095002779994	11.08	335.32300000000004	1.16	3.1196652289021056	1.4208210500604717	773792.4043811916	58.33665840676786	11.01509303328528	112.42999999999999	4.0	1.8857199999999998	0.7023991596967296	0.0011415044953880199	0.9478659426980036	0.8773805388424737	inactive
13.820013699924415	0.12381456286218251	-0.5757158210506421	0.6140781908198115	21.962962962962962	378.859	1.1111111111111112	2.7027572679627725	1.647624852900621	2621755.6326419283	65.44434142789574	24.042796620724207	42.43000000000001	5.0	4.7355000000000045	0.342721887676781	0.0005051767025981874	0.7941687492714657	0.837050054217061	inactive
12.015535030440613	0.02306360259643081	-1.4593385254766227	0.18230059485673228	51.45454545454545	622.884	0.8863636363636364	3.3192575696874407	1.3728614749311312	2530949975.3703413	11.64912463690315	85.76092220036587	139.84	5.0	4.324800000000003	0.5114034701698583	0.0002623458385497376	0.9211971864571484	1.2771751759407965	inactive
12.914696659528008	0.09338612474119357	-1.7340246394793242	0.3581558319444201	25.181818181818183	460.3910000000003	1.0303030303030303	2.7924266323023024	1.7913716681566336	22551201.863918755	46.621529986742026	64.8486813654817	184.94	4.0	-1.2055000000000007	0.5473184103153018	0.00044685138302073964	0.9035859027553391	0.8534133935603166	inactive
12.405510912698412	0.01310927790410088	-0.7947719566221547	0.5406382781266542	60.70967741935484	430.6290000000003	1.032258064516129	3.09465925017643	1.3206402247693143	14010067.08557673	11.64912463690315	40.416031493245214	58.92	6.0	4.8288000000000055	0.5829793442214078	0.0007630765580736313	0.9523379935765804	1.089454533686206	inactive
13.720407504897771	0.041567119213743675	-1.565996802001562	0.18546695558645723	47.891304347826086	648.8779999999999	1.0	3.2928798326518334	1.5675523939991196	7411477309.041369	23.801164850570913	94.05035286993225	145.91	5.0	3.933900000000002	0.24304005187997035	0.00014526525844281996	0.8181925380327013	1.4647526381452143	inactive
12.02003697486104	0.004663076449328729	-1.5051252066860348	0.23176994982596377	52.82222222222222	634.8510000000005	0.9555555555555556	3.3223661669383766	1.2775845367944767	5349926873.937872	24.304080427335524	91.54803335293647	149.07	6.0	3.4372000000000016	0.6405187696924436	0.00035556127831973337	0.9414193334331054	1.1682497596201187	inactive
12.25063222310077	0.015867353042436028	-1.7143337095201001	0.13196218652385086	50.32142857142857	801.0239999999998	0.7678571428571429	3.397339289043692	1.1263980760160202	735551929263.4618	11.64912463690315	149.60377241231834	239.21999999999997	6.0	1.1198000000000037	0.2733433765462813	0.00012660066697814878	0.9111207795321367	1.783307577783856	inactive
14.082475586854818	0.1387316110606711	-1.2434906165430155	0.2241073101802826	18.441860465116278	573.5330000000002	0.7209302325581395	3.3532622963692544	1.5030841254832517	4214572504.5065923	101.13588393353349	5.783244946364939	191.63	6.0	2.3314999999999984	0.36725138451283	0.00022635791940577455	0.9133556718626364	1.3922152339682452	inactive
10.908177844499285	0.23404274798507307	-0.727930502727494	0.48848459959160717	51.303030303030305	456.71100000000035	1.0606060606060606	3.1071006337115143	1.46560117372368	17475294.05808937	24.304080427335524	34.12600476391001	49.69	5.0	6.294600000000008	0.6559252808357575	0.0007442779091353555	0.9564502287684961	1.0774717295305727	inactive
12.252740025279245	0.08644463354357113	-0.3600956689399333	0.14448361961120318	14.264705882352942	461.6660000000003	0.7941176470588235	3.0712238614452594	1.8757637450775229	19311305.89169659	75.42924019799908	5.969305287951849	49.36	2.0	8.160800000000007	0.3478625799377815	0.0002765244740802475	0.8366275608922333	1.2377256238968557	inactive
13.15853796611237	0.1232021867388926	-1.902246367682874	0.30448711797503686	25.272727272727273	460.3470000000003	0.9090909090909091	2.764681286638087	1.9090272550053897	19075457.650010377	40.55516291828041	57.73888382420415	221.83000000000004	4.0	-3.0668999999999986	0.23945275759556467	0.00017837258034554706	0.6106705527787328	0.6451952567011342	inactive
12.674159737969262	0.03656840513983339	-0.6144387755102036	0.45202460186417254	10.73076923076923	351.37800000000004	1.1153846153846154	2.595303947094347	2.4205433153682625	469428.1967346371	64.74733456113607	12.893042487642472	95.47999999999999	2.0	2.3208	0.49854476284370036	0.0006143996207515523	0.8985532673760499	0.9707680425658245	inactive
13.649027392127138	0.0009135534379041133	-1.1267045645418665	0.31109183854918304	11.31578947368421	516.5330000000002	1.0789473684210527	3.474858940696773	1.6665439781960971	462842982.4348386	108.3522121415602	41.40585940152526	129.46000000000004	4.0	3.7070000000000025	0.19140850623343536	0.00020297525331464068	0.8055988462876079	1.1731550800460118	inactive
13.672836835466253	0.026651435201669793	-1.1625232281847546	0.2705848649943449	11.435897435897436	531.5440000000002	1.0256410256410255	3.5003724514323418	1.664022301088193	774194904.9485278	113.9156636332572	52.49241840112771	137.66000000000003	4.0	2.6778000000000004	0.09925996428391637	0.00012672053287685932	0.7592617721462155	1.4633746814227597	inactive
13.66176015961685	0.0006910740140357863	-1.1289557350718067	0.33261776180339525	11.421052631578947	515.5450000000002	1.0526315789473684	3.4730208484051928	1.6785822183533532	471072157.0593106	113.9156636332572	40.77900904177408	117.42999999999999	4.0	3.705400000000002	0.2223354416261854	0.0002057612024870691	0.8271216200736318	1.3734051809038568	inactive
13.718130746801833	0.04642331482383777	-1.0699032606869914	0.3195211218440698	11.605263157894736	510.5290000000002	1.0526315789473684	3.67315873830343	1.4840795971926741	783758130.046061	127.0732193595509	37.87815107524857	106.14999999999999	5.0	4.141400000000003	0.4492967855528843	0.0003350167326273039	0.8886420451710416	1.199758469242521	inactive
13.699540854826525	0.015323134782685655	-1.1098311917359538	0.35089901234095694	14.789473684210526	516.5290000000003	1.131578947368421	3.4582775378314916	1.4743113611368597	469072410.0329321	113.91566363325721	46.64736423037654	117.79	5.0	3.1735000000000015	0.4645608706225431	0.0003795844733733694	0.9677832222585631	1.2593383510500817	inactive
13.710003995229567	0.021042460842695343	-1.1577405529475338	0.23274057994735275	11.45	545.5710000000003	1.025	3.514705887874551	1.644485842233988	1254091317.9701798	113.9156636332572	52.49241840112771	137.66000000000003	4.0	3.0679000000000016	0.13824603047501785	0.00013930505494675607	0.7918394834429494	1.5266299233276408	inactive
13.50970702632905	0.010009991778570315	-1.1033840912908375	0.4198073721502499	11.314285714285715	469.47600000000017	1.1428571428571428	3.4261598167526133	1.679901974484071	121413729.93245398	113.9156636332572	28.327072906510004	112.11999999999999	4.0	3.8273800000000024	0.290050480584479	0.00033702788685855886	0.9391982382066705	1.352200946104871	inactive
13.730925922889305	0.006910903250188838	-1.1227927188118392	0.27495748511590423	13.225	542.571	1.075	3.5895154803084055	1.4217474824797585	1659704747.2264972	108.3522121415602	40.40002824799603	129.45999999999998	5.0	4.239600000000003	0.1711200174960819	0.00016601370767743836	0.8306289828324603	1.3567281517503755	inactive
14.071341017888635	0.045190189244421974	-0.6905790580120938	0.7998358258827291	23.032258064516128	438.95900000000034	1.2258064516129032	3.0978513775702243	1.5515522584608377	17084823.826976933	57.86922762914028	48.380188910915614	65.54	5.0	2.850100000000001	0.2146365386545321	0.0002122639890157971	0.706806614693372	1.076984838450675	inactive
