MaxAbsEStateIndex	MinAbsEStateIndex	MinEStateIndex	qed	SPS	MolWt	FpDensityMorgan1	AvgIpc	BalabanJ	BertzCT	HallKierAlpha	Ipc	Kappa3	SMR_VSA7	SlogP_VSA2	TPSA	NumHAcceptors	RingCount	MolLogP	CalcAsphericity	CalcEccentricity	CalcInertialShapeFactor	CalcKappa1	CalcNPR2	CalcPBF	CalcPMI2	CalcRadiusOfGyration	CalcSpherocityIndex	pIC50_class
12.38399108717561	0.31946966595280113	-0.4388706223230032	0.5380266069420899	10.590909090909092	312.75600000000003	1.3636363636363635	2.9075850001821975	1.9539515533013392	854.7411524620866	-2.5899999999999994	151802.10527451235	2.7340438279225285	72.16340665301799	15.52038345669041	44.120000000000005	4.0	3.0	4.094900000000003	0.6259168613265133	0.9891057757783875	0.001260204851053716	5.556019574711533	0.9606388324632474	0.7499276402337056	4974.529787077354	4.177317638281796	0.15751973824567592	inactive
13.15579821743512	0.17330168178382444	-0.7831978694255484	0.7232022854263281	24.76923076923077	343.386	0.9615384615384616	2.912744347789057	1.4767054630754226	1020.3703412943928	-3.209999999999999	1416875.360538509	2.0652142433689615	72.55444225107765	22.46119801502013	62.300000000000004	3.0	5.0	3.607400000000003	0.5865591574367721	0.9860559911684019	0.0010363851980401755	5.642984992783292	0.9594547209324024	0.8901747886217456	5337.503809434915	4.149719831557458	0.18239542535552622	active
13.004896376486453	0.16983035441452077	-4.091553890533867	0.25144901412472115	11.387096774193548	457.85100000000017	1.096774193548387	3.176656362899726	1.6802278062637077	1448.3397798682013	-3.7599999999999993	10996764.751017224	3.9800625161081413	93.88823740519763	28.266797750282777	121.4	8.0	4.0	4.054100000000003	0.5747127222854367	0.9853933563868058	0.0004415803292223296	10.512038567493116	0.9089372807503271	0.9664604539697419	10986.506469818403	5.238864110806965	0.1612828199335512	inactive
13.659265991010216	0.07874945353047114	-5.375735883025176	0.13972959481592434	16.274509803921568	726.6710000000005	0.9411764705882353	3.508037362887186	1.5694183729820805	1754.261010227022	-5.090000000000001	70910584932.89229	9.57933064787457	64.84885194917072	66.80318551331746	155.68999999999997	7.0	4.0	5.185800000000004	0.2689924325298687	0.9309590478462365	0.00012120435677332638	12.8432732069971	0.8294241884631063	1.502944950328592	15545.161710502935	5.319831589116673	0.30578907465741134	active
12.146728080120937	0.08166666666666655	-0.08166666666666655	0.5730563582650405	10.789473684210526	269.329	1.263157894736842	2.8227060944716023	1.873260575345262	718.0407082773908	-2.1399999999999997	37127.05326058499	2.5071185948613732	53.98290197207966	20.067212493027345	58.64	4.0	3.0	3.1988200000000004	0.2793245639615009	0.9327367070593889	0.0007558534779270265	4.756465263886079	0.7530533827596017	0.7190742628837817	2080.839109424289	3.2927776467705905	0.23895035241126772	active
12.130349584278157	0.3241099773242633	-0.4358641975308639	0.7272379499441562	10.578947368421053	272.69100000000003	1.263157894736842	2.8613511859842164	1.939894962310221	751.7955957795542	-2.329999999999999	38528.09371927747	2.301440794266416	59.5084508625856	15.937262329846266	54.98	3.0	3.0	3.435500000000001	0.5607377162449168	0.9837253710275382	0.0015457537859519999	5.346323999786321	0.96057775005445	0.4899349292665125	3322.2201247054577	3.6840917421952626	0.1592811988583208	active
13.730802601854212	0.0392388733729967	-4.890923259751015	0.19889390230444107	15.9375	673.6890000000003	1.0833333333333333	3.6336529836213156	1.5284142628200736	1719.2765661631358	-4.95	20751829790.502407	8.49296788161442	58.54052231024742	71.78716403426466	168.57999999999998	8.0	4.0	3.7887400000000016	0.5011941744600158	0.9775586041424427	0.00017775473488207717	10.7753086867573	0.9419565398293579	1.693108601482875	23694.684967253226	6.3394125574124764	0.31112030034946364	active
13.712172114283472	0.021004274804397705	-1.1283444753398746	0.2075826214235363	15.978260869565217	633.7460000000001	1.065217391304348	3.4421166193426527	1.5137937941314101	1606.0252966721196	-4.74	10073163496.866297	8.2902459197964	58.54052231024742	71.78716403426466	168.57999999999998	8.0	4.0	3.468460000000002	0.16229032682837594	0.8793747046683652	0.00012153325313313181	8.783070068774208	0.7922144663527511	1.4809550935164997	10845.873402114119	4.949858752221065	0.39576829162547705	active
11.98765306122449	0.32561626039304636	-0.43780864197530867	0.7272379499441562	10.578947368421053	272.69100000000003	1.2105263157894737	2.8535482381376	1.866921100766299	751.7955957795542	-2.329999999999999	37866.58512008595	2.4361181210887883	59.508450862585605	15.937262329846266	54.98	3.0	3.0	3.435500000000001	0.7227909444999777	0.9945422881340314	0.0022003408508903684	5.346323999786321	0.9831282755143236	0.5035035273595133	4210.207356874739	4.04860674088823	0.1344431181287962	inactive
12.164238473167044	0.3482029478458051	-0.3846141975308639	0.8557269142497447	12.68421052631579	274.707	1.368421052631579	2.8613511859842164	1.8717611155716685	643.093132796533	-2.0699999999999994	38528.09371927747	2.394437878984936	52.80869171420791	17.498040214811635	51.22	4.0	3.0	2.922200000000001	0.541493562908866	0.9818751312007192	0.001453883138546584	4.795954740814658	0.9561764416423199	0.6073784388849084	3317.9588763061947	3.681303859960106	0.17919562141430972	inactive
14.482071183040873	0.1424255572392854	-1.3894589063728955	0.316761238770822	12.108108108108109	530.8780000000002	0.9459459459459459	3.404500793745218	1.7266520915618482	1866.2760634879305	-4.459999999999999	206483752.77132925	4.697921494771686	97.23852836595982	33.67914730342237	118.99	10.0	5.0	1.3820999999999997	0.20250484723394496	0.8880457487751102	0.00012693836784653345	11.72629430054126	0.649834555237456	1.001976075442088	7235.793120829881	4.703577467345403	0.16524329139116567	active
12.714643014613252	0.3104610470731506	-0.4478407659360035	0.47144797456992965	10.6	352.8210000000001	1.28	2.934925750594552	2.0670426922357734	959.4845994158142	-2.8499999999999988	590885.6664414506	3.488867966115229	84.31544686668573	15.52038345669041	44.120000000000005	4.0	3.0	4.823400000000003	0.5360979407643252	0.9817555510540463	0.0008059616119863714	5.851332734904309	0.9108350629395403	0.9354054781805312	5413.4571992815545	4.206651042332467	0.2020175658721825	inactive
13.467265272878699	0.15190019526329102	-0.6854535409842957	0.525070051615019	15.485714285714286	515.3970000000003	1.0	2.895215223481806	1.6164257869081737	1222.3436181127577	-3.4899999999999993	80708513.50083414	5.441271877056524	76.53334181009869	61.59395283994145	84.0	6.0	4.0	4.375300000000003	0.19661834331089073	0.8725220574734034	0.00010041143231603807	8.567865144859086	0.6052490336995874	1.0028154253397659	7467.135867974269	5.006037457516359	0.17510882561657465	active
13.08697694472902	0.08730775944059177	-0.8580856061560429	0.35596462764532816	13.794117647058824	475.6300000000002	0.7647058823529411	2.755185114556103	2.8401052583948	779.9005823979236	-2.899999999999999	12626219.886697628	11.814856464127601	35.89528683400505	42.319282540214864	113.60000000000001	5.0	1.0	3.5882000000000014	0.5446203883366324	0.9820229939933388	0.0004234387428863051	5.420294089923652	0.9690516782402275	1.3812450182080376	11748.712011333455	5.244196373523488	0.3080390729912538	inactive
13.763965867160334	0.04008921350905115	-4.892402549691844	0.19423388273238826	16.102040816326532	687.7160000000002	1.0816326530612246	3.475824288897178	1.541951898393764	1736.6331338309271	-4.95	31730992904.15521	9.148115329917358	58.54052231024742	71.78716403426466	168.57999999999998	8.0	4.0	4.178840000000002	0.22826349162258086	0.9153270733007185	0.00010160610651157175	10.773446849490329	0.8482372825239011	1.8168435725378869	17584.140491224418	5.824586699395832	0.4143652368869023	active
12.282571806500377	0.3265665154950874	-0.42836419753086363	0.7301306649014965	10.7	286.718	1.35	2.8057442484088924	1.9866994205218769	795.4227792424293	-2.3299999999999996	54134.02952880117	2.2551782794198814	59.005535285820976	15.937262329846266	54.980000000000004	3.0	3.0	3.743920000000002	0.5715937011698768	0.9848497170806557	0.0014178266390455962	5.2201165206274105	0.9490661499101881	0.5000117624922462	3663.495389720306	3.779884391172559	0.14772820045243015	inactive
12.187760770975057	0.28772250566893454	-0.5142901234567898	0.6777516231107281	10.7	286.69800000000004	1.35	2.779967140231744	1.9634704397817584	797.968281765587	-2.3999999999999995	51573.950385579315	2.352093707559982	53.069644720510844	15.937262329846266	66.18	4.0	3.0	2.768020000000001	0.4522791742684364	0.9715909572660802	0.0010329445632339571	5.929209252286176	0.8981883363003429	0.5388269550033259	3300.0544010746476	3.698568657210634	0.16080378989414537	inactive
13.18500747984379	0.08151062790229124	-0.759089142863042	0.4368819704854645	20.727272727272727	452.55500000000023	1.0606060606060606	3.444300501533171	1.449126294778658	977.7554984897149	-3.1599999999999993	43440812.98232493	5.80199178200692	36.02576333715651	47.62011629633977	120.16	4.0	4.0	2.4466	0.12613974277914572	0.8404558911123217	0.00016125750892660682	5.903415055557436	0.7146516956791863	1.316701490223238	5844.748354205444	4.515498770671758	0.3182541172496677	active
13.439596560846564	0.06662359851347954	-0.10973949147560225	0.39146974534478357	11.03125	441.9020000000001	1.03125	3.4860153188212593	1.4634176958329554	1361.0668289018517	-3.9699999999999984	42213902.50326604	4.1048874421944594	95.90665327335527	25.885028089399803	78.01	5.0	5.0	4.3373000000000035	0.21713156825727267	0.8996514695875406	0.00016743295288326447	8.181900304949952	0.6684512722774663	0.9656495138560389	6112.320233857923	4.666834898726076	0.19050708957894194	active
13.653641564931245	0.003200153813463835	-1.176140257232879	0.19768076628647868	16.044444444444444	659.5670000000002	1.0222222222222221	3.4465497558080505	1.5101982964682887	1568.442984275835	-4.09	7244791383.6574335	8.549002513560348	63.76721559325937	66.80318551331746	155.68999999999997	7.0	4.0	4.455000000000003	0.07060577235367733	0.7776108546385002	8.50363042466014e-05	10.20447518083673	0.7954306927264337	2.260343534301951	11833.82582262317	5.228764479142691	0.7216417965160663	active
13.274467102684696	0.1758109987822285	-0.6087307886117417	0.5461975567107992	15.909090909090908	505.42700000000025	1.2121212121212122	3.3693502868093272	1.5827512288893604	1142.495004771924	-2.809999999999999	41107310.05062905	5.237424299079393	74.65781763734266	54.48415529866391	74.77	6.0	4.0	4.105900000000003	0.2266203435269511	0.9109212836732338	0.00017085756512663167	8.445211197634777	0.7263531528618983	1.1107567187413745	7484.3323611933965	4.669356446743925	0.2677892142927686	active
13.445210560259714	0.1590928917863439	-0.5919365709246669	0.40881132522955	16.11764705882353	514.4380000000002	1.1470588235294117	3.551938387405381	1.4128341731805185	1340.4050574806347	-3.0699999999999994	96045010.72109058	4.485701656720825	80.85466120895575	52.35833627833359	81.33	5.0	5.0	4.578600000000004	0.205049486938291	0.8853829331313312	0.0001083384036325829	8.857348139479477	0.6307377020872393	1.0375038698590782	7899.338422576731	5.050607887176438	0.19804000749786954	active
12.282571806500378	0.3265665154950874	-0.42836419753086363	0.7301306649014965	10.7	286.718	1.3	2.8514540981630208	1.9819766601148991	795.4227792424292	-2.329999999999999	53695.73212250784	2.376500903540443	59.00553528582099	15.937262329846266	54.98	3.0	3.0	3.743920000000002	0.5252875204287009	0.9804278517230427	0.0012182872499898931	5.2201165206274105	0.933388085266234	0.5098032448776858	3632.2526153398253	3.8021690151991843	0.14002650858750218	active
14.042005226026504	0.06746470679582717	-4.847476829283116	0.23223730203970608	19.382978723404257	664.7220000000001	1.0425531914893618	3.481307263896662	1.5118558362890047	1465.7250152562772	-4.1000000000000005	15588066502.339376	8.44026908053816	29.959396268694903	72.97948403076093	155.68999999999997	7.0	4.0	4.347200000000002	0.2576607847702469	0.9242207304598141	0.00011083837435475024	9.529756769717618	0.7342762457345416	1.0107507766558013	12738.730744974777	5.2549669831395756	0.14618978639757274	active
11.952276077097505	0.04356481481481489	-0.04356481481481489	0.7204620198415452	10.823529411764707	261.33099999999996	1.3529411764705883	2.9566008274344817	1.903778830914685	627.2296775121685	-1.66	17547.425910823647	2.087850700408346	41.53630261077389	20.296619067735005	58.64	5.0	3.0	2.951900000000001	0.3414201943517394	0.949928170379832	0.0009340627747357236	5.324545155625353	0.7514434825915832	0.2249311292279319	1934.6862387339347	3.1885425577712088	0.0453992895337699	active
13.715968898252344	0.018902352607709894	-1.0689195956160245	0.3614193809082541	17.08823529411765	464.4970000000001	1.1176470588235294	3.437973455411516	1.5081815832221432	1191.3558407690894	-4.009999999999999	60474963.844884455	5.481398806074585	71.67190394374585	47.62011629633977	120.16	4.0	4.0	1.8580000000000005	0.16864795538821895	0.8828300759905965	0.00027147282101698555	7.494914432297867	0.8879147708999068	1.4429884685509757	6183.047286827991	4.203827833966669	0.43838663594932387	active
13.368847063002157	0.16746666240383123	-0.6400784465020584	0.5813737441093618	15.787878787878787	485.3710000000002	1.0606060606060606	2.856191471149387	1.5963860527737563	1142.2060932806428	-3.289999999999999	32738306.429203812	5.208436419314408	82.5997088785603	54.484155298663914	74.77	5.0	4.0	4.366700000000003	0.20394118546810808	0.8711304421457853	0.0001111529156298762	8.181550346669288	0.5855518208002944	0.9344985716342477	6281.778386711485	4.790529495325916	0.16464434043787896	active
12.716566987906273	0.23618102796674156	-4.404133834089191	0.6232898661677924	11.95	342.178	1.0	2.760411207369149	2.2128647824088423	832.0415655163586	-1.7805194805194806	44804.234306808656	2.21121804732523	64.4481921185137	18.295119060385826	22.0	2.0	3.0	3.0665000000000013	0.5364466378723913	0.981672085481092	0.0012429509248575712	6.78387834961583	0.9266796154036833	0.6845256477855184	3625.2070545693855	3.47894369591375	0.13296409518517283	active
13.901258941108326	0.1064204202750374	-1.1018171033845643	0.2810680735732491	12.342105263157896	502.5740000000002	0.8157894736842105	3.5223558362317995	1.56420091681432	1473.2348279716362	-5.039999999999998	791267425.3896759	5.366637496404184	138.933193711284	21.782316500597428	88.33	5.0	5.0	6.002100000000005	0.05282676151859871	0.7375105472151092	0.00015150075701862267	8.493199110707835	0.7968905964268466	1.7284156103616184	6206.7313453406105	4.3768455315702335	0.6048152606458318	active
13.476669396153522	0.14002362055933526	-0.6683641975308638	0.7340634869140499	10.7	290.68100000000004	1.3	2.8514540981630208	1.9819766601148987	800.7231692677504	-2.3999999999999995	53695.73212250784	2.352093707559982	59.25930463516989	15.937262329846266	54.98	3.0	3.0	3.574600000000001	0.5329391461470286	0.9812794466933694	0.0011727111073635528	6.366645662675908	0.9298112340872227	0.50030291244055	3827.950666460556	3.876824366397135	0.1514519903504968	inactive
12.129494047619048	0.28992695998152374	-0.5163706223230029	0.7527056772559997	10.571428571428571	302.71700000000004	1.2857142857142858	2.9090825216809093	1.9120153360620187	813.5388742740762	-2.5299999999999994	93791.7295815142	2.683732834133854	53.44208379412399	23.047059871123796	64.21000000000001	4.0	3.0	3.4441000000000015	0.7092863042619499	0.993936363838433	0.0016074938530158524	5.691925663664629	0.9776658497675914	0.4855863935127046	5407.659723657377	4.367189682519782	0.10302403501540157	active
13.051434712773998	0.143528730451981	-0.7301834136432355	0.8172518215992288	26.791666666666668	323.3960000000001	1.1666666666666667	2.755048764330233	1.704176883075523	841.8058772367447	-2.4299999999999993	251684.72481662408	2.036208163286365	36.65915541707259	22.46119801502013	62.300000000000004	3.0	4.0	3.4859000000000018	0.508945489179617	0.977934143598974	0.001094815596561469	4.395018133992325	0.9759946500764825	0.9377417911295552	4164.73709357105	3.796683020567878	0.2300113945347796	active
13.941258941108327	0.1341981980528153	-0.9907059922734531	0.259688804682495	12.342105263157896	501.5860000000002	0.7631578947368421	3.5223558362317995	1.56420091681432	1470.0600260914657	-4.969999999999998	791267425.3896759	5.3934370032894465	144.73860777344268	16.79833797965022	75.44	4.0	5.0	6.607100000000006	0.2110034775985658	0.9004985069513902	0.00015557014112794608	8.26523959185831	0.6978005767987563	0.9154075571207991	7197.602152928211	4.682753905738224	0.16288960509197925	active
13.908760085263062	0.0754602597211731	-1.0736448501765292	0.36005526389778836	26.27027027027027	519.6870000000004	1.0	3.055531445745426	1.8326249985523426	959.2141082793445	-2.6500000000000004	35028707.215500385	6.261723084579349	0.0	64.6450125233478	150.70000000000002	5.0	3.0	1.7112000000000023	0.3840442739468808	0.960439403569368	0.0002664825615362699	5.773023207406969	0.8565847706472608	1.1904606795132346	9886.98274922573	4.869307903609717	0.2124956591701425	active
13.338023280084759	0.12674831506676765	-0.7060947341899728	0.5234037477465193	15.823529411764707	523.4170000000001	1.2058823529411764	3.279924825275581	1.5795323823208072	1208.4632772582822	-2.879999999999999	55520307.57406042	5.266915048223016	74.40867140992695	54.48415529866391	74.77	6.0	4.0	4.245000000000003	0.1878193670239452	0.8609396305227969	9.866579376047965e-05	9.292468671072061	0.5923351920142916	1.0750401517369028	6990.377439976811	4.866817223527118	0.22418670108032335	active
13.560476358441278	0.1308193972033258	-0.6607196397077357	0.5779349216439061	16.15625	493.3910000000002	1.15625	3.32018121325869	1.5684011898115813	1128.8784242354368	-2.6799999999999993	23258789.089073196	5.033246179187257	80.47503847838857	47.37435775738638	65.54	5.0	4.0	4.236400000000004	0.27471606084251354	0.9313686291427719	0.00021851993073114225	8.92847256740067	0.7565231790414567	1.0079136168314582	7193.818895520665	4.520510438653731	0.2332091269693462	active
13.053424744897956	0.10997543461829151	-0.6723361914210131	0.8638103613489105	29.666666666666668	321.38000000000005	1.0833333333333333	2.7614764069056017	1.4832845225290874	847.3156522410716	-2.4299999999999993	363134.14750808664	1.7802308631468242	36.65915541707259	22.46119801502013	62.300000000000004	3.0	5.0	3.2399000000000022	0.37686474017906196	0.9588709802145371	0.000771925151603575	4.5944492671451975	0.8769117616715172	0.8994326492543175	3509.6152030810276	3.6680061093203795	0.20374696083888189	active
14.470235863036779	0.017770849080373408	-0.8727059975224669	0.4520201384381207	15.157894736842104	563.4130000000002	0.9736842105263158	2.935273583102288	1.6721760898158822	1359.2089386435853	-3.759999999999999	287868444.3693659	5.558012379877571	70.21782851422135	68.70375038121898	93.23	7.0	4.0	4.523000000000003	0.20138572892837245	0.8776086391459895	9.393826950098027e-05	9.765997713470043	0.6106767697338713	1.0189422403115973	8281.37258993311	5.015287636254845	0.1733606700371958	active
13.286425043156857	0.17917461892164277	-0.6607196397077357	0.5779349216439061	16.15625	493.3910000000002	1.15625	3.2377776602670583	1.5572478595841037	1128.1284242354368	-2.6799999999999993	22535385.80433116	5.033246179187257	80.47503847838857	47.37435775738638	65.54	5.0	4.0	4.236400000000003	0.20624178903678486	0.9021178639418935	0.00018842778982575074	8.92847256740067	0.7392325979994583	1.1907132253000778	6721.200238616478	4.472232633229904	0.33540048373968895	active
13.941258941108327	0.1341981980528153	-0.9907059922734531	0.259688804682495	12.342105263157896	501.5860000000002	0.7631578947368421	3.5223558362317995	1.56420091681432	1470.0600260914657	-4.969999999999998	791267425.3896759	5.3934370032894465	144.73860777344268	16.79833797965022	75.44	4.0	5.0	6.607100000000006	0.15003675998552482	0.8649122030808131	0.00015496428966338264	8.26523959185831	0.7283336114418318	1.1562599864532277	6820.116921081002	4.562684805986158	0.2989670255971374	active
12.261949247291511	0.03002491969009813	0.03002491969009813	0.6786713803127206	10.722222222222221	304.20700000000005	1.0555555555555556	2.768873143560632	2.1849071251802252	740.3250218822898	-1.7705194805194804	24687.272947986596	1.7968038728718991	58.88474062681671	25.40491660166336	31.23	3.0	3.0	2.0563	0.6271263186811089	0.989431095368467	0.0017685398464693297	4.405879392727275	0.8762798673694744	0.44776585550490117	2994.272888475148	3.369289341188705	0.04574705654125405	active
13.902421492548655	0.13174468565612107	-0.9908420466952219	0.3012081896435563	12.45945945945946	490.56300000000016	0.8648648648648649	3.6762427158730113	1.5639736764905474	1432.2879694114713	-4.909999999999998	515002842.19061273	5.20584383603262	138.933193711284	21.365437627441576	80.37	5.0	5.0	5.730800000000006	0.10642682313579166	0.8170490268836813	0.00014806625984076517	8.04577422421606	0.7154552482044143	1.3930444592306093	5995.952127222595	4.4247116835866676	0.4032370681277088	active
13.312931311413456	0.05767977870160368	-0.05767977870160368	0.423696597277139	11.066666666666666	413.4860000000001	1.1	3.547174987144034	1.4436411312467285	1258.982738532811	-3.7799999999999985	18893190.43572573	3.60094980201566	83.44504429516094	25.885028089399803	78.01	6.0	5.0	3.745400000000002	0.24507456791534704	0.9211789427080321	0.0002541798082201902	7.479471063830018	0.7693499763061057	1.228099222269633	5984.140819108255	4.505764303142506	0.30560329662451174	active
13.053424744897956	0.10997543461829151	-0.6723361914210131	0.8638103613489105	29.666666666666668	321.38000000000005	1.0833333333333333	2.7614764069056017	1.4832845225290874	847.3156522410716	-2.4299999999999993	363134.14750808664	1.7802308631468242	36.65915541707259	22.46119801502013	62.300000000000004	3.0	5.0	3.2399000000000022	0.36692030789316227	0.9568665395950064	0.0007606302126688121	4.5944492671451975	0.8729691934307187	0.8950290246838052	3448.549863342765	3.6464690089560654	0.20691172238556485	active
13.051434712773998	0.143528730451981	-0.7301834136432355	0.8172518215992288	26.791666666666668	323.3960000000001	1.1666666666666667	2.755048764330233	1.704176883075523	841.8058772367447	-2.4299999999999993	251684.72481662408	2.036208163286365	36.65915541707259	22.46119801502013	62.300000000000004	3.0	4.0	3.4859000000000018	0.5394950601997932	0.9817084435098475	0.0011521174863789205	4.395018133992325	0.9530122838315963	0.7402840997797117	4140.521247165032	3.794441242944201	0.17403487319599237	active
13.401942239858908	0.028969277525825232	-0.16896017048794776	0.39764929922658	11.03125	442.8900000000001	1.03125	3.4860153188212593	1.4634176958329554	1362.922294479772	-4.039999999999998	42213902.50326604	4.080039911587439	89.84028620489364	30.98370989770084	90.9	6.0	5.0	3.732300000000003	0.3722722130295425	0.9581400587389254	0.0003686178854167915	8.47801390490837	0.8407997756724994	1.088834369699372	6698.6546382326205	4.37399704116724	0.24671095716699507	active
13.441942239858909	0.06896927752582527	-0.10646017048794776	0.39146974534478357	11.03125	441.9020000000001	1.0	3.4860153188212593	1.4634176958329554	1361.0668289018517	-3.9699999999999984	42213902.50326604	4.1048874421944594	95.7761767702038	25.999731376753633	78.01	5.0	5.0	4.3373000000000035	0.22462581133290424	0.9062223930898055	0.00017699216476781325	8.181900304949952	0.6887494883575978	1.0440516463425544	6339.166823118337	4.6893023408741605	0.21960495886526943	active
12.255451625094484	0.028416477702192244	-0.0399248866213151	0.6444730412108102	10.38888888888889	299.19100000000003	1.1111111111111112	2.768141759421268	2.2894162793582558	823.4165411467364	-2.0805194805194804	24489.75014559996	1.7045194732810245	64.4481921185137	18.295119060385826	45.79	3.0	3.0	1.9193799999999999	0.4841082270172641	0.9754158164056344	0.0014999403588473676	5.2745292985876535	0.9415713486987425	0.8332326001606499	2682.102186040885	3.2080710263300465	0.21605152618599827	active
14.324607549070027	0.08770413255185439	-1.0175259301251371	0.1812425659079677	11.568181818181818	577.6840000000003	0.6590909090909091	3.642906907072797	1.3761804036540861	1735.8480506553378	-5.749999999999997	21475175191.88724	6.345800790708732	180.63389460744762	23.343094385562793	75.44	4.0	6.0	7.678000000000007	0.09064356226049433	0.772410818866542	9.408359770255566e-05	9.627002346699316	0.6730634465375203	1.599315339056506	7581.237307618911	4.7437013717696574	0.4550729783183162	active
12.282571806500378	0.37040627362055956	-0.42836419753086363	0.7301306649014965	10.7	286.718	1.3	2.916299686513432	1.9727184119450012	795.4227792424292	-2.3299999999999996	59752.0642769737	2.1429143998613727	59.00553528582099	15.937262329846266	54.98	3.0	3.0	3.743920000000001	0.5760941667198937	0.9848601476193128	0.0015390717318221417	5.2201165206274105	0.9835973287325819	0.7840913863041747	3626.1857203131303	3.7238632299943206	0.25822450711836714	inactive
13.703907651473557	0.015087115041084065	-1.1439694753398746	0.20559002630239856	15.978260869565217	634.734	1.0434782608695652	3.4421166193426527	1.5137937941314101	1608.633892805912	-4.8100000000000005	10073163496.866297	8.259092528293994	52.73510824808874	76.77114255521187	181.46999999999997	9.0	4.0	2.8634600000000017	0.35545824502387874	0.9534696862696728	0.00017028303445790454	8.95599913408994	0.9207680146276466	1.5262531697177464	16514.207596419707	5.603250155379744	0.31559795578314975	active
13.600755070546736	0.029599710254472056	-0.15085548416897554	0.3505536860898898	11.0	471.92800000000017	1.1176470588235294	3.529074518301749	1.5172392200113978	1447.1249803712074	-4.169999999999999	103628453.49939074	4.354225506834097	89.70980970174219	33.10952891803117	87.24000000000001	6.0	5.0	4.345900000000003	0.1653422019559223	0.8820113898956566	0.00023262650703458686	8.556453184489094	0.8133549982793992	1.5701704967133125	6034.897716087226	4.237849162116668	0.6004476215930497	active
13.216922521066039	0.181244383555891	-0.6107857772738732	0.538969653258269	16.15625	509.84600000000023	1.09375	3.3242480943643984	1.5775679737699368	1126.1235367332733	-2.3199999999999994	23880876.402963024	5.015101888055699	79.680450951084	47.37435775738638	65.54	5.0	4.0	4.750700000000004	0.1861261028642228	0.890277977898055	0.0001646700147758236	9.140652119736602	0.7309902285825233	1.149846249056043	7125.2298725811515	4.5716684599283814	0.3124194552548309	active
14.23028688344494	0.03761936255983822	-0.9692034378213823	0.48045659066393626	15.35135135135135	551.3770000000002	1.027027027027027	2.889819578608743	1.6504303218479968	1320.7889876249778	-3.629999999999999	164086169.27520162	5.546196406238876	76.03504935526725	61.593952839941444	84.0	6.0	4.0	4.653500000000004	0.15641221413954662	0.8354383303659431	8.716467413859404e-05	10.26271382582428	0.6039386515004836	1.2807965722028936	7613.965382264774	4.961859449034894	0.3059969161560942	active
13.027187965470343	0.13374362244897942	-4.493270463277904	0.6979392738273666	13.0	366.38900000000007	1.1666666666666667	2.557065957640944	2.1276250397578007	845.9466593917156	-2.1099999999999994	251727.8011340051	3.0946320915095638	48.02802097092827	11.660033336098294	44.1	4.0	3.0	5.048980000000002	0.2241978036797701	0.8969855500244426	0.00030371754640263115	8.8306951925492	0.6327073559677459	0.47262466299308864	2981.6372069113686	3.652787731949068	0.09322846349342104	active
9.993444822373394	0.01759870769295313	-1.2274896069538934	0.4777865842451994	30.15	298.30400000000003	1.45	2.930859771700486	2.0942646460475802	700.5030462689133	-1.59	48948.28904716982	1.8897782866627932	10.967909342203233	54.77342000196571	140.75	9.0	3.0	-1.6883100000000006	0.40683298393693285	0.9640902007908366	0.0009261096334958907	5.312430588644547	0.7853111481379572	0.6013254673449844	2507.4594630329498	3.3130067404050276	0.15374052896514945	active
12.161388416477703	0.2936281179138325	-0.51590765936004	0.6777516231107281	10.7	286.698	1.35	2.90651026413538	1.9263037690537623	797.968281765587	-2.3999999999999995	57999.41232082151	2.231802196032109	53.06964472051084	15.937262329846266	66.18	4.0	3.0	2.768020000000001	0.5944868509942635	0.9866394585663842	0.001514747927684787	5.929209252286176	0.9674372039854913	0.5176548925434623	3792.5703435170376	3.816402804600685	0.1376755419176686	inactive
12.895658733802673	0.018604115824985	-5.1707717941263205	0.3222759388395738	18.818181818181817	484.5510000000002	1.2424242424242424	3.1447241649999644	2.0775073749584414	922.6972704062063	-2.7	12109049.711955544	8.630917082001035	35.89528683400505	60.04911021827902	173.96	8.0	2.0	0.20210000000000206	0.4282311438344635	0.9678616170366404	0.00035905162617845315	6.922403657566219	0.9014830857301906	1.2433008882337384	9000.134069804868	4.709551885274129	0.264277046813534	active
13.51970846286683	0.07158642451644592	-4.917337940394227	0.24901800875445937	17.022727272727273	624.6570000000004	1.0909090909090908	3.3975226792634783	1.7956646175869297	1386.35989709002	-4.1000000000000005	2204732186.0462174	8.289683239601555	29.959396268694903	72.97948403076093	155.68999999999997	7.0	3.0	3.422900000000001	0.04771013567132558	0.7122811130446214	9.829389276117465e-05	9.225184382739908	0.7714691434483235	1.9772646449866795	8626.584219443239	4.705094159679961	0.7494928887382518	active
12.211939602229782	0.05704979213907779	0.05704979213907779	0.6170840138000484	10.882352941176471	353.077	1.0	2.6869850313866452	2.274369562502265	727.0093188940273	-1.0905194805194804	14036.809803963835	1.9269116387035163	63.357460142649124	18.295119060385826	22.0	2.0	3.0	2.810200000000001	0.7505409131362033	0.995803529214836	0.00209468714347496	5.268216471913891	0.9379244931442788	0.6675945610444357	4588.973948587244	3.74983705118279	0.1337436646870012	active
12.380887188208618	0.11028628117913852	-0.13912037037037028	0.7885238917590689	11.85	282.32400000000007	1.1	2.4976762711486016	2.0804451143924987	663.5148558151776	-2.4499999999999993	55748.13437203679	2.104570140375048	48.53093654769288	11.660033336098294	53.33	4.0	3.0	3.671280000000001	0.27371686932435085	0.9285563331875853	0.0006667520983272138	5.5050104357236735	0.7132368950126641	0.4930020424945924	2055.441768165904	3.2616719784407584	0.09870794808308504	active
13.592806932141798	0.13908021541950166	-0.6669187242798362	0.41103945228588273	15.777777777777779	540.4520000000002	1.0277777777777777	3.4121487414738794	1.4435448546386438	1488.333313424701	-3.3299999999999987	207108690.09453756	4.974707253403273	96.8834028470868	42.39037923643917	83.82000000000001	5.0	5.0	4.172900000000003	0.20201789818670632	0.8920998575725237	0.0001259714044010876	9.85247538230244	0.6734274756054514	1.1077040403410594	7967.584101008939	4.823152281428819	0.25603721794658646	active
12.293199247291511	0.07084124622071042	0.07084124622071042	0.6670445819834877	10.944444444444445	302.23500000000007	1.0555555555555556	2.768873143560632	2.1849071251802252	737.0246318569684	-1.5705194805194806	24687.272947986596	1.857554326462476	64.4481921185137	18.295119060385826	22.0	2.0	3.0	2.6101	0.6060261659369046	0.9879334901870367	0.0017738056234432905	3.959606558958733	0.90096840963362	0.568762373581197	2954.7540712778214	3.3397497154482445	0.14352410298525706	active
13.493264553908496	0.0748370461208665	-0.09744782480893566	0.34598626624675893	10.93939393939394	453.9330000000001	0.9090909090909091	3.2589220855950045	1.4633838269824682	1399.4406817574502	-4.0299999999999985	62436775.73973072	4.6098167774879055	107.90891090712704	25.885028089399803	63.910000000000004	5.0	5.0	5.380100000000005	0.23430471715382767	0.914874606481211	0.00019041987656009282	8.077435189466302	0.7339457024430729	1.2664506100608277	7006.7375118711525	4.741184059899921	0.2880060241366008	active
13.497379780245943	0.023952272458315216	-0.29150905905467295	0.3707810822968909	10.970588235294118	468.92400000000015	0.9705882352941176	3.257419819609033	1.4792724716865693	1524.321893974854	-4.229999999999999	89374700.5791247	4.463852849186056	112.0658714146378	20.901049568452596	82.19	5.0	5.0	4.302500000000004	0.24256908059118965	0.9213176400089297	0.0002484933068459858	8.848799811640356	0.8294385670550588	1.3838475841401952	7120.581818898941	4.506138943247848	0.40142026496466765	active
13.59096020588625	0.025526474216707618	-1.1185651438541948	0.2199603493379519	16.186046511627907	591.6650000000003	1.0930232558139534	3.449714607974085	1.4918167124819768	1469.6920223938178	-4.74	3553876394.755929	8.178601324602832	60.04926904054127	71.78716403426466	168.57999999999998	8.0	4.0	2.5432000000000006	0.3312194373258316	0.9488980104559579	0.00016250231103743615	8.67263321871194	0.852488639971203	1.446561195500769	14171.12075002651	5.518762005962473	0.28256040424352863	active
13.636105386650119	0.01625234702813394	-1.6251903597426267	0.24608490991212095	19.477272727272727	614.6960000000001	1.0909090909090908	3.4488285751118593	1.482355037453949	1365.100998510591	-3.9700000000000006	4783747558.965415	8.141944088691345	29.959396268694903	85.8040605949139	174.14999999999995	9.0	4.0	1.9875000000000014	0.33937484924765365	0.9508707485749642	0.00015070646395451136	8.434092009283024	0.8205184519910456	1.3071230922248933	14429.806323132854	5.520031453176749	0.22754807013919803	active
13.5402663141065	0.00024070852742164028	-1.456787581964849	0.26032531083343696	16.595238095238095	581.6700000000002	1.1666666666666667	3.403077997260066	1.7893642337453202	1373.7674846544135	-4.4	1180072139.5549319	8.085910950223498	29.959396268694903	66.80318551331746	179.47999999999996	8.0	3.0	2.3841800000000006	0.3391858234201614	0.9502610843581512	0.00018889559645299836	8.152764990385178	0.8950370129210511	1.579640658698392	13616.504154322862	5.3716796964228735	0.332252550644056	active
13.592280224251722	0.026341593163694554	-1.11528582286654	0.2199603493379519	16.186046511627907	591.6650000000003	1.069767441860465	3.449714607974085	1.4918167124819768	1469.6920223938178	-4.74	3553876394.755929	8.178601324602832	60.04926904054126	71.78716403426466	168.57999999999998	8.0	4.0	2.5432000000000006	0.09877220723169722	0.8171751779174096	9.059183242208919e-05	8.67263321871194	0.7634866484916146	2.0657710762932444	11163.435602641563	5.377020594682816	0.5405280282343032	active
13.599224668696166	0.03144363398002126	-1.1029401438541948	0.22294777123023807	16.186046511627907	590.6770000000004	1.0	3.449714607974085	1.4918167124819768	1466.8817484902477	-4.67	3553876394.755929	8.211251040930767	65.85468310269995	66.80318551331746	155.68999999999997	7.0	4.0	3.148200000000002	0.06300314056495807	0.7657804526125175	0.00010358686678078297	8.487502017757473	0.819709782497526	1.8996035553856685	10086.386779666369	5.064812136084617	0.582672540493916	active
13.537001851296582	0.041548437416492945	-1.0759077259487613	0.2860202186313948	16.951219512195124	570.6870000000002	1.0975609756097562	3.3559263955155605	1.7833012125705305	1277.3510936347175	-3.8900000000000006	656712651.8787203	8.547340258815737	29.959396268694903	66.80318551331746	155.68999999999997	7.0	3.0	2.8805000000000014	0.1260528583468244	0.8506581808497224	0.0001158597096927508	7.355244744884126	0.7952179588988207	1.6666920020426743	10382.121298990649	5.152495975610561	0.40736264065172817	active
13.68027150065209	0.02226655749525208	-1.1257930350106566	0.21050681064469662	16.155555555555555	622.7230000000001	1.1333333333333333	3.5494542953011083	1.5091564962630686	1589.7642301598191	-4.680000000000001	6801257451.360745	7.888569511688361	46.910703750088814	76.58367025676368	173.51	9.0	4.0	2.498540000000001	0.2864839049710158	0.9362353436220532	0.00014266173928297935	8.563392460451695	0.8716525248808038	1.6952131958773209	15156.893079354559	5.571129143657928	0.34856067670175356	active
13.589224668696167	0.024499189535576615	-1.1233483071195007	0.2199603493379519	16.186046511627907	591.6650000000003	1.069767441860465	3.449714607974085	1.4918167124819768	1469.6920223938178	-4.74	3553876394.755929	8.178601324602832	60.04926904054127	71.78716403426466	168.57999999999998	8.0	4.0	2.5432000000000006	0.3081399379969658	0.9428697468600145	0.00015705362017945224	8.67263321871194	0.8505171058560085	1.523366004363338	13824.939413265143	5.47685852199114	0.3114617072532165	active
13.181660455478998	0.07404971279655603	-1.0229154734922232	0.32299670515952583	17.514285714285716	486.5690000000003	1.2	3.2805851416085696	1.7512967688378192	1079.0914943135697	-3.4000000000000004	56597868.67953344	6.596173469387756	29.959396268694903	65.94040762020632	149.61999999999998	6.0	3.0	1.2835000000000008	0.5570906950852447	0.9836796664547077	0.00039314037655275463	6.474951857427962	0.9300203590123851	1.1742792500613008	12227.48042511765	5.339136483974217	0.2018270824484453	active
12.511903526109199	0.15244567271352927	-4.3594698365457285	0.6232898661677924	11.95	342.178	0.95	2.759840056601516	2.118773862916099	814.7915655163586	-1.7805194805194806	44985.39292260471	2.21121804732523	64.4481921185137	18.295119060385826	22.0	2.0	3.0	3.0665000000000013	0.6778472286931909	0.9925162528036081	0.0015966647447416538	6.78387834961583	0.9112732507422218	0.44170710727030477	4259.150811038659	3.7265423172432186	0.053190736056704276	active
12.190672241118671	0.029272014361299892	0.029272014361299892	0.6336232917968305	10.882352941176471	308.626	1.0	2.6869850313866452	2.274369562502265	727.0093188940273	-1.2805194805194802	14036.809803963835	1.8664697849479828	63.90737394055803	18.295119060385826	22.0	2.0	3.0	2.7011000000000003	0.6520209825928884	0.9910415172883105	0.001898894095959469	5.148714032754067	0.8995827404837599	0.5862476674000012	3190.9801062649285	3.418169136489174	0.10064547842610741	active
12.504228878317985	0.050464891975308346	-4.331183397939576	0.6470426196011942	11.952380952380953	356.205	1.0	2.7569408586534254	1.9191489980791354	830.4862820888939	-1.7805194805194806	70412.26953000849	2.8210114092232166	70.0116436102107	18.295119060385826	22.0	2.0	3.0	3.1256000000000013	0.4854079015442574	0.9750660116536524	0.0010024357381185592	6.545793198894672	0.9703263525145348	1.09032744274662	4232.455760500301	3.6636711208375945	0.34750428975061753	active
13.366599304475388	0.04538811203493709	-0.04538811203493709	0.39243876106279424	10.96774193548387	425.5170000000001	0.967741935483871	3.484519824710764	1.4420831161564165	1297.1002881147676	-3.839999999999998	30224836.464175556	4.082222255491286	95.4473019289327	25.885028089399803	63.910000000000004	6.0	5.0	4.788200000000004	0.4000488085284872	0.9634346383000018	0.00037125126143120103	7.387375746892244	0.8382875317116347	0.9509938295857926	7064.394022418968	4.566889437878243	0.18418372924139628	active
12.334958427815572	0.06485591458805762	0.06485591458805762	0.6335085685706999	11.0	302.23500000000007	1.0	2.7107676062519905	2.2822420529193823	782.5330923663166	-1.5705194805194806	20628.941483577648	1.7621387262015344	63.94527654174909	18.295119060385826	22.0	2.0	3.0	2.6645400000000006	0.5468196588433754	0.9829258983192216	0.0015619929078466907	3.959606558958733	0.8830637963709295	0.6703515067693042	2713.2069959196397	3.241419065565324	0.10995897218415113	active
13.93583802274098	0.14808708694170414	-0.9984837700512308	0.309581076758767	12.342105263157896	500.58200000000016	0.8157894736842105	3.5223558362317995	1.56420091681432	1472.3800749993627	-5.039999999999998	791267425.3896759	5.366637496404184	138.80055486323204	21.782316500597428	89.29	4.0	5.0	5.366300000000005	0.055648506063130834	0.7396980809743716	0.00014560649510434343	8.493199110707835	0.7783997409402625	1.652712670815354	6183.708236075743	4.410341267299698	0.5752796915202257	active
13.1801641191456	0.15122756046863195	-0.6450946397077357	0.5938666406403572	16.125	490.3920000000003	1.15625	3.32018121325869	1.5684011898115813	1126.1235367332733	-2.8099999999999996	23258789.089073196	4.98103161273197	74.65781763734267	47.37435775738638	88.6	6.0	4.0	3.1709000000000014	0.34837519149931206	0.9527346645721307	0.00025390059452042805	8.852256463773063	0.7996292267005747	0.9156014346819313	8289.352550616719	4.715129429850321	0.20672350482863952	active
12.297543461829177	0.013929988662131354	0.013929988662131354	0.6786713803127206	10.722222222222221	304.20700000000005	1.1111111111111112	2.768141759421268	2.248366723391765	757.5750218822898	-1.7705194805194804	24489.75014559996	1.7968038728718991	58.88474062681671	25.40491660166336	31.23	3.0	3.0	2.0563	0.5672709564560405	0.9847998439598294	0.0015691304193664562	4.405879392727275	0.8661485030006217	0.48303383163708397	2752.601199158892	3.2641798763929453	0.05522474119821337	active
12.215277305366591	0.33160997732426334	-0.43340765936004044	0.7301306649014965	10.7	286.718	1.35	2.90651026413538	1.9263037690537623	795.4227792424292	-2.329999999999999	57999.41232082151	2.2551782794198814	59.00553528582098	15.937262329846266	54.98	3.0	3.0	3.743920000000002	0.6293213396268817	0.9891731952440639	0.00162055147035292	5.2201165206274105	0.9817285246804591	0.5014558432206935	4052.5981215470583	3.9143847543544097	0.1252660169350364	inactive
12.223658352229782	0.07235591458805746	0.07235591458805746	0.6300536324372557	10.882352941176471	288.208	1.0	2.6869850313866452	2.274369562502265	721.812066321055	-1.5705194805194806	14036.809803963835	1.7759350682515336	64.4481921185137	18.295119060385826	22.0	2.0	3.0	2.3561199999999998	0.5700233525980563	0.9850484282612777	0.0018571216947211246	3.974796042135715	0.8828211148226243	0.681024342398333	2435.9932609756124	3.136534164390801	0.117089742014526	active
12.83536328420257	0.006674225245654197	-0.28665732342319616	0.6301789108659128	10.882352941176471	292.171	1.0	2.6869850313866452	2.274369562502265	727.0093188940273	-1.6405194805194805	14036.809803963835	1.7543951233641175	64.7019614678626	18.295119060385826	22.0	2.0	3.0	2.1868	0.5800700627762941	0.9858908533277669	0.001879710294093444	4.924626289607451	0.894310447041226	0.726757038205093	2541.8951147044622	3.166750396874795	0.19844711838108212	active
12.058190114008568	0.2206676351095993	0.2206676351095993	0.5930580770939952	11.117647058823529	296.27200000000005	1.1176470588235294	2.6699470717123925	1.992354670423384	526.2468859393574	-0.7905194805194806	11197.758018761775	3.11055719939695	34.61927235297027	18.295119060385826	22.0	2.0	2.0	3.028900000000002	0.5548850059920458	0.9836927280289254	0.0015102373762901614	2.8599159527180147	0.874169371161725	0.7239367993950132	2813.3133006817416	3.340057815500413	0.1385941288331159	active
12.206946806500378	0.012260802469135967	0.012260802469135967	0.6336232917968305	10.882352941176471	308.626	1.0588235294117647	2.676445018677098	2.3142653038028795	744.2593188940273	-1.2805194805194802	13797.07407128044	1.8664697849479828	63.90737394055803	18.295119060385826	22.0	2.0	3.0	2.7011000000000003	0.5235321549886877	0.9804823277695174	0.001496995042124986	5.148714032754067	0.9039645906462799	0.6515692093644667	2776.406036737865	3.232982067507096	0.1260374702208363	active
12.27516298185941	0.017530864197531137	-0.053881172839505886	0.6214166056399674	11.0	343.071	1.0	2.663259138765108	2.3148250355748976	770.7807349646104	-0.9905194805194802	19063.60891528064	2.0390405221714545	62.863640185837745	18.295119060385826	22.0	2.0	3.0	3.3545000000000016	0.4339891719178814	0.9690271276363566	0.0008453011309685282	6.444395322698599	0.8282411871815273	0.5196660264371745	3286.136549449745	3.4640718883862998	0.07997391614198995	active
12.138730631141346	0.07840277777777782	0.07840277777777782	0.6224308831812042	10.75	274.181	0.875	2.6877850522582163	2.3390420314531206	681.7240179402338	-1.5705194805194802	9923.302412937335	1.4529367399092816	64.95110769527832	18.295119060385826	22.0	2.0	3.0	2.0477	0.4907742783003864	0.9767814141403245	0.001750727176413636	4.024335192804742	0.8302959894366557	0.5317566261715645	1838.0198605421576	2.8729109073580736	0.0869551856462381	active
12.815329452035126	0.02982414493575214	-0.24972705131435258	0.6656887230718124	10.944444444444445	306.198	1.0555555555555556	2.699761379952149	2.023332339863186	742.3250218822898	-1.6405194805194805	22170.440452167048	2.049774654884461	70.26541295955961	18.295119060385826	22.0	2.0	3.0	2.2459	0.4123151728842082	0.964746540365009	0.0012476088159525539	4.79872675295937	0.9271006373230084	0.9283613417209651	2617.7079157459566	3.177832029701008	0.2890619302888757	active
13.202863284202568	0.055085034013605316	-0.37753695305282586	0.6774914994407878	10.842105263157896	322.19700000000006	1.2105263157894737	2.7633931145433697	2.30402905685122	806.5563336743082	-1.8405194805194804	34979.03004388997	2.008842385761417	58.635594399400986	25.40491660166336	31.23	3.0	3.0	2.1954000000000002	0.4417957857741594	0.9691176231701757	0.0013060717666547772	5.269863440267216	0.9528020468322272	0.6882005355966971	2818.6888203172803	3.1775960619651644	0.2103328846043179	active
13.674897959183674	0.2512037037037034	-0.7101563681027965	0.6324075039965741	11.0	310.161	0.9444444444444444	2.6763835517538856	2.3948807723001506	770.7807349646104	-1.7105194805194806	20265.576253880423	1.634857398908848	64.45281524044688	18.295119060385826	22.0	2.0	3.0	2.3259	0.38398412946233973	0.9603075578448549	0.001300658648008961	5.954055487325393	0.8742130009834953	0.6672101269803331	2106.469481367063	2.8919990585873263	0.13648507713910582	active
12.104512428058154	0.21934047461577233	0.21934047461577233	0.5672121906629936	11.166666666666666	310.2990000000001	1.0555555555555556	2.713416323490711	1.8808027861021064	540.6623318929239	-0.7905194805194806	18415.95658753146	3.364993800348276	34.61927235297027	18.295119060385826	22.0	2.0	2.0	3.4190000000000023	0.26897908862869013	0.9280112955054564	0.0009287836552933104	2.941194721056322	0.9398679250249867	0.980746751742886	2552.8901470747674	3.1813453782701506	0.2744034718225234	active
13.406267951625095	0.09768518518518499	-0.37929988662131486	0.6774914994407878	10.842105263157896	322.19700000000006	1.2105263157894737	2.7647937937140474	2.3304776790139523	806.5563336743082	-1.84051948051948	35049.29092291298	2.008842385761417	58.635594399400986	25.40491660166336	31.23	3.0	3.0	2.1954000000000002	0.35258000179504306	0.9520108846710856	0.0011049337091367253	5.269863440267216	0.9463318600961194	0.6925185603883739	2648.1233503562394	3.127476154123409	0.21496772066331676	active
12.39762329931973	0.05506944444444439	0.05506944444444439	0.5349846588752196	10.944444444444445	320.27500000000003	1.0555555555555556	2.7644606763071464	2.3213039612366595	759.5750218822898	-1.2205194805194808	24838.67917661971	1.8660397277497787	58.88474062681671	24.55088824389723	22.0	3.0	3.0	2.7696000000000005	0.32176158201609684	0.9450616709403473	0.0011059680374284058	4.711179801481423	0.9231048800134882	0.7368286190455282	2356.9757090283238	2.994790720162854	0.1821053557470424	active
13.65406462585034	0.10583333333333322	-0.3513600718065002	0.6301789108659128	10.882352941176471	292.171	1.0	2.681918735811092	2.3595811764044043	744.2593188940273	-1.6405194805194803	14195.395868648111	1.659219427315925	64.7019614678626	18.295119060385826	22.0	2.0	3.0	2.1868	0.444952292959202	0.9705745249495602	0.0014090168904903517	4.924626289607451	0.8154274353746731	0.4714846043838875	1959.7301132282655	2.9080883443345997	0.06667139146094059	active
13.126196617535903	0.30083333333333284	-4.71967474489796	0.4826575179760235	12.0	360.168	1.0476190476190477	2.7566557108717973	2.3342147522080547	878.5467719130116	-1.8505194805194807	63695.28685540375	2.4284553181870456	64.199045891098	18.295119060385826	22.0	2.0	3.0	3.2056000000000013	0.35900459751325864	0.9524762718552104	0.0010253826822267593	7.96057843641674	0.9732962216155311	0.8029942215140654	3032.8851366807844	3.1391067806067547	0.23905117282261673	active
12.24106465734442	0.09087738567649284	0.09087738567649284	0.6928247256460257	10.789473684210526	318.2340000000001	1.105263157894737	2.7690463408004837	1.9595979780783404	755.6616643747856	-1.7705194805194804	38733.42021511716	2.3708755455329986	64.4481921185137	25.40491660166336	31.23	3.0	3.0	2.1154	0.4498466952456505	0.9704186141907456	0.0011752597867708847	4.3689272216582005	0.9504764934066997	1.0823123519997895	3183.9070182743612	3.396503548527028	0.28186425858133873	active
12.536436602418746	0.058263888888889115	-4.859072105694129	0.6241325584121488	11.818181818181818	392.622	1.1363636363636365	2.7506346465739426	2.219667915896948	900.9747206583737	-1.6905194805194803	96162.18724422503	2.924678564375663	57.84100687209642	24.65747791941621	31.23	3.0	3.0	3.5997000000000003	0.33042684729691335	0.9487436779464926	0.0006409835379748721	8.81502915909995	0.8436569014386281	0.690486965032408	3513.449953330271	3.3843767570391745	0.1545897041196446	active
12.419543178382465	0.01033950617283974	-0.07773919753086433	0.6728279499844142	10.842105263157896	338.65200000000004	1.2105263157894737	2.7647937937140474	2.3304776790139523	806.5563336743082	-1.4805194805194806	35049.29092291298	2.121147186147187	57.84100687209642	25.40491660166336	31.23	3.0	3.0	2.7097000000000007	0.36083903297723346	0.9545764835308965	0.0009412055773973239	5.486515060465386	0.9246970952525272	0.6919975294503805	3048.932319789458	3.2894186042725235	0.2124174368314672	active
11.932476379440665	0.22362906273620564	0.22362906273620564	0.6154899334180128	11.0	268.218	1.2666666666666666	2.574672528858721	2.2830110617121777	497.53658280678934	-0.7905194805194806	4122.050718702812	2.2418998667691876	34.61927235297027	18.295119060385826	22.0	2.0	2.0	2.2487000000000004	0.2888209543696477	0.9356391021280687	0.0014489746622898027	2.716834377639782	0.9183271766090754	0.9911108439250934	1648.9627385949889	2.757297293218229	0.33839304252888547	active
12.290952853363567	0.06923611111111105	0.06923611111111105	0.6300536324372557	10.882352941176471	288.2080000000001	1.0	2.681918735811092	2.3595811764044043	739.062066321055	-1.5705194805194804	14195.395868648111	1.6797733842420794	64.4481921185137	18.295119060385826	22.0	2.0	3.0	2.3561199999999998	0.4454514881388936	0.9707998621176842	0.0015162710389041308	3.974796042135715	0.8399422638396885	0.6148097117641458	1939.5827645779862	2.886527325834521	0.11630197104670688	active
13.08204266692903	0.03684033503973949	-1.0605154758694624	0.36648141964571357	16.714285714285715	509.9870000000002	1.1428571428571428	3.1871009436099627	2.049486740102218	937.4477557613955	-3.1399999999999992	33577689.24299899	9.936555521862347	34.85155307928476	54.89546979267963	139.89999999999998	7.0	2.0	2.1240999999999994	0.05039983612371528	0.69122387863547	0.00012579596681197648	7.21246512591127	0.7273910092729043	1.6568618316444794	5820.318295394334	4.384102540300345	0.5218227505409802	active
12.39987748803225	0.026404596560846594	0.026404596560846594	0.6784840406266259	10.761904761904763	348.26000000000016	1.0952380952380953	2.8421493062625864	2.021848222820718	834.8995259079352	-1.9705194805194806	97070.76740609237	2.622491355692139	58.38182505005209	32.51471414294089	40.46	4.0	3.0	2.1239999999999997	0.42151715580809085	0.9669693196257357	0.0008537112899632106	4.765158591944473	0.8821441032059051	0.9870336104110753	3576.106904991997	3.526750147940312	0.24959969173210142	active
12.10198365457294	0.20883975812547217	-0.20883975812547217	0.5633598200445077	13.666666666666666	235.242	0.8888888888888888	2.659856963866877	2.103900650842579	634.9027740033816	-2.5499999999999994	22981.164167809817	1.5691552778201157	71.05534855915606	16.550468413677088	47.03	3.0	3.0	2.544200000000001	0.572439773694813	0.9852455649858181	0.002011005007317283	4.611187960306032	0.8653868393592354	0.43936360800636565	2175.900396546583	3.2990409893257624	0.0768813882917096	inactive
13.113759220911096	0.07542712326487555	-1.0182858438625935	0.32789190968006365	17.323529411764707	472.54200000000026	1.2058823529411764	3.4268622053587814	1.7528690677146948	1062.9104979334893	-3.4000000000000004	36985301.33550804	5.932516419958828	29.959396268694903	65.94040762020632	149.61999999999998	6.0	3.0	0.8934000000000009	0.2299426333166999	0.9161408306499889	0.00021805551044624092	6.424507088153823	0.8197601206356054	1.3842886129588248	7688.073334714138	4.69425803401388	0.35848551159776043	active
13.469540519171652	0.03955408320735754	-5.164441468965122	0.5037264667056948	28.885714285714286	499.5340000000003	1.2285714285714286	3.095432995844625	1.8075863695374195	952.2741096576063	-2.8400000000000007	21524854.813122578	5.232396054019775	0.0	65.919962464969	131.4	5.0	3.0	1.0971800000000007	0.4344509544097576	0.9691637956244518	0.0003072185879742139	7.13378382843833	0.852004024475672	1.0143437983231658	9588.803629105634	4.861947009772154	0.18681417369718337	active
12.035428004535149	0.0857407407407409	-0.0857407407407409	0.5647556673817496	10.666666666666666	255.302	1.1111111111111112	2.8354600728046506	1.8808510137839571	660.5375554683588	-2.1399999999999997	26744.059406693465	2.122804742745649	54.485817548844274	20.067212493027345	58.64	4.0	3.0	2.8904000000000005	0.7774942739471239	0.9967159403635213	0.0032905555827709722	4.854324283715956	0.9648224633937483	0.3640919733834052	3493.509443052541	3.8088750031982426	0.08292273122463119	active
12.15211010330058	0.02464710884353738	-0.02464710884353738	0.5382346135061886	10.4	298.392	0.95	2.990906669724506	1.7856665190669754	711.008040620832	-1.9799999999999993	77907.13693298394	2.946931856838924	65.80177088462032	15.083233972080137	42.85	5.0	3.0	4.137600000000002	0.5172412648106678	0.9798498103676253	0.000987756916345389	5.792319674957978	0.8396276720225888	0.3135316020096954	3573.285487355894	3.813547918314118	0.08267932537154868	active
12.198725329638027	0.03281326110691185	-0.03281326110691185	0.481046872398941	10.523809523809524	377.288	1.0476190476190477	2.9887739279050867	1.7816590038601423	756.8594992438032	-1.4999999999999993	110034.70092975367	3.5816	64.20812333199113	15.083233972080137	42.85	5.0	3.0	4.900100000000002	0.7103563635590519	0.9941383600207586	0.0010055934257609351	7.174281107229239	0.911581072121384	0.3168958601119841	7643.300921333908	4.737338087189063	0.08031293395928177	active
12.077094671201815	0.011666666666666936	-0.011666666666666936	0.5275946130012502	10.666666666666666	272.354	1.1111111111111112	2.8354600728046506	1.8808510137839571	661.2924429705223	-1.7199999999999995	26744.059406693465	2.2738285872781065	53.669036747697106	15.083233972080137	42.85	5.0	3.0	3.623800000000001	0.31073448383317337	0.9406439384839593	0.0007735148060163502	5.5036446742608005	0.7216754237953231	0.3790097077767235	1983.8541149104726	3.225139092463532	0.1356300894834637	active
12.047943436633911	0.2098322940287225	-0.2098322940287225	0.54164592865654	10.4	282.324	0.95	2.990906669724506	1.7856665190669754	711.008040620832	-2.3999999999999995	77907.13693298394	2.777653780614121	66.68487110979348	15.083233972080137	55.99	5.0	3.0	3.669100000000002	0.5572481459838549	0.9838998348824861	0.001228598029011409	5.5353542731921115	0.8636589028889233	0.3194468549208918	3397.0321612836674	3.7718815432038686	0.0837813363010333	active
13.272287021289998	0.07303925736961436	-0.6805328798185941	0.6759389651549571	15.6	422.8720000000002	1.2	2.752421012643878	1.6947401948001475	1158.832741900724	-3.449999999999999	6911130.988435867	3.713684665954323	71.00779291959273	47.742612234354546	91.4	4.0	4.0	2.8123000000000014	0.18142873534395634	0.8800283694445713	0.0002067330139475992	7.353055870502025	0.6782635264920163	1.13781686907147	4685.604291721659	4.193771335400082	0.3064712031419762	active
12.078228930461073	0.1555990173847317	-0.1555990173847317	0.5275147798324802	10.526315789473685	267.313	0.9473684210526315	2.4754569434724107	1.8932085935955498	730.8524154247173	-2.2699999999999996	36765.486524452244	2.606376280870156	60.55218461730588	20.067212493027345	55.74	5.0	3.0	2.957300000000001	0.23952275505735546	0.9071946725375643	0.0006422378085182535	5.3833627742349375	0.6461470164775824	0.3403005415909513	1545.1934254264002	3.0405772954185117	0.1347749075611693	active
13.127666908208033	0.0012141128398719392	-1.0602816965348534	0.15226355145760612	12.764705882352942	499.0320000000004	1.1176470588235294	2.7200194145356233	5.551104657767035	772.692980655673	-2.8000000000000003	6873644.101638149	12.442669753086417	5.425791397110385	59.053252679890896	152.76999999999998	5.0	0.0	1.6098000000000008	0.21681304056818368	0.9103663553250364	0.0002050207285539282	6.301296768707483	0.8234341019609049	1.268553165283936	7992.194917984131	4.6643962846708265	0.31299149742007015	active
13.512688767636682	0.06693098072562309	-3.835297794629279	0.5385680259145699	21.142857142857142	534.0590000000002	1.2	2.761984508416823	1.4535928458836416	1539.1278379452342	-2.53	44653362.60556087	4.798531108327305	71.00779291959275	55.83528543640576	113.50999999999999	6.0	5.0	3.1906000000000017	0.24185912118813252	0.9185325621532193	0.0001720026840304644	8.794189855174759	0.7417202884702373	1.321230408263682	8090.371733085401	4.671576565593147	0.3481442204705911	active
12.076091584782061	0.16358229402872237	-0.16358229402872237	0.6834057017399089	10.65	302.38000000000005	1.15	3.089534007340253	1.7801468510242078	734.484080421873	-1.9199999999999997	70503.16604750456	2.8090254226872053	53.232440594958476	15.312640546787796	55.99	6.0	3.0	4.039020000000002	0.23638093702537052	0.9032469651222326	0.00046362204447402083	5.829328033046628	0.632474464660298	0.41175270964036925	2010.6757644981603	3.2919992694041564	0.0755816304490859	active
13.455682594797176	0.012686366213151556	-3.7319181649996502	0.5927219986950237	19.454545454545453	480.97700000000026	1.2424242424242424	3.5737157916225963	1.4783523723477914	1407.4716961127083	-2.9899999999999993	49711587.4299763	4.197182678412694	71.00779291959275	35.911781238583245	103.16000000000001	5.0	5.0	4.059680000000003	0.26921857908047375	0.9259528186857263	0.00018836876591475746	8.345995825121584	0.700383378024981	0.9564823849936075	6895.816259184974	4.6118259159036645	0.1618544819465058	active
13.612429291562812	0.08587360678422429	-3.811232977471929	0.44851950065326246	18.81578947368421	573.0760000000004	1.2105263157894737	3.610732214586554	1.4520846214113705	1715.6466274337095	-3.239999999999999	332137217.8929668	5.465027815881724	69.66352071558322	50.585347406423594	151.39999999999998	7.0	5.0	4.024480000000003	0.1446990276128923	0.8598519439184955	0.00011446908474427673	10.386520175038255	0.7241180578511869	1.4710731753480863	8972.176736811683	4.915061866984849	0.3979748253142654	active
13.370476662887377	0.14645479024943353	-0.6374366969009833	0.643387609218501	15.074074074074074	378.8150000000001	1.2222222222222223	3.107325143482277	1.8264041317673452	1074.7147114543122	-3.179999999999999	2228666.8126597935	2.958836147583341	78.09929721832813	23.405219944163136	59.5	4.0	4.0	4.110000000000002	0.15165739209347823	0.8726325920150262	0.00043873870298421645	7.092592040630509	0.8427359774175281	1.2909837219564753	3314.5278957959563	3.478709607089311	0.5373983423980039	active
13.429033718055631	0.012885690764929736	-3.578431754374599	0.5180857071878658	15.457142857142857	514.9710000000002	1.2	2.791224972071609	1.6662445232863563	1459.9325214404694	-3.6999999999999993	46346080.01107119	5.357786098924997	69.66352071558322	62.41617840219488	139.64	6.0	4.0	2.7771000000000017	0.40779363221215237	0.9647827540559163	0.00023264636996801917	9.396785902311576	0.8336036530958075	1.08928437707858	11355.021841534443	5.265879732072169	0.21919939236347039	active
12.927418272864701	0.0700998362307883	-0.2870508944318473	0.6597209287605736	16.16	372.25500000000005	1.16	2.623226744701067	1.6749357004587393	968.7904750574078	-2.299999999999999	707379.3239760897	3.03229155039625	64.40060767317546	17.43591465621129	54.02	3.0	4.0	5.079500000000003	0.4793072390509191	0.9751915077283703	0.000653134984472919	6.452923349974949	0.9104503893395788	1.0443914629827744	5733.302211091955	4.246328483736437	0.2965427548544544	active
13.514011820777693	0.060103694255480455	-3.6801357575922435	0.6061137544986807	21.757575757575758	485.00900000000024	1.121212121212121	3.254548189230152	1.483958134049557	1325.038804029699	-2.5199999999999996	41062094.24851742	4.237644949782904	71.00779291959275	47.55365643495784	82.61	4.0	5.0	4.012700000000002	0.10393629389795246	0.803944533066731	0.00016674401504055753	7.48734769707788	0.6872903795921683	1.401793686610263	4763.533311919926	4.0379588300593445	0.4655715446362987	active
14.02460183610481	0.10887605331643946	-0.9731052768329556	0.6675429432981888	20.1875	448.9100000000002	1.1875	3.127782050185785	1.6221318186103701	1271.8389521334714	-3.449999999999999	26189894.974205237	3.036528747271827	71.00779291959273	54.28736864026712	82.61000000000001	4.0	5.0	2.7647000000000013	0.2136393758026627	0.8893311216724209	0.0001735976916790205	7.5566684625920075	0.6252000698229265	0.9184619889992626	4924.104899744017	4.274135005946672	0.18509987984395473	active
12.076863189720331	0.011435185185185048	-0.011435185185185048	0.7292401868900106	10.944444444444445	275.358	1.3333333333333333	2.964974691210409	1.866729037102395	716.7671020477977	-1.66	24763.468620989337	2.164014810950415	41.03338703400927	20.296619067735005	58.64	5.0	3.0	3.260320000000001	0.26916406146957883	0.9243075614571765	0.0006420202732408673	5.144056747805547	0.682945059710781	0.3533984701108213	1903.5281416785995	3.2325123865387866	0.06227394890892616	active
13.630762314184931	0.04681955366673418	-0.3749170374766313	0.3889072341446162	17.97142857142857	493.0070000000002	1.1428571428571428	2.837616820746171	1.399142783399082	1214.7768558505277	-3.3199999999999994	89527219.31136389	5.6757396643046905	59.88088993619875	29.69493033928423	83.56	4.0	5.0	6.1219000000000054	0.12360500785453643	0.849133405588294	0.00016045772093438248	7.127805838476391	0.8125894673187772	1.278046666168688	7791.141509421443	4.770924984412174	0.31198237277166724	active
14.02923146573444	0.037755889392794506	-0.7326886101662891	0.687464767157707	20.967741935483872	434.9270000000002	1.2258064516129032	3.0978513775702243	1.5873819636937911	1191.9177824124197	-2.9599999999999995	17084823.826976933	3.266840477604982	71.00779291959275	48.380188910915614	65.54	4.0	5.0	3.124500000000002	0.21851944905763368	0.8993434986553964	0.00021254251880603435	6.7675976879394275	0.661952542246457	0.8202205028436519	4715.038172307139	4.146029849944705	0.18307700598364413	active
13.585993808788945	0.08751565495786573	-3.8075657109269154	0.4887033402399182	19.10810810810811	559.0690000000003	1.1891891891891893	3.6133843760305386	1.4781791874164865	1695.724886288308	-3.0399999999999996	221319619.58942044	5.067279127132974	64.94142585113113	50.585347406423594	137.3	7.0	5.0	3.463180000000002	0.4689699966631359	0.9741096848446738	0.00028333086756040734	9.927780602227873	0.8554501925159463	0.9525217440675499	11424.606677405167	4.986163240003925	0.16769999333463517	active
13.510682594797176	0.012686366213151556	-3.7552514983329837	0.5640147416322046	19.58823529411765	495.0040000000003	1.2352941176470589	2.806405378946732	1.4717339938580913	1424.34155980593	-2.9899999999999993	40284894.006357856	4.155211536231779	71.00779291959275	35.911781238583245	103.16000000000001	5.0	5.0	4.449780000000003	0.33981493258247686	0.9510251674155711	0.0002550815963412994	8.299043216695695	0.8355988921153905	1.1704797268704992	8855.206004476631	4.791434782004395	0.2581746989537341	active
12.223244520030235	0.003379629629629566	-0.003379629629629566	0.7292401868900106	10.944444444444445	275.358	1.3333333333333333	2.9675908288188397	1.9438322133164496	716.7671020477977	-1.66	25132.526729266752	2.0432792287965653	41.03338703400927	20.296619067735005	58.64	5.0	3.0	3.260320000000001	0.47750361803403424	0.9751850125039746	0.0012597300863691821	5.144056747805547	0.8395772383649603	0.3517605688078174	2527.4518403832853	3.3564715498261006	0.05668867510248625	active
13.503721261652808	0.10081703514739204	-0.9001103710219427	0.6399581177539437	18.75	448.9100000000003	1.15625	3.6047297739108286	1.537848942858753	1265.8389521334714	-3.449999999999999	37476702.86473579	3.2039149595557164	71.00779291959273	46.73678108082532	91.4	4.0	5.0	3.3449000000000018	0.23553985269710073	0.9144503447231764	0.0002240300801322036	7.5566684625920075	0.7212770592861267	1.0774597229620906	5738.081591790319	4.340270099416406	0.25702919589665485	active
13.449658289241622	0.056375425170068105	-3.7768487205552055	0.5542211443498137	20.441176470588236	520.0320000000003	1.1470588235294117	2.767720959345468	1.4409359188118236	1490.7793623339035	-2.5299999999999985	33483417.653598383	4.548189460886439	71.00779291959273	55.83528543640576	113.50999999999999	6.0	5.0	2.8005000000000013	0.211023472220976	0.9069435566386005	0.00020538472381838912	8.846250987457346	0.8742912209939498	1.318880825176435	8834.906395455522	4.7226486636400224	0.32652125434461826	active
13.451855434303349	0.09303925736961505	-3.4973348316663153	0.5938340896710826	20.0	469.99400000000026	1.21875	3.483408888928425	1.4803346035209972	1315.8189105887063	-2.4799999999999995	27062701.193533823	4.12250091246193	71.00779291959275	35.911781238583245	79.37	4.0	5.0	4.556000000000004	0.16017542280564756	0.8578164843359734	0.00015135155543427795	7.257342855650618	0.6528861452397856	1.088344961124803	5479.7656599834045	4.398602937279302	0.26882835185717446	active
13.328459860796169	0.07672406462585024	-0.6807454648526081	0.6421088255185609	15.483870967741936	436.8990000000002	1.1935483870967742	2.7569586747814165	1.6705717786785295	1175.2002569933645	-3.449999999999999	10927861.863660742	4.223878369576622	71.00779291959273	47.23969665758993	91.4	4.0	4.0	3.2024000000000017	0.29191252767837816	0.9332144369147959	0.00020906968755668372	7.30791209649272	0.6953868906572823	0.7835345561573583	6436.957137789836	4.665481456006262	0.11529485838812013	active
13.449375049019709	0.020412887377172728	-3.8048811279626142	0.6157761815270262	19.454545454545453	481.96500000000026	1.121212121212121	2.7738371216612694	1.4683700508210695	1393.4674174174204	-3.029999999999999	26272298.439678334	3.9575070354774007	71.00779291959275	47.55365643495784	106.39999999999999	5.0	5.0	3.1262800000000013	0.1335890225679823	0.8516562803708453	0.0001820118069804318	8.635329172744665	0.7357229881707151	1.2454355092522715	5674.32651249597	4.252208305578331	0.37175704345671184	active
13.512688767636682	0.06693098072562309	-3.835297794629279	0.5385680259145699	21.142857142857142	534.0590000000002	1.2	2.761984508416823	1.4535928458836416	1539.1278379452342	-2.53	44653362.60556087	4.798531108327305	71.00779291959275	55.83528543640576	113.50999999999999	6.0	5.0	3.1906000000000017	0.23431107719503647	0.9147935734118258	0.00016714763043945157	8.794189855174759	0.7327555871317665	1.3193574266563861	7952.815298194224	4.659515125991576	0.3455593317905938	active
13.050636889014864	0.10346387629125697	-0.32233279268497617	0.6409128158093472	15.74074074074074	402.28100000000006	1.2222222222222223	2.680077397554158	1.6810060436540155	1039.15571424855	-2.499999999999999	1741396.3695251993	3.4028898112616495	58.33424060471385	24.54571219748882	63.25	4.0	4.0	5.088100000000003	0.3695353324243295	0.9538273443975046	0.0005448733173739099	6.832533770988512	0.9976476974993491	1.052796426579418	6081.676984606825	4.172714048129795	0.3849617668349523	active
13.61595807689084	0.022069359570937808	-4.026884151394208	0.4938360474511647	20.789473684210527	573.0960000000001	1.1842105263157894	2.893011249655436	1.4493817759815792	1665.9491384157727	-3.0399999999999996	265433921.0204262	5.265688612190039	71.00779291959275	55.83528543640576	137.3	7.0	5.0	3.4744800000000025	0.4618924461397272	0.9731084261227472	0.0002416719994773083	9.855754499470237	0.8764370432796539	1.0894511688056638	13798.488909934194	5.379436454340397	0.1954094930893467	active
13.483336915784832	0.04116850907029557	-3.63441816499965	0.5710373034204539	19.757575757575758	485.9930000000003	1.2424242424242424	3.5737157916225963	1.4705872583407205	1335.293679992364	-2.5199999999999996	49711587.4299763	4.35704302258837	71.00779291959275	48.62262959084447	88.60000000000001	5.0	5.0	3.9349000000000025	0.14524836096620167	0.8585803802362397	0.00018236869084262518	7.745602280106519	0.7134533423346113	1.2357318746877846	5444.216236983699	4.180520690021653	0.3606246655772469	active
13.466692623036868	0.029478916796287002	-3.620570463760503	0.5180857071878658	15.457142857142857	514.9710000000003	1.2	2.795208830901446	1.6981436093854159	1459.9325214404694	-3.6999999999999993	46590406.62344142	5.357786098924997	69.66352071558322	62.41617840219488	139.64	6.0	4.0	2.777100000000001	0.22887060869443895	0.9080543629831268	0.00016875051135127896	9.396785902311576	0.6872247387105193	1.058116150074396	6681.77022759571	4.458893726747829	0.2470315466249756	active
13.458771074787938	0.008368698017417353	-3.408196863278644	0.5205427734005493	15.571428571428571	514.9910000000003	1.1714285714285715	2.798341126663719	1.6810583783339257	1457.5449868869096	-3.499999999999999	48839752.702844694	5.128849438434863	64.94142585113113	61.91326282543027	125.53999999999999	6.0	4.0	2.605900000000001	0.42432040844874	0.9675310588058785	0.00025302288261856584	8.862873345935729	0.8326988877771058	1.0907055966915689	10842.297216279823	5.134543570086916	0.17197415034198077	active
13.398926760519021	0.3065402179390271	-1.2088147203325774	0.7141839072571545	18.25	398.8460000000001	1.2142857142857142	2.727327038621525	1.7641304695761757	1055.75507143601	-2.829999999999999	2898488.6289113346	3.0435501275880514	59.377974359434134	31.717635297366698	69.68	5.0	4.0	4.159700000000003	0.42183012601096087	0.9670378606324547	0.0005358185871633727	6.6085284481333995	0.8800961534772132	0.9629347633255683	5677.124463518673	4.15482638608566	0.2588161823464383	active
13.500682594797176	0.0330945294784577	-3.7952514983329837	0.5620628896469915	19.58823529411765	495.99200000000025	1.2647058823529411	2.806405378946732	1.4717339938580913	1426.7892240585536	-3.0299999999999994	40284894.006357856	4.142115364739887	71.00779291959275	49.00129405040839	115.19000000000001	6.0	5.0	2.869080000000001	0.2303244590024171	0.9062925164818907	0.00015852435007147542	8.5708175916983	0.6686095048933297	0.825109685308197	6672.171518450997	4.5866865602126055	0.14747734107982682	active
13.472432900259378	0.02167894935752157	-3.7337700168515027	0.5982322762083417	19.757575757575758	486.9810000000002	1.121212121212121	2.7738371216612694	1.46093524471586	1321.7908665598588	-2.559999999999999	26272298.439678334	4.109989225416626	71.00779291959275	60.767420363983675	91.84	5.0	5.0	3.001500000000002	0.45494272507288097	0.9721425483646027	0.000375625920718782	7.996342672698072	0.874668842269233	1.1284561665276633	8689.442515200946	4.63817908881487	0.20945946280890188	active
12.08054799697657	0.00532407407407387	-0.00532407407407387	0.7292401868900105	10.944444444444445	275.358	1.3333333333333333	2.964974691210409	1.866729037102395	716.7671020477977	-1.66	24763.468620989337	2.164014810950415	41.03338703400928	20.296619067735005	58.64	5.0	3.0	3.260320000000002	0.27304019910902755	0.9260121450870649	0.0006467248797269726	5.144056747805547	0.6859699714685101	0.3266138977745407	1927.4401968473096	3.2446844839787174	0.06056765703312386	active
13.594608214631887	0.043936366213151556	-3.8503440909255766	0.537955160577435	19.833333333333332	525.0300000000003	1.2222222222222223	2.8819271481568376	1.4608745202060223	1459.0407625542807	-3.0299999999999994	141590418.00314218	4.819815771309379	71.00779291959275	49.125545167609076	112.39000000000001	6.0	5.0	4.076280000000003	0.2712454233557048	0.9317036382568308	0.00023390130692782838	8.77488083567012	0.8230180608230822	1.255831600784245	7972.913452899171	4.491024765295714	0.29912221410231205	active
13.426035618371927	0.09005660887199518	-0.6744440245233905	0.5852528429202921	17.545454545454547	462.93700000000024	1.121212121212121	3.641247636850203	1.4091453188457375	1252.135538819152	-3.449999999999999	65437545.836390726	4.544007544758551	71.00779291959273	47.239696657589924	91.4	4.0	5.0	3.592500000000002	0.21955517095483854	0.9043372026966165	0.00016859290069725413	7.531899072907944	0.6936196150782937	1.1402687550574513	6685.901676942819	4.698467092554616	0.22406219070592226	active
13.433663347685261	0.13413236922930882	-3.5464081461147283	0.5357490136597978	16.029411764705884	500.9880000000002	1.2058823529411764	2.772191112150617	1.631659716631534	1379.033166634488	-3.2099999999999995	30560828.873726252	5.464036026219733	69.66352071558322	56.50899867284337	122.57	6.0	4.0	3.1369000000000016	0.3744930013254007	0.9585435428830964	0.0002770948187608796	8.472409879420635	0.8247974112981169	1.1254967574772914	8615.955858590234	4.689907291047176	0.26773396993826226	active
14.260665706097253	0.037610162760475685	-0.7370636101662891	0.6475000506562233	23.696969696969695	460.96500000000026	1.121212121212121	3.5951210454134856	1.4611955607970506	1299.1964398881057	-2.9599999999999995	76497388.25786524	2.9360502456262068	71.00779291959275	47.374357757386385	65.54	4.0	6.0	3.6571000000000025	0.3081412269783696	0.942900809816312	0.00034755637558726697	7.027676880747057	0.8456252601502882	1.0921507138859052	6177.18127642862	4.154854644472314	0.2939050221379962	active
13.402598235281765	0.012053505273653231	-3.4061873146675326	0.5529644944545921	15.676470588235293	500.9640000000003	1.1764705882352942	2.794040975882697	1.6997761306872847	1440.5461740908772	-3.499999999999999	30891207.609620593	4.593345409984549	64.94142585113113	62.41617840219488	125.53999999999999	6.0	4.0	2.2158000000000007	0.2474044617116412	0.9221498128480361	0.00019596865942141177	8.936158572510731	0.7710516051417818	1.2659603035783555	7842.541439522114	4.6803952903490424	0.33901534756035967	active
14.577302965167547	0.037915485638700064	-3.7840038603889155	0.47471973709225174	24.83783783783784	535.0690000000003	1.1891891891891893	3.6112222667962284	1.4912406426925107	1574.5333439006524	-2.9899999999999993	380207738.58808786	3.7495486716079114	71.00779291959273	42.45653764449582	94.37	5.0	6.0	4.648180000000004	0.2125258181915882	0.9082991291347162	0.0002307376521551446	8.505076319960974	0.8435745009786494	1.4493386841157259	7372.562485873665	4.297975260845015	0.44894917876927504	active
13.61487961388259	0.050233528596623334	-3.995340823414867	0.6062042234115708	19.84375	472.95400000000024	1.1875	2.7719608096259036	1.808702909205955	1339.5151659629855	-3.009999999999999	13006078.926216075	3.72171794529625	65.44434142789574	49.65853574977773	108.47	5.0	4.0	2.5349000000000004	0.3165362972948244	0.9446726763827691	0.0002743480912355551	8.088466167422874	0.7849175146291405	1.0456606759235716	6846.254034043108	4.41400489940327	0.2405819875660597	active
13.276916650919626	0.08349527941639479	-0.44344954648526147	0.6949663952768478	16.275862068965516	408.8890000000001	1.206896551724138	2.7323285475536863	1.6499276264552347	1080.1002555250952	-2.959999999999999	4555015.739712894	4.0854532042669796	71.00779291959275	41.835432505003034	74.33000000000001	4.0	4.0	3.1721000000000013	0.16393348874345903	0.868518040437295	0.00023278068189572424	6.520411833602661	0.6844475355275169	1.1953790213737647	4060.2395796497867	3.9767359134952804	0.3374698963296635	active
13.380067633534894	0.03178925736961524	-3.697566313147799	0.6325779196676399	16.967741935483872	458.9710000000002	1.2580645161290323	2.7741775324215414	1.7120381947696386	1243.239527636664	-2.5199999999999996	9751073.124164838	4.161004967219188	71.00779291959275	48.05657201172246	82.61	4.0	4.0	3.622600000000002	0.3452760412583261	0.9521723074472693	0.0003231406827831036	7.246015253546545	0.811454588318961	0.9157752452820261	6668.6513763115645	4.353528246969671	0.21484369988948307	active
13.46050517392193	0.041618403725637076	-4.053492239073724	0.5190624563700035	16.294117647058822	502.98000000000025	1.2352941176470589	2.8285295088166604	1.6713079790978527	1359.2276209848037	-3.049999999999999	37466441.64907067	4.757115012770551	71.00779291959275	61.13567484095184	108.91000000000001	6.0	4.0	2.7757000000000014	0.17143069434367025	0.8795315838164642	0.0001825295385445711	8.559863711448441	0.7188055146762553	1.3857781393014161	5948.784418001783	4.249132761359807	0.4370415739296931	active
13.276916650919626	0.08349527941639479	-0.44344954648526147	0.6949663952768478	16.275862068965516	408.8890000000001	1.206896551724138	2.7323285475536863	1.6499276264552347	1080.1002555250952	-2.959999999999999	4555015.739712894	4.0854532042669796	71.00779291959275	41.835432505003034	74.33000000000001	4.0	4.0	3.1721000000000013	0.19253010099475748	0.8871521167475516	0.00020808442320837913	6.520411833602661	0.6778925555266634	1.054419454321187	4785.55151177857	4.297449387523849	0.2679588033949641	active
14.182980062816371	0.027795347945660742	-0.729959451373142	0.6086662816000805	22.38235294117647	474.99200000000025	1.1764705882352942	3.6228429986501944	1.3365261219921194	1285.365159250072	-2.9599999999999995	130827062.98847221	3.749023037772425	71.00779291959275	47.87727333415099	65.54	4.0	6.0	3.9047000000000027	0.13002561930915696	0.8524764668914094	0.00020605385136862587	7.048377567059187	0.7700753914811058	1.399662951272505	5505.271630674835	4.1538573370034735	0.43518305641604194	active
13.455682594797176	0.012686366213151556	-3.7319181649996502	0.5927219986950237	19.454545454545453	480.97700000000026	1.2424242424242424	3.5737157916225963	1.4783523723477914	1407.4716961127083	-2.9899999999999993	49711587.4299763	4.197182678412694	71.00779291959275	35.911781238583245	103.16000000000001	5.0	5.0	4.059680000000003	0.2631424412187422	0.9231246392576753	0.0001830433252049189	8.345995825121584	0.6937325385675953	0.9474423522414688	6838.060419706173	4.61466777785517	0.15940454513448798	active
13.336353953235715	0.044777406670826414	-0.5090878002435548	0.6024079412935601	15.67741935483871	433.89900000000017	1.2258064516129032	2.7732902568591626	1.6007939872796126	1184.7955419616524	-3.4699999999999984	11918092.854080949	4.659886064144174	71.00779291959275	41.33251692823842	98.12	5.0	4.0	3.065880000000001	0.17352011792661332	0.8535158919024696	0.0001417006638568668	7.588957398694362	0.605280080276248	0.9592339648465561	4961.893810041607	4.481808314631884	0.24638221182374084	active
13.642999981628451	0.03327104044539397	-3.910945340556546	0.44721217848214406	20.641025641025642	612.1510000000001	1.1282051282051282	2.8031143224180224	1.4583681186334463	1829.604169414665	-2.5799999999999996	199545470.25994542	5.684877057229937	64.94142585113113	70.50885160424609	147.64999999999998	8.0	5.0	2.594100000000001	0.15621898936485942	0.8491021077157037	8.669744415555634e-05	10.357127262470058	0.6369694753005366	1.1918961828792827	8859.493891957656	4.959634790341002	0.2890372577144722	active
13.275708144368858	0.27317617787855863	-1.1712019321617535	0.7539882358953905	18.846153846153847	368.8200000000001	1.2692307692307692	2.6743549722848217	1.763839332989991	986.45716682407	-2.629999999999999	1179572.3989157218	2.6941196555700846	65.44434142789574	24.607837756089165	60.45	4.0	4.0	4.151100000000003	0.4091996082303531	0.9646550286065622	0.0006561960618451341	6.217443341205745	0.9009005797915988	1.0269373658767231	4693.676394450713	3.909906157497884	0.3287144170459802	active
13.61595807689084	0.022069359570937808	-4.026884151394208	0.4938360474511647	20.789473684210527	573.0960000000001	1.1842105263157894	2.893011249655436	1.4493817759815792	1665.9491384157727	-3.0399999999999996	265433921.0204262	5.265688612190039	71.00779291959275	55.83528543640576	137.3	7.0	5.0	3.4744800000000025	0.41818139749602584	0.9664788165721057	0.00022679203543006502	9.855754499470237	0.873830054674497	1.172183969286711	13113.597495191327	5.281621898328697	0.22801006260400256	active
13.439504935850984	0.045042517006802285	-3.8708533501848357	0.5769688148923903	16.363636363636363	483.9810000000002	1.303030303030303	2.814538920796692	1.6772810440910428	1350.4542278146307	-3.029999999999999	25617629.286888044	4.698397862296361	71.00779291959275	48.05657201172246	106.39999999999999	5.0	4.0	3.5163800000000016	0.27420377243223976	0.931901956596576	0.0002450004157256365	8.324003601084412	0.7760354715850408	1.1307817539543064	6776.984090352749	4.39266285803561	0.2634227015160827	active
13.449658289241622	0.056375425170068105	-3.7768487205552055	0.5542211443498137	20.441176470588236	520.0320000000003	1.1470588235294117	2.767720959345468	1.4409359188118236	1490.7793623339035	-2.5299999999999985	33483417.653598383	4.548189460886439	71.00779291959273	55.83528543640576	113.50999999999999	6.0	5.0	2.8005000000000013	0.16192290386630948	0.8792265394207217	0.00020939834257272934	8.846250987457346	0.8684159421360401	1.3590022942265603	7559.742648694229	4.430108079174148	0.3775583918982257	active
13.374782174845755	0.0791156462585032	-0.681163417527505	0.599963105942466	15.375	450.92600000000016	1.1875	2.792696220023328	1.6402345988336997	1191.582809288263	-3.449999999999999	18081775.26411356	4.429877393049589	71.00779291959273	47.23969665758993	91.4	4.0	4.0	3.592500000000002	0.20111823734140397	0.8689722135552765	0.00012784251055375184	7.282153163832741	0.5854824402315131	0.9381433844992538	5418.378426140928	4.620378983579008	0.17002734655878446	active
12.40170493197279	0.0788803854875284	-0.0788803854875284	0.4982556684717378	11.090909090909092	322.41400000000004	0.8636363636363636	2.9619551143484992	1.6461678694230186	960.9721501610929	-2.2399999999999993	236600.97453415813	2.4900658621375378	66.35759867946456	15.083233972080137	42.85	5.0	4.0	4.777000000000003	0.328428613352228	0.9416319227970464	0.00047221051397746094	6.479848053181389	0.6682278651296328	0.20273450676390034	2808.9393732893886	3.6151829605133825	0.011091581597043116	active
13.687383377880536	0.0848305228839974	-3.817461246557341	0.3895772072675725	18.625	601.1300000000002	1.2	3.6638928388855563	1.4364179302886901	1765.5318944030907	-3.239999999999999	868051132.8127578	5.64691572501229	69.66352071558322	49.579516252894365	151.39999999999998	7.0	5.0	4.803080000000004	0.308991107710828	0.9424934386959187	0.00016146551159642363	10.23820281039128	0.7789478474801798	1.0690810814318144	11243.421972861355	5.0369001365301	0.17771689880416303	active
14.256036076467623	0.09779966616276137	-0.9774802768329551	0.6310991668620473	22.88235294117647	474.9480000000003	1.088235294117647	3.601436967026383	1.4943444236276622	1380.223299426568	-3.449999999999999	114030368.31674205	2.763580934568832	71.00779291959273	53.28153748673789	82.61000000000001	4.0	6.0	3.2973000000000026	0.13299643276417852	0.8454083573307271	0.00018532053364157328	7.781662413828058	0.7047603336371712	1.4209346661952527	5017.878199566657	4.096536146823679	0.46474478014813886	active
13.340503196649028	0.03904336734693836	-0.7279629629629631	0.6280142933836949	15.516129032258064	457.31700000000023	1.1935483870967742	2.752057316247207	1.7160477533081306	1209.3303264495892	-3.159999999999999	9912293.9922836	4.063496947255356	69.96405916487245	47.742612234354546	91.4	4.0	4.0	3.465700000000002	0.1632109232909719	0.8706433046910522	0.00020370385927813683	8.407811054297538	0.698854733919693	1.1675543720150665	4873.989819324342	4.0871778436685915	0.3083444566101584	active
13.7697930382842	0.0019993228772992033	-0.7778968253968255	0.6521765771912013	15.516129032258064	440.8620000000002	1.2258064516129032	2.753405820056502	1.7046111796057453	1216.5803264495892	-3.5199999999999987	9745008.069069896	4.064983302211125	70.75864669217702	47.742612234354546	91.4	4.0	4.0	2.9514000000000014	0.21402777261319458	0.907038328384765	0.00022573680372746916	8.198369114139135	0.755012770012026	1.1237213644531163	5997.559287850742	4.427711456913845	0.26053004812139835	active
13.483336915784832	0.04116850907029557	-3.63441816499965	0.5710373034204539	19.757575757575758	485.9930000000003	1.2424242424242424	3.5737157916225963	1.4705872583407205	1335.293679992364	-2.5199999999999996	49711587.4299763	4.35704302258837	71.00779291959275	48.62262959084447	88.60000000000001	5.0	5.0	3.9349000000000025	0.13434818515199423	0.8481274229792559	0.0001830688069454552	7.745602280106519	0.7113126157932779	1.3471959531555084	5216.762132581126	4.112172745619298	0.42346088582268293	active
13.619513260064863	0.19009227765180126	-0.38441484001007864	0.6310806596857562	16.03846153846154	390.24500000000006	1.1923076923076923	2.624360948979882	1.685812377025862	1025.0820208066714	-2.369999999999999	997509.0992634572	3.0845553970331903	64.15146144575974	17.43591465621129	54.02	3.0	4.0	5.218600000000003	0.44981901227095317	0.9710842880779542	0.0005671652632616238	7.330594300849487	0.911047900912334	1.0471629783419496	6129.8981244578445	4.304967177541348	0.2754891517690718	active
13.35821271101033	0.009844812925170032	-3.813885757592242	0.6232166235153843	19.193548387096776	455.9470000000003	1.1612903225806452	3.5619343455221775	1.4814585112613317	1271.4910877157831	-2.5199999999999987	21874935.891630113	4.161004967219188	75.72988778404483	36.20076846098442	93.47	4.0	5.0	4.207000000000003	0.1610387067088691	0.857129364321505	0.000167465360107404	7.808826777215941	0.6479266863655704	1.0431683082598926	4866.695575006666	4.220977501862297	0.25876731545435677	active
13.7697930382842	0.0019993228772992033	-0.7778968253968255	0.6521765771912013	15.516129032258064	440.8620000000002	1.2258064516129032	2.753405820056502	1.7046111796057453	1216.5803264495892	-3.5199999999999987	9745008.069069896	4.064983302211125	70.75864669217702	47.742612234354546	91.4	4.0	4.0	2.9514000000000014	0.31688184279072507	0.9440353467329718	0.0002701799951362488	8.198369114139135	0.759153051154728	0.84482340604718	6466.905384735716	4.49248045559796	0.1511066914590987	active
13.340503196649028	0.03904336734693836	-0.7279629629629631	0.6280142933836949	15.516129032258064	457.31700000000023	1.1935483870967742	2.752057316247207	1.7160477533081306	1209.3303264495892	-3.159999999999999	9912293.9922836	4.063496947255356	69.96405916487245	47.742612234354546	91.4	4.0	4.0	3.465700000000002	0.281815154843547	0.9340349199588618	0.0002672597553628333	8.407811054297538	0.7656247901469505	0.9903527602993014	6140.577330954043	4.314476837704274	0.178860777174233	active
13.181217403628118	0.006337711010330649	-3.796891749340792	0.7066788286536689	20.814814814814813	400.86700000000013	1.2222222222222223	2.6513283744640805	1.7868613400232376	1174.5383616063932	-2.4799999999999986	1321215.2582196896	2.973883920322179	70.16643629234783	25.853711640540226	90.22999999999999	4.0	4.0	3.8606000000000025	0.2848221356370654	0.935482261064098	0.0003939717036851742	7.5025446538798874	0.7820066842329749	1.0910511865159367	4392.600764705366	3.8679255199316556	0.339309949797058	active
13.443336915784831	0.040464143990929236	-3.794418164999651	0.5833497216603628	16.727272727272727	482.9930000000002	1.2727272727272727	2.775698957043577	1.692551218100687	1376.7149420880644	-2.9899999999999993	19305452.56366286	4.8571043245135925	71.00779291959275	35.911781238583245	103.16000000000001	5.0	4.0	4.305680000000003	0.13393096443173147	0.8460140436361725	0.00017097233162035995	8.050638163645697	0.7032499027400603	1.40948723432175	5425.44630308336	4.226231094035266	0.44889677954740015	active
13.6354102096014	0.01955780447573341	-0.5558071897772476	0.73344185574224	16.16	356.78400000000005	1.28	2.623226744701067	1.6749357004587393	971.5453625595712	-2.659999999999999	707379.3239760897	2.9136670186075024	65.19519520048003	17.49804021481163	51.22	3.0	4.0	4.532100000000003	0.43666439359143555	0.9694827585569729	0.0006338261936354531	6.573600209248222	0.8644134751355486	0.9932564043789475	4808.660822536356	4.055373904747142	0.25237097491553373	active
13.73032789186356	0.07795715886708265	-1.0145405538758714	0.32960782499925606	12.108108108108109	499.5860000000002	1.027027027027027	3.420894717388939	1.6941281527867826	1330.7664552585647	-4.259999999999999	221547596.15236405	6.302552124637728	119.72107769541589	23.343094385562793	75.44	4.0	4.0	5.858200000000005	0.12128592368731986	0.8470563067078892	0.00019778232552207045	7.6319078939269875	0.8580150032614179	1.5090368954949789	7003.19841280183	4.418102783893443	0.5071567625056844	active
13.41321271101033	0.009844812925170032	-3.8372190909255752	0.5905943711038222	19.34375	469.97400000000033	1.15625	2.7560925140916193	1.4649356159731421	1288.146054129471	-2.5199999999999987	16416725.69422204	4.108896355576906	75.72988778404483	36.20076846098442	93.47	4.0	5.0	4.597100000000005	0.17678312150330325	0.8874274425126739	0.00022067464046106954	7.7684530315230145	0.7661230523680798	1.2460114241831912	5770.231455590328	4.224374562059491	0.35482972524077155	active
12.7746022297808	0.2529747732426304	-0.30073507180650005	0.5771029549850707	11.0	334.40000000000003	0.7916666666666666	2.901125139346908	1.8710872683193582	1118.0282256884723	-2.919999999999999	567831.4212740917	2.4868327736324765	98.51163667663978	8.523760756051951	44.0	5.0	4.0	3.2622000000000018	0.34255183657867067	0.9514321007135368	0.0006288760091696834	5.861437575030013	0.8020300730860525	0.6682021179421858	3322.499289042469	3.6150871103309594	0.13664197526458532	active
11.601201420382967	0.06331490929705219	-0.558259007306626	0.31343520544484943	10.8	290.26000000000005	1.2	2.904532429324343	2.0972740006885093	803.9723903715467	-2.68	58845.82701811119	2.0319722981426884	51.850250207463986	15.236637563068562	109.0	7.0	3.0	1.9155999999999995	0.3882265074564726	0.9608854691545844	0.0010696383665521863	7.195496956492442	0.8943251523566491	0.7910300033261405	2699.9687736832752	3.3603157774600483	0.20977809490069102	active
11.311536438649533	0.02196286848072604	-1.1358248299319726	0.4753379739804853	12.11111111111111	253.21399999999997	1.3888888888888888	2.37136310319575	2.548568974159402	437.7664825155729	-2.0300000000000002	8539.278534607894	3.230832666901206	23.1219770257306	23.66242991785309	158.63	7.0	1.0	-2.868099999999999	0.565905778900452	0.9846448138920011	0.001741777505382151	4.920243813110847	0.9024622344732547	0.685536538036191	2678.5296450119563	3.4889636560741475	0.2115965989628822	active
11.530262188208617	0.21633975812547224	-0.2556916099773241	0.7487812423768543	10.466666666666667	222.26900000000003	1.2	2.4690029893996233	2.4125895433359164	565.0985913363726	-1.6199999999999999	3426.976149286677	1.9167513123929096	56.047067197408474	8.523760756051951	44.0	5.0	2.0	0.6567999999999999	0.34025838641977035	0.9511297677167729	0.0016522326691812432	3.450086630806597	0.8383849814250177	0.7909348347423716	1377.686794556017	2.817298887975867	0.281614057394348	active
10.431481481481482	0.3125000000000002	0.3125000000000002	0.28239623999098273	9.0	126.16	1.5	1.7681772153059907	3.134861511345448	168.5384734445621	-0.8300000000000001	72.49526582754562	0.8692020605459402	29.603197801775195	0.0	26.939999999999998	2.0	1.0	0.22580000000000017	0.33261636407640827	0.9425546989855473	0.004232767664513608	2.18767668064718	0.6659481486055908	5.532492429183301e-07	313.64799661293284	1.9321472040819874	4.696412003654204e-13	active
4.053510015117158	0.6791666666666666	0.6791666666666666	0.6769346849476513	13.272727272727273	187.31300000000002	1.7272727272727273	2.5175949977372087	2.2307954820968985	186.330460484538	-0.09000000000000008	480.86064456780684	3.20458917628526	12.393687143226153	10.233916550929383	26.990000000000002	3.0	1.0	2.5776000000000003	0.4021356320692071	0.9624584655505567	0.003143252207715223	2.231964611462893	0.9456300720615037	0.7999776698637213	1048.110504185125	2.5611356071916975	0.2831625346256991	active
5.072795729402872	0.8372222222222224	0.8372222222222224	0.4688607712542894	9.333333333333334	240.44400000000002	0.8333333333333334	1.9834180793154317	3.6934830872422997	158.38689879982147	0.4799999999999999	295.5292938179993	5.18320245841735	0.0	46.631575563527655	6.48	4.0	0.0	2.0608	0.4222629387957455	0.9656223609507347	0.00203099737477254	2.983336051705174	0.9629523215889492	0.8722661671985463	1756.354352670946	2.903633480952755	0.27606304440006585	active
13.383894794028722	0.07393636621315158	-3.932149646481131	0.5775915936184867	16.5	469.9540000000002	1.3125	2.782942412299664	1.7033537658080773	1333.6408629820583	-3.029999999999999	15548160.110397607	4.179572639815955	71.00779291959275	48.05657201172246	106.39999999999999	5.0	4.0	3.1262800000000013	0.22093502399471746	0.9077095672542822	0.00020247235796934179	8.391275777099246	0.7195346099151807	1.1518821566629778	6094.010053544766	4.390379118063957	0.2785336568070368	active
13.594608214631887	0.043936366213151556	-3.8503440909255766	0.537955160577435	19.833333333333332	525.0300000000003	1.2222222222222223	2.8819271481568376	1.4608745202060223	1459.0407625542807	-3.0299999999999994	141590418.00314218	4.819815771309379	71.00779291959275	49.125545167609076	112.39000000000001	6.0	5.0	4.076280000000003	0.1874556554858429	0.894832347457714	0.00018823409183345036	8.77488083567012	0.7890276336462398	1.3195920546332707	7409.0010933995745	4.47102607081855	0.3511433677283295	active
13.70838037761401	0.04837108495540332	-3.8978138055543803	0.4490252017403599	20.025641025641026	591.1110000000003	1.1538461538461537	2.852347489067659	1.4643467178711431	1713.4603214800543	-3.06	268342382.64738014	5.511147419388357	70.50487734282814	68.79013714843444	142.60999999999999	7.0	5.0	2.550200000000001	0.40765368866115764	0.9647820952937443	0.00021358418459155117	9.791572817953707	0.8469814389254186	0.9881444403815887	12768.49592770189	5.187139281994197	0.15484240873098665	active
13.394052973041067	0.06567814625850343	-3.610760757592242	0.6520501436657845	19.580645161290324	456.9550000000003	1.096774193548387	2.7127139202104336	1.4985128328362236	1271.4910877157831	-2.5199999999999987	10036303.646592308	3.6956935856095563	71.00779291959273	47.55365643495784	82.61	4.0	5.0	3.3766000000000025	0.21529781362556968	0.9082716650272372	0.00023923350764066712	7.519529103491948	0.7669404194451273	1.3096937241850006	5876.644092274044	4.280453845081094	0.3302406941959383	active
13.702780444471689	0.3147136400856638	-1.269867961073318	0.7290679787675891	18.62962962962963	386.8100000000001	1.2962962962962963	2.675424100703154	1.7720711943283907	1042.9106017507138	-2.6999999999999993	1663284.4091661437	3.006116041848548	65.19519520048003	24.607837756089165	60.45	4.0	4.0	4.290200000000003	0.3561031943626157	0.9546393686583446	0.0004835110385516105	7.03626719434207	0.8162896154590169	0.8956668421276972	4628.169794296985	3.9361959298969578	0.236982538435065	active
13.7697930382842	0.0019993228772992033	-0.7778968253968255	0.6521765771912013	15.516129032258064	440.8620000000002	1.2258064516129032	2.753405820056502	1.7046111796057453	1216.5803264495892	-3.5199999999999987	9745008.069069896	4.064983302211125	70.75864669217702	47.742612234354546	91.4	4.0	4.0	2.9514000000000014	0.21629327655152342	0.9086615499536553	0.00023574473387008148	8.198369114139135	0.7652997991318378	1.1414004345081288	5950.177445100715	4.387257335613364	0.2737297359609024	active
12.358904006046863	0.009022108843537602	-0.009022108843537602	0.5453443811515541	11.238095238095237	310.403	1.0952380952380953	3.0960397478679624	1.6478957860280359	888.8984177462252	-2.1099999999999994	154489.28737886346	2.3449142902202587	60.29123161100295	15.083233972080137	45.75	4.0	4.0	4.710100000000002	0.2835378696362765	0.9331204167510393	0.0005506099208959764	5.944886953142569	0.7333170218085113	0.5151019172931216	2716.2095184815425	3.5337032021352903	0.1473946846834951	active
13.986098259847324	0.019922732790698117	-0.4545418613984069	0.3269197904185625	11.0	471.9230000000001	0.9705882352941176	3.2524780798998525	1.477435151194721	1433.3474078324766	-4.099999999999998	86427293.40261497	4.648768654396578	107.65976467971133	25.885028089399803	63.910000000000004	5.0	5.0	5.519200000000005	0.21422086398505075	0.8926614420654706	0.00013225131642914992	8.923917152954713	0.6386474548918332	1.055721133130388	6842.393120716031	4.870023669112299	0.18827951017186156	active
13.398926760519021	0.3065402179390271	-1.2088147203325774	0.7141839072571545	18.25	398.8460000000001	1.2142857142857142	2.727327038621525	1.7641304695761757	1055.75507143601	-2.829999999999999	2898488.6289113346	3.0435501275880514	59.377974359434134	31.717635297366698	69.68	5.0	4.0	4.159700000000003	0.34532563318622855	0.952292642739542	0.00045041653095215565	6.6085284481333995	0.8275715395603932	0.8139526502285206	4982.320182390347	4.012048792766293	0.20436689432670688	active
12.475586104812296	0.052071523053665913	0.052071523053665913	0.42582509121113504	10.956521739130435	353.49300000000005	0.8695652173913043	3.2190030431302996	1.5620003079888245	939.0366503287568	-1.949999999999999	441949.80380353134	3.080417063075234	71.60718494677901	10.09925545113293	29.96	5.0	4.0	5.957300000000004	0.42595211111861303	0.9675782419822166	0.0005365247039786426	6.888185107478413	0.806231076193154	0.4871364699752918	4796.727628616421	4.1624085349662145	0.09759651235537735	active
13.191750755857896	0.09887857631319097	-0.4715107709750572	0.7117003584337049	16.535714285714285	394.86200000000014	1.2142857142857142	2.6722777599372542	1.6681709474130182	1063.959867859137	-2.959999999999999	2574183.7879254776	3.6944415900486747	71.00779291959275	34.78776052232585	88.32000000000001	4.0	4.0	2.9114000000000013	0.23242154166676962	0.9171644037281929	0.0003365654849744812	6.539862615114073	0.8169268169013807	1.2617117826415736	4975.749968046431	4.13361115236691	0.3789787705730856	active
13.261567823518806	0.028926769195077418	-5.4332006840686	0.24253301649513392	17.210526315789473	550.5050000000002	1.1842105263157894	3.463380531343572	1.7758750341211296	1238.7016953892296	-3.2500000000000004	171410280.37279597	7.87443165725019	29.959396268694903	60.833880225365604	201.80999999999997	9.0	3.0	-0.2535999999999967	0.37555096811788774	0.9586377067825569	0.0001899746898130092	8.623503901090672	0.8100905025957408	1.1060421688615194	12136.458552172524	5.3388354931524775	0.18271778350427254	active
13.61487961388259	0.050233528596623334	-3.995340823414867	0.6062042234115708	19.84375	472.95400000000024	1.1875	2.7719608096259036	1.808702909205955	1339.5151659629855	-3.009999999999999	13006078.926216075	3.72171794529625	65.44434142789574	49.65853574977773	108.47	5.0	4.0	2.5349000000000004	0.22581223818349203	0.9122463166420862	0.00022893428398107084	8.088466167422874	0.7508702199759839	1.1607236750897472	6011.935762996371	4.276403249685637	0.30527399223525337	active
12.111088907785337	0.08796012849584289	-0.08796012849584289	0.7513683850991492	10.789473684210526	291.35699999999997	1.368421052631579	3.0364060117715095	1.8281332425863346	702.2417677900937	-1.8599999999999997	43201.984735485035	2.4707343482840054	36.02576333715651	27.406416609012535	67.87	6.0	3.0	2.9605000000000006	0.29989294116859727	0.9380388201348672	0.000640137687155403	5.638579293602048	0.731030906073171	0.6059357295330206	2409.112075348073	3.427755283788948	0.1146671546874696	active
12.500894431846811	0.05062369597740468	-0.3477770596994778	0.6644198644330088	15.74074074074074	381.8190000000001	1.2592592592592593	2.6001525417296776	1.4715895705136224	1024.660601750714	-3.119999999999999	1283331.2884960996	4.009259058950785	65.44434142789574	23.026239150385088	80.32000000000001	4.0	4.0	3.294200000000001	0.2140266577204834	0.9055318177097619	0.00028541159950651307	6.798871129427491	0.7330779760233185	1.0390031222331684	4437.903381831969	4.135528441277678	0.26851004938017803	active
12.217133408919125	0.014629629629629548	-0.014629629629629548	0.7292401868900106	10.944444444444445	275.358	1.3333333333333333	2.9675908288188397	1.9438322133164496	716.7671020477977	-1.66	25132.526729266752	2.0432792287965653	41.03338703400928	20.296619067735005	58.64	5.0	3.0	3.260320000000001	0.2581635593517586	0.9271724062133339	0.000918493817382163	5.144056747805547	0.8348791113766793	1.0448814249814828	2025.641976415899	3.119996321939786	0.32920846278021565	active
12.37141943814563	0.1331136621315192	-0.1331136621315192	0.4637061392894021	10.956521739130435	337.42500000000007	0.9565217391304348	3.2190030431302996	1.5620003079888245	939.7915378309202	-2.369999999999999	441949.80380353134	2.9303803041059235	72.49028517195217	10.09925545113293	43.1	5.0	4.0	5.488800000000003	0.19195782937912925	0.8579406561562013	0.0002953961511871272	6.6287989028689855	0.5768429969064729	0.4561423361582135	2192.600936369229	3.4314840166389056	0.1505348238333558	active
13.545206163885819	0.04084115609819072	-0.13807518686486908	0.2927344761672539	11.0	488.37800000000016	0.8823529411764706	3.2524780798998525	1.477435151194721	1431.3474078324766	-3.739999999999998	86427293.40261497	4.7832270608636005	106.86517715240676	25.885028089399803	63.910000000000004	5.0	5.0	6.033500000000005	0.20876937703716658	0.883650915051299	0.00011417883706845148	9.133037546416032	0.6146512280601154	1.0461990844261546	7067.896733198848	4.951778561636693	0.18266468854474127	active
13.637725024416216	0.06856606893854322	-0.59703385032209	0.7087309203499199	16.03846153846154	374.77400000000006	1.2307692307692308	2.624360948979882	1.685812377025862	1025.8369083088348	-2.729999999999999	997509.0992634572	2.9672582372008676	64.94604897306431	17.49804021481163	51.22	3.0	4.0	4.671200000000003	0.41404483165443967	0.9656024782777066	0.0005678930872669105	7.4836766552350955	0.8928657490801277	1.0506497383925746	5398.763740447148	4.167399430341463	0.2789737179034404	active
12.400570672713531	0.06505196523053636	0.06505196523053636	0.4589516075075975	11.238095238095237	327.45500000000004	0.9523809523809523	3.0960397478679624	1.6478957860280359	888.1435302440617	-1.6899999999999993	154489.28737886346	2.480805787031838	59.47445080985579	10.09925545113293	29.96	5.0	4.0	5.443500000000003	0.34153370795004545	0.9503996871700267	0.0005947880379493579	6.603783505136763	0.7650056696353258	0.7467012549727782	3163.465225992529	3.6205615110897473	0.1334835987576239	active
5.154818121693122	0.9142129629629633	0.9142129629629633	0.5509158141740411	10.23076923076923	226.351	1.3076923076923077	2.494104956937373	2.5982775174064674	457.7414202573002	-0.65	1536.3686534734218	1.673482411276347	27.977790672827755	9.967957041894417	25.78	5.0	2.0	3.3045100000000014	0.4973114427599409	0.9772111230506746	0.0019963518671395394	4.2490979441673495	0.7960460100734104	0.28095599485981043	1495.3789584323952	2.8867975812608475	0.05188996355714054	active
11.31173469387755	0.4259259259259258	-0.4492384731670447	0.6480849496389218	14.538461538461538	237.052	1.0769230769230769	2.1153808896963455	2.655061525356702	432.55092815595975	-1.22	1078.8442537451363	1.3533346101056525	39.874743811445114	11.566489892729878	34.14	2.0	2.0	2.2276999999999996	0.6793542879343599	0.9925680974423585	0.0033899684064064954	4.3303131006262	0.8783095240633544	1.0630370459766928e-05	1870.0057578685016	2.9969249265105886	6.174975324782208e-11	active
11.345150419365787	0.1759619341563785	-0.1759619341563785	0.7649198651947398	10.055555555555555	240.30200000000002	0.9444444444444444	2.4073226552191507	2.085441900172752	500.379986615165	-2.0899999999999994	15984.622430655161	3.2014905114022945	60.160755107851486	12.576187252464766	26.3	2.0	2.0	3.459200000000002	0.7232481165376292	0.9946373584425331	0.0026475735615584715	3.265650489567553	0.9635638719079332	0.7179139615179041	3390.7176069490392	3.890279736575757	0.13349018985652517	active
12.89355185343957	0.39485993008314413	-1.2574113010039236	0.7749701955614847	10.333333333333334	256.257	1.3888888888888888	2.329847666221643	2.595469443421668	521.0001021349638	-1.9199999999999997	8753.237681994713	3.8296852178292626	32.8521490740581	17.142970566042003	82.27000000000001	4.0	1.0	0.4427999999999999	0.656568462080025	0.9913043939347658	0.0018361138487708992	3.7855301302405557	0.9136338372940571	0.648247246796794	3454.824499920676	3.8845823348532758	0.11833272044907961	active
13.252992724867726	0.17044533940119244	-4.391525934549924	0.6460053375585231	17.333333333333332	414.4510000000002	1.0	2.7577268830043957	1.7743458803143524	1012.3722189646649	-2.6399999999999997	6594717.7589413915	3.9969904927680098	71.41813459439695	47.50758001221104	42.43	4.0	4.0	4.054100000000003	0.195554229367561	0.8951768807008894	0.00023955850439487102	6.676906014758737	0.7253349294090717	1.3083382835144537	4927.3359787648915	4.218127573425887	0.36667121013998283	active
10.881481481481481	0.025679012345678487	-0.025679012345678487	0.4711758525933405	9.3	154.596	1.3	2.048167390601267	2.8526279288191434	217.9590174505521	-0.8200000000000001	237.587417309747	1.5785944584266869	35.89528683400505	11.663248391335278	17.07	1.0	1.0	2.1081	0.48625281554894867	0.9763262102933338	0.004344076533778696	2.3463470750105806	0.8597349614185588	0.20812744952209383	786.6263674465343	2.4785946709136617	0.08651430192321889	active
4.619205719324767	1.0739813765012178	1.0739813765012178	0.4490644198756372	11.4	332.50000000000006	0.65	3.0747500574237434	1.5677796561680748	740.7970847579146	-1.08	104034.16819293235	2.440304032399045	48.53093654769288	9.967957041894417	25.78	6.0	4.0	5.705400000000002	0.5350331718583091	0.9817569790427823	0.0008508563278691523	6.786939289084619	0.886035239936167	0.7504337680994745	4852.574154404679	4.135059640345456	0.10057185734714894	active
12.90974613160691	0.13225001574703965	-0.38594623960695373	0.7452239218242064	10.818181818181818	316.357	1.0	2.7828297805759394	1.9991466389437345	905.05913172985	-2.4699999999999998	126585.36105883833	2.777178286315354	85.6268407355362	8.523760756051951	44.0	5.0	3.0	2.556520000000001	0.4654880406119744	0.973509385236962	0.0008719381062624322	5.624189240497252	0.8919746807965818	0.9533102352405561	3990.743171013196	3.8723848161465044	0.21836871790797133	active
11.9021385224774	0.14378504591136876	-1.4406163872441982	0.08486630434811851	26.15625	680.5070000000002	0.78125	2.704439170727159	3.330538062166623	2409.59377265203	-0.6397402597402597	4343307.672674451	8.952119660513176	0.0	78.82169712128636	114.43	10.0	1.0	1.6064999999999996	0.37583556546521213	0.9581481420258142	0.00033362882033728853	6.370640677207731	0.9095892005821454	1.3903295884542142	8662.572592913604	3.919873256697412	0.36630600188765566	active
12.119168556311415	0.18532312925170036	-1.8574036281179145	0.615574356254711	19.956521739130434	315.213	0.9130434782608695	2.467837172877658	2.1085344270154884	790.3595551112803	-3.13	126896.18742936917	2.2486268250553363	35.392371257240434	16.99373872895395	161.82999999999998	8.0	3.0	-2.268099999999999	0.47637707635317417	0.9748848982926398	0.000841567059330533	8.488835147080861	0.8162573666372301	0.49260454005900167	3554.897921540057	3.753081677783635	0.08999100239876476	active
12.509200627781976	0.04066184807256201	-2.7464429099829233	0.2586315801966103	11.0	704.676	1.0689655172413792	2.6894383554127983	2.3103772365043014	1330.9838483135127	-1.7449350649350643	3415973.990497433	3.4148213446154245	67.19678757856546	8.983283525541054	113.63000000000001	6.0	4.0	2.1419999999999995	0.26161792470759027	0.9212480826965157	0.00014340635108471913	12.837945497300687	0.6808323302560255	0.7180606654973274	8309.782643610579	4.2337969492955665	0.23605298316724307	active
10.552328889551216	0.00998713991769562	-1.276630900077177	0.7107378835828181	10.2	306.32399999999996	0.8	2.4564509948053606	1.973886716210255	571.410511446855	-2.0599999999999996	33997.28176810619	3.7166262787746502	47.78605840046659	21.906567617798114	106.03999999999999	8.0	2.0	0.0030000000000000027	0.5065631132020814	0.9786811425726173	0.0008114246683470819	8.276683581895668	0.8414023659622433	0.6561347745851592	4248.047665010774	4.106990870192783	0.10885683412250648	active
5.341120559334845	0.9208390022675739	0.9208390022675739	0.5731348904238734	10.0	296.5520000000001	0.75	2.2924875731149372	4.041784405967148	200.8589190857419	0.4799999999999999	2714.3052865680856	5.702690372404801	0.0	44.6199132564692	6.48	4.0	0.0	3.6212000000000026	0.5109452759348505	0.9779870952818942	0.0014166094280903786	3.1371255349410063	0.9856112934938799	1.1014161015579407	3286.3272700573043	3.512229097518347	0.24078914184976355	active
12.486635487528345	0.019809145880574697	-0.10296296296296359	0.6956942950633703	24.181818181818183	284.314	0.5454545454545454	2.5754113333866515	1.914329409699709	808.7283602289386	-2.739999999999999	245797.25765842202	1.2566768629224687	94.08299178828719	11.566489892729878	34.14	2.0	6.0	3.282000000000002	0.03801262548735647	0.697605178523616	0.0005873207393513173	5.165272203667176	0.8250828657397348	1.3772816847658849	1617.760694068314	2.960362317117665	0.6284458307088766	active
11.908478258587385	0.07530187074829908	-1.32697656840514	0.6511252448279088	25.045454545454547	298.25	1.0	2.749510308440971	1.9681617222066574	799.7084198980605	-2.6	128968.53052773217	1.5248159105422978	40.95582274893743	17.314460170337313	121.7	6.0	4.0	-1.2075000000000007	0.3386978389875483	0.9507426703959705	0.0008783128788109189	6.256729157140678	0.8269844047690708	0.885378022223518	2511.9440669571245	3.2987535420797185	0.34812531403178393	active
4.796018518518518	0.6412037037037042	0.6412037037037042	0.36933407705557747	19.25	146.26	1.375	2.1159680315697544	2.34993673877678	96.60179219723159	0.10999999999999999	93.1025933890692	1.292572442662808	0.0	22.309956628234602	3.24	2.0	1.0	0.914	0.30655101641141475	0.9391471924479613	0.003174599542662179	1.5796794731749944	0.716529202089312	0.5944423548925695	470.7964096817035	2.1510975728696344	0.37870318404258685	active
13.470991236772486	0.013390731292517444	-3.696918164999651	0.5630701793481663	17.03030303030303	488.00900000000024	1.2424242424242424	2.775698957043577	1.6835887050800147	1304.8121130337545	-2.5199999999999996	19305452.56366286	5.037080764769513	71.00779291959275	48.62262959084447	88.60000000000001	5.0	4.0	4.180900000000003	0.16329964614883816	0.8674603301651661	0.00017051011150832318	7.48734769707788	0.6816870369139852	1.135301104804155	5477.990790445837	4.235816175567738	0.2837100824622038	active
13.6354102096014	0.01955780447573341	-0.5558071897772476	0.73344185574224	16.16	356.78400000000005	1.28	2.623226744701067	1.6749357004587393	971.5453625595712	-2.659999999999999	707379.3239760897	2.9136670186075024	65.19519520048003	17.49804021481163	51.22	3.0	4.0	4.532100000000003	0.43637555745855466	0.9689026351940412	0.000726924852800822	6.573600209248222	0.9196936873932308	1.1390615115406395	4702.436932378205	3.940626598863569	0.3678665511695869	active
14.324389679884806	0.005418987294438571	-0.7832435726050448	0.5147100386942733	19.594594594594593	522.0490000000003	1.2162162162162162	3.1930294518721154	1.5091187783223123	1346.6422068422357	-3.1999999999999997	244060968.70610258	4.8861803631886715	64.94142585113113	80.52708097754596	78.01	6.0	5.0	3.0649000000000015	0.29662501774031896	0.9396416830042088	0.00023329379806249397	7.4636891322731325	0.841294345783391	1.3186360897585174	8866.72892914994	4.694714241429637	0.33173396424000723	active
13.547698885109599	0.35197247417485467	-0.5506311413454279	0.6155809191247799	15.392857142857142	392.8420000000001	1.2142857142857142	2.7294138536482575	1.8388022625393767	1090.8369694691316	-3.179999999999999	3065595.7580021136	3.1403285838768826	78.09929721832813	23.405219944163136	59.5	4.0	4.0	4.500100000000002	0.10673866057064442	0.8304076352993763	0.0003632084399047159	7.010380441892515	0.792028161114141	1.2505247251314062	3099.9040967608016	3.420884599282793	0.5243811373088135	active
12.875476662887376	0.02947247417485488	-0.2232237339380203	0.727162179324709	16.291666666666668	337.81	1.2083333333333333	2.611582360660766	1.6683265371901423	920.1338927838719	-2.589999999999999	482583.8580970603	2.694656456815806	65.44434142789574	17.43591465621129	54.02	3.0	4.0	4.426100000000003	0.2814912781769173	0.934286817569529	0.0005048814198286764	5.461663960857532	0.7766681007885444	0.8172121821403862	3351.1576718468077	3.6909933047636243	0.24079369876282183	active
12.138591584782061	0.052471182917611214	-0.052471182917611214	0.7480374337738054	10.65	301.396	1.15	3.089534007340253	1.7801468510242078	733.7291929197096	-1.9199999999999997	70503.16604750456	2.8090254226872053	53.16612117093249	20.296619067735005	58.64	5.0	3.0	3.7741200000000017	0.24358538665786797	0.9067629581816248	0.0004413962744485152	5.46024510997484	0.6326397767075564	0.3418354004827015	2150.5113015133516	3.403601874033786	0.05897329914197866	active
12.070832581119378	0.20471193415637856	-0.20471193415637856	0.529831045933265	10.045454545454545	326.40200000000004	1.1363636363636365	3.15329550469609	1.7090403108850296	856.9057061329453	-2.3599999999999994	183521.79837331246	3.6382647165385866	64.55613950552991	15.312640546787796	55.99	6.0	3.0	3.7718200000000017	0.8146805731321909	0.9978101810677513	0.0016835624906220055	6.816482904227554	0.9352011810602078	0.1793216385952066	7854.158078443649	5.074190167786385	0.006973674837725898	active
13.092627078609219	0.20109481292517062	-0.5704459561602422	0.7126377080697944	16.037037037037038	380.8350000000001	1.1851851851851851	2.6694849077833047	1.6980609065920897	1047.8360876595812	-3.1199999999999988	1679303.5488788746	3.31198837219186	71.00779291959275	28.366938899399837	88.32000000000001	3.0	4.0	3.504800000000002	0.29222903166465347	0.9333193340733131	0.00031746786052017355	6.492517440039091	0.6954392611541781	0.5252271844580034	4242.939937365688	4.056692368030084	0.09349298333996973	active
12.418034664483077	0.14127981439489368	-0.14127981439489368	0.3703816742516695	11.041666666666666	416.3210000000001	1.0416666666666667	3.2148444004228955	1.5504515087214703	987.8743251120457	-1.889999999999999	623737.6808812494	3.17294636490261	70.89663761932297	10.09925545113293	43.1	5.0	4.0	6.251300000000002	0.7978270895233698	0.9973510888142947	0.0010479545453638817	7.992884738455962	0.9549100293166181	0.4581109725778476	11962.489229756036	5.52327507044552	0.06924568526771209	active
14.014185169438145	0.10529407596371909	-1.3509987953514737	0.6019052426463177	20.0	462.89300000000026	1.1515151515151516	3.0606226498366573	1.669261080015734	1352.0485674945273	-3.779999999999999	36327436.17521564	3.170930774289434	71.00779291959273	53.64979196370605	99.68	5.0	5.0	2.2912999999999997	0.2075371960261543	0.9043125190114188	0.00025114727294856237	8.533368403805543	0.7630100149202707	1.2502755433796202	5430.443978336889	4.10305658651159	0.3765220655018805	active
13.096851948372962	0.2313076341647773	-0.30958627278071726	0.4424213269448405	11.344827586206897	401.45100000000014	0.8620689655172413	3.432861836399947	1.471878910078459	1328.6425988888327	-3.649999999999999	8695088.879693752	3.0308244496785317	77.87593117231296	35.754876965825076	96.43	6.0	5.0	4.1701200000000025	0.1837682540960078	0.8934160342563823	0.00034566797226804393	7.641676464120982	0.8363860628809546	1.2008238346826043	4504.903265229851	3.9157028925484476	0.3058560878677871	active
12.022363000755858	0.3681934996220708	-1.2842370559334844	0.49170020600639636	10.956521739130435	312.1890000000001	0.7391304347826086	2.467837172877658	2.3951104010988047	979.5051144391242	-3.5500000000000003	126896.18742936917	2.1268683683347867	34.4887958498188	0.0	168.57	8.0	3.0	-2.0984	0.5217016793966632	0.979988094871178	0.0008963405441356957	10.22202110536859	0.8009438925862808	1.2811950110138115e-05	3595.469754659872	3.791996907963099	5.3592265198172546e-11	active
12.265284584142808	0.23622302007222662	-0.24281378600823023	0.4024000063730804	10.083333333333334	334.40000000000003	1.0	3.018861983868032	1.730614673590962	916.4957960269109	-2.84	387295.84163439757	4.120423228972885	77.0027388668357	15.083233972080137	55.99	5.0	3.0	4.018740000000004	0.3392573380804583	0.9508749497927379	0.0006013873538265336	6.227952739209377	0.8467590538134565	1.1064947199659334	3851.227613106397	3.8293898492796847	0.41856853180384246	active
12.379915154256786	0.18422979797979733	-0.9583944719132445	0.7040108922550186	14.68	401.63700000000017	0.92	2.576257887296062	1.7221302459955798	880.8493169262302	-1.959999999999999	391385.09823801776	3.8353148950950535	59.799013802856386	36.98611508385228	85.88999999999999	4.0	3.0	1.2440000000000002	0.4950097111843331	0.9758830133940968	0.0006161041287915078	8.616603133033834	0.9906470714729533	1.010277863140973	7296.954965532504	4.500612060008723	0.31614437068983237	active
12.397362353522166	0.16678259871441647	-0.9459026901906935	0.7685872751314005	14.68	381.21900000000016	1.0	2.576257887296062	1.7221302459955796	878.2075633625215	-2.25	391385.09823801776	3.7208889558948495	60.33983198081206	36.98611508385228	85.89000000000001	4.0	3.0	0.8990199999999995	0.5037276737644562	0.9784070891948258	0.000628084701369749	7.167315296566077	0.8680143532131623	0.7608260495518195	5803.930093286535	4.265531707785712	0.18771962131223507	active
13.355271557697153	0.11386017678676397	-0.4460015117157978	0.47532557082457577	11.838709677419354	414.4850000000002	1.0	2.7848810483915845	1.860765541739211	1209.7297196316076	-3.7999999999999994	12931634.136541	4.233884835708214	83.68134523447164	23.684636547684867	79.33	6.0	4.0	4.620620000000003	0.1453209279758506	0.8641137603435969	0.0002297886408316264	6.35583938127204	0.7535284267586418	1.5102812830008916	4909.607553804087	4.211658030180708	0.4553914344056099	active
10.91254582388511	0.2258427815570676	-0.45008975812547214	0.4495209813517867	15.307692307692308	183.163	1.3846153846153846	2.430324264921501	2.419819378137984	263.86861405323344	-1.6499999999999997	950.2567875843068	2.1430937196059068	12.152040213667762	29.41439122500482	63.68	4.0	1.0	-0.17790000000000017	0.3785459916442343	0.9593907380163482	0.0024412422482495938	2.935943772675959	0.8361095813141423	0.7780760264144615	1015.17858849141	2.6496482171410727	0.2740287919033352	active
11.12324074074074	0.1559111111111109	-0.1559111111111109	0.5248027379463859	10.090909090909092	485.7840000000001	0.9090909090909091	1.9718983443825908	3.4555464838177836	272.11913671997195	1.01	256.3467847697368	2.0248124201865747	16.776913881657798	0.0	46.12	2.0	1.0	1.6476	0.25042638235045633	0.8727998592654078	0.00020979412208995858	8.601279338721884	0.5119217217846126	1.589157464546946e-06	2559.3184035154545	3.2080326343436325	1.9185105771899946e-12	active
12.090911753590325	0.08773910426327403	-0.5645984767363739	0.4901700998395578	12.96	378.3710000000002	1.32	3.218986559411766	1.6963870035257251	1010.4060453512484	-2.86	913522.6336685838	2.9611976937556217	44.99454362803878	32.786834954883105	123.48000000000002	10.0	4.0	1.4767999999999997	0.27000278903506825	0.9275425025227771	0.0003307178149902328	9.009124203421486	0.7171276503031689	0.563705082971079	4160.942354685547	4.003913165804498	0.10458990195391447	active
13.339757180650038	0.10734481292517017	-3.407635757592242	0.6650989339686971	19.433333333333334	441.9400000000002	1.1333333333333333	3.590366807779564	1.5085837747722393	1252.2223869068507	-2.4799999999999986	14878537.497307438	3.4675051969413904	71.00779291959273	35.40886566181863	79.37	4.0	5.0	3.918300000000003	0.16726726201547334	0.8533790457417239	0.0001718323910430352	7.29195131360673	0.6198209627086205	1.0610900339963694	4288.914039717382	4.094148267743359	0.2980260876846274	active
13.57819227499693	0.07382726720930166	-0.09499128663811174	0.3216282800842715	11.0	467.96000000000015	0.9705882352941176	3.2524780798998525	1.4774351511947208	1427.1768779457313	-4.0299999999999985	86427293.40261497	4.674782301103835	107.40599533036243	25.885028089399803	63.910000000000004	5.0	5.0	5.688520000000005	0.24160673440199504	0.9176356628144466	0.0001784686378896228	8.029215596655208	0.7296401645576477	1.3134192026836014	7505.902234791138	4.835238298490602	0.2841370018856118	active
12.001076152683297	0.15060185185185193	-0.15060185185185193	0.6701496109283253	10.944444444444445	276.342	1.3333333333333333	2.9476096804803027	1.873765147707769	684.5219895499612	-1.6599999999999997	24444.52708022315	2.164014810950415	41.09970645803526	15.312640546787796	55.99	6.0	3.0	3.525220000000002	0.35066159615758935	0.9485912189030542	0.000746903974373994	5.542060088014395	0.6846692837745163	0.08493745541368095	1982.9779948021614	3.238339767164143	0.013818868387375303	active
13.588678233398754	0.018230872595951686	-0.7582596109431428	0.5763229741398124	15.303030303030303	468.91600000000017	1.2121212121212122	2.788893580657452	1.6444442407688447	1249.6064737726624	-3.5199999999999987	25337697.792392794	4.803147116231242	70.75864669217702	47.23969665758993	91.4	4.0	4.0	3.731600000000002	0.2838737677088127	0.9305896370570079	0.00017487633355075573	8.056255873176053	0.6952846363792082	0.887560990179662	7551.567063146238	4.885965967757464	0.14454292149268125	active
13.435870220773495	0.029550763206517505	-3.4620606704705597	0.5529644944545921	15.676470588235293	500.9640000000003	1.1764705882352942	2.7946045191781463	1.7289700240107746	1440.5461740908772	-3.499999999999999	30941973.020521205	4.593345409984549	64.94142585113113	62.41617840219488	125.53999999999999	6.0	4.0	2.2158000000000007	0.24072898573451884	0.9192808904367589	0.00023505394730291573	8.936158572510731	0.7651369671708677	1.214079723848854	6327.809129721251	4.221229023790196	0.3590273468570555	active
13.247138999118164	0.06807185374149616	-3.8133070538885385	0.6700833800668161	16.6	440.91200000000015	1.2666666666666666	2.7282249051142546	1.712653380412566	1281.6462561043566	-2.9899999999999993	6157041.596512419	3.8734322295986754	71.00779291959275	35.911781238583245	103.16000000000001	5.0	4.0	3.2794800000000013	0.3666363950849684	0.9568737172262376	0.0003871186665609761	8.268462978249955	0.8153078946385044	0.8377792467088461	5910.806862279467	4.160843786072371	0.21079593756248152	active
14.146367787855883	0.10400077160493804	-3.631200572407057	0.573646164861633	23.78787878787879	482.9930000000002	1.0	3.082897730363645	1.4630436853160316	1386.2247170923915	-2.5199999999999987	37828585.61610881	3.1192711292613633	71.00779291959273	54.09841284087041	73.82000000000001	4.0	6.0	3.3290000000000024	0.24096048924839603	0.9169886374254899	0.00021526856832090343	7.745602280106519	0.7244530207774517	0.9757874442590454	6111.6896420899975	4.306283132887897	0.23550674576739244	active
13.317790279177512	0.09564463291190206	-0.47253476596399935	0.6431622990731736	16.166666666666668	443.3340000000001	1.1333333333333333	2.728172581978012	1.6531713805515396	1135.3206721506695	-2.669999999999999	6381869.527874318	4.259618562969397	69.96405916487245	41.835432505003034	74.33000000000001	4.0	4.0	3.8255000000000026	0.22663819872087482	0.9121459278060439	0.00022219892258242295	7.479757004130381	0.7432128393710516	1.2238047319911933	6065.170219207474	4.451581236033243	0.3360792924206617	active
13.311166472366418	0.14857973513479505	-4.58350194533565	0.569721043193297	15.705882352941176	490.86900000000014	1.1470588235294117	2.789383182292027	1.604941903728858	1276.545201257489	-3.6599999999999984	32068205.1216503	5.117227831357911	71.00779291959273	53.4159951750334	91.4	4.0	4.0	3.7448000000000015	0.12338367358393011	0.8228478180690203	0.00014899352322021535	9.908868542006825	0.6653935760722929	1.1089081525960471	5229.2735178377025	4.22855184841485	0.31041804935299705	active
13.616539702945722	0.030673002225581225	-0.751289577559419	0.5795611420695925	17.764705882352942	480.92700000000025	1.1470588235294117	2.776597612094718	1.42451905321905	1310.560423474762	-3.5199999999999987	40669130.65008866	4.329538948749035	70.75864669217702	46.73678108082531	91.4	4.0	5.0	3.874100000000002	0.2730138565275895	0.9321455205817911	0.0002346803525163371	8.303870065565087	0.8056949655875805	1.2150406635816005	7639.332101037223	4.62269540678884	0.30079810811834856	active
12.294826152683296	0.00476851851851845	-0.00476851851851845	0.6793273052153419	11.052631578947368	289.385	1.3157894736842106	2.9449155179330404	1.9516276348946586	760.1825202705821	-1.6599999999999997	36095.82950330528	2.2858416295022783	41.03338703400927	19.87974019457915	47.78	6.0	3.0	3.2707200000000016	0.3106777479896612	0.9404282406390874	0.0006661107178590201	5.02946794600765	0.718251498519045	0.37428541507165497	2277.915728559911	3.358349973672591	0.06426923199209951	active
13.207739827412446	0.16068751574703932	-0.8493398447341902	0.6785333658276944	24.333333333333332	377.8310000000001	1.037037037037037	2.912342229636328	1.4742249135264087	1086.236711443762	-2.919999999999999	2035197.1722299994	2.3487508427674437	71.51070849635737	22.46119801502013	62.300000000000004	3.0	5.0	4.260800000000002	0.46907473506238856	0.9732572312694406	0.0007166585482895924	6.601534843429372	0.9490091679700109	1.1027358547623807	5470.581527462845	4.07679784365283	0.27444485052945183	active
4.854020009238263	0.5541028911564629	0.5541028911564629	0.7676419196227249	9.846153846153847	208.29100000000003	1.1538461538461537	2.5306838840251213	2.1524843861676635	385.2974796036626	-1.2	1629.760421312178	2.1333333333333337	30.33183534230805	10.197363616602075	37.81	5.0	2.0	2.1875	0.6026361534578594	0.9873706846599403	0.003346265854294666	3.894160253508375	0.9594744367778	0.6535026382152674	1736.508972146269	3.033363377835137	0.18828880806702664	active
9.92201388888889	0.7256944444444446	-1.770833333333333	0.2738439535871248	11.444444444444445	199.988	1.5555555555555556	1.8592676371396213	4.090340515801205	112.38037532843026	-0.20000000000000012	74.37070548558485	1.8844584889399605	10.114318268765572	32.798323044043684	83.60000000000001	4.0	0.0	-0.6611	0.0496232613089312	0.7372428056044248	0.002327520796746047	2.811342155009452	0.8905879974274988	0.6052535837463597	504.3738205611314	1.9061956651498524	0.5146241014131604	active
8.460795776643991	0.20494425547997008	0.20494425547997008	0.5749614240811024	9.0	223.28599999999997	1.0714285714285714	2.1359180465482255	3.155880995267157	393.68189923814816	-1.57	1305.0459264409658	2.222137664778961	6.06636706846161	4.9839785209472085	112.50999999999999	7.0	1.0	1.3923600000000003	0.2604539184541162	0.9228983908342996	0.0009857759375599437	5.345259760458109	0.7023972285764343	0.5200982640533539	1299.8028251426094	2.9410925015808713	0.1502299335045336	active
12.86880999622071	0.08072444255479994	-0.5959089191232054	0.7339027450144417	16.2	351.79300000000006	1.2	2.6147932967678185	1.696191471328367	997.6306935438286	-2.919999999999999	678544.0900978424	2.9412068590182687	65.44434142789574	16.79833797965022	71.09	3.0	4.0	3.952700000000002	0.2269054293085369	0.9111684748372424	0.0004063683819882818	6.4243792697759865	0.7278441681570847	0.8211520869363204	3163.908079818224	3.636040014810493	0.2453546557634564	active
12.27159580498866	0.13736229213907802	-0.18582451499118124	0.794183462450602	10.26086956521739	321.76700000000005	1.2173913043478262	2.5420918184625756	1.8191016316854616	925.6931704196115	-2.899999999999999	198405.1822473671	3.4732563852214855	71.00779291959275	10.891158250298714	65.78	3.0	3.0	3.9410800000000012	0.3929496293367595	0.9621267642239411	0.0007191516502673294	6.306000980383726	0.8564926900283465	0.6778187556935579	3741.942445684525	3.8018808841861165	0.1651893714211496	active
13.14885723733938	0.057759275006298516	-0.5033829393687246	0.5467831356160404	10.857142857142858	391.4560000000001	1.0714285714285714	3.3629756252922434	1.6366989666782181	1119.186905590597	-3.519999999999999	4271530.572123697	3.6264530879647157	76.48433214048032	26.8082292978041	94.11000000000001	6.0	4.0	2.825100000000001	0.1962833122933599	0.9000592634968697	0.0003737127954764893	6.821471067750115	0.8536549867017856	1.3291151925639615	4474.782687568971	3.915175928524661	0.4826293399502742	active
13.051764872305245	0.0014961279634799762	-3.879728749109836	0.6674960955005589	17.724137931034484	457.9610000000001	1.2413793103448276	3.288073526290126	1.8655890041846879	963.892615569758	-2.1399999999999997	4002308.857670867	4.718104290956023	41.091960883239885	68.10319319831221	96.02000000000001	6.0	3.0	1.8356999999999994	0.34341071807423423	0.9518017400662474	0.0003129627262273752	7.524127116680287	0.8184943160505488	1.161630198736346	6979.19269349727	4.448015210060333	0.27682191353417046	active
12.16887707860922	0.0017620937263795877	0.0017620937263795877	0.6693686036929605	10.789473684210526	286.38100000000003	1.105263157894737	2.83259405195328	1.8864610476774235	751.7955957795542	-1.7199999999999995	37631.01198019933	2.6671882086167806	53.03564466778103	15.312640546787796	42.85	5.0	3.0	3.932220000000002	0.43457961029109227	0.9688882503314541	0.00091038192490598	5.342080085998389	0.8032562448806866	0.34934980790172243	2863.5966343359028	3.572717204107643	0.04954484268787373	active
13.455495725553597	0.036770633938083996	-2.9542622099803815	0.44687620867262495	15.45945945945946	551.3770000000002	1.0810810810810811	2.8995132841346902	1.591295174099809	1279.8014490242936	-3.629999999999999	175741924.1445091	6.204244355213314	76.53334181009869	61.09566038511001	84.0	6.0	4.0	4.968100000000004	0.46250055960948105	0.9732133392867688	0.00023379607617244548	10.26271382582428	0.8413323286722614	0.9475119164247918	13168.964491711085	5.422099951777651	0.13540254250656011	active
11.623938964474679	0.16958333333333298	-0.16958333333333298	0.7978512725226904	10.533333333333333	305.178	1.5333333333333334	2.7512627281147273	2.1006957234717536	494.30293979634763	-0.6600000000000001	3782.98625115775	2.6715832850035106	27.570120695660286	15.312640546787796	55.99	6.0	2.0	3.134520000000001	0.20491671131650294	0.8768162010006784	0.0005332683220435119	6.168206623100507	0.6001180774386146	0.43058114287014276	1404.5589258836212	2.8248161738140096	0.10730530245224387	active
12.905093571685384	0.042388142661411	-4.407307614990695	0.8197041783167737	18.48148148148148	380.3420000000002	0.9629629629629629	3.097611874332521	1.758413030834995	816.9398550998941	-2.4500000000000006	1890633.602722603	3.544192758609795	53.08855688586065	37.996128777801296	53.99000000000001	5.0	4.0	2.9293000000000013	0.23309004712652143	0.9147036621769333	0.00032445642605974487	6.860217778231248	0.7391114806171774	0.9303693182266368	4166.271231029338	3.9852147210470923	0.2564259831931498	active
12.29065381708239	0.014920687410766575	-0.014920687410766575	0.49203915114511826	11.166666666666666	348.44800000000004	0.5	2.6203958292497194	1.7656677835002488	958.8233342877128	-2.2999999999999994	494966.5681869795	2.679992141576119	72.79640482153933	0.0	46.12	4.0	4.0	4.939600000000003	0.17802844928051198	0.8853002012612651	0.0004650597535037504	6.9034835806933	0.7310973287101588	1.0294127960309254	2471.553707334496	3.263932780955544	0.3367409057092389	active
11.397787863264158	0.1011221865289329	-1.0536699351198042	0.5560148004649582	10.875	407.2210000000001	0.9583333333333334	2.5291798671794172	2.0093568660667103	776.1004485989677	-2.45	166076.06679846926	4.300724410682122	45.941110879906724	4.988502101738191	127.33	6.0	2.0	-0.05250000000000021	0.6314092787690027	0.9896299574079734	0.0006636329165414709	9.142652218574899	0.936762897408623	0.9233885563332335	9205.661840093406	5.010214826398946	0.20988421939062818	active
12.255851993575208	0.33273337112622814	-0.39910454459561584	0.7264647655468736	20.35	265.31199999999995	1.1	2.4631265003213434	2.0538502232888645	708.3764589458864	-2.0	59831.80581930575	1.44	47.02218981739904	18.492338119440245	49.36	3.0	4.0	1.5858999999999999	0.3417992053007214	0.9482837814522719	0.0009015516963287094	4.013888888888889	0.7134317489394449	0.4520714433185738	1778.5854739935505	3.0889240278386816	0.11021757454349906	active
13.80073609536407	0.318310344390792	-0.7037152448087693	0.44015358727106774	15.125	450.8780000000001	1.15625	2.8185920139557883	1.8243624467392419	1234.7916023637233	-3.7099999999999986	19515384.29777917	4.1977643356499685	77.59638164156351	36.48432277339252	85.80000000000001	6.0	4.0	4.043300000000003	0.1503713238560702	0.8691803151736839	0.0002889531388086684	8.33060893032383	0.9043049478517976	1.3847640051407615	5723.217478122346	4.103129189368602	0.43488025491906884	active
12.495399659863946	0.11255385487528358	-0.12702160493827153	0.7486348621452906	12.285714285714286	332.83700000000005	1.2380952380952381	2.5003156231380763	2.1083047088971822	757.579104086494	-1.609999999999999	78719.9370788792	2.7492409445069685	47.487202792972596	11.660033336098294	44.1	4.0	3.0	4.683580000000002	0.3110729248639707	0.9404911323470906	0.0005312160662462208	7.100351803650277	0.7174390555129381	0.5551813965799208	2851.3606623237333	3.504669562067423	0.11089322291585145	active
13.472856390643189	0.05442888285556036	-0.12522560258671334	0.36891495448126593	10.93939393939394	454.92100000000016	0.9090909090909091	3.2589220855950045	1.4633838269824682	1401.6555751548603	-4.099999999999999	62436775.73973072	4.583550441931717	102.10349684496836	30.86900661034701	76.80000000000001	6.0	5.0	4.775100000000005	0.21721604208619286	0.8984250514394844	0.00014803774820541918	8.351635537438607	0.6605776585462867	1.0753121074189615	6712.5148351814105	4.8425798757887275	0.19582884482604568	active
12.638094923154448	0.027369910799744712	-3.658175955688131	0.661814621516798	11.185185185185185	401.8750000000001	1.0740740740740742	2.6329254884987976	1.8922053306604758	1086.3638322297593	-2.769999999999999	1073443.7216609598	4.693678157384706	82.63761147975137	30.54870293908626	89.02	5.0	3.0	3.3766000000000016	0.2532787224323494	0.9252740279336666	0.00038745999142593575	7.3317841529385115	0.8084978598107178	0.9487529745422307	4447.836577303936	3.8697063460232584	0.24511667100820111	active
12.412359624035311	0.03153859074494014	-0.22656685668094467	0.5348994953035218	12.08695652173913	324.40500000000003	1.0869565217391304	2.6056192130236404	1.8237327337140747	836.8041264729035	-2.3999999999999995	224896.20551449645	3.5082840236686392	60.42170811415442	22.19303151335767	52.08	5.0	3.0	4.060800000000003	0.4800998050105444	0.9754306990395266	0.0007608590731608949	5.3113479556498175	0.8945953053730661	1.0807534715890652	4774.4319335423215	4.170939415696413	0.22422635982912653	active
12.641181185437137	0.2124673511379862	0.2124673511379862	0.5458796961954645	11.36	331.45900000000006	0.88	2.6468299376007836	1.6569979341435304	838.8504218676703	-2.449999999999999	578522.9131212785	4.54926953981008	83.92330780493333	23.269751912275954	20.310000000000002	2.0	3.0	5.323200000000005	0.7166764256395195	0.9943511815975903	0.0013685813549039255	4.265341198943875	0.9604092296694494	0.9068348975262801	6349.834512593694	4.539897283550409	0.1766061569349508	active
14.326106693086414	0.023229721269135473	-2.260281980867525	0.08161708098879662	26.444444444444443	747.7340000000003	1.0740740740740742	3.4565743929665005	1.29042876534623	1931.4007204366894	-5.040000000000001	626225170651.6927	7.009486719468301	69.15764176634495	105.62149305559419	275.57	15.0	6.0	-0.09009999999999796	0.04778303630586818	0.729781078712529	7.07506370352453e-05	13.031893672551037	0.8265920065534808	2.1392696743144115	14125.32986858076	5.35581548005066	0.6311881477739657	active
12.358159891188391	0.15265172771485847	-0.9361200723078424	0.7230430312406163	14.75	411.64300000000014	1.0833333333333333	2.5583121838100777	1.6987736173065358	858.523281962467	-2.059999999999999	266964.99300494924	3.5417586817531923	60.292833759667765	36.98611508385228	85.88999999999999	4.0	3.0	0.6997000000000005	0.378778123391385	0.9594393673292496	0.0004751475033178646	7.447899922241022	0.8462814057845582	0.9802827684936144	5346.663735109242	4.041238946160153	0.34768975219778775	active
14.274742583404649	0.021982945956160904	-1.1441893817712274	0.3864367881873538	20.657894736842106	530.0280000000002	1.1578947368421053	3.617837441560059	1.3549856707107235	1485.6173772264926	-3.9099999999999993	853770664.8632535	4.492764383469222	84.16534864588643	50.44280507881271	89.35000000000001	6.0	6.0	4.825000000000004	0.33942509215884636	0.9488255909121158	0.00030764376524545714	8.292871802806095	0.9460243724480708	1.1600295298541596	9211.781482813632	4.558119857525296	0.2823084485604838	active
12.670476662887376	0.12113914084152144	-0.37252928949357567	0.7747547433722919	15.956521739130435	324.767	1.2173913043478262	2.9803806418380736	1.6538900128944876	905.1671033766322	-2.589999999999999	351726.64106587844	2.510457724402792	65.44434142789574	17.49804021481163	51.22	3.0	4.0	4.002900000000003	0.42140617688381227	0.9666465353544562	0.000787914493768329	5.8003301990867975	0.9080940460861201	1.070933822526497	4086.4758296353484	3.872198663593194	0.3078324613955625	active
12.346911039030449	0.1639005798728015	-0.944173984207908	0.7725355036252199	14.75	367.1920000000001	0.9583333333333334	2.5583121838100777	1.6987736173065358	856.523281962467	-2.249999999999999	266964.99300494924	3.467237289722543	60.84274755757667	36.98611508385228	85.88999999999999	4.0	3.0	0.5906000000000003	0.42808668938995165	0.967947205446038	0.0006063441950814255	7.327289843024109	0.892037662800838	0.9899894210002328	5225.254964335052	4.1345764349755	0.32526928934382743	active
12.635222782218182	0.26133566389518803	-1.354619569237925	0.5763227383596949	12.4	358.44300000000004	1.2	3.057036135715646	1.7194268487317208	845.8837232825953	-2.2499999999999996	698309.5933731179	4.2365016697356515	47.78605840046658	34.500417004362255	75.41	5.0	3.0	2.618520000000001	0.3455487014969072	0.9520787974789168	0.0004564993167712451	5.374200243438095	0.7988252759959539	0.9559189803605457	4570.365559541973	4.098428508887156	0.1989676005983068	active
11.902314814814815	0.2540046296296292	-1.6882511337868475	0.32331231143346845	29.8125	300.59399999999994	1.125	2.427765300552248	2.1798575285120654	340.2558236666764	0.09999999999999981	3867.430123779731	2.348289515823799	12.152040213667762	19.244143369349796	37.38	3.0	2.0	2.9135000000000018	0.41383401912029677	0.9639477602915265	0.0015185341838760285	5.826829732861384	0.96904490508677	0.9468244937445345	2323.9786898965476	2.9860081532722504	0.43408394398043076	active
13.435102093306458	0.09342613588645299	-0.3838548752834472	0.5301752278987993	16.258064516129032	431.90700000000015	1.2258064516129032	3.1785270695381582	1.4512818379060928	1264.659047086201	-3.289999999999999	18958445.490288988	4.017946675359854	82.65660191559262	32.53318800366384	85.11000000000001	5.0	5.0	3.6819200000000016	0.18282490789182015	0.892865904181323	0.00031869389850875914	7.3932471796787365	0.8209876783064438	1.3373138154631135	4696.515401000616	3.878356019137736	0.48011783282725423	active
13.413117698974066	0.11238326563407752	-3.430201743218968	0.7017684570237395	18.074074074074073	404.8500000000001	1.1851851851851851	2.608583706257479	1.7181035984026545	1180.7883616063932	-2.509999999999999	1290933.295968995	3.2822467764289507	65.19519520048003	25.06180884137444	76.13	4.0	4.0	3.927000000000003	0.3899879152084793	0.9614591427752193	0.00043743240413061214	7.849969132462204	0.8137991272617938	0.8034233020793248	5506.468635716941	4.177907515511795	0.16577083569949513	active
13.283709215167548	0.054739963886789145	-0.2967602040816335	0.5343555379998935	15.766666666666667	416.8920000000001	1.2333333333333334	3.2689722966379935	1.4483297079071396	1202.1853990864383	-3.379999999999999	14440593.58917403	3.502851357842639	83.66243306912182	22.419893177158496	72.22	4.0	5.0	4.373000000000004	0.24200421332970337	0.9200869524324067	0.0002862339529989292	7.096640119076686	0.7725611508915884	1.1803878176873797	5323.230691590925	4.229126612781514	0.30797367262558817	active
5.733149880322499	0.7252343159486018	0.7252343159486018	0.44144726269288276	11.0	209.25199999999998	0.6875	2.259899090012346	2.4397721399992816	632.1378427386805	-2.29	6454.27180107526	1.3358058857067674	42.46456947923127	4.9839785209472085	64.93	3.0	3.0	2.5524000000000004	0.6372490934314435	0.9900563966774725	0.002980434242658366	3.1044221957178073	0.861110160164019	0.09519776558675398	1768.6149633008886	3.134337677867126	0.01488744001690632	active
11.464448223733939	0.2033333333333336	-3.44224537037037	0.6947014224634946	11.428571428571429	207.25400000000002	1.2857142857142858	2.155210315042901	3.1269580555875662	477.84843788259906	-1.6	1215.5386176841962	2.441662238282496	41.312991963031976	8.417796984328938	57.93	3.0	1.0	1.806	0.4773694777826338	0.9747219425957409	0.0023047857342914733	3.518875010917985	0.9283782279606193	0.7835324508569776	1673.7651186442224	3.059280098078584	0.2500263003196175	active
9.573829979625033	0.020557184084742053	-0.10197982091179214	0.3638589512310325	12.28125	431.54400000000015	1.03125	3.26172345565705	1.5845607148575576	1152.4151325522164	-3.5199999999999996	26256195.379560474	4.6999502743484225	60.55218461730588	42.258263920081774	100.77999999999999	8.0	4.0	4.2641000000000036	0.34931609399678815	0.9531928437792541	0.00031856562966478714	5.879628369866464	0.8506482576900241	1.3351610184596516	7512.291399163066	4.69360803542106	0.27856977234614777	active
11.714129346182917	0.009141589506173053	-3.487738567649281	0.7571618838863213	12.588235294117647	249.33499999999998	1.1764705882352942	2.253905002587605	3.130031364446087	554.922405137214	-1.6	3975.888424564535	3.431930063860128	41.312991963031976	8.417796984328938	57.93	3.0	1.0	2.7950800000000013	0.3613477251098791	0.9558313932835775	0.0011384859403292893	3.455401662049862	0.8536191897996437	0.9410282812978362	2177.600017802917	3.3145185079788066	0.3554463688146619	active
4.616097174981103	0.6812613378684806	0.6812613378684806	0.8399410248536084	17.647058823529413	264.4189999999999	1.1764705882352942	2.8018358984092546	1.6372019750951292	455.88004875061125	-0.5800000000000001	17875.713031851046	2.8130473602342914	24.26546827384644	11.02581935009517	24.92	4.0	3.0	4.2257000000000025	0.4373605911550769	0.9691869975701896	0.0014101722449193614	3.2954912907208733	0.91106590329842	0.900188031369369	2389.554473832393	3.271046964087494	0.24659141554749556	active
12.20150604686319	0.03530092592592626	-3.7404629629629613	0.6458964542905704	11.222222222222221	357.14300000000003	1.1111111111111112	2.39138090205142	2.4023311594454584	630.6870724696684	-1.4097402597402597	12358.656501801739	2.5371310141535925	42.725522485534206	18.385754026223353	89.18	5.0	2.0	0.7159000000000003	0.185091348595734	0.8939376086837055	0.0006105230568246248	5.703149126808969	0.8048672263076556	0.7699972585935002	2367.461230395621	3.0459971704487536	0.19149700981008344	active
13.771994558530228	0.06972670619218535	-0.987873887209205	0.32497708903389283	12.108108108108109	516.6420000000003	1.054054054054054	3.420894717388939	1.6941281527867826	1336.6014992724477	-3.909999999999999	221547596.15236405	6.455033623908069	112.1494631829109	28.327072906510004	75.19	5.0	4.0	5.721700000000006	0.3689078829327884	0.9541772118674663	0.00034283403968169893	8.042807204253698	0.9867654032864748	1.418835480869145	9491.200875239198	4.61299093341721	0.30880639695369244	active
13.590142103464753	0.010264838960275302	-0.7648569643906946	0.5965554400102586	15.484848484848484	468.91600000000017	1.2121212121212122	2.745176961383637	1.6583970894116988	1263.6879560440489	-3.5199999999999987	20864635.13968749	4.803147116231242	70.75864669217702	46.73678108082532	91.4	4.0	4.0	3.730000000000002	0.24174641714032238	0.920247588034756	0.00020267147809672177	8.056255873176053	0.7802619148407877	1.2099915810579804	7676.0475478649	4.7728289824636665	0.24644205513195808	active
14.259939019589314	0.012369360810167818	-3.775425013790589	0.47891583616568845	23.13888888888889	541.4600000000002	1.0555555555555556	3.551250176041049	1.4384417593208363	1581.7904870680857	-2.6999999999999993	209814451.5208319	3.6855998994470864	69.96405916487245	42.456537644495825	94.37	5.0	6.0	4.665480000000004	0.38155102482340764	0.9599148282606691	0.00029744099982468577	9.554647162198954	0.8639015464908809	1.084549927932916	8951.940706468167	4.529604284192231	0.2248300333822739	active
13.72754453006843	0.18676917989417996	-0.3648702114250455	0.7866067074544043	10.636363636363637	314.747	1.1363636363636365	2.4812133992632286	1.8398376934109477	850.936591316155	-2.46	117435.83018712861	3.069214699443192	71.26156226894165	10.891158250298714	41.99	2.0	3.0	4.208500000000003	0.3373166216667375	0.9504039906061464	0.0006850802868253085	5.970598980418009	0.8245971615355615	0.6593012784459581	3191.218529038935	3.623456604422965	0.19839692280968682	active
5.048148148148148	0.7950925925925928	0.7950925925925928	0.5537426119928397	9.090909090909092	208.377	0.9090909090909091	1.8665184752596773	3.8624101150224392	147.2103308093761	0.12999999999999995	169.85318124863062	4.550602853533002	0.0	46.631575563527655	6.48	3.0	0.0	1.4126	0.29554608785545283	0.9390819799778265	0.0019904358862434285	2.332121792333803	0.8663143814759674	0.8533252922230499	1097.0637882396786	2.591404294267913	0.4205119817742512	active
11.407341864343543	0.14384698812840147	-1.1412189625393439	0.40462746733382715	13.047619047619047	560.6540000000005	0.7142857142857143	3.591101163977712	1.941650819057238	1916.7803639942722	-4.9799999999999995	2111073571.5470035	5.11457534073436	88.52887769405913	31.874524659692533	137.62	6.0	5.0	4.834640000000004	0.22492348164655726	0.908726815557271	0.00013753813748789508	9.00824468572337	0.7103679714205426	0.8726655560071374	8790.227520774923	4.845707183212195	0.1452253722558539	active
13.16042389280815	0.17026082346518812	-0.591133471907282	0.610260461709596	16.258064516129032	476.38900000000024	1.1612903225806452	3.3260932198188153	1.5614800391821075	1064.8967549675704	-2.6799999999999997	16685426.463458363	4.977437471837489	74.9187706436456	52.35833627833359	78.42999999999999	6.0	4.0	3.492300000000002	0.2602304329527906	0.923179950540744	0.00019277683464138934	8.34782573090251	0.7066757585023491	1.0628803449278734	6739.664685530677	4.575038478303339	0.22334515901918917	active
12.621229765054169	0.21818468127991952	-1.4238408604182415	0.697797898745364	12.333333333333334	345.4040000000001	1.1666666666666667	3.0065977799893377	1.900572833941512	923.0716771823301	-2.4800000000000004	353332.36450656696	2.9648922445555446	35.150408686778746	33.38042913756116	88.30000000000001	6.0	3.0	1.92384	0.25991414325566187	0.9273882691901473	0.0004922421420267935	5.518970929739644	0.791289935946022	1.043868957235877	3400.2002286773372	3.6700656086862065	0.28534678561254967	active
4.590130385487528	0.7802834467120182	0.7802834467120182	0.7013101010787974	11.736842105263158	267.357	0.9473684210526315	2.932856115386359	2.228607980845603	666.8420707065351	-2.1999999999999993	48943.50285356756	2.347735713616929	65.46507333807817	15.988311611884996	30.18	4.0	3.0	3.1313000000000013	0.18626153569421397	0.8810007269326373	0.0005579663467038507	4.147335943989558	0.6663229372672578	0.9196629180269373	1681.879532722391	3.177928492322682	0.3271322133174843	active
13.60961928772081	0.0005769977744187749	-0.7759809355841101	0.5821296815203599	17.764705882352942	482.8990000000002	1.1764705882352942	2.776597612094718	1.42451905321905	1313.372615703986	-3.5599999999999987	40669130.65008866	4.31577814603171	70.75864669217702	59.95054500985114	100.63000000000001	5.0	5.0	2.7204000000000006	0.2639976484617934	0.9282420341604313	0.0002533669922626589	8.901926955425115	0.8923113434527177	1.4174092940629197	8448.25394012127	4.7113781816137426	0.3875946440882971	active
13.613949973835126	0.002375572142437221	-0.7735729507852527	0.5848600171221902	15.735294117647058	482.9430000000002	1.1764705882352942	2.7379193430719826	1.6505273104864533	1305.0506484704351	-3.5199999999999987	26390927.75424128	5.015983512011668	70.75864669217702	46.2338655040607	91.4	4.0	4.0	4.1201000000000025	0.17015912044748052	0.8834068305013468	0.00018697722256747385	8.017452620354106	0.7689678455862969	1.319460931321742	6748.683035870228	4.5090106395365	0.3434535838416559	active
12.248455057949105	0.15537155139833736	-0.16451877047115127	0.7542512728973427	10.636363636363637	331.20200000000006	1.0909090909090908	2.511884471807872	1.829105416518248	843.6865913161552	-2.099999999999999	121163.25938212452	3.2112982958649767	70.46697474163707	10.891158250298714	41.99	2.0	3.0	4.722800000000003	0.37753657145735137	0.9564494812534101	0.0008200348715297314	6.185535280758089	0.9779744506863426	0.7813743312547831	3995.689312547047	3.7417205282411086	0.21324148186726347	active
12.395602726831985	0.07875923747774105	-3.5123431214769396	0.6600811144037051	11.333333333333334	402.8830000000002	1.1851851851851851	2.617042424150639	1.8573408347538065	1100.3051158330647	-2.6399999999999992	1015760.5272128601	4.958935740176477	70.16643629234784	25.06180884137444	90.22999999999999	4.0	3.0	4.424300000000003	0.16422197638014394	0.8697498837883775	0.0002436721517712934	7.070406993368826	0.6896399721933012	1.054665807804597	3955.1060759120833	3.9418805535947947	0.2935893629358893	active
13.483313098387502	0.03831703514739204	-1.1501103710219427	0.6350372950868367	15.9375	450.92600000000016	1.15625	2.7817357913871175	1.7518384437939019	1235.6463553359968	-3.449999999999999	14460208.148822328	3.688343971002974	71.00779291959273	46.73678108082532	91.4	4.0	4.0	3.5909000000000013	0.1434011446610345	0.8461483104729401	0.00017751067283313515	7.282153163832741	0.6669760372616873	1.3319267869861335	4702.313323619722	4.147026617992922	0.3878428463501573	active
12.824916855631141	0.0986674855127232	-0.3085057634164785	0.6734512191131105	16.5	379.2680000000001	1.2916666666666667	2.952224480943698	1.6647949944332103	941.4852841535718	-1.8199999999999994	482978.0206334271	2.8341171914524907	51.58156923825654	17.49804021481163	51.22	4.0	4.0	5.1079000000000025	0.28737504865011376	0.9368874118885795	0.00042824040392963766	7.197715598424829	0.831732767922519	0.8543659179739865	4620.296007056645	3.9968602497349432	0.21317575410493167	active
12.911793272864701	0.09050799949609467	-0.3026758944318473	0.6954626771075287	16.16	373.2430000000001	1.16	2.623226744701067	1.6749357004587393	971.1973352890377	-2.369999999999999	707379.3239760897	3.009056750763896	58.595193611016775	22.4198931771585	66.91	4.0	4.0	4.474500000000003	0.4757469465903266	0.9743442362130392	0.0007120258206198287	6.7413899329585965	0.9391692031189202	1.1007447975590172	5504.12173341841	4.122049262811875	0.34730202032304586	active
13.093802656350606	0.08403531533786723	-3.619387807592171	0.7048181826504182	15.846153846153847	414.93600000000015	1.1538461538461537	3.180073279498376	1.8275127590103712	872.4227660668171	-1.6099999999999999	1022406.2796518459	3.7323199467805743	35.711898112773966	62.69892904572533	66.92000000000002	5.0	3.0	2.495400000000001	0.2082326676720659	0.8968450721699436	0.00029474080077956244	6.476671626253895	0.6814625719578002	0.8984114282962671	3561.9091390806684	3.6573996575945427	0.27002713526150596	active
13.329371653754091	0.042546689972284835	-3.7453106759679184	0.6066248296024178	19.8125	469.93400000000025	1.375	3.3525457464915314	1.472948791395341	1375.6779577210586	-3.0	24763740.07865553	3.7248979591836733	52.93916821735937	41.01046304688428	130.15000000000003	6.0	5.0	2.41188	0.15085300625649986	0.8350486263982956	0.0001488783654046436	8.741253364090735	0.6162129999160619	1.1793299080075068	4635.839202899385	4.164218964829647	0.2975526388654038	active
12.585354098429494	0.02988630637440104	-1.3880781788023848	0.3700966516695975	17.09090909090909	450.31100000000026	0.7575757575757576	2.7458148502738218	1.7472605732203803	1221.4274042533714	-4.67	17548920.071957238	3.8680562614814904	53.08855688586065	12.073271675700152	220.01000000000002	11.0	4.0	-2.822799999999998	0.13304977886663732	0.8237519096051588	0.0001429083794655241	12.387824024310476	0.6382204245123485	1.200307630131091	5027.344108600338	4.391711505804672	0.3393640862332612	active
13.349722887241825	0.026823297220122555	-0.2641743302259181	0.4327302264036341	15.516129032258064	427.9350000000001	1.032258064516129	2.797447833420425	1.442212006292271	1236.601124375875	-3.3699999999999983	19170820.484099504	3.9900298401228294	101.33962826190081	17.43591465621129	45.230000000000004	3.0	5.0	6.020800000000005	0.22489421475586607	0.9063977521669748	0.00020860392861484335	6.812517389664038	0.68913011878251	1.0289898912671598	5389.271733560265	4.392499928399752	0.23509207353641776	active
13.38416973733938	0.13409731317619755	-0.6034353741496605	0.5223548117902296	15.516129032258064	432.86700000000013	1.096774193548387	3.3288828840594498	1.4906244432499747	1283.9860035845863	-3.709999999999999	22302430.10737811	3.6387505032215905	89.3585234088708	33.22698263736048	88.33	5.0	5.0	4.254500000000003	0.1999461883480646	0.8840936094832722	0.00019355265866110327	8.088542971445769	0.6390282176985984	0.8668522313164014	4514.773855043025	4.146004637568008	0.2032064083710833	active
12.644084939531368	0.31107205845301067	-0.8067268203577729	0.7215116751806726	12.125	361.22800000000007	1.125	2.5887248770457307	1.900281520977484	893.8260853822429	-2.139999999999999	321276.28959063743	3.358880245514848	70.46697474163707	18.000955791576246	51.22	3.0	3.0	4.867800000000003	0.41323854983257635	0.964978707515977	0.0006394702911408093	6.6361706668631255	0.9236308122899684	0.9855264165291774	5085.474056769242	4.081612987920566	0.25920092636114034	active
13.240708144368856	0.3009539556563361	-1.1156463766061977	0.7413833019636912	18.846153846153847	368.8200000000001	1.2692307692307692	2.6743549722848217	1.763839332989991	986.4571668240699	-2.629999999999999	1179572.3989157218	2.6941196555700846	65.44434142789574	29.211449574165254	71.45	4.0	4.0	3.539500000000002	0.22737436445983808	0.9136433041767358	0.00041995322138282655	6.217443341205745	0.7644643666153541	0.8941266487812006	3423.222066441879	3.630318359313375	0.27574600475062233	active
12.23980253212396	0.08511778785588286	-0.08511778785588286	0.7798342382094987	10.636363636363637	310.7840000000001	1.1818181818181819	2.512319271566993	1.7957159942644063	840.1148095914492	-2.3899999999999992	121802.26292411095	3.096627284542339	71.00779291959275	10.891158250298714	41.99	2.0	3.0	4.3778200000000025	0.6009954289484217	0.9874984612824623	0.0011159709448304927	5.067233091204522	0.9192250186119602	0.9114435008281039	4803.476262821632	4.178549302844332	0.19148484163325422	active
12.34048560894465	0.052189973760139896	-4.429361180164423	0.6614075014675231	11.407407407407407	394.7800000000001	1.1481481481481481	2.593918862681946	1.7936936049633243	976.5711453692901	-2.7999999999999994	937284.0479226316	5.337220777625355	65.44434142789575	23.674338732255105	51.22	3.0	3.0	5.010500000000002	0.2539642773408129	0.9163814580480442	0.00023352875592166366	8.060077720848492	0.6654207835261481	0.8759141201757309	4736.527701674883	4.31544661257928	0.16957750070579303	active
12.178543083900227	0.42685185185185204	-1.3144444444444454	0.6636690510675125	12.705882352941176	245.267	1.0588235294117647	2.857737939078466	2.062729036327946	681.238822245735	-2.15	17466.494283647582	1.8022528721252682	42.46456947923127	29.46313348104573	73.04	6.0	3.0	0.6859999999999999	0.47014422204404954	0.9726129360087344	0.0018678291343816485	5.007826035362524	0.9852344806048886	0.793008476277134	2235.87944434596	3.2030803385625473	0.23488965626188582	active
11.744530029604434	0.20555555555555527	-0.3819864890400593	0.7826772179049588	23.6	265.312	0.95	2.477304200927285	1.9180016363358487	680.6853761249685	-1.9999999999999996	66044.92999672142	1.6296966953372567	58.65200837755764	6.041840829147961	58.15	3.0	4.0	1.3836999999999997	0.29837038875506516	0.9382412889228813	0.0008536193329770277	4.013888888888889	0.7441481879491098	0.7521310162005883	1875.0013398425135	3.150389578621478	0.22437032868229384	active
12.508832108237424	0.06914911479421382	-0.4683246813134627	0.44067209513896394	15.233333333333333	426.83600000000007	1.1666666666666667	2.6860800980985924	1.3406886391811161	1168.7607328718202	-3.5199999999999996	5110493.017360812	4.547088435638184	69.47082543225503	31.193898999863375	107.82999999999998	5.0	4.0	1.8441999999999996	0.2916859486998212	0.9378813183581807	0.0002440111635984525	7.9576455218464215	0.795803333411068	1.0304200132095434	7480.439399160373	4.857377771818068	0.23166314328778959	active
13.628465765156957	0.029557804475733418	-0.5640716525871647	0.7544587841469912	16.16	357.772	1.28	2.623226744701067	1.6749357004587393	974.4424477868743	-2.729999999999999	707379.3239760897	2.890852405441876	59.38978113832135	22.482018735758842	64.11	4.0	4.0	3.927100000000002	0.34981454277843604	0.9532932734491005	0.000527887829019894	6.879205329344418	0.823203860045606	0.9531772628528493	4250.105442207191	3.9159127280412998	0.24946413039537818	active
13.038276948592756	0.019266345427060072	-3.7999506986436544	0.6743609410334629	22.178571428571427	448.01000000000016	1.2142857142857142	3.2726463846577705	1.7535195405381678	778.761189209326	-1.1600000000000001	2701635.0434626825	4.870280684169042	16.82649260939344	67.53815206294726	86.78999999999999	5.0	3.0	1.8849	0.2899804784786726	0.9363121883074622	0.00026221696195590947	5.958989743254164	0.7581958133532707	1.0496061410077193	6242.896424287099	4.4027025395104875	0.20640553460498307	active
12.28204790249433	0.1869620811287478	-0.5232257361545785	0.7651956162974839	10.541666666666666	339.782	1.125	2.5429453893330547	1.872003909282015	940.4501204519348	-2.9199999999999995	283576.5550914756	3.522279055646317	71.00779291959275	16.79833797965022	85.08000000000001	3.0	3.0	3.1683000000000012	0.4432423445813449	0.970429469803519	0.00059662265187162	6.18185156092719	0.8296217984295498	0.8745387662406724	4779.1489739773815	4.189968626149039	0.20205664648599628	active
13.69032789186356	0.0012490607086115268	-1.042318331653649	0.35688778192605186	12.108108108108109	500.5740000000002	1.027027027027027	3.420894717388939	1.6941281527867826	1333.8466117702842	-4.329999999999999	221547596.15236405	6.272233905103906	113.58839120292828	28.49975764268824	88.33	5.0	4.0	5.253200000000004	0.328263481217327	0.9465387848917971	0.0003136910795431865	7.835009715320534	0.9302973383289511	1.487776515647537	8552.448043216444	4.548361043602198	0.35592749183863204	active
12.896587773998487	0.11853308453010847	-0.5414644746787609	0.6864499725386649	16.2	396.244	1.2	2.6147932967678185	1.696191471328367	997.6306935438286	-2.729999999999999	678544.0900978424	3.004721913599373	64.89442762998684	16.79833797965022	71.09	3.0	4.0	4.0618000000000025	0.24788291861266656	0.9197989734047094	0.0003427704815444397	6.533311936344783	0.7244466915662436	0.8185236052502194	3902.0390466915565	3.7930617275770278	0.24517013966771234	active
13.286054894179895	0.051460642899134657	-0.29197704081632714	0.5343555379998935	15.766666666666667	416.8920000000001	1.1666666666666667	3.2689722966379935	1.4483297079071396	1202.1853990864383	-3.379999999999999	14440593.58917403	3.502851357842639	83.66243306912182	22.419893177158496	72.22	4.0	5.0	4.373000000000004	0.1164850183773148	0.8158743815838752	0.00021232525341684984	7.096640119076686	0.6711189378066821	1.2777650411497463	3668.5743639132106	3.840170221496313	0.43325712324217786	active
13.850683155215775	0.17478124737549305	-0.42963151927437715	0.4293069161062473	16.15625	466.96900000000016	1.28125	3.1794803205726483	1.4591556436204236	1324.6056566940588	-2.8699999999999988	26730612.797087025	4.235762174861943	86.84026115434416	27.319802908008974	58.120000000000005	5.0	5.0	5.530320000000003	0.15662071408704714	0.8339973637076115	0.00013440360170949127	8.165829676587785	0.6006277688593749	1.0709991520525617	4864.554362661664	4.32036970202712	0.25144601975794884	active
12.840754440665155	0.100583585285966	-0.4107237339380203	0.7491268522807287	16.625	337.81	1.2083333333333333	2.611582360660766	1.6683265371901423	920.1338927838719	-2.429999999999999	482583.8580970603	2.7464822419346624	71.00779291959273	17.43591465621129	54.02	3.0	4.0	3.713700000000002	0.29756331015197074	0.9377901842407435	0.0004568121569467081	5.54509145162091	0.7396628736082824	0.844959656026453	3449.4285559880464	3.795357009822724	0.21160020349559525	active
12.522066227026786	0.10933195050033051	-0.10933195050033051	0.6218403867982928	14.241379310344827	409.9170000000003	1.1379310344827587	3.2176532479050457	1.4403077772742185	1002.3344354242769	-2.63	6492905.706600839	5.2507188012445765	65.44434142789575	42.03221916339983	54.46	4.0	4.0	4.544000000000003	0.3242616225441009	0.9467240606730001	0.0002853797903082206	5.958770494315513	0.7870176300025054	1.1487300913988667	6739.5042509607265	4.693573380542054	0.2544999821907613	active
13.271568011463845	0.07649628369866424	-0.10574499244142066	0.4779526241955278	10.827586206896552	406.87300000000016	1.0689655172413792	3.148994474111535	1.648575540550114	1140.9883641817626	-3.379999999999999	6248272.623465797	4.222501943791672	83.38248962697766	28.01084710973013	60.25	5.0	4.0	4.326700000000003	0.3475808013641594	0.9520703342385122	0.00038658653696066616	6.848200081105475	0.7749170187216263	0.8403630822883955	5078.246074792396	4.093545404038463	0.17500502095780435	active
13.136448885109598	0.12654604434366368	-0.14220521541950193	0.6731920188238273	18.125	336.822	1.0833333333333333	2.614829248792131	1.7430832736925717	903.5392540350065	-2.3899999999999997	497523.5611676788	2.6515368387904275	71.51070849635737	17.43591465621129	33.2	2.0	4.0	4.7988000000000035	0.41716768620647493	0.9656820613811459	0.0007589815985686496	5.301702070258955	0.9225847579319745	1.0881319092129278	4317.815393703958	3.893785995655434	0.3132518254020956	active
13.542459608843537	0.01949192176870751	-3.868492239073723	0.5599930833137884	21.470588235294116	501.0080000000003	1.2058823529411764	3.3338053691235685	1.4901646212682642	1344.55729815821	-2.5599999999999987	73022045.9082625	4.184018829371752	71.00779291959273	58.76415021754684	102.84	5.0	5.0	3.127600000000002	0.266234952657534	0.9299537740995357	0.00023511208273472897	7.974857329068413	0.814556065486169	1.3120282559662049	7675.403069818916	4.530053058170119	0.3091273361268058	active
13.786849159299834	0.11022238116754735	-0.47758892587491064	0.7706924522236294	10.625	344.773	1.2916666666666667	2.540716144072494	1.8757357959237373	914.6593909024652	-2.6599999999999993	287451.5431080738	3.463197971672669	65.19519520048001	18.000955791576246	51.22	3.0	3.0	4.217100000000002	0.36338450496710084	0.9560916055608176	0.0005126247887258563	6.332098836126802	0.805494321499421	0.9284857478143863	4318.739310720682	4.039490259223109	0.23081032166778662	active
13.02455709701576	0.02130338246409691	-3.797592212039136	0.714880075582997	22.555555555555557	433.9830000000002	1.2222222222222223	3.2308721821669026	1.8178313896283806	763.1512862845283	-1.1600000000000001	1623694.20038107	4.641070576565249	16.82649260939344	67.03523648618264	86.78999999999999	5.0	3.0	1.6372999999999993	0.2465918969365704	0.9161126431778883	0.0002346051456330888	5.932881944444443	0.6891388856038412	0.7777159569074519	5049.137592135977	4.200328237889225	0.16765334222187434	active
13.497234977324261	0.2771227796674225	-3.559579593411439	0.6650989339686971	19.433333333333334	441.9400000000003	1.1333333333333333	3.588432660221683	1.5739471463171253	1252.2223869068507	-2.479999999999999	15004571.84933646	3.3655553278228254	71.00779291959273	35.40886566181863	79.37	4.0	5.0	3.918300000000004	0.2279546134841073	0.914933468093368	0.0002921232883559753	7.291951313606726	0.7946282234996209	1.2239483773884654	5355.56855840213	4.094124059672683	0.3306521715770021	active
13.688131535021416	0.0593916131267318	-3.781686874825177	0.4823826288545191	19.16216216216216	539.0570000000002	1.2702702702702702	3.6139182752411676	1.4906576075885873	1554.8499348051087	-3.029999999999999	221671039.57097438	5.070807007609319	70.50487734282814	41.018308633423956	123.38999999999999	6.0	5.0	4.287080000000003	0.18839571519837384	0.8481635038640877	0.00010842366124907634	8.747978512667158	0.5635681317664565	0.8392539138845583	5529.813748946382	4.364813665566106	0.17741128542398074	active
13.393727743067501	0.1714600392626191	-0.5860143717981026	0.7259857326930655	16.076923076923077	369.7830000000001	1.2307692307692308	2.61347610463456	1.6901791342554968	1054.1337219108282	-2.9899999999999984	985502.6369161231	2.8838447394708155	70.75864669217702	23.343094385562793	71.09	3.0	4.0	3.493000000000002	0.23209397510255667	0.9142983152710279	0.0003671761845581734	7.324952337726062	0.7394759212779896	0.8065471110662499	3676.8344940736197	3.7970939215375292	0.22817989009920714	active
13.424717218307588	0.038593369446544123	0.038593369446544123	0.46063927822556927	14.193548387096774	411.50900000000007	0.967741935483871	3.484519824710764	1.41144576812073	1163.4840866102375	-3.5399999999999987	30224836.464175556	4.190999735368746	73.05735782784227	32.42978449531238	63.910000000000004	5.0	5.0	4.716700000000004	0.34707591219149264	0.9520800692538948	0.00029882665518928615	6.0311268790634704	0.7801954551633111	1.0559754714507932	6660.097606116572	4.651528540469264	0.18459599477646063	active
14.125456113000755	0.006326577571391656	-1.275188702024021	0.2726936772636277	12.19047619047619	565.6250000000002	1.0238095238095237	3.50051030422588	1.6290980995169861	1772.9333504422314	-5.049999999999999	2750030285.2843657	6.14742205839321	130.07488177453973	23.343094385562797	106.60999999999999	5.0	5.0	5.328800000000005	0.09306803685838073	0.8121424147414905	0.0001365497587040714	9.48653105120729	0.7822796483863433	1.6398562398944292	7681.085443630656	4.531420776585409	0.4941371515835154	active
13.68309578924162	0.07520352173791278	-4.023170041521863	0.5641836864344889	19.636363636363637	507.3990000000003	1.1818181818181819	2.7717558532638824	1.825955603416648	1391.1563214996786	-2.719999999999999	18657215.28193131	4.057783604431647	64.40060767317546	49.65853574977773	108.47	5.0	4.0	3.1883000000000017	0.20177606491545594	0.8867364455789638	0.00016382771802194929	9.144702540378217	0.6457246465827412	0.9997560251179382	5505.6250589396495	4.2084786993062755	0.2324584578934467	active
12.018271289997479	0.006823270975056195	-0.05777082283530666	0.7990764629259253	16.727272727272727	310.784	1.2727272727272727	2.5963296371897764	2.04670535624204	750.7475302284901	-2.3099999999999996	144636.33142856805	2.703884876402526	70.78474251448087	23.231849311084897	44.1	2.0	3.0	3.271180000000002	0.33533479056951226	0.9499192071437899	0.0007252452427111582	5.109388137824434	0.8500876609921268	0.8846863892861004	3188.5896325182866	3.6125141202352737	0.26612943295317976	active
11.918306957042077	0.3049622071050644	-0.42998157596371844	0.6443406376910615	16.0	299.35100000000006	1.3333333333333333	3.065918989865804	1.9503098904627334	758.3875112707998	-2.4	102634.70410474765	2.731313131313132	57.412987602925085	18.976848173586994	47.89	5.0	3.0	3.409620000000002	0.736193160580487	0.9952494673701225	0.001817983618706849	5.103401360544219	0.9295627807867336	0.4963601803173537	4881.999524934297	4.216697932236085	0.04889636695152466	active
13.681577891863562	0.015137949597500366	-1.0500961094314272	0.39304504473661506	12.108108108108109	499.5700000000002	1.0810810810810811	3.420894717388939	1.6941281527867826	1335.3672353092074	-4.399999999999999	221547596.15236405	6.241975308641978	107.4557047104407	33.6551612895187	102.18	5.0	4.0	4.012400000000002	0.36549214076220965	0.9555129896067451	0.00034218555000017356	8.047806653217833	0.9280184757980368	1.340628989467556	8533.056397536313	4.523008254206512	0.290274625119421	active
13.411634070294784	0.1882687704711512	-0.8977297099395316	0.7241560077573302	18.666666666666668	379.84700000000015	1.2592592592592593	2.6864223591379277	1.790329249628361	1060.9810050977742	-2.919999999999999	1735525.5552080302	2.841300511878526	71.00779291959273	23.343094385562793	71.09	3.0	4.0	3.9181000000000017	0.2888412249854384	0.9348721425678622	0.0005264641286848347	6.311902428808415	0.9367701309159907	0.9939190047595964	4695.563874274316	3.888589332929983	0.36304645415899134	active
12.735234788359788	0.05034674981103526	-0.5379779226505412	0.7464176000902987	20.0	374.65500000000014	0.9130434782608695	2.7375880476822028	1.907265297246934	711.9186945863747	-1.2699999999999996	169073.43782485285	2.9406134437039837	38.97369349803691	54.840876526731456	43.86	4.0	3.0	2.564400000000001	0.4565014778019741	0.9722616801369203	0.0006381014306125226	6.5597112105914706	0.8910864867664701	0.9981501092061417	5320.196250377762	4.114819469244459	0.30417946876676505	active
11.339058484504914	0.03171012849584254	-0.03171012849584254	0.5145232399883986	10.0	182.22199999999998	1.0714285714285714	2.2711747832197764	2.617310666084741	497.3166518186401	-1.8899999999999997	2243.920685821139	1.4434225598455577	60.68297676136064	5.783244946364939	17.07	1.0	2.0	3.2085000000000017	0.5122690480270604	0.9789028643418642	0.002654099839497121	2.7988032533435088	0.7956738338369005	7.940708364113001e-06	1167.424788212465	2.837569534151314	4.000947103041421e-11	active
12.36747118291761	0.14933358528596608	-0.14933358528596608	0.7856750944674603	10.521739130434783	326.7830000000001	1.2173913043478262	2.552394185725223	1.8319020921134428	859.2694420716361	-2.5899999999999994	206595.89018097098	3.4309359978646925	65.44434142789574	18.000955791576246	51.22	3.0	3.0	4.078000000000002	0.21586299710094586	0.9097642799396821	0.0005507387512228353	5.494379575938145	0.8509627302634538	0.9771403878156942	3167.3518961169584	3.5924153584626257	0.4585558592581504	active
13.673800114085783	0.04291572737527827	-1.1473183316536495	0.3772590908331365	12.108108108108109	501.5620000000002	1.0810810810810811	3.420894717388939	1.6941281527867826	1336.512482336934	-4.3999999999999995	221547596.15236405	6.241975308641978	108.1102495710985	33.311051427457215	101.22	6.0	4.0	4.648200000000004	0.32588228848681866	0.9445653416055436	0.0003287946209937049	8.047806653217833	0.963300580697889	1.4550088916471877	8596.011383002477	4.515043690708147	0.36677897690184524	active
11.996909486016628	0.1436574074074073	-0.1436574074074073	0.7163314692639696	10.944444444444445	259.29	1.3333333333333333	2.9476096804803027	1.873765147707769	683.7671020477977	-2.0799999999999996	24444.52708022315	2.0195405393378425	41.91648725918242	20.296619067735005	71.78	5.0	3.0	2.7918200000000004	0.3106345528538802	0.9406334839201763	0.0008214814647403978	4.890244784502648	0.7219840501005571	0.4342262254370577	1869.4544853912182	3.208246639868786	0.09100446579837039	active
14.209386324700386	0.171967041446208	-4.098723801399734	0.3038212526855208	16.897435897435898	568.0500000000003	1.1538461538461537	2.938801870730682	1.4722615001121484	1661.7096759569213	-3.5699999999999985	576804791.1418245	5.329179153461101	99.74620983047556	39.508265587730335	111.49000000000001	6.0	5.0	5.168300000000004	0.14914833522673082	0.8707799817684619	0.0001905523938731371	10.117400338150793	0.8431235182741134	1.4882736403334211	7587.378374552431	4.300475689663644	0.49509604003226115	active
13.60892821712018	0.011137983067350143	-3.55115446741777	0.4979224758653104	16.942857142857143	516.0630000000002	1.2285714285714286	2.7635500707344085	1.7162715686377248	1383.0976215857852	-2.5199999999999996	37418918.416405424	5.507542932458603	70.50487734282812	41.01830863342395	99.60000000000001	5.0	4.0	4.639300000000005	0.38726670484644954	0.9604607425728011	0.00026982096622334416	7.507029568593413	0.7810011854423884	0.8426449034816933	8119.594926886454	4.554566884770249	0.14449949632395256	active
13.418000283446712	0.03224546132434569	-0.4307237339380203	0.6813087971694856	21.3	420.90000000000015	1.2	3.188789922293678	1.4843992775492967	1143.7562013922043	-2.959999999999999	12512416.245130029	3.4209142334965774	71.00779291959273	40.829601351473805	74.33000000000001	4.0	5.0	3.3146000000000013	0.2030684230188115	0.8936401573190862	0.0002264528057955682	6.770396000002362	0.6793042003610309	1.14299188427597	4540.6008211771095	4.110691495298126	0.31173895557662346	active
12.221811539430586	0.08597993827160466	-0.08597993827160466	0.7798342382094987	10.636363636363637	310.78400000000005	1.1818181818181819	2.466774248511792	1.8213259929342427	845.3648095914491	-2.3899999999999992	113202.73703845465	3.259109990990333	71.00779291959275	10.891158250298714	41.99	2.0	3.0	4.3778200000000025	0.554458549819671	0.9835810051716307	0.000985190811200146	5.067233091204522	0.9060647199718166	0.8745492000508345	4617.424836851081	4.136075889155561	0.18563828044505937	active
12.916448885109599	0.11612937767699694	-0.1317885487528352	0.6999261953880773	17.869565217391305	322.795	1.0869565217391304	2.9561449690829797	1.7240651912881926	887.9318251269432	-2.3899999999999997	357717.19041879324	2.470915259971133	71.51070849635737	17.43591465621129	33.2	2.0	4.0	4.408700000000003	0.5183931053221896	0.9798761214413404	0.0009810366611575278	5.316594967667228	0.9110087873375203	0.8125787484351741	4238.235083093303	3.899935178585341	0.20682637268161463	active
13.161128275384229	0.011694486436549356	-0.011694486436549356	0.47591352595048303	10.655172413793103	401.87700000000007	0.9655172413793104	3.278303995299119	1.6230879233088715	1079.5929268733012	-3.439999999999999	7286804.309295182	4.701979547655432	101.60058126820374	15.989840058599752	60.190000000000005	3.0	4.0	4.530100000000004	0.2149159927325911	0.8978655070844167	0.00019275890665392364	7.111998086938039	0.6646368432537428	1.1240057511770254	5205.176197112681	4.528771004154033	0.2663096149489473	active
12.57367507922973	0.15949305030654193	-0.15949305030654193	0.5055196610438067	10.607142857142858	389.8420000000001	0.9642857142857143	2.683723249300161	1.5100896525033738	1127.6396975801003	-3.439999999999999	3135898.4121282464	4.269470458680457	89.97076270804514	15.875136771245923	64.11	4.0	4.0	5.256700000000003	0.1504297334454547	0.8688971974944957	0.0002901373688432508	7.184609902345942	0.7613765490017504	1.2415550197739247	4036.422605944009	3.916916658099737	0.4756839201637359	active
13.027626239056314	0.02173532375913312	-3.8339738229109614	0.6415323669828971	17.82758620689655	455.98900000000015	1.1724137931034482	3.2903953473231446	1.7445299132252035	935.6285604790972	-1.94	4369895.091291533	5.1619473984387785	52.72177944339848	67.53815206294726	86.78999999999999	5.0	3.0	1.5472999999999995	0.3413101650327892	0.951375126391642	0.00038620225867033346	7.048796848756996	0.8333997055630565	1.1815920284090535	5838.3785551612345	4.055829221883731	0.36348932233880676	active
13.847791477702192	0.16381456286218232	-0.5132158210506421	0.6640570540301841	21.962962962962962	377.87499999999994	1.1111111111111112	2.7027572679627725	1.647624852900621	1045.412266445144	-2.589999999999999	2621755.6326419283	2.5081092508320917	65.44434142789574	23.980671062123864	45.230000000000004	3.0	5.0	4.768600000000004	0.32890202077252917	0.9482367650980297	0.0005239861755293779	5.708216565015796	0.8625326634401913	1.2221278142799916	4470.948834749039	3.866881775770532	0.4093211839823645	active
12.728654099661494	0.08275648630536825	-0.26256205001872535	0.6566926898199121	15.222222222222221	379.4610000000001	1.0740740740740742	3.176667996277042	1.62041580621604	1019.4386686776872	-2.6999999999999993	2266450.9619677886	3.335019197460951	52.905168164629565	55.219857320509504	63.68000000000001	5.0	4.0	2.8420000000000014	0.6548433014138851	0.9912112909134784	0.0007788892038590637	6.153980752814075	0.9014684122412338	0.6473084322412875	7886.859880545158	4.842032800871484	0.07529649587095187	active
11.399458459309649	0.12404861636012421	-0.12404861636012421	0.7277102135895224	15.705882352941176	252.31499999999994	1.411764705882353	2.3933515132543604	2.178228351999298	416.2118100829604	-1.3300000000000003	9314.924089585971	2.6751506919900505	23.762552697081826	43.301486114717186	44.760000000000005	4.0	2.0	0.7765	0.31296468666134697	0.9431081704748837	0.0012267421350842923	3.5851032866779518	0.9089396865434973	0.8373308577658575	2025.5520664947273	3.146152845858595	0.318547774980908	active
10.893846371882086	0.31828703703703676	-0.8899999999999999	0.5000707895810634	8.538461538461538	189.171	1.1538461538461537	2.1146281735022376	4.351205679620966	227.9192538639593	-1.79	543.459440590075	3.4081908053570626	0.0	37.19009600294772	87.74000000000001	4.0	0.0	-0.5547000000000002	0.2352413210234045	0.9097384733052521	0.0012809582808045016	2.5976208392712383	0.6770619821230774	0.5401325120001014	861.9529986492529	2.653331063302963	0.13656312964474834	active
13.256486433195187	0.17061140505584915	-0.5986375923826328	0.5461975567107992	15.909090909090908	505.42700000000013	1.1818181818181819	3.370134489647198	1.5660299500198849	1142.495004771924	-2.8099999999999987	40515086.177775174	5.404503462717947	74.65781763734267	54.48415529866391	74.77	6.0	4.0	4.105900000000003	0.10854166254874424	0.8032997147028624	0.00012951944084823604	8.445211197634777	0.6692560624992248	1.3949213353668113	5806.483752841147	4.408939496155319	0.4242195057066854	active
13.544104448363708	0.06188969723691917	-0.5494668052406155	0.5320502757413267	16.15625	489.4280000000002	1.15625	3.3286066394601193	1.6015988375264683	1094.640548862967	-2.6099999999999994	24521725.283063676	4.9005050540498	80.72418470580428	59.321939470914046	56.75000000000001	5.0	4.0	4.439500000000004	0.24945936171704322	0.9215113063351926	0.0002538174462407587	8.007413455645274	0.7410413355352091	1.0402184334486697	5571.066913238429	4.044049514796412	0.28248401785059457	active
13.757011999244142	0.014613331443688926	-1.1004148951247168	0.6874018874184689	17.7	423.90000000000026	1.2	2.7391235825446807	1.8026933959996934	1126.3813552692154	-3.1199999999999988	6432371.560844315	3.588343045277083	65.44434142789574	42.40047364036799	71.53	4.0	4.0	4.025500000000002	0.12954701623585882	0.8548573197209607	0.0002781329860451946	6.688948828593832	0.8247985051564414	1.298043283611417	4714.009012026914	3.9748616977155917	0.42058554172239704	active
14.133268613000755	0.049228977984163924	-1.2612998131351316	0.2935213987602593	12.19047619047619	563.6330000000003	1.0	3.50051030422588	1.6290980995169861	1772.568822465631	-5.049999999999999	2750030285.2843657	6.14742205839321	129.94224292648778	23.343094385562797	107.57	4.0	5.0	4.693000000000004	0.09869627421214196	0.82103890002124	0.0001419189436340536	9.48653105120729	0.7959828073374849	1.6472552871326727	7820.383903721494	4.5418712637037375	0.49741719693820735	active
13.980412578943422	0.15813515684051405	-0.3907818930041149	0.7866067074544043	10.636363636363637	314.747	1.1818181818181819	2.4715733899947323	1.854694951949118	845.686591316155	-2.4599999999999995	115931.6214310929	3.069214699443192	71.26156226894165	10.891158250298714	41.99	2.0	3.0	4.208500000000002	0.39234406656375437	0.9619874194774646	0.0007877806919079931	5.970598980418009	0.8260276537310013	0.7260263327778151	3171.5536019380693	3.578176153133495	0.18342348840280326	active
13.527097033257746	0.32170611300075613	-1.187984339569161	0.6553457927666312	21.296296296296298	379.8030000000001	1.1481481481481481	2.9236994766459277	1.6829919224474048	1111.3271766907455	-3.1199999999999988	2544817.261467382	2.2301007302946374	65.44434142789574	23.529154727149702	71.53	4.0	5.0	3.6224000000000025	0.2970522679509976	0.9394357700518988	0.00046357066200743927	7.127430918739037	0.7938997694382475	0.7354508604711677	3967.0676651937697	3.749055792684602	0.17656320259305308	active
13.848132134807612	0.18259374737549305	-0.4398356009070301	0.49801524954696824	16.15625	449.9170000000002	1.21875	3.1794803205726483	1.4591556436204236	1320.996016219622	-3.289999999999999	26730612.797087025	4.088981135341457	88.71578532710018	32.116309130507986	63.050000000000004	5.0	5.0	4.4989000000000035	0.14996878648819012	0.8713599805163119	0.00028009065725998405	7.641804787781435	0.845429271252413	1.535655027857748	5201.028342993482	3.996391480587488	0.5625567447507136	active
12.223090986394556	0.14214222726127468	-0.14214222726127468	0.7542512728973427	10.636363636363637	331.20200000000006	1.0454545454545454	2.4613896417004346	1.8117162778886287	823.436591316155	-2.099999999999999	111604.32913398111	3.3785257829382584	70.46697474163707	10.891158250298714	41.99	2.0	3.0	4.722800000000002	0.33089444793635897	0.9474315421971887	0.000680345375912086	6.185535280758089	0.923956053933625	0.8314393002721672	3921.7461175291505	3.7918903397116965	0.2599240635191021	active
13.774737895840664	0.04533265621063198	-1.3682475907029477	0.6539003101868335	20.88888888888889	383.7660000000001	1.1851851851851851	3.125544644769615	1.678036221628148	1152.2480858097551	-3.1899999999999986	2438915.620572692	2.1482358355703886	65.19519520048003	23.529154727149702	71.53	4.0	5.0	3.3714000000000013	0.48041310253688513	0.9755109609399215	0.0006821298117126622	8.224749517018177	0.888369635906416	0.7037937453106542	5260.109538654391	4.0329292863762625	0.16605491590527344	active
12.402502204585538	0.07271678424456218	-3.9059441531242123	0.7179180276389246	12.782608695652174	350.8470000000001	1.0869565217391304	2.5440336658780778	2.2274877677888107	758.1853059890764	-1.6899999999999995	127568.02414179033	4.891433053352568	70.44630146400058	26.122886204812175	65.31	3.0	2.0	3.4766200000000023	0.25017028263699503	0.9188551642599648	0.0003996425132446548	5.688492749612837	0.7019585730313801	0.8903528769412168	3124.6382371407703	3.6468947312458053	0.23823656555842337	active
13.364253625463043	0.04866743302259158	-0.04866743302259158	0.39243876106279424	10.96774193548387	425.5170000000001	0.967741935483871	3.484519824710764	1.4420831161564165	1297.1002881147676	-3.839999999999998	30224836.464175556	4.082222255491286	95.31682542578125	25.885028089399803	63.910000000000004	6.0	5.0	4.788200000000004	0.397484278722575	0.9629214130314879	0.0003610343885123052	7.387375746892244	0.8251042219740975	0.8556042639635797	6989.6592536420985	4.566467456405146	0.15863935581766703	active
12.997757714660187	0.1896773431594858	-4.565505388443162	0.7460193644944909	15.11111111111111	400.7440000000001	1.037037037037037	2.596808138631351	1.7292104465816167	949.6013961304768	-2.7499999999999987	828901.1578511272	4.1578488156233755	61.38356573553234	36.98611508385228	85.88999999999999	4.0	3.0	0.9560000000000005	0.35856739684237526	0.9551120359129536	0.0004554738143220483	8.959727028066128	0.8694840371403983	1.0476478046887086	5602.85049034718	4.1727968378104725	0.3146179528807831	active
12.960068456729505	0.19591021825396826	-4.670448961431417	0.7130128321501354	15.035714285714286	435.1890000000001	0.9642857142857143	2.582285157043474	1.743071191565407	975.5152593478596	-2.4599999999999986	1153103.943166821	4.172127271857042	60.33983198081206	36.98611508385228	85.88999999999999	4.0	3.0	1.6094000000000004	0.36664111143099176	0.9553102062006836	0.0004383133851421644	10.354916211302585	0.9433959997466822	1.154197750582572	6868.965237620779	4.327846518351568	0.3419903427269929	active
12.649889845795364	0.044585380448475265	-3.8513311862917274	0.5809954949916659	12.566666666666666	445.8840000000001	1.0666666666666667	3.2025788208894013	1.5009423921165215	1202.31874525796	-3.1699999999999995	8294038.630339371	4.365856854285308	76.57124441128973	31.085876061674686	107.48	7.0	4.0	2.762600000000001	0.3646790601190882	0.9532239615656206	0.00041555184753880726	8.522554174134136	0.9864633357717346	1.2261429790179854	7747.274401327023	4.489574351171385	0.32105484450191013	active
13.273709215167548	0.06708564289913466	-0.3123852040816335	0.5437144618780534	15.766666666666667	417.88000000000005	1.2333333333333334	3.2689722966379935	1.4483297079071396	1204.219693935839	-3.4499999999999993	14440593.58917403	3.479995571887814	77.59606600066022	27.633278272813364	85.11000000000001	5.0	5.0	3.7680000000000025	0.10253557325680966	0.8218292802865468	0.0003317530139182118	7.353055870502028	0.9316332908485586	1.4252415835148453	4592.013067246102	3.8408468058687766	0.5621310409069741	active
12.930808453010833	0.03557120891553822	-0.3292396804400781	0.735432828982774	16.0	368.8200000000001	1.2692307692307692	2.667497015560475	1.656265825278754	989.9522793219064	-2.629999999999999	1184574.072179049	3.1130935708934504	64.94142585113113	22.60456760965234	71.45	4.0	4.0	3.8853000000000026	0.27696708577483437	0.932734908964218	0.0004770747748057444	6.217443341205745	0.8906470915070754	1.0598959462008883	4611.517291706679	3.9751623086215764	0.3262608646747753	active
13.466678307546363	0.059824106125165644	-1.0212018665490892	0.5285638164691997	20.305555555555557	506.99000000000035	1.0	3.5994758210857336	1.3292754403204408	1288.263610201647	-3.489999999999999	253357355.6657013	5.195735934087859	71.51070849635735	52.90287302717395	100.63	5.0	5.0	3.8542000000000023	0.48178746511717485	0.9755497908986502	0.0002976470299243655	8.002571265480986	0.9066292479483662	1.1864494612029866	12565.292959037792	5.391132788006613	0.181473926223774	active
13.250965302417773	0.07231402919804752	-0.29905930902916555	0.4995420078932054	10.7	420.4980000000001	1.1	3.4270874248382173	1.5883047671017074	1153.9445151059017	-3.7199999999999998	11570738.188984279	4.306045015403755	70.92088064878332	33.97983606346786	92.15	6.0	4.0	3.477500000000002	0.19587958856519577	0.8908961056374436	0.0002065117648037233	6.915731151964919	0.68876960460794	1.1200278305659301	5057.6548546679605	4.325630033882471	0.24853146507465934	active
13.189696040545398	0.06002010490768228	-0.2993405652131653	0.6351732896330203	21.34375	448.9540000000001	1.21875	2.738159214649021	1.2019457231672381	1201.7662191954118	-2.669999999999999	20475289.23445622	3.5235300519189146	64.94142585113113	48.5769755693124	66.49000000000001	5.0	6.0	3.798200000000003	0.372842516094817	0.9581242847493292	0.0003210169528642897	6.68738790446917	0.8130766361880619	0.9632847954984713	7191.736216874266	4.5476375281407195	0.18217496856000306	active
13.547698885109599	0.35197247417485467	-0.5506311413454279	0.6155809191247799	15.392857142857142	392.8420000000001	1.2142857142857142	2.7294138536482575	1.8388022625393767	1090.8369694691316	-3.179999999999999	3065595.7580021136	3.1403285838768826	78.09929721832813	23.405219944163136	59.5	4.0	4.0	4.500100000000002	0.22055701772043595	0.9066676049752332	0.0004772351033002871	7.010380441892515	0.9603362216771938	1.3333569867648032	4581.002612219638	3.803050820380307	0.5233797438184515	active
13.188390495086924	0.08591868228773025	-0.2060323759133289	0.6000136661038464	17.92	371.26700000000005	1.04	2.6392134332465496	1.7331128386109784	952.083947772685	-2.099999999999999	741592.582607948	2.985195218245842	70.46697474163709	17.43591465621129	33.2	2.0	4.0	5.452200000000004	0.5005746855051404	0.9767258940220459	0.0007665673362705432	6.255984529593705	0.9847512427156496	1.231330392690237	5897.840668355489	4.2117408717015765	0.40249114652226653	active
13.575217269778282	0.11933812568237157	-3.4228721941855516	0.6248118048749383	18.35483870967742	457.93900000000025	1.2258064516129032	2.732570994527267	1.811085581110182	1339.8354765806519	-2.969999999999999	7784291.387535793	3.6590370161852617	64.94142585113113	38.016660553403135	105.22999999999999	5.0	4.0	3.321600000000002	0.23010585202899045	0.9085737384776599	0.00023708732132968617	7.864372076321258	0.6867450142815504	0.9763184128738017	4762.036805796994	3.9916377631991637	0.24850664324812913	active
12.178790627362055	0.0900308641975307	-0.0900308641975307	0.80542102739655	10.761904761904763	299.761	1.3333333333333333	2.8139618939554305	1.8184628032208723	810.142233208204	-2.3299999999999996	84342.87984752611	2.901524207839283	59.5084508625856	15.458257898090068	46.92	3.0	3.0	3.4079000000000015	0.4724716406726859	0.973227593107301	0.0010605403886255434	4.849642596656316	0.9734777538427009	0.7527216770629103	3887.6982751987366	3.8310658214424222	0.21874155317233634	active
12.499179421768705	0.11748173343411428	-0.11748173343411428	0.7848208582890037	12.708333333333334	338.79400000000004	1.25	3.033922527745625	1.5947837610088305	934.5481477224685	-2.5899999999999994	556051.2530401626	2.807132724800696	64.94142585113113	17.49804021481163	51.22	3.0	4.0	4.004300000000002	0.3029653730788827	0.9395581355453315	0.0006428636460916903	5.742351950210027	0.928784939626356	1.1926588019509725	3919.1432256229887	3.7608011396758703	0.42738631313848097	active
13.228562122262797	0.17972993827160466	-0.3363852221712069	0.7866067074544043	10.636363636363637	314.747	1.1818181818181819	2.466774248511792	1.8213259929342422	850.936591316155	-2.4599999999999995	113202.73703845465	3.2305552941848132	71.26156226894165	10.891158250298714	41.99	2.0	3.0	4.208500000000003	0.46629435112945933	0.9737048082887345	0.0007260694208878299	5.970598980418009	0.8361262165180667	0.8394544169910867	4226.552471065806	4.0710825471923355	0.1882996641627316	active
13.262704270240587	0.056770510800994156	-0.3016184281623364	0.6351732896330203	21.34375	448.95400000000024	1.21875	2.7410787561328243	1.2338382461015969	1201.7662191954118	-2.669999999999999	20564584.28656946	3.5235300519189146	64.94142585113113	48.5769755693124	66.49000000000001	5.0	6.0	3.798200000000003	0.16679916404332373	0.8504202907157448	0.00016432718260514406	6.68738790446917	0.6132932670459349	1.0316364803161893	4350.663066346034	4.111245548682601	0.2574718881696161	active
13.032235922146636	0.07484284454522538	-0.6833547099395316	0.7361528289403804	18.916666666666668	337.81	1.25	2.9307212150516873	1.71396844202712	950.9996946857802	-2.589999999999999	477795.47968987655	2.3061521482593537	65.44434142789574	17.43591465621129	54.02	3.0	4.0	4.210100000000002	0.40882969472544944	0.9648564336240466	0.0006937274171366555	5.461663960857532	0.8774482775046772	1.0529395465842342	4223.435492236607	3.904817361870491	0.30881061741675614	active
14.41279793398841	0.04771366867326421	-3.7726448333963223	0.6851600796442299	11.5	367.182	1.0416666666666667	2.571855114379834	1.9378497605850038	926.1125347402076	-2.239999999999999	264299.262684358	3.048765154639755	70.46697474163707	10.891158250298714	41.99	2.0	3.0	5.272100000000002	0.5590826891466049	0.983663419017464	0.0008686474553519317	8.228273399070105	0.9520868484572398	0.9627837371140513	5796.889250396714	4.204436046905415	0.2334820546389433	active
5.44511213936941	0.3252767311170017	0.3252767311170017	0.5467988229515709	17.1875	436.5440000000002	1.09375	3.331518784886391	1.3462403511427412	1047.3612188324357	-3.1400000000000006	31319075.05371138	4.849524451208654	35.347204613956194	58.34990944449886	109.34	9.0	5.0	2.9251000000000014	0.15273213133775504	0.8721979705629395	0.0002576789417238298	5.669043605934494	0.8827444650510193	1.7225351287972956	6182.24650766585	4.361888976589447	0.5434820807093754	active
12.15838246409675	0.11780864197530838	-0.11780864197530838	0.8089003200516655	10.761904761904763	300.749	1.3333333333333333	2.8139618939554305	1.8184628032208723	812.2937617762396	-2.3999999999999995	84342.87984752611	2.8746650916803143	53.44208379412399	20.671642993744936	59.81	4.0	3.0	2.802900000000001	0.6458412517228197	0.9905471890708045	0.001392442602533833	5.103401360544219	0.9445108471108643	0.6224557112666905	4670.569865476999	4.136868259925263	0.1572779044046592	active
13.272287021289998	0.07303925736961436	-0.6805328798185941	0.6759389651549571	15.6	422.8720000000002	1.2	2.752421012643878	1.6947401948001475	1158.832741900724	-3.449999999999999	6911130.988435867	3.713684665954323	71.00779291959273	47.742612234354546	91.4	4.0	4.0	2.8123000000000014	0.2347341177570264	0.9178952991240756	0.00027705508880065244	7.353055870502025	0.7996179262817006	1.2362548124965285	5815.706128582244	4.346105181175176	0.31373077736257915	active
13.498443405139833	0.05082811815676158	-0.6154459561602423	0.6982960228769391	16.166666666666668	422.9160000000001	1.2	2.7313758945768702	1.704427042064458	1110.0583439133504	-2.959999999999999	6594781.454164702	4.0144114627556755	71.00779291959275	53.7830142185307	65.54	4.0	4.0	3.5143000000000013	0.1575937167324715	0.874346252579473	0.00024187686166503598	6.517508650519031	0.7626009249973574	1.1066240821836573	4954.361551419626	4.155200308568355	0.2975373289034333	active
13.720454565936965	0.08641501292385101	-3.408643843051484	0.6745325367285978	16.17241379310345	434.8760000000002	1.2758620689655173	2.673412159444653	1.7132084972026378	1246.7049370834802	-2.709999999999999	3178890.23690381	3.7739595298237982	59.12882813201841	32.17160638265197	85.36	5.0	4.0	3.9356000000000027	0.295486819581018	0.9387354880370424	0.00030027237502481494	8.197541112472548	0.7826620839364561	1.0298859312265585	5919.287602061293	4.300948904819113	0.2559660574403617	active
12.351610751277128	0.04294219552426637	-4.834489370016482	0.6950341732517828	11.384615384615385	380.75300000000004	1.1538461538461537	2.525218220635157	1.774501961900446	955.3142250652805	-2.8	540583.5653642506	4.635228052126199	65.44434142789574	17.253517109329096	51.22	3.0	3.0	4.968000000000003	0.33197262575349573	0.9490941333014082	0.00044656159425585296	8.262434963579603	0.8507916987575523	1.1596942832284105	5145.940885440062	4.147550745288787	0.3229086992772518	active
13.261291650919626	0.12318413186874633	-0.47122732426303915	0.6664624695933373	16.275862068965516	409.87300000000016	1.2413793103448276	2.7323285475536863	1.6499276264552347	1080.590480520768	-2.959999999999999	4555015.739712894	4.0854532042669796	71.00779291959275	41.95968362220372	71.53	5.0	4.0	3.5991000000000017	0.16429593800203549	0.8651999151565024	0.00020644444979710962	6.789045291123002	0.667888248337606	1.1989046298684933	4309.199653543284	4.132074047487945	0.3382456074795571	active
13.32848970143613	0.15295611300075618	-3.9669870008188446	0.6841376419842612	17.103448275862068	429.90900000000016	1.2413793103448276	2.7258175392862194	1.78309196741746	1194.0555109007323	-2.5199999999999996	3967116.685231614	3.7164465500520873	75.72988778404483	37.20659961451366	93.47000000000001	4.0	4.0	3.674400000000002	0.1754560799355838	0.8862698249629463	0.0002669801300151805	7.625975532463808	0.761098906946712	1.085911077544452	4684.5027022949735	3.990262881074365	0.31408132607915173	active
12.32970559159878	0.06405231517920917	-3.455504653250187	0.7746386504473862	17.42105263157895	302.78300000000013	1.105263157894737	2.472023058111333	2.075344193932268	539.3527401906489	-1.11	21872.460018169077	3.0762179797604903	30.33183534230805	55.58913150444779	57.690000000000005	3.0	2.0	0.7583	0.5012212943025078	0.9780097853120214	0.0011679502692960443	4.44351348038074	0.897964617720575	0.8252843356094699	3310.2831662665185	3.5810087809812803	0.2607160731413017	active
11.74307854623331	0.19898148148148143	-0.38978599773242606	0.7453528197531899	10.444444444444445	238.246	0.9444444444444444	2.398737591362552	2.0597186740336046	735.3700981657875	-2.619999999999999	21176.05545654861	1.9558867921505014	65.0174271193043	4.9839785209472085	55.13	4.0	3.0	2.9316000000000013	0.5363857277814685	0.9815920353483425	0.0019633108201183988	4.242357076046296	0.9345984296063503	0.9083519127720251	2329.4372929065344	3.3344540929409257	0.23314555726812466	active
13.33882152669761	0.0853881120349369	-0.0853881120349369	0.407024737963622	10.96774193548387	426.5050000000001	1.0	3.484519824710764	1.4420831161564165	1299.1973286128741	-3.909999999999999	30224836.464175556	4.0570226172478945	89.64188786677401	30.86900661034701	76.80000000000001	7.0	5.0	4.183200000000003	0.5325436559093167	0.9815134321501562	0.0005492991127823402	7.651931948590025	0.8816370284711668	0.8901664118742414	7393.398104390418	4.514429737218288	0.15480194261740068	active
12.255926765768034	0.17542181069958818	-0.5071343214039394	0.7651956162974838	10.541666666666666	339.78200000000004	1.125	2.541675095213167	1.8401371165255203	940.4501204519349	-2.9199999999999995	282896.0631225111	3.522279055646317	71.00779291959275	16.79833797965022	85.08	3.0	3.0	3.1683000000000012	0.569512984284756	0.9849794594438915	0.0007926131408158985	6.18185156092719	0.897506821098188	0.8414449811162645	5885.636792608962	4.469578317209431	0.1614328203219674	active
14.58767417375455	0.08120868571130035	-1.9769646044075417	0.07807518101884203	30.06451612903226	858.7140000000004	0.532258064516129	3.238669051742332	1.3782406107752971	2327.140800065845	-6.039999999999999	36328810369058.22	6.730030468158629	116.29818560158608	138.9828681170419	359.28	20.0	8.0	-5.028999999999988	0.545346577486021	0.9818680969127639	0.0001664055237189488	17.979844868150177	0.984073821299455	1.4333720028366168	30699.305534408428	6.283547428170038	0.20756874247204618	active
11.35292044595616	0.05013888888888851	-3.5791867835097	0.5902819584433281	11.1875	264.69	1.5625	2.1638429627243285	3.243473756027108	514.7696374248296	-1.21	2516.549365648394	2.892977800942194	16.913404880202865	37.21771046219953	86.22	6.0	1.0	0.7101999999999999	0.2777107213290288	0.9265671030071061	0.0007001436941286849	4.969444243901689	0.674968011025287	0.5465605868641366	1729.9828531255584	3.15129233690445	0.13246989987427282	active
12.957298962794994	0.05096674575179905	0.05096674575179905	0.7032775042499595	14.76	351.8370000000001	0.96	2.6700188589369347	1.5119256532452716	914.2181458707765	-2.589999999999999	841397.7029790784	3.1742004084656967	71.51070849635735	41.97009360479949	36.440000000000005	3.0	4.0	3.8506000000000036	0.32757540767228177	0.947730047112414	0.0005469682698167345	5.451243972110158	0.8758729089896661	1.1620137971280957	4395.71592129535	3.956584529405092	0.3502670804127044	active
13.254226662887376	0.2354561130007562	-3.5966166304484743	0.7106900480338649	17.285714285714285	415.90200000000016	1.2142857142857142	2.661203436032479	1.778551086851115	1175.034397723273	-2.4799999999999995	2182415.6810421315	3.4830960829651327	71.00779291959275	36.41469681534787	79.37	4.0	4.0	3.3857000000000017	0.1689195593770001	0.881321748884376	0.00029930049571604684	7.089933955310227	0.7517019364878819	1.2594144650125452	3995.4600722185214	3.7699777975164483	0.4232415763529233	active
12.30544866829499	0.17283794513367035	-3.6140098142320904	0.6745717400296131	11.307692307692308	390.84800000000007	1.1923076923076923	2.529338266504385	1.8221732877006156	1083.4961974094092	-2.6399999999999992	547019.9868969034	4.70953738375022	65.44434142789575	25.564724418139054	85.36	5.0	3.0	3.4078000000000017	0.36459583319084155	0.956423808997676	0.00040544287678920585	7.169916892663747	0.812654030603372	0.9619604281678186	5578.604978666239	4.299119484553729	0.23204291836374405	active
13.216089747627446	0.027893019862265556	-3.4954143309058527	0.4363440630432078	11.5	440.5300000000002	1.1333333333333333	3.3587707478002584	1.611924735262938	1265.5352643804822	-3.239999999999999	8322751.776306225	4.6614028143793425	75.6429755132354	35.57461573629294	99.26000000000002	7.0	4.0	3.6910000000000025	0.24409110269700196	0.9180942155736297	0.0002747119954842988	7.784831022785622	0.7220668323735047	0.9506947830723015	4788.339274729418	3.993079701463443	0.23931977992415362	active
13.500682594797176	0.0330945294784577	-3.7952514983329837	0.5620628896469915	19.58823529411765	495.99200000000025	1.2647058823529411	2.806405378946732	1.4717339938580913	1426.7892240585536	-3.0299999999999994	40284894.006357856	4.142115364739887	71.00779291959275	49.00129405040839	115.19000000000001	6.0	5.0	2.869080000000001	0.1932703350242714	0.8707118594819558	0.00013483337185389325	8.5708175916983	0.6073371042793814	1.0441477519198692	5562.620592845297	4.402427474275996	0.22016060284879158	active
12.197483369376556	0.058253417107583916	-3.401754653250188	0.7768985270041376	17.944444444444443	308.8120000000001	1.3333333333333333	2.9230063332936917	2.042668083574119	507.2349167924757	-0.6300000000000001	16742.980277106268	2.686756693427369	16.82649260939344	55.58913150444779	57.690000000000005	4.0	2.0	0.8197999999999999	0.13671799513944083	0.8609954555666585	0.0007512949800549256	4.7300762298149674	0.8457349927015216	0.9569984647061623	1871.8496282948024	2.9046348396322053	0.4946632589833509	active
13.260965302417773	0.04905930902916533	-0.09518812463256876	0.4895737274694607	10.833333333333334	419.5100000000001	1.1	3.4270874248382173	1.5883047671017074	1151.9758199041253	-3.519999999999999	11570738.188984279	4.384647595423358	70.92088064878332	26.8082292978041	80.12	6.0	4.0	4.074700000000003	0.1516456247087537	0.8724065685990635	0.0002557839509707525	6.746493955962537	0.8094165034572006	1.30592922270572	5240.305209764923	4.21114090068535	0.36007857556722456	active
12.245010865457292	0.040777936723102925	-1.273225736154578	0.7910767705825591	10.541666666666666	339.7580000000001	1.125	2.5429453893330547	1.872003909282015	940.4501204519348	-2.92	283576.5550914756	3.5222790556463153	71.00779291959275	16.860463538250563	82.12	4.0	3.0	2.4329	0.2853014124824342	0.9352848331077227	0.0004895184424649949	6.906831389792869	0.7700228626825376	0.6847487295474111	3422.6516298533106	3.7273368411067045	0.1866737136901387	active
13.169536328420257	0.01949357520786088	-3.8693061985596704	0.701345593876378	17.896551724137932	455.98900000000015	1.206896551724138	3.2512773964093182	1.937222715311131	988.2165165308454	-1.9399999999999995	3429486.413061306	4.475191193402386	46.15249679817226	60.99339565703468	86.78999999999999	5.0	3.0	2.4439400000000004	0.26985893451511334	0.9291969128171959	0.0004082318747185316	7.048796848756998	0.9216790681659085	1.1785197865071129	5630.385892993494	3.9176407910410087	0.4302322523307949	active
14.205592744813973	0.05495001993295401	-3.0672021649673864	0.5262303999407147	25.763157894736842	554.0680000000001	1.131578947368421	3.217745860313058	1.3410672328276438	1539.2360814877509	-3.1699999999999995	492906686.333333	4.515085044312861	65.44434142789574	61.31814668466127	105.66999999999999	6.0	6.0	3.8304000000000027	0.42199340948937764	0.965002293752733	0.0003136094529461713	8.663908078466843	0.9821008912245586	1.431285552858796	11727.940224828484	4.91791295670224	0.3708916973988948	active
12.741908081111792	0.10679100704272027	-3.1819954540797872	0.5929503816636613	15.125	472.9980000000003	1.09375	2.787631506358005	1.4548703274010693	1235.72501263538	-2.6799999999999993	16477243.81304115	5.033246179187257	65.44434142789575	55.54605045632098	82.61	5.0	4.0	3.541100000000003	0.21170337363572797	0.9028038437986494	0.00018428804360314565	7.15711673157246	0.7154631467152928	1.064268885706063	6458.859268047828	4.524863449066688	0.25657260758742906	active
14.092818011463843	0.09112670068027207	-1.022236040249433	0.6192973970543347	19.96969696969697	483.35500000000025	1.1818181818181819	3.130631586955311	1.6378907189009835	1323.0572255315913	-3.159999999999999	37697412.59663794	3.342466381506991	69.96405916487245	54.28736864026712	82.61000000000001	4.0	5.0	3.4181000000000026	0.20656345366083634	0.8838921758052244	0.00016387238767113732	8.56207895718755	0.6209071726980058	0.9393774448323899	5030.241172096567	4.183698495272464	0.2144219888940778	active
12.312249079817622	0.16023662551440299	-0.1691713584409773	0.7544850991662382	10.48	353.809	1.12	2.6044808711379135	1.8319494363578857	956.3069994128407	-2.9199999999999995	494590.9174290898	3.949518710412681	71.00779291959275	23.846009962327408	71.09	3.0	3.0	3.429000000000002	0.5266371897735007	0.9809021664444614	0.0006350896828156846	6.107800686053046	0.8817244032613736	0.8597251745534952	6293.715374305088	4.576410929684056	0.15350606720515927	active
9.374814814814815	0.37918209876543174	-1.2696759259259263	0.40619749005324385	46.46153846153846	392.18300000000005	1.1538461538461537	2.1506064729462735	2.659390479692273	151.1036009089937	0.8902597402597403	791.4231820442286	2.467625715150375	0.0	56.884855466438026	90.15	6.0	1.0	-2.0187000000000004	0.5268716451456612	0.9800798025659242	0.002001268121224458	3.7254166101756483	0.9720662959586271	0.9536877593456965	2377.378478897428	2.601589556209697	0.626558823623912	active
9.917685185185185	1.4367283950617284	-1.5763580246913576	0.45600714707583334	15.8	180.206	1.0	1.8406191515407482	4.069511908932012	139.33658100079688	-0.3600000000000001	106.7559107893634	2.4861284113319395	0.0	22.438486635868045	80.25999999999999	6.0	0.0	-2.9170000000000003	0.09372612711054935	0.8147704104461521	0.0022522546167263006	4.5041243390482295	0.8952507467181192	0.8311130982246075	613.7703024383734	2.169809444206015	0.6751728921607666	active
13.058115551776265	0.04990950701268071	-0.3181311413454275	0.7306156950111535	19.12	352.821	1.24	2.6139111581389836	1.7030054243454995	952.083947772685	-2.5899999999999994	694589.3842299558	2.936563650369314	65.44434142789574	17.49804021481163	51.22	3.0	4.0	4.639000000000003	0.36648845035136723	0.9569476424282521	0.0005695582998722235	5.711348303724418	0.8437337228332775	1.125966938754309	4306.104427054377	3.9286559077254277	0.3214770035605149	active
13.56271450634636	0.019162834887041402	-0.604078955656336	0.8009109072673009	10.636363636363637	298.29200000000003	1.0909090909090908	2.511884471807872	1.829105416518248	843.6865913161552	-2.8199999999999994	121163.25938212452	2.9298901029032893	72.05614979624622	10.891158250298714	41.99	2.0	3.0	3.6942000000000013	0.4045884298423598	0.9638933778760169	0.0009759264066980845	5.758158262183258	0.8967848089427077	0.7202507475365022	3094.617899760519	3.537196705044651	0.19115742699068197	active
13.332369308464635	0.2011052998895715	-0.6727360743680195	0.5275926067825989	18.9375	453.92600000000016	1.1875	3.279617057727065	1.5164006596929895	1117.8544510170984	-2.9999999999999987	25522366.93804483	5.07	71.51070849635735	42.72295026093728	89.55	6.0	4.0	3.8782000000000014	0.14368008910925287	0.8470789762913848	0.00015122817461640415	7.25	0.6692077687364953	1.444494846455292	5572.02308401044	4.4925857431983065	0.4410121836488756	active
14.209386324700386	0.171967041446208	-4.098723801399734	0.3038212526855208	16.897435897435898	568.0500000000003	1.1538461538461537	2.938801870730682	1.4722615001121484	1661.7096759569213	-3.5699999999999985	576804791.1418245	5.329179153461101	99.74620983047556	39.508265587730335	111.49000000000001	6.0	5.0	5.168300000000004	0.11373581864932329	0.8393345284821285	0.00014878095226012177	10.117400338150793	0.8130051571308347	1.5368992503568202	8172.362618420143	4.566292233350935	0.4499889798419503	active
14.011986951473784	0.03883876081296744	-0.9844189155868446	0.7440577712087284	16.076923076923077	353.3280000000001	1.1923076923076923	2.6130031507661724	1.7172421087676433	1046.8837219108282	-3.3499999999999983	997378.0766411464	2.6697145772523987	71.55323421948158	23.343094385562793	71.09	3.0	4.0	2.978700000000001	0.21926165330694897	0.9069260139937025	0.0005966527950501638	7.106978657102837	0.948888807752738	1.0877077039256187	3582.019043073234	3.5583020159088834	0.41689193527917656	active
11.644280124086672	0.18024683484504922	-0.5830659486016627	0.7734371638773304	20.181818181818183	336.84800000000007	1.3181818181818181	2.5474305633170085	2.5675769967150224	620.4341551549514	-1.63	90352.26721972766	2.815334068438875	21.996254453057546	18.042952357833247	88.71000000000001	5.0	2.0	2.72846	0.24502052974110636	0.9070181311183183	0.00036748237704841335	5.19118698170136	0.6303396200831818	0.6031713876806377	2567.6519131894966	3.5219019721109692	0.19858840122369573	active
13.108482142857143	0.1461183547493068	-0.5145045981355512	0.5965556651363623	14.88888888888889	400.3090000000001	1.1111111111111112	3.493364597789225	1.6145509171366452	982.8275927302084	-2.139999999999999	3129649.449325802	4.239413024088557	70.46697474163707	17.43591465621129	54.02	3.0	4.0	5.221000000000004	0.5010418411557506	0.9777907920071718	0.0006164835667511445	6.4452153753363834	0.9214932272586094	0.9734414832442712	6572.1290085109185	4.357062761036495	0.2483030344587791	active
13.71578585600907	0.005536737843284456	-3.6841868748251776	0.4629466643455083	19.43243243243243	544.0730000000001	1.2432432432432432	3.6139182752411676	1.4842358240172255	1481.1301598854832	-2.5599999999999996	221671039.57097438	5.237847774299248	70.50487734282812	53.72915698568517	108.83000000000001	6.0	5.0	4.162300000000003	0.3488669352344725	0.9529681339126285	0.00024463154976980795	8.221966038843101	0.8672561360471319	1.2321666961833544	10144.686065968403	4.830194087024566	0.244406333973996	active
13.72157789186356	0.0817843193609098	-1.022318331653649	0.3830484398292008	12.108108108108109	498.5820000000002	1.027027027027027	3.420894717388939	1.6941281527867826	1332.991858798011	-4.329999999999999	221547596.15236405	6.272233905103906	113.5220717789023	28.44177619386383	89.29	4.0	4.0	4.617400000000004	0.37358739699650456	0.9569244393232728	0.00034822561327064837	7.835009715320534	0.9397217564195872	1.3912218791271167	8734.445786890388	4.559244686449707	0.33073078200830075	active
12.350771447467876	0.26513605442176846	-1.2663369236583513	0.8364481436603303	15.0	266.276	1.05	2.7780019503937927	1.9987207298986138	666.4320194305511	-2.6199999999999997	56860.14392066015	1.9504798961622873	71.28765809124548	16.776394748153834	60.44	3.0	3.0	1.1335999999999995	0.3133539207133226	0.9441712133341518	0.0010603512176269375	4.735563761063727	0.8635116761147598	0.9843905491522043	2134.471401564466	3.190406986001432	0.325130363920554	active
13.230068657092467	0.028281368102796245	-0.028281368102796245	0.5017705064918349	10.928571428571429	391.50000000000006	1.0357142857142858	3.3629756252922434	1.6280105211474925	1069.8402411821023	-3.189999999999999	4271530.572123697	3.7472324332784757	70.92088064878332	34.99639353380698	54.260000000000005	6.0	4.0	3.792200000000003	0.1951905332931442	0.8964144299001369	0.00026241759171645495	5.903749744219745	0.7414468833225012	1.2816261526175374	4726.622157022247	4.217419863069021	0.3311978106331999	active
12.186408257747543	0.1559794658604179	-0.1559794658604179	0.7849470077397109	10.636363636363637	332.19000000000005	1.0454545454545454	2.512319271566993	1.7957159942644059	846.4185721152475	-2.1699999999999995	121802.26292411095	3.183456811080536	64.6615606794784	15.875136771245923	54.88	3.0	3.0	4.117800000000002	0.4021656902161397	0.9638008364855954	0.0007256013125030523	6.5235138501825345	0.8570808089209333	0.6776429427009251	3797.060300734557	3.7631504630863444	0.18884091242963355	active
13.249257863896588	0.14641119343530296	-0.5786883897077357	0.48979940055833193	16.15625	554.2970000000003	1.15625	3.2377776602670583	1.5572478595841037	1128.1284242354368	-2.1299999999999994	22535385.80433116	5.256686407358569	79.13053715317508	47.37435775738638	65.54	5.0	4.0	4.8598000000000035	0.2626204795212836	0.9271928466015655	0.00017036074723771774	9.253292580638174	0.7563179110464893	1.190639629392344	8963.747644210796	4.772963572607623	0.33563199300017926	active
12.354503968253967	0.07641408415217898	-0.07641408415217898	0.7597745376627132	10.695652173913043	324.81100000000004	1.1304347826086956	2.5420918184625756	1.801838364976728	855.6174693421697	-2.3899999999999992	198405.1822473671	3.687485545626196	71.00779291959275	10.891158250298714	41.99	2.0	3.0	4.631800000000003	0.5331196968258767	0.9811970478552385	0.0008844245665428119	5.051536487952691	0.9397601190281344	1.1323718204382645	5173.641929106454	4.251392542397607	0.26032363480846377	active
14.314952353784651	0.14965970821039343	-4.421774401128746	0.32361700591241604	17.026315789473685	554.0230000000004	1.131578947368421	2.881698178124176	1.4613104125163907	1644.4626094524808	-3.5699999999999985	314745270.66580546	5.077694706440191	100.16308870363143	32.46059360505314	121.19	6.0	5.0	5.217000000000004	0.1710326825812614	0.8804791689688204	0.0001419971568417983	10.196444161187502	0.728875015256786	1.1228460788886103	7891.697191208187	4.639627038701907	0.2914010407916214	active
13.64108229402872	0.009692224111866654	-1.1016648951247165	0.6883630415780535	17.862068965517242	409.8730000000002	1.206896551724138	2.7392896233984563	1.7983601307004538	1096.3575930080547	-3.1199999999999988	4522517.86101763	3.5140920118593533	65.44434142789574	30.452891926840326	80.32000000000001	4.0	4.0	3.683300000000002	0.22304689940656253	0.913130146235386	0.000380841106325232	6.705059399283727	0.8411015179636223	1.2426829542525857	4556.655679146092	3.8550652574009354	0.3964945877820058	active
13.73437035462333	0.0011411092214665963	-1.079910832388511	0.6146876413610033	17.483870967741936	439.8990000000003	1.2258064516129032	2.790056050159121	1.7186722048979324	1131.5096105251162	-3.159999999999999	12189436.816755483	4.193854332241644	65.44434142789574	43.66665585586617	89.55	5.0	4.0	3.309800000000002	0.18370453795235406	0.8910842765273089	0.0003254288254218377	7.18304580809276	0.9057536493622349	1.1118930286931619	5554.736142556527	4.055585848189423	0.3599217133358349	active
12.203379629629628	0.13125661375661335	-0.13125661375661335	0.8034989202914758	10.136363636363637	287.32200000000006	1.1363636363636365	2.551138689578221	1.7997728140683686	875.3847059706284	-3.189999999999999	143277.05108409206	2.9391252823087592	72.05152667431302	10.891158250298714	65.78	3.0	3.0	3.2876800000000017	0.5749748266243393	0.9854296141305319	0.0011950201801496176	5.21946864452351	0.905286206337182	0.8490990809031109	4032.1231940351113	4.010719294478885	0.17791407701774212	active
13.164733651743724	0.06387969552426576	-0.30121266924873136	0.6508404936312154	18.93548387096774	436.94300000000015	1.1935483870967742	2.790808783655912	1.3695586082800744	1113.929649136928	-2.669999999999999	18598251.141631633	4.372109548810931	64.94142585113113	48.5769755693124	66.49000000000001	5.0	5.0	3.798200000000003	0.2206144904067451	0.9120496012669488	0.00028046736686558095	6.438162799797698	0.8407377234878757	1.0949240325616982	6145.6843156536725	4.339079621746302	0.2920135808857852	active
12.427183484504912	0.07245370370370363	-0.07245370370370363	0.7851627421857064	12.25	298.39200000000005	1.1	2.4976762711486016	2.0804451143924987	663.5148558151776	-1.899999999999999	55748.13437203679	2.28292174799908	48.53093654769288	11.660033336098294	44.1	4.0	3.0	4.030180000000002	0.23482386439296954	0.9153233255623364	0.0006389200418969438	5.841680555402259	0.7372701358109025	0.6529119814319143	2112.5345870287524	3.2054268410566715	0.15641503326841874	active
13.111061025547858	0.12597340325018913	-0.34062261929054816	0.7967767738732201	10.523809523809524	280.302	1.0952380952380953	2.4739761554776227	1.8039060510745435	796.1569169304881	-2.7499999999999996	80913.86414105113	3.0529013079667062	72.30529602366194	10.891158250298714	41.99	2.0	3.0	3.5551000000000013	0.42556576492705334	0.9677649093521713	0.0009929816020733994	4.911993329187631	0.8538614201589485	0.7406419685393041	2915.2951291998606	3.581124683896412	0.19896327138793193	active
12.19119142101285	0.14860985134794635	-0.14860985134794635	0.7849470077397109	10.636363636363637	332.19000000000005	1.0454545454545454	2.512319271566993	1.7957159942644059	846.4185721152475	-2.1699999999999995	121802.26292411095	3.183456811080536	64.6615606794784	15.875136771245923	54.88	3.0	3.0	4.117800000000002	0.3822336592183506	0.9600183082987601	0.0007283045594618124	6.5235138501825345	0.8681196111999034	0.7040406411414555	3696.455298616696	3.7103728575263073	0.22039512739504236	active
13.24943357898715	0.01863228213095902	-3.8247209674477882	0.6413103465721011	20.535714285714285	435.31200000000007	1.2142857142857142	2.650907834210092	1.8065844559188027	1225.0709954111624	-2.1899999999999986	1895107.5015984525	3.042513239319412	69.12270253762755	25.853711640540226	90.22999999999999	4.0	4.0	4.514000000000003	0.26998230142671553	0.9312084869804356	0.0003728072316901124	8.66864219386946	0.8123345536159919	1.164558691174469	4856.27770840916	3.8661650273619643	0.3747370966172644	active
12.224891266691863	0.10614079428067513	-0.21943733203157767	0.7602696107081889	16.875	364.85400000000016	1.3333333333333333	3.2917147452626887	1.9567728001990756	761.2010771084979	-2.0500000000000003	489175.14486399764	3.1159042646308874	46.15249679817226	36.72737578360214	51.129999999999995	5.0	3.0	3.6818000000000026	0.1757392547037802	0.8758622196941045	0.0002811766006230173	5.74506262290145	0.6771261196498611	1.1280752549464905	3379.150239300376	3.8431723303622762	0.33453691198732766	active
13.394335789871503	0.08567334341143829	-0.4198441043083907	0.7070382452729385	16.714285714285715	395.8900000000001	1.2857142857142858	2.7147078959556676	1.6904606176470074	1002.7433537624808	-2.4699999999999993	3167401.725853651	3.737544220628794	71.00779291959275	42.5972602987648	54.46	4.0	4.0	4.072500000000003	0.22995949073338762	0.9151180155853782	0.00031142866645928255	6.016547014862328	0.7728082034690706	1.051644950359001	4756.410487242962	4.112732033765584	0.26715079948604664	active
11.461718676145082	0.006589506172840043	0.006589506172840043	0.7993250936874834	16.68421052631579	321.6350000000001	1.0526315789473684	2.372589839257325	1.9000049365994442	438.9515932875906	-0.48000000000000004	19303.390932197595	4.247614728542349	33.80781932456448	47.76602825967309	23.550000000000004	2.0	2.0	2.876400000000001	0.5186182887985115	0.9800003235538869	0.0009019548480064247	4.770540771702366	0.8946786135025089	0.760826644527022	4459.695422914891	4.027884469429944	0.23660293802564816	active
12.799141891324432	0.018559933232552783	-1.778814729297835	0.47873049159381986	11.777777777777779	401.4690000000001	1.2592592592592593	3.2066791976021367	1.9887790134931782	1034.8458192773264	-2.9099999999999997	1548252.0568654612	3.7850217333210336	75.28269707346983	27.07103977395804	93.41	6.0	3.0	3.8030200000000036	0.221044325871075	0.911901458524791	0.0004411888726519245	7.606981907181174	0.862975810501108	1.3074227391993927	4112.970390447577	3.673448643172434	0.4637113302078558	active
5.828705435878055	0.7744009826152685	0.7744009826152685	0.3483395143098433	11.117647058823529	224.287	0.7647058823529411	2.3153309440876466	2.5297215862635367	672.1916027576739	-2.2899999999999996	9983.707030905933	1.4742513853272585	42.46456947923127	0.0	55.92	2.0	3.0	1.9818999999999996	0.5601225393124523	0.9839722765618814	0.002149983394003875	2.9317568558974565	0.8250255123578049	0.1635112414625776	1775.398840409525	3.1000972632044728	0.0267227040696414	active
12.062860922146635	0.10077160493827142	-0.10077160493827142	0.7747430588843123	10.65	285.734	1.3	2.8768354939067122	1.7746352324759036	766.4094312309174	-2.33	60410.66853654705	2.6504706869318633	59.508450862585605	15.875136771245923	57.78	2.0	3.0	3.397500000000001	0.6019023952076641	0.9875669106403352	0.0013451335869926447	4.895664212236049	0.9195901131334581	0.8154773722215152	3999.196681675973	3.9754793296957565	0.194349688364589	active
13.714824570291533	0.1219028798515629	-1.6596503990294231	0.5436244283014613	11.515151515151516	462.4080000000002	1.121212121212121	2.7798486645471594	2.2536053110768055	1385.2248982567935	-4.089999999999999	15302533.16738852	5.050303330856173	85.49714546799956	29.19884854888894	108.78999999999999	7.0	3.0	0.7282200000000003	0.1888132774087325	0.8556421166863489	0.0001269633139529156	9.04050363023709	0.5779096928829336	1.0061600624973708	5082.464389173618	4.463967559322836	0.21663914637829626	active
13.817093804247033	0.15979291883828362	-0.9414294900058804	0.2909896021669331	13.921052631578947	511.5970000000004	1.0526315789473684	3.4378966733986065	1.4589628908193406	1370.1621491668845	-4.26	506630662.6045288	5.827629110759832	125.2845291871129	28.24300411641327	75.44	4.0	5.0	5.823800000000006	0.23824029878532413	0.9195440899050664	0.0002358467794289628	7.88155741804076	0.8416561718283821	1.4623019471686924	7642.957644844199	4.45336668541036	0.4057757355356045	active
13.96539047409087	0.00045611300075565353	-1.4263741226050337	0.4983291483202812	23.705882352941178	498.0040000000003	1.1470588235294117	3.302104908759242	1.5145900206007297	1258.6442694828347	-2.8099999999999987	74947426.02784093	4.103024186756321	65.44434142789574	52.163261769393685	100.55000000000001	6.0	5.0	3.5314000000000014	0.21034786272409658	0.9043370419223983	0.00021532179439223549	8.114185292346036	0.7411984484635272	1.3117550476296629	5977.7424857840715	4.189877543040652	0.37191199086755417	active
14.314952353784651	0.14965970821039343	-4.421774401128746	0.32361700591241604	17.026315789473685	554.0230000000004	1.131578947368421	2.881698178124176	1.4613104125163907	1644.4626094524808	-3.5699999999999985	314745270.66580546	5.077694706440191	100.16308870363143	32.46059360505314	121.19	6.0	5.0	5.217000000000004	0.16886255212217974	0.8820377201261256	0.00015277838092389234	10.196444161187502	0.7612913477701139	1.3740169898858345	8051.080039506398	4.615997447168851	0.4031189120205497	active
12.863254440665154	0.051972474174854844	-0.27183484504913147	0.7491268522807287	16.625	337.81	1.2083333333333333	2.611582360660766	1.6683265371901423	920.1338927838719	-2.429999999999999	482583.8580970603	2.7464822419346624	71.00779291959273	17.43591465621129	54.02	3.0	4.0	3.713700000000002	0.2681440144027703	0.9286902792498347	0.000627579031580384	5.54509145162091	0.9194805682528272	1.0863580719596584	3632.5455829718167	3.6595921570898797	0.41549160473244195	active
13.458308295540437	0.19545611300075616	-3.837357371189215	0.6692919289771859	17.133333333333333	444.94400000000013	1.2	2.7243233714477633	1.793842190144295	1224.6535073432062	-2.5199999999999996	5695704.732158639	3.672587849195549	71.00779291959275	48.55948758848707	82.61	4.0	4.0	3.2325000000000017	0.20399789289642942	0.8987819894255455	0.00023857515057705832	7.270689755724719	0.7153366676735587	1.0494963086442894	4892.482912988693	4.0685309507579035	0.25832533521323126	active
11.758815577960599	0.02989711934156425	0.02989711934156425	0.8049032195100566	15.826086956521738	328.84300000000013	0.8695652173913043	2.6359178840882076	1.8185569751803121	584.8325767959718	-1.8399999999999994	270761.4850535407	3.7404255227217895	71.7905736680101	47.76602825967309	23.550000000000004	2.0	3.0	3.1590000000000016	0.294620294312258	0.9390698716824899	0.0005463232018170915	4.409999999999999	0.8306132890259655	1.148168145162149	3673.9676643775038	3.8240416717378207	0.38123766249702146	active
12.574662733550719	0.09242559523809524	-0.3955311033848117	0.5392252264002015	10.655172413793103	404.8330000000001	1.0689655172413792	2.6757529970835794	1.5183961506787302	1247.9917621677391	-3.639999999999999	4359716.739774154	4.617116705971409	93.99724671240442	10.891158250298714	82.39	4.0	4.0	4.179100000000002	0.22635385225008275	0.912758156089493	0.00027628154504960774	8.00433524870304	0.7557280611052893	1.1101105421457813	5060.422423212494	4.230670564299795	0.2570238676742813	active
12.812044123204839	0.08167391030486226	-0.2867787855883097	0.7200582074125422	16.5	361.232	1.2916666666666667	2.984105816668493	1.6534786291646735	937.4852841535718	-2.239999999999999	514089.8136723813	2.595757234077625	58.33424060471384	21.836609262473083	58.43000000000001	4.0	4.0	4.179000000000002	0.24411627032892483	0.9192824760504892	0.0005210679941112093	6.242320351963502	0.9262507533305907	1.3411136242896413	4183.207290838524	3.808133602962033	0.5227940166681093	active
13.51243472852104	0.006600557080806313	-3.846277226110828	0.5864226808784829	20.40625	497.04200000000037	0.96875	3.3931854363068106	1.5259193674657086	1041.0166479966906	-2.1399999999999997	25548731.86057897	4.633932208019495	47.15832795170149	92.07233101153548	81.24	6.0	4.0	1.5371999999999992	0.15383320790700097	0.8741766603383768	0.0002260957990466203	7.428918575165461	0.8187890902424159	1.403624220958703	6106.125624055632	4.157803539069654	0.4822755772324751	active
13.993026476022507	0.17812261169900023	-4.5337793576756855	0.3775968246638033	17.027027027027028	538.9730000000003	1.1891891891891893	3.3854938753241415	1.5306646624480111	1634.4071504333442	-3.999999999999999	254028467.783683	4.614645088928056	82.34361022881376	43.466455142705684	165.24999999999997	7.0	5.0	3.0703000000000014	0.17098382032165427	0.8672263061016096	0.00012403735694345585	10.775510204081632	0.6543729280977069	1.197765193304822	6933.358343285417	4.599501462651616	0.28415016229021706	active
14.221099315146935	0.03579428067523294	-1.122084829302091	0.5348239312286835	23.605263157894736	535.0440000000002	1.0789473684210527	3.487648595509741	1.287574932628145	1348.162458225163	-3.1999999999999993	840467397.5355644	4.723240355204173	65.44434142789574	78.63966978768819	84.0	6.0	6.0	3.8704000000000027	0.3117175858977045	0.94319926539522	0.0001993850141942425	7.931331992722397	0.7773780120162367	1.1775768473327095	9122.972094778133	4.809976239539162	0.22317776270264797	active
13.90113020905995	0.06644912131519232	-1.146314129818594	0.4065568709445843	16.82857142857143	490.92700000000025	1.1714285714285715	3.3717329023522042	1.4301355223740453	1372.3121297185876	-3.949999999999999	141981561.81325445	4.683624218208724	77.83802857112188	41.602962394136185	116.54000000000002	6.0	5.0	3.5547000000000013	0.2810800256765881	0.9346568859725043	0.00025786315557476476	8.924817071860618	0.8642167518782037	1.197653261265638	8146.183283900575	4.616321628006361	0.28636383580029656	active
13.232624677185688	0.1454853927337698	-3.414915018259625	0.6465067155655987	18.566666666666666	443.91200000000015	1.1666666666666667	2.6651306843697466	1.759214374970116	1306.8493715999714	-2.9699999999999993	4493780.78701252	3.638092834920748	64.94142585113113	37.51374497663852	105.22999999999999	5.0	4.0	3.145900000000002	0.27903358943671724	0.9342692785512114	0.00031840974655145766	7.939062275386648	0.8313634554363861	1.0161956732843753	6087.694368584715	4.2479988982328445	0.25881421330116483	active
11.943859479665758	0.10178961167800482	-0.4568070777693798	0.9154115561060127	17.05	353.201	1.4	2.972204580049013	1.615207022597153	670.3517754211728	-1.6699999999999995	56792.88511557654	2.6121183851851875	35.0655078644434	31.828760753078615	76.88	6.0	3.0	2.1839000000000004	0.7666801171663533	0.9962777909563406	0.001599290315832483	6.399344116569054	0.9922411850644528	0.9135033861874524	7141.6131875033325	4.601850668119535	0.23100964999195694	active
11.51602560468632	0.12425925925925929	0.12425925925925929	0.652178018053514	32.9375	217.292	1.375	2.6467770950060294	2.196992915665399	445.558776433165	-1.22	6315.210148684386	1.0159786073120936	23.762552697081826	31.705785714251963	29.54	3.0	3.0	1.1293	0.27473859236455783	0.9328624586666285	0.001606132652163937	2.459538237353039	0.823481825498685	0.8062193306201846	1172.0426995206506	2.674273233598395	0.41226928234956506	active
12.014444129503651	0.0035396195515244866	0.0035396195515244866	0.7742536255383411	17.428571428571427	299.801	1.2380952380952381	2.526615272194947	2.0355474487885843	667.7728317428093	-1.7999999999999994	82013.93173544799	2.813889150721085	70.78474251448087	23.231849311084897	20.310000000000002	1.0	3.0	3.7079200000000023	0.20327960326172337	0.8957250935146334	0.00047438021470840025	4.138775510204081	0.6929593273781693	0.9928124947363346	2276.7289946318188	3.4223954834175148	0.3411231829036049	active
12.287834939531368	0.2804113313267358	-1.357652746283699	0.7459484535846144	12.130434782608695	347.201	1.0869565217391304	2.5674836952638787	1.864226172659767	878.1012953863003	-2.139999999999999	194163.38697063556	3.2930998457347496	70.46697474163707	15.99768564513942	62.22	3.0	3.0	4.213700000000002	0.606121871754279	0.9875621977507527	0.0010190547578778435	6.770457665429359	0.9686181070975033	0.8506823424276305	5855.65468412856	4.302015311699394	0.20455816103195523	active
13.022143329554043	0.03405580750818804	-0.2579459561602422	0.7570162746242192	17.28	351.8370000000001	1.24	2.6147932967678185	1.684427444093183	951.3290602705215	-2.4299999999999993	678544.0900978424	3.1062580645452407	71.00779291959275	29.383496369738957	45.230000000000004	3.0	4.0	4.055900000000003	0.35155648287254765	0.9534390297934847	0.0004891914964218102	5.53167593149169	0.7989285597009065	0.9944824836298686	4326.393850793534	4.020556152221642	0.2306485338271399	active
12.258028155706727	0.07759259259259244	-0.07759259259259244	0.5773390983318871	10.9	283.356	1.1	2.807769032852809	1.883247500235721	741.4178917402658	-2.1399999999999997	51205.28385213667	2.5776867553874423	53.479986395315045	20.067212493027345	58.64	4.0	3.0	3.507240000000002	0.24265390333720874	0.9209075580525072	0.0006829414886104109	4.701771042905422	0.7911201362790978	0.8566682621901459	2351.151723112789	3.3818621317804483	0.398247691523406	active
12.59989276266062	0.22198302469135833	-0.4803935360875291	0.6427014709309151	10.444444444444445	367.3810000000001	1.0	2.695143839416157	1.7220136558367234	1012.6698585788242	-3.48	1449920.007009907	4.027926291773171	64.4481921185137	33.278413182332066	87.96	5.0	3.0	1.9832	0.5445323562446218	0.9819934697015303	0.0007162655833988673	6.018160674023969	0.9704764387276805	1.195885769052901	6960.329197527567	4.591078539533736	0.27547221989583537	active
13.391153618140452	0.043899600346209544	-0.5288942242288204	0.7866067074544043	10.636363636363637	314.747	1.1818181818181819	2.512319271566993	1.7957159942644059	845.6865913161552	-2.4599999999999995	121802.26292411095	3.069214699443192	71.26156226894165	10.891158250298714	41.99	2.0	3.0	4.208500000000002	0.44162040090903615	0.970203926061941	0.0008373207315460782	5.970598980418009	0.8723800663876607	0.7833181795616752	3751.323443300973	3.800711268933771	0.23333543124444614	active
13.466678307546363	0.059824106125165644	-1.0212018665490892	0.5285638164691997	20.305555555555557	506.99000000000035	1.0	3.5994758210857336	1.3292754403204408	1288.263610201647	-3.489999999999999	253357355.6657013	5.195735934087859	71.51070849635735	52.90287302717395	100.63	5.0	5.0	3.8542000000000023	0.21541015351300558	0.9021972231154454	0.00012751904874095272	8.002571265480986	0.6931275864219272	1.3062909020129405	8734.69891127254	5.13837831298772	0.2520719680086978	active
13.685952891863561	0.05506850515305595	-1.0762072205425384	0.3772590908331365	12.108108108108109	501.5620000000002	1.0810810810810811	3.420894717388939	1.6941281527867826	1336.512482336934	-4.3999999999999995	221547596.15236405	6.241975308641978	107.84929656479558	33.54045800216487	101.22	6.0	4.0	4.648200000000004	0.42746262334819013	0.9654143486188921	0.0003705661505486716	8.047806653217833	0.9985903009229619	1.2702742511914018	10321.288083952688	4.824851475747903	0.30296242115990774	active
8.81734536257763	0.7511033239180787	0.7511033239180787	0.9154435050412232	24.65	269.39199999999994	1.1	3.0307809471331235	1.4885583005537215	460.0036381425702	-1.37	79867.13951885207	3.2002106086277164	35.392371257240434	31.078935354500782	39.06	3.0	3.0	2.3797800000000002	0.19140625001591272	0.892082599512273	0.0006082212815164947	3.041914853558056	0.7184221357858025	1.1006954018942607	1877.9413074200802	3.2449136538740997	0.43637333294816305	active
12.004777966742253	0.16332845175107136	-0.3473508644734291	0.8150634977643885	14.19047619047619	283.28700000000003	1.1428571428571428	3.044584084097078	1.590665694924738	709.3645444615429	-2.8899999999999992	99381.31367309683	2.5538965787022563	48.17780355082427	40.69494025167736	82.27000000000001	3.0	3.0	0.8226999999999995	0.5545660196790374	0.9836467765823176	0.0011847197999865023	4.836153844469817	0.8897250171357375	0.7421346920330931	3709.899133927795	3.9029458126471277	0.13431989502541952	active
13.564458144368857	0.07715765936004004	-1.027683413643235	0.6821640603667488	20.53846153846154	366.84800000000007	1.1538461538461537	2.6797042028168643	1.8269503928959179	969.6421223682729	-2.4299999999999993	1219769.1966718028	2.6605307355322925	71.51070849635737	24.54571219748882	42.43	3.0	4.0	4.556900000000003	0.09958462108951986	0.8094926268968159	0.00033668055643176173	5.7818210178448695	0.7228528732428153	1.1525552190540065	2643.3062556429054	3.393087774315716	0.40368593552107584	active
13.36833484166547	0.043042433022591586	-0.043042433022591586	0.39243876106279424	10.96774193548387	425.5170000000001	0.9354838709677419	3.484519824710764	1.4420831161564165	1297.1002881147676	-3.839999999999998	30224836.464175556	4.082222255491286	95.4473019289327	25.885028089399803	63.910000000000004	6.0	5.0	4.788200000000003	0.29645691621950254	0.9395056313097172	0.0002758010849417597	7.387375746892244	0.8110516035769717	1.3197798510791634	6963.025849612325	4.661034520274194	0.30407322596642045	active
11.212870370370371	0.08351851851851833	-0.08351851851851833	0.5804588105051868	10.333333333333334	159.168	1.25	2.1225522925661964	2.946471324842402	385.2980911891212	-1.77	768.3639299089631	0.8705575862213408	30.462311845459517	4.9839785209472085	61.97	3.0	2.0	0.8906	0.2506516725778625	0.8766938052895847	0.0013058554138301094	2.622440832671096	0.5195653627692569	0.04939536078053969	429.7304515459323	2.2799050690396094	0.005421805463320504	active
5.857655772893348	0.24291289496872137	0.24291289496872137	0.6261112398862771	15.88	342.40700000000015	1.32	3.2320075150856202	1.7000215689284823	864.2722587306914	-2.5199999999999996	1086135.5174896133	2.9595421484607374	17.957138634923147	43.979736844909766	119.71000000000001	9.0	4.0	0.9249999999999997	0.20193723400608077	0.9027739956453587	0.0005379308780256939	4.600906847489192	0.8630328450736059	1.319763133978245	3219.1658478379313	3.534172541649162	0.5562178801772598	active
12.028563869992439	0.1485493827160489	-0.1485493827160489	0.8022492207594811	10.65	285.714	1.3	2.8768354939067122	1.7746352324759036	768.4647087584021	-2.4000000000000004	60410.66853654705	2.6237975003156175	53.44208379412399	15.989840058599752	68.98	3.0	3.0	2.4215999999999998	0.529844438696386	0.980947106522937	0.0012472765724613956	5.5353542731921115	0.9304315121029659	0.7270937019310532	3572.639100282379	3.778514417920675	0.20601071888775058	active
14.241674146510455	0.007730772864701141	-1.162774825207861	0.43000266957982447	20.594594594594593	516.0010000000002	1.1891891891891893	3.356437190999397	1.3913184537738068	1513.492268374035	-3.909999999999999	418327166.2298042	4.1088982575495985	83.40148006281889	44.1274552476078	89.35000000000001	6.0	6.0	4.564700000000004	0.11319640616216643	0.8388342498740285	0.00018141508998205171	8.295750047090365	0.8147317861655856	1.3121289499908382	6721.222042814096	4.342615893875749	0.4327396237436327	active
13.395853804484757	0.09836033950617296	0.09836033950617296	0.4718448647109433	14.793103448275861	406.9570000000001	1.0344827586206897	2.7493569527573576	1.5610031682102883	975.9791151688071	-2.3899999999999992	5743120.741187033	4.967180457379025	71.51070849635735	17.43591465621129	33.2	2.0	4.0	6.434300000000006	0.26569466323713126	0.929757736811581	0.000356747827608011	5.446001062317344	0.8133984635437207	1.2643641550998013	5037.264026560263	4.074187735942939	0.4083021625652193	active
12.988208144368858	0.3148777242378433	-1.5537250803099014	0.7775771829662931	20.75	338.794	1.125	2.9089106201385393	1.7798494779602898	938.0579227267953	-2.429999999999999	487533.41993521916	2.266244304136805	71.51070849635735	22.542442051051992	53.43000000000001	3.0	4.0	3.5127000000000024	0.597850407809109	0.9871966885988287	0.001119581894160588	5.82890031255251	0.9308763762752618	0.8241961582794289	4852.287999453931	4.010120924413756	0.19929781402255412	active
12.459680994964875	0.1041607779702669	-0.1041607779702669	0.6218403867982928	14.241379310344827	409.9170000000003	1.1379310344827587	3.214001002836843	1.4058230912511864	1002.3344354242769	-2.63	6464413.423034824	5.2507188012445765	65.44434142789575	42.03221916339983	54.46	4.0	4.0	4.544000000000003	0.20426974224825387	0.8929388799386372	0.00019432376153858836	5.958770494315513	0.6706348229084054	0.8870070603373875	5141.1716671504955	4.453241027670942	0.15611918104085357	active
12.98285451835055	0.11903325424820088	-0.38461722330499337	0.6994909442392172	14.653846153846153	366.8280000000001	0.9615384615384616	2.666684982100673	1.5506943308891872	1022.7400718639685	-2.789999999999999	1176509.4138830316	3.1780879315448516	75.53719250071664	36.98611508385228	54.720000000000006	3.0	4.0	2.7730000000000015	0.4580713500347475	0.9723781318730516	0.0006723881807113707	6.1320222910977495	0.9027592937383886	0.9501182795894618	5192.807845613573	4.092482745034158	0.24140444413506107	active
12.201233369376556	0.057862470605526184	-3.393652801398336	0.7768985270041376	17.944444444444443	308.8120000000001	1.3333333333333333	2.9230063332936917	2.042668083574119	507.2349167924757	-0.6300000000000001	16742.980277106268	2.686756693427369	17.512796907389134	55.58913150444779	57.690000000000005	4.0	2.0	0.8197999999999999	0.1412351397462701	0.8646733937436882	0.0007277532273524425	4.7300762298149674	0.844668594295603	1.064369969999694	1951.6213992036844	2.9631208125004145	0.474710190669383	active
11.671593561360877	0.06627057613168752	0.06627057613168752	0.8000473405880852	26.105263157894736	299.201	1.3157894736842106	2.971854732652775	1.637526013504076	494.0892377613519	-0.7700000000000001	38491.46249731874	2.5968595872014753	34.85155307928476	46.76019710614386	23.550000000000004	2.0	3.0	2.3639	0.6208615531019761	0.9889471348020074	0.001398295701860776	4.123068550522398	0.9248763721703136	0.7642034135077567	4125.9056265947975	3.9312993647643006	0.24529992903849268	active
14.135814364440805	0.11692829306864638	-1.0227066798941804	0.3088733453845561	17.564102564102566	555.0750000000002	1.205128205128205	2.87781901129266	1.5910299216166155	1323.2709168125614	-3.399999999999999	347288941.9042676	6.9765073727508	65.44434142789574	60.03709409706047	121.81	7.0	4.0	4.412500000000003	0.025685560232241444	0.6550314821732917	0.00014923937413257544	7.867677811909264	0.8902262196943085	1.5640891316964771	7027.88234950199	4.337625038241995	0.5563959843919946	active
13.738250085177171	0.047620120041032665	-0.9291889749727054	0.5167486271254534	15.305555555555555	490.6040000000003	1.0833333333333333	3.4266181280185317	1.665115209349521	1118.6161853495846	-3.4899999999999998	159086092.11754003	6.191065913535731	84.07493708882653	61.09103726317683	87.91000000000001	6.0	4.0	3.808600000000003	0.3004912076541406	0.9372700937004788	0.000317713057429445	6.680657371603483	0.9622835486420743	1.434754501019009	8360.623216537482	4.523521558494976	0.3874385148095415	active
13.614181136446348	0.13706742882338085	-0.5826624044679607	0.46482836590706544	21.08108108108108	577.2930000000002	1.054054054054054	3.60868166543896	1.3080635091151793	1282.3422798980032	-2.83051948051948	416592490.5643714	6.019187265123267	106.43948588262029	53.91911416329896	65.54	4.0	5.0	5.1173000000000055	0.18878031910609558	0.8931799318667563	0.00012982033782213504	9.129745452232067	0.7462326555121276	1.439873879301334	9538.572692709025	4.930612631772307	0.3729342692721176	active
11.592971354191661	0.018385007482230264	0.018385007482230264	0.7426425195722921	16.045454545454547	345.2700000000001	1.2272727272727273	2.5393201093115607	1.960730397676948	502.9192151604262	-0.81	95681.58171885961	4.848006647394807	34.34863750252015	61.48270776546355	32.78	3.0	2.0	2.4119	0.3727824398525421	0.9574988089066122	0.0005017566283774112	4.4233936634482935	0.7753192936454734	0.8646154888050877	4153.524347418606	4.001316390058971	0.2549601884193532	active
13.305198885109599	0.05015715545477484	-0.3412792894935759	0.7020503179573114	18.72	351.837	1.08	2.6172432586926	1.7721657430199962	937.6324008093732	-2.429999999999999	716344.714390682	2.8786476083640746	71.51070849635735	35.928252775651536	36.44	3.0	4.0	3.9079000000000033	0.5146255155074517	0.9795930410611088	0.000861865495706311	5.53167593149169	0.8872264186462652	0.7693185687883901	4544.1465754902665	3.8986213935308482	0.18376010849674457	active
12.34082490866717	0.10767476589401181	-0.10767476589401181	0.7563392350534025	10.75	340.81	1.1666666666666667	2.5546398495747438	1.8304343270314214	880.1247159601245	-2.4299999999999993	319105.1728900804	3.9053016428954717	71.00779291959275	18.000955791576246	51.22	3.0	3.0	4.215800000000003	0.397167242083676	0.9629189148939077	0.0006146193183464514	5.54509145162091	0.8494556843438482	0.8669441092213627	4351.5887963826835	3.9909211868356382	0.2228823031614617	active
12.58922052154195	0.052453703703703836	-0.052453703703703836	0.7938644474597648	12.80952380952381	294.379	1.0476190476190477	2.692071770546488	2.111525347963622	673.2252018546907	-2.249999999999999	96569.99855304361	2.651577025857202	59.65783953108687	11.660033336098294	44.1	3.0	3.0	3.6641800000000027	0.12944762096665877	0.8407965950930781	0.00046835357743173423	4.892021634490968	0.7006615355935968	0.9385629371722851	1936.259823719654	3.243981004898779	0.3843488485922367	active
12.62649754346183	0.0852106953892664	-0.5633818342151675	0.7600162623675156	19.40909090909091	361.6120000000001	0.9545454545454546	2.732795634017279	1.9427135404221587	683.9106772656902	-1.2699999999999996	119073.37136540088	2.58447526371035	38.97369349803691	43.017545930404474	49.85	4.0	3.0	2.6492000000000013	0.6230300828180587	0.9891000410317774	0.000909959797041616	7.0928502410405985	0.8573197955480554	0.307341452125926	5485.582532461855	4.211274906112901	0.040917218668011075	active
14.05357181614723	0.03947108801851318	-4.032992593642396	0.34172577997742454	11.555555555555555	481.83000000000015	1.0740740740740742	2.962780994573699	1.838160340837041	1086.7777266635292	-0.96	1104489.20140514	4.908227656724769	78.32899509012044	8.417796984328938	48.24	4.0	3.0	7.533800000000002	0.30820237498565173	0.9414003040954083	0.00036796234995516576	11.28310455207369	0.9202244683575128	1.0577273111907937	6823.056097714187	4.167696346024277	0.3001948555413875	active
12.77957236333086	0.0771259629119474	-2.5458551868600843	0.7213734384754885	11.0	346.764	1.1666666666666667	2.541675095213167	1.8276131426514224	899.0760853822428	-2.5299999999999994	282896.0631225111	3.682436108447914	71.00779291959275	10.891158250298714	41.99	2.0	3.0	5.007000000000002	0.2027845938338742	0.9017966005355976	0.0003865102162946807	6.763884813845741	0.7610204997592639	0.7166126972814433	3467.2602377659346	3.795773605322945	0.21486686922751994	active
13.264693011463844	0.052049477198286453	-0.3071532501889649	0.7070382452729385	16.714285714285715	395.89000000000016	1.2857142857142858	2.7170511466474907	1.6401847656402024	1002.7433537624811	-2.4699999999999993	3119386.6463407576	3.8733698139718014	71.00779291959275	42.597260298764795	54.46	4.0	4.0	4.0725000000000025	0.19136048823228155	0.8845262436196427	0.00023282183585063214	6.016547014862328	0.6673121759642673	1.1439213801602015	4100.073547603135	4.069173018989234	0.3351772747487687	active
14.138689531368101	0.035340089095275085	-1.253522035357354	0.25205921128172554	12.19047619047619	564.6370000000003	0.9523809523809523	3.50051030422588	1.6290980995169861	1769.6697322763853	-4.979999999999999	2750030285.2843657	6.174478498380409	135.8802958366984	18.359115864615585	93.72	4.0	5.0	5.933800000000005	0.09906452698322217	0.7958728736704458	0.00011849846419959465	9.260140952546354	0.6869487519271609	1.3412493968049113	6577.302252471961	4.4086787230089355	0.37568972012765617	active
13.180932539682539	0.30678681657848283	-0.9126218820861685	0.670065918520313	17.06896551724138	409.87300000000016	1.1379310344827587	3.2697161653828237	1.6213760585874106	1044.9117527454302	-2.959999999999999	6584162.0479080845	4.387755543537048	71.51070849635735	29.50918633191144	80.32000000000001	4.0	4.0	3.8632000000000026	0.1287372896070543	0.849105790508837	0.00023416019373794948	6.789045291123002	0.7504767113242362	1.3300369660118814	4553.488085007593	4.106836106129171	0.3770292345368399	active
10.273657829406847	0.2257720579421869	-0.9087577043361976	0.2594910028457578	10.875	443.3889999999999	0.7083333333333334	2.5626347744668885	1.774054401930007	427.96981441011656	-0.5800000000000001	200305.78451142987	12.795737303593443	33.39910203660883	5.969305287951849	40.129999999999995	2.0	1.0	5.654900000000006	0.6023924414261056	0.9876728633431844	0.0003999724910347587	3.8328786038728437	0.8829194282538464	0.9432492132053134	12451.121309084498	5.694989661600931	0.17458495750349992	active
13.443336915784831	0.040464143990929236	-3.794418164999651	0.5833497216603628	16.727272727272727	482.9930000000002	1.2727272727272727	2.775698957043577	1.692551218100687	1376.7149420880644	-2.9899999999999993	19305452.56366286	4.8571043245135925	71.00779291959275	35.911781238583245	103.16000000000001	5.0	4.0	4.305680000000003	0.20586050090891211	0.9031986099143414	0.00022008390666605486	8.050638163645697	0.7581171636330775	1.1222100812527493	6084.172500355486	4.262901810466572	0.3028643226088559	active
13.233277116402116	0.0699244142101283	-0.0699244142101283	0.49900748729847233	10.928571428571429	390.8740000000001	1.0357142857142858	3.0986484103384972	1.6517501334636127	1120.8118882967556	-3.1799999999999984	3603591.7606936176	3.8942904430914305	88.94594111867467	20.901049568452596	51.02	4.0	4.0	4.626520000000004	0.1673399075907741	0.8819715751736953	0.0004248445551536214	6.424250584960881	0.8881448908096324	1.4335497138940585	3939.4695820927545	3.658884781378839	0.588766337870322	active
13.562883558515999	0.01089418251868679	-2.790920747466008	0.5681061486662471	16.38235294117647	468.50400000000013	1.1764705882352942	3.3059336609850107	1.7601417575228828	1135.163685005389	-3.6199999999999997	32886740.4252774	4.977249896386619	78.26952302666785	33.74668649783997	88.33	5.0	4.0	4.669100000000004	0.15618575727956116	0.8667579575041715	0.0001760518727398238	7.437225777856532	0.7080896303362497	1.140639215388394	5710.461043918526	4.358159731185502	0.2618156238033603	active
13.369271477530404	0.10890652383798072	-0.9977697992777361	0.543428212547132	16.558823529411764	477.9520000000001	1.088235294117647	3.612145510943038	1.3427376963499673	1256.7895165105613	-3.6499999999999986	100075560.5757481	4.67511743493336	71.51070849635735	58.30538200057493	94.64	4.0	5.0	3.5842000000000027	0.2140789780963019	0.9067977169816386	0.0002631484536780445	7.6787969871259705	0.9121027940002144	1.2971939171442652	7499.307520204739	4.480238762916202	0.33437166879392516	active
13.74513770786092	0.06171763545230324	-3.8850665044548065	0.44850056605179084	20.692307692307693	592.1390000000002	1.205128205128205	2.803666469728784	1.4699605325553136	1688.1652184495654	-2.57	199872151.8173848	5.6885216898128474	70.50487734282812	60.94181283124646	133.74	7.0	5.0	3.418000000000002	0.3072980255963808	0.9414646090140868	0.00021451596674903676	9.219048486943018	0.9104740954013347	1.2529210617330095	11463.086350409327	4.888192571843914	0.29443887049699646	active
13.867929579239101	0.07704619081715935	-1.0318857342319647	0.47937111443819486	18.16216216216216	504.58700000000033	1.135135135135135	3.5909862721710963	1.7229232630165305	1219.7182525981966	-4.01	228101114.22593832	5.87347581179366	78.26952302666785	40.903260158974774	114.63	7.0	4.0	4.2131000000000025	0.3337423942536344	0.9477387197294472	0.00030703509066228117	7.303326447369331	0.936444278148438	1.3858637491604209	8952.008712905583	4.622286679107753	0.35332075391685125	active
13.466678307546363	0.059824106125165644	-1.0212018665490892	0.5285638164691997	20.305555555555557	506.99000000000035	1.0	3.5994758210857336	1.329275440320441	1288.263610201647	-3.4899999999999993	253357355.6657013	5.195735934087859	71.51070849635735	52.90287302717395	100.63	5.0	5.0	3.854200000000003	0.376169253418714	0.9588912783920599	0.00023171428711279838	8.002571265480986	0.856214987167047	1.1977391754662525	11149.122478217867	5.2422771230153105	0.19333090480766485	active
13.76351883345931	0.032253147616742694	-0.880821050642479	0.5047476812324366	15.5	459.59000000000026	1.0294117647058822	3.3779561085994754	1.7700108426514083	1080.1848351051417	-3.4099999999999997	59297668.4290122	5.381953068783915	84.07493708882653	22.84017880879818	75.44	4.0	4.0	5.809100000000005	0.10691384200908234	0.8318573169341409	0.00020151795824604118	6.04020081398158	0.8114215992585091	1.428145348162445	5887.007178477611	4.321841339375999	0.3929631960455892	active
13.188878023431595	0.05084026203073844	-0.9290337222852103	0.7351810038234337	23.64	350.805	1.24	3.203572916614496	1.552900270679592	1014.2537162435424	-2.429999999999999	1275002.7993750698	2.1100827467674437	71.00779291959273	10.891158250298714	51.22	3.0	5.0	4.5873000000000035	0.4316822640522877	0.9685420480155098	0.0006143818457935934	6.076756025193266	0.81206418670787	0.6532765863645071	4313.251389145802	3.949928835975949	0.1255990437187554	active
4.894198790627362	0.3761111111111113	0.3761111111111113	0.6083331842770509	10.0	177.21200000000002	1.25	2.53042684663605	2.5900168530532595	416.2263490920798	-1.4899999999999998	1072.9009829736851	1.140980214191933	35.10290111289821	14.993869839101091	44.81	4.0	2.0	0.9539899999999998	0.396917363035241	0.9615913091925525	0.0025671843034008107	3.487141764934416	0.7546341844408015	0.24132024733193844	808.1591307538116	2.4761243382993987	0.04268519378294556	active
12.176104217551728	0.05351935836062882	-0.594332078255239	0.7356834551000843	13.347826086956522	313.397	1.173913043478261	2.611744919067013	1.8268830121469706	627.521668685958	-2.1699999999999995	168457.54727982235	4.91056861996548	65.72420659954848	30.586167117543717	58.56	4.0	2.0	2.979700000000001	0.2467381734633052	0.9222200360368207	0.0006025685897347371	4.075653182376987	0.8793779074609531	1.2709877242620375	3319.014833186527	3.6939287811512727	0.46578661128552235	active
12.612300233092636	0.0011465944402448969	-4.446601566105986	0.663037541677546	11.875	337.261	1.0	2.5277689792870657	2.1982327585058314	1004.9375361511154	-3.0400000000000005	198642.19746829476	2.551339068307062	50.66700442694256	24.315541433131994	82.67	7.0	3.0	1.0595999999999997	0.6857602842709534	0.9929327066916717	0.0012155864523272037	7.686664860024509	0.8973754764830372	0.18573769603124196	5581.997882707549	4.311821540296814	0.026529431434484513	active
12.538324713482888	0.1267843478070747	-0.7717487781511958	0.7493523194780934	16.178571428571427	398.44000000000005	1.0714285714285714	2.95933870586694	1.5992654599089717	898.5718822848376	-3.129999999999999	2281437.069836588	4.398301476359086	60.160755107851486	34.879696454322236	92.78	6.0	3.0	3.4605000000000015	0.5931873733117434	0.9869446755671611	0.0005973222923768751	7.038311506251201	0.9011588992245023	0.8690653709107551	8441.26057451057	4.923498900147767	0.12027896573701885	active
12.858624811035524	0.19208866867326435	-0.5089181783824643	0.7426583184349164	16.4	354.797	1.4	2.9894718901089345	1.6905968938110738	1011.4787543605397	-2.859999999999999	737383.1364142698	2.6421188345993487	64.43851027436652	27.973195566532247	75.5	4.0	4.0	2.761820000000001	0.34859019271963504	0.9528109811099453	0.0005869828564643384	6.140911607579748	0.8753181015240828	1.1641603293483929	4299.874933794136	3.8838001763814707	0.3598066544690351	active
14.039533954000945	0.06593178366125874	-4.0161031048324505	0.3402599051340937	17.135135135135137	536.0330000000004	1.0810810810810811	2.8867303070646444	1.450577014523785	1572.1537680353251	-3.4999999999999987	222986198.47832462	5.166068606091674	100.41223493104715	32.46059360505314	121.19	6.0	5.0	5.077900000000004	0.20380387453798965	0.9011754671181993	0.0001522021381201562	9.355377090356269	0.7434041242245415	1.1176880835288034	8376.945558602294	4.7833781061678975	0.26596681046982396	active
13.027626239056314	0.02173532375913312	-3.8339738229109614	0.6415323669828971	17.82758620689655	455.98900000000015	1.1724137931034482	3.2903953473231446	1.7445299132252035	935.6285604790972	-1.94	4369895.091291533	5.1619473984387785	52.72177944339848	67.53815206294726	86.78999999999999	5.0	3.0	1.5472999999999995	0.17504895955539043	0.8553777729781112	0.00015705123897351444	7.048796848756996	0.6064487103133975	1.142726742317465	4520.777049376729	4.167167244941401	0.32556994344529905	active
11.434510228027543	0.02691872427983588	0.02691872427983588	0.7958887434961184	16.88888888888889	287.1900000000001	1.2222222222222223	2.386291884017112	1.851538470397621	417.2072004848129	-0.7700000000000001	14002.760775412413	3.609541777559247	34.85155307928476	47.76602825967309	23.550000000000004	2.0	2.0	2.223	0.5832572912970411	0.9859643675315201	0.0014262021669368553	3.873544225624309	0.937174967839186	0.8922009739614021	3688.574403937639	3.797131618902404	0.31060986406511004	active
12.358571393867209	0.08120839547801428	-0.15739711934156353	0.763050656578274	10.576923076923077	367.836	1.1153846153846154	2.6037285799448435	1.8346507139534953	985.70716682407	-2.9199999999999995	699093.3125294506	4.002884717399692	71.00779291959275	35.793591675855076	62.300000000000004	3.0	3.0	3.771200000000002	0.6360280384780527	0.9897684732816541	0.0008417292232272685	6.062929989680405	0.9662642576068354	0.8889910064628116	7774.060765358638	4.8024928703847936	0.15342505297546477	active
13.536343051881246	0.044218142660117365	-0.9210714285714288	0.514624903737134	12.25	452.58000000000027	1.1875	3.3207085473586675	2.08904581469753	1015.6577052103502	-3.13	16194378.312421992	5.560246781202469	78.26952302666785	40.3356956967682	88.33	6.0	3.0	4.2344000000000035	0.11386896669240923	0.8396317973381283	0.0002655498999863399	6.470422647593031	0.8613209949966572	1.4329270206205005	5143.507055972089	3.982857697605304	0.4486612230058002	active
13.312378590325018	0.3009539556563363	-0.7765107709750565	0.6944522320534475	15.785714285714286	394.8620000000001	1.1785714285714286	2.7202267694369135	1.7438196359100164	1063.959867859137	-3.1199999999999988	2953660.3094293727	3.269592364919628	71.00779291959275	35.41461088207703	74.33000000000001	3.0	4.0	3.765500000000002	0.36461987529250767	0.9565539979248883	0.0005166880714564884	6.455707055411247	0.8450403244112925	1.0165927139756383	4740.297549351169	3.895718576540081	0.31123380135127704	active
14.117250109413778	0.18870086186193658	-0.9734398856981832	0.30295374052552176	16.473684210526315	535.0000000000002	1.1842105263157894	3.3886023560227327	1.419075375073337	1467.4185858692522	-3.9499999999999984	572403923.0990034	5.20482290042326	82.96488391008026	42.27856270707903	115.58000000000001	8.0	5.0	4.430600000000003	0.03245578237014343	0.6830608604738395	0.00015877285369223233	8.789525735834971	0.8622150237592089	1.7524767473511151	6410.87152781126	4.244481487163197	0.7303490565598317	active
14.229328467498108	0.03550855064247882	-1.1831829884731673	0.4373005439392641	20.594594594594593	516.9890000000001	1.1891891891891893	3.3920249524584913	1.3922696352901431	1515.8161091033444	-3.9799999999999986	438936339.3092623	3.9920916400812567	77.59606600066022	49.614349345319624	102.24000000000001	7.0	6.0	4.132200000000003	0.12563691487796008	0.8355155846311632	0.00013591683872045298	8.524382452624444	0.696217801764591	1.3436299632152728	6490.461329035103	4.499704020874348	0.36544571029921236	active
13.459190247858402	0.02995102670697891	-3.743798330288906	0.5939613848083948	19.606060606060606	484.9690000000004	1.3333333333333333	3.4472208067839407	1.4845259054658975	1423.6441374762876	-2.9999999999999996	38619131.96510112	3.967160818164759	52.939168217359374	45.692265982029475	120.97999999999999	7.0	5.0	2.7931800000000013	0.17628456378377289	0.8708130490390386	0.00016113989068467768	8.340495867768595	0.6523489045079317	1.0892142882543785	5371.954069486617	4.266412613891565	0.2873903634457015	active
13.181217403628118	0.006337711010330649	-3.796891749340792	0.7066788286536689	20.814814814814813	400.86700000000013	1.2222222222222223	2.6513283744640805	1.7868613400232376	1174.5383616063932	-2.4799999999999986	1321215.2582196896	2.973883920322179	70.16643629234783	25.853711640540226	90.22999999999999	4.0	4.0	3.8606000000000025	0.2796253367903063	0.9339735047361639	0.0004569191797722355	7.5025446538798874	0.8758132169868547	0.993256446118312	4697.850787597149	3.865344366750071	0.3586945217851317	active
13.73032789186356	0.07795715886708265	-1.0145405538758714	0.32960782499925606	12.108108108108109	499.5860000000002	1.027027027027027	3.420894717388939	1.6941281527867826	1330.7664552585647	-4.259999999999999	221547596.15236405	6.302552124637728	119.72107769541589	23.343094385562793	75.44	4.0	4.0	5.858200000000005	0.1684091060187161	0.8841371471288814	0.00019494145182798444	7.6319078939269875	0.8272340532832644	1.4343131788342236	7513.187837398631	4.566865098171687	0.3827373580482456	active
13.24667217813051	0.01447341613644082	-0.3579846938775515	0.6918964052460823	15.566666666666666	422.9160000000001	1.2	2.7340594153787126	1.6280831360532018	1110.0583439133507	-3.1199999999999988	6658790.769917193	3.9569033056092153	65.44434142789574	48.88310448768023	65.54	4.0	4.0	3.908800000000002	0.13286827062233475	0.851624869118406	0.00034389814795040885	6.438354942884413	0.9411119722520274	1.1939087613930324	4913.553617551977	3.9009181628973724	0.4328764686018952	active
13.306469907407408	0.042597434807255974	-1.6596990740740738	0.5762715251489836	58.84	348.4390000000001	1.16	2.6780130469663304	1.7731080580096314	685.5739978069821	-0.7500000000000002	496048.3566895734	1.4446147693948281	12.152040213667764	45.70475302346718	86.99000000000001	5.0	6.0	1.4048	0.1883715463745066	0.8901684015952789	0.0008063604370215366	4.142977777777777	0.9541093317758134	1.1880500814105177	2477.7254068624557	2.9966382699691256	0.5278078713137033	active
12.478275699168556	0.12724513416477712	-0.47427946101917984	0.7212150424346673	11.923076923076923	367.836	1.1923076923076923	2.6035566988997174	1.8065507618083991	982.4571668240699	-2.919999999999999	694759.1051013896	4.002884717399692	71.00779291959275	16.79833797965022	85.08	3.0	3.0	3.6582000000000017	0.3548024060341263	0.9542697891594714	0.00044708029442884446	6.062929989680405	0.8075712925242616	0.9283273114244934	4879.57901875543	4.159500888539617	0.20271721930334646	active
13.565682594797176	0.012686366213151556	-3.778584831666317	0.530790168506989	19.714285714285715	509.03100000000035	1.2	3.314744669343943	1.4698934190397188	1439.222519702659	-2.9899999999999993	104482077.87558882	4.638300619776047	71.00779291959275	35.911781238583245	103.16000000000001	5.0	5.0	4.839880000000004	0.18917803577181208	0.8913559192353956	0.00016779514736721803	8.269650524158955	0.7237987922900601	1.1825631753082082	6887.579821611188	4.51104086307673	0.301740606132644	active
12.424044863315697	0.07141833585285928	-0.07141833585285928	0.7091608472969129	10.75	338.838	1.125	2.546505845044362	1.7793787112880315	871.1467768178054	-2.3899999999999992	314213.3562200238	3.9226079875263373	71.00779291959275	10.891158250298714	41.99	2.0	3.0	5.021900000000003	0.5093539776228313	0.9790398704859753	0.0007172020847545814	5.055774347945797	0.8740764853294288	0.9213852689720944	5230.378013631837	4.283284367109282	0.1694990338459572	active
14.238559382086166	0.0022898303796570207	-1.1939443709582604	0.3870163427065876	17.477272727272727	605.6920000000002	1.0681818181818181	3.651201812476547	1.7151617825969814	1461.3510864086275	-4.74	3740125342.929074	7.418990485140841	78.26952302666785	70.0840580068079	144.17	9.0	4.0	4.422400000000003	0.13482308204055063	0.8581143332741791	0.00011742345422322528	8.703352843708391	0.787891676867997	1.6496514832875246	10296.098631768713	4.982571529922331	0.4020898682806993	active
12.341467912782397	0.14928332598471483	-3.6419727511065685	0.674571740029613	11.307692307692308	390.8480000000001	1.1923076923076923	2.536390547025696	1.863613130681537	1083.4961974094092	-2.6399999999999992	550696.0427891251	4.70953738375022	65.44434142789575	25.564724418139054	85.36000000000001	5.0	3.0	3.4078000000000017	0.4657654947470177	0.9736668065999512	0.0004837555474101614	7.169916892663747	0.8453659283026999	1.0449942669147525	6479.997506862646	4.509013599644451	0.2467706686160906	active
11.64716017888637	0.14537037037036993	-0.40131377551020253	0.8279693246158506	18.63157894736842	253.301	1.0	2.6278592436370745	2.1083178885481204	580.802846497346	-1.9999999999999996	34288.30741097655	2.2907231555880205	59.15492395432226	13.08951281182515	58.15	3.0	3.0	1.1113999999999997	0.2209399070896889	0.9016514122869415	0.000682843961699484	3.764705882352941	0.6686273490143497	0.755159285612009	1513.9003204863625	3.0644006370975188	0.2807236477120505	active
12.373967186813505	0.18635646365218883	-3.3593801846024625	0.7070023172266842	11.37037037037037	403.8910000000001	1.1851851851851851	2.5972977275047326	1.8561780587855174	1116.1379021932564	-2.6399999999999997	901506.4574305277	4.5572489209341835	65.44434142789575	32.612396400816245	79.37	4.0	3.0	3.465200000000002	0.6074464347045779	0.9879687552962316	0.0006461707388860061	6.755226042194325	0.9243780995419612	1.107979154308543	8550.508644456073	4.879267429175023	0.24850318450077552	active
11.565951241598997	0.018285258611355992	-3.712158864496145	0.7213588811064385	16.52173913043478	358.8710000000002	1.1304347826086956	2.530655024984675	1.9465154947347447	643.1221162079547	-1.1500000000000001	119780.96364257464	5.764351406079493	40.531344994848375	61.93667885074883	81.49000000000001	4.0	2.0	1.4940999999999998	0.41446728633724833	0.9646872626215883	0.0006912826394607166	4.939970603110792	0.9464509319408955	1.1701476311017247	4919.58137875603	4.000480258386862	0.3905496572080842	active
13.78798044217687	0.22953538359788328	-3.8972168469724386	0.5872336021925819	18.25	473.9620000000003	1.25	2.775561344648418	1.7804405448382545	1276.6658895959536	-2.719999999999999	14376092.149201442	4.1622016991832105	70.16643629234783	50.86115356170376	102.70000000000002	5.0	4.0	3.7273000000000023	0.179660906660663	0.8910508055602603	0.0002547182437036769	7.947859929870445	0.8312319925172451	1.085066961085803	5976.1410371799275	4.163116078300305	0.31643753815698106	active
13.022208010519021	0.12975479234903875	-3.4061392980950163	0.6655864865204844	16.20689655172414	429.8850000000001	1.206896551724138	2.6693059264932733	1.7268501292363199	1273.9564971625994	-2.9699999999999993	3163114.1763648964	3.6839356786152435	64.94142585113113	38.016660553403135	105.22999999999999	5.0	4.0	2.7574000000000005	0.26924967738326083	0.9266727179725853	0.0002683727878078468	8.04251673755237	0.7090530154545138	0.8638913220901214	4984.047485481499	4.128625769193142	0.18496169661477066	active
13.412467403628117	0.024254377676997008	-3.806984341933385	0.6931122811371258	20.5	414.8940000000002	1.25	2.6838313778415412	1.8229942721770582	1191.0251123574824	-2.4799999999999986	2283951.237868663	2.9563313643256426	70.16643629234783	25.853711640540226	90.22999999999999	4.0	4.0	4.250700000000004	0.39272916715396833	0.9605574161943119	0.0005581984581335363	7.404864143612111	0.9491341593832343	0.954807248971223	5803.555128248371	4.051173457055242	0.25521931917279583	active
11.649098365292447	0.026061860184335206	0.026061860184335206	0.8070761050751879	15.826086956521738	332.831	1.173913043478261	2.6114755348183776	1.7576613543595057	696.4811057183967	-1.7799999999999994	229694.94214048522	3.5934232334979535	41.96165390246666	54.875825800950636	32.78	3.0	3.0	2.7314000000000007	0.18627395212972517	0.890498959881967	0.0005909131902261344	4.4368036099261925	0.935830658612933	1.2768916906467478	3257.418135775547	3.5357724595249325	0.505915703792162	active
12.93715978521038	0.14492835097001744	-0.35476334824053124	0.7375339174362943	15.615384615384615	363.8040000000001	1.2692307692307692	2.6693413629976575	1.6901638039339155	1058.5959166851453	-3.0999999999999996	1188521.572533344	2.9576112864090676	64.94142585113113	17.49804021481163	75.01	4.0	4.0	4.264680000000003	0.33893208008831704	0.9503392071553732	0.00043626571109454644	6.898869353835716	0.7874701511539007	0.9741067560237285	4567.254595491174	4.090115523639684	0.2376618244935001	active
13.396224924032463	0.38509845673806753	-1.1375976054001853	0.38671517893703167	13.25	504.9340000000001	1.0555555555555556	3.343880575445822	1.4264454553538786	1607.2176582693917	-4.309999999999999	193171954.8112923	4.625108831252356	98.04272115260495	31.145922370887796	127.98	8.0	5.0	2.0490000000000004	0.1384799920520216	0.8446123787772335	0.00014373020027059653	9.2875914289202	0.6790380728803785	1.223703605900785	5992.105504285759	4.398858581402434	0.3739098555637754	active
13.623007015306122	0.05348990705863055	-0.9546419123204839	0.6181003339626486	16.87878787878788	448.5230000000002	1.1818181818181819	3.5139212735564946	1.785278085101107	1069.8545210399182	-3.52	38473277.46265572	5.115568503560064	78.26952302666785	41.03792125877123	97.56	6.0	4.0	3.660300000000002	0.29506349653500263	0.9371432950137754	0.0003808436355068611	6.53708126872148	0.9294872084876641	1.1569046719599974	6501.0492062552075	4.214836123566454	0.2771584104322347	active
13.473344974213031	0.0949907086896491	-0.6485166813639043	0.5126860336940423	20.771428571428572	493.0070000000003	1.0857142857142856	3.5700358700573056	1.2856081872838547	1208.5104544766039	-2.999999999999999	168585626.16983542	5.47595043058181	71.51070849635735	53.54044970373502	83.56	5.0	5.0	4.327600000000004	0.33272698126163835	0.9486523076267496	0.00021539922352207242	7.278579881656805	0.7786891941804511	1.0613788247671285	8899.31377055401	4.927738878311011	0.19750583632690621	active
14.161695471385675	0.08298242734036099	-3.301231718778031	0.46627225256810423	23.46153846153846	571.0990000000003	1.205128205128205	2.8948328209158087	1.4399124069966223	1526.1271869408813	-3.209999999999999	456639717.88370395	5.591609649814701	65.44434142789574	61.51535574427282	117.70000000000002	6.0	5.0	3.723500000000003	0.3412663896816654	0.9511945706933113	0.0002149890738323017	8.644238308759729	0.8677914911514772	1.1908898589968835	11350.892955971882	4.992341809826436	0.2683006064183992	active
13.758097915091962	0.036080308110569836	-0.8885988284202566	0.5845201457840012	15.5	458.5860000000003	1.0294117647058822	3.3779561085994754	1.7700108426514083	1082.308944894231	-3.48	59297668.4290122	5.353347080433224	78.13688417861589	27.82415732974539	89.29	4.0	4.0	4.568300000000004	0.19575890326716242	0.898409184738407	0.00028275831959961406	6.195401521555367	0.8946668652384542	1.446003462399018	6445.923965024378	4.281744768870763	0.39634144828220963	active
13.60357743272674	0.010765725175898133	-1.0735349216847239	0.4649719235828363	12.0	478.5490000000003	1.1428571428571428	3.3727120125973253	2.014353617300247	1122.8086555622428	-4.01	61843720.32814281	6.52866731858766	78.26952302666785	40.903260158974774	114.63	7.0	3.0	3.824600000000002	0.3041767472021749	0.9397634022860945	0.000342760143931371	7.024756762419998	0.9326120935045442	1.2686728876000335	7423.473652361723	4.349225072727318	0.3166232061502008	active
14.150243122361179	0.06767975301355067	-1.4792462285840253	0.5018773217628427	24.17948717948718	549.0270000000003	1.0256410256410255	3.664624277224252	1.2958729676122498	1436.9500499001686	-3.689999999999999	1325133591.6052139	4.8080879239649414	65.44434142789574	59.509754991686876	109.86000000000001	6.0	6.0	3.7909000000000024	0.1800987097326483	0.88941248049956	0.00020990194192585456	8.652614519137995	0.8977405634440383	1.5303064638261301	8399.797042655407	4.4794880690138354	0.47828299158204707	active
11.854450866026443	0.0007027413556990325	-0.08458002645502671	0.6406008016682919	16.59090909090909	319.788	1.3181818181818181	2.819552331525186	1.801120502151301	707.9247675759739	-1.9399999999999993	135967.27208313905	2.7076143928687193	47.283142823701965	28.94119639138785	40.46	4.0	3.0	3.3664400000000017	0.4406118918002391	0.9697671251530605	0.000731591893999865	4.541034813231976	0.8007166317968131	0.6559423343204613	3591.217000661773	3.786651231480668	0.14062792293058077	active
12.397641386221972	0.11307760900248232	-0.11307760900248232	0.6693647343951766	10.962962962962964	383.879	1.1851851851851851	2.611724798471095	1.7143318956089084	943.6129671406484	-2.6299999999999994	1180658.9241216418	5.4211184835004325	65.44434142789575	43.038050316929066	54.46	4.0	3.0	4.009800000000003	0.5368823898738293	0.9819616101296884	0.00047708258628229277	5.688801487517252	0.8709254926628072	0.9339376679012328	8408.565995760673	5.089703963351585	0.13855829225185837	active
13.224226662887375	0.14183311287477962	-0.7185941043083905	0.7323151103063851	16.074074074074073	379.8470000000001	1.1851851851851851	2.666907126580197	1.744049594284609	1045.281096176811	-2.919999999999999	1694286.0975163993	3.261076656335662	71.00779291959275	28.24300411641327	62.300000000000004	3.0	4.0	3.9726000000000026	0.23071647210171023	0.9164200926226297	0.0003763279273506253	6.311902428808415	0.8135867843818927	1.1332117101119172	4394.859764924416	3.9675357816565024	0.3105213091827864	active
13.478152508313633	0.052733393434984066	-0.9516701835055013	0.4747913870408446	12.0	459.56500000000017	1.1176470588235294	2.818022270039094	1.915485109844556	1138.3177469474529	-3.7999999999999985	29197731.637478493	6.15943600099196	108.21988893441153	23.343094385562793	62.300000000000004	3.0	3.0	5.137400000000004	0.23068593983225028	0.9156950502803859	0.0002942436499329685	6.6556714674165915	0.8790713530897701	1.3443539407670841	6535.087859456703	4.295192225381819	0.39792949029962105	active
13.649365630511465	0.1721137251196776	-1.371608363252709	0.5763879482788534	18.3125	471.38800000000015	1.125	3.2196760943802865	1.6942743095236283	1180.3778838455385	-2.6699999999999986	18610275.1704541	4.439315727996726	70.46697474163707	41.835432505003034	74.33000000000001	4.0	4.0	4.463400000000003	0.2365750667669021	0.9084289881310129	0.00016723089941237851	7.4186641320647055	0.6629741097409101	0.9516795156834041	6287.23369313871	4.575248497516052	0.1752378550327819	active
13.932682980599646	0.0845840419501136	-1.0833072326152684	0.4440706968109155	16.970588235294116	475.9360000000002	1.1470588235294117	3.3572464329870106	1.4870001407760245	1352.6922030135506	-3.909999999999999	88045157.46162902	4.196214008807256	84.16534864588644	39.50105451881427	98.14	6.0	5.0	3.560100000000002	0.12410233593534059	0.8405592702685984	0.0001854492721524245	8.093544338125813	0.7259020484592332	1.289884358929523	5245.131374652686	4.14892127686613	0.3769093052351858	active
13.03221773431595	0.005070389266818021	-3.8133593159485994	0.6408176256651765	22.423076923076923	421.92800000000034	1.1923076923076923	3.223930460942131	1.8850818176598603	749.3412230553033	-1.2000000000000002	1041213.4773877143	3.8866907713498633	16.82649260939344	92.19658212873617	87.23	6.0	3.0	0.04719999999999991	0.30680961185250144	0.9425465578865383	0.0004718955129754349	6.413777485572359	0.8422960162236891	1.0149394482756962	4500.283781591079	3.7121016025563804	0.31180801861691493	active
13.396240473041068	0.03685963021353311	-3.869649646481131	0.5712924157459128	16.8125	474.9700000000002	1.28125	2.782942412299664	1.6939219843765816	1262.5254440429221	-2.559999999999999	15548160.110397607	4.345580116284592	71.00779291959275	59.76998137107608	102.84	5.0	4.0	2.5950000000000006	0.11453460413972409	0.8245630985380438	0.00017273816001240017	7.747303086523869	0.7044286530269769	1.4153161270169523	5077.4519094776	4.150383677600339	0.4603730457460223	active
12.341070798689845	0.1359895833333331	-0.9305354032241206	0.733989606306246	11.52	354.837	1.2	2.534700057818583	1.846438013306822	932.3726258050461	-2.4299999999999993	365019.6206263963	4.158594053747905	71.00779291959275	15.99768564513942	62.22	3.0	3.0	4.296800000000003	0.5736371344559376	0.9853068843589754	0.0007509554865702264	5.53167593149169	0.9072856153738705	0.9161210707121371	6418.049812638933	4.551254249355514	0.1686904856128514	active
13.757011999244142	0.014613331443688926	-1.1004148951247168	0.6874018874184689	17.7	423.90000000000026	1.2	2.7391235825446807	1.8026933959996934	1126.3813552692154	-3.1199999999999988	6432371.560844315	3.588343045277083	65.44434142789574	42.40047364036799	71.53	4.0	4.0	4.025500000000002	0.21144064291451703	0.9029470643198492	0.0004011519659228317	6.688948828593832	0.9508567438627374	1.24404459298983	5244.493665737791	3.9354239455770466	0.43012868571088475	active
13.681169728598254	0.0502853418877498	-1.0987072205425383	0.3772590908331365	12.108108108108109	501.5620000000002	1.0810810810810811	3.420894717388939	1.6941281527867826	1336.512482336934	-4.3999999999999995	221547596.15236405	6.241975308641978	108.1102495710985	33.311051427457215	101.22	6.0	4.0	4.648200000000004	0.29257545100212035	0.9378802649999805	0.0002678307208486652	8.047806653217833	0.8827637556991872	1.3894511924023756	8385.912566439865	4.595164352939228	0.35891140125211757	active
13.728477969024055	0.02677053704606025	-1.1029325711766196	0.3195211218440698	11.605263157894736	510.5290000000002	1.0526315789473684	3.6545336071534833	1.495577418757326	1506.1730798902795	-5.119999999999999	775371811.9004282	5.487708829089578	126.81226635324798	38.10755764995622	106.15	7.0	5.0	4.1414000000000035	0.2788634651780555	0.9335993036727079	0.00024808030117637846	9.319762624781964	0.8814122757296273	1.3734644980242823	8739.696508134637	4.663708066830993	0.3419209669606435	active
13.478152508313633	0.052733393434984066	-0.9516701835055013	0.4747913870408446	12.0	459.56500000000017	1.1176470588235294	2.818022270039094	1.915485109844556	1138.3177469474529	-3.7999999999999985	29197731.637478493	6.15943600099196	108.21988893441153	23.343094385562793	62.300000000000004	3.0	3.0	5.137400000000004	0.21441674915602246	0.9086388972104629	0.00028412748862482876	6.6556714674165915	0.8714885977401263	1.3729621244299404	6401.291644994393	4.277048219595158	0.4095817874598119	active
12.916448885109599	0.11612937767699694	-0.1317885487528352	0.6999261953880773	17.869565217391305	322.795	1.0869565217391304	2.9561449690829797	1.7240651912881926	887.9318251269432	-2.3899999999999997	357717.19041879324	2.470915259971133	71.51070849635737	17.43591465621129	33.2	2.0	4.0	4.408700000000003	0.3561814581141457	0.9545468675615865	0.0006696796814928673	5.316594967667228	0.805479342542563	0.7786228042627792	3250.399465652849	3.6260866399833636	0.19709506933298224	active
11.948155706727135	0.04518518518518477	-0.6502721088435373	0.6450980075832928	10.8	267.216	0.85	2.3753605883995608	2.289397285517239	846.5071386809369	-2.9499999999999997	38062.77806851456	1.9482607084715258	52.68789705520363	0.0	99.39	5.0	3.0	0.6807999999999995	0.5772978137512731	0.9854960765486755	0.0013792874748024045	6.47230539970012	0.830301788165243	1.3141551439572583e-05	2945.370196225948	3.6435163943516766	4.9942618620051876e-11	active
12.96429720962459	0.015228647014360996	-0.08629616507096616	0.6217507612165177	12.52	332.3830000000001	1.08	2.882857545105523	1.943164649485893	995.6429793971824	-2.919999999999999	691709.9565150741	2.529527959331882	53.59147246262526	42.85198997534216	68.28999999999999	5.0	4.0	2.4933000000000005	0.30360910088026	0.9334131327450036	0.00034104467430690814	5.286751447717922	0.6582166778286539	0.4243591323457059	3540.54296350583	4.039905543125113	0.05091889743758953	active
13.072004440665154	0.06586136306374368	-0.35979780801209404	0.7570162746242193	17.28	351.83700000000005	1.24	2.6139111581389836	1.7030054243454995	951.3290602705215	-2.4299999999999993	694589.3842299558	2.9892059798417647	71.00779291959275	29.383496369738957	45.230000000000004	3.0	4.0	4.055900000000003	0.266234632370468	0.9288781634639124	0.0005460650236494581	5.53167593149169	0.8970597395085457	1.2090267103231604	3978.7302127286093	3.7804561627741005	0.39907893583113097	active
12.426633807844127	0.1665479864785424	-3.3873431214769387	0.7070023172266842	11.37037037037037	403.8910000000001	1.1851851851851851	2.5993792553999793	1.9033340705418043	1116.1379021932564	-2.6399999999999997	904433.2168823796	4.5572489209341835	65.44434142789575	32.612396400816245	79.37	4.0	3.0	3.465200000000002	0.3265126049341019	0.9477487809242071	0.0004091257639376928	6.755226042194325	0.8476196060383258	1.1217337783260228	5504.659673504202	4.1735993462208185	0.3183707661258333	active
13.29783878686372	0.3216839154010498	-1.0407351828600027	0.34722408960603957	11.457142857142857	488.93100000000015	0.9714285714285714	2.861491771380481	1.505766768265284	1386.5233074460964	-4.429999999999999	77518933.7914716	5.92906961495779	101.33962826190083	29.31239967351464	123.41000000000001	5.0	4.0	3.8621000000000025	0.39258904512977577	0.9618860330736345	0.00022141068893884291	8.976151627955803	0.8083602738959983	0.998930189555205	10792.756463176489	5.3314527483164005	0.1592183172963926	active
12.937026171579742	0.0215269116906025	-0.6861866969009831	0.6760363895863447	16.076923076923077	386.2380000000001	1.1923076923076923	2.6192687410129674	1.7204620379796187	1046.8837219108282	-2.629999999999999	978213.0581686309	2.9996315591007856	64.40060767317546	16.79833797965022	71.09	3.0	4.0	4.606100000000001	0.3665810674933548	0.9569687314724342	0.00048750196098679057	7.545010543569474	0.8412902267393971	1.0182446124429037	5003.009214577074	4.050801789789754	0.28949525137188875	active
12.841054579239103	0.14715175422020632	-0.14715175422020632	0.7406203084913123	14.92	357.885	1.2	2.6358273091402573	1.718376732910623	686.3504382560052	-2.0699999999999994	631249.010611382	5.199597661838435	53.81452286773714	17.559849439197855	45.230000000000004	2.0	3.0	5.7439000000000044	0.19481324968954483	0.88554280452524	0.00024139028410717162	4.606073741401366	0.6611805319897155	0.9668617617887273	3898.347782874265	4.184546680039377	0.22057559700521803	active
14.203130323660835	0.14097992988104302	-0.9633259452901615	0.24027653595703707	15.86046511627907	598.0630000000001	1.069767441860465	3.4781873310118727	1.2000590088874603	1787.8099125456033	-4.869999999999999	8191885012.942334	5.899751353336494	107.18302319574198	56.870341235294234	133.15	10.0	6.0	4.158400000000002	0.46695220843952845	0.9729413923339407	0.00023216993199815506	10.389893270784578	0.9499245521959483	1.2474221016088851	16821.411551847792	5.682293985109213	0.21716425508222595	active
12.832073885109597	0.08988063744016106	-0.3013487339380203	0.771185947060326	16.291666666666668	339.782	1.2083333333333333	2.611582360660766	1.6683265371901423	923.7858655133384	-2.6599999999999993	482583.8580970603	2.672125442135335	59.63892736573706	22.482018735758842	64.11	4.0	4.0	3.788000000000002	0.36925378548748755	0.9570750831206026	0.0006582765567499688	6.006093588132864	0.8936963055790795	1.0644811912087582	4186.1333733851125	3.8795074140225214	0.30373487934394555	active
13.604846584467122	0.040931112037713824	-0.9296187641723359	0.5943251822469786	12.8125	433.5520000000002	0.96875	3.2494119572508726	2.154406102718589	1044.446603669793	-3.4099999999999993	10456399.716068044	5.4372527455027	84.07493708882654	22.337263232033564	75.44	4.0	3.0	5.274900000000005	0.18826270626936714	0.893895144951322	0.0003149716727614798	5.7371624613752745	0.9023483833499966	1.4352196586990025	5766.753643655602	4.162311804679529	0.3936121982893366	active
13.114932061935578	0.09359034367241459	-4.338881104874937	0.5394318144200161	15.806451612903226	450.8440000000001	1.2580645161290323	2.723130282983217	1.5917472272755677	1115.5917035355615	-2.9999999999999987	9015451.089090839	4.847744900890548	59.37797435943413	30.281220696768024	60.45	4.0	4.0	5.724200000000004	0.5195356769475571	0.979952491972236	0.0004949140687075731	8.501457725947521	0.9172461279878577	1.160076538900284	8532.65904114282	4.6728079125299224	0.2723331622207548	active
13.337631028491643	0.06863183159066066	-0.7912973007505038	0.48269394883551403	11.548387096774194	433.53700000000015	1.096774193548387	3.4207697691459025	1.6389657635596167	1212.4991122848364	-3.519999999999999	14306726.454736138	4.198296337278385	76.48433214048032	26.8082292978041	94.11000000000001	6.0	4.0	3.4891000000000023	0.23414948238749245	0.9115680846466979	0.000197145750521597	6.737051895619133	0.6969064348106516	1.1188761862446273	5991.86648522063	4.572005815469835	0.23578944675988692	active
11.21865861468044	0.09029218631897185	-0.4547250566893426	0.5980812809314172	24.05263157894737	266.257	0.8947368421052632	2.25390403778412	1.907792685909168	404.41112254140677	-1.8	14747.294119221498	3.5816060699092143	10.633577208012662	72.19416123781782	102.96000000000001	6.0	2.0	-1.1400999999999992	0.2896209243504087	0.9370465329548331	0.0011519560427916244	4.353582037730025	0.8796329924021153	0.9944330210072289	1923.4781599518851	3.0252868783929507	0.44762033990307815	active
11.83543965734442	0.34173044217687054	-0.34173044217687054	0.8604771353565335	10.333333333333334	261.346	1.3333333333333333	2.6611900580855776	2.4738551879462065	560.6730103519731	-1.8099999999999996	14977.177646905631	2.2410806289279526	41.45873832570204	12.576187252464766	52.32	4.0	2.0	3.482420000000001	0.5179605596636393	0.9797587743010644	0.0013220851899450497	3.60512595926582	0.8162513058873804	0.4243453814188436	2517.4670556737383	3.4493632660189713	0.06095032649766399	active
12.473499622071051	0.15776738473167073	-0.4837792894935755	0.7990794713469409	18.571428571428573	301.35100000000006	1.2380952380952381	2.9799503919873134	1.862349944357547	678.7544997432468	-2.1500000000000004	81933.73602769118	2.687278217318938	35.65332426354336	27.26166110528726	77.26	5.0	3.0	1.4748399999999997	0.6198350688457457	0.9884589086347768	0.0014656545764616209	5.241679339513756	0.9840666487015619	0.6554845764845523	4361.497703566265	3.9628690409399927	0.13037504323669502	active
11.574061634346627	0.011296402577967601	-0.011296402577967601	0.8268311370477185	15.409090909090908	321.8120000000001	1.4545454545454546	2.5624510277303245	2.018469858289498	563.5415011388403	-1.8400000000000003	101401.3120693444	4.089719927167359	23.390113623468675	59.29476318653288	72.26	5.0	2.0	1.2680799999999999	0.40393018140984704	0.9638113788669334	0.0006055546085562096	4.36848456000476	0.7992998905786824	0.8836510678727549	3957.585347086624	3.986550088748574	0.22730977015237536	active
13.531538643235072	0.18586238662131516	-0.9508855741370623	0.6597199116132975	18.392857142857142	417.2920000000002	1.25	2.696821329761139	1.786570743095716	1051.7501839338468	-2.339999999999999	2742257.375524955	3.1954167734099785	64.40060767317546	31.214719720602083	60.45	4.0	4.0	4.847000000000004	0.18916245278915067	0.8964508666955467	0.0003441913673904488	7.16726277901313	0.8228671334150055	1.074802638394903	4439.309528584426	3.827267041537128	0.3866019411502118	active
13.017364794168696	0.04525510204081673	-3.800692200491308	0.7464339522109745	11.0	382.869	1.2	2.62401811035746	2.4776469954286884	840.9812813015805	-2.25	346024.02017661755	4.2365016697356515	48.53093654769288	33.85953410584089	75.71000000000001	4.0	2.0	3.0877000000000017	0.47015862652920226	0.9740259982022973	0.0006496433593604308	5.888811942136042	0.9055741302880111	0.8718060122814054	5574.77243880229	4.140055102077743	0.16472802498180802	active
12.830125188964473	0.09558358528596567	-0.3032974300831446	0.7458397724606177	16.5	359.838	1.4166666666666667	2.952224480943698	1.664794994433211	940.7303966514085	-2.1799999999999993	482978.0206334271	2.7181509230516427	46.186496850902074	22.48201873575884	64.11	5.0	4.0	4.1579200000000025	0.4574067217967735	0.972352164665112	0.0007152468827214378	6.276320814889312	0.895625220995358	1.0702594054035843	4802.571712038226	3.982977319699632	0.32832398271367136	active
12.361740835222978	0.16395678487444343	-0.16395678487444343	0.7086756892785293	10.375	322.36400000000003	1.0416666666666667	2.645262270051136	1.5945009054694312	843.3944412692699	-3.0799999999999996	417073.2115944225	3.4574395431501665	66.48807518261603	31.15259416200174	60.45	4.0	3.0	3.052200000000001	0.36544024637773614	0.9565481338995087	0.0007121952979945949	4.957572776291915	0.8735244145741407	0.9706569285484412	3674.527558890151	3.7584937480949403	0.2573280279356048	active
12.191195200302342	0.13574074074074072	-0.13574074074074072	0.8132384143107728	14.529411764705882	243.291	1.588235294117647	2.9058057852003008	2.0641974640880343	602.2294166800546	-1.9299999999999997	15749.46735578563	1.6666219827240303	39.84416715924896	15.687664472797728	58.68	5.0	3.0	2.38218	0.49561457362584066	0.9771449641894122	0.0016022236970858245	4.389543779405982	0.806519624852741	0.36361223933494674	1909.8379490104564	3.1346640427745567	0.06931939444071557	active
12.732324735449735	0.08104654824892865	-0.28545162509448274	0.7835243656518528	16.652173913043477	327.771	1.3478260869565217	2.9715573270615865	1.6446361785774959	890.4307941380102	-2.529999999999999	350801.25713160145	2.529331321393163	59.37797435943413	21.898734821073425	55.63000000000001	4.0	4.0	3.4925000000000024	0.38951790959445487	0.9614425795743747	0.0006938874242832831	5.526909578904117	0.8648430123601935	1.1055620936449593	3919.6181508502577	3.846312084400505	0.32519372284757775	active
14.09744764109347	0.01681201184177339	-0.781819373582767	0.634492141789946	20.71875	469.3720000000002	1.21875	3.1006857851250467	1.6049986817166828	1242.6463553359968	-2.6699999999999995	24591538.961826745	3.3389153985572473	69.96405916487245	48.380188910915614	65.54	4.0	5.0	3.7779000000000025	0.19190203555010713	0.894902732981468	0.00025359036382015926	7.689248057324197	0.7455287779241077	1.2156391819230021	4911.418086298133	3.9219055655360187	0.3586980554814962	active
13.632741481936106	0.029031242126480006	-4.266847245842779	0.7737005514587497	17.0	338.7630000000001	1.1428571428571428	2.4585286553782937	2.2121406117082825	625.6526660224713	-1.2500000000000002	43958.492358163894	3.167930671082841	29.833542887476618	55.58913150444779	57.690000000000005	3.0	2.0	1.0365000000000002	0.3118008301011524	0.9422981269887235	0.000731474647707853	6.095679012345679	0.9237739842921692	1.196860656769775	3484.811370710467	3.546161735937885	0.44901083684727144	active
12.899640495086924	0.11009983623078812	-0.3495508944318475	0.6842909398121486	16.16	373.23900000000003	1.16	2.6447849425436014	1.6780785055042438	969.5453625595712	-2.299999999999999	740307.0428372646	2.9204085737371224	64.40060767317546	17.49804021481163	51.22	3.0	4.0	5.046400000000003	0.4740850063506416	0.9741067923528005	0.0007306380529721061	6.7821019104239	0.9399285979390656	1.078023162669366	5348.219106869029	4.063306528931529	0.3269267250331975	active
13.64108229402872	0.009692224111866654	-1.1016648951247165	0.6883630415780535	17.862068965517242	409.8730000000002	1.206896551724138	2.7392896233984563	1.7983601307004538	1096.3575930080547	-3.1199999999999988	4522517.86101763	3.5140920118593533	65.44434142789574	30.452891926840326	80.32000000000001	4.0	4.0	3.683300000000002	0.1220023932392537	0.838903987027425	0.0003706170723588337	6.705059399283727	0.9610248320455486	1.5217016803641767	4578.485835066355	3.8157878286058615	0.6111168359274418	active
13.630897108843538	0.14192814625850358	-1.012799154383976	0.6883630415780535	17.862068965517242	409.8730000000002	1.206896551724138	2.721485899788777	1.7755991810635992	1096.3575930080547	-3.1199999999999988	4298548.877913777	3.632443207501622	65.44434142789574	29.949976350075712	80.32000000000001	4.0	4.0	3.683300000000002	0.12395197095153024	0.8465241183370718	0.0003682094126716682	6.705059399283727	0.9110054279755119	1.5436650563804675	4233.986628587576	3.7219279542051	0.6492726526139846	active
12.406739260519021	0.09729981022865197	-0.1750871861090113	0.763050656578274	10.576923076923077	367.83600000000007	1.1153846153846154	2.6057340873833996	1.8769770053227899	985.70716682407	-2.9199999999999995	701289.0321397565	4.002884717399692	71.00779291959275	35.793591675855076	62.300000000000004	3.0	3.0	3.771200000000002	0.5866495295247905	0.9863592785851398	0.0007269656374545609	6.062929989680405	0.918129540935057	0.8488270982887968	7044.439893865705	4.660647740550129	0.1598119099323977	active
12.412834939531368	0.34579428067523277	-0.8576527462836994	0.7475523564351855	12.130434782608695	346.2170000000001	1.0869565217391304	2.5674836952638787	1.8642261726597669	877.3464078841369	-2.139999999999999	194163.38697063556	3.2930998457347496	70.46697474163707	10.891158250298714	68.01	3.0	3.0	4.180100000000002	0.400507959488481	0.9629997219670301	0.0006772055952102383	6.398117653426335	0.9068003723467404	0.8964545007192515	4505.471315733233	3.951706975114931	0.2702240934452075	active
12.626716742252455	0.10896604938271581	-0.30251795162509487	0.8917528949187631	16.545454545454547	317.776	1.4545454545454546	2.507746760866637	1.8780018145199855	733.3260123854499	-2.269999999999999	112745.78662180313	2.717908500186406	46.742324645746294	17.49804021481163	77.24	4.0	3.0	3.1304200000000018	0.31356893000901886	0.9441178160195962	0.0006241334510540698	4.862157575598349	0.7972724648951667	0.7680843458670986	3089.854971432182	3.601319721513446	0.21211360272402655	active
13.255679799697656	0.26387394496280936	-1.4289411296926184	0.5923699052474827	13.0	417.29600000000016	1.1071428571428572	2.695895249500986	2.025888718429193	1052.0600629187804	-2.6699999999999986	1792980.6207476167	3.9410575327054427	70.46697474163707	23.343094385562793	97.11	4.0	3.0	3.4704000000000024	0.2898980665366031	0.9376270503076272	0.0003420163000292998	7.297060878507975	0.8205341963802344	1.2105469637141322	5662.566696223645	4.234172817277429	0.33940842692165507	active
13.71439524964443	0.06773049278791787	-1.0396279954946983	0.3774149462731682	12.35897435897436	535.6450000000003	1.0	3.406072315779801	1.8531455757434425	1229.8227133686357	-4.21	284044414.2845862	8.39197233136899	78.26952302666785	46.566120194344684	126.66	7.0	3.0	4.786200000000004	0.16842087151844712	0.8811355225053963	0.00018350307117085538	7.295176296754645	0.913633191484258	1.4992154767930368	9619.76173004145	4.843096750772277	0.40399294592585216	active
12.114874811035524	0.15007432602670678	-0.15007432602670678	0.8051952011122818	10.523809523809524	297.74500000000006	1.1904761904761905	2.4739761554776227	1.8039060510745435	798.8888977295804	-2.4599999999999995	80913.86414105113	3.17244814374422	65.70529443419868	15.875136771245923	54.88	3.0	3.0	3.4644000000000013	0.4458652369491486	0.970864042284342	0.0008868845208898329	5.386836704973577	0.8650300252049093	0.9884744601838589	3520.8887840376124	3.7928389686673345	0.26944583475227996	active
12.674716843502015	0.006264871191819399	-1.699794390786819	0.2003852832862076	30.31578947368421	538.5020000000004	1.105263157894737	2.9025430933592338	1.7100105565538066	1049.6930746046644	-3.1999999999999993	176112254.98629406	6.617006607296753	47.24686231247503	89.68420063523354	207.32999999999998	13.0	3.0	-1.8981999999999968	0.1268016526847053	0.8411615791604091	0.00015020149401349825	8.909631037326543	0.7146787749455461	1.2934801106762432	6288.162900413952	4.292552459195309	0.3527492963609058	active
13.833761594610397	0.0027641378571463537	-2.053987939804821	0.10069680907008334	16.0	709.5480000000002	0.6346153846153846	3.5003443106614656	1.4733971820540521	2087.049611405082	-7.1	185910954095.46774	7.858143485097151	100.6233153183966	36.085153927304	303.51	16.0	5.0	-3.7588999999999944	0.09569932353604992	0.8102461081402963	0.00011435129769513948	17.710100675193047	0.9538329786097348	1.9168387715568644	13574.986716304318	5.04705348932675	0.6478722281731496	active
13.106504157218442	0.044761668556311474	-4.342750728803068	0.650275894344063	17.17241379310345	419.8340000000001	1.206896551724138	2.6647781973872595	1.6600999053335443	1065.2158288915698	-2.6399999999999983	3258474.7910959567	4.356652866773018	71.00779291959273	35.05687931041782	45.230000000000004	3.0	4.0	4.988400000000004	0.20810567421684828	0.8850726740079748	0.000198857487083524	7.887821059033815	0.6216874852509936	0.7925461421931133	4175.674168154402	4.086008483796889	0.1958238683056514	active
12.489661359914336	0.008558437263794128	-4.428642518722942	0.6921866327064305	13.12	368.3600000000001	1.24	2.988021819464695	1.7863456398048545	891.3740944072265	-2.42	462333.6281039528	4.162906791083963	47.78605840046659	26.960036016015277	66.18	4.0	3.0	3.1443200000000013	0.2292766746422581	0.9071953016363693	0.00031765162377642755	7.44583257827686	0.6788628591577187	0.9002819612359403	3448.501762258187	3.8048577067864398	0.24323721556697717	active
13.133350497606452	0.05169448643654917	-0.05169448643654917	0.4883133194816554	10.655172413793103	402.86500000000007	0.9655172413793104	3.278303995299119	1.6230879233088715	1081.917715778155	-3.509999999999999	7286804.309295182	4.672205242031773	95.79516720604505	20.97381857954696	73.08000000000001	4.0	4.0	3.925100000000003	0.25411277216804135	0.9198825430323843	0.00022194223673895443	7.387806841900952	0.6961998368177426	1.0578764288742442	5568.355678348089	4.553108045426061	0.24171431905769347	active
13.127883729325829	0.07442601165980745	-3.7180046532501874	0.7774913062940729	17.2	320.77300000000014	1.25	2.4628577967794945	2.1146914107203987	600.4749275673761	-1.1800000000000002	30450.77379938167	3.1050699012563427	30.082689114892336	55.58913150444779	57.690000000000005	3.0	2.0	0.8973999999999999	0.27235312022009023	0.9314202795252053	0.0007205339970223187	5.2250182533124025	0.8822195106797792	1.114551043956193	2967.991073811261	3.432020598696787	0.4454332581088639	active
13.290590243073556	0.12958010931135	-0.41695032333921245	0.4469103887987044	14.96875	445.9060000000001	1.125	2.8272979442934583	1.4219286547764869	1274.9216821750733	-3.639999999999999	31442968.516459964	4.092718112574506	89.46784713128051	22.48201873575884	73.34	5.0	5.0	5.3670000000000035	0.19750279343850913	0.9007667373227036	0.00028102671629834624	7.743532703309811	0.8496505272163746	1.1043316147472095	5914.799215289374	4.222375315011955	0.299170980339877	active
14.256119826049062	0.14460161055947185	-1.0035935794070716	0.2730049521612305	16.404761904761905	592.1000000000003	1.1428571428571428	3.2987718136949815	1.3878950859291594	1611.7480870598981	-4.219999999999999	2194728511.5415936	6.316094910602633	76.83219741759267	50.7309573417474	132.29000000000002	9.0	5.0	4.490200000000003	0.21906549620905277	0.9111589144279525	0.00016934343988726607	8.89971709580615	0.8020617609330526	1.4048261879060953	9219.171985148036	4.635854503848834	0.3596251031391954	active
11.367646132527085	0.05263888888888957	0.05263888888888957	0.7698131791533174	17.6875	258.77400000000006	1.375	2.817474244844468	1.7904053494450132	333.76357860552804	-0.5800000000000001	7640.9901520181975	2.965719556159425	22.389944101090435	47.76602825967309	23.550000000000004	3.0	2.0	1.6311000000000002	0.449739562708575	0.9704251180909272	0.0015890452556147463	3.247899131335338	0.9493905873817804	0.9430861309851467	2349.698286520964	3.236748363814762	0.4295787746663496	active
11.497684393928981	0.05436728395061796	0.05436728395061796	0.7800110421382956	16.68421052631579	300.22900000000004	1.3157894736842106	2.372589839257325	1.9000049365994447	433.20883819146036	-0.7300000000000001	19303.390932197595	4.118268416176551	34.34863750252015	29.776605716997473	20.310000000000002	1.0	2.0	3.6683200000000022	0.48727887164663874	0.9764396104975591	0.0009626594442422902	3.7205427412627756	0.8723602518921298	0.7863299016937974	3663.4144576055087	3.821507665997979	0.23655546037131117	active
13.224577830762444	0.06509721332464524	-0.3566204753506337	0.4957454202680867	10.612903225806452	414.46900000000005	0.9354838709677419	3.2123597918258366	1.6034381344054163	1187.6635198124488	-4.199999999999999	17173738.026910946	4.693590781207847	84.42622338169795	27.04116687389472	92.15	5.0	4.0	4.150100000000003	0.2509683414170773	0.9231984576530404	0.0002449427796538697	6.648362427513008	0.7630586266132187	1.1961737735845686	6185.205725534347	4.582387072953823	0.24537570788466853	active
11.05663312547241	0.04032407407407401	-1.4753561980347696	0.42398891834482255	14.375	223.20799999999997	1.4375	2.2285003925825153	2.948160261851516	407.8055448072955	-1.79	2745.5124836616587	2.4142442058702147	23.762552697081826	11.508230540335195	124.30000000000001	6.0	1.0	-2.651799999999999	0.4867749372488557	0.9763801627296258	0.002076994858069206	3.9017013311900786	0.8710340845389196	0.6924246171799077	1690.6791019606883	3.0124102729049134	0.2918810735948381	active
14.111268865331745	0.05669364659443965	-3.4795804648126984	0.6626044424686663	16.1	431.42000000000013	1.2	2.664026826638792	1.7452859576091455	1325.1212790743589	-3.399999999999999	4483863.51231815	3.496314140187202	65.48686715102	38.016660553403135	105.22999999999999	5.0	4.0	2.3822	0.29198597301940105	0.9371803155820446	0.0003128507916697404	8.763787729493856	0.7652576031445011	0.9865531138566369	5365.931807972759	4.144924994897601	0.24089594794950056	active
12.209428539934493	0.047713240539476454	-0.33732784820131534	0.8156200289334681	16.083333333333332	345.78600000000006	1.4583333333333333	2.472039350248799	1.6540588367012243	786.4002768303784	-2.6	202865.43723881742	4.024154494657386	52.80869171420791	23.026239150385088	80.32	4.0	3.0	2.44942	0.2728490446197801	0.9236298415397312	0.00030286234283146644	5.736957922131464	0.6643384099924503	0.5614540292702186	3801.988940044302	4.116396100356254	0.10603488066443853	active
13.524534130992466	0.05893418787267968	-0.05893418787267968	0.39188782295785063	13.909090909090908	459.9810000000003	0.9393939393939394	3.2589220855950045	1.4239980318280618	1247.029481752733	-3.3799999999999986	62436775.73973072	4.856817943167211	83.38248962697766	33.990562380277744	54.260000000000005	5.0	5.0	5.308400000000005	0.2843161771713826	0.9350699178877511	0.0002142593225768672	6.825592705495533	0.7729900568674897	1.197916023568293	7867.5005287554695	4.851505392071311	0.22827295590981656	active
14.008670319979842	0.06810691171228189	-1.0611449934912247	0.467258530999577	16.35	547.6560000000003	1.1	3.5867380015094823	1.6649509317345006	1311.2693211262858	-4.21	628486022.8449789	6.85689637695387	78.26952302666785	57.507870754343124	117.87	7.0	4.0	4.880800000000005	0.10988631502779196	0.8338126452566322	0.00013425377542545153	7.541309098631764	0.7900463056352606	1.5960340582956523	8421.74556478101	4.774281337109623	0.4127712676817041	active
13.25011300265013	0.016133235701688342	-3.9102333580036945	0.6805274829569072	17.533333333333335	449.96000000000015	1.0666666666666667	2.7708414342219516	1.8459212662930353	996.6713610396198	-2.4199999999999995	4983258.569156548	5.002962093871933	65.72420659954848	60.99339565703468	86.79	4.0	3.0	1.7517199999999993	0.2317382669807185	0.9167605663695009	0.0002855665205388002	6.787327365135579	0.8062689222491946	1.1978752239420813	5699.07088961252	4.162305379637309	0.29184079608687663	active
12.99992110733182	0.06197247417485463	-0.29035336356764985	0.726791291044515	16.16	352.82100000000014	1.24	2.644401452735227	1.7015970378713667	965.8174234172525	-2.5899999999999994	737597.6084085314	2.827630009323683	64.94142585113113	17.49804021481163	51.22	3.0	4.0	4.701420000000003	0.2599050357532632	0.9272848295987312	0.0004891230975557244	5.711348303724418	0.7870308628383608	0.9309283324780809	3382.827794034937	3.6284251103924046	0.31614174830817204	active
13.145182508188462	0.3738130406483575	-1.8573672524565386	0.3569038426756744	25.272727272727273	459.33900000000017	0.8787878787878788	2.7442461388821813	1.947254625601298	1259.4508502448143	-3.7100000000000004	16385092.375392951	3.7416026989783324	34.48879584981881	46.02547446485053	224.65999999999997	12.0	4.0	-2.9656999999999987	0.1876436725264646	0.8681819051699188	0.00016652455439439729	10.482059933889424	0.6127467069512899	0.8601204355006559	4543.458816194876	4.12580497097623	0.18892579903978732	active
13.50800520537263	0.0789341878726797	-0.0789341878726797	0.4312658068643099	13.909090909090908	461.95300000000026	1.0	3.2589220855950045	1.4239980318280618	1251.1445096800335	-3.4199999999999986	62436775.73973072	4.841457193303065	83.38248962697766	47.204326309303575	63.49000000000001	6.0	5.0	4.154700000000003	0.27115724835350935	0.9306760940908326	0.00020891040344376286	7.2875122447696805	0.7696056869225996	1.3247925483667256	7749.617135781251	4.824327606148389	0.28306854583578656	active
14.056233324001386	0.11210896247166668	-4.068207167285641	0.3245043691240554	16.666666666666668	564.0430000000002	1.0512820512820513	2.9194972914023243	1.4322167883836596	1672.1982403512104	-3.9899999999999984	524391835.46535623	5.5823087958454884	100.41223493104715	31.823016928492073	138.25999999999996	6.0	5.0	4.994600000000004	0.3290404723351615	0.9482848375217944	0.00023026112762874652	10.199676918144485	0.8612092691445511	1.0117249308683414	10147.559155023451	4.7703151854335735	0.25102983394048356	active
13.223326955782314	0.031495890022676276	-3.7765866784296604	0.8276099487123205	23.185185185185187	404.89900000000006	1.2592592592592593	2.6513283744640805	1.73627299714741	1038.4905503366565	-1.959999999999999	1321215.2582196896	3.1342136218177195	57.02787100189538	25.853711640540226	90.22999999999999	4.0	4.0	3.5862000000000025	0.19540268945394956	0.8984727980014978	0.0003518036569013578	6.539862615114073	0.7716145957353483	1.12735439171488	3854.84677839647	3.692958075523099	0.38129807029465823	active
12.27758558515999	0.002614480977576772	-0.0379725686570922	0.8105454939924767	17.0	315.8	1.2272727272727273	2.5968610650801915	1.9947392403175994	672.0423031168627	-1.9999999999999996	144915.234875735	2.813412655489454	65.22129102278387	23.796890446449854	29.54	2.0	3.0	3.5600000000000023	0.2541913486242508	0.925602001825558	0.0005768465261970279	4.5125	0.8078074566714197	1.2046322698432574	2988.763455650888	3.5787077022635616	0.47537021529240003	active
12.638310575607653	0.17974529922672033	-0.17974529922672033	0.46080487533144093	10.6	419.86800000000017	1.0333333333333334	2.734413171327595	1.504015373723415	1207.9157191350903	-3.6399999999999992	7650423.203135486	4.668650022814679	83.64344263328059	22.984934312523453	73.34	5.0	4.0	5.265300000000003	0.24740752625299506	0.9206277632556314	0.00022318607125192529	7.558237194119796	0.7396802877770278	1.164059943036294	6278.632908437669	4.640249675525915	0.2779213436621201	active
14.190909651816037	0.07758188460569349	-2.4050805840342697	0.4986439499850277	24.473684210526315	540.9980000000003	1.1578947368421053	3.4944642437352393	1.322377975273065	1400.2763031889676	-3.299999999999999	646453422.6748606	4.371475836416391	65.44434142789574	71.34843502675693	74.77	5.0	6.0	4.487500000000003	0.22871603509222949	0.9089764282579846	0.0002565230281145854	8.858039421069076	0.9788156275364314	1.5100281041109531	8959.797860999824	4.501929677963308	0.4289450164875634	active
14.19762223216498	0.016843584656084376	-1.1720153848576467	0.5674398602977031	24.054054054054053	519.0010000000002	1.1081081081081081	3.5088410621336434	1.3534644315441398	1423.0624761594877	-3.6499999999999986	422787221.11714995	3.996381979856693	65.44434142789574	64.28541360533667	91.84	5.0	6.0	3.768900000000002	0.1839443420686865	0.8843920457578556	0.0001437061052696545	8.172467918904097	0.6944343772674447	1.0757441429963421	7189.649445852766	4.642848836252231	0.2367842161764989	active
5.031635802469135	3.0	-3.0	0.6708982130246257	15.2	298.03	1.2	0.7219280948873623	3.0237157840738176	23.11941547876375	1.1883116883116884	3.6096404744368114	37.34967810713577	0.0	0.0	52.04	2.0	0.0	0.19530000000000025	0.05857218067656775	0.7532673390884187	0.0034297579026091106	1.9731170922997512	0.8019806780951172	0.6875454457611259	285.1195206264987	1.21123155349652	0.5890695021012312	active
12.342627068297208	0.017975595691560153	-0.07185073713538248	0.7251687128183509	18.214285714285715	429.3480000000004	1.0	2.7330131503576736	1.5648115170597154	689.7563531288243	-1.54	2376978.0612342786	5.732520924712257	34.34863750252015	85.00032924371264	65.12	4.0	3.0	1.7648000000000001	0.22647350493401713	0.9100658244237153	0.00021716646131934847	5.782975661012021	0.7170444912333718	1.1466250008994192	5712.324976199502	4.446898215391259	0.30235279740204796	active
12.98667224103191	0.27371089485176725	-4.396590632240693	0.6633759906111628	15.0	400.3800000000001	0.9310344827586207	2.719981071288863	1.522425267588747	1115.8446828641265	-3.2899999999999987	3778042.8280959455	3.82652773274291	76.07801067867231	36.98611508385228	54.720000000000006	3.0	4.0	3.1384000000000016	0.4574443550502116	0.972258648747133	0.0005956565724676362	7.513203028078676	0.9055853853881769	0.9240393636851373	5885.9576346544745	4.1672368835453755	0.2546302018658638	active
13.548185862307886	0.022959710635350294	-0.988065686151004	0.4473048901326476	11.86111111111111	486.5910000000001	1.1111111111111112	2.855396307999514	1.9420594513264047	1214.5167283352855	-4.049999999999999	76421781.10095806	6.984182641776126	95.56493314397915	23.343094385562793	86.09	4.0	3.0	5.255180000000005	0.2918558946794222	0.9364089906094362	0.00029555373239401815	7.25494055651265	0.9230386901811111	1.385441405266025	8214.988464956885	4.560231329171782	0.37010749369147233	active
12.225926765768033	0.06176292597694144	-1.2571343214039408	0.7910767705825591	10.541666666666666	339.7580000000001	1.125	2.541675095213167	1.8401371165255203	940.4501204519348	-2.92	282896.0631225111	3.5222790556463153	71.00779291959275	16.860463538250563	82.12	4.0	3.0	2.4329	0.5716250187171894	0.9851261293053951	0.0008137742591268647	6.906831389792869	0.9087286168390475	0.8902861742676572	5905.523570562399	4.460694979377123	0.1950359601226028	active
13.58344725893495	0.04474366516366168	-0.9188274754346184	0.4629230157315413	12.242424242424242	466.60700000000026	1.1818181818181819	3.3479020052387445	2.051633077239168	1031.7738018885016	-3.13	26450086.40078068	6.224079797681468	78.26952302666785	40.3356956967682	88.33	6.0	3.0	4.624500000000004	0.08674039063693216	0.8029552857077588	0.00020226718893230373	6.503820675786749	0.782104177654082	1.424596628072537	5073.7480785636835	4.065936089371888	0.5220884436230145	active
13.540645904195014	0.027301635453691908	-0.8681604308390025	0.6340188440515797	14.67741935483871	417.5090000000001	1.096774193548387	3.388721307029951	1.8013612381605546	1033.8760882883234	-3.4099999999999997	13840974.6357445	4.6836927624516065	84.07493708882653	22.84017880879818	75.44	4.0	4.0	4.638800000000003	0.04270055773025156	0.7116920816333898	0.00022478250858315622	5.881582837296936	0.8153232370766245	1.6656418600892315	4209.747236347182	3.9457273447376062	0.6823627763839015	active
13.63173044217687	0.24348852040816293	-3.656476106231698	0.6432699221121291	18.466666666666665	444.92000000000024	1.2666666666666666	2.7168307965700205	1.7909229269975353	1226.6535073432062	-2.679999999999999	5489503.333332741	3.982782132931987	70.16643629234783	38.716362788564545	99.46000000000001	5.0	4.0	3.8805000000000023	0.15811437213577492	0.8528390477517259	0.00018695758252408742	7.780478895788894	0.6426901856898324	0.933559444991693	4231.020311403842	4.002036770787098	0.28821042683857817	active
12.808158068783069	0.06103308453010858	-3.3770486423449078	0.7463723953650331	18.68	375.83700000000005	1.28	2.974087610544705	1.7037311764810033	1091.4660697775962	-2.3799999999999986	670100.6017946592	2.789653761731297	59.37797435943413	29.69191002234389	80.54	5.0	4.0	2.8874000000000013	0.3636615500726447	0.9563555427745346	0.0004945281407916794	6.735580600255685	0.8416976782662317	1.0468644095083537	4902.671646180337	4.06640783820268	0.29595409396632666	active
12.75486079617032	0.053948832619467924	-3.571283882380112	0.4257674637299635	18.689655172413794	414.39500000000015	0.7241379310344828	2.656890777317234	1.9441514993330422	1076.5433035258095	-3.6599999999999993	2193954.128277479	4.793585621745115	91.03268512875655	35.553371241822795	137.49	7.0	3.0	2.967500000000001	0.7551564294984976	0.9959316436530731	0.0010091806969733078	8.784293010467668	0.9661224480144243	0.9539569998532661	10263.915941331252	5.133984039622772	0.17040809328268008	active
11.742638311497437	0.19686191347266413	-1.6778229357756766	0.42063059149991666	12.0	355.27800000000013	0.9230769230769231	2.582012630088	2.0467402262209844	856.2647524998478	-3.68	440411.3123014801	4.9058123190888026	53.60112550099753	18.042576963652003	158.67000000000002	8.0	2.0	-2.101399999999998	0.368606300655842	0.9572040777933848	0.0004212706060666897	8.613388429752067	0.8076034105779599	0.9924078729562248	5349.533117898169	4.421409204411771	0.2275697291279865	active
13.70946908856135	0.020657117019852622	-0.9433040438397582	0.5935588326642439	15.5	462.55000000000024	1.1176470588235294	3.3779561085994754	1.7700108426514083	1086.0891152554132	-3.52	59297668.4290122	5.337029527481677	78.26952302666785	41.03792125877123	97.56	6.0	4.0	4.050400000000002	0.2372018101984396	0.9182719855345204	0.0002311388624028517	6.573491184875222	0.7760292401166936	1.198711849475229	6580.253624791238	4.461858448649269	0.24746997433029783	active
13.674103283964845	0.08699976145187205	-1.0529834866045185	0.34970805030331	12.222222222222221	506.6030000000002	1.1388888888888888	3.5502445797765505	1.6917182253393745	1316.3095087182805	-3.849999999999999	142845042.13285688	5.854701230454387	100.9661486951868	28.327072906510004	88.33	6.0	4.0	5.3147000000000055	0.16058300442821713	0.8777383639904507	0.0002197772637855339	8.076344083585697	0.7821664779181806	1.2473843275722332	5809.690472653463	4.0715311084053045	0.32814770370902063	active
12.696674387259026	0.04057669801672348	-4.45663198317881	0.37351388858655893	11.375	456.8550000000001	1.0	2.7310961877497792	1.4799196394584995	1271.2212744279664	-3.6499999999999995	14112972.323351238	5.148369424350245	89.33737062812907	15.875136771245923	66.91	4.0	4.0	6.226800000000003	0.2499800257632659	0.9112355854215457	0.0001475567731797988	9.458619561132862	0.6416514419999945	0.8626271640642487	6774.272177357319	4.871119792605485	0.14032974923655447	active
13.312218745943944	0.06668143171157559	-0.08646384479717772	0.4782601561682982	13.290322580645162	431.5210000000002	1.096774193548387	3.378648342147364	1.3787548504412854	1212.4991122848364	-3.519999999999999	23753303.3630063	4.3382766439909295	70.92088064878332	26.8082292978041	80.12	6.0	5.0	4.074700000000003	0.3305330111674468	0.9487479392035348	0.0003099079557858554	6.996245445419392	0.849034662049851	1.2884842000376049	7360.115259224648	4.663365401614127	0.24173467661956144	active
13.715151801461325	0.07498857764843514	-1.0272561046023354	0.5007763821115033	18.0	490.56000000000034	1.1388888888888888	3.3850615393646093	1.7077957997704338	1197.220834467303	-4.01	99706743.91755374	5.295422380244173	78.26952302666785	40.903260158974774	114.63	7.0	4.0	3.823000000000002	0.43429241996759466	0.9680766623725058	0.00037765396899660386	7.273849627486576	0.9455511500610506	1.3088917869771175	9444.975805675145	4.7286081767948	0.26292191860759606	active
13.067552560407899	0.07962817302847047	-3.4852395881889016	0.5896836741077904	14.75	455.5640000000002	1.15625	3.154406242142406	1.4512595603079386	1229.4469408727928	-3.27	15606298.706749868	4.960135055262494	53.01106884168329	67.66947912273501	112.5	6.0	4.0	3.3104000000000013	0.38737783230058404	0.9609358701499995	0.0003189496976501884	6.404944390936263	0.8104345764050165	0.9996426144144815	7440.342971514751	4.585961728962271	0.20735372326368373	active
12.759968820861678	0.1350925925925921	-0.6971116780045354	0.8076505188603901	28.761904761904763	287.36300000000006	1.3333333333333333	2.593125822527733	1.8681347871464278	612.1932582477714	-1.91	39304.00809205285	2.025074947200138	24.02350570338476	22.46119801502013	62.300000000000004	3.0	3.0	2.641120000000001	0.49674823840582516	0.9768753946036063	0.0013758133946431823	3.526348340207751	0.9511122280069957	1.0309075421680884	3075.227034160998	3.4899031716267466	0.2824464025231147	active
5.4034328021331985	0.7631715656877994	0.7631715656877994	0.4894539391432046	20.88888888888889	324.51800000000014	0.7222222222222222	2.45954581445281	1.6910503887867865	274.25280481359914	0.3999999999999999	17039.733402529066	4.4997732426303845	0.0	71.04744111452086	24.94	6.0	2.0	1.6019999999999999	0.377495010859007	0.9591614910632814	0.0008098471385022213	4.44538925596093	0.8549563314312519	0.9052615581979929	3190.911485858478	3.506195405171165	0.24691414186000854	active
13.531538643235072	0.18586238662131516	-0.9508855741370623	0.6597199116132975	18.392857142857142	417.2920000000002	1.25	2.696821329761139	1.786570743095716	1051.7501839338468	-2.339999999999999	2742257.375524955	3.1954167734099785	64.40060767317546	31.214719720602083	60.45	4.0	4.0	4.847000000000004	0.15362793512416625	0.8740311906824363	0.00032107132006274793	7.16726277901313	0.8449485557265041	1.084569812947657	4576.559391231235	3.889319368518635	0.39770399781150956	active
12.85880716175359	0.3047650728233344	-0.9155231166540696	0.6979165084224059	11.807692307692308	388.25400000000013	1.0384615384615385	2.6202601617283787	1.943441646952432	986.1851059663891	-2.6299999999999986	721499.116572556	3.9516621818749162	70.46697474163707	16.79833797965022	71.09	3.0	3.0	4.357500000000003	0.23617374052692852	0.9175993590366593	0.00033082016897584846	7.17584718919968	0.7694199562865173	1.1316348147522917	4501.84647812363	4.040757016838977	0.31374716292294796	active
12.532483369376557	0.08668963109935324	-3.6297639125094476	0.7507084360202132	17.45	321.78600000000006	1.3	2.776039195579703	2.1602498436358832	585.6844661231729	-1.1199999999999999	31669.055143173253	2.6764746798067214	11.454175413722904	60.74579476157324	83.72	5.0	2.0	0.3631399999999998	0.37801375576289015	0.9586332786996449	0.0009724182258350198	4.688480889475508	0.9076368888321988	0.9621799891042399	2976.2476947151813	3.342165874848165	0.3849313750183121	active
13.658655675233057	0.27697890421600735	-0.4436205343188855	0.44333487921237225	10.774193548387096	431.8990000000001	1.0	2.7839102464390066	1.738740065927355	1299.1928359511849	-3.5699999999999985	12448761.33861687	4.620322861173494	105.3661122662601	19.561733676541614	60.71	3.0	4.0	4.708700000000005	0.25788095913906367	0.9250108384071036	0.0004073373160222538	7.534287659147393	0.9185271728539367	1.3108015579073158	5451.4744524471835	3.9739656579059544	0.4650311791954671	active
13.555105780738222	0.05175379594751939	-0.9500122826908546	0.6395295339506085	14.96875	434.49600000000015	1.15625	3.289303895847652	1.7901023742944426	1055.6384863328076	-3.52	16041224.610407496	4.5483000835178595	78.26952302666785	41.03792125877123	97.56	6.0	4.0	3.2702000000000018	0.26295061511462986	0.922899495891066	0.00038828566067210767	6.509384460493112	0.9852898639879616	1.3689012402332776	6493.364407236011	4.239840031322825	0.3914641984477433	active
12.728113607472373	0.23205266044281214	-0.47324824700542734	0.5490094599460398	13.1	407.4460000000002	1.0666666666666667	3.587886875227385	1.3956455303958435	1104.1889284345868	-3.4799999999999995	13862217.137318527	4.563346078010774	64.4481921185137	32.77549760556745	87.96000000000001	5.0	4.0	2.7634000000000007	0.3206670260524563	0.9450490524308973	0.0004685652017526076	6.261601502115176	0.9142905426376166	1.356235480111596	5456.894412877684	4.051564833409671	0.43027036384736805	active
13.41800028344671	0.03224546132434636	-0.4307237339380203	0.6813087971694856	21.3	420.90000000000015	1.2	3.188789922293678	1.4843992775492973	1143.7562013922043	-2.959999999999999	12512416.245130029	3.4209142334965774	71.00779291959275	40.829601351473805	74.33000000000001	4.0	5.0	3.3146000000000013	0.1753718835453984	0.8769687256818207	0.00020911446439136018	6.770396000002362	0.6844105822941778	1.0592798529120133	4661.364653386875	4.185221636927614	0.2938362170454115	active
13.645668356848912	0.09028372837320808	-1.4685382810531626	0.5080996823451887	17.666666666666668	485.3710000000002	1.121212121212121	2.8096746230860794	1.6796195191753698	1234.1113612748259	-3.1599999999999984	25583660.860987682	4.792704298797189	70.46697474163707	29.250274114914298	100.19000000000001	4.0	4.0	4.037900000000003	0.18557769122308815	0.8944306488858644	0.00025168859400575893	8.252669227794033	0.8199905065483669	1.4343946757134327	5973.7333396354825	4.124879260742999	0.5143801646048859	active
13.455682594797176	0.012686366213151556	-3.7319181649996502	0.5927219986950237	19.454545454545453	480.97700000000026	1.2424242424242424	3.5737157916225963	1.4783523723477914	1407.4716961127083	-2.9899999999999993	49711587.4299763	4.197182678412694	71.00779291959275	35.911781238583245	103.16000000000001	5.0	5.0	4.059680000000003	0.19491036246790658	0.8819787335102588	0.00014436326730103027	8.345995825121584	0.6440538592353217	1.010814782879947	6096.775171419071	4.562493402118758	0.209401902192387	active
11.790501821711235	0.06967051944234548	0.06967051944234548	0.7839318773835056	22.043478260869566	334.8910000000003	1.0434782608695652	2.6359178840882076	1.7254896140213078	493.35089358512	-1.06	270761.4850535407	4.073920469176454	35.89528683400505	47.76602825967309	23.550000000000004	2.0	3.0	3.6910000000000025	0.24515731115254627	0.9222402060280096	0.0005097846712182914	3.707422631211667	0.8119592992668399	1.1148400013361148	3345.0327079994	3.677368294220017	0.37966101461987734	active
10.646602478616472	0.07864387418773999	-0.5230691638551836	0.4960376275115005	11.625	362.43600000000004	1.2083333333333333	3.164227149564621	1.7600509190445797	865.4790641039413	-2.2600000000000002	320156.50299294834	3.623504158191281	46.140081605922084	20.104653186366953	94.95	8.0	3.0	4.550000000000003	0.4332153645396127	0.968698526375796	0.00045548107946173297	6.56558233909585	0.804854688101756	0.654300729163067	5729.181947900217	4.490155797629063	0.12060922976481998	active
13.398926760519021	0.3065402179390271	-1.2088147203325774	0.7141839072571545	18.25	398.8460000000001	1.2142857142857142	2.727327038621525	1.7641304695761757	1055.75507143601	-2.829999999999999	2898488.6289113346	3.0435501275880514	59.377974359434134	31.717635297366698	69.68	5.0	4.0	4.159700000000003	0.38244430421064607	0.9593214557664428	0.0004234663551247321	6.6085284481333995	0.7714159091951479	0.6432591551097935	4977.6312839559905	4.075879416200702	0.128638277851563	active
12.413160279658747	0.07577475434618308	-3.8730798078401336	0.7386563898795472	12.037037037037036	436.3170000000001	1.2592592592592593	2.9790695605283632	1.9631483939932124	922.3772311397967	-1.8399999999999992	589977.9148365976	6.674753590730531	39.69854324659038	36.854207888765686	111.39	7.0	2.0	3.4175000000000013	0.16947000830644918	0.8847073804411353	0.0003030606082005238	7.201063326850461	0.8148831880533606	1.3608351094436912	4700.4399233826725	3.883032341295278	0.528487984212731	active
12.79874716553288	0.1616646589191233	-1.38087962962963	0.3039650931703881	15.379310344827585	645.8790000000001	0.7931034482758621	3.0020470201468092	1.9884161851692688	1190.849461122087	-1.5499999999999994	4757764.199409469	2.44304409897558	76.5428864408873	5.969305287951849	81.65	5.0	5.0	5.451800000000001	0.2458685052818595	0.9123666794342269	0.00014406932463991823	13.69273040511514	0.6611820953070057	0.8224733773008612	7412.256344359938	4.239040732976901	0.2978751764406104	active
11.933892668178384	0.12706790123456768	-0.12706790123456768	0.9049825268827963	10.210526315789474	275.739	1.4210526315789473	2.347416765088779	2.0750089231847304	613.3901139421383	-2.0699999999999994	18683.090033341592	3.450679112159355	52.8086917142079	10.891158250298714	68.00999999999999	3.0	2.0	2.806820000000001	0.5544206111417534	0.9833778482993105	0.0013551204525242913	4.213962559423512	0.9357833299307465	0.7887551817273519	3558.986648508865	3.821274147164445	0.23406177308592002	active
13.701577891863561	0.07069350515305595	-1.0362072205425383	0.35688778192605186	12.108108108108109	500.5740000000002	1.054054054054054	3.420894717388939	1.6941281527867826	1333.8466117702842	-4.329999999999999	221547596.15236405	6.272233905103906	113.58839120292828	28.49975764268824	88.33	5.0	4.0	5.253200000000004	0.33443110333922516	0.9480790838223487	0.00031787691208093246	7.835009715320534	0.9317069393891226	1.480291662157381	8586.678636912413	4.55082481821186	0.35208496052935506	active
12.134466647770218	0.11535210380448446	-0.11535210380448446	0.8051952011122818	10.523809523809524	297.745	1.1428571428571428	2.4739761554776227	1.8039060510745435	798.8888977295804	-2.46	80913.86414105113	3.17244814374422	65.70529443419868	15.875136771245923	54.88	3.0	3.0	3.4644000000000013	0.37005033840777873	0.9576863802521914	0.0008172210561195993	5.386836704973577	0.8401091622625737	0.7614313325824217	3000.683880140858	3.572588357118798	0.23031303341715267	active
12.937834939531369	0.1652387251196772	-0.5058008944318473	0.7147571776870005	12.36	374.2710000000001	1.08	2.580902252739519	1.9429725148649866	922.1911975109322	-2.139999999999999	445432.75799580815	3.7641182415140686	70.46697474163707	29.88641194650357	45.230000000000004	3.0	3.0	4.783000000000003	0.38335085712738665	0.9597790244399006	0.0005622546523793748	6.234162138988994	0.9037138985749851	1.1901796923140273	5173.673439129276	4.087417717426878	0.37275314870783943	active
13.160527762030737	0.03327711640211595	-0.03327711640211595	0.5555817567057061	10.851851851851851	377.47300000000007	1.1481481481481481	3.363874798401199	1.6278885041076185	1039.8822405110207	-3.189999999999999	3021916.741894927	3.679952908346501	70.92088064878332	27.948721551129786	63.050000000000004	6.0	4.0	3.7679000000000027	0.25620567881444367	0.9250319246753664	0.0003253322003231988	5.903225623084368	0.7600827226256672	0.9999722035930472	4674.525381924537	4.175268818245064	0.22252532491909097	active
13.713481981157171	0.05139853381008064	-0.9532416855631147	0.3796037574101647	12.085714285714285	467.56900000000013	0.9428571428571428	3.4129982570995367	1.7614165489781008	1246.2969544515959	-4.1899999999999995	98540959.40653165	5.662216415579663	119.97022392283161	16.79833797965022	75.44	4.0	4.0	5.676600000000005	0.2414677589599827	0.9190272670250695	0.0003103822141950075	6.939977518164895	0.9095132890291788	1.3943567804828403	6761.005657597899	4.27934122517888	0.3781581847855401	active
13.80073609536407	0.318310344390792	-0.7037152448087693	0.44015358727106774	15.125	450.8780000000001	1.15625	2.8185920139557883	1.8243624467392419	1234.7916023637233	-3.7099999999999986	19515384.29777917	4.1977643356499685	77.59638164156351	36.48432277339252	85.80000000000001	6.0	4.0	4.043300000000003	0.3019546612262122	0.939549352217692	0.00035339780153370446	8.33060893032383	0.9211256731211206	1.270496744173068	7011.69527187003	4.371208898076112	0.3727550831460287	active
14.11490930423685	0.06515498096241035	-0.9125581319534244	0.29805748540248883	16.5	532.0440000000002	1.1578947368421053	2.9368598574210596	1.4092901880057547	1426.4271388816057	-3.719999999999999	475282509.4424214	5.288503401360544	89.33737062812904	54.33261288961481	99.61	7.0	5.0	4.1605000000000025	0.38705251362628723	0.9609878600317302	0.00024603868336593596	8.143674816368316	0.8625341247851174	1.0938360897015134	10932.307498412829	5.04774087369765	0.19745887501585743	active
12.76195885298564	0.09798752834467073	-0.6392644557823131	0.8486678616637625	32.04761904761905	285.34700000000004	1.2857142857142858	2.602836560130822	1.5729962817511263	617.7030332520983	-1.91	56788.68806893428	1.7260045656908842	24.02350570338476	22.46119801502013	62.300000000000004	3.0	4.0	2.3951200000000004	0.5827777877999003	0.9856252908779585	0.001637283458840521	3.7000771499159453	0.9696359390504301	0.9006470142423504	3398.95451779224	3.6243458171629808	0.22894370773890738	active
11.925648148148149	0.4770842781557063	-1.3740843621399172	0.5404789954485705	10.4	272.168	0.7	2.4087858801044497	2.550693529851314	683.1012389547411	-3.0900000000000003	25003.197435484188	2.007355695551551	35.392371257240434	5.783244946364939	155.43	7.0	2.0	-2.6408000000000005	0.5532617906047004	0.9835405081929277	0.0014126087859514156	8.916598505441431	0.8701511115269557	0.452974718643367	2966.461439420469	3.5838865725173696	0.0771876633010509	active
13.466678307546363	0.059824106125165644	-1.0212018665490892	0.5285638164691997	20.305555555555557	506.99000000000035	1.0	3.5994758210857336	1.329275440320441	1288.263610201647	-3.4899999999999993	253357355.6657013	5.195735934087859	71.51070849635735	52.90287302717395	100.63	5.0	5.0	3.854200000000003	0.22155056709534476	0.9039449447344544	0.00013917198594696925	8.002571265480986	0.682650167535695	1.077969238237217	7829.919041657455	4.885812979459511	0.19987748524554852	active
13.268079394823772	0.009125015747039722	-3.8681014712983965	0.7066232961001845	21.724137931034484	441.9810000000003	1.103448275862069	2.7336686868212383	1.8495546923177533	837.7872126690796	-1.6400000000000001	2992995.4331278484	5.103966449764442	29.828919765543436	67.03523648618264	86.79	4.0	3.0	1.884219999999999	0.22234814105820916	0.912865034902157	0.0003074322948632477	5.778147441396334	0.8335070344446531	1.2871146028228762	5535.16608713539	4.103829201083726	0.33670214304976154	active
12.759733902332831	0.1300275345840458	-1.7963113392342158	0.12727587476761287	32.5	620.5600000000004	0.8409090909090909	2.9934931942030234	1.5219036978486047	1301.5247605549514	-3.5100000000000002	3384188757.880387	7.76086036928261	53.60112550099753	106.12749075183807	256.61	15.0	4.0	-3.543899999999995	0.18150826009716076	0.8563805743780517	7.005253908961195e-05	11.080087587956507	0.5945869675538827	1.1241030813799633	9773.875221651166	5.287567795228568	0.2206345084160275	active
12.698852513227514	0.06372637944066484	-0.06372637944066484	0.7420416387709315	14.91304347826087	326.767	1.2608695652173914	3.1492135390957454	1.5902589756632735	877.5429155855536	-2.6	377395.4520981559	2.5073184891742364	53.31160729097253	34.10319738426195	63.43000000000001	3.0	4.0	2.6826000000000008	0.4334902386691498	0.9678930287285038	0.0008153996442272255	5.79469870788552	0.9479178457532282	1.1096275850154236	4383.999217986038	3.9450824421804698	0.3552660363628074	active
12.99886585916889	0.10360596707818903	-0.3781090106623586	0.7007636587867094	15.222222222222221	380.85500000000013	1.0	2.6722105074636127	1.4698709009258317	1038.7762086746477	-2.629999999999999	1832238.5453895305	3.891370739019365	81.10064399241364	41.88602481470276	54.720000000000006	3.0	4.0	2.768600000000001	0.28415913695334416	0.9354076931047508	0.0004578073441842771	6.1901156379272795	0.8765908373645674	1.2162472883777706	4747.166552524539	3.9819163452011437	0.400078222699778	active
12.541710758377423	0.07437630402259532	-0.1265586419753082	0.6663455099659954	15.88888888888889	379.8470000000001	1.1851851851851851	2.6001525417296776	1.4715895705136224	1021.6153852722707	-2.9199999999999995	1283331.2884960996	4.089294394145088	71.00779291959275	22.84017880879818	71.09	3.0	4.0	3.5004000000000017	0.23491892395685027	0.9182165482396782	0.00035114469403207905	6.311902428808415	0.8195858963988122	1.164536145299179	4829.712815052535	4.145682904641461	0.3762070229468376	active
13.451855434303349	0.09303925736961505	-3.4973348316663153	0.5938340896710826	20.0	469.99400000000026	1.21875	3.483408888928425	1.4803346035209972	1315.8189105887063	-2.4799999999999995	27062701.193533823	4.12250091246193	71.00779291959275	35.911781238583245	79.37	4.0	5.0	4.556000000000004	0.1829398331703738	0.866012853613037	0.0001538291490004652	7.257342855650618	0.6174388056946544	1.0354944567797597	4956.331208037163	4.25235690433533	0.2297900874549646	active
11.459166666666667	0.015462962962963234	-1.2822222222222222	0.5315318380831734	10.5	216.14799999999997	0.875	2.369833188044773	3.1361171062761564	633.278820392749	-2.43	4220.67290790774	1.2969826598689291	34.4887958498188	0.0	109.31	5.0	2.0	-1.5056000000000007	0.34105843721173396	0.9470877981052519	0.001383451331670929	6.217654641260463	0.6967177305675684	0.23843624286580672	1093.148479785802	2.7061259797373576	0.04604588694970904	active
11.629585050324588	0.0030040089446659035	0.0030040089446659035	0.8140940654010786	15.565217391304348	327.815	1.173913043478261	2.6114755348183776	1.774819497644762	760.4410162392695	-2.0899999999999994	229694.94214048522	3.4685295807818535	47.52510539416365	47.7660282596731	47.34	3.0	3.0	2.594480000000001	0.0552792885283276	0.742190122858061	0.000575953008464593	4.95264949901355	0.9505950005214217	1.2132395360495576	2341.0271532167285	3.137557551210693	0.6017887777948768	active
13.249494240227467	0.00039892500209992576	0.00039892500209992576	0.45652051107550523	11.166666666666666	399.4980000000001	1.0	3.1749010590950877	1.5806133916925962	1119.2772758117574	-3.5399999999999983	10278551.6847568	4.376760051233308	73.05735782784227	32.42978449531238	63.910000000000004	5.0	4.0	4.572600000000003	0.3374158146984345	0.9498329169528077	0.0003002768984954232	5.782975661012021	0.7806561362008893	0.971761242046499	6489.175356092263	4.6668099726007615	0.1718372915558289	active
13.787498562929589	0.03760139517324501	-1.4775820036845473	0.30520176323481907	12.605263157894736	546.4180000000002	0.9736842105263158	3.456907805296998	1.419007954794498	1619.6465760105432	-4.339999999999999	518674253.5199245	5.199032564188514	106.62321458194506	37.00559291440618	114.69000000000001	7.0	5.0	4.730100000000003	0.1181434642448387	0.8417078952044937	0.00017168708179918796	10.43427684010988	0.9015353255999276	1.5780581405707226	8767.744319074727	4.661231031023712	0.48421952227475445	active
12.714158084530109	0.12913619614512495	-0.4479136023251631	0.35767673057220006	10.612903225806452	448.56900000000024	1.0	3.4244236073698313	1.5241967041671176	1184.0318976184558	-3.289999999999999	18604646.900340565	5.071075590198469	83.3674800100891	23.46734550276348	68.28999999999999	6.0	4.0	5.896500000000004	0.5819939927387989	0.9856576229159617	0.0005535753881588231	7.687711565771956	0.9602087617509478	1.1979235239377712	9869.423925453872	4.938758837935642	0.22912960237708613	active
14.333266809248952	0.024752220332577846	-1.1487590151801466	0.48347647245284253	24.615384615384617	549.0710000000003	1.1282051282051282	3.3908735951809232	1.3448335727070908	1393.1398516652598	-3.1999999999999993	1166603618.3897014	4.74789383978573	65.44434142789574	76.63639964125137	95.0	6.0	6.0	3.9949000000000034	0.20233916839543384	0.9032771881649482	0.00017712093699273916	7.960288188247735	0.8098761347322059	1.126640245465182	8630.815323913299	4.661309807097781	0.2664826478762086	active
13.195450890232635	0.18079251350746017	-0.4290125369860214	0.680802633851707	14.357142857142858	396.8540000000001	1.0714285714285714	2.7181398304427247	1.6019478331835468	1087.6911366943075	-2.9899999999999993	2921260.9836920486	3.4296880620623105	69.47082543225503	44.09591262512981	63.95000000000001	4.0	4.0	2.781600000000001	0.3550589883629342	0.9544846191100161	0.0004590980185063415	6.52405343520397	0.8290509513308749	0.9123293273708191	5019.515577935315	4.028333478655729	0.21598688418521114	active
12.670476662887376	0.12113914084152144	-0.37252928949357567	0.7747547433722919	15.956521739130435	324.767	1.173913043478261	3.0070018378566368	1.6567737113968188	905.1671033766322	-2.589999999999999	365561.2134282313	2.4098686381511922	65.44434142789574	17.49804021481163	51.22	3.0	4.0	4.002900000000002	0.45268277174507854	0.9707467356033782	0.0009382171170560494	5.8003301990867975	0.9552467526433445	0.7073490786128819	4050.6545941466416	3.7857855483058316	0.19544066122774859	active
12.706584939531368	0.1999609473418995	-0.5567268203577733	0.7232783084978672	12.125	360.24400000000014	1.0833333333333333	2.5887248770457307	1.900281520977484	893.0711978800794	-2.139999999999999	321276.28959063743	3.358880245514848	70.46697474163707	17.938830232975903	54.02	3.0	3.0	4.440800000000003	0.5308096716075545	0.981287114292633	0.0007716374522651133	6.299022697575709	0.896811866664281	0.9570013969907618	5413.090699202918	4.183747454181677	0.27218408776505243	active
11.537189461187547	0.01523428731762122	0.01523428731762122	0.7768576270304616	16.238095238095237	331.24300000000005	1.1904761904761905	2.4675613625308874	1.9240883989288224	488.56200335679296	-0.8100000000000002	54631.80856643385	4.8509693041509445	34.34863750252015	54.875825800950636	32.78	3.0	2.0	2.3694000000000006	0.4459629071953301	0.9708345194141278	0.0007459284386482424	4.382305849272562	0.8758233161238858	0.8207569640394828	4289.198957833589	3.954627579986508	0.22252481666809729	active
12.969158696914981	0.0011049697656839719	-3.8694656373351806	0.7216375748691334	18.25925925925926	428.92300000000006	1.2962962962962963	3.2308721821669026	1.8887765150456004	905.7661966272145	-2.01	1623694.20038107	4.291815775970944	41.22243738639134	65.97737417798189	99.68	6.0	3.0	1.2220999999999997	0.2078970178112579	0.9041642601486465	0.0002909345487081352	7.43222464538506	0.757144999444546	1.1836398162937243	4612.611367523064	3.9385681020541883	0.3441243337230414	active
13.69032789186356	0.0012490607086115268	-1.042318331653649	0.35688778192605186	12.108108108108109	500.5740000000002	1.027027027027027	3.420894717388939	1.6941281527867826	1333.8466117702842	-4.329999999999999	221547596.15236405	6.272233905103906	113.9156636332572	28.327072906510004	88.33	5.0	4.0	5.253200000000005	0.3059024073356984	0.9379509266224868	0.0003124270467014893	7.835009715320534	0.9799223074491717	1.528399808983409	8863.303628802552	4.584818432916546	0.39140598763845624	active
12.197958711262281	0.02893235071806477	-0.02893235071806477	0.7917502253513193	10.523809523809524	276.33900000000006	1.0952380952380953	2.4739761554776227	1.8039060510745435	790.5851352057823	-2.6799999999999993	80913.86414105113	3.081582070290516	72.05152667431302	10.891158250298714	41.99	2.0	3.0	3.724420000000002	0.5659288075303881	0.9843084314526995	0.0014355051757630442	4.166098798734694	0.951703523144954	1.040722125055842	3575.697932298372	3.8036069244799733	0.2531485144579953	active
13.328008347839695	0.035984115604634104	-1.0155340870916272	0.4918407005992065	15.212121212121213	464.9530000000002	1.0	2.7578626847321868	1.5444933665001352	1189.7453980021949	-3.4499999999999984	20812668.555537112	5.312256650395517	71.51070849635735	28.747358538149683	100.19000000000001	4.0	4.0	3.9890000000000025	0.3207498505592902	0.945798219982204	0.00022536742870947875	7.272421707109218	0.7859062429773823	1.0680716016783887	8439.071221611113	4.936869943791779	0.17404953553425156	active
13.837519220281216	0.25595348324515	-1.443633353804485	0.3959316856173517	16.72222222222222	523.4240000000002	1.1111111111111112	3.245793957389224	1.4701705866416317	1481.3283355809322	-3.4899999999999984	157233159.8538874	4.538833197885245	82.11578373763693	31.562801244043648	101.8	6.0	5.0	4.674220000000004	0.24026635335002364	0.9150539083823823	0.00015085982802957211	8.815754144364433	0.705086536109992	1.1565276597692067	8170.507489498681	4.831031382623235	0.23350036752567435	active
13.202290879314688	0.06828136810279628	-0.06828136810279628	0.5041285285680157	10.928571428571429	392.48800000000006	1.0714285714285714	3.3629756252922434	1.6280105211474925	1071.7402106328188	-3.26	4271530.572123697	3.7214673719513205	65.11546658662463	39.980372054754184	67.15	7.0	4.0	3.1872000000000016	0.25091252429884814	0.9188609451752936	0.00025685606983089543	6.1178143690977995	0.6988417421136336	0.9523838087723989	4818.713637979559	4.288214214929426	0.1825334741931788	active
12.556232993197279	0.05748456790123413	-0.25735544217687134	0.9227468239566763	16.761904761904763	302.761	1.4285714285714286	2.4853673622974095	1.8673762978306383	687.7272359089945	-2.0699999999999994	76345.51463505182	2.8537322338886435	52.80869171420791	17.49804021481163	51.22	3.0	3.0	3.5482200000000015	0.34829498124541625	0.9527102167646337	0.0006930511982002835	4.714077940461433	0.7991984181602116	0.8691771866573662	3032.7831019354317	3.630414139543381	0.2566341788727639	active
12.869725056689342	0.07304012345678967	-0.29080215419501165	0.8903816672757389	19.291666666666668	343.8140000000001	1.2916666666666667	3.3869920456809526	1.6255525177566659	804.8460367858763	-2.269999999999999	704839.8186902975	2.7987604073458567	46.7423246457463	17.49804021481163	77.24	4.0	4.0	3.6994000000000025	0.4508126698681004	0.9715912025788045	0.0007231258226685829	5.114374721534248	0.8624088595020558	0.9847432993376938	4345.879573008577	3.9221063841347124	0.27658919834075973	active
13.925633941108327	0.023087086941704138	-1.0184837700512308	0.2810680735732491	12.342105263157896	502.5740000000002	0.7631578947368421	3.5223558362317995	1.56420091681432	1473.2348279716362	-5.039999999999998	791267425.3896759	5.366637496404184	138.933193711284	21.782316500597428	88.33	5.0	5.0	6.002100000000006	0.08056613978570094	0.7938065872409967	0.00017083912959150002	8.493199110707835	0.7861710140219083	1.6100942156219669	5948.692283271165	4.245513837128731	0.5305686315191684	active
12.836646037265801	0.15299886621315162	-0.3079522515056423	0.7967767738732201	10.523809523809524	280.302	1.0476190476190477	2.499328818970411	1.78543950554549	778.9069169304881	-2.7499999999999996	83397.60403140467	3.0529013079667062	72.30529602366194	10.891158250298714	41.99	2.0	3.0	3.5551000000000013	0.4736106150091064	0.9747210380330866	0.0010440135883791723	4.911993329187631	0.8592632424735144	0.7989423697964202	3165.2923044547974	3.699370845301533	0.2131636483269041	active
13.46381835104463	0.212987685815067	-0.9268075501805673	0.45719403548368076	16.0	474.9520000000002	1.1470588235294117	3.2144386710002175	1.402741321044662	1379.6059386959719	-3.7799999999999985	75231564.8390209	4.492724842738513	83.15951749235722	31.562801244043648	101.8	6.0	5.0	3.846720000000003	0.34976569654003886	0.9533055082337863	0.00031047798389458644	7.880598038855167	0.8479074161117665	1.2177653674270656	7667.400417250774	4.523979688679252	0.2733849863214374	active
11.774399959057698	0.0024814197741960253	-0.24997826908541154	0.6720717798157029	10.761904761904763	283.327	1.1428571428571428	2.935470447542288	1.958053124975773	665.5985969920164	-2.6199999999999997	68596.07341816819	4.175000814457618	59.558168847049416	11.690424675716445	59.31	3.0	2.0	3.696500000000002	0.8425173808950295	0.9984290036908416	0.0027380888177931397	4.1948811594430655	0.9901458841531448	0.852222163298955	6390.2654208455	4.827502549308012	0.10690922649076444	active
13.842682980599646	0.1254003684807259	-1.0442447326152688	0.5996093552692155	17.5	452.9420000000003	1.1875	2.7720911131655037	1.7205027913271251	1161.6944196251811	-3.159999999999999	16291235.732775632	4.397256235827665	65.44434142789574	55.48998645219314	83.56000000000002	5.0	4.0	3.2250000000000014	0.26833630621484433	0.9304795921869279	0.00031682449395389303	6.918717201166178	0.861783477286391	1.2936732322133366	6398.656752295554	4.273453882092852	0.3419698314115469	active
13.320708144368858	0.16044666477702219	-0.8934241543839758	0.7422716063463868	18.846153846153847	367.83600000000007	1.2692307692307692	2.6743549722848217	1.763839332989991	986.45716682407	-2.629999999999999	1179572.3989157218	2.6941196555700846	65.44434142789574	24.042796620724207	77.24000000000001	4.0	4.0	3.5059000000000022	0.3015063632688159	0.9367518076827015	0.0006196025053956183	5.9403471164098445	0.9772789527002401	0.991157358599078	4404.157912068026	3.7757545065151965	0.37570106264164943	active
12.560823412698412	0.11622916141765316	-0.11622916141765316	0.5718119347736201	10.851851851851851	375.8390000000001	1.0740740740740742	3.142125963305332	1.5128877757666626	1087.2508195718535	-3.1799999999999993	2365945.4393457957	4.150319589841773	88.96493155451591	15.98984005859975	68.98	3.0	4.0	4.012400000000002	0.32462066805701395	0.9470900700620799	0.0003807000738901326	6.765185531648837	0.8032327513019976	1.05323680097626	5280.052504939534	4.310029736535057	0.233035385659244	active
13.304792296548248	0.03971371882086139	-0.03971371882086139	0.5074827262425278	10.827586206896552	385.47100000000006	0.8620689655172413	3.1548437389733515	1.6391337450901209	1103.0482169862782	-3.6699999999999995	6345122.682822851	4.10998413076397	84.42622338169795	34.99639353380698	54.260000000000005	5.0	4.0	3.7307000000000032	0.09468980649023286	0.8086795135021418	0.0002569702966342593	5.690846600246422	0.7483736570071393	1.4742418761233367	3705.036661803378	3.8736510156379316	0.4941562106348217	active
14.297140967498109	0.005304469009825619	-1.1653878495842789	0.36905081657109373	18.473684210526315	530.0280000000001	1.2105263157894737	3.6819608890133324	1.3848502597225925	1526.4393891746956	-3.909999999999999	840768699.6412876	4.492764383469222	83.66243306912183	43.89804867290013	89.35000000000001	6.0	6.0	4.862000000000004	0.17181298861135927	0.8850962195358133	0.00016757078787890692	8.292871802806095	0.7801441260238015	1.43873639941133	7804.003474405064	4.6032915260524305	0.3822605477016383	active
12.653091695011337	0.15409863945578195	-0.39446145124716625	0.8326255094180107	23.0	366.2590000000003	1.2727272727272727	2.778683541156829	1.7751680927740314	599.0537568638811	-1.43	130364.7170169138	2.8858261107345946	22.42985815075556	22.964113591784745	62.300000000000004	3.0	3.0	3.5477200000000018	0.45251296821221393	0.9716474193513347	0.0007497406904452188	4.347190206250961	0.8958363104676124	0.9068504956389151	4527.258748301606	3.8354414920760442	0.2750748613974178	active
12.472942176870749	0.03413099087371552	-4.155424382716048	0.6311273766618477	11.142857142857142	328.733	1.1904761904761905	2.4651448139370915	2.6793890319859295	789.7951269578506	-2.1899999999999995	43573.89973115203	2.955564039582369	51.53515399327656	25.43488409537135	99.39999999999999	6.0	2.0	2.4846000000000004	0.26235298088965625	0.9284314095390028	0.000639263302894852	7.188364949788324	0.8597462774412382	0.8022288358863192	3112.415028134412	3.505105388261312	0.2261874922382693	active
5.4676889607231836	0.6679287145585777	0.6679287145585777	0.5555951339156205	10.96	350.447	1.12	3.1946796354156173	1.6021435243351851	1003.8763109185566	-2.8599999999999994	1006349.6425930028	3.080492747152807	59.73540381615872	20.97553361266913	51.45	6.0	4.0	4.908520000000003	0.45261456931957117	0.9712855640652015	0.0006325823320839972	5.316518151272533	0.925944828439246	1.2564103400804338	5696.764250208608	4.358229836061936	0.2939183763056807	active
5.324333427815571	0.8312451184177375	0.8312451184177375	0.7672832252756947	18.0	252.36399999999995	1.25	2.7207893671341523	1.7778971173782279	446.544227692605	-0.6200000000000001	10534.896429543438	2.2218864668337543	24.26546827384644	35.59247125309443	25.36	5.0	3.0	2.6356	0.3769461690063308	0.9568455985611115	0.0017590589388325776	3.6844318224472077	0.9640632473499127	0.8294887032070213	1818.1923820846482	2.902545184171218	0.25374779411935133	active
13.646272321428572	0.023833897016617644	-0.9585279667422528	0.5689186092940517	16.735294117647058	462.55000000000024	1.2058823529411764	3.5520449990699245	1.737672440986536	1086.0891152554132	-3.52	63967613.31749058	5.337029527481677	78.26952302666785	41.03792125877123	97.56	6.0	4.0	4.050400000000002	0.24379836517856865	0.9206490550312724	0.0003099421935511421	6.573491184875222	0.8924851611178497	1.2536203301426443	6582.9604487456145	4.2663548966054625	0.3189927405120679	active
12.11104686318972	0.032993827160493705	-0.032993827160493705	0.9394232861340945	13.05	286.7620000000001	1.3	2.8768354939067122	1.7220390495903815	654.6751739533454	-1.87	60410.66853654705	2.8286310237296206	58.372143205904905	10.891158250298714	41.99	2.0	3.0	3.4049000000000014	0.5305951527517749	0.9809450716036463	0.0011995676234979231	4.310783684268483	0.9383476269005078	0.76234820162116	3778.008295073643	3.869294869959432	0.2188673002967482	active
14.055845222348196	0.046422023284622416	-1.147825076700662	0.475619530584149	15.567567567567568	504.5870000000004	1.1081081081081081	3.596274208351038	1.8250323241614583	1227.8367278811297	-4.01	221414087.03084803	5.400580504124222	78.26952302666785	40.40034458221016	114.63	7.0	4.0	4.357200000000003	0.19063398048807467	0.896883583043539	0.00023319300068989904	7.303326447369331	0.8604571390771872	1.2273704100986393	7178.913618302937	4.363175130903772	0.3308318965860388	active
13.69907789186356	0.012639828180277313	-1.0345405538758714	0.3830484398292008	12.108108108108109	498.5820000000002	1.054054054054054	3.420894717388939	1.6941281527867826	1332.991858798011	-4.329999999999999	221547596.15236405	6.272233905103906	113.78302478520524	28.327072906510004	89.29	4.0	4.0	4.617400000000004	0.3403037843235649	0.9474746179752057	0.0003319725353889946	7.835009715320534	0.9822283943162724	1.5473613478299324	9086.618630902083	4.621360754200358	0.4042458724730023	active
12.50908871882086	0.15470442806752294	-0.15470442806752294	0.6006343517126298	10.807692307692308	362.80000000000007	1.1538461538461537	3.160962512399325	1.5665823598586595	1073.1944545395645	-3.2499999999999996	1543681.3306303094	3.405673898750822	71.7716615026603	21.088521866900788	81.87	4.0	4.0	3.483600000000002	0.47381323888263444	0.974650083110917	0.0005674093429349713	7.167315296566077	0.8888227006568682	1.0466149793980182	6223.00929420093	4.514901477027759	0.20902051508069106	active
13.376599304475388	0.03304243302259158	-0.03304243302259158	0.36703217664723986	10.96774193548387	424.5290000000001	0.8709677419354839	3.484519824710764	1.4420831161564165	1294.652623862144	-3.769999999999998	30224836.464175556	4.10749080589171	101.2527159910914	20.901049568452596	51.02	5.0	5.0	5.393200000000005	0.2282788733787803	0.9139991755000219	0.0002284931891879975	7.138311748058088	0.7636272451289796	1.2893864757016082	6290.242520688972	4.58763069139467	0.2876983783271717	active
14.238559382086166	0.0022898303796570207	-1.1939443709582604	0.3870163427065876	17.477272727272727	605.6920000000002	1.0681818181818181	3.651201812476547	1.7151617825969814	1461.3510864086275	-4.74	3740125342.929074	7.418990485140841	78.26952302666785	70.0840580068079	144.17	9.0	4.0	4.422400000000003	0.09929209971821973	0.8197463667877586	0.00012559295360626858	8.703352843708391	0.7766775252007012	1.6758147013114537	8386.268407991745	4.576168084371808	0.5035639346141434	active
13.153430124268867	0.08404307171036929	-0.3183374765833282	0.4952326152061804	15.35483870967742	432.9110000000001	1.2580645161290323	3.1721675348829836	1.414861967439567	1283.8108506156482	-3.379999999999999	19494638.061979283	3.8641167615527423	83.15951749235721	27.049118383550194	69.04	5.0	5.0	4.946220000000004	0.33748844911282505	0.9500805062796654	0.0002933734677356792	7.068676215418855	0.7919612910163939	1.0947385734692712	6852.1319739778255	4.58528091580482	0.20818421558613276	active
14.026686507936507	0.08735766646834775	-1.025003516838835	0.2221693653608778	12.3	555.6750000000002	1.0	3.6181444416346378	1.5670171994482134	1621.5068781119699	-4.299999999999999	1268234319.7667937	5.818029801297774	118.77382039111728	22.732655846032035	75.44	5.0	5.0	7.072900000000007	0.26624214029478516	0.928301801967848	0.00024680537466927684	8.848336074465482	0.9127096763919793	1.39831159149758	9077.558841104392	4.521597566376439	0.3460184056063393	active
13.299551760519023	0.056355032753842016	-0.14340057319223964	0.544038768720666	10.785714285714286	391.8620000000001	1.0357142857142858	3.116569385252414	1.7210822714893328	1123.0710775539853	-3.3799999999999986	3863748.195950369	3.5440561029427244	77.81903813528066	27.948721551129786	63.050000000000004	5.0	4.0	4.491300000000003	0.19687607444149133	0.8947090450047457	0.00023923269358259403	6.599898753805765	0.7138281543887374	1.249147261147948	4768.700196016873	4.291375166521251	0.2935268819909183	active
13.914309702275972	0.028340683108600384	-1.1272882810531621	0.4500602618452734	16.970588235294116	475.89200000000034	1.1470588235294117	2.831379216992569	1.5621038110399679	1510.013111597099	-4.109999999999999	62138846.99745211	3.9020528880994507	92.47926966090796	24.042796620724207	125.58999999999999	6.0	5.0	2.2940999999999994	0.20785713936842198	0.9051294465875445	0.00028712206658702345	9.265175654534934	0.8824111993324614	1.31584529108798	6378.924908838716	4.186434908697906	0.4502161561274751	active
13.746911060720583	0.07194663352153441	-1.0643625860838168	0.4003503619903657	12.0	485.54400000000027	1.0277777777777777	3.424238504451004	1.7948282773272108	1299.2984374701007	-4.53	145601689.3269567	5.406344456254269	96.59910073520416	33.876092562822166	110.45	7.0	4.0	4.797500000000004	0.2711155528858501	0.9270909553796788	0.00027075656676229604	7.732416254823363	0.9687455877790306	1.4792421541807306	9246.953340348686	4.799602275071965	0.3810836866415753	active
14.17870057052874	0.08483506147331887	-0.8362401554974608	0.3683858792081495	20.789473684210527	531.0600000000003	1.2105263157894737	3.578786273041533	1.2366165421237911	1467.2429402982755	-3.6199999999999988	815531747.3622388	4.698282727601137	77.8380285711219	53.45755058190815	84.31	7.0	6.0	4.396800000000003	0.16190521985126471	0.8797694544643627	0.00018901714130320908	7.733569842629965	0.8164479539954437	1.4515436349215427	7418.158638160388	4.427820105781873	0.4388674895491791	active
6.071309086391758	0.4966818888049054	0.4966818888049054	0.7397917045388908	10.7	322.21999999999997	0.95	2.8482312860558023	2.1687192002326223	756.3655123720121	-1.6199999999999999	56907.66109539493	2.4984757855443984	52.77078911301685	9.967957041894417	51.8	4.0	3.0	4.761100000000002	0.24061188379617618	0.9186313250944057	0.0005125453193557877	6.431932356516174	0.7524431683504533	0.9087682916114512	2795.7011681426125	3.5187614524727553	0.3108358843002035	active
13.176608761592076	0.2399580177166829	-1.0339642122281016	0.5447636524287988	11.59375	454.9140000000001	1.0625	2.7714901951782878	1.772374699120829	1130.4392999074498	-3.4899999999999984	12530583.416008662	6.025051216243689	71.51070849635735	54.91453533423242	100.63000000000001	5.0	3.0	2.7890000000000015	0.1575937704767553	0.8744353374366045	0.00018752720855378762	7.5354379173324	0.7637449289903441	1.4244493733206869	6411.556030633155	4.5552447910697005	0.40228899453347017	active
13.650963679453263	0.05261705807389361	-0.9437887377173093	0.5718136371260953	16.735294117647058	462.55000000000024	1.2058823529411764	3.5520449990699245	1.737672440986536	1086.0891152554132	-3.52	63967613.31749058	5.337029527481677	78.26952302666785	41.54083683553584	97.56	6.0	4.0	3.9079000000000024	0.13998388923548316	0.8617316872648735	0.0002584681921984961	6.573491184875222	0.8948770100522963	1.4864867438896325	6106.603462887217	4.209515920702016	0.4214959532807775	active
12.924294847568657	0.0759367388930885	0.0759367388930885	0.7281232313333109	14.833333333333334	317.39200000000005	0.8333333333333334	2.6768941383670413	1.5198357850203614	849.6516643199689	-2.879999999999999	604078.63884046	2.7111468212262357	72.55444225107765	41.97009360479949	36.440000000000005	3.0	4.0	3.1972000000000023	0.276168332113297	0.9333122357684024	0.0006205380049472513	4.598247699822044	0.8197040193360362	1.089679692361425	3015.585633193128	3.5534482336669564	0.3313626024841959	active
10.520736305324599	0.6591017888636936	-0.6591017888636936	0.3591583792833982	12.1	177.294	1.6	1.8709889548563379	3.0496571259388316	147.82680599646991	-0.05000000000000002	142.19516056908168	7.9499999999999975	0.0	27.923539540460787	29.43	3.0	0.0	1.2479	0.44789367226721544	0.9711774462165653	0.00278181327741791	2.002549921168836	0.8539128295355239	0.7375809336610927	1099.6893313463715	2.7566087667294044	0.35335227359521054	active
12.15080073696145	0.09507432602670685	-0.09507432602670685	0.8046301142264364	10.761904761904763	299.761	1.2857142857142858	2.829377489535247	1.805191079820616	810.142233208204	-2.3299999999999996	84915.27721593184	2.901524207839283	64.94142585113113	15.291852856560507	46.400000000000006	3.0	3.0	3.4773200000000024	0.5314392050404574	0.9807157507793798	0.0011512236240571155	4.849642596656316	0.9633660634794803	0.7420296485128458	4124.872682930095	3.9265742041963265	0.20988365366443734	active
13.838614928900597	0.05657598602757652	-0.9459294427647611	0.4626716882056284	16.27027027027027	503.61800000000017	1.135135135135135	3.420894717388939	1.6656264145048525	1202.7461770518482	-3.5799999999999987	221547596.15236405	6.600151942498009	95.56493314397915	36.053942737824016	71.53	4.0	4.0	5.130400000000005	0.06259831204695515	0.7669826251359746	0.000188456474494065	7.0833781116603	0.8496558805766418	1.6043450305838403	5969.868715269953	4.168792901384007	0.6050749406345006	active
10.874790249433106	0.016018518518518432	-1.3855102040816323	0.5689342246864603	12.357142857142858	194.16599999999997	1.3571428571428572	2.10922326203371	2.7772680269131413	350.6652327975252	-1.75	1115.7791056158326	2.366714454376792	23.762552697081826	12.011146117099809	112.27000000000001	5.0	1.0	-2.546499999999999	0.44347180412563963	0.9703572954479343	0.0024906627432454524	3.7808641975308643	0.8907064189624583	0.660518750027567	1318.0225298264425	2.850525712102175	0.25934362723731796	active
13.132225450365329	0.10517476589401165	-0.3700047241118676	0.644912901562617	15.571428571428571	396.874	1.3214285714285714	2.714092147800136	1.6545100990224568	1016.584540600187	-2.789999999999999	3162351.606930807	3.6236403499457412	59.377974359434134	24.10492217932455	60.45	4.0	4.0	5.1818000000000035	0.3168159380963976	0.9436232968080094	0.0004514538505083965	6.101768049384709	0.9258312809464317	1.327167194262223	5735.805987848951	4.1970251461146155	0.3894767699591835	active
10.833973922902494	0.23824074074074075	-1.6602758881330308	0.5727117978837533	12.357142857142858	195.14999999999998	1.3571428571428572	2.10922326203371	2.7772680269131413	347.0555923230884	-1.75	1115.7791056158326	2.366714454376792	23.762552697081826	17.17979907054086	106.48	5.0	1.0	-2.5128999999999992	0.4063717523632932	0.9640120866219475	0.0024583884236497227	4.183884297520661	0.90987851408822	0.6811658786964729	1266.6770615311566	2.785769402729114	0.3107141880114083	active
12.657268975853247	0.12417211945200755	-1.158645665049864	0.5915790709073013	14.956883884740474	403.74437075180236	1.1464866609162219	2.9502190479098758	1.7796831661572496	1040.2199990303918	-2.928658298447175	22265125578776.895	4.183828114085786	68.55531779405018	32.691530071889595	80.86272914521113	4.714727085478888	3.649845520082389	3.3013269464469635	0.3314222199058814	0.9267177989444821	0.0006321679466942102	6.721828138081323	0.833842090242823	1.0584556471233533	5698.863897061709	4.126743547682651	0.2933121246412593	active
12.733794879062735	0.2560704837490555	-0.5458059334845051	0.6761462954990178	10.73913043478261	348.4090000000001	1.2608695652173914	3.2514687150014323	2.267110747003931	880.1160229118626	-2.3899999999999997	254349.39169970204	2.573623796045599	39.34125158248435	38.35369237909843	86.97	9.0	3.0	2.555040000000001	0.29921652569275664	0.9358091259961769	0.0004622514274434067	6.616525346493109	0.6994823792805137	0.5257525527635405	3002.6684820106602	3.555438669223435	0.09979574829946378	active
14.45660087744413	0.004498870385297726	-3.55876478796246	0.21195036653751734	25.73469387755102	707.9790000000002	0.9183673469387755	3.830383555924823	1.5418727621663688	1403.0419437396263	-2.7	22001811090.838627	8.78955643704937	0.0	89.60452639678905	170.85	7.0	4.0	3.622200000000004	0.1984774199431108	0.9011986284430086	0.00011870964166135714	7.809556480348246	0.8539586321821487	1.8489070547508228	14174.000342775054	5.178098979895701	0.4783760247391885	active
11.582117189902181	0.043034788116859124	0.043034788116859124	0.8140526669039058	16.333333333333332	302.8050000000001	1.0	2.550643937757644	1.6856246797002954	630.2276421492633	-1.5799999999999996	93598.4299399545	3.1959699817830396	48.02802097092827	47.76602825967309	23.550000000000004	2.0	3.0	2.722800000000001	0.5680073416325284	0.9844566719076265	0.0013209340053566942	4.033070919619111	0.955844562153361	0.8549624601511232	3938.225766648636	3.8080266886446967	0.23041838325770814	active
13.637725024416216	0.06856606893854322	-0.59703385032209	0.7087309203499199	16.03846153846154	374.77400000000006	1.2307692307692308	2.624360948979882	1.685812377025862	1025.8369083088348	-2.729999999999999	997509.0992634572	2.9672582372008676	64.94604897306431	17.49804021481163	51.22	3.0	4.0	4.671200000000003	0.37402993686682634	0.9584683924789995	0.0004918255825896501	7.4836766552350955	0.82846347806066	0.9811591476492882	4893.143657754898	4.081082461829601	0.2507377099243919	active
13.819528203243552	0.07102293210075517	-1.2070327917247272	0.0899510547944561	13.423076923076923	725.9280000000001	0.8461538461538461	3.0469697962104507	3.224906057646623	1453.326102605045	-4.73	34964950099.323845	15.25183315300619	34.88945568047582	91.05794785838394	180.07999999999998	8.0	1.0	3.142640000000007	0.09227506461141052	0.8065397602399642	0.0001051069200772936	8.961139541524613	0.948822863809355	2.0736875680534075	14488.36403076418	5.168594040581667	0.6464549948719516	active
11.992000661375661	0.17785210380448446	-0.17785210380448446	0.8041311249490651	10.65	286.72200000000004	1.2	2.8210023287744006	1.7589737347978533	768.4647087584021	-2.3999999999999995	58939.201655083554	2.6237975003156175	59.1170213531312	21.01005236155665	59.81	4.0	3.0	2.3975	0.4852868293560942	0.9758684151342814	0.0011105271027746916	5.179477978555257	0.9192418911969071	0.7640539004186976	3484.644839893979	3.759085498935426	0.2306179952858155	active
13.784680991223649	0.2757553362213976	-1.4665424618921645	0.5008154141485376	18.285714285714285	515.4410000000001	1.1428571428571428	2.854012281843777	1.6658872346008298	1246.9989282747101	-2.7099999999999986	62483718.54996755	5.433219114130367	70.46697474163707	53.54044970373503	83.56	5.0	4.0	4.620900000000003	0.1611197078224872	0.8676827672994478	0.00014216668085460029	7.892398038298201	0.6914324377425245	1.213495618912617	6764.596795517114	4.5574290391875625	0.3191552674347152	active
13.023523085159988	0.4256594860166296	-1.2488731812169305	0.22135475238825783	14.108108108108109	555.5160000000003	0.8918918918918919	2.91594794590366	1.8400434824749472	1531.499312532062	-3.2499999999999987	261689578.9398522	4.993446712018141	118.22494708630921	42.74031355918287	45.59	4.0	5.0	7.1305000000000085	0.28776066200561595	0.9339810053732062	0.00026223948814284407	7.658628099173554	0.9480384891161644	1.66235061490263	9591.649384321372	4.5818394129271525	0.6268063713286138	active
12.218328171948302	0.16313002538787114	-3.496216898031022	0.731632495779265	17.076923076923077	390.8720000000001	1.2307692307692308	3.058618136878604	1.93116025853962	945.1634964186876	-2.3799999999999994	813249.8591783782	4.229494583754559	70.44630146400057	37.18134686888742	80.91	4.0	3.0	3.5679000000000025	0.5908491778835602	0.9867701746530136	0.0007093418437866132	6.653316810392762	0.895076108545273	0.7554098750467354	6966.481358410894	4.525670054705798	0.11511255302107606	active
13.744077891863562	0.0794386403485643	-1.0100961094314271	0.3830484398292008	12.108108108108109	498.5820000000002	1.054054054054054	3.420894717388939	1.6941281527867826	1332.991858798011	-4.329999999999999	221547596.15236405	6.272233905103906	113.5220717789023	28.44177619386383	89.29	4.0	4.0	4.617400000000004	0.23899735801577304	0.9165204891263842	0.00027116372164196953	7.835009715320534	0.9377101794501596	1.5526523735130129	8106.977994105431	4.502006124973974	0.4168507172464203	active
13.805877739984881	0.024463081545252674	-1.155230090492988	0.31401737476578195	12.0	531.5690000000003	1.0769230769230769	3.6293063864850783	1.7268709012041596	1408.91693495261	-4.8	608841870.8565392	6.199731432386186	96.11733793918128	39.342482274009406	140.66	9.0	4.0	4.2363000000000035	0.19800813490441116	0.9003366586483484	0.00020909206696963163	8.601739670138098	0.8768467384881258	1.4019512436719028	8449.418692921548	4.577775594327076	0.3708675098826904	active
11.626553287981858	0.02094482237339368	-0.28338515421600685	0.8639789546994593	9.823529411764707	319.586	1.411764705882353	2.305113440849429	2.561283464425375	425.687387290931	-1.0699999999999996	5444.677947286351	4.358845345518662	28.738187789678854	36.18670102311359	49.410000000000004	2.0	1.0	2.0847999999999995	0.20063672963710302	0.9020593123515767	0.0007021882653961565	4.551908461502076	0.793362267113129	0.8602908626625667	2076.80591878137	3.01867126061648	0.3884353633827337	active
12.743250661375662	0.1939636686732642	-0.5086460695389272	0.7520927202488422	16.541666666666668	340.77000000000004	1.3333333333333333	2.9792599061792564	1.67039571555388	966.1338757874087	-2.859999999999999	511488.27847257326	2.4082138597046394	64.94142585113113	27.743788991824587	75.5	4.0	4.0	2.4534000000000002	0.23469888281409898	0.917287432798494	0.0005464597169691264	6.216416673118843	0.8822865667360885	1.1819476998652472	3577.106067472704	3.6832535298360116	0.43020595867490125	active
14.125540853354288	0.13902086773389022	-0.9101102206008411	0.3537825775213376	20.710526315789473	533.0320000000004	1.1842105263157894	3.6143881156193727	1.2465277222087965	1448.3154642643497	-3.5299999999999994	918389772.4923869	4.966012081623914	77.33511299435727	52.250430388851136	103.19000000000001	8.0	6.0	3.9650000000000025	0.22382747496709018	0.9130522441914826	0.0002009147041194778	8.236677319787892	0.7913367672316556	1.1912447657501586	7642.199364080152	4.4634142751281365	0.31541937529736075	active
5.028790863567649	0.4903269085411941	0.4903269085411941	0.5432776369063089	9.166666666666666	242.412	1.0	2.021825570053215	3.402570682630092	141.6270750562502	0.4799999999999999	374.0377304598448	7.146512887129868	0.0	21.979083217344463	18.46	6.0	0.0	3.010600000000001	0.36338889840556865	0.956240323073766	0.0013848077743204917	3.5647559897215033	0.858555535577261	0.5744437719040953	1819.2782842959393	3.066249165819251	0.12641891158120805	active
12.64498714866605	0.03511102537722932	-0.5320625472411182	0.5669025483575251	10.84	357.7770000000001	1.24	2.894102911979385	2.022303101270592	1051.7178456114293	-2.9299999999999993	498810.21329129493	2.937881036824296	63.330874897674256	27.345212369883228	95.16	5.0	3.0	1.7759399999999999	0.6447436606939719	0.9902449390455813	0.0010221386521923831	6.760295047024997	0.9803975449056149	0.9969908313465043	6748.79693428334	4.515768439116002	0.2532415062568456	active
12.884735922146636	0.013860859158478567	0.013860859158478567	0.7123093452059465	13.458333333333334	338.79400000000004	1.2083333333333333	2.611582360660766	1.6683265371901423	920.8887802860354	-2.589999999999999	482583.8580970603	2.694656456815806	65.44434142789574	24.042796620724207	42.43000000000001	3.0	4.0	3.8563000000000027	0.34169656150261296	0.9509668548718292	0.0006291711694015694	5.742351950210027	0.8898781048936866	1.2025657407697699	4069.325292263854	3.852499415726562	0.4167454144805632	active
12.451823418684889	0.08860807675461801	-0.40594770127320956	0.5323580597809113	10.807692307692308	358.41800000000006	1.1153846153846154	2.613694549234928	2.035859123914965	760.1247043103144	-2.8	482383.4660067983	4.857509939129848	57.639423662929225	44.620790674889825	81.91	6.0	2.0	2.4175000000000004	0.3197608023714871	0.9459733234429258	0.0004573051423750375	4.9215268332156805	0.8538570242635718	1.225413025687482	4916.903200328797	4.182947398478269	0.3789103276340105	active
14.299486646510456	0.0020651455026459153	-1.1606046863189725	0.36905081657109373	18.473684210526315	530.0280000000001	1.1578947368421053	3.6819608890133324	1.3848502597225925	1526.4393891746956	-3.909999999999999	840768699.6412876	4.492764383469222	83.66243306912183	43.89804867290013	89.35000000000001	6.0	6.0	4.862000000000004	0.22373805668649083	0.913483055625643	0.00019847451286130152	8.292871802806095	0.8321701454363957	1.4570778830456528	8575.444114730413	4.665405935870091	0.37791063773869016	active
12.869400273998487	0.03926839254220171	-0.264022345049131	0.8797631083567585	18.958333333333332	343.814	1.375	2.611582360660766	1.6131135192512995	793.8284951056723	-2.1099999999999994	482583.8580970603	2.8514889377195076	52.30577613744329	24.042796620724207	63.25	4.0	4.0	2.8855000000000013	0.2533813611481583	0.9223680661531958	0.0004539588417971076	5.1929070500368	0.7305532482718771	0.8356275079834985	3043.3282596311246	3.581115404663425	0.206081168289001	active
14.142549918115392	0.03738866843033528	-1.1154953231292515	0.5931938620294102	22.37142857142857	493.00700000000023	1.2	2.842001312420866	1.5392292342455232	1277.0209951854397	-3.159999999999999	91131636.82009798	4.459726572931689	65.44434142789574	65.92882143542697	74.77000000000001	5.0	5.0	4.099800000000003	0.12499454569025188	0.8197208449403415	0.00013737729336617206	7.203039319298183	0.6527110824959481	1.2655920276919255	5414.41918567135	4.32698309459982	0.3261964065170032	active
12.066545729402872	0.09466049382716024	-0.09466049382716024	0.7747430588843123	10.65	285.73400000000004	1.3	2.8768354939067122	1.7746352324759036	766.4094312309174	-2.33	60410.66853654705	2.6504706869318633	59.5084508625856	15.875136771245923	57.78	2.0	3.0	3.397500000000001	0.6178555713344874	0.9887465909943967	0.0013859983498575679	4.895664212236049	0.9211260468514774	0.788481115740178	4092.0754915939565	4.012154592179384	0.1809084910445099	active
11.368037079029142	0.05318544238683165	0.05318544238683165	0.7698131791533174	17.6875	258.77400000000006	1.375	2.817474244844468	1.7904053494450132	333.76357860552804	-0.5800000000000001	7640.9901520181975	2.965719556159425	22.389944101090435	47.76602825967309	23.550000000000004	3.0	2.0	1.6311000000000002	0.6102123015309702	0.9882472894522804	0.0017914103814440103	3.247899131335338	0.8984775992459998	0.6808624760485595	2947.916658369739	3.606181762927088	0.20648841898672815	active
11.21865861468044	0.09029218631897185	-0.4547250566893426	0.5980812809314172	24.05263157894737	266.257	0.8947368421052632	2.25390403778412	1.907792685909168	404.41112254140677	-1.8	14747.294119221498	3.5816060699092143	10.633577208012662	72.19416123781782	102.96000000000001	6.0	2.0	-1.1400999999999992	0.25529911745924966	0.9213802980521028	0.001242336756129541	4.353582037730025	0.9650405465904669	1.06172936891087	1928.7654767475858	2.972194515438321	0.5765629859711814	active
8.82218820861678	0.14523148148148168	0.14523148148148168	0.5518955801042782	13.428571428571429	226.33	0.9285714285714286	2.2304241993755287	5.492132141168524	320.5180190039991	-1.2400000000000002	1028.2255559121188	2.912367919767596	21.20435165389176	12.511538367022808	99.61999999999999	6.0	0.0	1.10016	0.4327696355274926	0.967640884880735	0.001496613909917681	3.726898248269897	0.7544712589192742	0.3185923352295405	1507.316265466587	2.976097213832814	0.07287203743502461	active
12.364358238295827	0.18349041764445762	-0.958893086839099	0.6951193352618424	14.44	360.75700000000006	1.08	2.6009554723308885	1.6978962710622705	899.9673383668485	-2.87	455344.072630024	3.633812611875626	61.38356573553234	43.272275606981836	102.96000000000001	5.0	3.0	-0.2503000000000002	0.6770412598933351	0.992374000271953	0.0009745763331222057	7.166886217103283	0.9528683928874518	0.725960871057845	7558.161310224208	4.777455896453524	0.15088442725238552	active
13.640497474647752	0.06842527290327749	-1.0361295613924584	0.3328956312474848	12.0	492.5760000000003	1.1388888888888888	3.399819132503583	1.959977935708742	1139.166937668482	-4.01	101140920.18876544	6.7757227904412956	78.26952302666785	40.903260158974774	114.63	7.0	3.0	4.214700000000003	0.3551603498440665	0.9532340702633831	0.00030856442364790386	7.055066892054828	0.9268061148032607	1.4490616728826249	9210.644004758271	4.7419588365476475	0.3296002890549439	active
12.78558349252662	0.01573384587994897	-4.520114830874785	0.38227220641266846	11.137931034482758	440.4280000000001	1.1379310344827587	3.116373477707799	1.716658138473839	1056.152424795828	-3.12	2975750.2408997123	5.451299230421003	70.40554987976853	15.938404082102952	97.16	6.0	3.0	5.865300000000002	0.3833700618164115	0.9602800540261299	0.0003123387755064656	10.597721722637129	0.8235248851736939	0.8948927554241113	7781.515125001841	4.7491486151477185	0.14872395369520017	active
13.689059504379655	0.05387093182650049	-1.0741542527504835	0.42086707901196	12.368421052631579	521.6180000000003	1.0	3.3870607880719774	1.9108571812048605	1213.270308102018	-4.21	174763286.4380883	7.644145406815798	78.26952302666785	46.566120194344684	126.66	7.0	3.0	4.396100000000002	0.36418561763998214	0.9547555359856953	0.0002753953141259372	7.249819607748132	0.9437478135247014	1.5581910835151707	10874.928762971256	4.975404583443633	0.3143706743027574	active
13.735575469704258	0.03173674862531173	-1.0783241475602596	0.32870056997256974	15.461538461538462	530.5560000000004	1.1538461538461537	3.675168908881867	1.4368494714598217	1376.5853022606364	-4.57	1221269918.5403326	6.472377483683701	108.35221214156022	47.644803223284136	106.79	7.0	5.0	4.123400000000004	0.4214664369481365	0.9663446126478749	0.0002878420590076834	8.98785247332983	0.9263724958800458	1.3610965996921822	11589.372954032164	5.073940990871378	0.2956133291728268	active
13.466678307546363	0.059824106125165644	-1.0212018665490892	0.5285638164691997	20.305555555555557	506.99000000000035	1.0	3.5994758210857336	1.329275440320441	1288.263610201647	-3.4899999999999993	253357355.6657013	5.195735934087859	71.51070849635735	52.90287302717395	100.63	5.0	5.0	3.854200000000003	0.1434366926358036	0.8495735807224849	0.0001311153539879307	8.002571265480986	0.6791912384064748	1.4616678289779519	6670.105948735904	4.622995594726318	0.42673190755583373	active
12.420300506004871	0.2179469009826156	-0.45021871011183756	0.673754114403104	10.538461538461538	371.80000000000007	1.1923076923076923	2.6404712636366527	1.6554532229005248	1000.2408339689653	-2.9899999999999998	836984.5025613371	3.8066217726896774	69.47082543225503	26.168615641054533	78.72999999999999	4.0	3.0	2.628	0.3569238588372579	0.9519981447401102	0.00061044692421049	6.6279185871306945	0.973033922472222	1.4202337021613562	5066.865086539343	3.9950412989997335	0.4894965938833598	active
14.15296658478206	0.0042779982363314595	-1.0969768046107333	0.600937496253518	25.37142857142857	490.99100000000027	1.1714285714285715	3.4422953681424144	1.3816265464354336	1323.529150146894	-3.159999999999999	171767206.72839013	3.73787437331562	65.44434142789574	65.42590585866236	74.77000000000001	5.0	6.0	3.8522000000000025	0.17949822916862448	0.8902383651927738	0.00020280224719629986	7.430465826219684	0.7896259809940559	1.2682388107258145	6749.731942613593	4.42079782940501	0.3002990490156952	active
12.783679567840615	0.2399389408541195	-4.52866655402401	0.7460193644944909	15.11111111111111	400.744	1.037037037037037	2.5896799466292655	1.6998648901772135	949.6013961304768	-2.7499999999999987	819633.7031081625	4.1578488156233755	61.38356573553234	36.98611508385228	85.88999999999999	4.0	3.0	0.9560000000000004	0.6112559757916065	0.9881437532300922	0.0007004960910345681	8.959727028066128	0.9448883080487713	0.8789268677466199	8301.52208522787	4.796078724100853	0.19548652950966958	active
14.168534419963613	0.16411623166313483	-0.9553371549247549	0.25744489721733177	16.121951219512194	568.0370000000001	1.0731707317073171	3.488786160454054	1.2481117533147248	1749.8873588154484	-4.799999999999999	3118124121.8285594	5.221608410807436	107.2945092630522	44.71443961446914	137.05	8.0	6.0	4.016600000000002	0.1762387117341835	0.8830654213279236	0.00011104760399850722	9.932426303854879	0.7214300716237306	1.4635219834160804	9987.92121755272	5.166858774633281	0.3118496295813565	active
13.287534687518	0.13366132551377818	-0.42257532333921266	0.4469103887987044	14.96875	445.9060000000001	1.15625	2.8272979442934583	1.4219286547764869	1274.9216821750733	-3.639999999999999	31442968.516459964	4.092718112574506	89.46784713128051	22.48201873575884	73.34	5.0	5.0	5.3670000000000035	0.20775707463163054	0.905893749408216	0.0002801687627786096	7.743532703309811	0.8521885573300609	1.087306145464404	6120.587437016623	4.28103660686841	0.2758106089372129	active
13.743172634794659	0.058678790122138835	-1.0125050652977243	0.4494725528477281	11.8	473.5730000000002	1.0571428571428572	2.865306818031047	2.0816009076346553	1185.074310035186	-4.129999999999999	47613238.92185824	5.869785611473698	90.77284953320702	31.017933062205287	80.76	5.0	3.0	5.295300000000005	0.2566424398439812	0.9257668856301048	0.0002157854445201408	6.751701639287117	0.7752453586168504	1.1119225368145345	7366.403517998377	4.647891910317955	0.2351468154912728	active
12.154874811035526	0.08757432602670678	-0.08757432602670678	0.7914090985550767	10.523809523809524	296.75700000000006	1.0952380952380953	2.4739761554776227	1.8039060510745442	796.1569169304881	-2.3899999999999992	80913.86414105113	3.201589922823539	71.51070849635735	10.891158250298714	41.99	2.0	3.0	4.069400000000003	0.5347776344491117	0.9816073625388047	0.0011038824803868096	5.108907741732905	0.9128214632972861	0.884056800569061	3953.8304040863463	3.9182835489477177	0.22152683769162562	active
6.458465136054423	0.6291590031074157	-3.464929138321994	0.2664138311940485	10.941176470588236	502.1820000000002	0.4117647058823529	2.8926898598701207	1.420297073739945	1416.8599452804294	-4.073636363636362	132340838.78728457	4.024893685240328	109.58603674176342	32.263693231674466	66.36	6.0	6.0	5.852900000000004	0.1464205864564344	0.8660102474712622	0.00020183312833970502	8.939176637845799	0.7643254748176839	1.590394847355229	5788.571648582926	4.132119893466967	0.444185578297068	active
13.345577286470142	0.28223985717131406	-0.8636404006046867	0.7175562062259577	15.448275862068966	404.85700000000014	1.2413793103448276	2.728281205789842	1.7415727411289599	1149.7525853890047	-3.4299999999999984	4695682.979221778	3.648529201853672	71.00779291959275	28.24300411641327	86.09	4.0	4.0	3.866380000000002	0.25786909083713067	0.9265606745374251	0.0003315143636077993	7.433322644354307	0.7873403489931587	1.1244778972472855	4971.265769964064	4.107366208442593	0.31133225127831177	active
13.397868881559358	0.00687447509868111	-0.00687447509868111	0.4434115362671799	14.129032258064516	431.5650000000003	1.0	3.484519824710764	1.3996962841955873	1146.417583250575	-3.1899999999999986	30224836.464175556	4.319493803664942	70.92088064878332	33.990562380277744	54.260000000000005	6.0	5.0	4.716500000000004	0.1420971494631236	0.8646154615783086	0.0002657864590973878	6.193626872616427	0.796226147513752	1.3886689726435992	4747.4548659366255	3.984845602166483	0.41020179147481534	active
12.68868184069671	0.11782779187202896	-0.1327885309886121	0.20082714286431413	12.307692307692308	676.7320000000001	0.38461538461538464	3.961461658816686	1.4841612924377396	2574.9384277420895	-7.059999999999998	1360221463128.0676	5.523224718784628	144.1030533486261	19.935914083788834	149.6	6.0	9.0	7.232800000000006	0.16288885166829356	0.8286391917260091	5.62718456259971e-05	13.244231799704112	0.577996786896377	1.2604108349537169	10605.714356642247	5.383508304632195	0.2647185135431158	active
13.34396726977828	0.09503257012681621	-3.4182117003583907	0.6470725239676239	18.566666666666666	443.9120000000002	1.2	2.6984352602824884	1.780347848279236	1323.0760625959158	-2.969999999999999	4489416.425319839	3.4177546527514986	64.94142585113113	38.016660553403135	105.22999999999999	5.0	4.0	2.9315000000000007	0.2405505032123524	0.9189823922342888	0.00027746496887052336	7.939062275386648	0.7600526177411278	1.1148867189414557	5280.243567804379	4.105820496394477	0.3233240302687577	active
11.647777305366592	0.29698176492819384	-0.6274817334341141	0.9351185847480156	9.789473684210526	278.695	1.3157894736842106	2.3849239006378404	2.045484938792533	575.355941971532	-2.2699999999999996	21330.759367304843	3.856293300929095	47.74815579927553	18.187016133163155	60.45	4.0	2.0	3.3545000000000016	0.5770375396180389	0.9856440303041983	0.0012098275402860404	5.01512929710694	0.8889891141781748	0.6807419226797198	3869.0331949366264	4.008461621697112	0.10999626408023633	active
14.221099315146935	0.03579428067523294	-1.122084829302091	0.5348239312286835	23.605263157894736	535.0440000000002	1.0789473684210527	3.487648595509741	1.287574932628145	1348.162458225163	-3.1999999999999993	840467397.5355644	4.723240355204173	65.44434142789574	78.63966978768819	84.0	6.0	6.0	3.8704000000000027	0.4018779099208513	0.9635106819766849	0.0003182247371511242	7.931331992722397	0.8885610218731276	1.179970525500789	9269.174810797851	4.584740859926331	0.2688601910139356	active
13.010912226001512	0.12127645502645534	-0.2574287840136058	0.6444924499582572	21.884615384615383	364.83200000000005	1.1538461538461537	2.9867132645377037	1.615706173212128	1030.199742887689	-2.5899999999999994	1737974.4220610189	2.2897829200920015	65.44434142789574	24.042796620724207	42.43	3.0	5.0	4.345400000000002	0.3826181125061366	0.9601908017230152	0.0005647558552204045	5.961061197625186	0.8462344781218071	0.8249255021430617	4539.205035534281	3.952953956185272	0.21333460270391075	active
12.321811539430588	0.09421039094650174	-0.09421039094650174	0.7767809622444682	10.625	339.826	1.1666666666666667	2.541675095213167	1.8276131426514224	892.6692251506126	-2.5899999999999994	282896.0631225111	3.6576030214697677	65.44434142789575	24.986502215653093	45.230000000000004	3.0	3.0	4.135400000000002	0.5502305540291172	0.9832312044798542	0.0007596144507397908	5.201064213706637	0.8926140970842774	0.8375688748117311	5751.705706440729	4.435369956931351	0.15759281971773056	active
14.238559382086166	0.0022898303796570207	-1.1939443709582604	0.3870163427065876	17.477272727272727	605.6920000000002	1.0681818181818181	3.651201812476547	1.7151617825969814	1461.3510864086275	-4.74	3740125342.929074	7.418990485140841	78.26952302666785	70.0840580068079	144.17	9.0	4.0	4.422400000000003	0.13701182416306407	0.8548037881049619	0.00013006606201237657	8.703352843708391	0.7356894541232267	1.4799870784703746	8018.597970876486	4.504013850919796	0.40556338124344354	active
14.27311949374564	0.13709927748618145	-1.6586044273676543	0.15996214533866898	12.571428571428571	713.1370000000001	0.6326530612244898	3.64951617863593	1.4768323452310637	2112.7544056424117	-4.0537662337662335	96733969998.6043	6.6357897664924685	82.43355151048074	83.47316202018102	132.48000000000002	12.0	6.0	4.990280000000005	0.15347836213503618	0.8735044779136459	9.769711415146622e-05	11.751219236195713	0.8010785480430627	1.5651257485282806	13492.84479872011	5.197933764327153	0.3186275039647439	active
13.855892542202064	0.06604929854355768	-1.0565153638615945	0.4959687445211722	14.76923076923077	533.6290000000002	1.0769230769230769	3.3780166904829447	1.6408142272471375	1288.5862734808752	-4.21	273458882.6242538	6.625846050105007	78.26952302666785	57.507870754343124	117.87	7.0	4.0	4.490700000000004	0.13064367803943533	0.8335092808697786	0.00012529025994538695	7.496997629711291	0.6704158049978807	1.325342828546713	6492.83859951722	4.491304620488238	0.3047036462068755	active
12.717849740969502	0.1456932634164776	-4.4245649671012695	0.7715264503890514	11.458333333333334	330.309	1.0416666666666667	2.5446545257272737	1.7847508674913666	885.3163103779156	-2.8899999999999997	262287.720584813	3.5344928287410458	72.05152667431304	10.891158250298714	41.99	2.0	3.0	4.434800000000003	0.5272338072832592	0.9809496757483772	0.0008292510432926921	6.547226984441904	0.8874447816031806	0.8601144125840132	4888.872891325998	4.1664702242804665	0.18529569573852425	active
12.455800264550263	0.14224741748551262	-0.14224741748551262	0.7452340195112266	10.583333333333334	340.81000000000006	1.1666666666666667	2.582498504866879	1.8227862712084473	874.8747159601245	-2.5899999999999994	341711.03716697573	3.491029676855274	65.44434142789574	17.49804021481163	51.22	3.0	3.0	4.468100000000002	0.462185998108675	0.9731817898353002	0.0007407435206373479	5.461663960857532	0.8668415343209862	0.8667981908689496	4409.741366924762	3.9559629799151774	0.19561216763026099	active
12.127097033257746	0.1275743260267066	-0.1275743260267066	0.8051952011122818	10.523809523809524	297.745	1.1904761904761905	2.4739761554776227	1.8039060510745435	798.8888977295804	-2.46	80913.86414105113	3.17244814374422	65.5748179310472	15.875136771245923	54.88	3.0	3.0	3.4644000000000013	0.5089450976645805	0.9789944735087189	0.0009740318996718052	5.386836704973577	0.8736725413716996	0.8409119935658675	3843.5728440364373	3.9177137023262696	0.1906479617119334	active
12.823254440665153	0.11447247417485484	-0.3829459561602422	0.7636273630461434	16.625	338.79400000000004	1.1666666666666667	2.618268846805819	1.671537733758154	920.8887802860354	-2.429999999999999	497240.67323458666	2.63893519865231	71.00779291959273	17.49804021481163	51.22	3.0	4.0	4.1407000000000025	0.33925999590988415	0.9502259993258495	0.0006735721458317948	5.82890031255251	0.8975392114936059	0.9251010976547176	3838.6542517662724	3.7341149653326506	0.26392420224392055	active
12.747324735449736	0.1928705616773796	-0.5045719954648535	0.7520927202488422	16.541666666666668	340.77000000000004	1.3333333333333333	2.9792599061792564	1.67039571555388	966.1338757874087	-2.8599999999999985	511488.27847257326	2.4082138597046394	64.94142585113113	27.973195566532247	75.5	4.0	4.0	2.4533999999999994	0.23937153931332475	0.9193620815633037	0.0005359781242092631	6.216416673118843	0.8771044841337591	1.1759250076807308	3648.4423526497744	3.722586321349302	0.4160587365566193	active
13.977698885109598	0.10325941847932607	-0.8576949610865696	0.46063505183671477	15.0	460.8770000000002	1.1818181818181819	2.82227252108471	1.6349682116439037	1474.0562204745993	-3.9099999999999997	41095031.15588387	4.005617834486708	98.04272115260495	17.49804021481163	104.77	5.0	5.0	2.6225000000000014	0.3389693761982432	0.9507779134785603	0.00037789918093322934	9.148399811463342	0.8210197623023159	1.0894049361199567	5756.352044799197	4.025966558706782	0.34806844597466563	active
12.10641723356009	0.039660493827160304	-0.039660493827160304	0.9288748196030473	14.05	286.76200000000006	1.35	3.2328505294641103	1.6989769990967059	637.878928349822	-1.87	83627.3774961776	3.1698568270488834	58.87505878266952	10.891158250298714	41.99	2.0	3.0	3.7936000000000014	0.4451091725738716	0.9706709539344133	0.0010081407639367962	4.310783684268483	0.8819349014375306	0.9567260348352485	3209.193152697284	3.669543537479934	0.27933879363886577	active
13.594689114071556	0.030189450008398344	-1.1476917989417996	0.5328129463335457	12.970588235294118	464.5220000000003	1.1176470588235294	3.362781129439928	2.1232176236377476	1122.3725144989808	-4.01	35747116.66891943	5.481398806074585	78.26952302666785	40.903260158974774	114.63	7.0	3.0	3.432900000000001	0.10230007905635792	0.8186200530523653	0.00026344772507773737	7.003500638726781	0.9528290596618839	1.3595614074620044	6000.257826596023	4.138815573407285	0.5069790492202699	active
13.429836881926526	0.2585857198412813	-1.0220274838330397	0.43049985648518563	15.82857142857143	488.93500000000023	1.1428571428571428	3.5179856334124837	1.365645177516991	1444.6835449219752	-4.239999999999998	142878617.16289133	4.850651957843098	89.46784713128051	38.394474113615445	110.5	7.0	5.0	3.6109000000000027	0.21342515634876966	0.9009884817418153	0.00017858434290125082	8.76206871424778	0.6916144942413817	0.9655182972692985	6173.794785280795	4.404835592277813	0.20336748545054856	active
12.480634640832152	0.13507314499874012	-0.733935290165449	0.5921416029098349	12.923076923076923	362.4700000000001	1.1538461538461537	2.6278731826683797	2.589544606662072	560.1894257199592	-2.369999999999999	426840.18531445955	8.64611141891333	35.89528683400505	30.370261981715398	84.50000000000001	4.0	1.0	3.2014000000000014	0.277377720302506	0.9337080597870772	0.0004135582285897805	4.207433258712286	0.8412825820171933	1.179490434441394	4779.927501041261	4.151764152072157	0.2950676541456339	active
12.354011147154335	0.057862470605526184	-3.4169861347316695	0.7859885179120326	18.263157894736842	322.8390000000001	1.3157894736842106	2.825368084584199	2.095079980374041	530.145014587921	-0.6300000000000001	23182.14513401335	3.2800271143081403	17.512796907389134	55.58913150444779	57.690000000000005	4.0	2.0	1.2099000000000002	0.35084001295648265	0.9524334564192577	0.0008738257152106789	4.691910605200099	0.9197476897603709	1.0697882313412146	3176.6814891760796	3.449531695903256	0.38706230955691656	active
12.176576199924414	0.057370244394053804	-0.057370244394053804	0.9145779486613005	13.19047619047619	301.7770000000001	1.380952380952381	2.4739761554776227	1.7312437002469676	672.321706764444	-2.0700000000000003	80913.86414105113	3.3362088175688824	52.80869171420791	17.43591465621129	54.02	3.0	3.0	3.274300000000001	0.5143909085048259	0.979594925839994	0.0009387894780764976	4.462236432990774	0.8773549952541988	0.8816880045776382	4079.6719085046225	4.001518828941657	0.20101802438779295	active
14.14376693404707	0.1383631346056935	-3.198542292464503	0.4590673794348004	19.846153846153847	559.0130000000001	1.1282051282051282	2.9342960424640867	1.417808791446433	1377.430198564055	-3.339999999999999	558111323.3055882	5.682565938618598	65.44434142789574	83.56475996287519	95.0	6.0	5.0	3.709100000000003	0.3887800827526771	0.9613686004837936	0.00023421524854089462	9.08721612993742	0.8400501292761107	1.2123881096566387	10945.747098640031	4.965141315378181	0.23422875528564494	active
10.999678646427197	0.03264711910297202	-0.46339274472634084	0.20913561792508084	10.909090909090908	477.5270000000002	1.0606060606060606	3.600520395803793	1.435979765299316	1365.8362985165127	-3.9599999999999986	71914050.78924336	4.6361483317149155	94.86781408079244	24.67175283415831	109.11	10.0	5.0	5.622200000000003	0.273620516015026	0.9316968605691035	0.00028814917092590876	9.893424255806815	0.775651890188338	1.1471607753300324	5748.129133455117	4.073896176536501	0.286693924100555	active
12.670476662887376	0.12113914084152144	-0.37252928949357567	0.7747547433722919	15.956521739130435	324.767	1.2173913043478262	2.9803806418380736	1.6538900128944876	905.1671033766322	-2.589999999999999	351726.64106587844	2.510457724402792	65.44434142789574	17.49804021481163	51.22	3.0	4.0	4.002900000000003	0.252460574626837	0.9246077479359606	0.0006276176354439286	5.8003301990867975	0.8713511222595167	0.9422022488581722	3175.8265733792255	3.55501338573883	0.31011243489230217	active
13.261262113290883	0.14084262464368402	-1.0249518665490893	0.5147981396171999	14.088235294117647	480.9520000000001	1.0294117647058822	3.3782637080356848	1.447401346017982	1191.0090161680412	-3.4899999999999984	67331363.18156931	5.8928324388950735	71.51070849635735	53.90870418070319	100.63000000000001	5.0	4.0	3.3232000000000017	0.29051494247679704	0.9378351486448374	0.00025125139196553004	7.761049089768445	0.8377628108170018	1.2052750052010688	8048.275135639945	4.671272502128687	0.2676786898489905	active
13.74297234676699	0.14335951445442596	-1.512689673091459	0.47707302768293997	17.25	526.4240000000002	1.0833333333333333	3.641774128503709	1.4102428116866452	1357.1640009766609	-3.3599999999999985	208339750.57696828	4.704810322267436	70.46697474163707	58.30538200057493	94.64	4.0	5.0	4.411700000000003	0.10895618533005545	0.8053724650033638	0.00011603211015409092	8.599987888899605	0.6723639934266011	1.5356354651664454	6572.720387786109	4.586003458088416	0.46141053819520095	active
13.537747543461828	0.09271674972515842	-1.1071331464684648	0.455630916056678	11.75	484.5750000000002	1.1666666666666667	2.859936548636218	1.984594664725258	1289.6165815321347	-4.309999999999999	70989791.16034979	6.421577874311872	107.7169733576469	23.343094385562793	86.09	4.0	3.0	5.009080000000004	0.1058787797250768	0.8247931289278563	0.00023743870656145195	7.594854818000274	0.9387966186311447	1.6711606956067875	6564.61302551041	4.250700635279353	0.5667816845827782	active
13.030287943511247	0.11482200596287861	-0.38234578273227027	0.714208250522692	14.407407407407407	362.4090000000001	1.0	2.7245904945004495	1.5315319450562694	1036.0213211724842	-3.2799999999999994	2062852.8535581583	3.379993158314061	70.51455918697532	44.09591262512981	63.95	4.0	4.0	2.1281999999999996	0.45094440544599884	0.971427893055095	0.0006731226627925548	5.609519609682867	0.8948765304655364	0.9504528221882755	5012.685317778156	4.059329538842762	0.23438218878971445	active
12.76641545471216	0.22531026916939623	-4.417634159027853	0.5233468611970812	11.958333333333334	328.293	1.0	2.5860646416265873	1.8976414058718136	918.4452329497715	-3.02	278146.7685947892	3.481694924487057	77.75510770753375	15.751201988259357	42.85	3.0	3.0	4.544700000000002	0.687566935849599	0.9930233714329688	0.0010108527645223194	7.253534859857668	0.8949071119359862	0.07585834685695304	6718.758315235667	4.797474878004334	0.00957289842571107	active
11.64492689469421	0.024603909465021	0.024603909465021	0.8013179510096495	20.57894736842105	301.217	1.4210526315789473	2.3790717991722508	1.9323202728246556	452.8270341177842	-0.77	19865.249523088292	3.847374596507092	34.85155307928476	47.26311268290849	23.55	2.0	2.0	2.6115000000000013	0.3343345123543439	0.9486269622549105	0.0008376755599091885	3.904551461182166	0.9131401560544179	1.2212835283994345	3146.0604387697267	3.5708154319034238	0.5572702767787998	active
12.556232993197279	0.05748456790123413	-0.25735544217687134	0.9227468239566763	16.761904761904763	302.761	1.4285714285714286	2.4853673622974095	1.8673762978306383	687.7272359089945	-2.0699999999999994	76345.51463505182	2.8537322338886435	52.80869171420791	17.49804021481163	51.22	3.0	3.0	3.5482200000000015	0.2798396145929218	0.9343122036768767	0.0006752570033641719	4.714077940461433	0.8018727143336819	0.8887500398574738	2671.3829041067215	3.4459514920739505	0.27858637267064035	active
14.276213584971021	0.005401077097505924	-3.78018719792146	0.47891583616568845	23.13888888888889	541.4600000000002	1.1111111111111112	3.5516571346710535	1.4463774856673237	1576.5404870680857	-2.6999999999999993	214071388.77836582	3.603517842520336	69.96405916487245	42.456537644495825	94.37	5.0	6.0	4.665480000000004	0.3152657617829075	0.9444509195432274	0.0002287640349466545	9.554647162198954	0.790511978538394	0.8465963351623372	8311.74541320342	4.536031203156728	0.15279634312098261	active
13.686743843753451	0.08622035700852737	-1.0770001889644745	0.3666181777054298	12.114285714285714	471.5320000000001	0.9714285714285714	3.3861278832697193	1.812269928698821	1280.2991449491276	-4.259999999999999	84540073.3214187	5.460199206559851	114.15762620371889	16.79833797965022	75.44	4.0	4.0	6.138000000000005	0.1768031203964996	0.8650842823854714	0.0001462302371230753	7.618252362177853	0.6300860973149127	1.0422684809227774	5412.303038826222	4.406409454629477	0.20971790020526102	active
13.611580963403881	0.07447767608835698	-1.034491685563114	0.48117551682885906	12.411764705882353	466.53800000000024	1.1176470588235294	3.376639547094336	2.0765633860126527	1058.9452777338217	-3.5599999999999996	40839942.072894834	5.862041582553006	78.26952302666785	48.83669471840028	106.79	7.0	3.0	3.4903000000000013	0.14607288853795528	0.8682382273955573	0.00022924260611842636	6.766973420428521	0.8558199070474509	1.3240961834983076	6439.59552670181	4.355071069472442	0.3763840471916493	active
12.387296390778534	0.27714443184681326	-0.4359982224065011	0.695923552445553	10.44	337.355	1.08	2.642008004386403	1.6462051333496743	949.3069994128406	-3.28	583355.3673685178	3.7987536757658518	70.51455918697532	26.168615641054533	78.72999999999999	4.0	3.0	1.9746000000000001	0.6223879160682789	0.9890157625986454	0.0009672443141099159	5.623721230040026	0.9341077090831732	0.9167299827185605	6103.1445953153025	4.490054026214911	0.16439578056986598	active
12.139249811035524	0.10798248929201293	-0.10798248929201293	0.8051952011122818	10.523809523809524	297.745	1.1428571428571428	2.4739761554776227	1.8039060510745435	798.8888977295804	-2.46	80913.86414105113	3.17244814374422	65.70529443419868	15.875136771245923	54.88	3.0	3.0	3.4644000000000013	0.29737380070464403	0.9392996160292336	0.0006481007038486098	5.386836704973577	0.7830790248448767	0.518753006749568	2757.722196366772	3.5459690020402808	0.1962274911572813	active
14.214795288485764	0.06369449168556263	-1.2053272628495844	0.4274618385964765	20.89189189189189	516.9690000000002	1.2162162162162162	3.6143855459149794	1.3902521147141844	1473.0739881093666	-4.05	542946671.5326428	4.165160443283227	71.26874592589566	50.26063479318313	124.3	7.0	6.0	3.443200000000002	0.31785772194037754	0.9444733361392893	0.00028183892196081376	9.054192505725254	0.9081431957644914	1.5069107713513206	8905.450849887959	4.605856937275304	0.43239616139908044	active
12.039500661375662	0.09914840010078074	-0.09914840010078074	0.803302402185066	10.65	285.734	1.25	2.8210023287744006	1.7589737347978533	766.4094312309174	-2.33	58939.201655083554	2.6504706869318633	65.44434142789575	15.291852856560507	46.400000000000006	3.0	3.0	3.1689000000000007	0.6364777564585439	0.9900627554650324	0.0014799944221635711	4.895664212236049	0.9011187674705564	0.582137902876295	3901.55394858248	3.9330782237301762	0.10035946445154309	active
12.823254440665153	0.11447247417485484	-0.3829459561602422	0.7636273630461434	16.625	338.79400000000004	1.2083333333333333	2.611582360660766	1.6683265371901423	920.8887802860354	-2.429999999999999	482583.8580970603	2.7464822419346624	71.00779291959273	17.49804021481163	51.22	3.0	4.0	4.1407000000000025	0.440166742516067	0.9698998772942877	0.0007663328555001684	5.82890031255251	0.8855642303543296	1.0140720790548927	4202.584719734806	3.8615365374685826	0.30788551036087247	active
13.241708238851096	0.03241307634164792	0.03241307634164792	0.5058822132122779	10.851851851851851	373.48100000000005	1.0740740740740742	3.2043713576075405	1.6602711003920962	1053.327752046154	-3.0499999999999994	2696773.299591645	3.880273767986278	88.6360567132448	15.875136771245923	46.09	4.0	4.0	4.7756200000000035	0.18175707845287273	0.8870926550802012	0.0003026882780171907	5.974476621582099	0.7259217539356159	1.2617159314163362	3771.605933011396	3.900716001288664	0.35786952728860144	active
13.644629695676098	0.031231959987596758	-1.14738567649282	0.49134613016483425	12.5	492.5760000000003	1.0555555555555556	3.3457151825413285	2.0339163569767624	1177.652002816677	-4.01	66248907.81532275	6.7757227904412956	78.26952302666785	39.897429005445545	114.63	7.0	3.0	4.213100000000003	0.29804998742234906	0.9350546922924896	0.00033713045225701856	7.055066892054828	0.9873020180089382	1.3484561938612583	8156.081458470076	4.431385727448366	0.3548422769914328	active
13.449658289241622	0.056375425170068105	-3.7768487205552055	0.5542211443498137	20.441176470588236	520.0320000000003	1.1470588235294117	2.767720959345468	1.4409359188118236	1490.7793623339035	-2.5299999999999985	33483417.653598383	4.548189460886439	71.00779291959273	55.83528543640576	113.50999999999999	6.0	5.0	2.8005000000000013	0.1694137217621816	0.8829565822583951	0.00019214757200094185	8.846250987457346	0.7695303021003156	1.0144701812561059	6564.821171626052	4.285427408932346	0.26538626114283925	active
12.032000661375662	0.11535210380448446	-0.11535210380448446	0.8039955005520371	10.65	285.73400000000004	1.2	2.8210023287744006	1.7589737347978533	766.4094312309174	-2.3299999999999996	58939.201655083554	2.6504706869318633	65.44434142789575	15.567260691194122	46.92	3.0	3.0	3.0025000000000013	0.618704083035646	0.9887339065856389	0.0014422201553362793	4.895664212236049	0.9377728242383828	0.8542811783143459	4073.696900341853	3.98344031165855	0.1970472306964263	active
13.746859479839278	0.05284139928800835	-1.0626158457210055	0.2935803288603398	11.615384615384615	524.5560000000003	1.0256410256410255	3.675168908881867	1.4563152364301086	1506.7083530113032	-5.12	1221269918.5403326	6.240781456211245	132.37571784494497	38.10755764995622	106.14999999999999	7.0	5.0	4.2005000000000035	0.25329095973338966	0.9246240709030866	0.00020816999636087186	9.263646057922035	0.882781742780555	1.468503391210189	9828.771871828425	4.901374525608382	0.4015344085455135	active
13.66157789186356	0.040417605958055214	-1.063984998320316	0.3772590908331365	12.108108108108109	501.5620000000002	1.054054054054054	3.420894717388939	1.6941281527867826	1336.512482336934	-4.399999999999999	221547596.15236405	6.241975308641978	107.4557047104407	33.65642089981369	101.22000000000001	6.0	4.0	4.648200000000004	0.41220599760794274	0.9642440436878454	0.00034527991573753917	8.047806653217833	0.9480114697116467	1.4126469242902384	9821.638496938858	4.780807510781603	0.3257327988933122	active
13.849957719198787	0.016921301827281132	-1.2237535168388345	0.3345482651152302	12.025641025641026	531.5880000000003	1.1282051282051282	3.461399225458791	1.7568740025133744	1418.3808907595933	-4.599999999999999	546680614.1830211	6.4596552346428755	101.91340599948545	40.420848968734745	110.44999999999999	7.0	4.0	4.656800000000005	0.10097979167414904	0.8237095660199799	0.00018791015967227977	8.447565797004462	0.8948215046119765	1.6014272708584671	7515.023659090988	4.409849033727559	0.5441812283806662	active
13.144875755857896	0.23174288233812002	-1.171458242379358	0.7326384338451372	16.535714285714285	394.83800000000014	1.2142857142857142	2.6722777599372542	1.6681709474130182	1064.45009285481	-2.959999999999999	2574183.7879254776	3.6944415900486747	71.00779291959275	34.84988608092619	85.36	5.0	4.0	2.176	0.3946655034006015	0.9617450777143832	0.00039205331090148225	7.133562777432493	0.7765615295255626	0.7348300242000232	5614.895402334972	4.333004227915411	0.12734468343847222	active
13.254838096778784	0.08414671322512612	-2.57864041543243	0.5568276740720394	17.03448275862069	412.8670000000001	1.1724137931034482	3.313241200725306	1.5016042019485192	1066.7279170782667	-2.7899999999999987	4848305.607915749	4.455409559213424	82.63761147975137	16.81368741839329	41.99	2.0	4.0	6.0142200000000035	0.28091472256260014	0.9304731847603395	0.00021588851204755346	7.167017243020956	0.7061469928405438	0.8449768147277	6304.528901138869	4.733764866578858	0.1578267664487071	active
12.175577758881332	0.14945412887377185	-0.30727399498894203	0.8078207402391047	10.590909090909092	311.748	1.1818181818181819	2.5006227578041504	1.864752731860365	848.936591316155	-2.59	119527.26720028059	3.0185825942806104	65.31386492474428	10.891158250298714	65.05	3.0	3.0	3.1430000000000007	0.5083190256847672	0.9788622761026106	0.0009350381414771325	5.8935932727369975	0.8925588556359692	0.9081600609244248	4165.887184034446	3.9621044448230047	0.22008484825247024	active
12.895473828420254	0.32545668280065865	-0.8183008944318473	0.6810910306498091	17.2	372.21100000000007	1.0	2.911789912673773	1.7749048775242549	1016.8787406131647	-2.6299999999999994	740468.1747929405	2.615259067760585	70.46697474163709	16.922272762636787	62.300000000000004	3.0	4.0	4.339100000000002	0.5360054557381555	0.9816245465057484	0.0008279412118142997	7.723042527428475	0.9269167094753274	0.6830536177422182	5438.16276771227	4.085379363075956	0.16193746592406819	active
13.515766920194004	0.055792216734191324	-0.967367724867725	0.5428314528348926	12.25	436.51200000000017	1.1875	3.3207085473586675	2.08904581469753	1012.4125927125136	-3.5199999999999996	16194378.312421992	5.389239099904501	78.26952302666785	42.04375241230046	97.56	6.0	3.0	3.517800000000001	0.13017008497130103	0.8547852544761374	0.0002886794271568902	6.2886686715534985	0.8697195727802518	1.368088462601018	5048.826846924485	3.9854141618846417	0.4028649281449461	active
13.472210625807307	0.2015784832451506	-3.6881607507685232	0.6093617169945807	15.3125	452.5560000000002	0.90625	2.7648323275209883	1.5938980974094834	1358.1051019207043	-2.969999999999999	12559582.627643391	3.7344455295459045	74.56926394837846	49.70912805947745	88.86000000000001	4.0	4.0	2.537580000000001	0.2771393850736573	0.9325315222291621	0.0003487035706760975	6.773109396700662	0.8992280649311281	1.4779568647333028	6421.989067547857	4.223119147421044	0.45156293268351616	active
13.701068594104308	0.1394565183315788	-1.5166918619299574	0.42665210942694687	14.205882352941176	496.35400000000016	1.088235294117647	3.435203159580609	1.5163631875252206	1410.6582915718311	-3.6199999999999983	72923220.93464701	3.951153152297866	82.22726980494714	33.18570468760936	98.14	6.0	5.0	4.414400000000002	0.2035408093699997	0.9023944965854273	0.00018170202003776577	9.203101535875106	0.7648538842362996	1.4080147152594835	7471.533607133931	4.648338880687519	0.3431921628026697	active
13.687525091504861	0.0002015341260470649	-0.501664814358475	0.3269197904185625	11.0	471.9230000000001	0.9705882352941176	3.2783119669771548	1.4697780058370282	1453.5974078324766	-4.099999999999998	92994695.37493284	4.510830702407047	107.65976467971133	25.885028089399803	63.910000000000004	5.0	5.0	5.519200000000005	0.21367462998516298	0.8913343271641425	0.00012929162739819326	8.923917152954713	0.6339140196878056	1.0416299046603525	6855.82893099098	4.890492250879257	0.18478542106286913	active
14.123486283992026	0.14166090446483603	-0.913581294981006	0.3518332799934112	20.710526315789473	533.0320000000004	1.1842105263157894	3.6143881156193727	1.2465277222087965	1448.3154642643497	-3.5299999999999994	918389772.4923869	4.966012081623914	77.33511299435727	51.747514812086514	103.19000000000001	8.0	6.0	4.1075000000000035	0.18754417309612265	0.8891972229067103	0.0001554339377936929	8.236677319787892	0.7132988989353756	1.1850437636734101	7154.565856912708	4.5193547587036615	0.2721972650929831	active
14.1801425337329	0.03860697240387556	-0.9062184948589169	0.31511050395860773	18.525	556.0660000000001	1.1	2.9770262681074784	1.2393615363674098	1555.4110729524907	-4.139999999999999	1697169999.6077547	5.198910676937685	95.2732611934392	49.58424556781343	95.59000000000002	6.0	6.0	4.273200000000003	0.394164969590835	0.9623688516275073	0.00021061656383104943	8.678861439343374	0.8498741622268542	1.1625157948335259	12619.805815808799	5.322365912423308	0.1940340271943163	active
12.253293020912068	0.11353266460905331	-0.11353266460905331	0.7856750944674604	10.521739130434783	326.783	1.2173913043478262	2.5420587074780028	1.8185142127509213	864.5194420716361	-2.5899999999999994	199798.1882316486	3.6028433262107202	65.44434142789575	18.000955791576246	51.22	3.0	3.0	4.078000000000002	0.40258097164288414	0.9633221454044374	0.0007198637852037434	5.494379575938145	0.9101336958323565	0.8701678388855317	4288.074444822571	3.9628784836290616	0.253645880815153	active
12.257619257579575	0.12482819979843773	-0.31810389896699376	0.8070844162985553	10.590909090909092	313.7440000000001	1.1818181818181819	2.5024382232985456	1.8230061577380083	905.0315490189762	-2.6599999999999997	120297.21027040768	2.9914688599822843	75.79814550701958	15.567260691194122	63.99	4.0	3.0	2.3627000000000002	0.5413977082923712	0.9822457737497128	0.0010052254659227357	5.852264433735928	0.9176768318624928	1.0012007418849582	4465.6679481388655	4.040639268139086	0.23512194938450928	active
12.348392268978383	0.04448805738949746	-0.07108389300059303	0.21138619670065883	12.911764705882353	591.4790000000003	1.088235294117647	3.5559323182876623	1.275340854920162	1120.2662470042544	-2.9299999999999993	79140338.9571503	6.792446164434775	56.422438217615344	52.98518663808477	111.28	7.0	4.0	4.746000000000003	0.11159189497528536	0.8335726636585039	0.00011546551432147569	7.785613594250468	0.7687505036347905	1.66861198204431	9265.249916350816	4.862994398447401	0.5776230319909089	active
12.97165741105135	0.08327674897119319	-0.3659596571668515	0.7289068075429675	15.307692307692308	346.4100000000001	0.9230769230769231	2.6798832676205477	1.4817860731853647	973.2176783482032	-2.919999999999999	1317687.883155953	3.388982943584196	82.14437774713393	41.88602481470276	54.720000000000006	3.0	4.0	2.1151999999999997	0.3270739516784916	0.9462001568387456	0.0005831920975507551	5.2991840277777795	0.9310652714749031	1.1802893699523758	4593.718398515198	4.00701722590208	0.3765297135584647	active
13.566780592268284	0.05460559810251775	-0.9528410808767955	0.4966146440144949	12.242424242424242	450.53900000000027	1.1818181818181819	3.3479020052387445	2.051633077239168	1028.528689390665	-3.5199999999999996	26450086.40078068	6.044250117071974	78.26952302666785	42.04375241230046	97.56	6.0	3.0	3.9079000000000033	0.08990608141829076	0.8057625655670837	0.0002053325657917856	6.32615358565914	0.7697562854085737	1.3451461884116154	4872.500184183082	4.0734051056075	0.4752129265017233	active
12.859888569922457	0.1082627831256977	-0.1082627831256977	0.2977052810603712	11.0	465.9840000000002	0.8823529411764706	2.839110898409893	1.342028891598996	1487.320517092483	-3.889999999999999	70295897.51755442	4.726999609727153	113.47236239882403	17.938830232975903	45.230000000000004	3.0	5.0	6.859000000000005	0.2229993787011332	0.9103783485721573	0.00020542053250106011	7.5560255105756156	0.7413305123142502	1.021612178146445	6465.67298708075	4.490915490367719	0.23009849668965085	active
12.663654415469892	0.021886993995129167	-0.39987575585789803	0.7909659087002993	10.416666666666666	324.3400000000001	1.0416666666666667	3.0259274803419305	1.9758115472343927	874.7970975105137	-3.3499999999999996	420119.7713706736	2.787960984633546	54.09438803938988	34.8912380763	92.26	7.0	3.0	2.2329999999999997	0.40887945840071094	0.9640745432898699	0.0005612481810339186	5.337601773303052	0.768005032812595	0.480752730720823	3956.3349558388336	4.018703300277172	0.09765491175987134	active
12.365429557548966	0.1453820613542829	-0.933757317541241	0.8072635459408661	15.5	366.20400000000006	1.0416666666666667	2.5583121838100777	1.6987736173065358	854.3717533944313	-2.0499999999999994	266964.99300494924	3.5456995846330295	66.40619904927367	23.896602272027135	82.64999999999999	3.0	3.0	1.6480000000000004	0.13578865621345237	0.8409799602367943	0.0003298420654767884	7.056245685479956	0.6761129173865803	0.9972750371010408	2561.4268990179376	3.3865323067741646	0.42914340138606805	active
12.450264926443829	0.0026859112986761247	-3.3531898384353735	0.7816450792200366	17.476190476190474	330.8370000000001	1.0952380952380953	2.7326642299732415	2.022232793644803	577.1417332277348	-1.11	57331.295544838606	4.426794056347587	35.89528683400505	55.58913150444779	57.690000000000005	3.0	2.0	1.2895000000000003	0.522324833165549	0.9800362395975712	0.001016033749495375	4.460367331922628	0.9394231545508194	0.8627990992814084	4368.7444615239565	3.87662768817383	0.22314784222730696	active
13.34400888133031	0.19442950051836516	-1.4297744630259515	0.6132997278568318	12.96551724137931	432.30700000000013	1.103448275862069	2.6995141040040322	2.010394184901971	1068.7256038958967	-2.6699999999999986	2831790.29510023	4.503429070517174	70.46697474163707	30.51501748544067	80.32	4.0	3.0	4.158100000000003	0.2189256705673577	0.9102730128518073	0.00026549400580555945	7.541334937020814	0.7740739128994416	1.282696975985399	5451.31000321194	4.221627699534613	0.3973353576897828	active
12.491839101331692	0.09748004680905065	-0.16613271239012395	0.6058624024119347	18.17241379310345	406.9130000000002	1.1724137931034482	2.6738405342948504	1.514097986777761	1043.0012387865875	-2.689999999999999	3102371.6090452173	4.337161934746074	82.63761147975137	17.49804021481163	51.22	3.0	4.0	5.5271200000000045	0.42309625226003095	0.9672822797271982	0.00031675225238658977	6.1593615605188266	0.8234958428270086	0.9533429009791466	8438.752562981996	5.114246199722964	0.15657101815244423	active
4.125246126228269	0.8021787603930464	0.8021787603930464	0.5657553515126612	10.0	203.27	1.0714285714285714	2.2924875731149372	1.9574758959875322	337.5973982672459	-1.4200000000000004	2714.3052865680856	2.532744091707263	48.54992698353412	14.951935562841626	38.67	4.0	2.0	2.1639	0.34293627147936656	0.9516949375699836	0.0018292655050459864	3.308642810014742	0.8189621145916841	0.7035171097934402	1194.121689548995	2.7613605868667137	0.2282501617009185	active
12.225638699924414	0.1472903806584358	-0.1472903806584358	0.794183462450602	10.26086956521739	321.767	1.2173913043478262	2.5420587074780028	1.8360781287032109	930.9431704196115	-2.8999999999999995	199798.1882316486	3.4732563852214855	71.00779291959275	10.891158250298714	65.78	3.0	3.0	3.941080000000002	0.5694352613341702	0.9849788653839332	0.0008894672763477473	6.306000980383726	0.8950391791876763	0.831313357252769	5215.846541202937	4.327139311916193	0.17561203633833297	active
12.124428382464098	0.09669186192995705	-0.09669186192995705	0.8046301142264363	10.761904761904763	299.761	1.3333333333333333	2.8096649860028595	1.785022978534662	810.142233208204	-2.3299999999999996	82584.48293358205	3.057618532645812	64.94142585113113	15.291852856560507	46.400000000000006	3.0	3.0	3.4773200000000015	0.5736244961624827	0.9852865255861608	0.001117067593977153	4.849642596656316	0.9119400522969919	0.8533514240067069	4355.960277784184	4.073665098566104	0.1910695857990584	active
14.097552939659945	0.12026533761652791	-1.231837627026119	0.4264882163062363	27.07894736842105	535.0000000000001	1.105263157894737	3.4597560623823274	1.2773649410481884	1465.3793765065504	-3.6899999999999986	475724332.982368	3.9710276818276147	65.44434142789574	48.06508885492383	132.64000000000001	6.0	7.0	3.0880000000000027	0.31265744085897673	0.9441649604294	0.00019366514001900267	8.657887286562358	0.8321760018074874	1.0007150947122279	10853.228607905916	5.133015690877732	0.20055934532897485	active
13.288644690602649	0.26523603811507734	-5.408282918571288	0.11757442386923869	13.0	866.8460000000001	0.43103448275862066	3.0944442113744937	1.3012734820664704	3079.5347357599344	-6.12	1399919185138.4043	7.76580436930591	83.92330780493333	51.88218743207721	376.4	20.0	6.0	4.035640000000002	0.5224634083573234	0.980450430092453	8.864594031687387e-05	21.585413311719044	0.8856325542475664	1.3660822019671457	44967.39206745676	7.809406757840227	0.15075930998820147	active
12.806865551776266	0.3091016313932984	-0.8516959561602422	0.7508030441362336	11.76	353.8090000000001	1.08	2.595523431524821	1.932810162034874	937.3603399516924	-2.9199999999999986	483888.6243860354	3.949518710412681	71.51070849635735	16.79833797965022	71.09	3.0	3.0	3.704100000000002	0.4360633495285359	0.9691807692901865	0.0006420774139377787	6.107800686053046	0.8950018180144133	0.8899853781570806	5064.152225955206	4.137957818083858	0.19632559577059475	active
14.50315562376236	0.010524560443287756	-3.7930339517085936	0.38913726055473274	21.829268292682926	594.1370000000003	1.146341463414634	3.6383816166725236	1.368761545993116	1683.8732882879676	-3.229999999999999	2115099628.4368618	5.055628800312585	64.94142585113113	74.60342971112617	106.84	7.0	6.0	3.952480000000003	0.14610848753378136	0.8652209035878067	0.00016346917711863445	9.134388592047848	0.9138444140291726	1.7809221326581286	10189.015886125204	4.760487317032423	0.5093770172761013	active
14.22531756030899	0.02537753527336828	-1.1765706884605693	0.40712129362494864	18.71794871794872	544.015	1.1794871794871795	3.389676951156335	1.325831645726035	1612.5119968937875	-4.31	1155140999.2386208	4.607710700725301	77.34476603272955	61.60189742159472	115.13000000000001	8.0	6.0	3.7767000000000026	0.2829469419281108	0.934808698519309	0.00017282299605659017	9.124473160898347	0.778809958371619	1.0932169592112277	9882.063062495581	4.98862580259838	0.23672826270082786	active
12.950632296128328	0.03627763605442147	-0.17278325424820107	0.699227412413045	14.73076923076923	365.8200000000001	1.0384615384615385	2.6662334650389923	1.5679822630337672	999.7726698309732	-2.919999999999999	1197704.067297096	3.016728283763855	71.51070849635735	41.33251692823842	53.510000000000005	3.0	4.0	3.377200000000002	0.2285790597569852	0.9154645197315284	0.000430952743492144	6.354516040422735	0.8093347049960936	1.1193310717163123	3777.2011174529407	3.756112928421303	0.3645758803853268	active
11.989752771478962	0.019658210506425355	-0.027710380448475513	0.6844362389184467	17.38095238095238	300.789	1.2380952380952381	2.526615272194947	2.0355474487885843	671.3446134675152	-1.9999999999999996	82013.93173544799	2.741225461035098	65.22129102278387	23.231849311084897	46.33	2.0	3.0	2.981700000000002	0.18816315482781074	0.8849649962273082	0.0004405517261358436	4.2631578947368425	0.6811870570695586	1.0833633432866225	2261.878213400199	3.4423557275012064	0.3809791252639195	active
14.275689064205928	0.0750180705593464	-1.3405903958805747	0.39391539120964403	20.025641025641026	543.9910000000002	1.205128205128205	3.4034587244860104	1.4070014541214582	1615.4085938460269	-4.4399999999999995	1018346863.2989768	4.359979381103367	83.15951749235721	45.23812875446029	141.60999999999999	6.0	6.0	2.728300000000001	0.14168255377447547	0.8498174551680995	0.00013627489040636957	9.634958780888592	0.6868817807256603	1.2275363478437624	6568.617703422082	4.411333754521284	0.2987911523454813	active
5.294334609494241	0.08211514343774429	-0.08211514343774429	0.11783105826800559	10.0625	239.30800000000002	1.25	2.24552472640308	2.604264374830468	410.8999319650089	-2.0899999999999994	3350.3228917933952	4.419468990214426	24.26546827384644	11.127206338321884	125.98	2.0	1.0	-2.1944999999999997	0.5141562638139768	0.9793486494988262	0.00175198786717065	3.2014905114022945	0.9177953988349612	0.9260044666250005	2378.0735337063893	3.3877501385031077	0.3249205119128912	active
13.2817021499958	0.3055648468659067	-1.1499229444864374	0.42209057722113513	11.705882352941176	497.3180000000001	1.0588235294117647	2.8096177559421225	1.6227948373362393	1510.0102866250957	-3.9499999999999984	40636024.19309352	5.16294171952952	103.5682700431109	21.365437627441572	124.26	6.0	4.0	2.5169000000000006	0.13818876563364252	0.857539011685873	0.00025016423262699757	10.540439658298702	0.9284446604372546	1.5493555661796747	6698.381539552184	4.2094412362510685	0.5433345992729183	active
12.234629629629628	0.09044028722600128	-0.09044028722600128	0.7497925260904745	10.136363636363637	286.33400000000006	1.1363636363636365	2.551138689578221	1.7997728140683686	872.4876207433254	-3.119999999999999	143277.05108409206	2.9665624675934352	72.05152667431302	10.891158250298714	41.99	2.0	3.0	3.3973000000000013	0.525846118982016	0.9806464044871048	0.0011232526512861315	4.961169514350645	0.9161409865708509	1.0020893247392766	3816.478928965811	3.91956971704732	0.23621564702380857	active
12.901112056797515	0.01293361750883415	-4.469355320331466	0.6877678143965636	18.033333333333335	421.3790000000001	1.4333333333333333	3.189842094769518	1.6494876682100994	982.2799902740809	-3.420000000000001	4917132.0195609275	4.760625971065234	47.544095830004906	44.18958080620814	101.11	7.0	3.0	2.4639800000000003	0.6294258225371195	0.9895448806700211	0.0006486266122295017	8.015988555818224	0.9242544705290341	0.9077260066047828	9131.602310634287	4.9243839692102975	0.16565355019766678	active
14.311446811749391	0.07930193145610587	-0.9684199420508952	0.28677224397945333	15.05	540.6390000000004	1.05	3.507727959191176	1.4997677469649302	1441.7810652970354	-4.329999999999999	1292284919.7516358	5.806615713160234	113.9156636332572	39.77173904327306	79.54	5.0	5.0	6.300500000000007	0.33747303896037817	0.9498239064218617	0.0002779842669625903	8.11896131814992	0.8960018845533012	1.304303356680575	9233.184430233194	4.588064682874379	0.3253462929595533	active
14.123336329608875	0.05011081400800821	-0.9638969854917274	0.3448476656665354	17.973684210526315	529.9840000000003	1.105263157894737	2.929485549590279	1.300887473841111	1556.562494687938	-4.209999999999999	613581469.0151292	4.505152425836379	83.27100355966743	41.540836835535835	114.47	7.0	6.0	4.062900000000003	0.27528001426597754	0.9329798959765339	0.0002105558343175272	9.214887956099655	0.8476634182735738	1.2478153236868377	9481.20168713926	4.82650756265909	0.314711361598575	active
12.847243456679092	0.00947798563870017	-4.5471295938409035	0.889486535263782	11.916666666666666	339.325	1.2916666666666667	2.8755356440519746	2.3452164084408804	786.6413621514662	-2.8299999999999996	158344.24577536603	3.396001474848616	23.65106662977161	26.79611376801783	91.45	7.0	2.0	3.0443000000000016	0.3643957351267711	0.9556565280242456	0.0006940981941142248	5.9113726040769174	0.9128544519343393	1.0363930127634617	4076.8151787230986	3.8112833940934587	0.3657105501422448	active
13.15695167058593	0.03144512946235478	-4.169207185288832	0.49891825531181555	16.484848484848484	524.4310000000003	1.0909090909090908	3.3649421604664282	1.632931994099753	1270.6814911649938	-2.6599999999999993	33012141.938777868	5.136873484827404	80.56913237655507	55.79215474171532	101.75	7.0	4.0	4.070100000000004	0.1423028593335142	0.8579774217948308	0.00016391357999688986	10.306456463154243	0.7254197093115539	1.309809427995406	6249.7817859128145	4.288604630546932	0.42252979408543667	active
13.559485067576926	0.03424160186087488	-1.1316543839758133	0.5079750236724464	12.0	464.5220000000003	1.1470588235294117	3.3588694465066076	2.067781595704499	1106.467588887001	-4.01	38332815.413223155	5.859382845394795	78.26952302666785	40.903260158974774	114.63	7.0	3.0	3.4345000000000017	0.26702992289854666	0.9264312395598668	0.00034342508528942696	7.003500638726781	0.9555040956706092	1.2844106322984574	7061.705724098428	4.3070676580432	0.36845644013298684	active
14.318778673927483	0.1238138041411847	-0.9120340450995212	0.3495148803173635	18.825	561.0860000000002	1.125	3.256081747104529	1.3213991580153133	1544.7364500084705	-3.659999999999999	1742997204.3149455	4.8912143098302625	76.70172091444121	60.12655810502142	93.54	8.0	6.0	4.215520000000003	0.18186500643706677	0.8918868558965679	0.00016449640537913256	8.212453050932142	0.7972703997824669	1.2397886160249116	8544.133784675363	4.634973797250452	0.30137797025062646	active
13.343570050101038	0.05018331177762869	-5.43781069418114	0.10676011790295757	12.833333333333334	898.8440000000002	0.45	3.1490588904047425	1.3410872769646487	3118.4301644690704	-6.520000000000001	4096122989655.729	8.07222244352621	72.79640482153933	66.10178251463226	394.85999999999996	22.0	6.0	3.4360000000000017	0.26625734584345795	0.9298903580688143	6.741119457242375e-05	22.740662664173996	0.8528047017509872	1.8563485294588369	29329.992791853027	6.517983441583561	0.3651925262126492	active
14.131802747333502	0.03023488351788539	-2.5826540629045427	0.49502912040384534	21.405405405405407	529.9710000000002	1.1891891891891893	2.888679464773208	1.5303665886244646	1318.5557910886398	-3.299999999999999	244294622.8527754	5.104843895191387	65.44434142789574	60.53093558395917	80.76	5.0	5.0	4.819900000000004	0.14536705458784685	0.8675274671992889	0.00019261738810465008	8.880686548257755	0.8620558732455998	1.3340490488690608	7756.734413402339	4.4754390362157315	0.4043011448829155	active
13.258058075081884	0.2105208333333335	0.2105208333333335	0.5060841003389492	15.0	392.56800000000015	1.0714285714285714	3.251415473481213	1.4788508570472292	894.6238524761443	-2.1999999999999993	4978723.4409371605	4.794233988467978	64.61255100986001	22.335824387061766	33.2	3.0	4.0	5.838000000000005	0.16806949449927835	0.8455798081910635	0.00017706745680638977	4.9184288831581044	0.5990626464675215	1.1015834396231445	3796.5338204429136	4.149268190291972	0.2619285751411257	active
13.716366134672777	0.02672133972023305	-1.1617499311988853	0.3167079494698928	11.871794871794872	526.5930000000003	1.0	3.490049934767437	1.6255057349493869	1383.065396754364	-4.79	620936059.238877	6.952809236659531	114.16480986067292	34.29637819446186	114.63	7.0	4.0	4.614800000000003	0.14800353434514987	0.8680288148970975	0.00021925407590833853	8.352625977984827	0.8946841058836182	1.5778427529616244	7352.929886799889	4.3196700527662015	0.5081557089759801	active
14.155589707233482	0.018224442554800158	-1.138358774562779	0.49325191352530995	19.783783783783782	523.0330000000002	1.1081081081081081	2.9233024589744216	1.4434475789111718	1288.9172219166321	-3.1999999999999993	291739925.8920867	5.27536892361111	65.44434142789574	77.6422307947806	95.0	6.0	5.0	3.4639000000000024	0.25092706936156295	0.9197612880837244	0.0002755038762794678	7.6822336398052995	0.963335245584724	1.5966548624735506	8582.456235525267	4.479277644135608	0.4421017750276619	active
11.694853788737717	0.0671352985638698	-0.23265778533635695	0.2862371144515137	46.55555555555556	248.32199999999995	1.5	2.8971926240236776	1.8718855808190114	437.01966796835336	-1.09	18095.86512965189	1.8112085008859515	23.801164850570913	23.778288874432143	38.83	3.0	3.0	2.7620000000000013	0.15920226796547823	0.8687023004405843	0.000805335952578942	2.827232374547726	0.7055484584494518	0.8653540335241641	1247.8948382182011	2.7996352458301685	0.31864480019036995	active
4.756018518518518	0.5787037037037039	0.5787037037037039	0.42720022942752706	8.75	148.276	1.5	1.6856161633204378	3.5208600674451374	78.49785513558373	0.10999999999999999	47.19725257297226	2.425723536271458	0.0	22.309956628234602	3.24	2.0	0.0	1.16	0.2162944886973628	0.893317974502008	0.0021215692709724153	1.4004255853331193	0.6361323355925922	0.6558465556257855	424.404834335024	2.1660929187263425	0.37088308421085114	inactive
13.413797693693006	0.07942066814992543	-0.9623475395923091	0.35218969434333536	11.694444444444445	497.94600000000014	0.9722222222222222	3.4298925515903838	1.3544187916277122	1516.1833884486261	-4.629999999999999	249329728.03556803	5.208222428017047	107.66694833666536	37.00559291440618	114.69000000000001	7.0	5.0	3.9026000000000014	0.19143405917072656	0.8898967036445968	0.00013459426232479305	9.437458513530187	0.700428733294712	1.2313364428814793	7990.651061618	4.970348736428225	0.27453251997894135	inactive
13.662241433610479	0.009293481668421366	-1.576800280297304	0.42727165314970844	12.558823529411764	493.3540000000002	1.088235294117647	3.2138951096412427	1.7475155229749806	1470.8473297815538	-3.9299999999999984	45373404.77387256	4.31161537734499	87.92119779979562	26.57882272309644	112.69999999999999	6.0	4.0	4.430680000000002	0.1331820361600171	0.8370724930560197	0.00012957224071485606	9.74297921215957	0.6725607985993832	1.4408076205989575	6381.029872206888	4.619849322542423	0.41146002776589785	inactive
13.17520809712774	0.10350670823885055	0.10350670823885055	0.6813170466380937	45.92	334.41900000000004	1.24	3.095211836428409	1.5524232297011886	848.052733715765	-1.6499999999999997	1919093.2428223423	1.3322788891531836	41.478044402446585	48.69113228258427	32.78	3.0	7.0	2.0925000000000002	0.19469347053822947	0.8932441919426952	0.0005493833584459343	4.4234491987989335	0.7118762665934116	0.8965257939558389	2051.7973079855656	3.0519464188263785	0.3499769567656304	inactive
13.537957135690721	0.051676658445237056	-1.081717424624171	0.4124092425774893	11.314285714285715	468.48800000000017	1.0857142857142856	3.4261598167526133	1.679901974484071	1333.121229135373	-4.769999999999999	121413729.93245398	5.596602937287506	119.72107769541589	23.343094385562793	99.23	5.0	4.0	4.432380000000003	0.1233936329621675	0.8300348375995921	0.00016619233499471145	8.782467857636027	0.6861177835169686	1.435410152730978	5078.982621459893	4.210364567580602	0.4357096899554568	inactive
14.339453656571035	0.10358672112737133	-1.0576887621056994	0.27056874581717527	14.577777777777778	613.7380000000003	1.0444444444444445	3.5204537419466373	1.4445020534064161	1564.6698535750663	-4.479999999999999	13412172619.680178	8.371711495327736	107.4557047104407	76.08490710227792	105.48	8.0	5.0	4.188900000000003	0.19777074243934734	0.8985533305720678	0.0001558389441596854	8.858992454032899	0.9120709575980397	1.8342276907054587	12163.287152382154	5.053880867499193	0.521687878166674	inactive
13.519597033257746	0.09553728898966951	-0.7736324877173093	0.7217725881134042	18.59259259259259	381.8630000000001	1.2592592592592593	2.6864841255330916	1.7738105908296506	1002.3882082349483	-2.629999999999999	1873419.7049405014	3.1324804563727713	65.44434142789574	31.090468603401398	63.25	4.0	4.0	3.766600000000002	0.1569809269859131	0.8763817571795609	0.0003931012984876709	5.931522532318375	0.8165807937034828	1.2768502727758588	3522.0211492835297	3.6026437690802595	0.5362389410204016	inactive
11.912514076103694	0.08295170382967987	-3.3166644227135307	0.7838526158862515	20.9	316.81	1.3	2.454716270439051	2.3106959216524765	576.5388818201003	-1.11	29319.131134124025	3.3107815574678248	35.89528683400505	55.30014428204662	57.690000000000005	3.0	2.0	1.0703	0.3544072397367506	0.954016030105655	0.0006953525688970818	4.442580731135571	0.7954007915770783	0.8807898945105874	3035.2864427252803	3.552226216554256	0.307699694123294	inactive
12.539518613000755	0.27613465293524864	-0.431924148332427	0.6894942168033773	10.538461538461538	351.38200000000006	1.1153846153846154	2.643164745636648	1.6933881914181284	994.5128948266461	-3.28	838345.7781973039	3.6914577664665043	70.0116436102107	26.168615641054533	78.72999999999999	4.0	3.0	2.2830200000000005	0.3271326368734647	0.9470471213891224	0.0006019588027352196	5.607479083814575	0.9036622552596874	1.2207520546544068	4224.8617066337965	3.8471551614616475	0.433998970216076	inactive
13.276916650919626	0.08349527941639479	-0.44344954648526147	0.6949663952768478	16.275862068965516	408.8890000000001	1.206896551724138	2.7323285475536863	1.6499276264552347	1080.1002555250952	-2.959999999999999	4555015.739712894	4.0854532042669796	71.00779291959275	41.835432505003034	74.33000000000001	4.0	4.0	3.1721000000000013	0.17319082353067453	0.8774393133810996	0.0002453666622608283	6.520411833602661	0.6960406875155656	1.18897256748397	4116.187532676085	3.9665678404556592	0.3362488488752364	inactive
12.22498299319728	0.024907407407407156	-0.5730035903250192	0.5423999289187837	10.6	306.32399999999996	1.1	3.1854593216195974	2.0634177228860215	759.597600257293	-2.3199999999999994	72080.57352960826	2.0419085187989046	61.374997216655075	16.723153149855325	87.11000000000001	7.0	3.0	1.8930000000000002	0.23377554054106148	0.9115170577322115	0.0005881015062364546	7.459063673683291	0.6980046518471117	0.6272543029220292	2014.398899784334	3.15212796581133	0.1438208797289575	inactive
13.51316275352734	0.031996422797514024	-1.1314417989417997	0.5503035322166541	12.0	450.49500000000023	1.1515151515151516	3.352491929895563	2.0982194903104436	1090.1430767716543	-4.01	24198501.309469685	5.6222381786752225	78.26952302666785	41.40617573573939	114.63	7.0	3.0	3.0444000000000004	0.007222665788422853	0.5050799911999541	0.00020359952382778242	6.992890025958939	0.9284832893880779	1.7022143216284282	4905.961419666741	4.046114714496509	0.8024912420083643	inactive
13.610431272045858	0.08229422542005782	-1.081713907785337	0.5792202850122019	12.029411764705882	462.55000000000024	1.0294117647058822	3.3518028792331918	2.085798676474387	1117.8671270461175	-3.939999999999999	34328414.2852614	5.696034295374956	84.07493708882654	48.24552781111916	95.75000000000001	5.0	3.0	3.564600000000002	0.17539544455183703	0.8884184099527341	0.00022843159423953849	6.591081073081274	0.8433930431741169	1.3781745891337787	6783.5725204628325	4.474174108247095	0.3440300871758152	inactive
13.452903283459325	0.0005010764381254695	-4.592716749725159	0.3609824657534445	11.75	496.46400000000017	1.1388888888888888	2.859936548636218	1.984594664725258	1300.286597719166	-4.52	70989791.16034979	6.32615358565914	107.7169733576469	23.343094385562793	86.09	4.0	3.0	4.730380000000004	0.139673604145394	0.8536185014622426	0.0001375486128783017	10.225436399937568	0.7136054921844358	1.4372487875471536	7107.336544019039	4.734303069998189	0.40106899657998984	inactive
13.205152588813302	0.024389644746787953	-0.9565028580876795	0.7351810038234337	23.64	350.805	1.24	3.2037021244380597	1.5629878998191438	1014.2537162435424	-2.429999999999999	1276630.4447588245	2.1100827467674437	71.00779291959273	10.891158250298714	51.22	3.0	5.0	4.5873000000000035	0.3235644308710824	0.9456687516436081	0.0004847169570846679	6.076756025193266	0.7557811182589259	0.6526604956787125	3624.470492081847	3.771406291540375	0.12612386435612968	inactive
12.017516061980347	0.09368709057697133	-0.2517328042328042	0.7944538771669135	10.409090909090908	312.75600000000003	1.1363636363636365	2.5342456995710876	1.6837584889409913	815.1229284169716	-2.5899999999999994	136717.48700046103	3.3499669069439464	65.94725700466036	17.49804021481163	51.22	3.0	3.0	3.9057000000000013	0.5376981946162215	0.9818738177669222	0.0009970430827938182	5.556019574711533	0.9174488226049342	0.9114892533189488	4454.086012376931	4.043907679860195	0.22555871157718899	inactive
13.691674973230034	0.05375396808609456	-0.9796362433862436	0.38853986421711134	12.088235294117647	453.5420000000001	0.9117647058823529	3.3779561085994754	1.8208339374263145	1229.8230685086685	-4.1899999999999995	59297668.4290122	5.066838128734051	114.4067724311346	16.79833797965022	75.44	4.0	4.0	5.998900000000005	0.13488971565712246	0.848829572486973	0.00018327850664989417	6.916731031815318	0.7121908654207992	1.307393673772629	5234.791642872682	4.261228886627747	0.2928383039343522	inactive
12.074044272801713	0.007276234567901607	-4.285785027662732	0.8857017808864864	11.08695652173913	352.803	1.391304347826087	2.3809237873532596	2.131486862294101	839.6660654635665	-2.1599999999999997	84746.60128705192	5.51404948331461	62.66976031626794	19.308955234627653	114.03	4.0	2.0	3.5268200000000016	0.31444129334975685	0.9445378335262075	0.0004571326350026163	6.758102238080988	0.811694680617739	0.9769006125053709	4388.70671420631	4.049557376591022	0.2418950969576062	inactive
13.311043713781807	0.3818231905046474	-1.1033313911984546	0.44170586553239405	11.705882352941176	477.9080000000002	1.0588235294117647	2.828837748695329	1.6232845699153875	1506.0131115970992	-4.239999999999998	42733639.43202358	4.889844665299138	104.61200379783119	25.932537275232928	115.09	7.0	4.0	2.2448000000000006	0.3311944054428021	0.9468556155192809	0.00020940375279219884	8.843030370263502	0.737027288315105	0.7816912442032395	8064.679493626691	4.854669833479414	0.11513345977747469	inactive
12.043574735449734	0.0916484001007809	-0.0916484001007809	0.8033024021850661	10.65	285.73400000000004	1.25	2.8210023287744006	1.7589737347978533	766.4094312309174	-2.3299999999999996	58939.201655083554	2.6504706869318633	65.44434142789575	15.521259431268165	46.400000000000006	3.0	3.0	3.1689000000000007	0.6225619854657956	0.9889924342663587	0.0014492044039967939	4.895664212236049	0.9410954721803103	0.8611015419138385	4130.242139503624	4.005443185790777	0.19773607942475752	inactive
12.508786478038823	0.1246578016473403	0.1246578016473403	0.45406396462781595	12.966666666666667	418.9680000000002	0.9	2.9147546016999986	1.4081703005621757	968.0519988626901	-2.6199999999999988	8653416.73367421	4.745793937932701	94.50939261037166	37.36509587763034	23.55	3.0	4.0	5.7815000000000065	0.4869094779070706	0.9762276069503831	0.00045818507562312674	5.78711267827224	0.903597134714099	1.2616966106299181	8221.552214014331	4.798299286738356	0.3327492029303359	inactive
12.773624811035525	0.23613914084152143	-0.23613914084152143	0.71802239494843	13.291666666666666	339.782	1.2083333333333333	2.611582360660766	1.6683265371901423	923.7858655133384	-2.789999999999999	482583.8580970603	2.630513447978983	59.88088993619874	24.166731403710774	54.46000000000001	3.0	4.0	4.319100000000002	0.3921828814453827	0.9617239251718769	0.0006702516321936749	5.933613036429144	0.8882214297793376	1.167830681011603	4295.58158535294	3.922719882872192	0.3369493234665499	inactive
13.824878196649028	0.10026735848660429	-0.8169640495086923	0.5151495365946167	17.741935483870968	439.94300000000027	1.2580645161290323	2.79075224248846	1.677886551586157	1069.6238065202367	-2.669999999999999	13423389.911766337	4.513524014454566	65.44434142789574	44.304232532427235	72.48	5.0	4.0	4.173300000000003	0.08217627959981684	0.7925791409661006	0.0003104338946583833	6.438162799797698	0.9463898262636311	1.408718417438747	4731.573696789962	3.8110837414859082	0.5582264578917615	inactive
11.939225403124212	0.05337165112958697	-0.05337165112958697	0.5341914417041845	11.0	260.296	0.95	2.5298485590827835	1.8543385661804006	779.1117004520452	-2.8099999999999996	61758.66302432891	2.6165218343101175	78.25802328429837	15.751201988259357	42.85	3.0	3.0	3.525900000000002	0.6448193920542823	0.9905400487304624	0.0014846041308052276	4.6316829655676965	0.8627760522662238	3.125393930892422e-05	3653.891019297061	4.03362023317393	2.9541658400209374e-10	inactive
12.340656651549509	0.1275925925925927	-0.9696759259259264	0.5055052971214055	14.88	346.33900000000006	1.04	2.5932665724561046	2.803490087611988	771.1110283918142	-3.1599999999999997	291739.89613473933	3.232043293699175	62.48352572055921	31.081516707276435	107.77000000000001	7.0	2.0	2.1756	0.10131768949271316	0.776525230883358	0.0003356866486797981	5.686913158634396	0.6459601937059563	0.9161038992660161	1972.7747710983438	3.167821693017295	0.3546735900075244	inactive
11.212870370370371	0.004629629629629317	-0.38870370370370355	0.5796806794408671	14.461538461538462	173.14700000000002	1.0	2.1157745975987363	2.7569605368382883	429.7960406537963	-1.9	1095.9712415561455	1.0518261614894997	41.478044402446585	11.566489892729878	57.2	3.0	2.0	0.6954	0.2602687929209003	0.8972641133055612	0.0013120464074431557	3.8723402072432536	0.5585058200010213	2.5265311439555873e-06	538.4944442215095	2.35976783038032	4.642706025318509e-12	inactive
9.802662037037038	0.1712962962962965	-1.6417824074074072	0.3780091246547498	8.142857142857142	165.95	1.5714285714285714	1.6457113704075785	3.577919926272439	98.3531421217447	-0.3800000000000001	27.977093296928835	2.331743772241993	0.0	17.082639881378217	57.199999999999996	3.0	0.0	-1.2997	0.5587826542753781	0.9840229653538975	0.007472448249059957	3.6009797397372574	0.8952213447592964	0.37172467636071255	602.3882681565445	2.0502017631790173	0.2837090477239669	inactive
13.503478499985778	0.07304560647446978	-1.0419479612832794	0.403811640409882	12.028571428571428	494.0100000000002	1.1428571428571428	2.8121157376617885	1.9527607945526932	1205.3243100351863	-3.5099999999999985	40666241.90004908	6.763556991080804	107.17615517969124	23.343094385562793	62.300000000000004	3.0	3.0	5.790800000000005	0.18580285959392154	0.893948682829053	0.0002393829318215043	7.496636619548359	0.8692451585731438	1.4482277789620548	7042.863027175801	4.359357363069929	0.4853790500927037	inactive
13.678485922146635	0.07762062232300293	-0.7649519321617535	0.721898104759747	18.571428571428573	395.89000000000016	1.25	2.6805031733441798	1.7899081284793672	1031.9705307998033	-2.629999999999999	2556213.602202557	3.317848739880587	65.44434142789574	43.038050316929066	54.46000000000001	4.0	4.0	4.108800000000002	0.24597064989641376	0.9210329785310234	0.00043455574446228657	5.9386485423786155	0.9048758550183766	1.3286709052599408	4837.736568087215	3.936000712266716	0.4622219523313341	inactive
14.178375713194296	0.1896470376998871	-0.9789708096086613	0.26522520408990113	16.05	561.0380000000001	1.1	2.9616836614951816	1.431030608677116	1557.4175929219334	-4.339999999999999	1092122911.5081766	5.658038109366265	89.20689412497758	43.66665585586616	124.80000000000001	7.0	5.0	4.209700000000002	0.39315055309784647	0.9621060201690856	0.00023742797150297167	9.08721612993742	0.8676309435304527	1.1748715692507081	11627.646978893414	5.055978982772553	0.22184365022589886	inactive
12.005717120181405	0.0375925925925924	-1.2579220731502476	0.6279689901206734	29.0	255.319	1.411764705882353	2.5801044899782335	2.100769260851897	363.7280441802297	-1.01	8524.665234888083	2.6337635473704637	11.105091403710494	47.18736208647539	63.68000000000001	5.0	2.0	-0.40510000000000024	0.28168618058164363	0.9340091887272332	0.001292250823041434	3.5109387194204666	0.8996480831255561	0.9890338473265297	1753.1840064994624	2.9347879774830203	0.4571684224778567	inactive
2.3798091458805746	1.0257168950377824	1.0257168950377824	0.5335131251851576	12.96551724137931	385.575	0.6896551724137931	2.783247866409323	2.063565114206357	900.2629073918202	-2.869999999999999	4582873.670846661	4.762819491901809	95.6013915569533	36.466236485900815	6.25	1.0	3.0	5.954000000000007	0.3048539714353828	0.9387379343660753	0.0002643491714311618	4.415863042478066	0.7178706241814683	0.8929813233876941	5656.6464887710845	4.590756233143396	0.13764690577355318	inactive
13.53232662509448	0.05559840720908871	-0.9575035168388351	0.4429531885004654	12.028571428571428	473.5920000000002	1.1142857142857143	2.8121157376617885	1.9527607945526932	1199.0487989940996	-3.7999999999999985	40666241.90004908	6.626926855111976	107.7169733576469	23.343094385562793	62.300000000000004	3.0	3.0	5.445820000000005	0.12209712766132083	0.847986557030123	0.0002068496393046772	6.693808573901917	0.823815126702253	1.6485341654254082	6190.337886310683	4.321285202834052	0.48528589965379226	inactive
12.257933358528597	0.07603757181519666	-0.3878128570196575	0.8083156546747973	15.52	336.35100000000006	1.48	2.5500896753174622	1.702542938041181	864.8651664610767	-3.4	359991.0592852155	4.118190643491125	53.34950989216358	23.026239150385088	104.11000000000001	5.0	3.0	1.6676999999999997	0.38370024899750754	0.9599183534403883	0.0004372838653530612	5.845179063360882	0.7881394396044038	0.8900796814845503	5068.166818705684	4.4466386958868815	0.16495021766941304	inactive
13.381339955939524	0.026874475098681128	-0.026874475098681128	0.46526759426028513	14.129032258064516	433.53700000000026	1.064516129032258	3.484519824710764	1.3996962841955873	1150.4147582785715	-3.2299999999999986	30224836.464175556	4.304722711996535	70.92088064878332	47.204326309303575	63.49000000000001	7.0	5.0	3.562800000000002	0.5286115798509483	0.981074815598329	0.0005305102149115415	6.634178312820367	0.8928778160385268	1.0725982061622255	7761.038121495498	4.5734687756769015	0.19012326713014457	inactive
14.137706143063285	0.11646797454955449	-3.003101215954495	0.3491352000047134	21.82051282051282	566.0830000000003	1.1794871794871795	3.547045970194298	1.2610242296706973	1651.4778563241475	-3.4699999999999993	1039183889.2313985	5.113790911336116	83.40148006281889	53.74678556199294	115.21	8.0	6.0	3.893100000000003	0.3057767151877675	0.9422323535096366	0.00016530729340895407	9.020422935767138	0.819033380391469	1.2935828360496797	12114.856095687306	5.304878668346305	0.2785662935802513	inactive
14.19966677898461	0.1127497028968969	-0.9622215556682652	0.25620821885443035	15.878048780487806	575.0650000000002	1.0731707317073171	2.999674824057457	1.3994367861327763	1574.4435813463372	-4.339999999999999	1906660252.9149437	6.058858513184273	89.20689412497758	50.714327838543355	110.81000000000002	7.0	5.0	4.470400000000003	0.3796871361786329	0.959608847138213	0.00019448253702801478	9.078237297424838	0.851031930501527	1.256767586779971	13236.808273175982	5.370027166158876	0.2241644297541641	inactive
13.271148536864324	0.023423198174280513	-3.904483082170221	0.6341182099735219	17.35483870967742	463.9870000000002	1.064516129032258	2.7868338179541023	1.7818826856200671	1012.8113505542979	-2.4199999999999995	8063224.316833507	5.637278045231928	65.72420659954848	67.53815206294726	86.79	4.0	3.0	1.7942199999999995	0.18483714673119842	0.8935721399956469	0.00022975334067446606	6.79086132480579	0.7960917177129786	1.3498479116497402	6144.6306672753935	4.321233207988638	0.36749156645127784	inactive
12.141428807634163	0.10959246661627597	-0.10959246661627597	0.9467023024765138	13.19047619047619	302.76100000000014	1.380952380952381	2.4739761554776227	1.7312437002469676	673.0765942666076	-2.0700000000000003	80913.86414105113	3.3362088175688824	52.80869171420791	17.49804021481163	51.22	3.0	3.0	3.241200000000001	0.4562317806861548	0.9723512385617409	0.0008713452895938029	4.714077940461433	0.8675445681402713	0.9379212915175492	3698.8211549422604	3.8462794298791265	0.2381485899241172	inactive
14.02923146573444	0.037755889392794506	-0.7326886101662891	0.687464767157707	20.967741935483872	434.9270000000002	1.2258064516129032	3.0978513775702243	1.5873819636937911	1191.9177824124197	-2.9599999999999995	17084823.826976933	3.266840477604982	71.00779291959275	48.380188910915614	65.54	4.0	5.0	3.124500000000002	0.23148907945222688	0.9135924855012844	0.00024155467025131292	6.7675976879394275	0.7330307600240095	1.0603825561642894	5470.518297492903	4.284523389127646	0.2534101278379422	inactive
13.613729406516203	0.15064154797418006	-0.8893747375493415	0.44108573063191664	13.818181818181818	437.49900000000014	0.9090909090909091	3.504142877047988	1.5782431578027039	1218.8786066935406	-4.189999999999999	75605078.3506142	4.549875454479748	108.84332093943763	22.84017880879818	75.44	4.0	5.0	5.008300000000004	0.20995664214824128	0.9032262774135804	0.00032350406140093583	7.153542982386327	0.9370688565002777	1.2140078690663167	6324.691329122929	4.272274849627254	0.36860254848498036	inactive
12.392256697926836	0.01466115880569463	-0.0582892112521054	0.7067257241893371	20.785714285714285	428.36000000000035	1.1785714285714286	2.7330131503576736	1.564811517059715	687.2735264843418	-1.34	2376978.0612342786	5.8301314083023055	34.34863750252015	66.88697191805043	61.88000000000001	4.0	3.0	2.2657999999999996	0.3152171530029339	0.9439438349938638	0.00033043481138955423	5.666136662858232	0.7701671257566827	1.030213063478414	5437.892426077093	4.160459153824855	0.2644879664573369	inactive
13.82975442405051	0.057125537351457645	-1.0808739344503249	0.34613865790670845	13.35897435897436	526.5880000000004	1.0769230769230769	3.494027511761428	1.4963068780732602	1439.7367133042028	-4.46	1030779457.3031404	6.004925993819241	118.71524654188664	28.24300411641327	98.50000000000001	5.0	5.0	4.508700000000004	0.0396586248433151	0.6989680505174218	0.00016065128501558244	8.51777839938499	0.8092950892147361	1.671427118095451	5700.733054378669	4.10908037607497	0.616996380156487	inactive
13.619513260064863	0.19009227765180126	-0.38441484001007864	0.6310806596857562	16.03846153846154	390.24500000000006	1.1923076923076923	2.624360948979882	1.685812377025862	1025.0820208066714	-2.369999999999999	997509.0992634572	3.0845553970331903	64.15146144575974	17.43591465621129	54.02	3.0	4.0	5.218600000000003	0.39905581771176535	0.9632544738598212	0.0004896523690747179	7.330594300849487	0.8530259119821443	1.01153594944098	5532.8137945394365	4.198959344282516	0.26591483307533353	inactive
14.250229035924935	0.20339770192889262	-1.0058131406832698	0.23639250119821742	15.785714285714286	591.0640000000002	1.0714285714285714	2.9968489509376304	1.446520537121265	1600.3537841008783	-4.539999999999999	2690651813.168011	5.9029230700993605	83.14052705651598	50.7764533971437	134.03	8.0	5.0	4.218300000000003	0.3170039212863764	0.9446175153140864	0.0002016467036839388	9.484281644649384	0.8937414004710789	1.48167577677536	12070.61256771106	5.03837120783092	0.3946795658826901	inactive
14.173002052494295	0.16756085601774595	-0.9531196460065501	0.34380455304713314	16.657894736842106	526.0000000000003	1.236842105263158	3.4974974456912387	1.3459921514793844	1729.4612086130533	-4.389999999999999	741557448.5272813	3.9483448566147694	89.09540805766736	38.22397597043222	109.27000000000001	8.0	6.0	4.194880000000002	0.2434170211494325	0.9216501257472401	0.00020801753097753043	9.117645499359554	0.829311203640915	1.1713598980900617	8520.769489363258	4.653591407936859	0.30035034265823457	inactive
13.726803981936106	0.014797178130511623	-4.147009282879816	0.7731762054744727	17.318181818181817	352.79000000000013	1.1818181818181819	2.7486541991566042	2.2314607388017795	669.2490904029931	-1.2500000000000002	77121.739519936	3.55748240430577	29.833542887476618	55.58913150444779	57.690000000000005	3.0	2.0	1.4266000000000003	0.2737321224037339	0.9325159528870784	0.0006118648732479274	5.9929080475727705	0.8410131959668324	1.0676987465487195	3201.017107329382	3.446609806650238	0.42311222401218773	inactive
12.098600245653817	0.1361337868480723	-0.1361337868480723	0.8051952011122818	10.523809523809524	297.74500000000006	1.0952380952380953	2.499328818970411	1.78543950554549	781.6388977295804	-2.4599999999999995	83397.60403140467	3.17244814374422	65.70529443419868	15.875136771245923	54.88	3.0	3.0	3.4644000000000013	0.6155331137379677	0.9884769054347173	0.0012884145133988864	5.386836704973577	0.942390725798857	0.8511341447440699	4553.670057887674	4.121845871919128	0.19609635712420456	inactive
13.671539656100304	0.2269063663242059	-1.5541235821374264	0.30105680452145595	12.405405405405405	537.4030000000001	0.972972972972973	2.8900543011380333	1.5853356506262464	1488.5289362246224	-4.139999999999999	161771136.31271756	5.820606174108472	100.29589450718052	29.31239967351464	123.40999999999998	5.0	4.0	4.689600000000002	0.2509283521992259	0.9170816495061069	0.00011562048474259243	9.963277886035268	0.6816153920463675	1.0016099521368926	10078.557086631836	5.349694449824107	0.16784803284204752	inactive
13.154276738473165	0.0656781462585041	-3.444672794629279	0.7106900480338649	17.285714285714285	415.90200000000016	1.2142857142857142	2.6632933016681135	1.7202794474384606	1175.034397723273	-2.4799999999999995	2167547.8864956107	3.6052578821226353	71.00779291959275	36.41469681534786	79.37	4.0	4.0	3.3857000000000017	0.32310051781261573	0.9455462865010036	0.00035605946877040686	7.089933955310227	0.7557086362975416	0.8408885414287234	4927.7843782780965	4.039193659748076	0.19989898972745537	inactive
14.427750462520482	0.15245814198063323	-1.0466037966112376	0.28247245494098344	18.15909090909091	611.1020000000003	1.0227272727272727	3.0611325873732866	1.2505315854952004	1919.3753596088045	-4.509999999999999	16063826672.961468	5.146107950944636	105.75754177571449	59.73074648878419	110.09000000000002	9.0	7.0	4.181500000000003	0.19205971684679565	0.8964728713271487	0.00013258535459243254	9.999392920710736	0.7681600684925275	1.4230782241527746	10044.018372336286	4.863801157998207	0.3466723671421713	inactive
12.510938538489112	0.14330750992367158	-0.4500005558869844	0.5807889040421976	10.4	424.8840000000001	1.1	2.734159408641116	1.8735591391465969	1098.3112563969394	-3.379999999999999	4851462.378939302	4.960736368310417	76.57124441128975	31.08005862080563	77.52000000000001	5.0	3.0	4.6868200000000035	0.40672517130175834	0.9643902182461631	0.00034748235480857795	7.096640119076686	0.8874204130885303	1.2960196392428978	8568.948555613435	4.944931831617788	0.27626634998669886	inactive
11.437843561360877	0.0222993827160487	-0.07087615096543654	0.7907009328583757	16.63157894736842	302.1810000000001	1.2105263157894737	2.372589839257325	1.9000049365994442	439.70648078975404	-0.9699999999999999	19303.390932197595	3.9954808913727837	28.785186010823153	47.76602825967309	46.61	3.0	2.0	1.2965999999999998	0.564545000351212	0.9845290128133327	0.0010710464859538353	4.515450902468126	0.85388173905942	0.6072320716736073	3885.0748625045994	3.9084480610430643	0.16048808871440304	inactive
11.130016534391533	0.18324074074074104	-0.5687944066515487	0.48878133498627435	10.357142857142858	192.17	1.4285714285714286	2.1859965440290403	2.9048532570690915	368.38478965282144	-1.97	1324.7139056815984	2.5158513680748387	29.838572803915707	13.079102829229383	72.42	4.0	1.0	0.019999999999999796	0.651099764843494	0.9909391920886814	0.0031952066525230928	3.647999361417184	0.8673016563382325	0.09488268499090045	1752.7861793142495	3.244230014539327	0.016843202580637547	inactive
12.851206538170823	0.09970679012345629	-0.30932067271353025	0.7764970923994081	16.5	342.78600000000006	1.4166666666666667	2.962964846617625	1.6797718106882158	937.4852841535718	-2.599999999999999	501846.24496616697	2.486057321079805	47.50619322881384	27.049118383550194	69.04	5.0	4.0	3.126500000000001	0.368369308323231	0.9573395183008437	0.0006302476768392714	5.7369579221314675	0.8385870083953411	1.0329103990599868	3861.3489146818843	3.7801502635979993	0.3166185939615783	inactive
13.586418210050063	0.019162834887041402	-0.9919493260267067	0.8009109072673009	10.636363636363637	298.29200000000003	1.0454545454545454	2.5214310043638792	1.8309484809688574	843.6865913161552	-2.8199999999999994	125582.39260334737	2.7858666810700776	72.05614979624622	10.891158250298714	41.99	2.0	3.0	3.6942000000000013	0.359038401861401	0.9549744262516107	0.0009425318123268994	5.758158262183258	0.8878798486926349	0.7091837208760916	2819.111240235838	3.4097770833264436	0.21398891234806863	inactive
13.728244558530228	0.08011765269424331	-1.0176887020240197	0.35067804973017375	12.108108108108109	517.6300000000002	1.054054054054054	3.420894717388939	1.6941281527867826	1339.2673698390975	-3.9799999999999986	221547596.15236405	6.424418978696706	107.4557047104407	32.09017434839569	88.08	6.0	4.0	5.116700000000004	0.4189859835530825	0.9654096963694406	0.0003364677830871233	8.26015856884774	0.9493632619376577	1.4765773412549192	10273.481001917142	4.806444527044231	0.3309519310253583	inactive
13.443336915784831	0.040464143990929236	-3.794418164999651	0.5833497216603628	16.727272727272727	482.9930000000002	1.2727272727272727	2.775698957043577	1.692551218100687	1376.7149420880644	-2.9899999999999993	19305452.56366286	4.8571043245135925	71.00779291959275	35.911781238583245	103.16000000000001	5.0	4.0	4.305680000000003	0.20922648617178144	0.9034131587348413	0.00018191584549519637	8.050638163645697	0.7363989563444061	1.1168459248689215	6952.328493208411	4.600119893285879	0.28127259833801727	inactive
13.625460005295864	0.028852393064153548	-1.0868953924162261	0.30847467099633846	11.513513513513514	504.5180000000002	1.135135135135135	3.462383654453513	1.6564622822103432	1300.1530227150768	-4.5699999999999985	317323639.45910996	6.557656176855172	108.3522121415602	42.229812753887366	106.79	7.0	4.0	3.9384000000000023	0.1771898987325646	0.87103539615528	0.0001212969139289603	8.77264433263854	0.650493587695284	0.9968531689931125	7101.662387055346	4.813776167086222	0.1743857017373534	inactive
8.736323089866007	0.4050468211976146	0.4050468211976146	0.5098575618617068	15.814814814814815	357.41700000000026	1.2222222222222223	3.426986691269608	1.7426295782753989	1180.5410145014725	-3.33	4279504.462509983	2.6313855379936952	42.4290558743193	19.519035210632982	83.42999999999999	5.0	5.0	5.214580000000003	0.5099082470950808	0.9790479297042843	0.0008131241579511713	5.585032393765012	0.8914566394227273	0.9055010540106893	4799.565867826243	3.9723659708543932	0.22651924065936657	inactive
12.028563869992439	0.1485493827160489	-0.1485493827160489	0.8022492207594811	10.65	285.714	1.35	2.8768354939067122	1.7746352324759036	768.4647087584021	-2.4000000000000004	60410.66853654705	2.6237975003156175	53.57256029727546	15.875136771245923	68.98	3.0	3.0	2.4215999999999998	0.5711185625338151	0.98498304410086	0.0014398432879293185	5.5353542731921115	0.9271255066448496	0.8036180312421578	3457.7411557421274	3.7019688751552655	0.2266362309982243	inactive
14.207997409611991	0.0393969671201817	-3.7523579798144637	0.532522051165546	23.428571428571427	507.0150000000004	1.1142857142857143	3.551087989443562	1.4343240189647326	1523.8341121860228	-2.9899999999999993	148929789.40687144	3.5277624116922173	71.00779291959275	42.456537644495825	94.37	5.0	6.0	4.012080000000004	0.2438956064675058	0.91583719852771	0.00018393465695021452	8.547555966412418	0.6973709489516734	0.8734436712810778	6584.5294472162705	4.42082234563894	0.1769383564500719	inactive
13.211353206010493	0.33562204276670404	-4.738662641271509	0.4270481034857671	12.352941176470589	488.8570000000002	1.088235294117647	3.265480639673142	1.5714872097223527	1352.4849442111367	-3.9899999999999984	44413162.14598903	5.3142112506836705	83.66243306912183	31.562801244043648	101.8	6.0	4.0	3.9947000000000026	0.4156068283449601	0.9660705934982368	0.00024825261575470354	10.514582864778937	0.8259059141733209	1.0868187790140005	10638.481277892346	5.240064689042879	0.19445007658673344	inactive
12.590530045351473	0.1578549382716048	-0.3387046485260774	0.9125097856957735	16.545454545454547	318.76000000000005	1.4545454545454546	2.542753250913692	1.8623690165299325	705.5403160150781	-2.1099999999999994	131984.15024192608	2.9083650629047497	52.8086917142079	22.60456760965234	71.45	4.0	3.0	2.732100000000001	0.22839585489072936	0.9155033330791834	0.0006154385577920107	5.215325135257017	0.8321742559282334	1.097309208153083	2796.9364968107025	3.4322265381626567	0.4209463281397671	inactive
14.262705095442497	0.15515711389185105	-3.952316387681654	0.2713197935252292	27.384615384615383	748.948	1.1153846153846154	3.9833437012145754	1.2100978988664697	2041.5500573225586	-4.039999999999999	459318576862.8753	7.029737608651751	51.71067854051604	78.60225854510945	158.95999999999998	10.0	7.0	6.038220000000006	0.20522712512127206	0.9006454001509508	8.155397405346669e-05	10.584804863922358	0.7278388978561426	1.2438513530972346	14947.923145733499	5.4450183652987	0.23208377900524277	inactive
12.61351095993953	0.03304085831863657	-3.84732366377621	0.6021042721892211	11.576923076923077	408.9120000000001	1.1538461538461537	3.039564340079364	1.79829695411172	1020.1689533389196	-1.9999999999999993	913255.3433628854	4.392032593933907	58.81648290384196	31.733715085510568	90.22999999999999	5.0	3.0	3.7787000000000024	0.19787949603571575	0.896454579744602	0.00031061195169284	7.552647233789411	0.7251766034910927	0.9907504184087156	3820.610236643793	3.7374505900986876	0.29380414841914343	inactive
12.086658635676493	0.03300642479213889	-0.03300642479213889	0.7855040111168091	10.4	262.312	0.95	2.4847372343007503	1.8110111338412764	732.8258856494507	-2.6799999999999993	58281.9965677584	2.6671672073070676	72.55444225107765	10.891158250298714	41.99	2.0	3.0	3.4160000000000013	0.45215163552582893	0.9717874005364965	0.0011521722588298691	4.1550687213660975	0.8483140083535393	0.6570597286923973	2648.160282685549	3.521572001793583	0.17291771446889878	inactive
12.702761147154334	0.065735986913386	-3.5086759495464857	0.7866197918530495	17.0	330.83700000000005	1.1904761904761905	2.485376604696989	2.1868155723074514	637.6192471223186	-1.1099999999999999	44557.831769007615	3.38659438864247	29.32600418877882	55.58913150444779	57.690000000000005	3.0	2.0	1.3751400000000003	0.5763924742070433	0.9848081864561132	0.0012455283984143775	4.460367331922628	0.9893289490773749	0.9126676042472719	4525.4702951275	3.8669199561192737	0.24108739022862563	inactive
11.81183484504913	0.16179012345679	-0.16179012345679	0.920550899271915	10.38888888888889	264.716	1.4444444444444444	2.6077616149780347	2.0312417814913757	579.2064292521256	-1.8799999999999994	13148.33406271925	2.8662866803526152	46.23940906898168	21.01005236155665	59.81	4.0	2.0	1.8611399999999996	0.5583925826699219	0.9839323612049746	0.0014309004001085512	4.062175521023477	0.9094006166443365	0.9467318914491544	3237.1410477735153	3.7467725938043	0.24423258342869808	inactive
5.095544393995803	0.7251851851851852	0.7251851851851852	0.6900905815441455	11.05	269.32800000000003	1.4	3.1755604374255886	1.7980280578451828	651.0401754486708	-2.3	82713.82271362431	2.661937716262975	48.57107976427588	14.53505668968577	57.95	4.0	3.0	2.8862000000000014	0.21076562644875843	0.9069691542410345	0.0006996157028982065	3.6650008538187966	0.7891374187828533	1.0577086002328548	2113.2963672599567	3.314951141892073	0.35331531207757727	inactive
14.114298802114456	0.1767773298186055	-1.016449475623583	0.26554766428689364	18.025641025641026	541.0070000000002	1.0	3.2012792512892676	1.2534952743159176	1583.6500566421894	-4.27	1081180846.6549294	4.412251167272561	100.8367126851362	53.84657862210285	100.63000000000001	6.0	6.0	4.4330000000000025	0.11964392395208963	0.8434198011244209	0.00016652671515628547	9.430316128536298	0.7810169087581825	1.2871024072368265	6817.990832975406	4.324777249403994	0.35751556113199107	inactive
14.151335328185768	0.13992122164782783	-0.9126712998100981	0.3603797717091172	18.846153846153847	545.0430000000003	1.0256410256410255	2.9815266702645147	1.2469683771580242	1472.6295522300056	-3.789999999999999	1217224530.345001	5.251522462115431	83.40148006281889	60.3140304034696	101.5	8.0	6.0	3.963600000000003	0.30274750532401584	0.9412756906625954	0.00019922820551544383	8.60269399500516	0.8589122826289292	1.373455708835365	10967.161439075664	5.0723942454673585	0.2975310083779381	inactive
13.742417250864586	0.018515563427925263	-1.2370375576003283	0.22625037484550775	11.78048780487805	556.5790000000002	1.0731707317073171	3.49730790895971	1.6446216151114394	1532.2824842730442	-5.39	1283008949.8185887	6.980882423338014	112.64930956927988	39.15756368467918	160.57	8.0	4.0	4.418300000000003	0.34906374939020646	0.9525019169360055	0.00020103376600319182	9.613827048216926	0.8998293174927503	1.3767010455595379	13225.66425379033	5.39500336846658	0.28321156756615407	inactive
14.199948908014383	0.0019144463340889928	-1.158269242882338	0.5146267667184696	21.81081081081081	523.0330000000001	1.2162162162162162	2.8915659806562584	1.492672891366899	1313.0867033316033	-3.199999999999999	251535826.82610995	5.01098198871396	65.44434142789574	77.13931521801597	95.0	6.0	5.0	3.4623000000000026	0.2111158493525353	0.9077015779748278	0.0002181284151906649	7.682233639805304	0.823360911257358	1.2706584826553202	7406.54880254811	4.391831909343263	0.3442970927039562	inactive
13.652780830339227	0.06617086687932572	-0.9869137377173096	0.4183157227136326	12.2	471.54100000000017	1.1142857142857143	3.567340431231144	1.7167042935517185	1230.7562344737848	-4.2700000000000005	103292484.87991501	5.628683271447938	96.48761466789394	33.311051427457215	115.32000000000001	6.0	4.0	3.466300000000002	0.18858394432953604	0.8957511120353059	0.00024239908472365457	7.364543240022615	0.8606014001539454	1.5151474897496884	6873.00636012223	4.418225762167309	0.4577195364852054	inactive
12.06467970521542	0.039211073318216716	-3.839537037037038	0.6283739821736034	11.38888888888889	267.262	1.1111111111111112	2.7912684632217544	2.472267393422258	684.4785811138514	-2.15	13118.961777142245	2.1192650741690584	52.07597217123222	13.341108033146607	90.42	5.0	2.0	2.32902	0.34846189660183846	0.953005709140147	0.0010263393581161336	5.230715255771842	0.8490348620905828	0.9353401975201253	2318.3860555067554	3.315632235927615	0.27773807896726443	inactive
12.02806783824641	0.05812074829931979	-4.125370099785909	0.9255553522929599	11.227272727272727	338.796	1.3636363636363635	2.3938267328862173	2.1878679265085434	821.8328170024496	-1.9599999999999995	57099.94905953494	4.26626196284481	57.94766545181585	19.308955234627653	99.93	4.0	2.0	2.9655200000000006	0.38125318259377206	0.9598835931514054	0.0005556966350254465	6.269782891766235	0.8258073381821304	1.0497667703617788	4376.667522281063	4.058809904654673	0.27539932826115304	inactive
13.340503196649028	0.03904336734693836	-0.7279629629629631	0.6280142933836949	15.516129032258064	457.31700000000023	1.1935483870967742	2.752057316247207	1.7160477533081306	1209.3303264495892	-3.159999999999999	9912293.9922836	4.063496947255356	69.96405916487245	47.742612234354546	91.4	4.0	4.0	3.465700000000002	0.16454928286633935	0.8722561741708523	0.00020587751603970444	8.407811054297538	0.7024664290813147	1.1689029475997337	4901.055644701403	4.08865672557256	0.30964001615714054	inactive
13.016831578514479	0.11103618903943535	-0.38063072728969227	0.714208250522692	14.407407407407407	362.4090000000001	1.0	2.725555170256328	1.5115876285347247	1018.7713211724841	-3.2799999999999994	2078879.0483406307	3.379993158314061	70.51455918697532	44.09591262512981	63.95	4.0	4.0	2.1281999999999996	0.45339215350034073	0.971951532598691	0.0006190040986145146	5.609519609682867	0.8664471603412969	0.8893455947271315	5156.891031994216	4.154190572926745	0.1822059567815815	inactive
11.470475945811444	0.0746965020576138	0.0746965020576138	0.7696638941688418	16.88888888888889	265.78399999999993	1.3888888888888888	2.386291884017112	1.851538470397621	410.7095578865193	-1.02	14002.760775412413	3.4860161430671828	35.392371257240434	29.776605716997473	20.310000000000002	1.0	2.0	3.014920000000002	0.09021905779987627	0.7839985113536583	0.0005753911735968632	3.0059469730056647	0.6956660184499566	1.2035982182764104	1354.9172369296382	2.913305610766755	0.5438151118725084	inactive
13.467782136757364	0.12818351639377834	-2.5801604901679016	0.6773780524931221	17.75	407.89200000000017	1.2142857142857142	2.593820451761943	1.6768820233654111	862.4792417934001	-2.2099999999999995	1242533.3739302342	5.410146573987708	52.80869171420791	22.352612670776637	54.02	3.0	3.0	5.604520000000004	0.2789960786314301	0.9325415904136842	0.0002570074711319327	5.908980729318846	0.7510625430135595	1.0976048360116315	6078.885803088144	4.577687793349464	0.23120874529853	inactive
13.128410073906107	0.12194992091486778	-0.38642419609410905	0.6849125007385509	17.333333333333332	380.855	1.1111111111111112	2.662801153180472	1.5938328505179884	1062.476117595611	-2.789999999999999	1674635.6452351988	3.4254764271151092	75.53719250071664	36.48319950708767	54.720000000000006	3.0	4.0	3.161500000000002	0.5620707625864307	0.98399184916824	0.0007699805993743623	6.107635817704344	0.9475485145782702	1.0371424511436325	6543.085598709741	4.389884186333422	0.2633375290474565	inactive
12.40588955026455	0.00538863693625613	-0.6127210009518214	0.9262537930556356	17.428571428571427	301.773	1.2380952380952381	2.4697700162680944	1.7482729945519586	671.3446134675152	-1.8399999999999999	73744.86291574904	3.0925247980835553	70.2439243365252	22.458373260955263	40.540000000000006	2.0	3.0	2.9583000000000013	0.620953294129426	0.9888523295559888	0.0013480772370983837	4.575892176617335	0.9454682167729781	0.929069305065056	4453.339068407113	4.042878567777728	0.2286345514682409	inactive
10.069182964852608	0.20608835663895197	-0.5093419312169316	0.5289547551768388	13.428571428571429	193.15799999999996	1.3571428571428572	2.6085526047440886	2.2452664748461397	399.7984696519948	-2.0399999999999996	2449.430895854699	1.6580998735903334	40.07682585566784	11.716253354917498	61.60000000000001	4.0	2.0	1.6626999999999996	0.7434582269404405	0.9955160727196597	0.004923905491893789	3.6060455982104496	0.9497390893156543	0.28486705977821314	1936.6093400994	3.2849077733878778	0.06469661898333735	inactive
13.733554833179273	0.08244401159812198	-1.24999575468769	0.07767403923789416	13.52	697.8740000000001	0.86	3.012440080271352	3.1568774451477584	1405.2717262537644	-4.73	14144972046.240162	14.802507214453339	34.88945568047582	72.06269416217907	202.85999999999999	8.0	1.0	2.5397400000000063	0.31987172794738095	0.9459217813501722	0.00010167365736997214	8.824447193236482	0.8623899504606378	1.7203587811564252	22548.883846809913	6.400445325698071	0.30416003420578525	inactive
13.594608214631887	0.043936366213151556	-3.8503440909255766	0.537955160577435	19.833333333333332	525.0300000000003	1.2222222222222223	2.8819271481568376	1.4608745202060223	1459.0407625542807	-3.0299999999999994	141590418.00314218	4.819815771309379	71.00779291959275	49.125545167609076	112.39000000000001	6.0	5.0	4.076280000000003	0.08387173102300548	0.8000863289128822	0.00017444726254214494	8.77488083567012	0.7935014511067884	1.4420843530038132	6016.769550784446	4.157259856348377	0.4584436799019477	inactive
11.541574074074074	0.04611111111111099	-0.07620370370370355	0.5994834910884169	15.307692307692308	172.18299999999996	1.0	2.146239890526001	2.690389534648589	427.4713488019866	-1.7	1131.0684223072026	1.1085425487040885	47.04149589414358	11.566489892729878	34.14	2.0	2.0	2.0119000000000002	0.2919603011407871	0.9250885478763838	0.0016099895764613058	2.909114513819797	0.6235624400405259	0.10485513992807703	635.9710816392073	2.4358081564601424	0.02795348266972004	inactive
13.61595807689084	0.022069359570937808	-4.026884151394208	0.4938360474511647	20.789473684210527	573.0960000000001	1.1842105263157894	2.893011249655436	1.4493817759815792	1665.9491384157727	-3.0399999999999996	265433921.0204262	5.265688612190039	71.00779291959275	55.83528543640576	137.3	7.0	5.0	3.4744800000000025	0.4495066954520787	0.9713954111897158	0.00024230408619082695	9.855754499470237	0.8420768003667596	1.0142250345089485	12323.60987815265	5.152862484502792	0.17310834393074978	inactive
13.599137691246277	0.046607214000792485	-1.0617102072310407	0.3564079731570418	11.5	488.5190000000002	1.1388888888888888	3.4339299086635524	1.667867987452943	1280.9034977172216	-4.529999999999999	193026804.3395892	5.929500001601115	108.3522121415602	34.93395487102292	97.56	6.0	4.0	4.354400000000004	0.10759243916402005	0.8332834068589515	0.00019153874806309015	8.261250180359783	0.8376907221508101	1.4598843004523698	6626.840978855399	4.399500884268667	0.46593269454497066	inactive
13.73032789186356	0.07795715886708265	-1.0145405538758714	0.32960782499925606	12.108108108108109	499.5860000000002	1.027027027027027	3.420894717388939	1.6941281527867826	1330.7664552585647	-4.259999999999999	221547596.15236405	6.302552124637728	119.72107769541589	23.343094385562793	75.44	4.0	4.0	5.858200000000005	0.1684091060187161	0.8841371471288814	0.00019494145182798444	7.6319078939269875	0.8272340532832644	1.4343131788342236	7513.187837398631	4.566865098171687	0.3827373580482456	inactive
13.58293036659108	0.2196827758881328	-3.4926351489669956	0.6831777125762304	18.689655172413794	430.9130000000003	1.2413793103448276	2.673758751569835	1.8327735102779663	1207.0315832983765	-2.639999999999999	3235018.1461468656	3.7983629743518126	65.44434142789574	37.92445998939876	85.36	5.0	4.0	3.591800000000002	0.16933347505716329	0.8840229475945635	0.0003113299616717525	7.2488868364574754	0.7919095022064696	1.1181035728201976	4309.2437714302205	3.7769827710001014	0.4370711708964335	inactive
13.713470648602772	0.12493708884176047	-3.8845092828798164	0.7826071744026885	17.523809523809526	334.8000000000001	1.1904761904761905	2.727609678141284	2.1872213722225986	623.5973169162642	-1.1800000000000002	53769.369585199136	3.5331375048739466	30.082689114892336	55.58913150444779	57.690000000000005	3.0	2.0	1.2875	0.4952509066035705	0.9770633744299423	0.0010762983965336927	5.178158264245425	0.9238789002696074	0.8032719456753873	3724.108678815273	3.5865812341495458	0.2360165121639795	inactive
11.76360658383724	0.022661200954551486	-0.306840513983371	0.9281881202208317	9.947368421052632	340.56800000000004	1.5789473684210527	2.801883383384611	2.0307707410517484	663.3454232220373	-1.9099999999999995	23712.33907358396	3.528041254545878	39.84617860772303	20.671642993744936	83.6	5.0	2.0	2.2043799999999996	0.5648554779091698	0.9843458222388443	0.0010280509507699755	7.028341063443028	0.9369503411181065	0.9341128735052704	4845.010215527991	4.005366478715349	0.28384106365715883	inactive
13.653197593852354	0.1376241916519696	-1.2189701436130018	0.37967873561627524	11.806451612903226	430.8710000000001	1.064516129032258	2.746540170133969	1.8352962456552668	1363.5420923832635	-3.769999999999999	10714352.079138739	4.245016596543732	105.12414969579842	16.674403196663654	90.22999999999999	4.0	4.0	4.119220000000003	0.1478707279073332	0.8442908772738039	0.00018070632861725408	8.398627726638002	0.647070664000364	0.9723331380754533	4323.72756139776	4.114216574797351	0.2744675655386086	inactive
12.976187851683882	0.05933838813303116	-0.47135191718254466	0.6835511896339036	14.62962962962963	380.8110000000001	1.0	2.662801153180472	1.6041064562646548	1108.822289188582	-3.119999999999999	1674635.6452351988	3.31198837219186	75.53719250071664	36.348538407291215	71.79	3.0	4.0	2.2996	0.4460634341487075	0.9708566038512975	0.0006026792169070325	7.127430918739037	0.8744197452985055	0.8169785613115346	5293.660719437701	4.099294610699438	0.21274125505066416	inactive
13.178481355505165	0.08738339317208332	-0.10068877551020372	0.513990393582903	10.928571428571429	374.42800000000005	1.0357142857142858	3.3629756252922434	1.6280105211474925	1067.5985011827424	-3.6799999999999997	4271530.572123697	3.568521432683753	66.48807518261603	40.09507534210802	81.25	6.0	4.0	2.0828999999999995	0.2813294148040846	0.9327260803860951	0.00032251641173132315	5.906513363091815	0.7392317491846883	0.9758702383001601	4698.950643976078	4.2218398133756105	0.18650921567852355	inactive
13.734911225196893	0.12597164718460152	-1.1287053308977917	0.3862520341819326	12.105263157894736	513.5730000000002	1.0789473684210527	3.3298170237296625	1.7175455445929835	1455.824322674934	-4.5299999999999985	299032326.47997284	6.232194455375691	117.93998529271599	23.343094385562793	107.57000000000001	4.0	4.0	3.5398000000000023	0.35899189760813915	0.9551453430438648	0.0002804711459292392	8.489946415401919	0.8748857412723167	1.2449716604800831	9215.548613774132	4.718468575634866	0.2508065022641217	inactive
12.162719277525827	0.13251244016124963	-0.13251244016124963	0.8042239506520825	10.636363636363637	315.76	1.3636363636363635	2.890566690320517	1.7882571307956567	829.123912283389	-2.53	145355.0365894575	3.0419064275067496	59.377974359434134	22.40165039783804	55.629999999999995	4.0	3.0	3.177500000000001	0.41809249673913734	0.9662851171959348	0.0006148842905781473	5.279312443661018	0.8044467075791849	0.7652604538298524	4087.5877251473144	4.073121571111446	0.16233257354874053	inactive
13.314951513433655	0.0705125689983539	-0.09996758734357902	0.484708250728698	13.290322580645162	431.5210000000002	1.096774193548387	3.288519677154089	1.391368848001805	1212.4991122848364	-3.519999999999999	22442949.775414176	4.3382766439909295	76.48433214048032	32.85007012695206	80.12	6.0	5.0	3.618400000000003	0.18571217629193745	0.8933714815647662	0.00023467642911086765	6.996245445419392	0.7775563208209819	1.2396179978529933	5733.761680625502	4.362001978073174	0.30178677714156377	inactive
12.203440885613503	0.06313511476164768	-0.12380170277987679	0.9140060463042813	14.173913043478262	332.7870000000001	1.434782608695652	2.446812111292462	1.6631031318586045	716.734709539614	-2.11	132149.87531879457	4.2090063210110396	52.80869171420791	30.208888567072854	60.45	4.0	3.0	3.002220000000001	0.37061956570298143	0.9568883372284893	0.00043899782410172403	5.193736755144083	0.7684524489475466	0.804826848044434	4631.175308498632	4.317749661617257	0.15496140584149967	inactive
11.982397486772488	0.17075018896447425	-0.17075018896447425	0.8886053847209995	9.8	266.304	1.45	2.438382065259049	2.0923101678351017	688.5131358665136	-2.8699999999999997	33325.36768589543	3.117202460403297	53.349509892163574	10.891158250298714	91.79999999999998	4.0	2.0	2.0251	0.5024053821206282	0.9773441190561944	0.001327015869309726	4.317224635678525	0.9647654493233497	0.9337500440410347	3313.8722485810567	3.746491190388944	0.290101770338386	inactive
13.61487961388259	0.050233528596623334	-3.995340823414867	0.6062042234115708	19.84375	472.95400000000024	1.1875	2.7719608096259036	1.808702909205955	1339.5151659629855	-3.009999999999999	13006078.926216075	3.72171794529625	65.44434142789574	49.65853574977773	108.47	5.0	4.0	2.5349000000000004	0.22401187208291584	0.9111976232197988	0.00022695425932021905	8.088466167422874	0.7468682101732574	1.1649328706847941	5966.017432215959	4.2697831899479235	0.3014463618190717	inactive
13.553512936208781	0.07744598765432142	-0.5581637552863199	0.7222895379121701	11.814814814814815	369.37200000000007	1.1851851851851851	2.65802679286577	1.7418624060476333	1031.910601750714	-3.3499999999999996	1189070.9438152951	4.25385329808447	70.26541295955961	25.66570006428992	78.72999999999999	4.0	3.0	2.502200000000001	0.3354687726394623	0.9499243599223449	0.0005081246151412464	6.367941450856744	0.8546151771220442	0.9500788828811927	4599.904670303204	3.9735722877230364	0.22245385081553168	inactive
13.067716455552993	0.15328136810279602	-0.40555726595249486	0.7114234673284656	14.653846153846153	350.3730000000001	0.9615384615384616	2.6732224541301326	1.5393689724959463	1005.4900718639685	-3.149999999999999	1194395.7925053432	3.055832602576418	76.33178002802123	36.98611508385228	54.720000000000006	3.0	4.0	2.2587	0.3010251617799169	0.9409099133397375	0.0005341065875054166	5.94138143016057	0.822526168314817	1.0705990780226144	3740.3436923326512	3.744952931739947	0.3417257791709127	inactive
12.172515957000083	0.0042402823413825175	-3.420840780233141	0.8501341729735736	11.291666666666666	366.8500000000001	1.2916666666666667	2.4611212523346557	2.072708976146315	853.3961823692854	-1.9599999999999995	146306.2750875383	5.917025082879839	63.094238070356994	25.564724418139058	90.22999999999999	4.0	2.0	3.057920000000001	0.2540287571667144	0.9256319862536092	0.00039256297684830347	6.085761431375817	0.8169411299543186	1.075189896552894	4492.54512829633	4.056439998864297	0.27647181611331595	inactive
13.997638030827062	0.02028873303223966	-1.1574610523221638	0.1614105147187115	11.487804878048781	596.0800000000003	1.1219512195121952	3.515684206189727	1.726122572291159	1486.7521028503534	-4.149999999999999	1761689442.8863282	7.957066014066074	113.1138924489986	42.17505082153897	101.74	7.0	4.0	5.869300000000005	0.058470424247169195	0.7537948710797472	0.00016978740166898837	10.597733374208213	0.9248115527375554	1.813134700181209	7665.898852675061	4.237006701927436	0.7231861540535627	inactive
13.531538643235072	0.18586238662131516	-0.9508855741370623	0.6597199116132975	18.392857142857142	417.2920000000002	1.25	2.696821329761139	1.786570743095716	1051.7501839338468	-2.339999999999999	2742257.375524955	3.1954167734099785	64.40060767317546	31.214719720602083	60.45	4.0	4.0	4.847000000000004	0.19462539277231009	0.8993933603193311	0.00033233165687294173	7.16726277901313	0.8204735079396748	1.2842759805528983	4633.793043811858	3.9086414013417463	0.46588849562774626	inactive
11.689748887209205	0.0202680933484507	-1.0420332577475435	0.7185016047126355	20.61904761904762	286.23900000000003	0.9523809523809523	2.4214713328866666	1.9978810165902074	696.8034648427933	-2.6	57289.59026476565	2.2954031683873257	41.45873832570204	11.210493782589008	121.7	6.0	3.0	-0.9819000000000007	0.19177999075640495	0.8972730474411824	0.0007683133460958428	6.027943213296398	0.8690181662753846	1.0520954957546653	2226.446235429276	3.215619976137036	0.4632082268550819	inactive
13.076334089191231	0.045662946894908796	-0.3812329931972793	0.7188282376075742	16.074074074074073	379.84700000000015	1.1851851851851851	2.6668111534742382	1.6877897902468515	1045.281096176811	-2.9199999999999986	1702241.5601295272	3.261076656335662	65.44434142789574	23.343094385562793	62.300000000000004	3.0	4.0	4.367100000000003	0.35276577427915146	0.9538286219251721	0.0004636667287142343	6.311902428808415	0.8693841424949774	1.1708554348917874	5427.350173458803	4.222523908067993	0.3568955441734205	inactive
13.208130642906076	0.0697963820301779	-3.741337986583521	0.7826071744026885	17.523809523809526	334.8000000000001	1.2380952380952381	2.7249154751540052	2.1626749835680585	623.5973169162642	-1.1800000000000002	52729.839359705154	3.722447257053577	30.082689114892336	55.58913150444779	57.690000000000005	3.0	2.0	1.2875	0.39318337936495157	0.9614657525053951	0.0009398820987514929	5.178158264245425	0.9156118415365895	0.9931022767892315	3244.409149202571	3.404706186757954	0.33722813458819584	inactive
12.584566326530613	0.01831790123456778	-0.20064247921390832	0.87902971941724	11.952380952380953	302.805	1.380952380952381	2.467434530316234	2.2195081821405362	627.6921024411182	-1.8699999999999992	55453.12363432704	4.049430618473395	58.87505878266951	10.891158250298714	41.99	2.0	2.0	4.565820000000003	0.2486190469184975	0.922584404821956	0.0005218320575098204	4.106680182155077	0.7701669641240637	1.0586222814207296	2946.3346971125243	3.6903933258794743	0.32531118611476817	inactive
11.682082749136441	0.0024805359627133594	-0.0024805359627133594	0.7543008334595541	15.384615384615385	376.8880000000001	1.1923076923076923	3.055743849346692	1.646498117255205	780.937142997337	-2.05	1012416.8291901486	4.370502630650738	35.5228477603919	65.20194291588439	68.44	3.0	3.0	1.7295	0.2911177713929552	0.937764711924515	0.0004269407361898422	4.859398561771868	0.8655178903341021	1.2186738174063103	5052.608290055466	4.13969797447422	0.35631066907974956	inactive
12.26360936144005	0.051262477468285716	-1.5098023373465292	0.6798087330589467	24.083333333333332	366.806	1.375	2.5850858589969508	1.7144846348891023	739.4945289535813	-2.029999999999999	232419.89941069784	2.7661992514918268	46.624612499174475	39.85214172636883	115.56	6.0	3.0	-0.7133999999999994	0.446718938780594	0.9708750931615902	0.0006490751844988562	7.068512278010326	0.8203523758886556	0.7812257019078143	4327.569506830091	3.848714793844176	0.20559306200867242	inactive
13.86046678075245	0.08798266646834807	-1.0359237738305203	0.3764428434646507	12.131578947368421	514.6050000000002	1.0526315789473684	3.3298170237296625	1.7117714991268902	1396.6028774483316	-4.399999999999999	299032326.47997284	6.287553655364688	107.45570471044068	38.33696422466389	93.01	6.0	4.0	4.3937000000000035	0.13700061892205434	0.8532864567441963	0.00016526872014978902	7.814138160428558	0.7258707777607274	1.3899233900657317	6113.945778409991	4.2885545622159675	0.3867039512515326	inactive
10.993820660506476	0.37866822037456926	-0.5061864648165157	0.5223578332484993	15.857142857142858	375.43200000000024	1.25	3.428015836988791	1.7039118192042242	1190.2747647649987	-3.35	5938584.939492598	2.793301701189707	42.4290558743193	25.426214939984487	102.73	5.0	5.0	4.176300000000003	0.5036310433952418	0.9782437060813906	0.0007285820295319102	5.59294705435531	0.9050916401754404	0.9936907617340736	5419.688139176751	4.104533439272223	0.26177650258333585	inactive
12.771556594860165	0.005417139077853683	-0.6248021317240282	0.567315479988884	14.8	397.64500000000004	1.12	2.8003436314490617	2.0342091831076186	912.0062396824786	-2.0799999999999987	418264.92548049474	3.634513792271194	62.59300533538762	17.588170020074056	58.97	4.0	3.0	4.4608000000000025	0.35037263598943724	0.9519238137950503	0.00037072757375926986	8.535383852262639	0.7492003264300777	0.777532519624314	4942.476253026653	4.129267468048938	0.16059400399124038	inactive
11.822941545870005	0.008065936888989489	0.008065936888989489	0.6639122586080795	15.346153846153847	366.8520000000002	1.1153846153846154	2.72867698473374	1.7129776396516918	923.5023162388369	-2.53	1479335.8552114887	3.2677257571634946	54.485817548844274	44.7285412798391	58.980000000000004	4.0	4.0	3.6366000000000023	0.2594956166060636	0.9206400776303217	0.0003283039573363006	5.731513583732091	0.6828341964204159	0.6652641155850991	3637.7328061252797	3.879920303712173	0.15769480576143466	inactive
14.256770635627733	0.09126434690911966	-1.0333255123036869	0.26092301578839866	12.195121951219512	549.6500000000003	1.0	3.4013200139169086	1.5414018792251998	1625.9525423459943	-4.849999999999999	1841553620.5800574	6.3246198989835705	131.8516494874386	32.7277675127718	79.6	5.0	5.0	5.912900000000006	0.25387931869511526	0.9255941624461592	0.00020593635416578978	8.57998027613412	0.8391439005914949	1.4107305196276239	9033.456952865401	4.660132517767036	0.3499311288423657	inactive
12.78207924561009	0.07663548752834504	-4.553959934282355	0.9322177188663865	11.238095238095237	314.69399999999996	1.2857142857142858	2.3746848107133527	2.1359865619569893	658.6625340208186	-2.08	39614.49201232015	4.190872795938164	58.87505878266952	10.891158250298714	41.99	2.0	2.0	3.9350000000000014	0.5032081709581487	0.9781895413638327	0.0011243718473845465	6.786939289084619	0.9057099567261296	0.72339102257985	3512.3838486273985	3.6086148091632495	0.18671180292254141	inactive
13.398029799133763	0.22221977969587936	-1.0210337558398528	0.35051925259663963	11.694444444444445	497.94600000000014	0.9444444444444444	3.3615821455464174	1.3642259091804085	1532.6833884486264	-4.629999999999999	240728410.43729764	5.208222428017047	101.84254383866542	37.00559291440618	114.69000000000001	7.0	5.0	4.037900000000002	0.24776934223677674	0.9194481352531773	0.00016155919429060726	9.437458513530187	0.7203640859824726	1.149588273081518	8168.577555387287	4.90568819997191	0.22343194008628056	inactive
13.483336915784832	0.04116850907029557	-3.63441816499965	0.5710373034204539	19.757575757575758	485.9930000000003	1.2424242424242424	3.5737157916225963	1.4705872583407205	1335.293679992364	-2.5199999999999996	49711587.4299763	4.35704302258837	71.00779291959275	48.62262959084447	88.60000000000001	5.0	5.0	3.9349000000000025	0.16419423371630495	0.8541894942218695	0.00013304740957833884	7.745602280106519	0.6299594399164553	1.1241706599275636	5736.503816807409	4.487956336787775	0.2721201898347715	inactive
13.313179054978988	0.3003610790600193	-1.0814977143801106	0.35596615898566075	11.222222222222221	497.9420000000001	0.9722222222222222	2.9022714433217627	1.491615186636149	1475.7770462695107	-4.739999999999998	134250045.09933314	5.8392929210643665	106.90307975359782	29.250274114914298	123.98	5.0	4.0	3.9858800000000016	0.36285764152102834	0.955742323607556	0.00019460932828014026	9.722260248093539	0.7897221857308812	1.087853820864366	10892.68394128728	5.372385639339062	0.1664648506451463	inactive
13.908097166239976	0.0003694310789816857	-1.0893770996052743	0.3384659818514219	12.128205128205128	528.6080000000003	1.0769230769230769	3.408960359626639	1.7191155722469755	1414.5507342478734	-4.369999999999999	526914439.47906625	6.7444546475583165	113.01915620213768	33.54830358870454	109.52	5.0	4.0	4.109700000000003	0.3358152142958482	0.9499228076876547	0.0002461952137503686	8.315305859868237	0.864496390951533	1.2853488983612371	9714.446666983426	4.810308192910351	0.28986117061972944	inactive
13.021684145880576	0.020321239606953645	-0.020321239606953645	0.5521533562766379	10.88	348.43100000000004	1.04	3.3055089178851116	1.6298203245501561	979.0273317509486	-2.9899999999999984	1229054.3258480423	3.2940248731420554	76.98724771724494	20.901049568452596	51.02	5.0	4.0	3.726200000000002	0.18207514214226472	0.8836065759295005	0.0006447884864775981	5.7768701902183235	0.981067223835143	1.4485467895938093	3188.0192734232087	3.37954666460099	0.6719421065230056	inactive
12.203399313429074	0.0748369394053916	-0.0748369394053916	0.9408941318184714	14.454545454545455	316.78800000000007	1.4090909090909092	2.3834582153432855	1.7077268335350178	698.8083352159858	-1.9099999999999997	79829.16600649265	3.457732177176584	58.372143205904905	24.10492217932455	51.22	3.0	3.0	3.338420000000002	0.3310205096007738	0.9489014238497293	0.0005982963431452517	4.7913782010945996	0.8335628642512679	1.2018589960710395	3680.1119679782073	3.8698477322750473	0.36703548499090266	inactive
2.6122685185185186	0.4940740740740739	0.4940740740740739	0.7212588245608211	21.65	264.372	0.9	2.6141296973388872	1.9017661245550799	634.8202783238603	-1.7999999999999994	76322.13064350616	1.831999373482653	65.22129102278387	31.581850931265397	6.48	2.0	4.0	3.0839000000000016	0.1744637442294384	0.8553088278752566	0.0005155623611597073	3.1720049014987266	0.607622111859928	0.8527818398994915	1382.1552021765792	3.0240852719523788	0.2726649845009071	inactive
13.083981459203528	0.011401510400220083	-0.34575850646724215	0.8008719015144092	13.541666666666666	367.25100000000003	1.25	2.592070303338902	1.7511300929724334	766.6791346357774	-1.7799999999999998	312821.41248815204	3.6528076350305474	58.36495954895087	18.33193958023442	32.34	2.0	3.0	4.609200000000003	0.4740562465066063	0.9747444025386367	0.0006039637230693857	5.88869198800957	0.8764974345850893	0.862690913930701	5695.818945197994	4.31019971826948	0.19947252509345534	inactive
13.334833167849908	0.047786044973544994	-2.674272150657502	0.6941797098620538	11.037037037037036	390.821	1.2962962962962963	2.980190310402055	1.859802309834288	987.5910403277278	-2.7999999999999994	1167584.920189938	4.3075418071253875	64.69946328066945	20.671642993744936	59.81	4.0	3.0	4.562720000000002	0.21827378960219093	0.9104278117329344	0.00030266093749618046	6.979492455418379	0.7869226936192261	1.2104286551290022	4946.0198920220355	4.20656481568222	0.3349142093107292	inactive
12.609084939531368	0.3388498362307881	-0.7511712648022175	0.7301288290598454	12.125	361.22800000000007	1.125	2.5887248770457307	1.900281520977484	893.8260853822429	-2.139999999999999	321276.28959063743	3.358880245514848	70.46697474163707	22.604567609652335	62.22	3.0	3.0	4.256200000000002	0.4947282893758339	0.9765777667990752	0.000735567112926045	6.6361706668631255	0.9538609105689687	1.0943230058533069	5748.793333614735	4.253754927196275	0.3225257355265974	inactive
13.466678307546363	0.059824106125165644	-1.0212018665490892	0.5285638164691997	20.305555555555557	506.99000000000035	1.0	3.5994758210857336	1.329275440320441	1288.263610201647	-3.4899999999999993	253357355.6657013	5.195735934087859	71.51070849635735	52.90287302717395	100.63	5.0	5.0	3.854200000000003	0.15311469752990792	0.852141385004602	0.0001259620120837501	8.002571265480986	0.6554356951566602	1.3544919382667335	6517.187332923107	4.622253888007862	0.3684616297491692	inactive
11.632913307362399	0.010323414704173528	-3.9145843554348416	0.7453942298616116	19.68	384.9090000000002	1.2	2.6005452935115168	1.5907602371152774	745.5050089857056	-1.1500000000000001	411146.2109041708	4.525630916353539	34.464977926386766	56.18382524400204	81.49000000000001	4.0	3.0	2.263	0.6429298372808159	0.9904281168576307	0.0007499898015073893	5.218331396950749	0.927394128727111	1.0180554551927903	8308.093651910358	4.902629355898074	0.23679373482877764	inactive
12.086009070294786	0.06743827160493798	-0.06743827160493798	0.9223830162548663	10.6	288.77799999999996	1.35	2.384686237925746	2.087132921926794	610.9307969975908	-1.8699999999999997	30843.5318013316	3.8102544772246656	58.87505878266952	10.891158250298714	41.99	2.0	2.0	4.039600000000003	0.6000933361816174	0.9871236985929701	0.001345766131841824	4.0754597365711	0.964469508375617	0.778032916314796	4321.15048665557	4.059564350400451	0.1986564703715812	inactive
13.169458144368857	0.08567617787855863	-0.7128685988284205	0.7347577330885179	19.12	352.82099999999997	1.24	2.6263968788756795	1.7309878180614306	967.5723109194157	-2.589999999999999	673098.2449120169	2.7246472657298058	65.44434142789574	17.49804021481163	51.22	3.0	4.0	4.5671000000000035	0.39096770225583166	0.9617695982283121	0.0006205113197154862	5.711348303724418	0.8525595618957906	1.0575512993773317	4277.315835656187	3.888262279492197	0.3154476621778618	inactive
14.240698734645118	0.02883723531338167	-1.128896263752415	0.315939341585744	15.720930232558139	584.6520000000003	1.1395348837209303	3.6452646367503942	1.5115227222356136	1600.1043226083452	-4.77	4853714190.251133	6.833728838630473	107.4557047104407	57.333973100054656	119.31000000000002	8.0	5.0	3.9971000000000023	0.3096325971862677	0.9420674616379268	0.00016800666512783676	9.362853904413548	0.9124150058868514	1.6029185182644592	14772.870548440147	5.57898338778127	0.37814654434164396	inactive
13.37058077207518	0.27813885683779715	-1.0883625178466454	0.37924707760827125	11.914285714285715	487.90700000000015	1.0285714285714285	3.3419518568964097	1.4243680190234207	1623.3981790148339	-4.5699999999999985	132326274.80145293	4.5935404683834316	100.45504329032043	36.1929024250131	123.27999999999999	8.0	5.0	2.588800000000001	0.19957063863338484	0.8903871167423703	0.00016089785056810354	9.58788378128323	0.6717817494330536	1.0279989088252781	6161.691980666543	4.471308865605938	0.22603660008268947	inactive
12.106437389770722	0.09755401234567862	-0.09755401234567862	0.8046301142264363	10.761904761904763	299.761	1.3333333333333333	2.8054837356965874	1.7709928574863247	810.142233208204	-2.3299999999999996	82164.20216734595	3.057618532645812	64.94142585113113	15.291852856560507	46.4	3.0	3.0	3.4773200000000015	0.43630778796369424	0.9694146041980537	0.0008265721167969611	4.849642596656316	0.8680967127445575	0.7322046869132995	3714.7521511006835	3.884025358989569	0.18580636520845473	inactive
11.454769640332412	0.0072171632146385	0.0072171632146385	0.7857526547833044	16.105263157894736	277.755	1.3157894736842106	2.4719301358531545	1.8856445915190354	489.7095983927004	-1.5700000000000003	24907.168048856383	3.694590599695524	35.392371257240434	47.7660282596731	47.34	3.0	2.0	1.4412800000000001	0.544732584424772	0.9822909761684947	0.0013815989278927352	3.9691587438394444	0.9490639104938354	1.0904454033084419	3479.588744589089	3.7550366899053	0.3887112002882112	inactive
12.310906662047534	0.03998696661349954	-0.3339943728797239	0.7628232993700843	19.64	359.8570000000001	1.36	2.938306950476557	1.6730492853066734	766.0844666333712	-2.11	526562.2353671018	4.707639902669786	52.80869171420791	28.14349286203568	74.25	4.0	3.0	3.549920000000002	0.4112656080009786	0.965402572760671	0.0004726649565288669	4.988578955907068	0.8451208658492476	1.052688676287547	5794.77505186935	4.479156293110478	0.20545548454941587	inactive
13.456063595395307	0.03830682581674627	-0.03830682581674627	0.4713190433621258	13.9375	427.50800000000027	0.90625	3.2644919187556796	1.4114098880686667	1183.9290889652896	-3.7099999999999986	44837300.30133761	4.333627545367333	84.42622338169795	47.204326309303575	63.49000000000001	6.0	5.0	3.5013000000000023	0.47666586784506	0.9750051828371427	0.00046179392966474574	6.4192216877376005	0.891755712685899	1.1396836919264908	7750.584912742552	4.635571389316637	0.2351816908392219	inactive
10.904498771730914	0.3587736205593348	-0.7376851851851856	0.6322035355738016	12.76923076923077	181.19099999999997	1.3846153846153846	2.0993716925496053	2.8351682624881787	288.1883450849283	-1.2600000000000002	795.6618714763005	2.3360814106192827	23.762552697081826	18.69895578343047	78.38	4.0	1.0	-0.9134000000000002	0.26324772780817673	0.9270454801127672	0.002325732842390249	2.618760242549133	0.9170851109658785	0.9246118313057109	964.4670065659886	2.5790875590403726	0.47162036868291596	inactive
10.4228941568092	0.2527440499398922	-1.162324395761653	0.5616544918724433	20.227272727272727	299.4340000000001	1.1818181818181819	2.3585739479031846	2.791584958361643	566.514664398947	-1.8299999999999996	40499.073259445584	5.8849787267796065	58.74853876128035	5.969305287951849	40.129999999999995	2.0	1.0	4.267900000000004	0.7973898641248615	0.9973444105242971	0.0016718362471829654	3.3313354894895033	0.9445427573975445	0.4757501959772516	7327.276139290723	5.1119656836780765	0.07214463665795388	inactive
10.795761526832955	0.03932917611489062	-0.8626851851851856	0.5798346457518468	12.833333333333334	167.164	1.3333333333333333	2.0826293264561286	2.962539757428968	275.00552478320776	-1.2600000000000002	497.74840902301474	1.6637425470500236	23.762552697081826	11.65128380075328	92.37	4.0	1.0	-1.1741000000000001	0.4444103048494116	0.9705658012680923	0.0032614577914494747	2.614736313719694	0.8240350029121966	0.5157342372741774	864.4860261782788	2.5454598817282963	0.2072373327540737	inactive
11.787664294112705	0.033930566053582245	-0.6333585285966234	0.846115152587301	18.047619047619047	302.73699999999997	1.0952380952380953	2.6840195865884002	2.1447089101189727	670.2125734025041	-1.9099999999999997	74991.50724927991	2.522305383805159	52.04482313114036	13.08951281182515	81.21	4.0	3.0	0.8383999999999996	0.3889571820194148	0.9613275815132568	0.0008625325672160842	5.375626171503812	0.8213409069171174	0.8594933170311622	2839.8517607100184	3.4602821965315576	0.3248780381853671	inactive
12.748456160241874	0.0065493905895688265	-0.35714852607709635	0.6887651703545593	25.5	296.366	1.1818181818181819	2.85520131776517	2.0163335601274475	752.18895545309	-1.8999999999999995	140495.89124327071	1.6232992169696452	39.95964463378047	18.173371857242795	43.370000000000005	3.0	4.0	3.4433000000000025	0.4395145071965037	0.9697560969940983	0.0010006399839474808	3.947373775980966	0.8140704256744101	0.6978648349131567	2713.4445903263636	3.402032369083135	0.17087474864189456	inactive
4.4344855442176865	0.6431944444444444	0.6431944444444444	0.4639437938300225	8.4	149.218	1.3	2.029573889867405	2.6687661861354384	236.69432088304723	-0.9800000000000001	251.66716234355823	2.094917408045428	35.89528683400505	5.1612618521255476	12.36	2.0	1.0	2.2894000000000005	0.6069049501082566	0.9880057405181122	0.0054148787768602885	2.260633976567991	0.8962122889817631	0.48325617880252497	960.5887893451517	2.7138216227639815	0.15413088193960997	inactive
11.956280706727135	0.1611545729402868	-1.2108693415637861	0.6450980075832928	10.8	267.21599999999995	0.9	2.4486928160349595	2.3623328534654777	849.507138680937	-2.95	42910.89290819663	1.763042678412738	52.68789705520363	0.0	99.39	5.0	3.0	0.6807999999999994	0.5565116153079089	0.9836008981258316	0.0013888360114899013	6.47230539970012	0.819641265389127	3.752451556732001e-05	2682.0043710421305	3.4993437280015676	4.565711973847198e-10	inactive
5.311495995671612	0.557865176678586	0.557865176678586	0.22525095909642437	9.466666666666667	472.69000000000005	0.7333333333333333	2.7146714800412326	1.6085845158317489	901.2669145555524	-2.5799999999999996	4405640.344958916	9.278424690184044	48.53093654769288	33.636910285525765	72.84	6.0	2.0	5.208400000000003	0.5244418197877677	0.9801843812448908	0.00033890535431176766	8.163633643455372	0.9463979177088558	1.0457447245771614	13341.740447739228	5.654935804466	0.1817885478496949	inactive
12.612684424078275	0.010998467288150238	-2.9346536883271694	0.620672123984499	12.346153846153847	382.36800000000005	1.2307692307692308	3.0398262457155956	1.8625541543479762	948.3895976070247	-2.75	891957.9763228529	3.742952830948482	36.156239840307975	35.00795570306005	84.64	6.0	3.0	2.5134000000000007	0.3244491886379459	0.9470625784497779	0.0004015340802625141	7.471428861211408	0.8044607202381092	1.022317283307864	5020.141146186327	4.1646769984991305	0.26977165024054917	inactive
11.374751904524182	0.27678902116402093	-0.4813616174520903	0.824038802731227	13.727272727272727	298.338	0.6363636363636364	2.4647686701849887	2.000803251459526	594.0305701374936	-2.36	69045.56475789209	3.8452965116938183	47.52510539416365	0.0	92.24	4.0	2.0	1.0383999999999995	0.3650762148390029	0.9566469079996923	0.0006801087369078189	4.570451071417855	0.8466697919023031	0.9874151810045122	3618.957699191051	3.9134623755877525	0.3191067899486004	inactive
12.649007542831948	0.24596245905769742	-1.3838408604182415	0.7078710391207692	12.333333333333334	344.4160000000001	1.2083333333333333	3.0065977799893377	1.900572833941512	920.8299213789109	-2.41	353332.36450656696	2.9892470267127704	41.216775755240356	28.39645061661395	75.41	5.0	3.0	2.5288400000000006	0.27598773016505024	0.9320620450853158	0.0004616373493223578	5.29160593448184	0.7633472054574529	0.9788365634889818	3483.987050483029	3.752891499533373	0.23626255950691413	inactive
14.161317572226888	0.07328736369050204	-4.529249514788037	0.3030879095407904	11.416666666666666	504.49800000000016	0.8333333333333334	2.877575893411334	1.5805957460521645	1699.7845555757008	-4.51	151418089.5525187	4.432034947877254	95.74121444915069	35.69291518410296	109.03	7.0	5.0	5.434700000000003	0.4634538749577755	0.9729757346839129	0.0003164802332919889	11.041847015643855	0.9168009033398161	1.248957748799019	11501.795854544973	5.167592216073272	0.23529094994105806	inactive
11.646342592592593	0.03300925925925968	-3.6937962962962962	0.5358753000260388	18.357142857142858	231.65999999999997	1.2857142857142858	2.36135916759743	2.7395510187947147	497.0627852557163	-1.07	1773.3807348656699	1.05711155951169	29.828919765543436	24.63413093293358	54.45	3.0	2.0	1.0274	0.3083950602013719	0.9426592547032724	0.0015933037403615133	4.633026825701294	0.7942314357158163	0.297805991209348	1186.2209416269197	2.619107557207863	0.11030198819705747	inactive
12.67700176366843	0.13149339674141225	-3.5520317092886518	0.7007226624358107	12.125	362.4760000000001	1.0416666666666667	2.9311561786184206	2.140520173640123	1031.170315888696	-1.96	337317.4530354078	2.7887544344100386	58.88474062681671	29.76918689571092	59.38	5.0	3.0	3.0827000000000018	0.5332073826709138	0.9812444059379117	0.0009019714998789554	5.5204902403673355	0.9361842470312606	0.8686082124496237	5040.752847663866	3.9764483768450356	0.16419171202689337	inactive
12.184452554169816	0.16328278533635654	-0.16328278533635654	0.8205297148032966	13.428571428571429	296.39500000000004	1.0476190476190477	2.5469836688474747	1.7648507418344488	669.5001426120655	-2.1999999999999993	92832.46076215275	2.9516898713997244	65.72420659954848	17.56437301998884	32.34	2.0	3.0	3.1541000000000015	0.4319654973609597	0.9682887754704377	0.0008110648290827482	4.398475897920606	0.7897381140686998	0.5776718019465715	3077.936907063475	3.6619074798983817	0.09443049957457436	inactive
5.02974678760393	0.3872713529856391	0.3872713529856391	0.612708599241346	10.416666666666666	178.216	1.5	2.4267796415823466	2.6621920240710417	410.3501069254241	-1.29	876.0674506112272	1.0985182192041532	18.19910120538483	12.093776062224741	36.22	3.0	2.0	1.1063999999999998	0.7345413035500037	0.9951778394798538	0.006314859272155818	3.219517634796893	0.9041669880031092	0.12077416208055432	1319.8421038819301	2.8635707028230177	0.0328165695151918	inactive
5.90623078861174	0.12029604434366359	0.12029604434366359	0.678904763302996	10.23076923076923	211.653	1.2307692307692308	2.525079207194592	2.52306831018065	429.5873052104766	-1.1300000000000001	1502.4221282807823	1.635100512028883	29.288101587587768	10.197363616602075	38.92	4.0	2.0	2.2958	0.48172229847503656	0.9750289555989766	0.002117971897052045	4.92810147615803	0.777922230432919	5.45717230074023e-06	1286.6104796373295	2.7953953393806565	1.623620661035803e-11	inactive
12.39362932431926	0.03877419047069108	-1.4166887724922732	0.31130761907541876	14.382352941176471	497.9160000000003	1.1764705882352942	3.3710696959669253	1.5495375010577677	1426.0537885871438	-3.8899999999999997	40895039.79004126	4.726999609727153	84.95725946959364	21.967447835699073	139.48	8.0	4.0	2.6515400000000016	0.5028404411656412	0.9783064420978907	0.000305266165971194	10.579260182086173	0.8640112878530475	0.8007118227367417	11804.510566831997	5.330642626046213	0.1050206304883819	inactive
12.872300878684808	0.10710836237787302	-0.4982775363231715	0.48215869965057484	14.458333333333334	346.7700000000002	1.125	2.61702014277654	2.0428927291667525	770.6600518347053	-2.44	331419.430881221	3.3933951116683687	68.72842404513216	37.009832736033594	72.67999999999999	5.0	3.0	3.315800000000002	0.3430503010931983	0.9517186335589141	0.0005656075005208142	6.129441814018352	0.8185641985605112	0.9979856960168403	3859.1525954356844	3.801176807008163	0.3402170089470517	inactive
11.799960737381372	0.04861111111111138	-1.7621645880574446	0.46283726064584213	12.96774193548387	417.3050000000002	0.6774193548387096	2.7057462056088286	2.3779331413689304	1180.1230448749975	-4.66	5600840.530686163	4.055790040274353	88.02627775819782	23.691160810220488	183.57999999999998	9.0	3.0	-2.822099999999999	0.1864034345624413	0.889171786906113	0.0002322034233438417	12.130546431422882	0.718979146402608	1.0058954862871867	4865.2266711326365	4.200840490768266	0.30911567685591146	inactive
12.637713100142957	0.057995716805239406	-1.6321886285378355	0.09320452909200135	11.515151515151516	971.659	0.8484848484848485	2.760737474283807	2.4289164130155654	1567.8933459396214	0.47999999999999976	14909307.515120214	4.228030733471073	62.29077554381948	5.969305287951849	93.4	5.0	4.0	7.0339	0.17293670524093285	0.8394150504317475	5.1998121402297306e-05	23.85323922355107	0.5766938252151783	0.7018899152400504	11768.216822225942	4.718430857477728	0.30488167807048666	inactive
11.142546296296295	0.08675925925925898	-1.520325018896447	0.5487783430400792	12.333333333333334	209.15699999999995	1.2	2.134167331446985	2.9526811232485635	390.33424811100593	-1.9500000000000002	1641.1746778827317	2.503237077143783	17.696185628620217	12.011146117099809	135.33	6.0	1.0	-3.472899999999999	0.4992112155985413	0.9773310163804162	0.0027360952843777492	4.713633932624798	0.9409816234279692	0.5413028052931683	1528.5348781548323	2.8912624857333857	0.27754563566280616	inactive
13.56390164399093	0.1107674057277237	-3.0333353410808757	0.42477262243527764	36.59375	441.41600000000017	1.1875	2.6996376544886194	1.9740875357967511	1124.9276159008452	-3.210000000000001	8427682.935942445	2.4784840440451306	35.90493987237732	75.99532602857748	178.13	9.0	4.0	-2.3234999999999975	0.21184142059776767	0.9060511687976972	0.00044482053642385305	7.97839317333553	0.9057350968253155	1.144887884964518	4358.174303279525	3.5627749400322193	0.37037583789711415	inactive
11.776521852032314	0.04179894179894239	-0.46079441949211053	0.8803727748202064	16.2	343.37900000000013	0.96	2.6201177573847145	1.9511611860250957	749.6451484064135	-2.6	483005.6079850852	3.3003753544558996	40.95582274893743	27.874149029745176	85.84	6.0	3.0	1.2890999999999995	0.5212020469325421	0.9802550005550158	0.0007183804522791058	4.976956665178831	0.836280834414177	0.5967634781693076	4923.349415465228	4.175705193949615	0.10421200690426904	inactive
11.845030155580751	0.11754629629629587	-0.405692764760224	0.8134326136704578	18.454545454545453	293.36600000000004	1.1363636363636365	2.6956069611988367	2.0726190087612197	666.6354428852328	-2.2599999999999993	135880.15570011095	2.8533801347194827	71.80987974475464	24.534178948588206	49.36	3.0	3.0	2.0098	0.1617731175565843	0.8689664730916472	0.0004744852549237876	4.1768056926245904	0.6955999217233682	1.1389603045028949	2060.6505879677056	3.325609646883219	0.39794739004834684	inactive
11.938624328863776	0.06866595455054503	-0.928634458157817	0.3854614323525041	39.592592592592595	400.87900000000013	1.3703703703703705	3.5199062188150845	1.7254085350356636	629.6894150323134	-1.1500000000000001	1513883.5054626174	4.159608404017348	16.96591324090948	61.11110353626299	91.76	6.0	3.0	3.3385000000000025	0.17146597136799405	0.8800405472074243	0.00027213871251869975	5.3059123290585335	0.7226773285770377	1.1172811463334442	4041.082243389995	3.914956296764593	0.3996903159629682	inactive
12.205909273431594	0.021649187452759122	-0.41608465608465495	0.5168910937051027	12.318181818181818	356.22300000000007	1.2727272727272727	2.5298936622055375	2.1441579098417796	735.069311953196	-2.449999999999999	93950.13103966483	4.270591860803436	69.96461658329149	10.891158250298714	65.78	3.0	2.0	3.6284800000000024	0.5702108556639066	0.98472643538105	0.0008781464924165973	5.635578274318768	0.9489353244939042	0.9355976774004261	5889.598995262136	4.300590411312885	0.21368273221606288	inactive
12.379869641829272	0.15817499210607044	-0.15863258635069633	0.0943534675467736	12.090909090909092	477.8190000000002	0.6363636363636364	2.8294196336962094	2.1128268600341302	586.4142600213328	-0.96	17722876.260251813	14.811175293160154	29.828919765543436	24.081894465958346	26.3	2.0	1.0	9.511999999999999	0.3950924781206718	0.962255044456258	0.000258819618395105	4.268639015760608	0.8893803623683422	1.272132909164085	11229.765647794653	5.344111009376819	0.247402927213136	inactive
15.350850729774827	0.15456586518139526	-2.930690719910033	0.18691340392833472	35.6	830.97	1.0166666666666666	3.892311533181662	1.3559423419057401	2292.388466441588	-4.53	22907726348958.035	5.312027973978838	70.93452509437688	128.61031590253958	133.87	11.0	9.0	5.121200000000005	0.3570167142896979	0.9548019587756018	0.00014019476263589165	11.530687149892074	0.8664325929600645	1.3954125112477167	18014.681265474504	5.202765753077828	0.2987834801224448	inactive
6.254267197632547	0.784475844605264	0.784475844605264	0.19372872136771097	11.96774193548387	414.5970000000002	0.7741935483870968	2.7890988804707955	1.9717721958125656	1210.547793930761	-3.109999999999999	11148452.168271601	4.081077284210583	66.73003775307771	31.16497205810954	55.92	2.0	4.0	4.988400000000004	0.15721750568019094	0.863845264670908	0.00023242692475613182	4.789327883281311	0.6878759980185224	1.184620282482115	4041.2207411595487	3.9405520877108104	0.32749001975845765	inactive
12.81704936375887	0.04093733094270746	-1.5379101824001717	0.262596957866912	19.970588235294116	522.5660000000001	1.4705882352941178	3.5018179448379563	1.4733419107330508	1206.740951477035	-3.2999999999999994	47544458.88068257	4.532897290910625	46.50027915987619	68.52573332829678	180.25	13.0	4.0	-0.3536999999999985	0.3879225671047666	0.9606276074035551	0.00030905238194242146	10.963229275046656	0.9064182511964785	1.0569619174035176	9568.23268000452	4.696971009718815	0.22077681154712772	inactive
12.031900510204082	0.14527919501133812	-0.6050149071974464	0.6041792298260721	10.470588235294118	246.29099999999997	1.3529411764705883	2.6754122628612373	2.332144772251868	546.1333138297032	-1.75	9171.313237088321	2.336879311522437	41.21677575524036	17.02299265082355	67.12	4.0	2.0	1.3737199999999996	0.6979772684487191	0.99354442991079	0.002574703832151163	4.494081632653061	0.9229808156609315	0.5907146947662151	2916.6062969186805	3.6144103191338637	0.12661787855112314	inactive
6.101299340723944	0.7751196250104984	0.7751196250104984	0.3319037898661971	11.208333333333334	314.41200000000003	0.75	2.605137435237206	2.2743408321952256	1053.005916377742	-3.0699999999999994	449292.42263074947	2.172237991788148	66.73003775307771	0.0	55.92	2.0	4.0	4.131800000000002	0.2509155820431565	0.9150149327323983	0.00045108957587718584	4.307858396806915	0.6647045293362182	0.6447247301193664	2427.935198861862	3.4659956392165263	0.1692054940721322	inactive
13.229887723607963	0.02949137062232232	-1.675226234567901	0.10146292580021792	15.090909090909092	971.6589999999998	0.7575757575757576	3.0813792969485467	2.0541299450535324	1396.5785931796286	0.6099999999999998	22727637.418433093	3.3424954258827935	68.75780244293809	5.969305287951849	81.65	5.0	5.0	7.433800000000001	0.15406752994876385	0.8471144996505198	6.188604189762256e-05	22.780351727117736	0.6373316371393758	0.9488628630952365	12351.172566366455	4.650539840442303	0.36959420365773205	inactive
13.229887723607963	0.02949137062232232	-1.675226234567901	0.10146292580021792	15.090909090909092	971.6589999999998	0.7575757575757576	3.0813792969485467	2.0541299450535324	1396.5785931796286	0.6099999999999998	22727637.418433093	3.3424954258827935	68.75780244293809	5.969305287951849	81.65	5.0	5.0	7.433800000000001	0.15406752994876385	0.8471144996505198	6.188604189762256e-05	22.780351727117736	0.6373316371393758	0.9488628630952365	12351.172566366455	4.650539840442303	0.36959420365773205	inactive
12.480727867535904	0.03947609599395352	-0.38742724867724765	0.45589958227114014	12.291666666666666	384.27700000000004	1.2916666666666667	2.5971955390823163	2.197095183290181	765.6814098783693	-2.449999999999999	258337.84588143983	5.0356997423090375	69.96461658329149	10.891158250298714	65.78	3.0	2.0	4.408680000000003	0.5668607835999383	0.9840213380565345	0.0007540148642899854	5.534637863166904	0.9825030335447491	1.1220405693249813	7190.258743484035	4.535765975639589	0.25159406664828554	inactive
12.649007542831948	0.24596245905769742	-1.3838408604182415	0.7078710391207692	12.333333333333334	344.4160000000001	1.2083333333333333	3.0065977799893377	1.900572833941512	920.8299213789109	-2.41	353332.36450656696	2.9892470267127704	41.216775755240356	28.39645061661395	75.41000000000001	5.0	3.0	2.5288400000000006	0.23501002371080607	0.9154039072442635	0.00040805543348985935	5.29160593448184	0.7372906398318795	1.150241736371184	3309.4280141225518	3.7341331905021184	0.31734236278215033	inactive
5.581143235071806	0.701530612244898	0.701530612244898	0.5248553986921212	10.842105263157896	270.333	0.9473684210526315	2.461196080109552	2.5954897592609907	823.3433919251553	-2.07	31847.877276617604	1.7582000328873106	40.908315175056885	14.219595082555067	32.56	3.0	3.0	3.6968900000000025	0.2640494752517298	0.903664511922272	0.0005148992247309327	4.49085124477756	0.5743185230774195	0.13806741260267083	1495.8741287852358	3.1059847063281447	0.022296869302912383	inactive
2.42008993338916	0.9706481481481481	0.9706481481481481	0.1917076370685416	11.241379310344827	397.67100000000005	0.6896551724137931	3.0823930300042592	1.4486517269661767	629.2422833064992	-1.5699999999999998	4193460.0920274747	10.145899192197925	54.11337847523112	4.567099647791355	8.809999999999999	1.0	2.0	7.613620000000008	0.4054450786181308	0.9643232766690741	0.00036789027518643023	3.5536371178899913	0.8234249722185197	1.0247188720886102	6961.948367871361	4.7114818326863395	0.19328288308150945	inactive
12.438445294784582	0.05689814814814809	-0.3928856449987401	0.9004764649849134	42.958333333333336	327.42400000000004	1.0416666666666667	2.5588924534778132	1.5268006796747136	635.8087492310597	-1.26	478448.9164890141	2.0531185174654536	23.259637120317212	12.648722793660877	81.37	4.0	6.0	1.9912999999999996	0.1910602523454097	0.8957115596666072	0.0005458118228884885	4.014733215301925	0.7644580315024907	1.115238108831276	2408.0202868659594	3.259793235980187	0.4304484970480443	inactive
5.377353316326531	0.3208257747543466	0.3208257747543466	0.5213895408694755	18.166666666666668	171.18	1.5	2.535597109551413	2.0752881638060607	255.80569340503482	-1.3	1054.8083975733878	1.3291324177381532	6.196843571613076	31.57464328533026	68.4	5.0	2.0	-1.4874999999999992	0.5944014288226805	0.9870578425557932	0.0047515165473632015	1.953779425178055	0.8793147820051067	0.5188852711577308	1014.7239430597976	2.6220514822093794	0.1662422423667216	inactive
3.449898746535651	0.506435185185185	0.506435185185185	0.6624613878903269	23.857142857142858	274.367	1.0	2.9257728422595037	1.8388264886204377	845.6485682762475	-2.0599999999999996	184607.48902804792	1.4566464298729591	70.91521901763232	22.973401063622838	19.03	1.0	5.0	3.669900000000002	0.30661787391951	0.9398697952942998	0.0008252169373805055	3.6368817068551964	0.7287483869809209	0.6847057598055009	1884.319090871965	3.123360913234604	0.17675892632335966	inactive
11.261375263903307	0.30601440816501824	-4.2612917298639585	0.054960445192164725	17.77358490566038	751.991	0.6415094339622641	3.451730171486395	1.2514699460450647	2419.309350322974	-4.349999999999999	338498308238.3748	8.258994876331	132.15248786582637	60.823524603607844	120.65	7.0	6.0	8.370300000000006	0.4762061454845171	0.9748979844872032	8.760992281947827e-05	10.903880822838333	0.820194315929358	1.0212583236622081	34486.854330830916	7.557270091815253	0.0881225524743406	inactive
13.611397350645184	0.011605725623583085	-4.949697238690822	0.5439477250298663	15.375	459.78700000000015	1.09375	3.342545875538104	1.7443248982169166	1279.8281054858442	-3.8499999999999996	16782214.221351206	4.019336348156143	82.58310743899814	23.76446853751753	85.94	5.0	4.0	4.312000000000002	0.39549981422440567	0.9626049583379448	0.000276413413341617	11.679463912564428	0.8351621505587223	1.0877995519281507	9314.489068559233	5.054023954326671	0.2082424767002332	inactive
12.89780536174507	0.1593123069023461	-0.24300256346130555	0.2514867782064568	13.738095238095237	570.6100000000005	1.0714285714285714	3.6010812773838765	1.0900613289281638	1677.440908315693	-5.009999999999999	6047680557.443069	6.013461001442041	66.35759867946456	75.11038777541512	155.68	12.0	6.0	3.839000000000003	0.622265154995741	0.98909982220596	0.00026888826412439456	9.24493107161459	0.9049630988730182	1.0207051778110292	20684.489820283918	6.411108772651621	0.1116516435315367	inactive
12.994412746404887	0.02899380494979331	-4.971492416455668	0.37511211550132484	11.966666666666667	510.24100000000016	0.9333333333333333	3.156637024661853	1.8881718674790833	1034.8228185449886	-2.7399999999999984	3539000.467459143	5.240981359696281	51.99782490999606	20.63788888433553	76.83000000000001	4.0	3.0	5.104800000000001	0.1828740553436557	0.8911175326330206	0.00021966173472672738	13.54034075445528	0.766242786399272	1.1141707153780807	5890.337122897662	4.0894244664106685	0.4285585218605659	inactive
11.268425925925925	0.09009259259259217	-0.5243518518518515	0.49855403671946735	10.285714285714286	189.14999999999998	1.2857142857142858	2.1804863586584204	2.8831748525258547	510.38326813716645	-2.17	1862.1353502942911	1.1487515559686323	40.57663011422509	9.90728956976488	79.09	4.0	2.0	1.2166	0.289756349897716	0.9263898204900618	0.0014071000589324773	4.364544959263488	0.638098422523242	0.07854644113572319	768.4388882114024	2.532468269165535	0.012360742325590342	inactive
12.313906923804112	0.14357136176580565	-0.9299534965025715	0.7654298757934812	14.826086956521738	332.74700000000007	1.0	2.5406479492357668	1.683680282419084	791.3559004339181	-2.539999999999999	181951.04353246867	3.4512205930707194	61.88648131229696	36.98611508385228	85.88999999999999	4.0	3.0	-0.06279999999999974	0.3348799595006886	0.9497982475814478	0.0005688471924041014	6.161888546280311	0.8207343248501673	1.03370252937103	3784.9077449228153	3.845125443738438	0.34818269898004844	inactive
12.375434914145233	0.12129898851718712	-0.9508324661411154	0.7788383085618789	14.64	362.77300000000014	1.12	2.6009554723308885	1.6883123612502122	871.2431079837347	-2.579999999999999	455344.072630024	3.7489327109260917	61.38356573553234	42.09264247869299	106.11999999999999	5.0	3.0	-0.5704999999999996	0.10617551416970825	0.8270141093817961	0.0003582961458557995	6.619745626654992	0.766735344928541	1.2284939210507402	2918.586299692521	3.495489578431231	0.46705075211598546	inactive
12.319702590912907	0.1470318930041148	-0.9320246307124009	0.7654298757934812	14.826086956521738	332.74700000000007	1.0434782608695652	2.5327724573518062	1.6980416542680925	808.6059004339184	-2.539999999999999	179107.53709409034	3.4512205930707194	61.88648131229696	36.98611508385228	85.88999999999999	4.0	3.0	-0.06279999999999952	0.1338477193874671	0.8514110673574717	0.0004075539060515139	6.161888546280311	0.7325208028495879	1.1857174341988506	2510.2108726405027	3.409107795891294	0.48237854024087595	inactive
12.940165122067594	0.17571093935992876	-0.9529646733599024	0.7369461152069461	14.826086956521738	316.2920000000001	1.0	2.5406479492357668	1.683680282419084	791.3559004339181	-2.899999999999999	181951.04353246867	3.306297618413342	62.68106883960153	36.98611508385228	85.88999999999999	4.0	3.0	-0.5770999999999997	0.2353341974146703	0.9175762688679082	0.0005414873334954773	5.951803150948452	0.7781409464368273	1.05497773860139	2812.7153118904	3.5259344376940196	0.40622212272131075	inactive
12.33135412306949	0.16316119953746178	-0.9446725991337626	0.6731421830079837	14.5	326.31200000000007	1.0	2.6035810657570537	1.6730081744681473	832.3864159009214	-3.16	318303.40677519434	3.2671695606347106	62.42729949025263	43.272275606981836	102.96000000000001	5.0	3.0	-0.9036999999999991	0.40943716535932945	0.9648570838046936	0.0007425612414553233	6.044241483257705	0.888298747916041	0.9681888923982802	4043.909621591186	3.873622954906045	0.2886199771669092	inactive
12.342430798918896	0.004858418890220317	-0.9366119784357789	0.752204775001507	14.708333333333334	328.3280000000001	1.0416666666666667	2.6035810657570537	1.6630999979028904	803.8961823692856	-2.869999999999999	318303.40677519434	3.380272108291333	62.42729949025263	42.09264247869299	106.11999999999999	5.0	3.0	-1.2238999999999984	0.11918750718741694	0.8300003067750059	0.00038334298507609866	5.592002424441286	0.7035066986541378	1.1719290127304158	2314.724474588199	3.366066953314877	0.4367650181170943	inactive
12.334166336108975	0.1603489864979759	-0.9425291381990928	0.7080984019701261	14.291666666666666	323.31200000000007	1.0416666666666667	2.6035810657570537	1.6763701269496654	870.5406181610243	-3.3400000000000003	318303.40677519434	3.197800276018867	62.42729949025263	36.98611508385228	109.67999999999998	5.0	3.0	-0.8445199999999997	0.336559164556961	0.9501808209035355	0.0005946889506336687	6.279638833640708	0.8175706292484101	0.9676308915132776	3605.993745901437	3.811002967174438	0.2878718245587852	inactive
12.607290678951726	0.25187025983743094	-4.386884146616602	0.7601871365235974	15.192307692307692	366.29900000000004	0.9615384615384616	2.596683857571442	1.660736848483646	881.5677037876583	-3.0399999999999987	580452.3227860898	3.7866588114427007	62.42729949025263	36.98611508385228	85.88999999999999	4.0	3.0	0.3026000000000004	0.34339305323605634	0.9518507959126821	0.00047856921684421037	7.683943233462989	0.8288781759340316	1.0331845153340464	4682.9420729507765	4.058119651815221	0.3092954580433825	inactive
12.446448076067483	0.08573422524044849	-0.8203459819801815	0.8635500839993056	21.333333333333332	370.2160000000001	1.125	2.5583121838100777	1.5979800277411278	673.2967791498196	-1.9899999999999993	266964.99300494924	3.569384196683737	33.561156436873816	54.96625015468982	83.82	4.0	3.0	2.0242	0.3041156022999588	0.9404679110310323	0.0005459839787933416	6.384402320019825	0.9129249143276741	1.2545467123736302	4491.189976739272	3.8688565395509475	0.4944785935635472	inactive
12.446448076067483	0.08573422524044849	-0.8203459819801815	0.8635500839993056	21.333333333333332	370.2160000000001	1.125	2.5583121838100777	1.5979800277411278	673.2967791498196	-1.9899999999999993	266964.99300494924	3.569384196683737	33.561156436873816	54.96625015468982	83.82	4.0	3.0	2.0242	0.6776031967418464	0.9925041544137613	0.000945952874344998	6.384402320019825	0.9091189667605571	0.6666543416828954	7149.274991012818	4.644813477904384	0.11920612314726257	inactive
12.330362387532302	0.1271158980376148	-0.9181717739516186	0.6259986221015148	14.826086956521738	424.1980000000001	1.0	2.5406479492357668	1.683680282419084	791.3559004339181	-2.099999999999999	181951.04353246867	3.6318766696475886	60.43403026962103	36.98611508385228	85.88999999999999	4.0	3.0	-0.11159999999999992	0.5584998973946677	0.9838853281756538	0.0006272239810123605	6.421900047330485	0.9196056695394326	1.0481825874326445	7540.6990783611645	4.503503123336805	0.338296455554464	inactive
13.727252697081791	0.0312348570301213	-0.9215597363248669	0.20873870073421624	16.88372093023256	598.6720000000004	1.186046511627907	3.5797553424745736	1.8223963675032282	1321.6433664322599	-4.3500000000000005	2223265992.5357924	10.153200576724455	65.31872330244161	59.86607270821816	156.7	8.0	3.0	2.8249200000000014	0.17855609816500462	0.8878214813559232	0.00017483433071035267	8.635905852227788	0.909041557610536	1.5746437933586377	10270.827805456058	4.72829927618988	0.49098069584360227	inactive
13.407840008313633	0.07595695323328777	-4.552733393434985	0.3771802780240806	12.0	471.4540000000001	1.088235294117647	2.818022270039094	1.915485109844556	1148.8272800206976	-4.01	29197731.637478493	6.0632077626884495	108.21988893441153	23.343094385562793	62.300000000000004	3.0	3.0	4.858700000000004	0.26846421260693676	0.9304551566464703	0.00027624563143447626	8.976045749337745	0.865786274155161	1.4496977200756782	7405.6579400390165	4.499949039399262	0.4841648013331268	inactive
12.993254440665154	0.0323444192491813	-0.30887188208616867	0.721577144713263	19.12	352.8210000000001	1.24	2.6147932967678185	1.6844274440931828	952.083947772685	-2.589999999999999	678544.0900978424	3.051915678697153	65.44434142789574	16.995124638047017	51.22	3.0	4.0	4.781500000000004	0.3109245252906918	0.9417653256226355	0.0004345625514919485	5.711348303724418	0.742693853479605	0.6355360004818744	3774.6628317643485	3.8695949923365047	0.13400409389882478	inactive
13.103515054169815	0.010167216734191742	-0.8365343915343921	0.5242995641359965	12.137931034482758	411.57100000000014	1.2413793103448276	2.712470616189343	2.494655454824044	829.4514937235298	-2.599999999999999	2116291.2745158547	5.937104705962709	72.57374832782217	35.35171717582099	62.300000000000004	4.0	2.0	4.118600000000003	0.0975453989102119	0.8151043410439295	0.00021135272057453704	5.354428851667421	0.7609294341758709	1.4778032611145089	4728.9722970093535	4.203435097642482	0.4538397855405604	inactive
13.734303981936106	0.029031242126480006	-4.290180579176113	0.7731762054744729	17.318181818181817	352.7900000000001	1.1363636363636365	2.7204331486554967	2.255937665730199	648.9990904029933	-1.2500000000000002	76120.43993252945	3.3891050234859623	29.833542887476618	55.58913150444779	57.690000000000005	3.0	2.0	1.4266000000000005	0.1658793657988674	0.8825031333229553	0.0005735587407417112	5.9929080475727705	0.8332637999719522	1.1171303546561346	2573.9857052159537	3.1756995955480583	0.4982410187347805	inactive
10.313310027714788	0.06832577475434598	-1.2621450617283945	0.5083578733846509	11.384615384615385	305.116	1.3846153846153846	2.0845175502848488	2.9154921836053522	343.1372637520875	-0.4900000000000001	758.764388303685	3.395189861320984	38.30423855049888	5.969305287951849	40.129999999999995	3.0	1.0	1.3118	0.7991869679980405	0.9973933255988405	0.0034786489458383777	4.83721197618003	0.949522904331285	0.44951129912086923	3591.907106398309	3.5401240075349287	0.09789199500671399	inactive
11.529562642209267	0.05856970745904788	0.05856970745904788	0.7786909838817738	18.0	294.826	1.2	2.5266846325615187	1.7436760796771433	415.7448658193228	-1.0599999999999998	42165.31314818662	4.219103861380665	35.89528683400505	53.807869088821064	23.55	2.0	2.0	2.3907000000000007	0.6412879503798633	0.9899892215434799	0.0015040412049837696	3.305984186511265	0.9833217217866258	1.1265299152008763	4554.830752640498	4.08521744352353	0.3605133833477674	inactive
13.527097033257746	0.32170611300075613	-1.187984339569161	0.6553457927666312	21.296296296296298	379.8030000000001	1.1481481481481481	2.9236994766459277	1.6829919224474048	1111.3271766907455	-3.1199999999999988	2544817.261467382	2.2301007302946374	65.44434142789574	23.529154727149702	71.53	4.0	5.0	3.6224000000000025	0.3466911917322111	0.952365307576609	0.0005102242368926007	7.127430918739037	0.8005563892194819	0.5217986861619015	4118.893355194209	3.7764121150162278	0.12279041910614139	inactive
13.757011999244142	0.014613331443688926	-1.1004148951247168	0.6874018874184689	17.7	423.90000000000026	1.2	2.7391235825446807	1.8026933959996934	1126.3813552692154	-3.1199999999999988	6432371.560844315	3.588343045277083	65.44434142789574	42.40047364036799	71.53	4.0	4.0	4.025500000000002	0.19500616841558638	0.8922961396192224	0.0003825419562582828	6.688948828593832	0.971969481457074	1.2500271074027542	5470.361119293375	4.010969176133467	0.41391920831982065	inactive
11.891186696900983	0.037777777777777466	-0.037777777777777466	0.9447912826491959	10.11111111111111	305.17499999999995	1.3888888888888888	2.318561520232321	2.0346835172849502	569.2253791161851	-1.6799999999999997	12608.337547023362	3.4040041244273715	58.32514498476061	10.891158250298714	41.99	2.0	2.0	3.3337200000000013	0.588095059016406	0.9864847631772222	0.0012804777853378342	4.166575838374838	0.916566066481755	0.9532956292517792	4004.0643781388344	3.85882051493751	0.2905336055567782	inactive
12.433020360108443	0.15335131987954842	-0.1543132728652763	0.5402549212406945	14.387096774193548	440.9310000000003	1.2258064516129032	3.232610344033501	1.3579222478113835	1046.805779875393	-2.93	15411870.658862377	5.819480061140425	64.59013955825972	21.08852186690079	90.14	6.0	4.0	5.234320000000004	0.1298212299571569	0.8505806426736924	0.00019907602046880882	6.5427121239346135	0.7540266610010207	1.3759619321645682	5431.2152336627705	4.3152901889760455	0.4134671749405109	inactive
12.858009259259259	0.19929106827916332	-0.3910596182917616	0.7580478953604063	16.32	357.77700000000004	1.44	2.8925133923667565	1.7058407419378558	1040.039262905129	-2.799999999999999	705420.3811036198	2.660355931972605	51.663153736324595	22.065139862602987	87.32000000000001	5.0	4.0	2.048899999999999	0.3174550522776245	0.9454399722173438	0.0005403942894143774	6.493107038733862	0.839121100330957	1.039891249099308	3999.3768087960507	3.797373402929401	0.3275500894396019	inactive
13.05649896069539	0.2942554274796345	-2.0270121173469384	0.7142602112235322	19.074074074074073	381.81900000000013	1.2592592592592593	2.6627577865968983	1.779347663224515	1079.7599279327555	-2.9599999999999986	1459926.188204201	2.829388464541295	65.44434142789574	28.952537357168115	82.53	4.0	4.0	3.0810000000000013	0.21406241001634335	0.9074268914820688	0.0003664621235414056	6.888979422617159	0.761745942673525	1.1407740615645354	3768.120923242048	3.7595560397072774	0.3546275526990269	inactive
11.7739728960914	0.04967051944234546	0.04967051944234546	0.792107514020502	22.043478260869566	336.8630000000003	1.1304347826086956	2.6359178840882076	1.7254896140213078	497.0028663145865	-1.1	270761.4850535407	4.0565357719203865	35.89528683400505	60.97979218869892	32.78	3.0	3.0	2.537300000000001	0.5392698888704508	0.9821684360341595	0.0009014428519192077	4.000543239615089	0.89109035607784	0.9580004336472916	4685.331153286029	4.028140640712546	0.282526273570333	inactive
12.142516061980347	0.029510582010581876	-0.029510582010581876	0.7727476043307818	10.590909090909092	310.78400000000005	1.0909090909090908	2.5342456995710876	1.6837584889409913	811.5511466922657	-2.3899999999999997	136717.48700046103	3.43472486449568	71.51070849635737	10.891158250298714	41.99	2.0	3.0	4.459500000000003	0.5860991336277611	0.9861430680617611	0.0011629363391768156	5.067233091204522	0.945197173535143	0.9857759691465322	4630.736621852234	4.079184264750298	0.24799013341091244	inactive
12.940569255479968	0.25953320525741197	-2.0282621173469386	0.6488314776296842	18.923076923076923	367.7920000000001	1.2307692307692308	2.6245563324867867	1.760974244269352	1047.8837219108282	-2.9599999999999986	938221.1486247116	2.6905738482912946	65.44434142789574	21.904865374490925	91.32	4.0	4.0	3.0567	0.24605369704268124	0.9212429867647576	0.0004117963230946959	6.980998062876187	0.7616314330898926	0.9967321358952239	3621.3582289764213	3.7284551260502234	0.2821541517699889	inactive
13.065030444276477	0.039855634640687754	-0.3910465482489298	0.8844930754978017	19.73076923076923	369.85200000000015	1.0384615384615385	2.666684982100673	1.4648376250614004	846.4548676591464	-2.529999999999999	1176509.4138830316	3.2677257571634963	59.1170213531312	42.89329481320379	52.650000000000006	3.0	4.0	3.114600000000001	0.466919080242921	0.9725974680624347	0.0006473137004060086	5.487491865678145	0.966405417104101	0.9662668951772396	6205.679332591437	4.36906831686114	0.2627287880504055	inactive
12.44100566718457	0.06476971646479202	-3.4722639125094488	0.7837492303088659	17.2	316.81000000000006	1.15	2.4676186568840226	2.0917933675153715	578.1387612401958	-1.11	30795.880837912602	3.1337195971612624	29.828919765543436	55.58913150444779	57.690000000000005	3.0	2.0	1.0667199999999997	0.4381286740187952	0.9692939616593035	0.000880169254487566	4.442580731135571	0.9119937614402238	1.1112439583672604	3842.8229213618747	3.7881776366513504	0.3378779803707937	inactive
13.306077723916829	0.35323385108558325	-1.1823625020996051	0.42042837942971256	11.428571428571429	487.8830000000002	1.1428571428571428	2.841160312753648	1.6288572810576734	1598.927681035439	-4.749999999999999	69047707.62778057	5.261536889279172	104.10908822106657	21.365437627441572	148.04999999999998	7.0	4.0	1.7351799999999995	0.105053737146855	0.8192673901199076	0.0001519607910420873	10.670005668788168	0.7315142478537416	1.561059416248968	6141.118894858826	4.453156962323925	0.5094517647569347	inactive
14.148645262789035	0.005878763542454202	-1.1483587745627788	0.5304984162716775	19.513513513513512	518.0170000000003	1.135135135135135	2.9233024589744216	1.4492559087384125	1360.174983575771	-3.6699999999999986	291739925.8920867	5.10457983444602	65.44434142789574	65.92882143542697	98.56	6.0	5.0	3.995180000000003	0.29818336419555674	0.9398325123330521	0.00024194611129246062	8.162466399027425	0.8680865513355115	1.3743189111223733	9116.8404411556	4.732847256120045	0.3307135803090298	inactive
12.496743039808514	0.15113780234315954	-0.17032942806752294	0.5987056915894614	10.807692307692308	363.78800000000007	1.1538461538461537	3.160962512399325	1.5665823598586595	1074.946292739141	-3.3199999999999994	1543681.3306303094	3.3798667872086012	65.44434142789574	26.416610249909485	94.76	5.0	4.0	2.8786000000000014	0.42874434597791644	0.9682519216254613	0.000508232859181694	7.50826889528987	0.862970301378004	1.012979554917465	5861.785140134821	4.441422769587621	0.21519561285499733	inactive
14.075284008269668	0.03810672277386118	-4.472351731787574	0.4730147913048297	21.58974358974359	562.9760000000005	1.1538461538461537	2.9108876620036606	1.4548654643422583	1383.3895113167641	-3.4099999999999984	514456476.1314584	5.799656519439741	65.44434142789574	73.3713021683686	92.79	6.0	5.0	3.9265000000000025	0.17583125258118015	0.8804871973506136	0.0001440058363959175	9.898145880563261	0.7040301937375538	1.0736106533853338	7260.392012435285	4.466459226681855	0.25400357034583027	inactive
11.92378306878307	0.14484567901234535	-0.14484567901234535	0.9340460453717606	10.0	276.72299999999996	1.4210526315789473	2.389021980136595	2.0521995384515184	587.163576900723	-2.0699999999999994	21945.555909534763	3.6933557477917605	53.31160729097252	18.000955791576246	51.22	3.0	2.0	2.924800000000001	0.5482465702622326	0.9830052071404555	0.0012669238221320802	4.49085124477756	0.9025687771432946	0.8649553499163629	3502.597586629133	3.8246327495649015	0.222944086352508	inactive
12.114874811035524	0.15007432602670678	-0.15007432602670678	0.8051952011122818	10.523809523809524	297.745	1.1428571428571428	2.4739761554776227	1.8039060510745435	798.8888977295804	-2.4599999999999995	80913.86414105113	3.17244814374422	65.31386492474428	16.10454334595358	54.88	3.0	3.0	3.4644000000000013	0.3358757547170916	0.9498998754704111	0.000854918279369235	5.386836704973577	0.8678998657835213	0.7359146307318419	2818.9610872914777	3.4486250638219	0.258748460541783	inactive
4.59581427941547	0.8368055555555555	0.8368055555555555	0.6720651392407754	10.954545454545455	294.382	1.1363636363636365	3.203624422542235	1.7002081149140684	698.6798167552329	-2.4299999999999997	221908.65650065555	3.417703539675987	54.50480798468553	19.51903521063298	57.7	4.0	3.0	2.882600000000001	0.2640827327125448	0.9277569622116478	0.0005129288622668976	3.9053016428954717	0.7573480429002105	0.9484726209581866	2996.4686457172907	3.783821365771664	0.23110565143983214	inactive
12.111081309838749	0.04283352229780779	-3.5357850276627327	0.8941796469981774	11.08695652173913	352.82300000000004	1.3478260869565217	2.3809237873532596	2.131486862294101	837.6107879360817	-2.1199999999999997	84746.60128705192	5.53687355469474	57.53078657866	25.564724418139058	90.22999999999999	4.0	2.0	3.189420000000002	0.33478912890008833	0.9493995310577056	0.0005085318269298037	6.067103862677099	0.8839741445111914	1.1472886317356252	4892.527625936381	4.152137377819926	0.3498285407627624	inactive
12.035933484504913	0.13632716049382676	-0.13632716049382676	0.8022492207594811	10.65	285.714	1.3	2.8768354939067122	1.7746352324759036	768.4647087584021	-2.4	60410.66853654705	2.6237975003156175	53.44208379412399	15.989840058599752	68.98	3.0	3.0	2.4216000000000006	0.5423606815897399	0.9824839808392174	0.001138830306377388	5.5353542731921115	0.8875171865931606	0.8406463238962193	3711.6924072097554	3.8958928803144333	0.2176620114227597	inactive
13.551195304415003	0.01911295060826035	-3.0183452579610943	0.3487801243823115	11.675675675675675	508.4800000000002	1.027027027027027	3.4284810507554018	1.6684929121737753	1319.0686535601596	-4.670000000000001	263945042.17345536	6.512645184894874	108.21957329350825	34.9385779929561	98.52	5.0	4.0	3.921300000000003	0.4632822972253785	0.9725291089290791	0.0003871495228254597	10.001082087123919	0.9440346539851999	1.3822725981728008	9888.924508126218	4.735212597150155	0.386794436365466	inactive
13.542964851740104	0.04376770782795303	-1.0612922545561438	0.39438438669308923	11.485714285714286	474.4920000000002	1.1428571428571428	3.4261598167526133	1.6716857526389999	1264.2834051516659	-4.529999999999999	121413729.93245398	5.698419832010801	108.3522121415602	35.436870447787534	97.56	6.0	4.0	3.9643000000000033	0.07947449282000857	0.7888043405187374	0.00018635877555219524	8.298453226040685	0.7687322513369635	1.344701252722661	5159.129641017568	4.105514240480901	0.42229738259507094	inactive
13.705893092480846	0.12307454939173912	-1.0247263164525073	0.37973791390256123	13.972972972972974	498.5380000000003	1.0810810810810811	3.4219070281600916	1.4608796674648212	1342.0222573412611	-4.37	313614001.3455133	5.566523955262853	113.78302478520524	41.540836835535835	98.52	5.0	5.0	3.4337000000000018	0.2545899177993915	0.9256539455963676	0.0002183631071786199	8.594707916412924	0.8581629242204111	1.414159471190455	8913.374316043293	4.8268058772079785	0.3591268167503749	inactive
13.611448814108412	0.03926343222474182	-4.542613654350407	0.480567067302848	11.966666666666667	430.857	1.1333333333333333	2.6709232082803296	1.878543060084816	1079.3063688947761	-3.1199999999999983	3819922.321404028	5.7025109951132125	94.26743003990998	17.06745676774219	41.99	2.0	3.0	6.327520000000004	0.3383118923360572	0.9506546782459158	0.00032094044675974896	8.191861524304302	0.8453948891211218	1.2013473092629932	7177.638702972692	4.608590534615084	0.24566647897744562	inactive
12.924921107331823	0.23405580750818844	-0.23405580750818844	0.6944039781765455	10.32	351.837	1.12	2.6222173340932575	1.898347541058887	867.5799375682178	-2.8499999999999988	560797.8879385204	4.365688757741165	89.2068941249776	11.01509303328528	45.230000000000004	2.0	3.0	5.2821200000000035	0.16326016685571082	0.879500733387881	0.0003667447610465833	5.576982940945531	0.780705451865378	1.1274731602043144	3492.183484154331	3.787448599135034	0.3520847995900149	inactive
12.17346419123205	0.14442050894431824	-0.35338662307209434	0.9232317282403855	11.090909090909092	318.804	1.3181818181818181	2.390442312937471	2.0844227812100677	665.7036681948548	-2.0699999999999994	60956.2789799055	5.0407640431342084	53.31160729097252	16.492209061282402	51.22	3.0	2.0	4.093500000000003	0.440696833008729	0.9699786247240193	0.00083163497565975	4.479297483970352	0.8858080879600936	0.9277819541973172	3879.7209334410823	3.8242053042994972	0.24484657912609673	inactive
12.743129215443497	0.13256294325964224	-0.13256294325964224	0.30609727438776685	11.0625	458.9740000000001	1.0625	3.143949791663013	1.3403985568029242	1458.1245747597657	-3.479999999999998	27774513.90179397	4.418724461914992	89.2068941249776	15.875136771245923	66.91	5.0	5.0	6.731120000000004	0.19915942315833202	0.8779876347732037	0.00013171970276409985	8.137568766637091	0.617274327150906	1.087446145149536	6043.0668733310695	4.7279383319399555	0.19284666341420573	inactive
13.337686025027294	0.025358366180876946	-3.3297983689761526	0.6866790932370298	22.344827586206897	428.8970000000001	1.206896551724138	2.6522236538959323	1.5280336183297258	1283.0807620991275	-2.6399999999999992	3370708.3895126865	2.876581990690299	59.37797435943413	31.668690805887355	85.36	5.0	6.0	3.7230000000000025	0.402273617668536	0.9636342710864078	0.0004154472691058752	7.558237194119796	0.8839021529061596	1.04327304486524	7037.461383878923	4.468352393305431	0.2415359866005344	inactive
13.486865630368147	0.06245460915847789	-3.0966898561011567	0.7196173797821003	21.074074074074073	395.83700000000005	1.4074074074074074	2.8321170415099566	1.6824580151550008	847.4545176063843	-2.2499999999999996	972362.0723297794	4.727514792899409	52.80869171420791	34.066022030130256	74.25	4.0	3.0	3.7951200000000016	0.23519990811684174	0.9129658986957129	0.00025873137118024426	6.387621893677257	0.7061402861879071	0.9165606088960844	4723.180574651323	4.226386144876226	0.1941003686727001	inactive
12.401742754800114	0.20145691609977345	-4.2772698150464645	0.8395830161628016	12.0	271.26599999999996	1.368421052631579	2.9217021424111933	2.1759406771806185	527.0620424178434	-1.7900000000000003	22634.426497259516	3.586490791974659	24.414935212839158	20.711355207129245	44.81	3.0	2.0	2.807200000000001	0.22430824080832207	0.8991225621746364	0.0005886108855003809	4.358785027163308	0.643304411516843	0.6651925350720261	1606.3169848877644	3.0947877087181275	0.1671983225886035	inactive
13.404136117409926	0.054474088105873175	-0.9674675086083819	0.5151793120307513	12.0	445.5380000000001	1.0909090909090908	2.8126662001565284	1.9794358885225227	1104.8583432373732	-3.7999999999999985	18434349.283803493	5.916428676218888	108.21988893441153	16.79833797965022	62.300000000000004	3.0	3.0	5.094900000000004	0.1800576744847629	0.8904503103335537	0.00021276419660537103	6.625789810080351	0.7864526732593896	1.3175592569621846	6387.904709982529	4.52020496703997	0.3594787926136233	inactive
13.702780444471689	0.3147136400856638	-1.269867961073318	0.7290679787675891	18.62962962962963	386.8100000000001	1.2962962962962963	2.675424100703154	1.7720711943283907	1042.9106017507138	-2.6999999999999993	1663284.4091661437	3.006116041848548	65.19519520048003	24.607837756089165	60.45	4.0	4.0	4.290200000000003	0.2135065146289765	0.9088165750397869	0.0003915803276612832	7.03626719434207	0.8202152769352747	0.9306564789914304	4118.080134383892	3.810592677170182	0.33792532543159676	inactive
13.82947376560562	0.011229232561303482	-0.5598505605946078	0.7866067074544043	10.636363636363637	314.747	1.1363636363636365	2.5214310043638792	1.8309484809688574	845.6865913161552	-2.4599999999999995	125582.39260334737	2.919665585148108	71.26156226894165	10.891158250298714	41.99	2.0	3.0	4.208500000000002	0.3198349448008723	0.9455572843549475	0.0008175423562414503	5.970598980418009	0.8852753029126339	0.7635358651123378	2945.469523799296	3.418300568629408	0.25615482187538613	inactive
12.494149659863947	0.44144573570168855	-1.0941609977324267	0.6948990652545121	11.590909090909092	318.76	1.3181818181818181	2.4947799692723365	2.3169683860839827	703.2952035172416	-2.399999999999999	83200.91197523242	3.620484338140882	58.87505878266951	23.970261079528097	68.29	4.0	2.0	2.938720000000001	0.20090127585161066	0.9026800215691773	0.0005184340035116118	5.350347178386568	0.8259852532624514	1.2907853430622367	3058.209462232502	3.6199182086443744	0.5104577735129721	inactive
12.138600245653816	0.07363378684807231	-0.07363378684807231	0.7914090985550767	10.523809523809524	296.75700000000006	1.0476190476190477	2.499328818970411	1.78543950554549	778.9069169304881	-2.3899999999999992	83397.60403140467	3.201589922823539	71.51070849635737	10.891158250298714	41.99	2.0	3.0	4.069400000000002	0.48673338424792223	0.9763856245644664	0.0009497436770437005	5.108907741732905	0.8609554909616778	0.8105812859572861	3612.6918097569624	3.8320121307010853	0.22820951395523806	inactive
13.755827427325894	0.06445341266544369	-1.0494706370202402	0.3420222645194764	11.837837837837839	497.5300000000002	1.135135135135135	3.5749599513211754	1.5236092795615805	1532.2895862300916	-4.789999999999999	403547199.2410564	5.1069568996058345	114.54905571317327	32.894172554301356	93.26	6.0	5.0	4.447400000000004	0.3074061374570253	0.9418695445530062	0.000284674513497572	8.654480579942192	0.8975008344119971	1.48522866331723	8421.883835849516	4.589375131927013	0.401649816499299	inactive
13.41191564861839	0.292027745726686	-1.082451236667507	0.3685211675932285	11.944444444444445	501.9340000000002	1.0555555555555556	3.254193799197616	1.4246032111294078	1672.4806221224148	-4.5699999999999985	184790677.03979352	4.53426617660657	94.38867622185882	36.12990089183501	123.80000000000001	8.0	5.0	2.8278000000000008	0.271027882050704	0.9304410926392324	0.00021984374191811432	9.472367270869256	0.7643036125372954	0.9786421204151228	7251.253107428296	4.487464452647445	0.22523116285993425	inactive
14.269076239292009	0.05548369656504537	-3.8266221917996357	0.4578153052021635	22.864864864864863	559.45	1.135135135135135	3.546092539028105	1.4468623414219366	1636.7563404156388	-2.769999999999999	297719262.93044233	3.8940270139075954	69.71491293745673	42.456537644495825	94.37	5.0	6.0	4.804580000000004	0.1576789500566646	0.8563832775200954	0.00013074815606236128	10.419379474535727	0.6556257073919362	1.1771777762587727	6367.076179266312	4.341831323673764	0.2836930903720808	inactive
13.433165999985778	0.03532959117735435	-4.57304560647447	0.3241329198186727	12.028571428571428	505.8990000000001	1.1142857142857143	2.8121157376617885	1.9527607945526932	1215.833843108431	-3.7199999999999993	40666241.90004908	6.664509537222667	107.17615517969124	23.343094385562793	62.300000000000004	3.0	3.0	5.512100000000004	0.32365949067895783	0.9448676554505806	0.00028936515208343247	10.102993038083127	0.9423622853981195	1.400353193070727	9372.194814766317	4.723457407410252	0.46282897012586455	inactive
12.28273507965833	0.1266846532128818	-0.1649604562771947	0.7118160989310701	10.576923076923077	372.81200000000007	1.3076923076923077	2.999167010105687	1.6475917290967401	926.304604370629	-2.9299999999999993	858838.4658468544	4.795283152593709	64.52382013423374	21.031800028371368	90.14	6.0	3.0	3.4950400000000013	0.38990270179718384	0.9614040446422348	0.0004873018013109268	6.34902791870816	0.8784238563090301	1.1756118117612957	5755.138717873177	4.35005571381931	0.30920366479198186	inactive
12.014674981103552	0.1685493827160489	-0.1685493827160489	0.8036966931789592	10.65	287.706	1.3	2.8768354939067122	1.7746352324759036	769.7098212562387	-2.4000000000000004	60410.66853654705	2.6237975003156175	53.44208379412399	16.04782150742416	68.02000000000001	4.0	3.0	3.0574000000000012	0.5186176504455402	0.9796776523827933	0.0012248613418370665	5.5353542731921115	0.9347988176327434	0.7424850521787358	3556.8471517499843	3.75769364207752	0.2202615411558611	inactive
13.94986337152886	0.1862188733518093	-0.41940500006246695	0.7114234673284656	14.653846153846153	350.3730000000001	0.9615384615384616	2.671349890567168	1.5627609747621094	1022.7400718639685	-3.149999999999999	1208550.7466912738	2.9412849329021555	76.33178002802121	36.98611508385228	54.720000000000006	3.0	4.0	2.2587	0.34626266734923766	0.9524811361952156	0.0006022823170439464	5.94138143016057	0.8534766874267805	0.9752835685705564	3970.6057398155094	3.7851703622747337	0.2639467066832147	inactive
11.883182791635171	0.03942617787855851	-0.5718518518518516	0.9205334628589709	10.11111111111111	282.106	1.2777777777777777	2.348126187382433	2.2769268291877274	602.3813237592254	-1.7799999999999991	12064.67235077094	2.721282236026913	52.26787353625224	10.891158250298714	65.05	3.0	2.0	2.7143000000000006	0.5110819233528578	0.9783466977858744	0.0014253500710774394	6.405187937983842	0.9673039178484274	0.5342090371524219	3171.6925492360306	3.5546784039841675	0.18845434309746972	inactive
13.794494558530229	0.06738102717983985	-0.9756516649869831	0.32497708903389283	12.108108108108109	516.6420000000003	1.027027027027027	3.420894717388939	1.6941281527867826	1336.6014992724477	-3.909999999999999	221547596.15236405	6.455033623908069	112.1494631829109	28.327072906510004	75.19	5.0	4.0	5.721700000000006	0.2864334148640276	0.9342769835510618	0.00026935293717809993	8.042807204253698	0.9328072453907928	1.443843306967743	9060.33028711872	4.638983278593977	0.3933572941151892	inactive
13.445657781708329	0.07841349140411169	-4.555598407209089	0.35394380674693243	12.028571428571428	485.48100000000017	1.1142857142857143	2.8121157376617885	1.9527607945526932	1209.7188151811308	-4.01	40666241.90004908	6.52866731858766	107.7169733576469	23.343094385562793	62.300000000000004	3.0	3.0	5.167120000000004	0.1574147454122061	0.8679691647799123	0.00018219025960602688	8.891060649815602	0.7095734542356824	1.0870397846007802	5564.767554240923	4.221291326884519	0.31566923789710566	inactive
14.179861790446205	0.08174575232733217	-3.0615502900285687	0.33905907037141103	23.45	580.1100000000004	1.15	3.531306383844399	1.2687273805744057	1702.329919528942	-3.4699999999999993	1392781329.0200608	4.9531645587596005	83.40148006281889	53.746785561992944	115.21000000000001	8.0	6.0	4.067200000000002	0.32743708480452544	0.9479950627461089	0.0002003044639209224	9.012881002671161	0.844455125325868	1.336506315609998	11185.265820616254	4.968975610414327	0.31324917538831554	inactive
13.88599821091073	0.02083937174429984	-2.7260612631999406	0.2974748677575381	13.523809523809524	577.5630000000003	1.0952380952380953	3.523774373092008	1.5243461182369282	1566.434824365072	-5.000000000000001	3439266694.557908	6.321875	107.8492965647956	47.20445378663327	108.64	6.0	5.0	4.5000000000000036	0.4316623664927933	0.9684556344216371	0.00024602653689778707	10.682111828915126	0.8979078363638662	1.2850143987913238	13150.972088720002	5.217637279635395	0.2771986230930647	inactive
13.413117698974066	0.11238326563407752	-3.430201743218968	0.7017684570237395	18.074074074074073	404.8500000000001	1.1851851851851851	2.608583706257479	1.7181035984026545	1180.7883616063932	-2.509999999999999	1290933.295968995	3.2822467764289507	65.19519520048003	25.06180884137444	76.13	4.0	4.0	3.927000000000003	0.37283340668203685	0.9582449840014727	0.0004887952964360677	7.849969132462204	0.8486650182382209	1.127009096278888	5152.971557572709	4.000905386445147	0.35033714525255116	inactive
11.863408919123206	0.07558641975308622	-0.07558641975308622	0.9206778468684544	10.11111111111111	260.724	1.3888888888888888	2.318561520232321	2.0346835172849502	569.2253791161851	-1.8699999999999997	12608.337547023362	3.3095734697540298	58.87505878266952	10.891158250298714	41.99	2.0	2.0	3.2246200000000016	0.5595715095504857	0.9839746885700316	0.0015254388533447272	4.06737261335408	0.9212145252372544	0.9368360976097783	3120.0061328615834	3.6927688322031575	0.2777832178299059	inactive
13.28596308893928	0.026735877725235113	-0.18085829239103002	0.5236891643600986	14.566666666666666	429.99200000000013	1.2666666666666666	2.6961396015716925	1.832828333074693	850.0947272340093	-2.2699999999999996	4834825.379122422	6.362841433829144	47.245240222510915	23.663815826946156	54.46000000000001	3.0	3.0	6.8395200000000065	0.06738256483640362	0.7404506039109053	0.0001692249893841972	5.1994239838635075	0.7128329447570495	1.4767496205245734	4467.557680598288	4.169030622171792	0.49270755979286673	inactive
13.549381173013026	0.00407289304610714	-0.3715789556563365	0.7967767738732201	10.523809523809524	280.302	1.0476190476190477	2.499425877948962	1.8239931685626	796.1569169304881	-2.7499999999999996	85055.46262660317	2.8911873339038783	72.30529602366192	10.891158250298714	41.99	2.0	3.0	3.5551000000000013	0.5721134320705306	0.9848881167254557	0.0014787673201725215	4.911993329187631	0.9499358679962375	0.6687616496260305	3523.3956760382976	3.747947714683947	0.17145424920033117	inactive
12.290048107205845	0.12156648925002078	-0.12156648925002078	0.7642615301574053	10.391304347826088	332.831	1.3478260869565217	2.517155294143046	2.0703855155995137	673.8212033516031	-2.07	142002.7987637858	5.251346877633226	52.8086917142079	17.49804021481163	51.22	3.0	2.0	4.403520000000003	0.28377758232634115	0.9322953395634054	0.0004001612905322592	4.510888047427844	0.718488566930121	0.9626831117832167	3566.634557072918	3.938615905914429	0.23845059642827882	inactive
12.531741136764655	0.012541335978835999	-4.379551098411543	0.7715264503890514	11.458333333333334	330.3090000000001	1.0	2.5465686135160746	1.7337423156981118	868.0663103779157	-2.8899999999999997	264170.84169170354	3.5344928287410458	72.05152667431304	10.891158250298714	41.99	2.0	3.0	4.434800000000002	0.7626035961917786	0.9962263323759387	0.0015609954689893445	6.547226984441904	0.9534191250568861	0.5174713941751982	6709.33324495987	4.66187103911358	0.10829888153697982	inactive
13.289270224708083	0.13131564650143268	-0.4192960023515584	0.4469103887987044	14.96875	445.9060000000001	1.125	2.8272979442934583	1.4219286547764869	1274.9216821750733	-3.639999999999999	31442968.516459964	4.092718112574506	89.46784713128051	22.48201873575884	73.34	5.0	5.0	5.3670000000000035	0.2927368648149984	0.9362355532833971	0.00034007985589186993	7.743532703309811	0.9338484721971195	1.2665222644318512	7297.994374148628	4.474979482557663	0.31117120977796286	inactive
13.615400898804578	0.07562121355276097	-0.549542181069959	0.8034798510549533	16.217391304347824	316.29200000000003	1.3478260869565217	2.4557914769407683	1.6345597976836848	730.7567774722436	-3.0300000000000002	138899.56593576985	3.996981281345093	48.300780756118414	28.0102176713323	93.21000000000001	5.0	3.0	1.0217	0.4422983299876465	0.9699745802854526	0.0005454660275778601	5.8765368256740995	0.7975635063997334	0.538504779752554	4794.993095771337	4.404019838553295	0.11755198541524911	inactive
13.233187524639995	0.054536251420269855	-0.1351881246325688	0.49414937152987515	10.833333333333334	420.4980000000001	1.1333333333333333	3.4270874248382173	1.5883047671017074	1153.9445151059017	-3.5899999999999994	11570738.188984279	4.357067684414921	65.11546658662463	31.79220781875131	93.01	7.0	4.0	3.4697000000000022	0.21484517422734506	0.9067751214437406	0.0002476803841365324	6.9847042791644505	0.7445982567874674	1.1575174095174001	5309.293893061185	4.285593512542194	0.25892703004412093	inactive
12.639643408145925	0.04773493080238422	-4.193912078323378	0.7937528896103765	19.115384615384617	383.801	1.3461538461538463	3.280463161257601	1.6438154126909748	825.5688841996401	-2.2799999999999994	803569.134129017	4.662681315023954	52.80869171420791	23.109297596890148	54.02	3.0	3.0	4.587320000000003	0.4518121620617611	0.9717326112467546	0.00044506875300570024	6.709170839821009	0.8635306946028272	1.0410493488936188	7096.784184610109	4.741258992427661	0.20812411717075735	inactive
13.674731981157171	0.06614285406722176	-0.9953165154950876	0.42865422230911343	12.085714285714285	469.54500000000013	1.0	3.4129982570995367	1.7614165489781008	1251.9416877796084	-4.33	98540959.40653165	5.6035875908567245	108.35939579851423	26.766295021544636	101.22	6.0	4.0	4.466600000000003	0.0977056380861974	0.8201153229154498	0.000197808290029105	7.3350128452705565	0.7999845665657744	1.3515911286428801	5654.2133301558615	4.225379901637048	0.45874682417021617	inactive
13.194300673973292	0.010692739237736504	-0.8342904383975818	0.4743084260426061	12.133333333333333	425.5980000000002	1.2333333333333334	2.7411378333828753	2.446643248073823	845.0048045979447	-2.599999999999999	3464666.646779952	6.196685734891576	72.57374832782217	35.35171717582099	62.300000000000004	4.0	2.0	4.508700000000004	0.06349416672322226	0.761597977644514	0.00019865485902984353	5.412345679012348	0.788003610480572	1.5693931350713672	4823.350847324817	4.185418960402859	0.5354623661902952	inactive
13.755575469704258	0.027604517220352953	-1.0644352586713708	0.33578392693647235	15.461538461538462	528.5640000000004	1.1282051282051282	3.675168908881867	1.4368494714598217	1376.5853022606364	-4.57	1221269918.5403326	6.472377483683701	108.21957329350825	47.644803223284136	107.75	6.0	5.0	3.4876000000000023	0.42849694801872845	0.9678104036826477	0.00028914312831537217	8.98785247332983	0.908491157726284	1.2949629117539547	11341.725777977428	5.050792797246833	0.2775377463482577	inactive
12.347999496094733	0.18908436213991808	-0.5837443310657584	0.5814589880726893	10.833333333333334	316.3	1.0416666666666667	3.015103531620906	1.6003011421976239	1024.1665856607763	-3.609999999999999	562582.1377580815	2.4763240517761926	65.58654650496187	15.875136771245923	106.14	5.0	4.0	2.3548	0.48128123579074744	0.9756297343788615	0.00094396519824509	6.876065512528073	0.8869970156226898	0.6538049852626017	3798.441355682536	3.7761528546655088	0.11843140911061506	inactive
12.854147297808012	0.006449244081368155	-0.2792753212396073	0.8775079348925765	21.583333333333332	343.814	1.2916666666666667	2.9645815007735488	1.619417882534229	808.8460367858764	-2.1099999999999994	505594.55204942485	2.635914733351059	52.30577613744329	17.49804021481163	77.24	4.0	4.0	3.185800000000002	0.44311581938161376	0.9702843534477337	0.0007375326046778029	5.1929070500368	0.8928199663081128	1.0818302877198132	4466.728105152024	3.9410628243070494	0.3314114856404423	inactive
12.925844516456163	0.07758739606953902	-4.5908857401500365	0.689875414829245	16.535714285714285	409.7750000000002	1.3571428571428572	3.0337404075170165	1.6638330974676254	1080.6133388548315	-2.809999999999999	2259633.0026925295	3.2592574969042722	46.108932565830216	22.59672202311267	78.21000000000001	4.0	4.0	4.072420000000002	0.7007352571741643	0.9935460664786371	0.0009204160662110681	8.68793014459783	0.9710878340561021	0.8306031158769461	9032.48926269256	4.8639542484164116	0.18790463292867216	inactive
12.194427437641725	0.07095679012345646	-0.2654572940287232	0.92526688007337	11.947368421052632	274.751	1.368421052631579	2.402008506957951	2.142729297699242	598.2043750653816	-1.8699999999999997	20460.30846226783	3.3232303824392053	58.87505878266952	10.891158250298714	41.99	2.0	2.0	3.7856200000000024	0.3835167715979468	0.9603654352681706	0.0009257131893216494	4.060534698120957	0.8400441994386673	0.9058018967342897	2734.779138557619	3.542984047926844	0.3033271732649266	inactive
14.174218906602789	0.027612166326143495	-1.3593691959041183	0.303902093025078	14.976190476190476	572.6370000000003	1.0952380952380953	3.451562916775085	1.5120976610349837	1545.1366547311643	-4.409999999999998	2047565754.0928903	6.24272465041274	113.08547562616367	46.820048966554786	117.79	7.0	5.0	4.471000000000004	0.1705110759619596	0.8551250927341113	7.927215401075911e-05	9.04556982451919	0.616525477185319	1.151737025351236	9249.073090735135	5.288255864989729	0.18977238915524697	inactive
13.270780738221216	0.4204884731670442	-1.002371031746032	0.3812875108943678	11.379310344827585	518.7420000000002	1.0689655172413792	2.7414327371849505	2.052180625220625	1011.11579166039	-2.7799999999999994	3512718.3891955134	5.183109270847167	94.06316663261966	21.782316500597428	75.19	4.0	3.0	4.633600000000003	0.12124937225055295	0.8175345400470541	0.0001371331919930937	8.52874982433337	0.6593394517025395	1.4690156335330118	5504.829480729691	4.24118036549516	0.5726275238421066	inactive
13.512688767636682	0.06693098072562309	-3.835297794629279	0.5385680259145699	21.142857142857142	534.0590000000002	1.2	2.761984508416823	1.4535928458836416	1539.1278379452342	-2.53	44653362.60556087	4.798531108327305	71.00779291959275	55.83528543640576	113.50999999999999	6.0	5.0	3.1906000000000017	0.25756203191547455	0.9188582227371523	0.00014424999839457442	8.794189855174759	0.6736965772766833	0.765138209369209	7973.870223266532	4.787380257972886	0.12607963431047478	inactive
13.652195175814178	0.021310789103673233	-1.0987072205425383	0.35547420833342624	12.108108108108109	502.5460000000002	1.135135135135135	3.420894717388939	1.6941281527867826	1336.8770103135344	-4.369999999999999	221547596.15236405	6.254935970524448	113.9156636332572	33.43360030135071	108.55999999999999	6.0	4.0	4.183100000000003	0.14019900038198116	0.8639124809158235	0.00020588426008122068	8.322439260108734	0.8336734345651909	1.5093550058425214	6702.655107119365	4.323955411230941	0.4068914153223771	inactive
12.20337962962963	0.13125661375661335	-0.13125661375661335	0.8034989202914758	10.136363636363637	287.322	1.1363636363636365	2.551138689578221	1.7997728140683686	875.3847059706284	-3.1899999999999995	143277.05108409206	2.9391252823087592	72.05152667431302	10.891158250298714	65.78	3.0	3.0	3.2876800000000017	0.5345616007949051	0.9816318735063823	0.001120276289048743	5.21946864452351	0.905201459380311	0.8782490408180633	3833.7291453328635	3.930364918112869	0.20569570287656308	inactive
13.050636889014864	0.10346387629125697	-0.32233279268497617	0.6409128158093472	15.74074074074074	402.28100000000006	1.2222222222222223	2.680077397554158	1.6810060436540155	1039.15571424855	-2.499999999999999	1741396.3695251993	3.4028898112616495	58.33424060471385	24.54571219748882	63.25	4.0	4.0	5.088100000000003	0.3190237894825372	0.9428063108776978	0.0003424224914148072	6.832533770988512	0.7195564915580124	0.5859434244840069	4536.059058724497	4.0106132297457355	0.10084456713593655	inactive
13.038638586441616	0.10024967690371689	-0.37619364885688733	0.6979875672974524	14.964285714285714	376.4360000000001	1.0357142857142858	2.730469430654108	1.4518849945777552	1052.0763756209803	-3.1199999999999997	3214745.4888749206	3.77307537605909	76.07801067867231	48.995822355980295	63.95	4.0	4.0	2.1238	0.4093853980508055	0.9644377445346272	0.0005165545581650209	5.70251099511321	0.9162592099428692	1.201457408323625	6149.031590066847	4.4087813609067235	0.3143106927906995	inactive
13.738062754728972	0.02227818776474977	-1.115291897623248	0.2935803288603398	11.615384615384615	524.5560000000003	1.0256410256410255	3.652905645457167	1.4627500849737842	1523.2083530113034	-5.119999999999999	1202834907.8176203	6.240781456211245	132.50619434809644	37.87815107524857	106.14999999999999	7.0	5.0	4.200500000000003	0.38253961694013494	0.9591883736337775	0.0002959161317113022	9.263646057922035	0.924257314097389	1.3484125912170184	10209.091647039038	4.82047483041761	0.30370477311514726	inactive
14.314952353784651	0.14965970821039343	-4.421774401128746	0.32361700591241604	17.026315789473685	554.0230000000004	1.131578947368421	2.881698178124176	1.4613104125163907	1644.4626094524808	-3.5699999999999985	314745270.66580546	5.077694706440191	100.16308870363143	32.46059360505314	121.19	6.0	5.0	5.217000000000004	0.3414113457906595	0.9503292145855801	0.00018037626229402252	10.196444161187502	0.7636150445404594	0.9648470948814539	10386.401150682492	5.046740494154043	0.18363797150572572	inactive
12.949850403124213	0.09406326110691143	-0.3703967355996569	0.721258772456072	14.72	332.3830000000001	0.88	2.6736485775367362	1.5616541001721636	957.3421388967696	-3.079999999999999	844701.8369926463	3.005071370603222	76.58092625543694	36.98611508385228	54.720000000000006	3.0	4.0	2.1196	0.2543812575992713	0.9256561804870066	0.0005717286808570297	5.2076823219079875	0.8065959266614919	1.0408993646017226	3007.5320276767175	3.500778475255715	0.34281730105190716	inactive
12.48851842228661	0.07814496301311569	-3.53603942271353	0.7637371862669537	16.761904761904763	332.8090000000001	1.1904761904761905	2.5388937304506154	2.085381821126591	595.1022044184276	-1.31	54149.525483050726	3.4779594587832956	24.26546827384644	62.69892904572533	66.92000000000002	4.0	2.0	0.7668999999999997	0.1362507918932485	0.8549746546370888	0.00042266806013284284	4.841857949966919	0.7418824713902755	1.1703061435218571	2510.61341606009	3.390135943059633	0.42373452634166064	inactive
11.470032071904367	0.01645061728395114	0.01645061728395114	0.8581292912258163	16.473684210526315	282.775	1.368421052631579	2.372589839257325	1.9000049365994447	437.7064807897539	-1.3599999999999999	19303.390932197595	3.798900803741249	17.454223058158533	45.78640358803985	58.120000000000005	4.0	2.0	1.73514	0.4054227828175528	0.964073576347748	0.0011047339733070382	3.4475136564195057	0.8944787246001725	0.8522463834008329	2726.443176454008	3.4120552723133852	0.25550973736820043	inactive
12.875476662887376	0.17762062232300302	-0.3735922146636439	0.5642162463056617	16.12	354.79300000000006	1.24	2.6055863546511127	1.6932906477980207	974.0404750574078	-2.7899999999999987	672551.3442761905	2.9845980202360067	70.65159445267304	12.514061693864424	65.27000000000001	3.0	4.0	3.631400000000003	0.41340830333099193	0.9657457761403347	0.0006312253477258663	6.179619705449648	0.8599360259937707	1.0595938402113967	4514.681481623806	3.959926320365825	0.31998758174050873	inactive
12.688990258382637	0.047531152893255824	-0.31327853363567626	0.6812723117606483	11.178571428571429	382.46400000000017	1.2142857142857142	2.9695628493523887	1.7609712219571634	1029.975581107576	-3.0899999999999994	1929414.0701097276	4.24329914896748	57.833742830003246	22.299633823167447	89.16	5.0	3.0	3.626540000000002	0.48821721340064056	0.9765132432656668	0.0005126024389083643	5.086948685359193	0.8846204971000994	1.0328163153684615	7085.523433278154	4.689374223210269	0.1901520737029001	inactive
13.637589337336811	0.021607806575339117	-3.269545656627264	0.32914460434415393	12.052631578947368	536.5850000000003	1.0789473684210527	3.4227813997487293	1.6837254752354749	1494.2420098584284	-4.379999999999999	334612369.2229909	6.884934076398422	113.9156636332572	43.000639074350346	122.47000000000001	7.0	4.0	3.500300000000002	0.16535469943103148	0.8794011786241095	0.0001766047171374033	9.421547337962856	0.7575871023809403	1.403562847354	6826.240201025957	4.330615261132911	0.4242850855459999	inactive
13.757678071904714	0.020696026739947637	-3.399175286256893	0.33043010054920186	14.975	563.6110000000003	1.125	3.614884646207694	1.4853286713720126	1581.1012806959802	-4.58	1433838731.646237	5.860384791334006	108.35221214156022	49.042479903498304	125.70999999999998	7.0	5.0	3.4956000000000023	0.23822628345468813	0.9194749288780535	0.0001565982889464894	9.805036377134096	0.8096468515733299	1.3964463237390592	10647.495612848423	5.069420080347336	0.32376905436729375	inactive
12.984450174617173	0.11767077664399062	-0.4264143990929703	0.8208286956164671	12.266666666666667	250.1	1.5333333333333334	2.15551227153585	2.811561750174784	350.19006291232483	-0.7999999999999999	1823.5633817193293	3.6841580633677453	34.60240685186905	11.787183174321845	29.1	1.0	1.0	2.895100000000001	0.43346447150693274	0.9684989755669844	0.0010998061060729437	4.2247933884297515	0.7884524306847641	0.5161246228551595	2269.8906236127323	3.4244314870915487	0.15299728438242371	inactive
12.825242346938776	0.26023872511967716	-0.26023872511967716	0.5194983382140537	10.96	368.2230000000001	0.96	2.623226744701067	1.7879275975760685	1122.8319611094416	-2.6899999999999986	707379.3239760897	2.9038792752834715	76.66381831325015	15.875136771245923	54.88	3.0	4.0	5.342100000000002	0.33803194893149074	0.9505748042133373	0.00047937477760676746	7.684470927653266	0.8246645833090035	0.9591776610831554	4569.02992820274	4.0079113862136415	0.2335373198844949	inactive
13.759900294126936	0.0348595288156075	-1.0885503800285548	0.31052442032500177	11.64102564102564	525.5440000000002	1.1025641025641026	3.6427585062897045	1.4927914022276636	1553.86404538459	-5.1899999999999995	1111040062.1673658	5.716881844233982	120.24298370802174	43.32094274561109	119.04	8.0	5.0	3.844820000000003	0.1284066495386815	0.8490499172701692	0.00014787353235671608	9.526648561157078	0.7525373570589	1.3988705493428442	7248.943000613016	4.571956956897495	0.37494441256025296	inactive
13.250514775711835	0.011398022171831945	-4.694810649766232	0.7565757164341175	17.633333333333333	462.88100000000014	1.3	2.6601781284549397	1.9976906994864454	1076.5865540761238	-2.2099999999999995	2812319.0359775345	4.433505880438254	58.3721432059049	48.55948758848707	82.61	4.0	3.0	3.0981000000000014	0.10488215312118411	0.7966367673000985	0.00018209187358635164	8.73292867138048	0.6678781964980354	1.2906394726037826	4052.6360843427015	3.8592847148466065	0.4119696572563819	inactive
13.80782789186356	0.11156835500353157	-1.0820386642311248	0.3574987502419026	12.105263157894736	531.6330000000003	1.105263157894737	3.3298170237296625	1.7175455445929835	1459.4339631493706	-4.1099999999999985	299032326.47997284	6.411770460442544	116.30642369042167	23.343094385562793	93.47000000000001	5.0	4.0	4.644100000000004	0.17008912093190157	0.8796971710911298	0.00014314594501367038	8.706503270313828	0.7276331369120969	1.3398058512058806	7777.929887807451	4.706288734280905	0.32251359005502855	inactive
13.581681272045856	0.047181607982699214	-1.1033805744520035	0.5771042025673736	12.029411764705882	463.53800000000024	1.088235294117647	3.3518028792331918	2.085798676474387	1120.3725144989808	-4.01	34328414.2852614	5.6656656753455135	78.26952302666785	53.22950633206637	108.64000000000001	6.0	3.0	2.959600000000001	0.13267227225787506	0.8537262866770492	0.0002597583966366547	6.7757227904412956	0.9188554911747573	1.454617316143223	6241.929909362104	4.2280048637762055	0.46804910519926096	inactive
12.238880857898714	0.025506424792138827	-0.025506424792138827	0.7917502253513193	10.523809523809524	276.33900000000006	1.0476190476190477	2.499425877948962	1.8239931685626	790.5851352057823	-2.6799999999999993	85055.46262660317	2.9186508732448084	72.05152667431304	10.891158250298714	41.99	2.0	3.0	3.724420000000002	0.32454675939716104	0.9465510244530309	0.000991829240230216	4.166098798734694	0.89653494333266	0.8824917902546566	2512.435643539713	3.354402243776378	0.2990181599914212	inactive
12.605314465126424	0.05014470423155459	-0.3506490929705215	0.7458947043789516	11.0	339.39500000000004	1.16	3.102262998619737	1.872761507723913	926.7373554131186	-3.019999999999999	610602.9147033298	3.9073962016303656	64.97226047602007	10.598214160129427	76.27000000000001	4.0	3.0	3.5722000000000014	0.31133749988321713	0.9427774902736128	0.0004841804831192647	4.78189189365522	0.7663244541772294	0.9169875359185077	3637.6683995450026	3.831960112891662	0.21822031469077402	inactive
13.466678307546363	0.059824106125165644	-1.0212018665490892	0.5285638164691997	20.305555555555557	506.99000000000035	1.0	3.5994758210857336	1.3292754403204408	1288.263610201647	-3.489999999999999	253357355.6657013	5.195735934087859	71.51070849635735	52.90287302717395	100.63	5.0	5.0	3.8542000000000023	0.1389689220033819	0.8172044982713238	0.00010966643271331061	8.002571265480986	0.6105611341597657	1.270028249908138	5897.934434777733	4.564424725093014	0.3367661337441244	inactive
11.576276222872682	0.036346573301320406	0.036346573301320406	0.7784873484966448	15.782608695652174	349.8870000000001	1.173913043478261	3.0244391915803344	1.5084436664239476	638.2978536942688	-1.4299999999999995	293298.0150426945	4.53028994787215	51.97690129617219	52.7500067806203	36.440000000000005	4.0	3.0	2.616900000000001	0.5239074590998696	0.9805309108404985	0.0007247432356642535	4.807769174611	0.9025391349356661	1.122465218410513	5723.797817555861	4.361405836401847	0.24121534664397262	inactive
11.863408919123206	0.07558641975308622	-0.07558641975308622	0.9206778468684544	10.11111111111111	260.724	1.3888888888888888	2.318561520232321	2.0346835172849502	569.2253791161851	-1.8699999999999997	12608.337547023362	3.3095734697540298	58.87505878266952	10.891158250298714	41.99	2.0	2.0	3.2246200000000016	0.560659751649002	0.9840745220566899	0.0015149883725326847	4.06737261335408	0.9213567289310994	0.9049348840612285	3152.2532174817648	3.711154722659925	0.2627860436527175	inactive
12.460445464661735	0.31066265234284773	-3.434406275984783	0.5985989847349019	16.863636363636363	324.4020000000001	1.1818181818181819	2.5432742406239393	1.935376279414853	620.2023493351543	-1.8599999999999994	90906.79445686209	4.080210991566034	42.60781033896238	56.378135582590716	66.92	5.0	2.0	1.0696999999999999	0.44927041996308237	0.9713396888826734	0.0007413582776422531	4.3592799336555235	0.8716240149097301	1.0763434824319966	4311.308006809576	4.010092312260163	0.26779422630167465	inactive
14.197580742945323	0.05097994000681583	-3.8811372693080393	0.48636180725003886	23.166666666666668	520.9980000000003	1.1111111111111112	3.578921366822684	1.471544284673674	1606.4184024335855	-3.3199999999999994	218986697.01669517	3.4366221079618287	71.00779291959275	41.81896096793475	111.44	6.0	6.0	3.538680000000003	0.29183318814978215	0.9373422107510297	0.00022173096654747994	9.525157890774963	0.7716520972942097	0.9515180160352091	7707.721736019618	4.50809973733717	0.18095481898278576	inactive
13.571714851740104	0.08543437449461977	-1.039625587889477	0.38503517505620116	11.485714285714286	473.5040000000002	1.0857142857142856	3.4261598167526133	1.6716857526389999	1261.3579877627571	-4.459999999999999	121413729.93245398	5.728258510396007	114.15762620371888	30.452891926840326	84.67	5.0	4.0	4.569300000000004	0.059995793539431456	0.7472038423513413	0.00025670117994033555	8.049155167208339	0.9738696664009423	1.6487892160740574	5559.25749699318	3.9880150375858525	0.7410838979912918	inactive
12.245471466364322	0.07740173847316667	-0.07740173847316667	0.8012601697453877	10.409090909090908	292.338	1.1363636363636365	2.551138689578221	1.7816834222176234	809.5511466922657	-2.8799999999999994	143277.05108409206	3.061456206666088	66.48807518261603	18.000955791576246	51.22	3.0	3.0	3.4246000000000016	0.3151273153562734	0.9444272729085446	0.0006673478917192206	4.556048509958384	0.7912005309053552	0.8256655743532924	2853.606861860164	3.616229519639048	0.22528950190721547	inactive
12.789434287603932	0.15287950365331326	-0.4624624433106579	0.8775655016725027	19.208333333333332	344.80199999999996	1.375	2.9792599061792564	1.6165812670935378	829.9931896575763	-2.339999999999999	511488.27847257326	2.5650627191189774	46.239409068981686	28.13960060806181	76.02000000000001	4.0	4.0	2.3385	0.3619651323249305	0.955976349777304	0.0006138752198984884	5.326973734520518	0.8505430593070769	0.9569924412808274	4015.944320994031	3.831394353260968	0.2512685293786435	inactive
13.051980820105818	0.03512227576215654	-1.060189318783069	0.6883630415780535	17.862068965517242	409.8730000000002	1.206896551724138	2.7349930261202458	1.691873324869837	1096.3575930080547	-3.1199999999999988	4481745.55212641	3.5140920118593533	65.44434142789574	30.452891926840326	80.32000000000001	4.0	4.0	3.683300000000002	0.477586494392363	0.9743029805618647	0.0005697105548721596	6.705059399283727	0.9558158751904928	1.175608283366483	7119.441671068993	4.451739402880281	0.30188777314387316	inactive
13.604846584467122	0.040931112037713824	-0.9296187641723359	0.5943251822469786	12.8125	433.5520000000002	0.96875	3.2494119572508726	2.154406102718589	1044.446603669793	-3.4099999999999993	10456399.716068044	5.4372527455027	84.07493708882654	22.337263232033564	75.44	4.0	3.0	5.274900000000005	0.08453083291122071	0.8042223601943701	0.000262893824516805	5.7371624613752745	0.855595133374009	1.509244617780213	4685.216370773068	3.933429351438718	0.5394254707224836	inactive
13.414041477702192	0.1928077758881328	-1.3529148951247167	0.7329087308876201	18.178571428571427	395.8220000000002	1.2142857142857142	2.6805031733441798	1.8007660916604264	1079.693574215675	-3.1199999999999988	2556213.602202557	3.1594759422258987	65.44434142789574	23.467345502763482	91.35	5.0	4.0	2.6872000000000007	0.22591035581950075	0.914432574900583	0.0004070348130226194	7.3686135968735496	0.8321059623133562	1.0221917070049522	4202.923092269911	3.777803052870574	0.36161364110943855	inactive
13.535986000738514	0.14431686717897008	-0.26012064794688383	0.6242439904089175	10.666666666666666	382.86600000000004	1.1851851851851851	2.6254552861420994	1.8562061435599555	987.7968401759333	-2.7199999999999993	1127572.6599264503	4.715972755460504	82.38846525233564	10.891158250298714	41.99	2.0	3.0	5.593120000000003	0.331969582890977	0.9491314371466425	0.0003809146710862802	6.143670760595198	0.8407245860766446	1.2481276480857688	5892.973647671921	4.442081707398681	0.31628446845408115	inactive
14.301751848478663	0.0395405013857395	-0.931802845372921	0.6448483873210484	10.703703703703704	386.82900000000006	1.0740740740740742	2.609573560755475	1.8682740605830241	1021.0586005017542	-2.7899999999999987	1010450.3688865667	4.311712028716596	82.13931902491993	10.891158250298714	41.99	2.0	3.0	5.478240000000003	0.39878440103237467	0.9625696247349124	0.00036703866516866253	6.985162884597599	0.780187049176614	0.7168201468789571	6118.726342102246	4.559979862239077	0.10208025169521093	inactive
12.332809429327288	0.13955971277399848	-0.13955971277399848	0.7981667014096435	10.523809523809524	296.757	1.0952380952380953	2.5197413285439936	1.8125208907705739	796.1569169304881	-2.3899999999999992	86936.11531742486	3.033601254453744	77.07415998805436	10.891158250298714	41.99	2.0	3.0	3.818200000000002	0.6016108275148483	0.9874758247376232	0.0013018537419681277	5.108907741732905	0.9336031738460379	0.7148415625335085	4243.624495153767	4.002097244524579	0.1837099791304368	inactive
12.735453987150414	0.07410210380448468	-0.28232237339380273	0.9018322964330223	16.217391304347824	331.80300000000005	1.3478260869565217	2.557034209211403	1.8683474813354048	748.6134931007888	-2.269999999999999	193508.67785049137	3.0998934046937556	46.7423246457463	24.54571219748882	63.25	4.0	3.0	3.589920000000002	0.4712848128632466	0.9741078931072054	0.0008225400641147332	4.864348170441372	0.9122349059846436	1.0959881973900087	4474.939555820351	3.975770373030168	0.32126663435842684	inactive
13.578686617298178	0.021333571881461344	-1.178816819937852	0.3920272086221936	12.222222222222221	491.5230000000002	1.1388888888888888	3.5502445797765505	1.6917182253393745	1315.6252856327524	-4.339999999999999	142845042.13285688	5.6509538694660995	96.04383485820127	33.311051427457215	114.36000000000001	7.0	4.0	4.241200000000004	0.08044151376438564	0.7899036117021003	0.00023231812508161967	8.088172398375534	0.9465414395623956	1.6094460005992153	6288.861852164588	4.159393149475219	0.5773237526929151	inactive
12.567087112622826	0.046867283950617455	0.046867283950617455	0.9276468811205907	13.857142857142858	301.777	1.380952380952381	2.4695149120277926	1.8518342223356026	686.972348406831	-2.0699999999999994	74989.28981863595	2.8537322338886435	52.8086917142079	17.43591465621129	59.22	3.0	3.0	2.839100000000001	0.5190030228018763	0.9788904519928566	0.001157272771482272	4.462236432990774	0.988272237170624	0.9684964355883486	4129.211342246221	3.8960330024771372	0.26941713798753597	inactive
13.048268613000754	0.12002159968925818	-0.3845297322326535	0.714208250522692	14.407407407407407	362.4090000000001	1.0	2.723665669475077	1.5529012579715489	1036.0213211724842	-3.28	2092723.0698098366	3.257584213946171	70.51455918697532	44.09591262512981	63.95	4.0	4.0	2.1281999999999996	0.28684639045334714	0.9362598895605858	0.0005770004428959011	5.609519609682867	0.8761825048862439	1.185620629566737	3787.2570051907087	3.6446729281708126	0.43096101745243665	inactive
12.863254440665154	0.051972474174854844	-0.27183484504913147	0.7491268522807287	16.625	337.81	1.2083333333333333	2.611582360660766	1.6683265371901423	920.1338927838719	-2.429999999999999	482583.8580970603	2.7464822419346624	71.00779291959273	17.43591465621129	54.02	3.0	4.0	3.713700000000002	0.4324441497452361	0.9688314345545607	0.0007307468659237582	5.54509145162091	0.8638613118771461	0.8541601116538956	4122.47863192125	3.8619793263364364	0.23251267793825509	inactive
13.365327930147936	0.14405090835691525	-0.6007639064578998	0.7222895379121701	11.814814814814815	369.37200000000007	1.1851851851851851	2.6501029594443875	1.7332134875092127	1031.910601750714	-3.3499999999999996	1179158.0115988613	4.25385329808447	70.26541295955961	25.66570006428992	78.72999999999999	4.0	3.0	2.502200000000001	0.276911812780765	0.9335644531833562	0.00042340470653379376	6.367941450856744	0.8217962843295662	0.9735305606872122	4450.338871893669	3.9977554176321894	0.2541391960457704	inactive
13.738095036160061	0.0223104691958409	-1.1037047010162093	0.3096612327768448	11.64102564102564	526.5320000000002	1.1282051282051282	3.6439713829138873	1.4861377512125187	1555.7395050981927	-5.26	1089139960.0353293	5.8470903944572985	114.17661663956014	48.53432784126596	131.93	9.0	5.0	3.2398200000000017	0.24516637372746314	0.9222075855525348	0.00020377641315602583	9.802861195296428	0.8087651421943343	1.1539324794359582	8300.842379412974	4.6257833150820025	0.2607574472369244	inactive
13.41127346308894	0.02617476837798205	-0.8903713151927446	0.5425007986083114	11.96875	427.5480000000001	1.03125	2.8096370938720474	1.9934626095111887	1055.5654173705238	-3.7299999999999986	12977916.030465746	5.491508086574948	108.46903516182725	16.79833797965022	62.300000000000004	3.0	3.0	4.955800000000004	0.04486537527312397	0.7098600462667547	0.00019971171324865993	5.984477381563424	0.7880244049319355	1.5290634312869287	4414.603945788479	4.040867519734099	0.5516989404947323	inactive
13.992617709120683	0.017519445533289213	-1.1997304631729235	0.2773937845316633	12.214285714285714	571.6130000000002	1.1428571428571428	3.6502535658031405	1.569418575168257	1695.2364336888077	-5.129999999999999	2995078722.7140923	6.116563016340369	101.78292949633398	50.034928670651404	127.74999999999999	9.0	5.0	4.3045000000000035	0.05580512476735468	0.7489910208100626	0.00013521103264326804	9.445197107274188	0.815156492860702	1.6224134424093648	7417.053915257617	4.440754320025605	0.5149961681089826	inactive
12.214945830183925	0.038219675449615576	-3.624465930405083	0.7957559549655281	16.952380952380953	329.82900000000006	1.2857142857142858	2.470444849028424	1.9622901000577044	593.1500643432919	-1.11	46918.68857274783	4.183543994253206	34.55101462999553	44.23624353047437	68.55000000000001	3.0	2.0	2.2872200000000005	0.6469565616371346	0.9904462372270674	0.0013884361768913094	4.6927002336171	0.9731846723873347	0.8645337393722407	4946.547079711043	4.033172464970919	0.20268709082571154	inactive
12.134466647770218	0.11535210380448446	-0.11535210380448446	0.8089003200516655	10.761904761904763	300.749	1.3333333333333333	2.816712149757058	1.8027200239617043	812.2937617762396	-2.3999999999999995	85022.4562404168	2.8746650916803143	53.44208379412399	20.671642993744936	59.81	4.0	3.0	2.802900000000001	0.46355728336099017	0.9733744627172746	0.0008964214996748167	5.103401360544219	0.864489065358455	0.7183269654322257	3637.079572698917	3.8268179339661117	0.1761131424993522	inactive
14.14818593106562	0.027264686738893262	-1.5759241543839755	0.7623741671279556	18.62962962962963	370.3550000000001	1.2592592592592593	2.675452447098312	1.7876994383319964	1035.6606017507138	-3.0599999999999987	1693566.7499181258	2.7997115634152676	65.9897827277846	24.607837756089165	60.45	4.0	4.0	3.775900000000002	0.23639262170966738	0.9187368001903372	0.0004988227436521733	6.832614102410858	0.8475882373847933	0.8498419051543601	3647.278556045887	3.6093594092814687	0.26677451917408707	inactive
13.001678072208374	0.23201964935550756	-4.366212417043773	0.6609747757824102	15.5	414.4070000000001	0.9666666666666667	2.7258814343509035	1.4424259107575266	1132.1661932606771	-3.1299999999999986	5889953.761036583	4.231298446680198	81.64146217036931	41.88602481470276	54.720000000000006	3.0	4.0	3.134000000000002	0.23251910322394043	0.9172478491730268	0.00035101384658352763	7.529668315679812	0.8303375646306431	1.2289318852822992	4931.242368451807	3.996167336110246	0.4111457500690289	inactive
12.072512440161251	0.02661171741872259	-0.29692680494042367	0.8090173373568046	16.217391304347824	312.32900000000006	1.3478260869565217	2.4557914769407683	1.6345597976836852	725.3601364063713	-2.9600000000000004	138899.56593576985	4.0296207007543074	48.04701140676951	28.0102176713323	93.21000000000001	5.0	3.0	1.1910199999999997	0.3078245031454659	0.9384229779790996	0.00038464678016902616	5.020541817180653	0.7001753474036837	0.5384186931545448	3689.0786487875603	4.1538569169281	0.11473191504980589	inactive
12.52293036659108	0.0003886369362560149	0.0003886369362560149	0.7296326772663858	10.636363636363637	310.78400000000005	1.1363636363636365	2.5337477693017973	1.8880676069783684	826.6899210958592	-2.3899999999999992	128526.88934560298	2.94599931747572	71.51070849635737	17.938830232975903	33.2	2.0	3.0	4.093700000000003	0.4580292321522835	0.9721582459271566	0.0009829698592727601	5.067233091204522	0.9203383164618846	1.0342766901280718	3677.3556080251674	3.7216838496418068	0.3543391519603272	inactive
12.299255007558578	0.09476568405139818	-0.09476568405139818	0.8012601697453877	10.409090909090908	292.338	1.0909090909090908	2.5549119149752872	1.8161748257628256	809.5511466922657	-2.8799999999999994	146871.66634426935	2.906940502925299	66.48807518261603	18.000955791576246	51.22	3.0	3.0	3.4246000000000016	0.12283441285765384	0.848397410118644	0.0007208142946676722	4.556048509958384	0.8124577411514907	1.2541979713043347	1729.9246434719778	2.9203311384692263	0.5783650985345103	inactive
13.76685947983928	0.10839695484356393	-1.0487269568321167	0.30061896843302943	11.615384615384615	522.5640000000003	0.9743589743589743	3.675168908881867	1.4563152364301086	1505.3215310633905	-5.12	1221269918.5403326	6.240781456211245	132.243078996893	38.10755764995622	107.11	6.0	5.0	3.564700000000002	0.2537019977248771	0.9246927776098319	0.00021027473762113435	9.263646057922035	0.8856849185550388	1.471837082826168	9798.788331084508	4.898126687587933	0.4024495205157594	inactive
12.729141313932981	0.10989890400604674	-0.34973450491307667	0.5915315406414422	12.222222222222221	360.4210000000001	1.0740740740740742	3.2392978772060896	1.6987497759980075	1082.2613478714559	-3.479999999999999	2481431.745854953	3.310479398338997	77.87593117231296	30.45212773719116	77.63	6.0	4.0	2.1501	0.18402494612729556	0.8779122722383222	0.0002707332210181667	5.511815574658297	0.6587895886712355	1.0259456804011462	3347.9444880995784	3.882040549218824	0.29435382032613433	inactive
12.636878424981104	0.004612305283301588	-0.8336233938019657	0.8401236427560498	12.153846153846153	351.45000000000005	1.1923076923076923	2.646278105464985	2.556857328286565	777.1535308537383	-2.9499999999999993	495594.9635914824	4.169569943865554	72.57374832782217	23.846009962327408	62.300000000000004	3.0	2.0	3.3854000000000015	0.16049391735409685	0.8732711511516108	0.00047886633821679706	4.65811379513509	0.9431034333194596	1.3541984336385124	3812.117469318943	3.738436765726561	0.49960814301622175	inactive
14.209386324700386	0.171967041446208	-4.098723801399734	0.3038212526855208	16.897435897435898	568.0500000000003	1.1538461538461537	2.938801870730682	1.4722615001121484	1661.7096759569213	-3.5699999999999985	576804791.1418245	5.329179153461101	99.74620983047556	39.508265587730335	111.49000000000001	6.0	5.0	5.168300000000004	0.34065218982720463	0.9512224790256585	0.0001876025295386813	10.117400338150793	0.838576636861007	1.2474605552010636	12150.204002083208	5.23282824075709	0.25764740433913264	inactive
13.635473198538675	0.05031171275968194	-0.9813799130763419	0.526676390098785	13.147058823529411	457.5300000000002	1.088235294117647	3.2971536754398305	1.733045631539405	1200.7948944359307	-4.129999999999999	50569369.12324981	4.78172400652653	90.77284953320702	23.591280285750045	80.76	5.0	4.0	5.006800000000005	0.19220988342520845	0.8974895165195486	0.0002403227896691484	6.945608085655437	0.8695702987718368	1.4336968804690606	7134.123197973783	4.551516533203519	0.47010668556221896	inactive
13.493312050516446	0.08783934306300822	-4.697895430472021	0.35140300634136445	12.108108108108109	513.4510000000002	1.054054054054054	3.420894717388939	1.6941281527867829	1347.0220154101792	-4.610000000000001	221547596.15236405	6.151558388686752	108.11024957109852	33.31105142745721	101.22	6.0	4.0	4.369500000000003	0.3710536193721841	0.9559262449197393	0.0003248853802816875	10.788360786352277	0.9540161202686567	1.3908757766041986	9541.463506276814	4.678718072709288	0.43074046447696984	inactive
12.274694530207245	0.13734130920886845	-0.48840069138744435	0.8131569454910442	10.84	356.8570000000001	1.36	2.5459516798515565	2.0549921128144475	811.3116585472002	-2.5799999999999996	269659.5640748373	5.769130344985391	52.80869171420791	17.43591465621129	77.81	4.0	2.0	4.186300000000003	0.26048197420010877	0.9258675482721855	0.00031452388892387866	5.213356607277633	0.7449064871576611	1.0591365950890712	4669.092594642132	4.317706965668996	0.2403861141124233	inactive
13.297534687517999	0.12131564650143267	-0.40695032333921266	0.4115188336639165	14.96875	444.9180000000002	1.09375	2.8272979442934583	1.4219286547764869	1271.5615417499364	-3.5699999999999985	31442968.516459964	4.117310509242705	95.2732611934392	17.49804021481163	60.45	4.0	5.0	5.972000000000004	0.37514591665134367	0.9585902590607788	0.0003295048620970079	7.493041303331141	0.8702331232211024	1.0654784238086124	8070.237948753523	4.739103953641336	0.22113164458669968	inactive
12.022221749811035	0.119981733434114	-0.119981733434114	0.9403386817824912	10.15	290.75000000000006	1.4	2.4025532163898666	2.0845398885963484	629.0206203254761	-2.07	31177.9330890913	3.7117229418576976	52.80869171420791	18.000955791576246	51.22	3.0	2.0	3.233220000000001	0.38498249641877336	0.9597415175718271	0.0009453035577898786	4.4640236469234305	0.9215053841498737	1.1017346099957652	3198.131854116281	3.6255300311768277	0.38619137239182055	inactive
13.631611394557822	0.0701459225665575	-1.1255591837058632	0.35982908501310756	13.789473684210526	511.5060000000002	0.868421052631579	2.8534451045778018	1.9334291037434586	1528.5232363201233	-4.719999999999999	164740571.39208645	4.563007715249557	81.42803599785479	17.167540703713566	158.67	8.0	4.0	2.23672	0.2026730639663857	0.9026893516640717	0.00019447858334482225	9.868109950990839	0.7810311089868173	1.2783483320989626	7289.550613911446	4.491609927482109	0.3105804261980682	inactive
12.250258036499467	0.1593661291677162	-0.1593661291677162	0.7294452650941771	10.48	356.79300000000006	1.36	3.0791898796560693	1.6506807782411734	867.2345835404366	-2.93	635532.474401494	4.772294505952243	64.96041628697239	20.97381857954696	91.1	5.0	3.0	2.55082	0.3118346082789085	0.943934379168865	0.0004543516080261145	6.418663110432478	0.8401398386877613	1.1369316299122663	4705.675450264345	4.127330212560354	0.3366799831111783	inactive
11.61645390247212	0.002911937132265452	-0.14763541022469595	0.7150117758401435	16.57894736842105	282.7270000000001	1.2105263157894737	2.4268179526016955	1.9192719833381144	459.2015932875905	-1.4599999999999997	20987.121654099465	3.515126350611537	23.762552697081826	47.76602825967309	69.67	4.0	2.0	-0.28320000000000034	0.5762406062218899	0.9855333952539933	0.0014040259238002673	4.265544557553543	0.9066282942189671	0.7296283506897439	3454.3115471082106	3.740181004706189	0.19761277620404546	inactive
14.006686507936507	0.09353050597452062	-1.0805590723943903	0.25852524395781806	12.3	538.6230000000002	1.025	3.6181444416346378	1.5670171994482134	1618.2617656141333	-4.719999999999999	1268234319.7667937	5.659117819005397	125.91792126702897	27.743788991824587	79.85	5.0	5.0	6.110900000000006	0.22448029501768427	0.9099818932025416	0.00023286153430441522	8.393569625878955	0.9401711304450733	1.5743178104608813	9154.539553376093	4.613559527502553	0.48118862797035294	inactive
14.200142473957962	0.018726379440665575	-1.1418250916451673	0.4760998066252287	19.736842105263158	537.0600000000002	1.2105263157894737	2.934414795081338	1.4372499154081861	1321.6808912665538	-3.199999999999999	433676669.58338535	5.2086155237718375	65.44434142789574	77.64223079478059	95.0	6.0	5.0	3.852400000000003	0.17131318606486412	0.8787473154149129	0.00015415505673239157	7.711942024037681	0.7134879461522347	1.1196914028726666	6918.877437999415	4.447305958614168	0.2650251026320286	inactive
12.647573095386083	0.01859013157367584	-4.455533759726943	0.47490553738026986	11.483870967741936	427.3860000000001	1.064516129032258	3.162493907752138	1.4146613628142828	1204.4026654825545	-3.949999999999998	11897504.48057364	4.471296203560891	72.42396574792619	32.932700072077	73.14	6.0	4.0	4.300400000000002	0.4336965418739575	0.9690138113465379	0.00032641714233328965	8.656123731345218	0.834603514836036	0.9294640598662912	8639.308825184144	5.020811770708545	0.17707291068112355	inactive
12.169206585411942	0.06959246661627616	-0.06959246661627616	0.9145779486613005	13.19047619047619	301.7770000000001	1.380952380952381	2.4739761554776227	1.7312437002469676	672.321706764444	-2.0700000000000003	80913.86414105113	3.3362088175688824	52.80869171420791	17.43591465621129	54.02	3.0	3.0	3.274300000000001	0.40591826353002625	0.9644330355765944	0.0008193882198114374	4.462236432990774	0.8646494771164187	0.8922641648049323	3451.8223445278722	3.752593930382822	0.237582277549875	inactive
12.555894431846813	0.03773017745888585	-0.3784483559957743	0.6901117832686943	16.035714285714285	395.84600000000023	1.25	3.0587545112850205	1.4707464526794851	1048.7501839338465	-3.1199999999999997	3196698.2222349523	4.231130789921283	65.44434142789574	23.026239150385088	80.32	4.0	4.0	3.6843000000000012	0.3018272962447056	0.9380288141179782	0.0002602813515587533	6.740190983795336	0.7207950204850521	0.8687569081069778	5759.7745414903075	4.567998683093101	0.15347320302220507	inactive
13.275708144368858	0.27317617787855863	-1.1712019321617535	0.7539882358953905	18.846153846153847	368.8200000000001	1.2692307692307692	2.6743549722848217	1.763839332989991	986.45716682407	-2.629999999999999	1179572.3989157218	2.6941196555700846	65.44434142789574	24.607837756089165	60.45	4.0	4.0	4.151100000000003	0.22398554400282186	0.9133605935447562	0.00044612173876949074	6.217443341205745	0.8021434649983264	1.0537114210718679	3542.3752621602503	3.636854194606028	0.37414087996129286	inactive
13.570185563244275	0.062050635451609715	-0.0880654237003442	0.45795852703382595	14.264705882352942	456.55000000000024	1.1176470588235294	3.2983207599125577	1.4185693301294529	1249.5321689418056	-3.779999999999999	109031401.96495585	4.768204775073635	78.11789374277465	46.084338442502485	85.17000000000002	7.0	5.0	3.535300000000001	0.23522607700972417	0.9162438905375921	0.0001903744929153015	6.664918906905446	0.7494827972321888	1.2345104056056253	7365.138853620038	4.810388693270101	0.2510181042169577	inactive
12.562920288485765	0.21356198034769447	-0.21356198034769447	0.7646595160738371	10.227272727272727	308.768	1.0	2.5627888879010725	1.988578819666841	788.6972386327727	-2.6499999999999986	147575.63532089535	3.153582932878229	83.6434426332806	10.891158250298714	41.99	2.0	3.0	4.654300000000003	0.26457608829165347	0.9241417516112054	0.0004694277280242397	5.52204096031731	0.699023328939479	0.715521681128544	2724.5492592381947	3.624215589100203	0.20561879243460146	inactive
14.069963662838617	0.1376359896093282	-3.466439715283586	0.2807619168355856	12.5	592.6930000000002	1.0714285714285714	3.3808919237475235	1.7349658933059207	1648.5946857109116	-4.379999999999999	1433433208.4497433	7.876919660796972	113.41274805649257	43.000639074350346	122.47000000000001	7.0	4.0	4.797800000000005	0.2346212300843147	0.9178935393109268	0.00015484863883458714	9.308160108506714	0.8020931941994249	1.280805565406687	10469.87162421177	4.920770071358445	0.2793240720746913	inactive
13.49136824117975	0.04971757684555267	-0.04971757684555267	0.4459175770279579	13.93939393939394	437.5230000000002	0.9393939393939394	3.263038673149226	1.423590340542065	1264.2906613366467	-3.929999999999999	64183135.36294495	4.505706115830998	90.12015137654642	23.457797672916623	67.61000000000001	3.0	5.0	4.484800000000004	0.28261839272254485	0.9353673063221862	0.00027470806224290286	6.792446164434775	0.8182298548258816	1.2729805225676842	6890.827994838551	4.571969054721932	0.2647199218841009	inactive
12.916448885109599	0.11612937767699694	-0.1317885487528352	0.6999261953880773	17.869565217391305	322.795	1.0869565217391304	2.9561449690829797	1.7240651912881926	887.9318251269432	-2.3899999999999997	357717.19041879324	2.470915259971133	71.51070849635737	17.43591465621129	33.2	2.0	4.0	4.408700000000003	0.5829426333352358	0.9860623810280031	0.0010996389536174057	5.316594967667228	0.9158555106263899	0.8298029527029079	4584.722702789167	4.018177962386482	0.20940725237778995	inactive
13.734911225196893	0.12597164718460174	-1.1287053308977917	0.3862520341819326	12.105263157894736	513.5730000000002	1.0263157894736843	3.3298170237296625	1.7175455445929833	1455.824322674934	-4.5299999999999985	299032326.47997284	6.232194455375691	117.67903228641305	23.343094385562793	107.57000000000001	4.0	4.0	3.5398000000000023	0.1730176494316857	0.884027702111891	0.00016340965666005898	8.489946415401919	0.751918342841639	1.226592582831259	7401.894113598279	4.611935052111673	0.33507440222599055	inactive
13.589597033257746	0.10293327979339906	-0.9379843395691609	0.6029632289855396	21.59259259259259	378.8150000000001	1.1111111111111112	2.9236994766459277	1.6829919224474048	1108.2819602123022	-2.919999999999999	2544817.261467382	2.2792444696193095	65.44434142789574	23.405219944163136	59.50000000000001	4.0	5.0	3.8720000000000026	0.31452245618113334	0.9444199542155601	0.0005547389185053193	6.911569863327844	0.8686370348944931	0.9601659148014066	4137.457668785587	3.7168194451619136	0.28295969961804923	inactive
11.78458029281633	0.0037372583997481446	-3.1508069555860145	0.7220018404042107	19.68	385.9170000000002	1.12	2.6005452935115168	1.6266364940635312	745.5050089857056	-1.15	411146.2109041708	4.525630916353539	34.88945568047582	73.28956682472226	60.93000000000001	4.0	3.0	0.8873000000000002	0.601411368879129	0.9874397322437996	0.0006565831478821772	5.011069970191418	0.9370773405339504	1.1981482171056146	8464.76115008081	4.951734047936972	0.2788018577398617	inactive
13.802605347694632	0.0028886369362564057	-0.6408547099395312	0.5875533886229442	20.724137931034484	406.9130000000002	1.206896551724138	3.5694165962022892	1.5497674100489587	1074.1686511178084	-2.589999999999999	11275687.083738338	3.4633149377860746	65.44434142789574	17.49804021481163	51.22	3.0	5.0	5.7374000000000045	0.24630196296552773	0.9225256629362258	0.00041188769184986765	5.977678801172855	0.8581126212974504	1.0013075639585998	4632.279521613324	3.8581184816119505	0.33015749893730517	inactive
12.114874811035524	0.15007432602670678	-0.15007432602670678	0.7532281929708149	10.523809523809524	297.745	1.0952380952380953	2.4739761554776227	1.8039060510745435	798.8888977295804	-2.4599999999999995	80913.86414105113	3.17244814374422	65.70529443419866	15.875136771245923	54.88	3.0	3.0	3.4644000000000013	0.4735763180854455	0.9747099435789716	0.0009270721509773807	5.386836704973577	0.8661664952494262	0.9088352644300568	3621.284703531827	3.8302680908053044	0.22927610802631407	inactive
12.294728206097254	0.09958538044847542	-0.09958538044847542	0.763380961055982	10.304347826086957	322.795	1.0434782608695652	2.5591419898468137	1.7923447816565643	818.3633032758246	-2.6499999999999995	226432.8832616461	3.9604924620382165	83.6434426332806	10.891158250298714	41.99	2.0	3.0	4.583200000000003	0.23729040199392207	0.9166167712672603	0.0005200089154875969	5.461917549716941	0.741184683721488	0.9791595216295514	2642.6222477877336	3.4385818486832394	0.36924941520557114	inactive
13.831829491055682	0.04092046261418569	-0.8936233938019653	0.5854213074747394	15.181818181818182	447.53500000000025	1.0303030303030303	3.374619479599886	1.8226076765828545	1066.9846056104545	-3.4499999999999997	38193781.28837649	4.983151071441174	84.07493708882653	48.001524451351685	75.88000000000001	5.0	4.0	4.219000000000004	0.21247468811186326	0.9059789077351926	0.0003395519153721895	6.357898579942337	0.9129258250914588	1.2821832847696246	5798.198904513177	4.071550634055898	0.360036187960695	inactive
13.657589337336812	0.03394774898021646	-3.2654134252223055	0.3318540823321769	12.052631578947368	534.5930000000003	1.0263157894736843	3.4227813997487293	1.6837254752354749	1494.2420098584284	-4.379999999999999	334612369.2229909	6.884934076398422	113.78302478520524	43.000639074350346	123.42999999999999	6.0	4.0	2.8645000000000014	0.16144409197153928	0.8743496594823577	0.00016445177109905557	9.421547337962856	0.7338746704588578	1.4088028617472632	6748.357799179117	4.3687467341224275	0.4029438707008281	inactive
12.171069197740824	0.11451724699698929	-0.14458910724783713	0.8846176293648075	10.217391304347826	331.80300000000005	1.2173913043478262	2.467019782533849	2.0528839142961472	731.5284609656483	-2.3999999999999995	114642.40929434796	5.377777777777778	58.372143205904905	16.79833797965022	71.09	3.0	2.0	2.8607200000000015	0.5586045208455099	0.984032119496337	0.0007771366592280581	5.046485052545659	0.8812582926309884	0.8489259915634259	5614.499546741268	4.4463456970258886	0.14707817818114416	inactive
12.413307823129252	0.1649651465524482	-0.42551020408163276	0.9128072840652991	16.19047619047619	304.733	1.4761904761904763	2.904351323801786	1.8326965168215388	690.3689894727033	-2.1099999999999994	96279.2463840292	2.701617830012475	52.8086917142079	22.60456760965234	71.45	4.0	3.0	2.3420000000000005	0.32169906081552857	0.9464176888480916	0.000669540647622664	5.2639226792181075	0.8094418846791562	0.7777169555824879	3030.1606640102214	3.6190806789213763	0.20270844834336876	inactive
13.914766570527306	0.07745116487315284	-1.0745036702314843	0.27737798617035936	13.261904761904763	564.5970000000002	1.0714285714285714	3.7120385248894765	1.3355333791407422	1669.0837544560059	-5.09	6847521266.136779	5.701353721414773	125.41500569026437	35.048658158376746	111.66000000000001	6.0	6.0	4.652600000000004	0.2889379328236219	0.936548451320926	0.0001650737674849616	10.023291380231523	0.7745160317346578	1.2135162828344208	10366.865478732	5.018908165251989	0.23685496913781018	inactive
11.948890778533636	0.09889436535931218	-0.430153533635677	0.8820084893924124	22.736842105263158	280.755	1.5263157894736843	2.3388702497617206	1.9516251850125377	490.08923776135185	-1.5499999999999994	18432.63643837212	3.7044778513862933	34.85155307928476	24.400956693763547	58.2	2.0	2.0	1.5232999999999999	0.4294897185149127	0.9683745551831079	0.0010092558734160313	3.757463381349204	0.8614740163697893	1.0274624724020631	2947.208681078885	3.5863043733628266	0.32344690465277887	inactive
14.155787941624208	0.06421531948791115	-1.1348121530011863	0.25853535618913076	11.930232558139535	586.6680000000001	1.069767441860465	3.43834993126677	1.7084929527319481	1550.0885728967562	-4.929999999999999	3138266648.1958885	8.090237778517414	107.45570471044068	50.91315147712865	119.31	8.0	4.0	4.419800000000004	0.03878082183290497	0.706073145428262	0.00014775687638033112	9.040682476127055	0.8988484303970026	1.8363898528608853	7721.590577685974	4.368862897598589	0.700330623475782	inactive
13.24057366917132	0.055664767676679716	-1.1396695041270262	0.09809160810732867	12.68421052631579	534.6340000000004	1.0789473684210527	2.8108458861094316	5.777847548327074	931.2519414760757	-3.8800000000000003	43827431.44361099	14.010194021117197	17.577831610778148	66.25235206414993	179.06999999999996	7.0	0.0	1.1002000000000032	0.22240864532558793	0.9115806053773624	0.00016933893377356235	7.000310655066577	0.7675877324547848	1.3455055737361168	8463.093777187958	4.739766043412152	0.29137078522879756	inactive
12.896079500529009	0.05649991426611822	-3.6622639125094474	0.7826071744026885	17.523809523809526	334.8000000000001	1.1428571428571428	2.729841558618519	2.1404609001284047	606.347316916264	-1.1800000000000002	53319.26532293691	3.722447257053577	30.082689114892332	55.58913150444779	57.690000000000005	3.0	2.0	1.2875	0.4552769996474225	0.9719978537878884	0.00099370376388913	5.178158264245425	0.9008658329210555	0.8676632667879729	3475.4769960894755	3.507965945327803	0.2594263546897482	inactive
12.291074184303351	0.01028160955740387	-0.29560468631897185	0.7488506374059534	12.08	339.39500000000004	1.2	3.109902471869468	1.6747551878899223	928.7373554131186	-3.019999999999999	620260.7183069497	3.9073962016303656	64.97226047602007	16.640054989277388	76.27000000000001	4.0	3.0	3.274300000000001	0.5018742911354807	0.9777316472945612	0.0007502281885456701	4.78189189365522	0.9351609104067931	1.1569962141407732	5554.584589384238	4.332420201640203	0.27923492490244955	inactive
12.624982993197278	0.10342025699168578	-0.10342025699168578	0.8455335316587733	18.6	286.76200000000006	1.35	2.8107458800502334	1.8984746958160614	656.4300614555088	-1.8699999999999994	56383.56235380768	2.292840814698355	58.87505878266952	17.43591465621129	33.2	2.0	3.0	3.563920000000002	0.6660892691681951	0.9918037388696886	0.0017795395988255904	4.310783684268483	0.939127177075005	0.6945405365572261	3878.9126157341857	3.8581268422816968	0.17077641334837124	inactive
13.722245973139282	0.0027947921720468116	-1.1346537750902839	0.3136367403698021	11.615384615384615	525.5200000000003	1.1282051282051282	3.6427585062897045	1.4974902568582276	1613.8498999014087	-5.32	1111040062.1673658	5.666221191854673	131.23017986706165	32.894172554301356	124.42999999999998	7.0	5.0	3.0638000000000014	0.3795210466048064	0.9591821902098783	0.00028063303014005974	10.099004125667545	0.893761510169577	1.25442899707378	10065.65982819492	4.829309476080755	0.3002461175448896	inactive
11.501368102796674	0.10372968631897228	-0.23882716049382657	0.8468233885897977	10.0625	236.642	1.5	2.696631519574602	1.9726372976367366	484.40438410328477	-1.9500000000000002	6512.365119772664	2.769298328165217	34.85155307928476	21.432631728962278	81.87	4.0	2.0	0.6633999999999998	0.6079657407600797	0.9878768731589714	0.00214270939352561	4.921303623490213	0.9475537084569288	0.9272041089963696	2699.2451682285873	3.5575958812446054	0.30472942715648454	inactive
12.837955719324768	0.0058106523907395236	-0.8290400604686325	0.7926979363714834	12.148148148148149	365.4770000000001	1.2222222222222223	2.6535195617011555	2.5550087570452096	792.557644751792	-2.9499999999999993	786673.0233401714	4.816325843716586	72.57374832782217	23.343094385562793	62.300000000000004	3.0	2.0	3.7755000000000027	0.08424544383556991	0.803648712336644	0.00035741425904937306	4.716452581525377	0.8636957819859654	1.325943855639603	3507.170404875176	3.695852175374017	0.5271564867611115	inactive
13.350576262912574	0.089475904686944	-4.5413707412362925	0.5088037770940836	11.878787878787879	455.4360000000001	1.0909090909090908	2.8214886561373085	2.0392451417548028	1115.6914307741522	-4.14	19193887.598515388	5.565206639051149	96.83921660166862	23.908135520927754	71.53	4.0	3.0	5.008000000000004	0.28359391257148636	0.9350873332882154	0.0002409583918528424	8.659759666570226	0.7816100787353416	1.1217730925923899	7153.576653947456	4.632775782351901	0.2604009630936644	inactive
11.835631141345427	0.11558641975308603	-0.11558641975308603	0.9240599028959203	10.11111111111111	261.712	1.3333333333333333	2.318561520232321	2.0346835172849502	571.6677441869939	-1.94	12608.337547023362	3.275036089082922	53.069644720510844	15.875136771245923	54.88	3.0	2.0	2.6196200000000003	0.5540522176515186	0.9834837043431233	0.0014968366553480524	4.313246362629185	0.9169937655314411	0.931072458228024	3103.7570100864605	3.683287369073775	0.2801179460308506	inactive
14.221099315146935	0.03579428067523294	-1.122084829302091	0.5348239312286835	23.605263157894736	535.0440000000002	1.0789473684210527	3.487648595509741	1.287574932628145	1348.162458225163	-3.1999999999999993	840467397.5355644	4.723240355204173	65.44434142789574	78.63966978768819	84.0	6.0	6.0	3.8704000000000027	0.3204732981552722	0.9461979214768627	0.0002329903547837517	7.931331992722397	0.8479875943052906	0.9859080016311539	9537.795920555765	4.777569778561345	0.21091348227370438	inactive
11.841042882728699	0.08026053889058882	-0.08026053889058882	0.4974382904850423	15.533333333333333	403.4860000000003	1.2333333333333334	3.4867672015096614	1.6292917837583882	1237.226599389595	-3.35	14748104.75584467	3.1989669477815426	42.4290558743193	44.421468636189346	79.95	5.0	5.0	4.779200000000004	0.40411289340200623	0.9641031680119266	0.0004558285879388336	5.6616317085752055	0.8667355977343827	1.139188348368371	6206.710647644963	4.349893648373086	0.26661452684662973	inactive
13.044458144368857	0.30789840010078073	-1.2128685988284205	0.7392226044252113	19.12	353.809	1.24	2.6263968788756795	1.7309878180614306	970.5453625595715	-2.629999999999999	673098.2449120169	2.7123460509701154	65.44434142789574	17.49804021481163	77.24000000000001	4.0	4.0	3.463400000000002	0.434327902192699	0.9690192260871732	0.0007069605181574633	5.969033092412757	0.8830239149230775	0.9799152568497934	4465.588097452426	3.901614920724491	0.2731105905693067	inactive
13.905998210910731	0.010484806232460953	-2.7225890409777183	0.30768517576917936	13.523809523809524	575.5710000000004	1.0476190476190477	3.523774373092008	1.5243461182369282	1565.7798023330183	-5.000000000000001	3439266694.557908	6.321875	107.71665771674363	47.20445378663327	109.59999999999998	5.0	5.0	3.864200000000003	0.4401872768116193	0.9695822638004928	0.00025573892264585716	10.682111828915126	0.914212988517759	1.2976985922155133	13352.034200422153	5.233711141452107	0.2820645999597146	inactive
13.740202427325894	0.04882841266544369	-1.0698788002855466	0.3484837625294772	11.837837837837839	498.5180000000002	1.135135135135135	3.5749599513211754	1.5236092795615805	1534.6134269594008	-4.859999999999999	403547199.2410564	5.080955919353745	108.48268864471167	38.10755764995623	106.14999999999999	7.0	5.0	3.842400000000003	0.07967771908260379	0.752603623023043	0.00014132121906148247	8.91087699021335	0.6821129917514749	1.2270208072985225	4999.96250295098	4.14822372522209	0.3878637150059645	inactive
11.933867630385487	0.05616024187452795	0.05616024187452795	0.8889368856886929	17.666666666666668	247.34199999999993	1.5	2.350023670321368	1.8383844242697862	411.2550604096772	-1.4200000000000002	13037.93132294295	3.5348300651910627	24.02350570338476	35.425337198886915	45.230000000000004	3.0	2.0	2.0604199999999997	0.5650500544555268	0.9843848062560883	0.001852026309000816	2.703927148343702	0.934334291383459	0.8741632081020061	2677.7546974767142	3.4966247835547466	0.24686282869300727	inactive
13.64108229402872	0.009692224111866654	-1.1016648951247165	0.6883630415780535	17.862068965517242	409.8730000000002	1.206896551724138	2.7392896233984563	1.7983601307004538	1096.3575930080547	-3.1199999999999988	4522517.86101763	3.5140920118593533	65.44434142789574	30.452891926840326	80.32000000000001	4.0	4.0	3.683300000000002	0.23104890016651225	0.9166222516953644	0.00037840713088726043	6.705059399283727	0.8343688904187329	1.0512986939833144	4602.179461412252	3.87718609557684	0.3277762945090398	inactive
13.390865299823634	0.03209192814129569	-0.910779478458051	0.567868458267302	11.96875	428.5360000000001	1.03125	2.8096370938720474	1.9934626095111887	1058.4908347594326	-3.799999999999999	12977916.030465746	5.460396975425332	102.66362109966855	21.782316500597428	75.19	4.0	3.0	4.350800000000003	0.2780434021718942	0.9320068320711431	0.0003759380931009361	6.15943600099196	0.9214979687559707	1.2852776246214417	6232.115065568377	4.2452581672439935	0.37500891245506945	inactive
13.505879865835222	0.07132043416540168	-1.020263342991518	0.42619372477276446	11.588235294117647	458.49300000000017	1.1176470588235294	3.38464059218946	1.6661124773577696	1244.8078672439685	-4.329999999999999	70313769.20988177	5.346963267902684	113.9156636332572	28.327072906510004	88.33	5.0	4.0	4.264120000000003	0.10413622985924016	0.829158993969633	0.0002535842222256936	7.869198302475884	0.8602839248625039	1.6581406005412107	5220.830558684382	4.001401362542189	0.6312850010392813	inactive
12.025729402872258	0.1502160493827156	-0.1502160493827156	0.8036966931789592	10.65	287.706	1.3	2.8768354939067122	1.7746352324759036	769.7098212562387	-2.4	60410.66853654705	2.6237975003156175	53.44208379412399	16.04782150742416	68.02000000000001	4.0	3.0	3.0574000000000012	0.5397935481012421	0.9822286244798835	0.0011292841193019493	5.5353542731921115	0.8882638131642757	0.8522873579332492	3722.5738752985294	3.888390690451749	0.22558291014844042	inactive
13.485439480786704	0.14377848188762998	-0.49302196187116953	0.4399430654627586	14.852941176470589	473.9640000000003	1.0294117647058822	3.257419819609033	1.4362201986634016	1334.5458041858699	-3.709999999999998	89374700.5791247	4.653063316086434	88.94594111867467	33.46198849682073	80.12	5.0	5.0	4.6982000000000035	0.2948175802554472	0.9358568227400765	0.0001767596588826811	7.6480356921858395	0.7197011964981925	0.998144730138226	8315.90355124568	5.02567464393988	0.1451052449984426	inactive
13.794494558530229	0.06738102717983985	-0.9756516649869831	0.32497708903389283	12.108108108108109	516.6420000000003	1.027027027027027	3.420894717388939	1.6941281527867826	1336.6014992724477	-3.9099999999999984	221547596.15236405	6.455033623908069	112.70529097775514	27.716634366979243	75.19	5.0	4.0	5.721700000000005	0.2895233075660665	0.935117889338573	0.00027334732125211216	8.042807204253698	0.9361575974423728	1.396362561044136	9048.29833722514	4.628750081019116	0.3565246292206411	inactive
13.597019950631513	0.0030002385481278093	-1.145066819937852	0.3920272086221936	12.222222222222221	491.5230000000002	1.1666666666666667	3.5502445797765505	1.6917182253393745	1315.6252856327521	-4.34	142845042.13285688	5.6509538694660995	95.9133583550498	33.48373616363545	114.36	7.0	4.0	4.241200000000003	0.07533151917266726	0.7795839239222455	0.0001648353197906903	8.088172398375535	0.7616578814772813	1.5407662638071502	5619.384323957499	4.233412682162267	0.5427615755160291	inactive
12.11355261085916	0.12389739229024932	-0.24327594296569766	0.9101636317439148	10.136363636363637	317.776	1.2727272727272727	2.477439758570993	2.131636703116107	716.2871484615789	-2.3999999999999995	77771.78890106062	4.051134351298073	58.372143205904905	23.846009962327408	71.09	3.0	2.0	2.584220000000001	0.3156969539068368	0.9444716861252784	0.0005075853709867257	5.061972588013975	0.7859173954073639	0.8761939369845992	3703.2808650156016	3.959444161251838	0.20353300067145824	inactive
12.278664808515998	0.05608512849584257	-0.05608512849584257	0.9286294222298364	15.608695652173912	312.37300000000016	1.1304347826086956	2.5543944185490743	1.602767658039709	718.1100771726844	-2.4699999999999993	205066.7839211197	3.6535316000813065	36.65915541707259	59.321939470914046	65.54	4.0	3.0	1.3374	0.6126017951895162	0.9883577279003456	0.0011865981318613928	4.329150365305546	0.9230852274361137	0.8549926308516032	4719.6936277877985	4.1211432760371345	0.18156370642782413	inactive
12.993254440665154	0.0323444192491813	-0.30887188208616867	0.721577144713263	19.12	352.8210000000001	1.24	2.6147932967678185	1.6844274440931828	952.083947772685	-2.589999999999999	678544.0900978424	3.051915678697153	65.44434142789574	16.995124638047017	51.22	3.0	4.0	4.781500000000004	0.28966598450476805	0.9348129732756555	0.0004080053397540737	5.711348303724418	0.7288828390385063	0.8151600025024772	3666.481700906468	3.854383878091123	0.19337565690906672	inactive
11.61148726884387	0.04066588981271568	0.04066588981271568	0.8012282493341455	21.8	313.2280000000002	1.2	3.282517958783162	1.7024379353656955	508.3499068126927	-0.7700000000000001	81170.10408479003	2.544955273796075	34.85155307928476	47.76602825967309	23.550000000000004	2.0	3.0	2.7121000000000013	0.675993171685596	0.9923167788204533	0.001519320405992653	4.152560851320368	0.9525890285310025	0.8561991679703989	4827.373649678922	4.098299623114494	0.28164271974339294	inactive
12.159830719324766	0.13772864701436105	-0.13772864701436105	0.8051952011122818	10.523809523809524	297.745	1.0952380952380953	2.499425877948962	1.8239931685626	798.8888977295804	-2.4599999999999995	85055.46262660317	3.0056823522499463	65.70529443419868	15.875136771245923	54.88	3.0	3.0	3.4644000000000013	0.4309735246246912	0.9685937837618901	0.001014895818411721	5.386836704973577	0.8658637597502061	0.8964662931185657	2970.925761408129	3.4905108060776104	0.2367969569839266	inactive
11.198399116916432	0.38157632681171627	-0.4190689300411521	0.6094299604410415	16.61111111111111	266.72800000000007	1.2777777777777777	2.386291884017112	1.8690007962165145	442.37231396129005	-1.3899999999999997	14002.760775412413	3.3062124026656985	34.85155307928476	48.17218533783232	40.620000000000005	3.0	2.0	1.1830999999999994	0.6110946376114983	0.9883151566942262	0.0016856028747460922	3.8060443180964363	0.8953844016947033	0.6516028003730732	3120.396107401347	3.6575939123465404	0.1911070133359733	inactive
12.168310972537164	0.06295729402872219	-0.06295729402872219	0.8018707396988646	10.409090909090908	291.334	1.2272727272727273	3.041119882152629	1.7196469735455708	780.8677395632585	-2.9499999999999997	177570.989918892	3.199617269583177	66.24611261215435	15.989840058599752	68.98	3.0	3.0	2.590420000000001	0.5683443750800282	0.9844211994187719	0.0011939068701910874	4.7757199797630445	0.9619193485685852	1.1359556163852642	4407.810667365242	4.100242770816758	0.33157586547977363	inactive
12.07131708238851	0.04981528722600159	-0.23856481481481495	0.7963450968437994	17.9	291.738	1.4	2.9119456769058387	1.9940173159749837	640.8541829941871	-1.88	60489.84754636499	2.289532280526318	47.173819101292246	26.884456521774396	59.230000000000004	4.0	3.0	2.24282	0.18197882120412986	0.8785478942003214	0.000456332955996812	4.561920042220479	0.6685955436692389	0.9492337275751559	2050.838492933625	3.3590202935188933	0.298639080810406	inactive
11.711186696900983	0.08308641975308606	-0.08308641975308606	0.9048852799092133	9.941176470588236	246.697	1.2941176470588236	2.2966881471976093	1.9834326164411502	513.8377288588949	-1.87	8607.98717569664	3.570665108477031	59.377974359434134	10.891158250298714	41.99	2.0	2.0	2.916200000000001	0.621458766038166	0.9889384078217912	0.0019062564488362926	4.104154149065081	0.9364311786284062	0.8625466012532051	3101.350963837042	3.740833776322629	0.23394321540214402	inactive
12.130704365079364	0.08208847736625535	-0.2218664965986401	0.9447255452889229	16.61904761904762	299.757	1.1904761904761905	2.7583503858374216	1.7033971098342864	711.4412254329834	-2.13	82676.03611470504	2.978854731977173	70.2439243365252	11.690424675716445	46.17	2.0	3.0	3.3264000000000014	0.5714559798340602	0.9851705096605504	0.0010457710836994211	4.95583810291641	0.8855335580520868	0.7495128624406142	4370.3014899093405	4.115119603243102	0.1442408805009389	inactive
13.79061761038718	0.013321226549491305	-1.150096686822877	0.30535956724866886	14.268292682926829	554.5580000000001	1.0731707317073171	3.509523269829442	1.466504774776788	1527.2672593275956	-5.1899999999999995	2328656511.8421392	6.520238634374314	119.23245223726353	40.141432365213014	136.57	7.0	5.0	4.260000000000003	0.18752539031507154	0.8952090483508389	0.0001543650751357027	10.330666096220254	0.800319991848912	1.5266101782618584	9310.817835295014	4.853725691393604	0.40377575502189095	inactive
11.719064153439154	0.4282501889644743	-0.4282501889644743	0.7624464786871503	9.421052631578947	253.26500000000001	1.2105263157894737	2.3843682062207074	2.032699328062264	647.4769904985917	-3.07	21397.320282624627	3.4417882742305177	48.288973977231194	11.01509303328528	103.83	4.0	2.0	2.17948	0.6465228583761327	0.9906464965442607	0.0017642955573037055	4.551908461502076	0.9306367148161947	0.7583995500703898	3597.533079949977	3.9718187488149876	0.14799038401620587	inactive
12.991406368102796	0.018731733434114384	-0.21864040060468692	0.7414709844935664	16.56	351.83700000000005	1.24	2.618728596805466	1.6797231887799884	951.3290602705215	-2.5899999999999985	703741.41073392	2.936563650369314	65.44434142789574	24.48358663888848	45.230000000000004	3.0	4.0	4.450400000000004	0.3070535718749166	0.9423674554417422	0.0005505184326803726	5.451243972110158	0.8685326622205498	1.0944157868641362	4095.442680692665	3.842288051430717	0.2761247303860318	inactive
11.733590325018897	0.10632716049382696	-0.10632716049382696	0.9058950369353805	10.235294117647058	248.693	1.5294117647058822	2.639567449683455	2.0059136702842735	536.0519406174063	-1.8099999999999996	9127.624241005387	3.074105796612735	46.742324645746294	11.005861537652542	56.09	2.0	2.0	2.18182	0.675581192118356	0.9921680810243643	0.0024436580727640817	4.137177457043261	0.9769935473723531	0.8728240357983648	3127.1295371445926	3.677788051121191	0.2527174531900424	inactive
13.660867293581038	0.04142038101588952	-1.0420630983875034	0.2859532496777879	11.394736842105264	528.6090000000002	1.131578947368421	3.479356351820404	1.6657094447959915	1437.9710215405614	-4.419999999999998	475528448.03248554	6.466223520252563	119.21816211865126	34.49877329992468	99.22999999999999	6.0	4.0	5.149880000000004	0.10724273226090972	0.8227648976711223	0.0001359773293157916	9.399472521848336	0.7345256197174259	1.5267167177289211	6980.83207381738	4.549944413135432	0.4681883976420631	inactive
12.242932256235829	0.11463907785336325	-0.3306424792139082	0.9272675157398635	11.45	265.316	1.4	2.4846829490504003	2.1675886398596704	673.4173569240609	-2.67	36321.095349218755	3.011779177747572	59.41587696062519	10.891158250298714	65.78	3.0	2.0	3.0039000000000016	0.33594052773465155	0.9500624880578821	0.0009829379176092507	4.160066805060342	0.8507040638626431	0.9406218440285916	2359.354565784563	3.362135235548388	0.3262668644330321	inactive
13.25185086766188	0.013310342655580731	-3.718849770618124	0.706163570609565	22.387096774193548	460.9470000000003	1.3548387096774193	3.669327194969402	1.4357531547141829	1195.737657659744	-2.48	19983566.8684492	3.931378899845017	40.67595757728469	45.69226598202946	120.98000000000002	7.0	5.0	2.4378800000000007	0.16948840042503352	0.8521002894259865	0.00014594642931717566	7.540743541103894	0.6111122591268938	1.0516907050605386	4889.141490517823	4.303902797418237	0.23932848136724694	inactive
14.256036076467623	0.09779966616276137	-0.9774802768329551	0.6310991668620473	22.88235294117647	474.9480000000003	1.088235294117647	3.601436967026383	1.4943444236276622	1380.223299426568	-3.449999999999999	114030368.31674205	2.763580934568832	71.00779291959273	53.28153748673789	82.61000000000001	4.0	6.0	3.2973000000000026	0.22807077346382038	0.9024889175925769	0.00017888855891321737	7.781662413828058	0.6513270123398268	0.8859073240401404	5505.890347463132	4.304480534367977	0.20361189431831658	inactive
13.05721875787352	0.021741290808265923	-0.8828306878306884	0.5492701103980002	12.137931034482758	395.50300000000016	1.2413793103448276	2.712470616189343	2.494655454824044	826.6966062213663	-2.9899999999999993	2116291.2745158547	5.7449138061001594	72.57374832782217	37.05977389135325	71.53	4.0	2.0	3.402000000000002	0.052059231106829626	0.7183426903902577	0.00021266139017974285	5.186048695107339	0.7546336795933878	1.432680073300555	3849.1808484282983	3.9750066084076057	0.4745904154818023	inactive
13.272287021289998	0.07303925736961436	-0.6805328798185941	0.6759389651549571	15.6	422.8720000000002	1.2	2.752421012643878	1.6947401948001475	1158.832741900724	-3.449999999999999	6911130.988435867	3.713684665954323	71.00779291959273	47.742612234354546	91.4	4.0	4.0	2.8123000000000014	0.27618453358643974	0.9269403273926425	0.00022051748663889624	7.353055870502025	0.6840236845363125	0.7882715982017929	5654.917214237665	4.486532122430334	0.12836693953667802	inactive
13.600360685073436	0.04823658642877615	-1.090752288569749	0.3451464168801726	11.5	485.51500000000016	1.0277777777777777	3.42547389997355	1.687135906627775	1338.99942333935	-4.589999999999999	171616790.46449885	5.721776551980874	119.72107769541589	29.126339331927735	92.51	5.0	4.0	4.763300000000004	0.1550993628202674	0.8750857141651729	0.000228607742845277	8.513857250523568	0.8445681460026127	1.562845622873488	6447.061928811336	4.2784724251229465	0.5120243359303254	inactive
13.207374811035525	0.019703955656336314	-0.5693500803099019	0.7484751078364636	23.32	350.805	1.2	2.6011800983470215	1.5472424128031586	1006.2537162435422	-2.589999999999999	750778.6117859008	2.13889538445457	65.44434142789574	16.995124638047017	51.22	3.0	6.0	4.319500000000003	0.39165364657589447	0.9615304769946736	0.0006488173942584942	5.990522864603504	0.895059069501833	1.0916373385486968	4494.951186736936	3.940890241529029	0.32707557830931977	inactive
12.086658635676493	0.03300642479213889	-0.03300642479213889	0.7855040111168091	10.4	262.312	0.95	2.4847372343007503	1.8110111338412767	732.8258856494507	-2.6799999999999993	58281.9965677584	2.6671672073070676	72.55444225107765	10.891158250298714	41.99	2.0	3.0	3.4160000000000013	0.38929374862089094	0.9613826484070925	0.0010741217890864261	4.1550687213660975	0.8674731009738762	0.9197974718739523	2545.576186641352	3.4619473823284164	0.2705016826344219	inactive
13.731323381204334	0.2625950333837239	-0.45429083850831	0.4752021251271349	10.806451612903226	431.903	1.0	2.7627698055482726	1.8282195766320004	1316.2246297052016	-3.639999999999999	10775294.01466365	4.439276432894268	99.56069820410143	24.986502215653093	67.61000000000001	4.0	4.0	4.118600000000003	0.2108485713743381	0.9071811244772986	0.00029597480217954833	7.4961015620021945	0.7954383476707062	1.3051219219780934	5080.941425581894	4.048210694156533	0.3944771524150616	inactive
12.171586356764928	0.03054988662131497	-0.03054988662131497	0.7917502253513193	10.523809523809524	276.33900000000006	1.0476190476190477	2.499328818970411	1.78543950554549	773.3351352057823	-2.6799999999999993	83397.60403140467	3.081582070290516	72.05152667431304	10.891158250298714	41.99	2.0	3.0	3.724420000000002	0.530558200379761	0.9810195516439908	0.0012695407435856115	4.166098798734694	0.9307640767532678	1.0116382353692712	3519.1272298433796	3.812480493393274	0.2459564287330599	inactive
12.982554924415945	0.09688775510204062	-0.2768407577805121	0.9151853509435314	10.210526315789474	258.29599999999994	1.368421052631579	2.3924871644110928	1.90291258473106	583.8631868754017	-2.2299999999999995	21458.21737760309	3.8774643572148344	59.66964630997409	10.891158250298714	41.99	2.0	2.0	3.1004200000000015	0.4332550123683277	0.9683711123691066	0.001265401979293534	3.883681144202446	0.9218049622553047	1.005075925256363	2691.2504993764487	3.5030436248879395	0.32218505363419414	inactive
13.584642148526077	0.34180130385487506	-0.9399499244142102	0.40162869648437705	11.65625	442.54400000000015	1.1875	3.301599525252075	1.7921772016010014	1269.188122773085	-3.8399999999999994	27437573.075460542	4.427148193568339	96.28338880682439	21.782316500597428	75.19	5.0	4.0	5.152700000000004	0.3028548722459777	0.9369531705043125	0.0003765666006406894	7.350590638536868	0.9809738782744727	1.3423649019376063	7312.769789660583	4.430338648656906	0.4231926868386894	inactive
12.266599111866968	0.10334057697152965	-0.31733749055177607	0.9371566010280676	13.304347826086957	331.75899999999996	1.434782608695652	2.5243933264354825	1.79643723829448	778.9158193833853	-2.599999999999999	176949.8746098216	3.2671457814168754	47.245240222510915	29.949976350075712	71.53	4.0	3.0	2.40752	0.32664048184166294	0.9464372607180317	0.000512440733189491	5.794698707885525	0.7552388001876122	0.8176185975391324	3447.254512661124	3.7809781758977996	0.19317967126226182	inactive
13.681875392808383	0.056344999547110364	-1.0548325039892503	0.3344204103273722	11.805555555555555	501.54300000000023	1.1111111111111112	3.592761639572277	1.510521743751567	1490.0682350087898	-4.44	279358299.8020455	4.983123942461296	107.79638434671598	33.31105142745721	101.22	7.0	5.0	4.565400000000004	0.15922979425314443	0.8776796829372158	0.00018582791365710912	9.548149716921133	0.8041228573786358	1.3147887878251117	7260.6217255039755	4.533616886875894	0.44389614498615065	inactive
13.327649754346183	0.31380353993449206	-1.2373439074703958	0.6823974289591994	18.62962962962963	403.26500000000016	1.2222222222222223	2.685084274087308	1.773880863554651	1035.6606017507138	-2.339999999999999	1727191.1996437574	3.016663252198125	64.40060767317546	24.607837756089165	60.45	4.0	4.0	4.8045000000000035	0.37592689880004365	0.9588635218120078	0.0004818631654641689	7.241942797475767	0.8327821305624511	0.8810785299748719	5070.180526260025	3.997240095130084	0.27049842195780527	inactive
13.830195672149586	0.01700063686580644	-1.1166560899050981	0.33055493119710405	14.048780487804878	556.5980000000003	1.1219512195121952	3.529861801623351	1.4715636232011273	1497.182283623377	-5.06	2531958235.8799314	6.240929654539733	108.3522121415602	59.395281944200896	111.88	6.0	5.0	4.217600000000003	0.3768688373434428	0.9589921223885669	0.00020346675953364235	9.231692199394889	0.8631850018079984	1.1785078941033529	12920.053493934174	5.372442179684501	0.18884398820167653	inactive
11.91191373771731	0.11926870748299301	-0.11926870748299301	0.9106922496320585	9.68421052631579	251.289	1.4210526315789473	2.4136572025470686	2.0576183242857327	643.8341008725714	-2.67	22538.730957384527	3.39398020206858	59.41587696062519	10.891158250298714	65.78	3.0	2.0	2.4429000000000007	0.5838165236253697	0.9861491122489631	0.001586061713884831	4.171821075978284	0.9125877973796505	0.842772546827565	3165.807493780387	3.787676407985402	0.20078591172648322	inactive
12.790187389770722	0.16867155349794194	-0.3542144851767872	0.7657704706736357	16.16	358.78100000000006	1.32	3.025830824756136	1.6221044590694338	953.3991031469122	-2.7299999999999995	857944.0720513548	2.890852405441876	46.98428721620798	24.7805224922674	73.59	5.0	4.0	3.994600000000003	0.4790066017786413	0.9748873301462653	0.0007135862490603501	6.212865296694541	0.9320738844431304	1.1306707365022823	5466.842997995483	4.1967599792141765	0.316712335060205	inactive
12.497441804764506	0.019786079339874307	-5.907164802953151	0.05799840528837503	21.836363636363636	861.654	1.0545454545454545	3.6439929827306647	1.4857597549130312	1781.5504314753803	-2.4400000000000004	253136007588.0919	14.781850724125594	12.654640149529083	103.13372228779409	374.95	23.0	3.0	-2.2829999999999924	0.15961922874614007	0.8721892842537844	5.3151444650717416e-05	14.986032141972164	0.7271520096931455	1.4082050156564594	20336.52914086087	5.997367281744145	0.21940732862564516	inactive
14.065206562116735	0.023203997648442387	-1.1628700198577537	0.2161271752168621	13.954545454545455	598.6749999999998	1.0454545454545454	3.5944171427557055	1.5040253917625213	1571.8079619467287	-4.989999999999999	11296650597.857382	7.312873542839998	108.09125913525726	36.360071656191835	113.77000000000001	6.0	5.0	6.088100000000005	0.11921252135272095	0.8387421053519069	0.00012454019938987592	9.261282540123133	0.7455645803944765	1.4979137912769942	8196.719542083598	4.5855712531773545	0.4156343619265931	inactive
12.728190665154951	0.2300318090199034	-0.6002844373005811	0.7605633240787453	16.458333333333332	342.742	1.3333333333333333	2.952224480943698	1.6768804681497573	994.3963609692461	-2.7999999999999994	482978.0206334271	2.5236932747099248	51.663153736324595	17.49804021481163	96.49	4.0	4.0	1.6675999999999995	0.44190167462707447	0.9701608164565482	0.0007484021374129018	6.98157283057851	0.8858736617172812	1.1063296614000728	4324.7823267299045	3.8932981851175286	0.3500600558261772	inactive
13.625696333221585	0.10872141153165682	-1.0382549918115396	0.36867035728130676	11.61111111111111	486.52700000000016	1.0555555555555556	3.4339299086635524	1.667867987452943	1280.5389697406213	-4.369999999999999	193026804.3395892	5.998608257965511	113.78302478520524	35.436870447787534	98.52	5.0	4.0	3.4663000000000013	0.1529768777482817	0.8727287186092719	0.00024916257056218245	8.345715327531686	0.8749963473446101	1.4061561863738614	6294.004278267552	4.179673252342145	0.4522668947561349	inactive
13.749725030444274	0.010310065540078517	-3.8419533228682723	0.342351831418314	12.512820512820513	546.6490000000003	1.0256410256410255	3.4563905638125973	1.7445234608891609	1528.2330421397169	-4.31	454479191.47049683	6.403186504782008	108.09844279221132	36.07690187465972	122.47	7.0	4.0	4.611220000000005	0.3008671401268092	0.9399868431064932	0.00026370670976142726	8.593246970205454	0.8974119491935634	1.3199379452715643	8950.3472906093	4.5190296256419975	0.35452388683722436	inactive
13.839687630357723	0.010825192591065846	-1.100544847568657	0.37281689875681795	13.487179487179487	527.5560000000003	1.1538461538461537	3.4892296335480584	1.5195590484526222	1492.8258587088299	-4.859999999999999	930527884.5511225	5.5432437447255625	107.84929656479558	41.281924618538696	108.64	6.0	5.0	3.8647000000000027	0.19431625201134528	0.8984854532433041	0.00017537712789102012	9.114033357222844	0.7855523728552173	1.5401247115797603	8015.111333446955	4.638094198539045	0.403570060060618	inactive
11.983708427815571	0.3797751322751315	-0.3797751322751315	0.6715068787821322	10.047619047619047	277.28700000000003	1.2380952380952381	2.9051999406372597	1.7584200086820405	846.3913041209476	-3.3299999999999996	104229.85827024297	2.6679274016465824	54.3553410456928	15.99907155423249	93.60000000000001	3.0	3.0	3.0785800000000005	0.6173356669798601	0.9886791344370853	0.0014419137747246368	5.2201165206274105	0.9286978862484336	0.793495017893231	3986.460345233984	4.011226212342243	0.16269672487360348	inactive
11.752297808012095	0.3255864197530862	-0.3255864197530862	0.8662645921240733	9.88888888888889	261.712	1.2777777777777777	2.318561520232321	2.0346835172849502	571.6677441869939	-2.0699999999999994	12608.337547023362	3.2112599236457546	53.311607290972525	11.01509303328528	54.02	2.0	2.0	3.6874200000000013	0.6290058302085846	0.9895210272024916	0.0017065478103296594	4.242662876612308	0.9228150763472819	0.7413944746255154	3456.0282125307494	3.8458836592969106	0.16424294191042463	inactive
9.833607331821618	0.4370171957671958	-0.4859567901234574	0.8776742104020399	12.625	237.69	1.4375	2.696631519574602	1.9431365441287547	444.25014178448254	-1.39	6512.365119772664	3.0492115201115975	47.50619322881385	25.97495704698244	50.94	4.0	2.0	1.5350999999999997	0.5584782075704895	0.9837503695308109	0.001917282856694876	3.5500433234629227	0.9372748665078984	0.9373633673630909	2552.0107457302274	3.482001229039291	0.3396606598971808	inactive
13.3217968946838	0.036019559645101396	-0.9570261715797439	0.6661325358663635	12.766666666666667	427.9760000000001	1.1	2.629285738387949	2.628458826090055	924.7026068567955	-2.6599999999999993	1889236.4573183232	5.924085745733144	71.5300145731019	22.337263232033564	62.300000000000004	3.0	2.0	5.207500000000005	0.03460697671383899	0.6923223622275347	0.00024396527446653128	5.573104697922371	0.8914051401178917	1.5463780918790884	4513.700524223376	3.9316356273229616	0.6216530218313743	inactive
12.244335711136305	0.16303020282186953	-0.16303020282186953	0.7941834624506019	10.26086956521739	321.76700000000005	1.173913043478261	2.5493936759138833	1.8712083705832563	930.9431704196114	-2.899999999999999	205664.6866233248	3.306297618413342	71.00779291959275	10.891158250298714	65.78	3.0	3.0	3.941080000000002	0.5620940245374341	0.9842363046459461	0.0009332470737034539	6.306000980383726	0.9163965572022061	0.8811014671698544	5087.970079338159	4.249676452115537	0.1958059963354262	inactive
13.691559887748333	0.04599116562883698	-3.5597887470073597	0.31490673374642025	12.205128205128204	550.6120000000003	1.0769230769230769	3.4697492891885604	1.7152877921705443	1525.9487341989616	-4.379999999999999	572381556.6181452	6.37395438511408	108.3522121415602	41.99480792082112	122.47000000000001	7.0	4.0	4.137800000000003	0.06087709608227981	0.7591814027756005	0.00014559416297459495	9.371056889401567	0.8053398211693531	1.478473515805763	6844.063969403454	4.353746568051477	0.49875446474786767	inactive
13.582280311446077	0.09179000252850034	-0.9442766072478375	0.45862569580823875	12.454545454545455	443.54700000000014	1.121212121212121	2.865032939535273	2.0422429886643974	1097.1091485561842	-3.7699999999999987	25446855.844736032	5.728143365996183	102.40266809336563	23.90813552092775	71.53	4.0	3.0	5.250400000000004	0.2193031305435812	0.9079351867737281	0.00028837052314876186	6.421327869322889	0.9346666732169254	1.5558191970149218	7228.263948796834	4.529877780105288	0.4677206919893657	inactive
12.134466647770218	0.11535210380448446	-0.11535210380448446	0.8051952011122818	10.523809523809524	297.745	1.1904761904761905	2.4739761554776227	1.8039060510745435	798.8888977295804	-2.46	80913.86414105113	3.17244814374422	65.5748179310472	15.875136771245923	54.88	3.0	3.0	3.4644000000000013	0.4512474919452426	0.9711974886925621	0.0009948894987468595	5.386836704973577	0.9183194257631405	0.7959159050854774	3557.397940434548	3.7455572490174593	0.24130141144466002	inactive
13.764952377460268	0.025932009250235977	-3.4477863973680045	0.30577833286890804	12.5	564.6390000000001	1.1	3.464728562937181	1.7246462253332027	1574.4354101293306	-4.379999999999999	745136776.0254687	6.255935702398742	113.9156636332572	43.000639074350346	122.47	7.0	4.0	4.235400000000003	0.15876066235093303	0.8777304821621694	0.00017290299596759183	9.336792546268924	0.8323664600513486	1.3316761073450496	8362.78434702597	4.534889019114791	0.3970144897273681	inactive
12.647410241874528	0.016452900604686516	-3.2952971203913655	0.9193230773897518	22.347826086956523	332.38500000000005	1.2173913043478262	3.273650545683837	1.628246064703864	870.3520791121664	-2.2199999999999993	358739.7213982176	2.5233646574457547	36.156239840307975	34.842293584820666	93.94999999999999	6.0	4.0	1.5127	0.4126564031996469	0.965586932083602	0.000829434872485242	5.1376978560564766	0.867070950500672	0.9684607243655827	3485.1314080874454	3.5862929530360597	0.30099118701914174	inactive
12.192023337112623	0.025398400100780982	-0.08182020030234383	0.9446942990987152	17.095238095238095	301.77299999999997	1.2380952380952381	2.4739761554776227	1.6845323374411754	656.7432971348597	-1.8399999999999999	80913.86414105113	3.4343705107868576	70.2439243365252	12.514061693864424	38.33	2.0	3.0	3.2702000000000018	0.5738377334554673	0.9853730171237798	0.0010470580742061053	4.575892176617335	0.8878904818967468	0.8244659905087861	4418.2429855991695	4.119499333945487	0.16942059727825168	inactive
13.650337536925289	0.0319634382806282	-1.0939238473167052	0.36927503004341933	13.972972972972974	500.53400000000033	1.1081081081081081	3.4219070281600916	1.4608796674648212	1344.3460980705704	-4.47	313614001.3455133	5.527173494022261	102.30483550893982	38.29502994840442	114.11	7.0	5.0	4.013200000000003	0.29224362984553437	0.9375676537281015	0.0002682357457995294	8.541972611616838	0.891429902947005	1.3471909999827014	8517.741937478835	4.623133977244468	0.3427194688870662	inactive
13.82331175911009	0.0969420637349927	-1.3453685988284203	0.7290679787675891	18.62962962962963	386.8100000000001	1.3333333333333333	2.685084274087308	1.773880863554651	1037.6606017507138	-2.699999999999999	1727191.1996437574	2.9072374446177074	65.19519520048003	24.607837756089165	60.45	4.0	4.0	4.290200000000003	0.3413088412632841	0.9512636066216039	0.0004841166237326277	7.036267194342067	0.8125966846368806	0.8732139220991981	4422.984633659789	3.8629953308434524	0.2660881240983832	inactive
12.652899659863944	0.12998456790123436	-0.3180961829176121	0.8917528949187631	16.545454545454547	317.776	1.4545454545454546	2.499376652341527	1.8965486856699347	713.07601238545	-2.2699999999999996	111174.77287280346	2.717908500186406	46.61184814259483	17.49804021481163	77.24	4.0	3.0	3.1304200000000018	0.2948316880592285	0.9385068821981611	0.0007139286028181367	4.862157575598349	0.8851460833639996	1.16309299418299	3178.543739179218	3.549957036368478	0.42382196223617985	inactive
12.685249905517761	0.1504909926933733	-0.33252645502645595	0.7826706475606722	16.652173913043477	327.75100000000003	1.391304347826087	2.9715573270615865	1.6446361785774959	892.6725499414295	-2.599999999999999	350801.25713160145	2.5073184891742377	47.24524022251091	22.59672202311267	78.21000000000001	4.0	4.0	2.7452000000000014	0.2755107949031645	0.9315478090267786	0.0005117443054000103	6.126706884994737	0.7545329704513172	0.8245162365411312	3059.5462103953028	3.6197696252806746	0.2183720695990417	inactive
11.581871378180903	0.07651541635172587	-0.2531804295792386	0.8367558022352612	15.117647058823529	252.70099999999996	1.4705882352941178	2.7548215864015257	2.1603485863021925	447.88669856376447	-1.5500000000000003	10490.36060101701	2.767209299452374	24.26546827384644	24.239119309585924	49.410000000000004	2.0	2.0	1.9907	0.5406615857563559	0.9823312038317432	0.0014617434733460355	3.719577223633045	0.8641414588572367	0.4170901968215374	2729.649789285034	3.5806043309975624	0.08548889784445626	inactive
12.459918517035534	0.14799563284387451	-0.1678845906148636	0.3727336657428222	10.636363636363637	463.92100000000016	1.0909090909090908	3.2792431664149775	1.3830555853438418	1254.7590564480645	-3.839999999999999	37731850.70993933	5.898256969375247	88.90077447539042	23.15761904870169	86.48	6.0	4.0	5.467220000000004	0.26369271982175013	0.9262526383106057	0.00017276208094757378	7.883072290865295	0.7314364436377409	0.9867421328605915	8216.273670246013	5.0522220291778	0.16051321584609873	inactive
12.599755291005291	0.15591049382716005	-0.32947940287226074	0.8917528949187631	16.545454545454547	317.77600000000007	1.4545454545454546	2.507746760866637	1.878001814519986	733.32601238545	-2.2699999999999996	112745.78662180313	2.717908500186406	46.61184814259483	17.49804021481163	77.24	4.0	3.0	3.130420000000001	0.47210965993526166	0.9744297781221857	0.0009022465611729288	4.862157575598349	0.8880003059929156	0.990215899162464	3889.671286634985	3.8158605843805056	0.28447912013770854	inactive
12.209877251826658	0.06637046485260756	-0.06637046485260756	0.8012601697453877	10.409090909090908	292.338	1.0909090909090908	2.5572910660867296	1.7502143491190476	792.3011466922657	-2.879999999999999	145315.50753931233	3.061456206666087	66.48807518261603	18.000955791576246	51.22	3.0	3.0	3.4246000000000016	0.5990796997559753	0.9871828335346934	0.0012650862502736754	4.556048509958382	0.9478513687304578	0.9832352245462073	4449.850513428252	4.1136094526106195	0.21788411155975565	inactive
12.890560909549006	0.03451158279350919	-4.00549726526413	0.6319790453439106	12.592592592592593	382.41700000000014	0.8888888888888888	3.142520478976248	1.675585139899679	1036.7270408972715	-3.1899999999999995	2362471.475602848	3.826229853387522	83.08195117768842	15.210739290428766	75.93	5.0	4.0	4.388400000000004	0.0633257781981874	0.7365049257483391	0.0002583172093688075	6.759576855649991	0.725138912956479	1.2739013252380642	3009.2954038134394	3.609823236054162	0.45092144133842477	inactive
13.837966780752451	0.033473161513611016	-1.0481459960527426	0.3764428434646507	12.131578947368421	514.6050000000002	1.0789473684210527	3.3298170237296625	1.7117714991268902	1396.6028774483316	-4.399999999999999	299032326.47997284	6.287553655364688	107.71665771674361	38.10755764995623	93.01	6.0	4.0	4.3937000000000035	0.1608199779497069	0.8757235483029202	0.00018457624408809033	7.814138160428558	0.7515266671310193	1.3430588085830792	6337.7360673520825	4.2787554305725175	0.39397686033156304	inactive
13.275590986394556	0.0728296205313399	-0.6184808437263798	0.6775817595341509	22.923076923076923	385.25000000000017	1.1923076923076923	2.6004024252005853	1.565152102180818	1055.6105791916357	-2.299999999999999	1076686.2225446014	2.22122147397691	64.40060767317546	16.995124638047017	51.22	3.0	6.0	4.972900000000004	0.35600132343688484	0.9538034388501393	0.0005850302534684907	7.023085416558841	0.9125010833480522	1.0602914024173438	4737.434227012634	3.8614699406317956	0.3115225568988478	inactive
12.199304610733183	0.11438271604938244	-0.11438271604938244	0.8088953678593239	10.761904761904763	300.749	1.380952380952381	2.9045978864103805	1.8318223379402183	812.2937617762396	-2.3999999999999995	89069.49418677432	2.8746650916803143	59.00553528582098	20.505237952215374	59.29	4.0	3.0	2.872320000000001	0.40216347816328807	0.9637559475388464	0.0009070368800669432	5.103401360544219	0.8667782663185609	0.7566280851934413	3104.766535990587	3.56447999765533	0.22851695143116119	inactive
13.583329435073438	0.047554951637067466	-3.485714672933286	0.35763469843842655	12.054054054054054	522.5580000000002	1.1081081081081081	3.420894717388939	1.7058929378207994	1477.167845688784	-4.379999999999999	221547596.15236405	6.2506145313427615	108.3522121415602	43.000639074350346	122.47000000000001	7.0	4.0	3.359200000000002	0.15074545647990525	0.8628338786379474	0.0001592794306203284	9.49108930163463	0.7110128637930592	1.397627621198179	6278.9168054317015	4.3276815778836015	0.4410789040084076	inactive
12.106688869992439	0.15535210380448428	-0.15535210380448428	0.8071121731617772	10.523809523809524	298.733	1.1904761904761905	2.4739761554776227	1.8039060510745435	801.0404262976161	-2.5300000000000002	80913.86414105113	3.1434170593241246	59.63892736573706	20.85911529219313	67.77000000000001	4.0	3.0	2.859400000000001	0.3852450724013197	0.9604936403561591	0.000868874975743011	5.691925663664629	0.8799893173574493	0.7693757135995856	3202.442091505311	3.625770990497215	0.23691350508452583	inactive
13.395147103594521	0.011412127991012877	-0.4350524376417242	0.641666679691932	18.419354838709676	434.9270000000002	1.1290322580645162	3.572351100890469	1.4031792495858568	1156.0293927493378	-2.9599999999999995	25675673.3826653	4.404856432966231	71.00779291959275	40.829601351473805	74.33	4.0	5.0	3.7047000000000025	0.2832705625849542	0.9355923094046654	0.00029012492852921885	6.7675976879394275	0.8218994683209021	1.1352647071514645	6594.419102964583	4.479025545330033	0.24862421862288744	inactive
13.89180937334504	0.16551856841712875	-1.2162719408751157	0.3551994358484669	12.0	542.5870000000002	1.05	2.92644266716044	1.7532581089376584	1545.991894738123	-4.789999999999999	603938307.7306161	6.6077809149294335	123.87803820292663	23.343094385562793	115.57000000000001	6.0	4.0	4.2920000000000025	0.18053770912942738	0.8892770393936812	0.0001581915055396138	9.1223006742187	0.7593013174115343	1.4182538043676387	7968.534903465724	4.630021631578683	0.3553148892561419	inactive
13.748418812645454	0.023378047334126295	-1.1021499170655928	0.35142640973885286	13.76923076923077	527.5560000000004	1.1282051282051282	3.6427585062897045	1.4724925710187988	1444.311332990159	-4.86	1111040062.1673658	5.84634657679618	108.35221214156022	40.77900904177408	108.63999999999999	6.0	5.0	4.082500000000003	0.21202005640036814	0.9074847136936368	0.00016833063336443323	9.114033357222844	0.7863687076748622	1.2851014073656681	8744.842801580719	4.822375575910818	0.32419383029487775	inactive
13.450749781685307	0.05015175461062893	-0.6474750803099019	0.7262464461111225	22.923076923076923	368.795	1.2307692307692308	2.5958875421990513	1.5406981659230456	1062.8605791916357	-2.6599999999999993	1051357.8175784955	2.2005953665090408	65.19519520048003	16.995124638047017	51.22	3.0	6.0	4.458600000000003	0.345137551695386	0.9511586096893373	0.0004453852328218003	6.815947626781485	0.7622560310426346	0.6878208980553691	4225.962400125219	3.945395838574535	0.14157437807878367	inactive
12.540447058453012	0.049224300210258365	-0.4336686927857565	0.8040532932456513	17.24	359.8130000000001	1.44	2.540110599681176	1.7301249272458727	816.9636312766668	-2.6	326922.3946213661	4.085557178800421	52.80869171420791	23.026239150385088	80.32	4.0	3.0	3.0104200000000008	0.3874988177780511	0.9600916399206731	0.0005634600605209108	5.706158775364898	0.9278726724224433	1.116137751255822	5463.154736341328	4.249914816356492	0.3159686423480614	inactive
13.86972604001171	0.08708427262472185	-1.1176627194087512	0.3723704827381358	12.0	526.5920000000002	1.0512820512820513	2.9160736147384507	1.730911344157031	1477.282664801968	-4.659999999999999	412944578.03980017	6.810765149908627	124.0063523611776	28.327072906510004	106.36	5.0	4.0	3.9776000000000025	0.12378589837196469	0.8494900950843001	0.0001644411953194372	8.67322369147563	0.8547688782230799	1.6459585363273155	8421.282414437042	4.72082127425477	0.5331891100081589	inactive
13.704261856653181	0.03946044508277402	-4.7686503820775545	0.2829183696340207	12.3	551.4800000000001	1.1	3.618602864451314	1.5418210481205705	1637.3700280513926	-5.070000000000001	1234898598.4458842	5.67280823630072	108.11024957109852	33.31105142745721	115.32	6.0	5.0	4.479900000000003	0.3460493320946291	0.949870063471119	0.0002444796820811361	11.982825858240847	0.9612360995978934	1.5349534151195225	12088.3203262814	5.091806992414773	0.4445451826936638	inactive
13.12017431972789	0.11575459813555122	-0.11575459813555122	0.6731920188238273	18.125	336.82200000000006	1.0416666666666667	2.6247071358966556	1.7269049469833169	886.2892540350064	-2.3899999999999992	506400.49597135716	2.6515368387904275	71.51070849635737	17.43591465621129	33.2	2.0	4.0	4.798800000000003	0.533270179565521	0.9806079178490539	0.0009707856747505472	5.301702070258955	0.9825571421929248	1.1723690986419297	5074.354427737104	4.086756287840523	0.35535582515539577	inactive
13.0264559712774	0.08218159486016674	0.08218159486016674	0.5922864252034531	11.807692307692308	370.52200000000005	1.2692307692307692	3.2861828802722095	1.7464366831326046	853.7133872667347	-2.2099999999999995	1041319.0587348972	4.491846656887284	46.65541237493687	32.34571570521565	51.02	5.0	3.0	4.3479000000000045	0.21186017828397635	0.8895903094653347	0.00024551252183665606	4.606714209034278	0.63089138997607	0.9357461656043452	3549.3443097401832	3.981105502177151	0.20843668063094967	inactive
13.885219784207429	0.18235188390987433	-0.9054770828084331	0.33123716465585407	14.538461538461538	526.6120000000002	1.0256410256410255	3.519552807204501	1.3979569725268928	1357.1313651959827	-4.46	1204213923.0409667	6.340614269917078	120.22399327218052	47.37435775738638	78.67999999999999	5.0	5.0	5.025100000000005	0.5124836099846158	0.9783673099639145	0.00039529630506637375	8.03487411792469	0.9754673420465763	1.2995330463637766	11635.739397657466	4.971549019255131	0.2651253097931852	inactive
13.464597033257746	0.22183555366591134	-1.437984339569161	0.6366875885857132	21.296296296296298	380.7870000000001	1.1111111111111112	2.9236994766459277	1.6829919224474048	1110.8369516950725	-3.1199999999999988	2544817.261467382	2.2301007302946374	65.44434142789574	23.591280285750045	68.73	5.0	5.0	4.049400000000002	0.42459906165987765	0.9675768904828361	0.000615409841194263	7.480395985003124	0.865869983756174	0.6861432145681134	4823.338529539171	3.9364092055385917	0.14380447366608748	inactive
12.550908919123206	0.03854938271604902	-0.03854938271604902	0.8475870669648807	15.0	287.75000000000006	1.2	2.8107458800502334	1.8984746958160614	659.0718150192176	-2.0699999999999994	56383.56235380768	2.2270848872830236	53.311607290972525	24.10460584511043	36.440000000000005	2.0	3.0	3.490020000000002	0.6838524476484453	0.9927452263792859	0.0018835190596815416	4.4640236469234305	0.9531228227110368	0.8127565517689616	4011.3439077157295	3.893903464082563	0.20513971084545504	inactive
12.378020282186949	0.051677836641934594	-0.3472626564072969	0.6743220134751284	16.03846153846154	370.79600000000005	1.3461538461538463	2.958358421629816	1.448822752407146	993.0198186019721	-3.0599999999999996	932746.7434725079	3.4761543763336475	59.37797435943413	27.702341591280497	85.25	5.0	4.0	2.2273	0.3010659499483329	0.9407229033564481	0.0003997370574392913	6.5882638455504265	0.8645238187318307	1.2315019981106525	5512.572160250116	4.352936891013121	0.3602040997708678	inactive
13.490566617850845	0.21578912270928563	-0.9164735685941043	0.42647772818739027	14.8125	490.40100000000007	1.125	3.572238077132089	1.729960096035826	1123.9982904952124	-3.2499999999999987	28537209.680882026	4.6516210723008085	101.31193611750105	16.79833797965022	62.300000000000004	3.0	4.0	5.794600000000005	0.2724593702177974	0.9321147521161997	0.00021854649806673167	7.123182649962798	0.83588679207638	1.404587951828576	8827.686707316849	4.864943747657086	0.4668055094964227	inactive
13.320708144368858	0.16044666477702219	-0.8934241543839758	0.7422716063463868	18.846153846153847	367.83600000000007	1.2692307692307692	2.6743549722848217	1.763839332989991	986.45716682407	-2.629999999999999	1179572.3989157218	2.6941196555700846	65.44434142789574	24.042796620724207	77.24000000000001	4.0	4.0	3.5059000000000022	0.2865802107127727	0.9346653349339389	0.00041908142486359875	5.9403471164098445	0.7444860703962705	0.8101392644240963	3719.9746580683973	3.7766850725512797	0.19264948394863862	inactive
14.02460183610481	0.10887605331643946	-0.9731052768329556	0.6675429432981888	20.1875	448.9100000000002	1.1875	3.127782050185785	1.6221318186103701	1271.8389521334714	-3.449999999999999	26189894.974205237	3.036528747271827	71.00779291959273	54.28736864026712	82.61000000000001	4.0	5.0	2.7647000000000013	0.24947700787085017	0.9206423571598973	0.00026808183716092114	7.5566684625920075	0.7274328365438785	1.0198591299275808	5055.926836299233	4.049075377505161	0.2602970071416444	inactive
13.709500085177169	0.056447280534860145	-0.9508556416393723	0.5164007552112283	15.305555555555555	491.5920000000003	1.1388888888888888	3.4266181280185317	1.665115209349521	1121.230520134347	-3.56	159086092.11754003	6.160751310668874	78.26952302666785	66.07501578412403	100.8	7.0	4.0	3.2036000000000007	0.2358267423029412	0.9143480329467786	0.00028224639620003154	6.845826977842344	0.9504586536075471	1.3840329477489113	7904.218443137263	4.463511610769084	0.3526749855147726	inactive
11.988990142353238	0.022288945410511074	-0.28347715694532116	0.8193673281352377	16.363636363636363	297.31399999999996	1.3636363636363635	2.4676342411091645	1.5746044797307182	680.0452035172415	-2.89	100521.54844582293	3.6022962952987965	54.35534104569281	23.026239150385088	80.32	4.0	3.0	1.4875999999999998	0.4456847988134453	0.9708182908858761	0.0006919113582418892	4.806651229001878	0.8356658042987705	0.886348688577826	4208.585436919573	4.1926496664554405	0.19406181787726745	inactive
13.774540854826522	0.03698980144935238	-1.0871974468799868	0.3461040684335997	15.025641025641026	530.5560000000003	1.1025641025641026	3.6505590250748163	1.4782157985108728	1407.3955532660832	-4.409999999999999	1046488349.852766	5.866520126602597	113.9156636332572	41.540836835535835	106.79	7.0	5.0	4.175200000000004	0.11953330924547184	0.8328089017677226	0.00014427555747624518	9.07183845271279	0.7131122291345505	1.4166206954871505	6367.3370470568625	4.367307621285756	0.44248405507993105	inactive
12.517523305618543	0.04046233308138092	-0.42130791526895384	0.6441673657391497	15.607142857142858	396.8100000000001	1.2142857142857142	2.593496613645633	1.5035102603456947	1133.7441219266352	-3.3199999999999994	1787780.2076775716	3.9913204382290637	69.47082543225503	18.04226062943788	98.6	4.0	4.0	2.2165999999999997	0.51207081600689	0.9793498055113159	0.00045746117566463734	7.597307940612514	0.8652491363468889	0.9480656475741616	8094.774550988237	4.936738010818254	0.15808813353132647	inactive
13.676295035665527	0.050764642404252935	-1.063430387587134	0.3344204103273722	11.805555555555555	501.54300000000023	1.1111111111111112	3.592761639572277	1.510521743751567	1490.0682350087898	-4.4399999999999995	279358299.8020455	4.983123942461298	107.79638434671598	33.31105142745721	101.22	7.0	5.0	4.565400000000003	0.21433760008644065	0.9061167349058415	0.0002474960536993822	9.548149716921136	0.925988647778392	1.4110713433989963	8189.817169457823	4.5510144056462325	0.45036158090083567	inactive
14.014185169438145	0.10529407596371909	-1.3509987953514737	0.6019052426463177	20.0	462.89300000000026	1.1515151515151516	3.0606226498366573	1.669261080015734	1352.0485674945273	-3.779999999999999	36327436.17521564	3.170930774289434	71.00779291959273	53.64979196370605	99.68	5.0	5.0	2.2912999999999997	0.1968569676617357	0.898095404262592	0.00024045850232082172	8.533368403805543	0.7518226924271803	1.269556293034049	5344.84134329862	4.102393845629717	0.38167845038217135	inactive
12.812482993197278	0.46433201058201057	-3.4385493827160496	0.8518519788516375	20.666666666666668	322.81700000000006	1.3333333333333333	2.7449438662585615	2.010779085668168	776.7480145650429	-1.5899999999999994	72142.61469300752	2.513676611477024	58.87505878266952	19.94653191118872	50.27	3.0	3.0	3.324620000000002	0.6566760428258638	0.9911765034832382	0.0015906573679348068	4.962399844277095	0.9546060679630165	0.7414241583447466	4322.116821029018	3.8257825199236666	0.19398841205271697	inactive
12.555894431846811	0.0321051774588863	-0.3662955782179964	0.6901117832686944	16.035714285714285	395.84600000000006	1.25	3.0587545112850205	1.4707464526794851	1048.7501839338468	-3.119999999999999	3196698.2222349523	4.231130789921286	65.44434142789574	23.026239150385088	80.32000000000001	4.0	4.0	3.684300000000002	0.40164562314148644	0.9636903621200807	0.0003761252377053529	6.7401909837953395	0.8296752308902374	1.005226431053395	6853.877080339459	4.677392904578955	0.1812116727128629	inactive
13.478152508313633	0.052733393434984066	-0.9516701835055013	0.4747913870408446	12.0	459.56500000000017	1.1176470588235294	2.818022270039094	1.915485109844556	1138.3177469474529	-3.7999999999999985	29197731.637478493	6.15943600099196	108.21988893441153	23.343094385562793	62.300000000000004	3.0	3.0	5.137400000000004	0.16137471353148147	0.8765969660544211	0.0001892421264570439	6.6556714674165915	0.7570416756788254	1.350153838805934	6293.226079852127	4.499292652480977	0.31162683602019337	inactive
13.026935941043085	0.1484104938271602	-0.36748582766439974	0.7422901169409017	16.82608695652174	328.75900000000007	1.391304347826087	2.909429904134532	1.8251612958605692	921.5842771586606	-2.599999999999999	314957.42484217964	2.2231767324259266	47.245240222510915	27.278524958257854	83.03	6.0	4.0	2.873400000000001	0.21716881630587692	0.9060623677522093	0.0004658408803965122	5.794698707885525	0.7212825589465595	1.0273142838915232	2639.2765896395117	3.454550292981186	0.3560511958075731	inactive
12.032000661375662	0.11535210380448446	-0.11535210380448446	0.8022255351355969	10.65	285.73400000000004	1.2	2.8210023287744006	1.758973734797854	766.4094312309174	-2.329999999999999	58939.201655083554	2.6504706869318633	59.88088993619874	15.458257898090068	46.92	3.0	3.0	3.328400000000002	0.4583447781302374	0.9717985840312092	0.0010753513850953256	4.895664212236049	0.9449229539158659	1.1621485542162135	3521.078168747533	3.770901278622941	0.37292290049268456	inactive
13.46752853000765	0.06972604641029978	-1.0159171600739072	0.44454648016450965	11.545454545454545	444.4660000000002	1.0606060606060606	3.382184403110521	1.6491048012345415	1200.8360096592432	-4.33	49592618.15563165	5.296984718849794	114.41857921002183	28.32707290651	88.33	5.0	4.0	3.955700000000003	0.15737743254274233	0.875060899469946	0.00029031083781786744	7.912602966286102	0.8914305535772835	1.5105180959000126	5655.290326463599	4.117387739660187	0.5507140362853152	inactive
13.941258941108327	0.1341981980528153	-0.9907059922734531	0.259688804682495	12.342105263157896	501.5860000000002	0.7631578947368421	3.5223558362317995	1.56420091681432	1470.0600260914657	-4.969999999999998	791267425.3896759	5.3934370032894465	144.73860777344268	16.79833797965022	75.44	4.0	5.0	6.607100000000006	0.17791715573208233	0.8873460052618691	0.00016939059373883642	8.26523959185831	0.7547387240178394	1.2335026550984525	7292.978191683619	4.61993562060425	0.31119213208814855	inactive
13.172701365268331	0.24327522675736946	-0.975607993197279	0.7967070348328475	12.928571428571429	384.48000000000013	1.25	3.0753440811269512	2.5936742478276575	844.5259162840914	-2.9599999999999995	1015564.7252223908	5.0579092044981255	54.5714430496148	27.493926489159012	88.33	5.0	2.0	3.5421000000000022	0.19191312165181046	0.8976359285020354	0.00035822379257937183	4.955329873257795	0.8004961349235048	1.0965089307743627	4058.670811345814	3.8441825868055686	0.3164416038288246	inactive
13.526107449924414	0.22790459393633955	-1.0301842403628119	0.5404480201133686	12.125	432.52400000000017	1.21875	3.2755184186603103	2.067547240271755	1099.6297400967621	-3.739999999999999	14128372.207649564	5.110445096110433	84.40036281515823	21.955001236775665	88.33	5.0	3.0	4.8285000000000045	0.1600146346474731	0.8728900644577495	0.00020508341875473895	6.187039659921451	0.7304020833067192	1.2720321430169725	5331.477317199319	4.326479790092375	0.3367218499286861	inactive
11.800802626606199	0.36926870748299323	-0.36926870748299323	0.8621288696031557	9.473684210526315	252.27700000000002	1.3157894736842106	2.4136572025470686	2.0576183242857327	645.8893784000562	-2.8699999999999997	22538.730957384527	3.296316587364363	53.852425468928196	11.01509303328528	77.81	3.0	2.0	2.9057000000000004	0.5665367181824712	0.9845868148108182	0.001558593729882517	4.351422511560509	0.925090306137066	0.7882441146495849	3139.4537272059656	3.758282656858645	0.23193799272443724	inactive
11.716796579743008	0.3788683127572019	-0.43133660871756097	0.8807158498854399	9.473684210526315	272.695	1.263157894736842	2.3849239006378404	2.0723448114750727	636.8366309730286	-2.5799999999999996	21330.759367304843	3.6936394875404406	53.311607290972525	11.01509303328528	77.81	3.0	2.0	3.25068	0.5300825405930623	0.9812719102030256	0.0010844672000184482	5.593405094780009	0.8727709034926228	0.7338769855857555	3646.4084536205723	3.9776895458130266	0.15854175211003346	inactive
11.052203798185941	0.12791099773242598	-0.46300925925925984	0.7969629010847977	12.2	248.10900000000004	1.5333333333333334	2.2504939175770464	2.7794717797508355	343.9492026357645	-0.7700000000000001	2300.004783763741	3.7018546995215806	34.85155307928476	23.500592533675466	49.33	2.0	1.0	1.7284	0.4101311045897077	0.9634111528256627	0.0015301850884429332	3.9128219618510887	0.9644186793642113	1.0550927149549874	2267.8131618667135	3.2525584434551527	0.5051938512101771	inactive
13.61698680398085	0.21847879160774597	-0.9056996409674987	0.4652071321617261	14.727272727272727	439.55900000000014	1.1515151515151516	3.6072410298563606	1.7304233176039718	1151.2747181475559	-3.7299999999999986	48514910.06973951	4.873604527888924	102.40266809336563	16.79833797965022	62.300000000000004	3.0	4.0	5.594500000000005	0.22963841237012533	0.9146202519957277	0.00022223455080969262	6.231298827715804	0.7643182558812585	1.1439686890720042	6501.568276650251	4.58079984293444	0.25381354816875806	inactive
13.682798485134796	0.04382425363298692	-0.957232956454187	0.46926245217912077	11.911764705882353	457.5740000000002	1.1176470588235294	2.828171452785297	2.068439596013541	1165.7507687761256	-3.929999999999999	27756805.906216018	5.51522308874737	96.33630102490402	23.908135520927754	71.53	4.0	3.0	5.595120000000005	0.22242309035829952	0.9095030234478145	0.00020002041990962568	6.388190074178479	0.7328068255968356	1.0735091034611428	6458.4375847820675	4.548743098276207	0.23438851224267176	inactive
12.894580341395818	0.07264660493827213	-3.8686771830645816	0.7432164091911301	11.653846153846153	370.434	1.1538461538461537	2.6266383852848634	1.8288231615993973	1061.479084922123	-2.8399999999999994	701580.3659863576	3.5585491654424097	60.55218461730588	42.19057813546086	92.26	5.0	3.0	2.19742	0.18376022639396994	0.8933589939567572	0.00046855644042763356	6.105415081585341	0.8425802999140989	1.3155329062091927	3371.9574802973953	3.518560934643019	0.5203407926637712	inactive
13.253580719324766	0.01570734660561568	-0.8667483938019658	0.7579755221542133	12.758620689655173	393.5310000000001	1.0689655172413792	2.637071461433573	2.5845317700783483	859.7390520807585	-2.9499999999999993	1357648.7746327692	5.764515425204192	72.57374832782217	22.337263232033564	62.300000000000004	3.0	2.0	4.554100000000004	0.15726256250460638	0.8676369896631277	0.0003928133359957327	4.8508599910528885	0.9727494990967817	1.4911032347709456	4844.916055693743	3.953502584276446	0.5168215227523927	inactive
12.578686696900983	0.02395061728395098	-0.4234311224489795	0.9343402565689156	15.7	286.76200000000006	1.35	3.228353467640569	1.8571713904351628	665.0313777881641	-1.8699999999999997	74884.88703539064	2.292840814698355	58.87505878266952	10.891158250298714	41.99	2.0	3.0	3.713720000000002	0.39243672195180357	0.9619480633331534	0.0009183927887308139	4.310783684268483	0.8710121789308505	0.9671898597875351	3023.34601679679	3.6024102667767255	0.32476854923033277	inactive
12.288878180901989	0.3079984462920966	-0.4218652257735045	0.7316739231031615	10.434782608695652	307.329	1.0434782608695652	2.583854158575761	1.6566214961914536	872.0740228520827	-3.079999999999999	233404.71385246565	3.5758244228284974	76.58092625543694	19.058818099777	69.5	3.0	3.0	1.966	0.246462164821894	0.9196916940237636	0.0007070119165395168	5.231282982502064	0.9360258064493455	1.0521432687828838	3156.1158465996377	3.574122976517451	0.40059083399666734	inactive
12.316655958679767	0.2679984462920968	-0.4062402257735045	0.7072475192431444	10.434782608695652	306.345	0.9565217391304348	2.583854158575761	1.6566214961914536	872.0740228520827	-3.079999999999999	233404.71385246565	3.5758244228284974	76.58092625543694	18.996692541176657	72.30000000000001	3.0	3.0	1.9990999999999999	0.33935721817829173	0.9508988493579702	0.0006797825323949287	4.959009507023449	0.8467098089273073	0.9706895555129407	3407.5008286003226	3.763361916906164	0.2652456062270531	inactive
13.354523760505383	0.14441702702660542	-0.6003977877882096	0.7222895379121701	11.814814814814815	369.37200000000007	1.1851851851851851	2.651057931090772	1.7240466771803042	1031.910601750714	-3.3499999999999996	1182310.8629340692	4.25385329808447	70.26541295955961	25.665700064289915	78.72999999999999	4.0	3.0	2.502200000000001	0.29448775560407714	0.9390126990451964	0.00047918812894049833	6.367941450856744	0.841082452545494	1.181982567633089	4293.001701953719	3.885406792743929	0.37938929637043395	inactive
13.501175111327793	0.11750925691672465	-3.675683707609663	0.6195992065715179	15.387096774193548	442.4920000000002	1.0	2.7177115283511775	1.560532846022055	1342.6084898493586	-3.0399999999999987	7868122.741652288	3.9803110970904414	75.32594887449198	49.70912805947745	88.86000000000001	4.0	4.0	2.0598400000000003	0.2982595129747992	0.9400780126767116	0.00031938696503680406	7.52729016991219	0.8165261564242488	1.1452590962549427	6122.380459080119	4.2754452363846305	0.28984896719682735	inactive
13.384068219473544	0.15139978831755863	-0.5934150264972564	0.6724039303987618	14.310344827586206	395.4100000000001	1.2758620689655173	2.981221372590527	1.4178715753506235	1153.2476978868415	-3.349999999999999	3710022.6742194975	3.940519744268278	69.76249738279499	24.659868910760686	78.73	4.0	4.0	2.818600000000001	0.6708296684285837	0.9921318402002705	0.0007235251019884709	6.584996181589455	0.9101425572579543	0.7538993807248063	9144.703240524243	5.08522020831015	0.09321150458523451	inactive
13.303270316979212	0.1462239998157211	-0.598590814999094	0.6854076149799395	10.538461538461538	355.345	1.1538461538461537	2.6385561714602717	1.6718767001221457	1000.2408339689653	-3.3499999999999996	818076.4252927429	3.826164180769678	70.26541295955961	26.168615641054533	78.72999999999999	4.0	3.0	2.1136999999999997	0.33536492319146627	0.9496656021936383	0.0004814152600843754	6.424848744797409	0.7975890804330901	0.8752736014082382	4218.1890809909855	3.9633504205195176	0.1942227728255377	inactive
11.740651927437643	0.06694444444444447	0.06694444444444447	0.8471035347082237	12.5625	220.31599999999997	1.4375	2.2081411266605766	2.554882910689825	360.70515609339986	-1.3800000000000001	3062.6917426782197	3.645526266921452	24.02350570338476	10.891158250298714	41.99	2.0	1.0	3.010720000000002	0.5489670023155362	0.982695692633901	0.0023393904992218603	2.2628067245568877	0.9507438764954956	0.9189295008316127	2086.0235649084657	3.26127574136813	0.27423835209105746	inactive
12.0006711388259	0.4115740740740741	-0.4545196759259251	0.7981578861382183	13.842105263157896	316.154	0.9473684210526315	2.6701624697515522	1.9526640859637643	664.1007213541043	-1.939999999999999	32810.95642830707	2.080902367961484	64.13055904691929	11.690424675716445	37.38	2.0	3.0	3.178600000000001	0.5219913451988321	0.9802767684840821	0.0010704110285437252	5.210493863942415	0.9099977533941922	0.8039374704925797	3914.5160912958563	3.7866176573279504	0.24379801209337246	inactive
12.120353363567649	0.2376234567901232	-0.2376234567901232	0.9079519357540479	10.052631578947368	275.73900000000003	1.368421052631579	2.402008506957951	2.142729297699242	600.7498775885394	-2.0699999999999994	20460.30846226783	3.2311578035318322	53.311607290972525	18.06276501596247	45.230000000000004	2.0	2.0	3.7117200000000024	0.5189833885889388	0.9797129029206411	0.0013202609242057527	4.213962559423512	0.9352945560566879	1.05350916503358	3306.1761057467575	3.6999417649718898	0.3778999537577185	inactive
13.120974672238722	0.1130135244078243	-0.5894938876459441	0.923144279582409	9.916666666666666	345.7610000000001	1.2916666666666667	2.5554093490767085	2.1488924470739224	832.825634515124	-2.9099999999999993	194576.53406674782	4.305872013066012	58.867875125715486	18.359115864615585	73.2	3.0	2.0	3.3423800000000012	0.511940132251878	0.9793156513309089	0.000705555268124432	6.913050299108727	0.8806213558331083	0.7974006835576294	5432.114720836111	4.310496590171327	0.17734720718978567	inactive
13.491181336297817	0.11802422458627326	-1.2159927458637785	0.49308205868494165	11.857142857142858	475.5240000000002	1.2857142857142858	3.3218589526989573	1.9819042461124863	1272.2319265810595	-4.3199999999999985	52888143.52879932	6.17596639100956	89.71466807943952	28.49975764268824	112.12	6.0	3.0	3.997080000000003	0.08108444368649084	0.7952214093116742	0.00026885777021344376	7.848794134443324	0.9159618244529146	1.4909531592935008	5146.723892101883	3.8603107118905613	0.5985833095029975	inactive
13.454350035730254	0.09389582322572898	-1.2663631162341484	0.5116162936136932	12.117647058823529	465.5050000000002	1.2647058823529411	3.2695236840352	1.9500565470332334	1185.4087975032257	-4.009999999999999	30326666.372213222	5.859382845394795	84.15121658774252	28.49975764268824	111.39	6.0	3.0	3.1990000000000016	0.2596800599118534	0.9257342803695187	0.0003194179965243803	7.494914432297867	0.9172725225632448	1.3581390980458172	6965.383124820101	4.326929189005142	0.38977607921045154	inactive
12.432703924162258	0.06363399680859971	-0.6576199137062231	0.823415751339709	11.130434782608695	332.831	1.3478260869565217	2.524884714496859	1.8784690172310807	686.2267324961535	-2.0699999999999994	124911.09659558862	4.453507544980837	58.87505878266952	24.042796620724207	51.22	3.0	2.0	3.5162200000000015	0.37922843040731885	0.9593156254865145	0.0005650817778652068	4.510888047427844	0.8057489428777524	0.8425009483643447	4069.323001103648	3.9802320423706474	0.2051885285550076	inactive
12.959818909045099	0.11176469198790606	-0.5010101725875533	0.6332903843256509	14.214285714285714	396.8100000000001	1.1071428571428572	2.9440166290292265	1.6955210040086024	1157.6411205580278	-3.3199999999999994	2746087.4470429625	3.0958605894087095	69.47082543225503	30.492757919730163	81.02000000000001	4.0	4.0	2.788000000000001	0.32129647194183225	0.9463162463172498	0.00044655323346752665	7.597307940612514	0.8602963039537369	1.0232827227401466	5127.370900612908	4.049463328626699	0.26199228046600465	inactive
12.444569069688672	0.020622401738473073	-0.4126437704711512	0.6352507316354609	15.607142857142858	398.8060000000001	1.2857142857142858	2.623585217532948	1.4771143492732355	1136.2269485711179	-3.3899999999999997	1903274.648888842	3.814815095649014	69.73177843855795	27.702341591280497	102.32	6.0	4.0	1.5875	0.4165088162035732	0.9662723806146668	0.00038707259902152766	7.5558011433169	0.8584916419758714	0.992093754610393	7393.7545726043345	4.779999957152225	0.16716445438461927	inactive
13.417322672717695	0.0251568930041155	0.0251568930041155	0.6651140591808371	19.677419354838708	419.5290000000002	1.096774193548387	3.484519824710764	1.3705277073647735	1019.8855091030827	-2.769999999999999	30224836.464175556	4.4759223169175195	54.09438803938988	53.74908271521615	72.28	6.0	5.0	2.9680000000000017	0.5186137317405682	0.9800643136831135	0.0004848169050607391	5.583128736133818	0.8704803041233673	0.9634530876991377	7866.560718731709	4.720783734851491	0.1603820442559228	inactive
13.101290347559289	0.05821061140505557	-0.05821061140505557	0.5104186366138802	10.793103448275861	403.5110000000001	1.0344827586206897	3.4444703752585064	1.5831321107322713	1058.3076867223679	-3.289999999999999	8215867.851059348	4.5869180534549345	88.8780192837065	20.901049568452596	77.04	6.0	4.0	3.6987000000000014	0.19701950414985916	0.8617316672283687	0.0001523168267269648	6.352724786258793	0.5756473655608374	1.0122153770520859	4287.9059743042135	4.384777193282382	0.21545735770590752	inactive
13.229219786680105	0.18050183190560154	-0.33709797808012065	0.6742976209601249	13.931034482758621	383.45100000000014	0.896551724137931	2.962714994170074	1.7384032581164073	1105.484396743264	-3.729999999999999	5222863.605482633	3.6699136363707034	101.00820310768609	21.698247710500695	62.300000000000004	4.0	4.0	4.090640000000002	0.1704747108376885	0.8552247955654095	0.00020010229342396993	6.131682657318464	0.6168826793497683	1.0973925805608353	3669.507022138422	4.069544544938501	0.24290916362989676	inactive
13.203156686542929	0.15443873176842726	-0.380181878306878	0.6397372900496262	13.931034482758621	403.86900000000014	1.0	2.962714994170074	1.7384032581164073	1111.4815717712604	-3.439999999999999	5222863.605482633	3.772810417241145	100.46738492973041	21.698247710500695	62.300000000000004	4.0	4.0	4.435620000000003	0.1935604913686449	0.8848996638287994	0.00021271615378814699	7.111998086938039	0.6619520120667134	1.0304149292919023	4422.523272040111	4.195127738895268	0.22729450317887098	inactive
13.118167040310212	0.06980228717001191	-4.577789061384979	0.7844979007719622	11.153846153846153	388.74800000000005	1.1538461538461537	2.5493358836284226	2.1875453698503198	839.752854671648	-2.6099999999999985	356149.8709505415	4.949010816388849	58.867875125715486	18.359115864615585	49.410000000000004	2.0	2.0	4.489500000000002	0.34197712794893853	0.9512475541162019	0.0004456824062668193	8.387402382997971	0.8768895567871084	1.3029178164943933	5593.838392416116	4.234388936407607	0.45350631569988564	inactive
13.101237388765174	0.09623589967565405	-0.5750411336098569	0.8968754165815134	10.26086956521739	355.196	1.173913043478261	2.4807039359563667	2.1188434039461113	752.6101364063715	-2.109999999999999	110051.4687108323	4.677762347394733	58.327056947759814	18.359115864615585	49.410000000000004	2.0	2.0	4.124100000000002	0.5785960851436217	0.9857211709080953	0.0008088617524204318	6.789004043416639	0.910032675380992	0.819889983009151	6080.429281490853	4.421362185042165	0.18427970031433738	inactive
13.25093002015621	0.18045655916687653	-0.33548044217687045	0.6742976209601249	13.931034482758621	383.45100000000014	0.9310344827586207	2.955493053816211	1.751199510428226	1105.484396743264	-3.729999999999999	5145158.747527566	3.6699136363707034	101.00820310768609	21.698247710500695	62.300000000000004	4.0	4.0	4.090640000000001	0.16017535127823884	0.832880457690851	0.00019001603516098357	6.131682657318464	0.5908137657783543	1.0786466892863245	3319.1759135351954	3.9633214433568096	0.2467375692264921	inactive
13.270052437641723	0.09430119887461164	-0.19835128495842835	0.8521740086975916	23.0	324.404	1.2916666666666667	3.2462677763816545	1.632846458850642	754.2224351521619	-2.3	610437.9314741355	2.4804370447450563	46.78022724693736	29.057409638928515	56.53	3.0	4.0	2.885440000000001	0.40516151609373285	0.9643115984955328	0.0009121948883967019	4.263503890613465	0.8622165520854471	0.9146039842187552	3078.0547378294114	3.42100936525708	0.2583781362663948	inactive
12.291491612076928	0.19782422980925873	-0.5927766568314905	0.7687545143478375	11.0	297.31800000000004	1.2727272727272727	2.890837659389678	2.1685155372678624	938.7460696256345	-2.9599999999999995	119857.02019595544	2.260391667718472	52.20397191428027	25.23874264153629	95.8	6.0	3.0	0.6843399999999996	0.5208489337707386	0.9802483720001836	0.001106246181325436	4.770571901241807	0.8933784604694407	0.9063257775580513	3648.02569708215	3.7894665762801107	0.19322558361413894	inactive
11.852341269841268	0.05833333333333357	0.05833333333333357	0.8657423184662456	16.764705882352942	233.3149999999999	1.411764705882353	2.332248998695538	1.8631596912280377	386.0058941318808	-1.4200000000000002	9095.7710949126	3.5262875670679494	24.02350570338476	35.425337198886915	45.230000000000004	3.0	2.0	1.81442	0.4803027350124744	0.9739538357144549	0.001939171784324009	2.616198027009888	0.9889044362671108	0.900851652183869	2224.088084071647	3.2678578787251555	0.301487579453672	inactive
12.212484882842025	0.14376984126984138	-0.5434314023963485	0.7609489872588867	10.869565217391305	348.8150000000001	1.434782608695652	2.8559796517620777	1.9197015631503271	963.7555476200498	-2.3799999999999986	175842.66715899113	3.201396668867744	50.715896432025964	15.458257898090068	90.00999999999999	6.0	3.0	2.64072	0.2746533376159217	0.9328351147712675	0.0005241159089023059	6.2560302033978346	0.8375121947063708	1.043818804371792	3714.3805311560413	3.737925950274418	0.28958812572941056	inactive
12.063711262282691	0.09632716049382695	-0.09632716049382695	0.8041636551317588	10.65	284.726	1.25	2.8768354939067122	1.7746352324759036	766.4094312309174	-2.3299999999999996	60410.66853654705	2.6504706869318633	59.24749785628266	11.005861537652542	56.09	2.0	3.0	3.0266	0.4860069714741504	0.9757070672020698	0.0011630416101726649	5.2201165206274105	0.9386180486741934	0.7609408314594105	3457.6521367693563	3.736051864050901	0.23694595142235483	inactive
12.19698436318972	0.029592466616276125	-0.029592466616276125	0.9366797702245624	13.571428571428571	300.78900000000016	1.2380952380952381	2.4739761554776227	1.7312437002469676	669.5897259653517	-1.87	80913.86414105113	3.4215007570158598	58.372143205904905	10.891158250298714	41.99	2.0	3.0	3.7950000000000017	0.4462678927713927	0.9703985525228992	0.000993842363845063	4.324908937490683	0.9219112712770277	0.8735645081433308	3541.010628030028	3.7165804513210996	0.2639347002015623	inactive
12.347697467876039	0.031825396825396535	-0.031825396825396535	0.7437786118683317	10.818181818181818	314.776	1.2272727272727273	2.9041810421605345	1.7093653288974702	814.5208379441975	-2.3999999999999995	147999.970089543	3.0927048260381595	59.1170213531312	32.84863128198026	51.02	4.0	3.0	2.7433000000000014	0.5128924241187388	0.979421185640916	0.0009063494577142869	5.061972588013975	0.8808020824423478	0.8109037012083036	4241.13116897077	3.9910929932645813	0.1697903032514618	inactive
12.420300506004871	0.2179469009826156	-0.45021871011183756	0.673754114403104	10.538461538461538	371.80000000000007	1.1538461538461537	2.6412290273804184	1.6536916347030326	1000.2408339689653	-2.9899999999999998	821770.8697469244	3.973889284248377	69.47082543225503	26.168615641054533	78.72999999999999	4.0	3.0	2.628	0.4054073663282213	0.9642533331110069	0.0005539647976985502	6.6279185871306945	0.8776848987467637	0.9073548045293413	5247.815502938538	4.150759926062607	0.20770888095415446	inactive
11.296847915091963	0.3809115173847317	-3.081169348912405	0.8176087521028516	17.4375	240.32799999999997	1.125	2.2929708100720165	2.1840577144191022	447.37783610971996	-1.07	4696.00421902749	2.537503823986187	24.26546827384644	40.85259179149064	49.410000000000004	4.0	2.0	0.49969999999999987	0.7131511857649637	0.9942240473529143	0.0030647559794407158	2.841608240269561	0.9479488175659218	0.6792787912222427	2731.96474623838	3.5104493123538894	0.15583995872917014	inactive
11.91708664021164	0.11394620811287459	-0.11394620811287459	0.9049825268827963	10.210526315789474	275.73900000000003	1.4210526315789473	2.325662240392352	2.051227743559958	613.3901139421383	-2.0699999999999994	17835.503721568948	3.6933557477917605	52.67821521105644	10.891158250298714	68.00999999999999	3.0	2.0	2.806820000000001	0.5484635648126088	0.9826498974106819	0.0013239292626349424	4.213962559423512	0.9503714906688301	0.8745019832726717	3678.307043314072	3.8716645223209416	0.24411709035904008	inactive
11.186267864612992	0.06007784069652722	-3.968568897693927	0.9042596263242455	12.695652173913043	351.83500000000004	1.1304347826086956	2.448617302694227	2.397845205227487	832.9038948434526	-1.8899999999999992	87924.95010514431	4.5412046478998045	58.18962802227753	14.324976713680442	87.03999999999999	3.0	2.0	3.945000000000002	0.4162776167863869	0.9661746085669211	0.0004917403277404732	5.878066255197273	0.8246933551997523	0.9489104194420748	5363.110031334666	4.387111354366632	0.24539406705440242	inactive
13.458849916715316	0.1544948330189131	-0.9345452779877388	0.4617095916864857	11.484848484848484	465.95600000000024	1.1818181818181819	2.791942354839458	1.889516238854962	1151.6407336668694	-3.5099999999999985	20865388.544870205	6.492723617545043	112.73960667138823	28.24300411641327	62.300000000000004	3.0	3.0	4.797320000000004	0.26933619918557383	0.928387340250287	0.0003342878572436643	7.500954335438521	0.9349986927590136	1.6491351814147048	7037.353515895149	4.3161752150663455	0.5594049213079837	inactive
13.539904887881079	0.14878708427815623	-0.9170390841521805	0.550310007538331	12.258064516129032	435.9550000000002	1.1290322580645162	2.7266005549799637	2.1831066348127646	1115.7002432678958	-3.179999999999999	6329634.139151577	5.302524252276826	89.72911577848674	27.237172962884042	62.300000000000004	3.0	3.0	5.058800000000004	0.18659388634299345	0.8934826806260356	0.0003694957861283033	6.422365360019236	0.892069628682519	1.404420130654457	4795.647296432299	3.7993091538786126	0.5520607460252422	inactive
13.096216773746537	0.16830404383975828	-0.8613909360040315	0.7667143225086969	12.148148148148149	385.89500000000015	1.2592592592592593	2.6126366582625287	2.493183416843681	815.6764744834588	-2.6599999999999993	698838.5038986942	5.658637429462237	77.5963816415635	27.237172962884042	62.300000000000004	3.0	2.0	3.9056000000000024	0.12891021939685912	0.8538363178439712	0.00041878309143689884	5.44658125439835	0.8653987399484753	1.2276496023234413	3435.484139521398	3.503209095807241	0.4797490215362457	inactive
12.449341773746536	0.1780829554043839	-0.8282659360040314	0.8202462244860704	11.416666666666666	343.8140000000001	1.3333333333333333	2.6234959715552897	2.4631530119982568	734.0535489105697	-2.6599999999999993	255423.567790623	3.9974528014111086	77.5963816415635	28.745919693177886	62.300000000000004	3.0	2.0	2.736900000000001	0.08275486489139251	0.8016310823153688	0.00045200967046750927	5.425309573631567	0.8430837258290003	1.447448382159435	2630.412993053164	3.327936884227277	0.6958642591643307	inactive
12.893029887881077	0.15856599584278186	-0.8839140841521804	0.6460680858166346	11.642857142857142	393.87400000000014	1.1785714285714286	2.7351661016458872	2.1601133785603652	1029.725418301967	-3.179999999999999	2310230.6960941823	3.8942904430914305	89.72911577848674	28.745919693177886	62.300000000000004	3.0	3.0	3.890100000000002	0.26383397736396913	0.9283135054844444	0.0005027980758501062	6.424250584960881	0.8880641068966306	1.3193018760496764	4218.786372131945	3.691636747697199	0.47382646721452387	inactive
13.482147773863144	0.004180968492386361	-0.21611239711934171	0.4842343074249802	13.705882352941176	454.5340000000003	0.8529411764705882	3.3069887840274403	1.4113526675805699	1279.6619481443736	-4.039999999999998	109937217.66528496	4.671062183339885	78.86277189000094	64.43192105821744	83.36	6.0	5.0	2.5633	0.29160154586930676	0.9364637161170537	0.00020949606352974463	6.989010222959402	0.7498288155001314	1.039975083773368	7651.257148022308	4.855770323555691	0.17584230226260006	inactive
13.357014518770473	0.06997905643738989	-0.11263552952044953	0.4271208868201442	10.96774193548387	410.4410000000001	0.9032258064516129	3.4923411532949244	1.4529584819843369	1296.6415329964918	-4.399999999999999	30317991.40727616	3.8825648901523824	91.27544946906835	40.64949135379324	94.62	8.0	5.0	2.6404000000000005	0.3136145872105218	0.9429446016495359	0.000268826290951609	7.380555132178361	0.7533569548351875	0.9530982026994569	6340.905545238047	4.625129982840633	0.17435384310205088	inactive
12.809464994331066	0.14449751196774963	-0.4961257558578991	0.5199421148979307	11.931034482758621	404.8770000000001	1.103448275862069	3.157308528601853	1.662481967418504	1122.5490473003078	-3.309999999999999	5995372.119951187	4.409641404902999	94.77034561667459	18.000955791576246	65.32	3.0	4.0	4.3023000000000025	0.2354041125864747	0.9178705891429307	0.00027733678964604277	6.885756159346898	0.7867297611310454	1.3656978357283258	5623.214774372662	4.390262512760356	0.39934649996053445	inactive
13.206838816947043	0.025523561084978885	-0.2412805755018057	0.5722805369163831	13.71875	433.5160000000001	1.0	3.3081582125422857	1.5533633433599887	1043.7215662546532	-3.559999999999999	30374503.027466655	5.186409478511186	66.48807518261603	64.43192105821744	109.38	7.0	4.0	0.8688000000000007	0.4105533373493532	0.964424983659487	0.0004298836795176539	6.2701422192613725	0.9275393292319921	1.2341654426478577	7570.480252569509	4.54242701247513	0.29845144228645554	inactive
13.03475970017637	0.08637135718484856	-0.08637135718484856	0.5102106248255346	10.892857142857142	394.46400000000006	1.1428571428571428	3.4851245138894504	1.579326432066951	1024.1921724763974	-3.37	5089599.167344848	3.9718546100212655	71.20082409092751	35.66551283284603	107.75	9.0	4.0	1.6123999999999994	0.25729522580350883	0.9234395497372521	0.0002426801388132333	6.6052752141362845	0.7244695027905319	1.0919911305815664	5635.915477288385	4.559432429663036	0.22815552999854333	inactive
13.367989610597835	0.035499602810208586	-0.16447478374065616	0.4167575221199098	10.875	421.4640000000001	0.84375	3.2644919187556796	1.4522460976482292	1335.4458970021244	-4.459999999999999	44837300.30133761	4.06120606312109	97.08086353122704	35.85298513129422	89.69000000000001	7.0	5.0	3.516700000000002	0.4384167907781011	0.9695741004985934	0.00045595681575538033	7.594431999854675	0.8921437591252598	1.1707009828365098	7130.797375004353	4.501453108753886	0.26652540651916234	inactive
13.045734792003731	0.05314864853961154	-0.1382106114050552	0.5066904455320925	10.793103448275861	405.4870000000001	1.103448275862069	3.4444703752585064	1.5831321107322713	1061.9347764546746	-3.4299999999999997	8215867.851059348	4.528895716243665	77.13671465623764	30.86900661034701	102.82000000000001	8.0	4.0	2.4887000000000006	0.36866797867301965	0.9562701297203728	0.00028853436346012323	6.821419182485309	0.7606828123455543	0.7721152077446495	6856.558045639419	4.7770526555225885	0.09972364610667597	inactive
12.531121198109384	0.04607291095753996	-0.11018812463256866	0.7753244009614217	10.64	337.383	1.12	3.043836192551897	1.7045904406523535	901.2302414176461	-3.219999999999999	647387.4321214778	3.654841441090291	48.53093654769288	33.85590128048129	80.12	5.0	3.0	2.4428	0.2711339117253697	0.9313643040445497	0.0005424563488410192	5.138867279476129	0.7959507141199524	0.9485972968490569	3207.7494256607306	3.5917935410486104	0.2527340684252831	inactive
11.823408919123207	0.13808641975308622	-0.13808641975308622	0.9240599028959203	10.11111111111111	261.712	1.3888888888888888	2.318561520232321	2.0346835172849502	571.6677441869939	-1.9399999999999995	12608.337547023362	3.2750360890829238	52.67821521105644	16.10454334595358	54.88	3.0	2.0	2.619620000000001	0.5409504906358281	0.9820299299996431	0.0014727722389437832	4.313246362629187	0.9376661772741538	0.8471012714054932	3163.231112909478	3.7019975402699763	0.24343745970975714	inactive
12.134466647770218	0.11535210380448446	-0.11535210380448446	0.8051952011122818	10.523809523809524	297.745	1.1428571428571428	2.4739761554776227	1.8039060510745435	798.8888977295804	-2.4599999999999995	80913.86414105113	3.17244814374422	65.31386492474428	16.10454334595358	54.88	3.0	3.0	3.4644000000000013	0.3404392078538737	0.9511727945496715	0.0008185529851706809	5.386836704973577	0.8371013338683843	0.7055334379361622	2773.514692481027	3.4552508145682386	0.23994131463678448	inactive
12.031352513227514	0.11414840010078109	-0.11414840010078109	0.8033024021850661	10.65	285.73400000000004	1.25	2.8210023287744006	1.7589737347978533	766.4094312309174	-2.33	58939.201655083554	2.6504706869318633	65.57481793104722	15.291852856560507	46.400000000000006	3.0	3.0	3.1689000000000007	0.6257180303966564	0.989212071650778	0.0014539778245183845	4.895664212236049	0.9416926827404378	0.8800341070605637	4163.427812406684	4.019381821857776	0.2031656663837496	inactive
12.10088955026455	0.1870108182161756	-0.631588718820862	0.9154177951164741	16.238095238095237	300.745	1.1904761904761905	2.7515978417438167	1.719737739623943	714.9280937342392	-2.3299999999999996	82014.12527101621	2.901524207839283	64.6804728448282	11.814359458703011	58.2	2.0	3.0	2.692100000000001	0.3059664747881486	0.9422761120562124	0.0007574056325174744	5.141989484760499	0.8488668502913073	0.9939946658185209	2841.301663355059	3.485953077062033	0.34302270061711077	inactive
12.29149612622827	0.08940724846208226	-0.15641786344167286	0.8019266847700408	10.695652173913043	326.7830000000001	1.1304347826086956	2.521561344533633	1.9086168499292056	947.1496048850868	-2.589999999999999	176557.20378290044	3.2710451048230014	75.66766900386811	10.47427937714286	51.1	3.0	3.0	3.3731000000000018	0.46640745491818264	0.9737166593261773	0.0007586743437798095	5.494379575938145	0.8785007518871368	0.9209891309174738	4466.282524255786	4.047749725703559	0.2182661183619666	inactive
8.491413454270596	0.03351851851851895	0.03351851851851895	0.6326422670473281	8.75	165.15200000000002	1.25	2.1643634061562356	3.1197125558836243	296.667793995879	-1.83	595.1999366929648	1.6063505564141656	11.890771566461538	24.187552124449482	68.03	5.0	1.0	0.36547999999999997	0.26876929786582837	0.9098044364969965	0.0012416348357695655	2.900808330413362	0.5906387725975053	0.21272739932232512	676.9599563331655	2.638116585063886	0.050815896264114896	inactive
12.530550581356408	0.12839516670865825	-0.22122327351570292	0.5730568654366267	10.678571428571429	375.4720000000001	1.0357142857142858	2.982642916097292	1.688585376546292	1045.8898388958087	-3.339999999999999	2066709.0682788067	4.14234664450571	82.56434365453549	16.79833797965022	73.99000000000001	2.0	3.0	3.8253600000000025	0.38785722668227546	0.9600938898274728	0.00045901231871903924	5.172657809504924	0.9306819201293187	1.553913296770043	6747.145524945007	4.619416401798316	0.3876519955256419	inactive
11.803335222978081	0.0965795505444973	-0.39774612622826955	0.8658590925600456	19.166666666666668	266.72799999999995	1.5	2.318561520232321	1.9003353642105014	462.059395562451	-1.55	12608.337547023362	3.469187063082073	34.85155307928476	24.400956693763547	58.2	2.0	2.0	1.2772999999999997	0.48541893361874294	0.9762211456732676	0.0011509476086435	3.7290093090947063	0.8561425976747884	0.8923600561806427	2937.808094279118	3.6515780416011503	0.22969598526817347	inactive
8.238178382464097	0.19277777777777816	0.19277777777777816	0.6061864897164827	8.444444444444445	183.99599999999998	1.4444444444444444	1.9003726279897948	3.0560383962272617	235.3751744640637	-0.9500000000000002	129.22533870330605	1.4724729223398376	22.690811157058494	9.967957041894417	49.57	3.0	1.0	1.1107799999999999	0.8032191696155024	0.9975065232155612	0.01128540929654645	3.9613388282468263	0.929428812220956	0.0023112717405527994	1084.5964550811925	2.518385295878161	6.231451715252932e-06	inactive
12.496884763164523	0.016906021667925986	-0.33908940357849127	0.6525865017261886	15.041666666666666	416.34099999999995	1.4583333333333333	3.0127487895938634	1.9364892555051103	572.6687963056814	-1.2200000000000002	310361.32930880145	6.0100027114767025	33.45125233889362	67.55172487899267	61.88000000000001	5.0	2.0	1.4736	0.16471594082393015	0.8815698473707606	0.00040517724263982615	5.156059185562956	0.8499696854846934	1.0414029857025866	3777.2046174644133	3.520280215614391	0.34375256813824245	inactive
11.851050170068028	0.017522675736961313	-0.017522675736961313	0.9252513477484028	10.210526315789474	274.751	1.368421052631579	2.3924871644110928	1.90291258473106	583.8631868754017	-1.8699999999999997	21458.21737760309	4.069857719649855	58.87505878266952	10.891158250298714	41.99	2.0	2.0	3.614720000000002	0.39640825871258356	0.9624901614935347	0.0009870699398033104	4.060534698120957	0.890125323293684	1.0015512463664396	2958.5440890372674	3.6157682729990226	0.3211765474670434	inactive
8.41148148148148	0.24768518518518534	0.24768518518518534	0.529354659112996	8.9	133.154	1.3	1.8546418598350878	3.2210743129260195	265.142960413759	-1.43	172.48169296466315	1.2900460238891327	23.27862755615846	9.967957041894417	49.57	3.0	1.0	0.96512	0.28476537008857433	0.922421480083934	0.0022872623807778537	2.0257943511578227	0.6232417842055205	0.25008526000949044	439.7461919290737	2.307367205317054	0.08130127113860819	inactive
13.65844169739384	0.27839144038416963	-0.7253184443989829	0.6021292965186094	11.5	421.266	1.2307692307692308	2.661525658982431	2.03716279870102	808.9315739766639	-2.509999999999999	579137.337291941	5.241232950050949	82.09982010163296	23.527768818056636	78.43	3.0	2.0	2.8538000000000014	0.4091682455361088	0.9649391524845105	0.00033793931925769736	6.5809480951064545	0.8196050624606136	0.9804149750440581	7573.293385066172	4.778542436775572	0.18518421957869693	inactive
11.98859410430839	0.017222222222222028	-0.5333333333333334	0.5039387723179841	8.444444444444445	123.08999999999999	1.4444444444444444	1.9003726279897948	3.0560383962272617	235.3751744640637	-1.5000000000000002	129.22533870330605	1.1938775510204083	24.035312482271973	9.967957041894417	49.57	3.0	1.0	0.48738	0.6383322844582205	0.9901208673858173	0.01035348588519264	3.511080332409972	0.8597870182102436	0.0018776372288373205	509.2089599298406	2.1935198720538334	4.284956783885631e-06	inactive
12.685303445452256	0.01734199017072413	-0.5113562251838901	0.5684647348032583	11.333333333333334	400.4580000000001	1.0666666666666667	2.786187067078741	1.7321684522811704	1020.3808515266652	-3.929999999999999	6415897.841089705	5.543997618669362	102.40266809336565	23.343094385562793	94.15	4.0	3.0	3.0360000000000014	0.36579878824963663	0.9564463205777838	0.00032751615636038517	6.535736225724969	0.7947571977631881	0.8854971507217849	6606.779577926411	4.653830946058478	0.1464482829998627	inactive
8.210400604686319	0.13833333333333364	0.13833333333333364	0.5389420381782205	8.444444444444445	139.545	1.4444444444444444	1.9003726279897948	3.0560383962272617	235.3751744640637	-1.1400000000000001	129.22533870330605	1.373842678794908	23.240724954967405	9.967957041894417	49.57	3.0	1.0	1.00168	0.721933594209457	0.9946424383241971	0.010686354776763945	3.804669593374175	0.896632373592999	0.0030762547879275622	727.751526937356	2.4117263639517392	1.1093071807027654e-05	inactive
12.386338340891912	0.020490625262451045	-0.40310983035189385	0.7455320828951193	16.782608695652176	317.3650000000001	1.434782608695652	3.0626247190505778	2.03605415345332	567.4667241319303	-2.34	195643.52967766995	5.103966264984823	42.483875555975814	42.51463035363986	81.7	4.0	2.0	0.569999999999999	0.16770006554563494	0.8801986969121685	0.0005139135095529072	4.3878890930786705	0.7482158026135339	1.127109854887707	2295.255695963848	3.2776294116819806	0.380610547232442	inactive
8.285372260015118	0.15351851851851883	0.15351851851851883	0.5573130498151009	8.4	135.126	1.5	2.048167390601267	2.9302756154154803	248.6905932169371	-1.63	237.587417309747	1.2004625175389128	18.21809164122608	17.07775458317195	58.8	4.0	1.0	0.35687999999999986	0.6904359321073467	0.9931584499534926	0.009432470406275607	2.543300163518164	0.887211597678698	0.13763348003135562	714.6292739843565	2.44393524404308	0.04396562376017614	inactive
12.283318846056941	0.11045115268329564	-3.7553846608087667	0.8469685624910148	11.95	295.38400000000007	1.35	2.3300044196819285	3.06402027141029	601.0901853583581	-1.6599999999999997	14630.09775118283	4.787437084420504	47.2059704204279	19.863901966063786	77.34	3.0	1.0	2.3497000000000003	0.11548855414111489	0.8072027874429671	0.0004682841240876991	3.955021879461994	0.6549828442162997	1.0894817602219067	1552.017435767179	3.0009439933562523	0.3971186395030391	inactive
8.228395061728396	0.09953703703703742	0.09953703703703742	0.5041589132327443	8.444444444444445	139.545	1.6666666666666667	1.8814083105156787	3.11920179192052	252.6251744640637	-1.14	126.05435680455047	1.3738426787949092	23.240724954967405	9.967957041894417	49.57	3.0	1.0	1.00168	0.4349900844911489	0.967810999878668	0.004065612255030102	3.8046695933741765	0.7483282427593454	0.003049741719123816	547.2841625272498	2.2893063943853456	1.0564020050898405e-05	inactive
11.636443846056942	0.1035761526832959	-3.6355929941421006	0.8003376186311087	10.882352941176471	253.303	1.4705882352941178	2.3574479463892137	3.007742302638497	523.2730104342484	-1.6599999999999997	5502.283506872425	3.4006837771890295	47.2059704204279	21.372648696357633	77.34	3.0	1.0	1.181	0.23289387484037807	0.9168254105482603	0.0009754520886753863	3.9275703288378985	0.7866520815067828	0.8566157963177112	1588.8131928940072	2.952086407139056	0.2768444724947517	inactive
8.622498897707231	0.14376606198034825	-0.47894179894179945	0.6633734734164476	21.235294117647058	231.064	1.1176470588235294	2.4834629030137316	2.23417953604688	448.6000419044853	-1.4450649350649352	6208.657257534329	2.037635078384396	18.21809164122608	28.288450998086155	68.03	5.0	2.0	0.6474799999999998	0.6239089801773406	0.9890429875771257	0.002654548026090038	3.529604274560984	0.9488326753671195	0.7535148393579507	2297.3148286634014	3.3141918146289293	0.25731807599337153	inactive
12.74229119425548	0.09509141156462553	-0.8855296123078862	0.7074281568305903	26.96153846153846	357.45400000000024	1.3076923076923077	2.662870811432626	1.7235287890033586	655.5250694048915	-2.1799999999999997	824169.1676216434	4.3147275513792085	48.55024262443742	65.04553915579123	72.88	4.0	4.0	0.7740999999999996	0.1964913954257618	0.8893441028072979	0.00030707289319909897	4.446069462690475	0.6765333226179975	1.0652681345561805	3259.823537761118	3.792288430216085	0.28318089791237006	inactive
11.89629865835223	0.12319992091486776	-0.7820849867724866	0.8658590925600456	22.666666666666668	266.728	1.5555555555555556	2.5806363760067534	1.9882986512117462	489.6345176048576	-1.55	11917.378784399187	2.8192774771422635	34.85155307928476	23.898041116998932	58.2	2.0	2.0	1.2772999999999997	0.4326656372576362	0.9688751543549282	0.0011099830254818735	3.7290093090947063	0.8407934186066932	0.9080529170639894	2572.761791264805	3.4610412837443714	0.28454306831146964	inactive
8.794186402956244	0.44632227891156506	0.44632227891156506	0.8150660699144018	10.0	231.686	1.4375	2.7350545085508546	2.0562523126025605	525.0552973118237	-1.7899999999999996	7067.380850095408	2.4142442058702147	53.06964472051084	9.551078168738563	41.61	3.0	2.0	2.650880000000001	0.3739337583044025	0.9566601577321235	0.0018796380830422578	3.9017013311900786	0.9506291099620695	0.8738539382568253	1650.9982706014746	2.898709955776929	0.4214338308527241	inactive
12.785414462081128	0.10040343915343919	-0.36485515131213186	0.5928840363325426	10.482758620689655	389.4350000000001	1.0689655172413792	2.7355262191719962	1.803185950330723	1076.112480510218	-3.7399999999999993	3693168.2958748518	5.3821237841321885	88.99391947540764	28.24300411641327	93.47	4.0	3.0	1.7732999999999992	0.07339818893028673	0.7767604363146351	0.0003131465811656268	6.383227221523697	0.7652263118293007	1.377046862498912	2969.1496991252952	3.4541676277537103	0.5529131315746579	inactive
8.880448685647098	0.28703703703703676	0.28703703703703676	0.8332900021215718	12.058823529411764	245.713	1.5294117647058822	2.759853377600892	2.1741522636422728	553.787372498196	-1.7899999999999996	10531.600488925003	2.6620685429994646	53.06964472051084	9.551078168738563	41.61	3.0	2.0	3.2118800000000016	0.4962492872285443	0.9773067212340831	0.001788427178028885	3.859323621227888	0.912040044509353	0.8902971706323153	2195.6894129565594	3.2256208250797913	0.37226163293222647	inactive
12.201856103552533	0.1843490173847313	-0.5971645880574459	0.6881929334664624	11.761904761904763	289.379	1.2857142857142858	2.4654853275810797	2.646507214416448	471.6702497930842	-2.1399999999999997	39349.145828194036	6.717857378268013	48.55024262443742	49.940966795880975	61.440000000000005	3.0	1.0	0.5777000000000005	0.2635667258446899	0.9259910931633178	0.0005336972143908353	3.433255697957083	0.7280358316293144	0.8940179445007114	2630.5189875607352	3.6256162564601393	0.21379679108381877	inactive
11.672571806500377	0.05543731278519659	-0.815570200302344	0.8343624510283111	18.61111111111111	265.676	1.4444444444444444	2.566479612753241	1.9302472184687425	515.7989163642175	-1.8799999999999994	12296.003824700778	3.0737725941858614	40.168341683291096	23.763380017202476	77.34	3.0	2.0	1.1978999999999997	0.28214006224940075	0.9352287836708013	0.0008684081301762788	5.010594408332682	0.8202779554275434	0.8936549031260572	2188.4721083457102	3.304157564242388	0.3212077474203111	inactive
8.80929381815475	0.46860563464068794	0.46860563464068794	0.8308885201871622	10.117647058823529	245.713	1.411764705882353	2.7653939288606892	1.9022686582846633	539.5927577372843	-1.7899999999999996	11495.742562273885	3.08383663862493	53.06964472051084	9.551078168738563	41.61	3.0	2.0	3.040980000000001	0.4005341796188863	0.9627260982988571	0.0012445635343189564	3.859323621227888	0.92166202021323	0.8799014275437258	2523.446110078587	3.4947512765244424	0.3652890701205083	inactive
12.366109624035307	0.055696334089190946	-0.9237876208921485	0.5762645705404882	11.607142857142858	375.40400000000005	1.0714285714285714	2.7212739402399473	1.6908472385768483	1045.6411292065072	-3.639999999999999	2091810.6225751645	4.362161210277755	84.4455294584425	23.465643259456293	101.49	4.0	3.0	2.5013000000000005	0.2667998593280416	0.9253756177408482	0.00030003959143304186	6.460659742635051	0.7038969912723785	0.8549265237937951	4356.538374953539	4.143725967201541	0.17319292668637218	inactive
11.581368102796674	0.11382716049382657	-0.11382716049382657	0.8822646872226869	10.0625	234.666	1.5	2.696631519574602	1.9726372976367366	481.73471428352866	-1.81	6512.365119772664	2.8383266920936046	47.245240222510915	11.005861537652542	56.09	2.0	2.0	1.8733999999999997	0.6255733217194165	0.9891467110450539	0.002207458587056648	4.2189098925910535	0.9510950633528747	0.7369923614485567	2788.95302457041	3.620545546586566	0.27737356209922404	inactive
9.016686402956244	0.6592852418745279	0.6592852418745279	0.7635892458608206	10.176470588235293	246.721	1.4705882352941178	2.6708820081630416	2.1034955658678376	566.283818693749	-1.7899999999999998	9852.88372811346	2.6620685429994646	53.06964472051084	4.567099647791355	32.599999999999994	2.0	2.0	2.08038	0.6377762661430688	0.9901330994588873	0.00179749922655985	3.5996001062323493	0.8767638992105121	0.43256264574462144	3051.86395560922	3.7719396558768445	0.07224745282808848	inactive
9.03179381815475	0.6815685976036507	0.6815685976036507	0.7776182204624678	10.277777777777779	260.748	1.4444444444444444	2.699800173079951	1.9474651666140772	580.9653069661101	-1.7899999999999998	16028.71362757567	2.906274284798098	53.06964472051084	4.567099647791355	32.599999999999994	2.0	2.0	2.4704800000000002	0.44036688299407667	0.969944579431453	0.0012346709045727578	3.614597911428233	0.8837208803044008	0.8484431630486625	2599.504718856771	3.463783832459965	0.2783648044049008	inactive
8.713913454270596	0.24648148148148175	0.24648148148148175	0.5909888271613953	9.076923076923077	180.18699999999998	1.4615384615384615	2.180441246845826	3.305720563408319	357.142151254251	-1.83	893.9809112067887	1.6686039585683312	11.890771566461538	19.203573603502274	59.019999999999996	4.0	1.0	-0.20501999999999998	0.2464067828363114	0.8790372776566809	0.0008795909059364795	2.5778245947007923	0.5310372563463878	0.27586373628738914	672.4744335208903	2.65618208966176	0.0648174169492844	inactive
8.63398148148148	0.46064814814814836	0.46064814814814836	0.4993750784007747	9.272727272727273	148.189	1.5454545454545454	1.964323840076745	3.3923544227273736	322.8444349447032	-1.43	278.9339852908978	1.3473069318037374	23.27862755615846	4.9839785209472085	40.56	2.0	1.0	0.39461999999999997	0.2600268165877629	0.904717467556326	0.0016972823243131868	1.8352360445542373	0.5861308698164197	0.3022936594092597	475.1307884353658	2.3459336504278068	0.08937226666562648	inactive
12.20681642101285	0.1282016880826402	-0.1282016880826402	0.7542512728973427	10.636363636363637	331.20200000000006	1.0454545454545454	2.4812133992632286	1.8398376934109477	848.936591316155	-2.0999999999999996	117435.83018712861	3.2112982958649745	70.46697474163707	10.891158250298714	41.99	2.0	3.0	4.722800000000002	0.3736814031517305	0.9584240100074256	0.0006547327118818191	6.185535280758086	0.8384256182995483	0.6705410897760519	3762.6201572186706	3.793198281855197	0.19958849252000413	inactive
12.44224820483749	0.1301117252456534	-0.7566962186109014	0.7208015626990972	11.541666666666666	344.43600000000004	1.25	3.139926898225722	2.0613156076467263	670.8370244105914	-2.439999999999999	336487.1261214613	5.328454843032136	70.94018672552785	34.91030939621935	69.64	4.0	2.0	2.1125	0.21882894242852732	0.8983908388498536	0.0003217793690712608	5.031433518005542	0.6553371249517912	0.8262412527287001	3038.8698441572337	3.7548976669084686	0.1912878732792542	inactive
11.849058799445704	0.4835336356764932	-2.9622728751994636	0.8596744785407785	12.5625	230.21399999999997	1.5625	2.1995693334167914	2.609892254036474	371.5915914803604	-1.5600000000000003	3022.2082641146712	3.54179048785921	24.02350570338476	23.606629724493118	51.22	3.0	1.0	1.9562199999999998	0.5612105378625489	0.9840467275603354	0.002247364275162205	3.731151031879904	0.9323672441454677	0.7302966560248916	2174.2010596153245	3.269228397217088	0.22146202193777512	inactive
13.294348623708743	0.05441940665154954	0.05441940665154954	0.5217439466670154	10.75	370.45200000000006	0.9285714285714286	3.1555176367583604	1.6371584456308825	1068.6792481942628	-3.529999999999999	4488660.727936032	3.762227320836663	96.18651844500803	18.000955791576246	45.33	2.0	4.0	4.9524000000000035	0.22602957060631937	0.9135457735547563	0.00032254128516806134	5.507776742342902	0.7762657775927774	1.2663972698837793	4593.281121235528	4.175441095343214	0.3294951647817534	inactive
12.440423171827995	0.11203984525909161	-3.35835325240745	0.598309706973583	11.310344827586206	449.35900000000015	1.103448275862069	2.6189901742967767	1.8688363714570935	1194.280640473736	-2.4099999999999993	2070919.3385020387	5.35050916013248	76.03042623333407	25.564724418139058	76.13	4.0	3.0	4.948520000000003	0.28170180024445907	0.9350077318617172	0.00028812602134411667	8.021830630037451	0.8525416736387416	1.2160219857648384	7113.388903422862	4.526750329944416	0.30341890090584345	inactive
12.265677437641724	0.2862248834719072	-0.6589758125472418	0.9099840450709098	11.95	290.75	1.45	2.422042246707203	2.199989240833032	616.3274380634631	-1.9099999999999997	33802.02159504572	3.3461159748119558	58.87505878266952	22.604567609652335	62.22	3.0	2.0	2.758020000000001	0.3306120319965027	0.948730551907784	0.0008146254240250635	4.546410958482116	0.8549580377239149	0.9526892837544824	2838.7452527988285	3.520872224816679	0.3242300759855887	inactive
12.470492252456538	0.008003590325018628	-0.15748456790123444	0.814964915146824	9.952380952380953	299.76099999999997	1.4285714285714286	2.454567807985883	2.2464802521379528	693.9165987812479	-2.3799999999999994	54614.1337276859	3.803404753622124	58.87505878266952	17.43591465621129	56.99	3.0	2.0	3.1427000000000014	0.4120774968488372	0.9640171227512013	0.0009243922949066907	5.114416194433996	0.9556761153659215	1.136281967439716	3716.589270710004	3.7961127672188306	0.36767327633837926	inactive
13.056599741748553	0.0939002267573692	-0.4231681993785168	0.40601928460714215	12.32258064516129	428.9230000000002	1.064516129032258	3.322822229230029	1.4905191063861056	1368.229003614631	-3.5699999999999985	20706462.452625327	3.7998620857665393	100.96718918828766	20.442236419037275	62.71	3.0	5.0	5.1563000000000025	0.43205763905830974	0.9687407814426535	0.00041728494180575667	6.97044361447353	0.8710796667786148	1.1829126749226753	7329.928061878045	4.559294014126426	0.24095639335552954	inactive
12.387402249675047	0.12575887781650774	-0.5326669442431806	0.640120304006767	10.535714285714286	397.84200000000004	1.25	3.135697290728082	1.7712422789444235	1016.1903300427466	-3.1899999999999995	2332231.302530244	4.7467802753710195	64.56898677751798	28.566027311064516	95.28	5.0	3.0	3.4205200000000007	0.29861013091860583	0.9393494373204672	0.00027069367703742647	7.004798828508538	0.7715943409522202	1.073332594808545	6412.900544377572	4.6997202638420905	0.1931765707734362	inactive
12.68407608981413	0.09441400884402307	-0.6527774890498945	0.3476435366230671	11.36111111111111	506.9900000000003	1.1111111111111112	3.1666091483114154	1.4973119646236677	1425.0637454524103	-3.9099999999999997	91000398.73350781	6.199106350361914	82.76808798290283	32.36593387566704	95.33999999999999	7.0	4.0	5.936520000000005	0.16289468985150934	0.8740907426343029	0.00015679045030064602	8.04577422421606	0.7232253685420811	1.1671119722905976	6867.577302706945	4.548277357322925	0.262916433144206	inactive
12.547635181291717	0.010232391382734463	-0.47203759292402103	0.32525726943833067	10.794117647058824	478.9320000000002	1.1470588235294117	3.173862304981951	1.5053278021781937	1348.2860291815423	-3.8399999999999985	51704438.65176947	5.376135053972891	88.39785889862581	23.46734550276348	90.66	6.0	4.0	5.726520000000005	0.4088388914622665	0.964940500644066	0.00027715426828316624	8.131153846153845	0.8650956961273374	1.3051014486105994	10287.957803502943	5.139512718491986	0.24327995663948607	inactive
12.468137852105071	0.0637435043461827	-2.9489346703838324	0.459938391192486	10.6875	462.8800000000001	1.125	2.7355974631453255	1.6550718593831881	1095.3415807174035	-3.389999999999999	11238570.254318584	6.5523383182432475	76.57124441128974	24.612460878022347	69.68	5.0	3.0	5.413620000000003	0.5356410990620893	0.9818297811843347	0.0003204622811544005	8.188096511098678	0.8804141763033483	1.0221697410445387	12746.292492421324	5.689879347521666	0.14719084273317803	inactive
12.372043156039055	0.11902019295372424	-0.11902019295372424	0.7678296033477582	17.321428571428573	403.91000000000025	1.4285714285714286	2.6458388944234383	1.548180945624597	815.2328587337895	-2.1499999999999995	1966252.5285518838	5.923550730239069	52.80869171420791	54.743067515661046	63.69	5.0	3.0	3.3241200000000024	0.6917377426854924	0.9931293053545247	0.0007400014064486564	5.5048047337380135	0.9613072996376785	0.9332220170671784	10671.460812846348	5.3441755002573785	0.12447298979280724	inactive
13.176642451363772	0.00027691169060273246	-0.1525967130679433	0.6556240388994204	13.612903225806452	416.4850000000002	0.967741935483871	2.8401936787008686	1.5600477405467181	1005.2562818105625	-3.6499999999999995	16945549.792205427	5.289071691962129	72.81539525738059	64.38998678195797	91.32000000000001	6.0	4.0	1.5460999999999994	0.26972857364329894	0.9230199633091204	0.00018699457909871083	6.42864542823991	0.6690682472477185	0.7914770293089217	6222.012354952312	4.788469950986246	0.12987277050057164	inactive
11.992000661375663	0.10419312169312134	-0.17785210380448446	0.8051887283345213	10.65	286.72200000000004	1.2	2.8210023287744006	1.758973734797854	768.4647087584021	-2.399999999999999	58939.201655083554	2.6237975003156175	53.553569861434205	20.901049568452596	59.81	4.0	3.0	2.7234000000000007	0.3427683262250535	0.9517078864586908	0.0007961079822977225	5.179477978555257	0.8448587408884861	0.8893550973325183	2920.456284389402	3.6015975825172153	0.26567872318146657	inactive
12.440230326195472	0.1470999412338969	-0.16929855666424642	0.3541254540534289	10.71875	468.3400000000002	1.0625	3.2300147698181854	1.3906517982783437	1239.4853532080444	-3.349999999999999	21765919.648546696	5.661631708575208	93.92340778913176	16.04782150742416	77.25	5.0	4.0	6.112020000000004	0.42937531770153037	0.9671443595053526	0.00029810719785564044	8.537997006341064	0.9508963520746716	1.3199762938196742	11930.834337658636	5.434876991367095	0.25016516571241526	inactive
12.847698885109597	0.06947247417485469	-0.2857237339380203	0.7534186601945833	16.291666666666668	338.79400000000004	1.2083333333333333	2.611582360660766	1.6683265371901423	920.8887802860354	-2.589999999999999	482583.8580970603	2.694656456815806	65.44434142789574	17.49804021481163	51.22	3.0	4.0	4.393000000000003	0.35465760017885645	0.9534174977266324	0.0005382244745473109	5.742351950210027	0.7658014314229821	0.6139500855534294	3612.1016325932515	3.793648669135565	0.10558540117681675	inactive
12.40669874808004	0.15072968050601498	-0.15072968050601498	0.5168152712793326	10.827586206896552	405.8650000000001	1.206896551724138	3.1081587336937475	1.4437017359606201	1172.4159764691367	-3.3799999999999994	5521224.388977894	4.549582683789065	82.76808798290283	15.989840058599752	78.21000000000001	4.0	4.0	4.309020000000003	0.40600131790803506	0.9643824827055647	0.0003659205894962061	7.145139038652553	0.8183138326875674	1.0306936653324839	6918.438581474249	4.65762741308341	0.20147659603257925	inactive
13.23303162005543	0.049114701436129726	-0.2852088057445208	0.5351394462752286	12.071428571428571	390.51200000000006	1.1428571428571428	3.3629756252922434	1.6280105211474925	1067.5810519248726	-3.119999999999999	4271530.572123697	3.7730753760590923	82.81165221524488	29.662604656548503	50.160000000000004	5.0	4.0	4.260400000000003	0.19493086860794115	0.8721682492329951	0.00018699008429902042	5.7025109951132125	0.6080071996182831	1.075212853220708	4041.1694402827457	4.224626065503723	0.23506503431662343	inactive
12.556232993197279	0.05748456790123413	-0.25735544217687134	0.9227468239566763	16.761904761904763	302.761	1.4285714285714286	2.4853673622974095	1.8673762978306383	687.7272359089945	-2.0699999999999994	76345.51463505182	2.8537322338886435	52.80869171420791	17.49804021481163	51.22	3.0	3.0	3.5482200000000015	0.43255499702144434	0.9685864636212649	0.000767890776185974	4.714077940461433	0.8040252043926329	0.6196640007749497	3385.354969792353	3.778029012069685	0.11204963716033854	inactive
13.510968168335594	0.09976752120601295	-0.385770292684976	0.4557308853568709	14.878787878787879	460.96500000000026	1.0303030303030303	3.2589220855950045	1.4239980318280618	1248.63912222717	-3.3499999999999983	62436775.73973072	4.868352255496759	95.2732611934392	41.870537432045104	59.39	5.0	5.0	4.622900000000003	0.2776875902675168	0.9313066252980957	0.00018745403201626216	7.075186910080391	0.7350827854694046	1.1757730495576448	7913.975054901164	4.951302378555463	0.21694889387413188	inactive
13.452184357749836	0.04608460359452393	-0.04608460359452393	0.46983952580888816	14.09375	429.5280000000003	1.03125	3.4385353609352682	1.4094823404422736	1204.5585689150955	-3.679999999999999	41632905.885151826	4.208540154811327	66.48807518261603	43.77104712372397	72.08000000000001	7.0	5.0	3.3885000000000014	0.31759760925535674	0.9449978509113744	0.0002669756197322108	6.006927002317568	0.7870110667489475	1.0198361685972264	7093.175135219755	4.70956368535734	0.1774657101866291	inactive
12.821046390778534	0.1400215996892582	-0.39234223223265396	0.781681513953551	14.115384615384615	348.38200000000006	1.1538461538461537	2.630009048583494	1.495755787523391	1021.9851843618053	-3.28	908781.2166746863	2.8990303973694447	70.51455918697532	37.048240642452626	72.74000000000001	4.0	4.0	2.1022999999999996	0.39533476780222265	0.9615559376889852	0.0006527907089352025	5.607479083814575	0.9303135158652335	1.140656257802901	4828.02723855888	4.052509283854313	0.3151995532260589	inactive
11.999500661375661	0.16164840010078074	-0.16164840010078074	0.8048553453031838	10.65	286.722	1.2	2.8210023287744006	1.7589737347978533	768.4647087584021	-2.4	58939.201655083554	2.6237975003156175	59.24749785628266	20.505237952215374	59.290000000000006	4.0	3.0	2.5639000000000003	0.4781764256611061	0.975030790993504	0.0011074747443018656	5.179477978555257	0.911699238533625	0.7308383862386711	3379.7145812717627	3.714004329598076	0.22421560908554036	inactive
11.992425831443688	0.16859284454522516	-0.16859284454522516	0.8022492207594811	10.65	285.714	1.35	2.8210023287744006	1.7589737347978533	768.4647087584021	-2.4	58939.201655083554	2.6237975003156175	53.31160729097252	15.98984005859975	68.98	3.0	3.0	2.4216000000000006	0.5124152550415043	0.9791581282069419	0.0011654662004854093	5.5353542731921115	0.9170788704421731	0.7500078705919608	3553.0808054120935	3.791443844761892	0.20498909385138692	inactive
12.097363315696649	0.18677340534979403	-0.18677340534979403	0.7972891299964826	10.636363636363637	316.744	1.3181818181818181	2.889847616804359	1.7641760826264659	829.123912283389	-2.53	145012.55341124276	3.0419064275067496	53.05065428466959	18.173640527754483	64.36	4.0	3.0	3.671000000000002	0.5944134003906069	0.9868345257391427	0.0010475313535963603	5.590069090489504	0.9443929307907115	0.917546381464155	5264.284125270568	4.304931900970081	0.1836896625684256	inactive
12.056341647770218	0.10854938271604908	-0.10854938271604908	0.8041636551317588	10.65	284.726	1.25	2.8768354939067122	1.7746352324759036	766.4094312309174	-2.3299999999999996	60410.66853654705	2.6504706869318633	59.24749785628266	11.005861537652542	56.09	2.0	3.0	3.026600000000001	0.4856479809999368	0.9760748216885028	0.001192530722059821	5.2201165206274105	0.9028597522321277	0.7270132850515482	3143.704572703914	3.600644677145004	0.23276625627274272	inactive
13.013268613000754	0.12030244813975055	-0.40456587168843616	0.7121550391134984	16.48148148148148	363.3930000000001	1.1111111111111112	3.1538682485359413	1.5416474779038807	1043.531096176811	-3.28	2419436.411104122	3.379993158314061	70.51455918697532	37.11036620105297	69.94	4.0	4.0	2.4593000000000007	0.35625886424621067	0.9544067981852848	0.0005523037511717259	5.857588991227363	0.8849009308527167	1.1435836305947453	4749.564422163904	4.015539814204319	0.3043586428557055	inactive
13.128699058327033	0.0999815759637186	-0.33243669690098354	0.5469430007604432	12.037037037037036	376.46100000000007	1.1851851851851851	3.363874798401199	1.6278885041076185	1038.9368895026873	-3.1199999999999988	3021916.741894927	3.706099491799177	76.48433214048032	18.115659078930076	65.32	4.0	4.0	4.227100000000003	0.16394668542832938	0.8811085134585473	0.00033327818394999223	6.2064129181084216	0.8145720930283328	1.2860633366886236	4209.881439670892	3.9625469437382703	0.41531733611198607	inactive
13.200531620055429	0.095410997732426	-0.31770880574452054	0.5427141831370953	12.071428571428571	391.50000000000006	1.1428571428571428	3.3629756252922434	1.6280105211474925	1069.8402411821023	-3.189999999999999	4271530.572123697	3.7472324332784757	76.61480864363179	34.600581917569755	62.53	6.0	4.0	3.8218000000000023	0.19747305294456763	0.8775530701234034	0.00019781726614821304	5.903749744219745	0.6198604949579963	1.0466700752077922	4050.9199470327244	4.185914582048411	0.22623366608299283	inactive
12.654043839758124	0.07057539682539637	-0.254689783320736	0.7656902630513186	16.291666666666668	338.79400000000004	1.2083333333333333	2.6107898775346605	1.563204010328289	920.8887802860354	-2.589999999999999	475372.620901511	2.807132724800696	65.44434142789574	17.49804021481163	51.22	3.0	4.0	4.078000000000003	0.5966382668710556	0.9870750422833288	0.0010266864551456225	5.742351950210027	0.9352304684959715	0.9038919620883606	5315.911741338143	4.192657804842194	0.21165193303432206	inactive
12.654043839758124	0.07057539682539637	-0.254689783320736	0.7656902630513186	16.291666666666668	338.79400000000004	1.2083333333333333	2.6107898775346605	1.563204010328289	920.8887802860354	-2.589999999999999	475372.620901511	2.807132724800696	65.44434142789574	17.49804021481163	51.22	3.0	4.0	4.078000000000003	0.6879456240590069	0.9930482257765479	0.0011676146783423907	5.742351950210027	0.9111824630866725	0.4724095465032245	6040.938661973536	4.455495464192413	0.06509396597595148	inactive
12.258522499309384	0.1493661291677162	-0.1493661291677162	0.7344481109033393	10.48	355.80500000000006	1.32	3.0791898796560693	1.6506807782411734	865.2724422901675	-2.86	635532.474401494	4.806557184383805	71.02678335543399	15.875136771245923	78.21000000000001	4.0	3.0	3.155820000000001	0.4896689314190582	0.9766934290289576	0.0005903972189088097	6.140911607579748	0.8385750741481931	0.6524776811012613	5549.204698585195	4.369588142379319	0.10634751298047074	inactive
12.793268613000755	0.10178392962123195	-0.40796723223265396	0.7211377299756946	14.115384615384615	349.36600000000004	1.0769230769230769	2.630009048583494	1.495755787523391	1021.4949593661322	-3.28	908781.2166746863	2.8990303973694447	70.51455918697532	37.11036620105297	69.94	4.0	4.0	2.0692	0.5333075757245594	0.9813531488761974	0.0007431851183945067	5.873074106804696	0.9259567245572744	0.8589717936910065	6002.064785694813	4.432820020183867	0.16755814825762394	inactive
11.65204081632653	0.273703703703704	-1.390214763374485	0.6598227067791695	14.058823529411764	232.21499999999995	1.3529411764705883	2.5351592355355566	2.4685015971193924	521.2369557174314	-2.17	7640.969935904168	1.79576665863494	29.32600418877882	24.20448636958087	77.51	4.0	2.0	-0.47180000000000044	0.35734324277121193	0.9545042699379099	0.0012565105008310626	4.251446310033037	0.7867501059443236	0.6144785429352532	1651.9765064525398	3.070230221257182	0.1603926267858109	inactive
11.892710695389267	0.38842309145880516	-0.3938425925925919	0.8038008928464453	14.411764705882353	296.16400000000004	1.2941176470588236	2.5097457361656557	2.4828378485865037	496.43798401366377	-1.1600000000000001	7453.944836411997	2.0156153437528417	27.732356636149625	18.23518108162902	37.38	2.0	2.0	3.086920000000002	0.536481568166278	0.9819025446777492	0.0013252649864692197	3.667703674544656	0.8557808635336789	0.612947152709335	2917.9141722609825	3.4311389648325883	0.1743831618143478	inactive
11.847158919123206	0.3980961829176113	-0.4039351851851849	0.8040209685663092	14.705882352941176	296.16400000000004	1.2941176470588236	2.5002413407956983	2.3136297327922764	482.3078483779883	-1.1600000000000001	7203.195302832407	2.2685985570610687	28.23527221291424	18.23518108162902	37.38	2.0	2.0	3.0245000000000015	0.5641107357315738	0.9844866640715453	0.0014934560393739238	3.667703674544656	0.9016784561134258	0.7900591433553317	3102.6604666593603	3.4737040154892784	0.2914854077943256	inactive
12.021413926681785	0.3368509070294783	-0.48726568405139825	0.791987996406769	14.105263157894736	337.19800000000004	1.368421052631579	2.880836494839528	1.9930726840066249	695.701705834512	-1.5299999999999996	31190.816729627568	2.10554366658772	44.31688667508138	16.674403196663654	50.27	4.0	3.0	2.9435200000000012	0.41348707531639606	0.9656623285371762	0.0006987499069333514	5.846624054381462	0.8183927136337945	0.828729416084906	3689.452023561687	3.7272242096271944	0.2492137616556659	inactive
12.054293745275888	0.08808437263794433	-0.7040452569916849	0.4912738853033154	13.428571428571429	282.25500000000005	1.0476190476190477	2.7294801647434532	2.0035500167350544	755.5238638447905	-3.0199999999999996	80432.32149466008	2.162103322415152	69.77215779985245	16.613735724534116	80.52	4.0	3.0	2.3243	0.3855967499866845	0.9606680163748056	0.000873031524734321	5.767688568006868	0.818053467067772	0.8298670834304108	2760.314050170173	3.539342726767775	0.2299534054283281	inactive
11.536111111111111	0.0414814814814819	-1.5255992798353912	0.37948118814280285	13.666666666666666	249.158	1.3333333333333333	2.535106959571077	2.505352315075206	594.0307428287849	-2.7699999999999996	10814.766289530215	1.688880650382024	33.8768709658474	29.127797418398536	120.65	6.0	2.0	-1.1259999999999997	0.3968234898979494	0.9624037168173348	0.0011683631316272963	6.842419790957837	0.7902002111984036	0.4042675088354497	1967.568240542703	3.20973836798985	0.11701882832371527	inactive
12.088419784580498	0.1853521038044843	-0.1853521038044843	0.7247632005918992	10.761904761904763	364.61	1.380952380952381	2.829377489535247	1.805191079820616	817.594151801561	-1.92	84915.27721593184	3.0609864341471025	51.717959738343325	15.98984005859975	68.98	3.0	3.0	3.1841000000000017	0.27097224039200357	0.9306377946930079	0.0005584709519173916	6.8931790402897235	0.7703130129133571	0.5468052121152494	2903.501347175829	3.322956265372205	0.20796186511430514	inactive
13.058115551776265	0.04990950701268071	-0.3181311413454275	0.7306156950111535	19.12	352.821	1.24	2.6139111581389836	1.7030054243454995	952.083947772685	-2.5899999999999994	694589.3842299558	2.936563650369314	65.44434142789574	17.49804021481163	51.22	3.0	4.0	4.639000000000003	0.35527581246225065	0.9543625838497133	0.0005451495880435795	5.711348303724418	0.8066198229935206	0.9170707589344489	3996.3084333975653	3.8446496194105957	0.22569016558809904	inactive
13.058115551776265	0.04990950701268071	-0.3181311413454275	0.7306156950111535	19.12	352.821	1.24	2.6139111581389836	1.7030054243454995	952.083947772685	-2.5899999999999994	694589.3842299558	2.936563650369314	65.44434142789574	17.49804021481163	51.22	3.0	4.0	4.639000000000003	0.34399792509799587	0.9513186172030298	0.0004995922352379355	5.711348303724418	0.7778933453048708	0.8159282181687153	3929.8763470083795	3.8646042422614117	0.17774934835700973	inactive
12.47773864638448	0.17209860796170307	-0.17209860796170307	0.8056480214552353	10.818181818181818	315.76	1.3181818181818181	2.83793989930717	1.972975951235687	857.7182457590154	-2.5299999999999994	131751.35982533536	2.6273357866595286	53.05065428466959	22.79746201407526	70.14	5.0	3.0	3.163400000000001	0.5283508006384394	0.9810911202277337	0.0008694066226330849	5.279312443661018	0.8752248345304459	0.7955378530276174	4552.303353273225	4.127798247965926	0.17064034348174903	inactive
12.13605261085916	0.17417910682791637	-0.17417910682791637	0.8035865089418586	10.636363636363637	314.752	1.3181818181818181	2.890566690320517	1.7882571307956567	829.123912283389	-2.5299999999999994	145355.0365894575	3.0419064275067496	53.05065428466959	18.115659078930076	65.32	3.0	3.0	3.0352000000000015	0.5413112805965505	0.9823822722208148	0.0008853983720523638	5.590069090489504	0.8868691280949907	0.872939398850206	4753.480376534187	4.201991868595866	0.19080053924317272	inactive
12.86432775888133	0.1920650667674475	-0.38479436990845683	0.7669613340538045	16.12	353.785	1.2	2.6055863546511127	1.7054617238243428	1028.5980955768239	-2.789999999999999	672551.3442761905	2.9845980202360067	69.47082543225503	12.514061693864424	69.5	3.0	4.0	3.315400000000002	0.4675622263971283	0.9739194088801325	0.00067860337051594	6.498845478615823	0.8621725632310586	0.9584250001317927	4827.79655185406	4.066013692317904	0.2604232494360163	inactive
12.892128684807256	0.09628086419753057	-0.3101596749811042	0.7761789800014064	16.5	342.786	1.4166666666666667	3.0528959574412577	1.6920002888063566	937.4852841535718	-2.599999999999999	528471.5547128689	2.486057321079805	52.939168217359374	27.112119916728293	68.52	5.0	4.0	3.195920000000001	0.25878187943946296	0.9260662974924494	0.0006038866954453431	5.7369579221314675	0.9009252845266595	1.2092179697311571	3561.7648676468043	3.624647962708165	0.5104692042471032	inactive
12.749165721844292	0.09044753086419721	-0.2957152305366597	0.7839928875931386	16.652173913043477	326.763	1.3478260869565217	3.035742723451677	1.658205165591883	890.4307941380102	-2.5299999999999994	360157.48096758354	2.5293313213931614	53.181130787821054	17.61274350216546	65.32000000000001	3.0	4.0	3.350200000000002	0.4202037226829148	0.9668940985136016	0.0007211423895685915	5.834158438158733	0.8541106341658672	1.004319123674775	3964.2773924204453	3.870450544236399	0.26025858532860263	inactive
12.229968505920887	0.12709152179390237	-0.12709152179390237	0.7991496048578406	10.521739130434783	325.779	1.3043478260869565	3.030943004654437	1.7738923832460576	830.3695862717941	-2.6599999999999997	246109.54103493562	3.7573871420378273	65.20237885743407	15.875136771245923	68.98	3.0	3.0	3.2438200000000013	0.4686924191556249	0.9739576295212519	0.0006651221305429443	5.760949153548595	0.8902240293818099	1.0700211835712001	5255.185585662989	4.379490160989674	0.22540184983166514	inactive
12.41507416855631	0.2939567848744433	-0.4203732224065011	0.6730907718743108	10.44	336.37100000000004	1.08	2.642008004386403	1.6462051333496743	949.7972244085136	-3.28	583355.3673685178	3.7987536757658518	70.51455918697532	26.10649008245419	81.53	4.0	3.0	2.0077	0.28296763562294536	0.9354723756752261	0.0005906180819531569	5.357358677537047	0.8449678652659722	1.0435906090395812	3420.639605698351	3.6371353136254023	0.432252370443721	inactive
13.2369034234064	0.05669170445956162	-0.3437329931972797	0.5380246133540831	12.071428571428571	374.4440000000001	1.2142857142857142	3.321814424202646	1.6342488888542979	1095.1426719205622	-3.539999999999999	4165435.702630847	3.619189125602228	78.24837024592611	27.78144053502247	71.94	4.0	4.0	3.8750000000000018	0.24753386641404218	0.9206706571972516	0.0003089591659287609	5.503059952460288	0.7395678248983315	1.071344174058755	4535.357798134281	4.176271948163089	0.24454958977293167	inactive
11.232012130469471	0.007293608801545615	-0.03763411228688951	0.8023231699447707	10.5625	217.248	1.5	2.604955282005564	2.174276685715817	516.7131593863584	-1.9699999999999998	5624.098453850013	2.1600724407208274	29.9593962686949	17.43591465621129	67.95	2.0	2.0	0.9200999999999999	0.13912260590324765	0.8561624493337028	0.0010277377919959958	3.0317983127755816	0.7319956144572365	0.878217169974157	1008.9984537925203	2.670939847010129	0.3422442947766232	inactive
12.103725907029478	0.16451877047115127	-0.16451877047115127	0.803523759489673	11.0	302.74500000000006	1.4761904761904763	2.9298866889513295	1.8030424129801195	819.9937487692716	-2.3399999999999994	78846.18068636923	2.619627048921521	40.54548107413322	20.786346281098766	73.91	4.0	3.0	2.068519999999999	0.5853000970493373	0.9860834866418028	0.0012297420739203705	5.136470694149208	0.944238886310894	1.018608201434262	4360.996730310657	4.012269330886506	0.28188107811435736	inactive
12.781243858654571	0.1672502519526322	-0.35217876039304685	0.65901075992156	16.5	406.6470000000002	1.4166666666666667	2.981967752993456	1.6679354619941371	942.9721524548276	-2.119999999999999	505777.51452072605	2.6328154943886286	45.651592669881715	22.59672202311267	78.21000000000001	4.0	4.0	3.5077000000000016	0.38704346608304924	0.9610348642273567	0.0005496063614105326	7.409747989396093	0.8365461624028279	1.0387293218312024	4606.248007566385	3.782264779362427	0.28495323986409693	inactive
13.98940759637188	0.08885837140819985	-1.1035220353573532	0.27274753252359635	12.05	543.6390000000002	1.075	3.4666141132219863	1.7811008695147914	1460.521290292709	-4.459999999999999	795781417.651333	6.391744091243752	113.15179505018966	30.452891926840326	84.67	5.0	4.0	6.175220000000007	0.05623355755184954	0.7486621138024839	0.00014180611098034288	8.05762381045446	0.8072940230153838	1.6872815269481156	6932.447638171176	4.416998112190716	0.5451924390686709	inactive
13.901114928900597	0.044230307015230785	-0.9059294427647611	0.46823038631235464	16.27027027027027	502.6340000000002	1.135135135135135	3.420894717388939	1.6656264145048525	1202.2559520561751	-3.5799999999999987	221547596.15236405	6.600151942498009	95.56493314397915	35.92969162062333	74.33000000000001	4.0	4.0	4.703400000000003	0.1654905270600458	0.881932401097256	0.00019000396138115188	6.8864083968989735	0.8049683750288213	1.3365810386312675	7234.817925299647	4.511307572425591	0.38193303418554814	inactive
14.109838435374147	0.0979593057568553	-1.118799813135131	0.24330642869463748	12.317073170731707	552.6500000000003	1.0	3.5983771735883243	1.5950727115902794	1667.214239560876	-4.719999999999999	1824594237.939865	5.914633269266539	119.59060119226443	28.13960060806181	80.37	5.0	5.0	6.349900000000006	0.1232055851361476	0.8490708152095442	0.00014749919372067437	8.409177313552373	0.8258357785582896	1.548483879552149	8752.545099190484	4.751098863649481	0.44599827441313356	inactive
13.98001984126984	0.0845180936304224	-1.1546331464684647	0.26350760391416633	12.3	537.6150000000002	1.0	3.6181444416346378	1.5670171994482134	1618.2617656141333	-4.719999999999999	1268234319.7667937	5.659117819005397	119.59060119226444	23.457797672916623	89.54	4.0	5.0	5.968600000000006	0.2940491717020673	0.9352682836579977	0.0002640526061907915	8.637626980782874	0.9620045098822814	1.573438844288257	9902.266422654393	4.708603268422569	0.4094554533034551	inactive
14.006130952380952	0.09441527963707186	-1.0747720353573536	0.2265256614585019	12.3	538.6190000000003	0.925	3.6181444416346378	1.5670171994482134	1614.5516471774679	-4.649999999999999	1268234319.7667937	5.685470450081431	125.72328768475202	18.359115864615585	75.69	4.0	5.0	7.209400000000007	0.040489854733265926	0.7107385188620303	0.00013649282959080593	8.427809248003056	0.8492263994707209	1.6711340674333097	7511.038980523393	4.5780533489130795	0.6094488237574862	inactive
13.93518900297467	0.07390145026591943	-0.9885541593180485	0.3319370053099737	12.0	510.6130000000002	0.9210526315789473	2.9167066099597463	1.7135665421380244	1370.6671477544894	-4.389999999999999	292153387.6067494	6.47931781874262	125.65480591582553	28.327072906510004	75.19	4.0	4.0	5.660200000000005	0.07657827882057579	0.7866541362881819	0.00015134983145829062	7.818946439970263	0.7839974434029587	1.4351224132340583	6577.8655602680265	4.441766406080758	0.46892692876178343	inactive
13.96296678075245	0.0656369874560021	-0.9681459960527425	0.30474271654486407	12.0	509.6250000000002	0.9210526315789473	2.9167066099597463	1.7135665421380244	1367.4923458743192	-4.3199999999999985	292153387.6067494	6.509912982244352	131.46021997798422	23.343094385562793	62.300000000000004	3.0	4.0	6.265200000000006	0.15164588723779227	0.872377816619533	0.00020209467427158745	7.625627828739225	0.8082707638828083	1.4534976331674716	6613.007917931478	4.294088192188174	0.44390578487013826	inactive
14.12170827735109	0.1056203437461769	-1.0556129272696733	0.2943808943299932	11.775	534.6350000000002	1.0	2.953389504990641	1.7496893832857356	1522.8330871310095	-4.829999999999998	708969089.3839928	6.777252425481804	130.9573044012196	23.343094385562793	86.09	4.0	4.0	6.136880000000006	0.03275740156414585	0.677694093394509	0.00015509629103508993	8.582756167121634	0.8304900036914662	1.7800387896396195	6047.514056573843	4.180149563424272	0.7068101715220266	inactive
13.984077891863562	0.07693864034856435	-1.0008368501721676	0.3596986587301411	12.131578947368421	513.6170000000002	1.0263157894736843	3.3246578426674893	1.7204211646470307	1394.1777429686658	-4.329999999999998	304296091.352141	6.137393856526645	113.78302478520523	32.894172554301356	80.12	5.0	4.0	4.998700000000005	0.3710473138948651	0.9571436068250871	0.00028725591985672084	7.620918032392657	0.909965065340669	1.3880883732089488	9953.167114597358	4.839531914432714	0.3062258340762322	inactive
13.497547688430904	0.07495180852797145	-4.540040492200416	0.2839846731347816	12.216216216216216	531.5310000000003	1.1081081081081081	3.565950300481022	1.6357975354961376	1340.6230003262388	-3.989999999999999	227499070.88996804	6.61604117654794	111.77918645419825	28.24300411641327	75.44	5.0	4.0	5.636600000000004	0.22098127815229945	0.9118777672198168	0.00019462167775896412	10.406742066595838	0.7951287155580163	1.3115002813684504	7914.2698869164915	4.544329990919265	0.3921502086050981	inactive
13.733301523445823	0.037307637114635694	-0.8756222442680783	0.4568541474606944	23.055555555555557	491.5630000000002	1.2222222222222223	3.320886094493386	1.3960077798435315	1194.5234484560272	-3.5199999999999987	163934559.07238203	4.906046111370076	89.89215792987243	46.995693297822456	84.67	5.0	5.0	4.313700000000003	0.1244090969232867	0.8438091206124845	0.00027876128437097467	7.2828849008270105	0.9414475533255107	1.538595962098166	5924.804040605139	3.9828409390594794	0.660936811586522	inactive
13.712463347897828	0.1979566171879934	-0.8723762020240196	0.34563031854742987	19.473684210526315	519.6610000000003	1.1842105263157894	3.4048900003356333	1.560617909411874	1196.0983586084164	-3.4799999999999986	319491451.9882935	7.301607329269314	89.89215792987243	34.78776052232585	75.44	4.0	4.0	6.208600000000007	0.12066329979080156	0.845576054343698	0.00021077063755745094	6.800719216819882	0.8801649519727227	1.6374169701703203	6884.854031783817	4.262463747951698	0.6198665872234754	inactive
14.089908242120117	0.08463071131676858	-1.039339464180735	0.2580988878897187	17.536585365853657	561.6040000000003	1.0	3.5275672544662	1.4558871927354342	1480.0586861887186	-4.3999999999999995	2468731242.2284546	6.674290572855778	125.28915230904607	34.28484494556123	75.44	4.0	5.0	6.360700000000006	0.08261475793942288	0.7957168032382392	0.00014407220611194248	9.306184946512694	0.7772463643063041	1.659070230207584	6923.121382827467	4.347061911234841	0.6249778948513748	inactive
13.746020328560462	0.06859178715104064	-1.082948528176703	0.36389451106390563	11.527777777777779	487.5310000000002	1.1111111111111112	3.426262070022974	1.7289195565669764	1325.9013144123046	-4.459999999999999	172731055.20630357	5.601515659814116	113.65471062695427	30.452891926840326	84.67	5.0	4.0	4.877720000000004	0.100225974508129	0.8247981314742721	0.0002188591075381852	8.026291365814703	0.8513045423830919	1.7292701397387293	5856.369860519049	4.129237762244131	0.5698215418284013	inactive
13.946907516769077	0.080515917914457	-1.3816748551272366	0.20473258393757304	11.717948717948717	525.5400000000002	1.0256410256410255	3.616898274899539	1.5126539056631905	1632.2889015276212	-5.249999999999999	949908496.8304722	5.54216116150826	119.85155419856734	39.13416236671199	134.32	6.0	5.0	4.260000000000003	0.25090293609478076	0.9244855107540632	0.0002169763215280283	9.493414905997476	0.8190515092815976	1.0982325592923168	8110.313093313086	4.552848258729746	0.22394460705205171	inactive
13.945903053676323	0.11892106533971636	-1.0211057670951258	0.23796187423891904	14.365853658536585	573.6900000000002	1.024390243902439	3.5495305825433805	1.4340362656571184	1427.9107007507698	-3.9499999999999997	3075026665.021983	7.622358585750361	119.7210776954159	41.8067963445708	84.67	6.0	5.0	5.972900000000006	0.2344226991102898	0.9180106604739176	0.00019422154296081532	9.023152758862524	0.83806318540636	1.3532116668081071	9119.098868714616	4.603473799196298	0.3992587256563567	inactive
14.262689002974671	0.09022010822599191	-1.0286032900814648	0.27203394346784615	11.925	539.6510000000002	0.975	2.9526041500568265	1.7582737540128737	1450.0152452893951	-4.519999999999999	718952921.8805387	6.723278803561249	125.39385290952261	30.452891926840326	71.53	4.0	4.0	6.273800000000007	0.23564576783964303	0.9175920351460172	0.00021272414046459145	8.029375271065112	0.8850507086068979	1.366328347286978	9263.110135166888	4.704736336439964	0.3596313261207968	inactive
14.336022336308005	0.11940743604968329	-1.0933236226589405	0.24200121768339736	11.926829268292684	551.6620000000001	0.9024390243902439	2.9528489474133957	1.7827169804972829	1529.1068648611736	-4.649999999999999	1014786132.5773003	7.112448731869887	130.9573044012196	29.126339331927735	79.37	4.0	4.0	6.467800000000007	0.08352664607868898	0.7872563965361469	0.0001303698891051918	8.44273222436433	0.7355240019799649	1.507218297320712	6729.684700755379	4.416516823103296	0.4964773717194281	inactive
13.816241416995835	0.0014445788729839926	-1.1500961356764925	0.28357181901598955	11.461538461538462	533.5560000000003	1.1025641025641026	3.4989734899553815	1.7278394685059548	1381.0604519506223	-4.699999999999999	780288485.1562421	6.793075467101439	108.09125913525726	48.773183250706865	114.13000000000001	7.0	4.0	3.9404000000000026	0.1453969189427028	0.8676546173995568	0.00019868302389186964	8.919822752334026	0.8584174722184381	1.7016723083947656	7459.911173959596	4.379877198560251	0.5396341989287674	inactive
15.099521295380228	0.013385215444440712	-1.717608563040561	0.2682221043175543	13.073170731707316	561.5850000000003	1.048780487804878	3.518918534932311	1.7563112960811427	1496.6561675992498	-4.8599999999999985	1595717653.9823923	6.657037760132321	125.53829853646178	47.86686335155523	101.74	6.0	4.0	4.626100000000004	0.16029058661499646	0.8783339664836297	0.0001835101350905879	9.611416649486904	0.801466921808627	1.5025203590023937	7322.174419486246	4.3060162187467785	0.4549995421411573	inactive
13.661092607472025	0.06699739939593852	-1.0786023452590918	0.38503517505620116	11.485714285714286	473.5040000000002	1.0857142857142856	3.424492745632744	1.7076192516725224	1278.6079877627571	-4.459999999999999	122409027.41351075	5.549373319744159	114.15762620371888	30.452891926840326	84.67	5.0	4.0	4.569300000000004	0.2372775287091003	0.9191034990997251	0.00025229522968842614	8.049155167208339	0.8470348947005286	1.2504940374789633	7217.378769917488	4.490432290028313	0.35440737406672657	inactive
13.789261187403998	0.02898706729629219	-4.606128455163379	0.23411920885041232	12.275	553.5560000000004	1.025	3.4605552819649104	1.7778488867708324	1454.8177042040895	-4.47	765368284.794617	6.5625488324965975	119.21816211865125	23.343094385562793	75.44	4.0	4.0	6.702900000000005	0.3097543389947233	0.9428178322211797	0.0002153400419564079	9.865248475442662	0.8853624632609106	1.4146266522721451	10921.217816455657	4.971937372045164	0.36342085548009895	inactive
13.930950283356973	0.008221197018511539	-4.5292122943483895	0.16341997453910376	11.717391304347826	628.5820000000003	1.0	3.592202177198202	1.4961294588203062	1855.343639311608	-5.959999999999999	20670411101.018074	7.3894204273887825	143.4836303924977	23.343094385562793	108.46000000000001	6.0	5.0	7.243480000000005	0.23458290693537684	0.917479187907913	0.00012110339823207647	13.182114418291826	0.784912693199346	1.321077975287357	12789.079843685518	5.31875124409706	0.3108233697686169	inactive
13.491527481531577	0.13646499198853146	-0.9453559355841115	0.39997682437730586	11.558823529411764	457.5050000000002	0.9705882352941176	3.3972186071929076	1.614517224616391	1214.3857772781043	-4.26	78942880.97351962	5.748590571099898	125.78744476387752	28.24300411641327	75.44	4.0	4.0	4.556300000000004	0.18426355814663278	0.8936796645360263	0.000266494883818036	7.630198369424429	0.8194683835256668	1.2496658058768866	5615.831934363945	4.121603458510674	0.3602138279425551	inactive
13.839488977191923	0.06638987860984669	-1.0425879209708586	0.30487751773286803	17.205128205128204	533.5500000000002	0.9743589743589743	3.421053781062704	1.4083621073511878	1420.1051935557769	-4.3999999999999995	639870012.8928728	6.028868172703032	125.28915230904607	34.28484494556123	75.44	4.0	5.0	5.580500000000005	0.07190477248759954	0.7531376423121768	0.0001297000841971289	9.36029675353929	0.7135983766490825	1.5080881357414107	5968.04384647162	4.311163973590535	0.6079503079798428	inactive
12.326742252456537	0.17873456790123443	-0.17873456790123443	0.7854975701814862	10.85	286.72200000000004	1.3	2.769526332693567	1.969665482215859	796.7231692677504	-2.399999999999999	53435.24106298968	2.231802196032109	53.18113078782106	20.671642993744936	73.8	5.0	3.0	2.5498000000000003	0.3238652649865477	0.947106237087602	0.0008208335005345942	5.179477978555257	0.8372502844296941	0.9044525450215578	2661.083355120177	3.4585889959896954	0.2802049154862155	inactive
13.761523690054535	0.12833923847316697	-0.4624485596707817	0.80827283237132	10.761904761904763	302.716	1.2857142857142858	2.829377489535247	1.805191079820616	815.5388742740762	-2.3999999999999995	84915.27721593184	2.8746650916803143	58.867875125715486	11.005861537652542	56.09	2.0	3.0	3.165700000000001	0.3541115521043515	0.9539334911259074	0.0008822562645133338	6.153120594643087	0.8844846683583735	0.789401118527557	2955.550122966073	3.4723031099918367	0.25844631554977654	inactive
13.066113142670961	0.17669446019148394	-0.38962596291194784	0.80827283237132	10.761904761904763	302.716	1.2857142857142858	2.8054837356965874	1.7709928574863252	815.5388742740762	-2.3999999999999995	82164.20216734595	3.0296061566319605	58.867875125715486	11.005861537652542	56.09	2.0	3.0	3.165700000000001	0.6401052074641536	0.9901524289241296	0.0012967070281107314	6.153120594643087	0.9488414093073707	0.889517322101699	4959.497350260191	4.246600282006071	0.2007153323191693	inactive
13.003651861890049	0.04799205999272127	-4.640064627607243	0.7446399526335812	11.88	368.7460000000001	1.32	2.8383621427234074	2.0921660202628645	981.405660304408	-2.6099999999999994	344523.2352459099	3.2967677292857456	52.175299634291825	20.671642993744936	73.8	5.0	3.0	3.8770200000000017	0.1924407642013824	0.8970115298658673	0.0003764141711072624	7.735912548109957	0.7746709633820781	0.8769858596052308	3606.943186474093	3.7409652252885524	0.23958135611325343	inactive
13.047453231292515	0.16232331821617563	0.16232331821617563	0.6072345977985925	11.192307692307692	367.5180000000001	1.0769230769230769	3.1385829322730734	1.7462449020957078	840.0981794487994	-2.2399999999999993	1123179.5653091066	4.8973254146767	64.61255100986001	47.8758344891792	36.44	4.0	3.0	3.819300000000003	0.28868675772418034	0.9372534363163799	0.0004361816913913801	4.776917324748925	0.8438630313127261	1.1667587196290201	4682.613330854181	4.068411161623624	0.30846662244511636	inactive
13.198375377928949	0.05513751539710521	-4.662040710478663	0.6496914123753622	16.678571428571427	410.7830000000002	1.3571428571428572	2.9679425591282134	1.875280130231525	1110.3842711174811	-2.8099999999999996	2021231.209560055	2.952393492950312	46.108932565830216	27.278524958257854	83.03	6.0	4.0	4.2006200000000025	0.35159695592869383	0.9533348963063312	0.00041231572854883423	8.280963176829435	0.791915979351507	0.8636978929753402	5037.833830412084	4.026539204181238	0.21230212484392127	inactive
13.484166595089214	0.0053968778869573075	0.0053968778869573075	0.45658819452243676	13.9375	425.5360000000003	0.875	3.2644919187556796	1.4114098880686667	1179.8140610379894	-3.6699999999999986	44837300.30133761	4.34837494696629	90.25062787969787	33.824157338748186	53.74000000000001	5.0	5.0	4.495500000000004	0.3802122059823874	0.9596855283287175	0.0003324635373281492	6.0114209598054185	0.8267391429470466	1.0325232381144582	7314.241575668362	4.680944620208425	0.18403686285227924	inactive
13.59276012135545	0.19141388294000783	-0.4738728269085417	0.7309627010515503	16.666666666666668	345.7610000000001	1.3333333333333333	2.8945830778509904	1.8372200889752837	969.8692132809183	-2.5999999999999988	439582.96453476284	2.3033230933243565	52.801508057253876	22.294546437310647	70.14	5.0	4.0	3.6175000000000024	0.3741619359946509	0.9580610819384013	0.0005478509941346177	6.366942148760334	0.7890786124505751	0.654616722338621	3966.033346429611	3.8841083807531147	0.12497822856453192	inactive
12.111252204585536	0.166773405349794	-0.166773405349794	0.8035865089418586	10.636363636363637	314.752	1.3181818181818181	2.889847616804359	1.7641760826264659	829.123912283389	-2.53	145012.55341124276	3.0419064275067496	53.05065428466959	18.115659078930076	65.32	3.0	3.0	3.0352000000000006	0.6022687403198104	0.9875315588153438	0.001057773446643619	5.590069090489504	0.9327754513722006	0.8726718607644753	5225.146336762841	4.312757084339617	0.16969677330203062	inactive
13.239951937475837	0.15697326152683289	-0.40033317438800853	0.80827283237132	10.761904761904763	302.716	1.2857142857142858	2.8096649860028595	1.785022978534662	815.5388742740762	-2.3999999999999995	82584.48293358205	3.0296061566319605	58.867875125715486	11.005861537652542	56.09	2.0	3.0	3.165700000000001	0.34304864010025676	0.9517230037101377	0.0007417504914235615	6.153120594643087	0.855515627865905	0.7927947779802774	3214.5400484051825	3.6634324569767474	0.2569609193453469	inactive
13.226063048586948	0.12865193093698402	-0.42033317438800855	0.7899361784276613	10.952380952380953	303.72400000000005	1.2857142857142858	2.7582257886188377	1.9844867713580618	844.0510544759709	-2.3999999999999986	74833.42387101769	2.598422674658449	58.867875125715486	15.687664472797728	60.91	4.0	3.0	3.2939000000000016	0.33467013880802965	0.9485139756167172	0.0006082102639463882	5.769844576189715	0.7574306887742325	0.7939209562535117	2978.0748461441835	3.664068249437319	0.20961297124436715	inactive
12.513332860922148	0.18312988158226218	-0.18312988158226218	0.8056480214552353	10.818181818181818	315.76000000000005	1.3181818181818181	2.836738634177653	1.9974518487655533	857.7182457590154	-2.5299999999999994	131505.52960320763	2.6273357866595286	53.05065428466959	22.79746201407526	70.14	5.0	3.0	3.163400000000001	0.4448553054188615	0.9706975793837485	0.000753559272018274	5.279312443661018	0.8700326338778909	0.5594988017999853	4180.150585712715	4.00691886678647	0.15530014811104012	inactive
12.012833994708995	0.14081506676744748	-0.14081506676744748	0.8041636551317588	10.65	284.726	1.2	2.8210023287744006	1.7589737347978533	766.4094312309174	-2.3299999999999996	58939.201655083554	2.6504706869318633	59.1170213531312	11.005861537652542	56.09	2.0	3.0	3.026600000000001	0.49674794590445537	0.9772593026968286	0.0011242342915389462	5.2201165206274105	0.922730784065447	0.7460321445243736	3571.572652902426	3.8092554149284545	0.2210984158482687	inactive
12.354520030234315	0.13873456790123462	-0.13873456790123462	0.7866026135180479	10.85	285.73400000000004	1.2	2.769526332693567	1.969665482215859	794.6678917402658	-2.3299999999999987	53435.24106298968	2.2551782794198814	59.1170213531312	15.687664472797728	60.91	4.0	3.0	3.1548000000000016	0.345870457048782	0.9521066810276411	0.0007836791845354859	4.895664212236049	0.7958611851333867	0.8352472562980429	2643.3038951656295	3.4949162244897547	0.23085937768422576	inactive
12.796377918886417	0.04367480788611733	-4.57550705855292	0.7651402349483007	11.72	367.7380000000001	1.32	2.8939671283233963	1.8558484253133085	952.1930906663832	-2.6099999999999994	381407.5037102537	3.736953189034681	52.175299634291825	15.98984005859975	68.98	3.0	3.0	3.748820000000002	0.4147714573775314	0.9659964895083724	0.000535361925268151	8.179269865091047	0.8473102314997066	0.9071444989254339	5186.616931625587	4.1865078957937705	0.24600073743197926	inactive
13.358434120893536	0.10445767195767197	-0.4451800411522633	0.7899361784276613	10.952380952380953	303.72400000000005	1.2857142857142858	2.7535895953735885	1.9989222321475582	844.0510544759709	-2.3999999999999986	74523.1488091908	2.598422674658449	58.867875125715486	15.687664472797728	60.91	4.0	3.0	3.2939000000000016	0.35818754806818043	0.9549951730444172	0.0007264092888215266	5.769844576189715	0.8065572478250959	0.9221812552928643	3019.1633752942066	3.600055787440257	0.3168927471545451	inactive
13.741523690054533	0.002355634640687887	-0.4936985596707817	0.7899361784276613	10.952380952380953	303.72400000000005	1.2857142857142858	2.7748192716084006	2.0079427050104575	844.0510544759709	-2.3999999999999986	76676.58093235493	2.4750000000000005	58.867875125715486	15.687664472797728	60.91	4.0	3.0	3.2939000000000016	0.4222020875718136	0.9670441666122955	0.0007912254870169796	5.769844576189715	0.812389986506496	0.7326992138422337	3276.0886869252686	3.7043421145252315	0.18179557612364103	inactive
13.00651171579743	0.11386778785588292	-0.3700755857898721	0.74385832075969	15.846153846153847	368.82000000000005	1.3076923076923077	2.6671524313606243	1.6902005361843662	984.7022793219063	-2.789999999999999	1200170.5853685164	2.9479117692606804	59.377974359434134	24.607837756089165	60.45	4.0	4.0	4.401600000000003	0.38079788871284975	0.9598301259750923	0.0005548361433753854	6.1320222910977495	0.8497485554600734	0.8900297717296195	4638.276944280035	3.9704009466729855	0.2170967056737868	inactive
13.144723639455782	0.10337112622826883	-0.3423497732426313	0.5944806569175756	12.222222222222221	358.42500000000007	1.1851851851851851	3.2680990595496295	1.6393727021871292	1077.3613784207396	-3.4099999999999993	2401909.0124103576	3.598304139264958	77.61497816601003	20.786346281098766	73.91	4.0	4.0	3.198920000000001	0.2623328008802545	0.9286202470161388	0.00042945039422919356	5.545937638511174	0.8174508399459771	1.1505583794298218	4193.71972059516	3.957548679137976	0.3271147436373459	inactive
12.726491402116402	0.08567617787855841	-0.42668603552532147	0.9014307866671774	21.26086956521739	327.771	1.2173913043478262	2.9715573270615865	1.577311651146921	806.1755309847493	-2.399999999999999	350801.25713160145	2.5704482717742896	58.614105776366586	12.514061693864424	63.05	4.0	4.0	4.118400000000003	0.32081937767573276	0.9460700374054799	0.0006718502909956262	5.597623358985967	0.8703318586002341	1.0525253183353536	3480.1900437558365	3.658526362008981	0.3360993742059309	inactive
12.804076278659611	0.14867155349794192	-0.3403255962878984	0.7784753368688251	16.16	356.78900000000004	1.36	3.025830824756136	1.6221044590694338	953.8893281425853	-2.7299999999999995	857944.0720513548	2.890852405441876	46.98428721620798	24.722541043442995	74.55000000000001	4.0	4.0	3.3588000000000013	0.464233658880113	0.9727768485004056	0.0007147634701071098	6.212865296694541	0.9376349701045998	1.1640233864903384	5307.586282070081	4.148380681813331	0.33289110607854416	inactive
11.985056216931216	0.1808150667674473	-0.1808150667674473	0.8022492207594811	10.65	285.714	1.3	2.8210023287744006	1.7589737347978533	768.4647087584021	-2.4	58939.201655083554	2.6237975003156175	53.18113078782106	15.98984005859975	68.98	3.0	3.0	2.4215999999999998	0.6293249817726547	0.9894697024232469	0.0014622845010477735	5.5353542731921115	0.9403770635317618	0.8703296746871401	4178.141960391451	4.026475484639743	0.1931221140399958	inactive
12.882322215923406	0.1758747480473677	-0.5378533635676497	0.7651581098808318	16.12	353.785	1.24	2.644956978817145	1.7033228711277975	968.7904750574078	-2.789999999999999	735350.9392507427	2.7644508977329565	59.37797435943413	17.49804021481163	74.28	4.0	4.0	3.4666000000000023	0.343350276947298	0.9518086184875622	0.0006223790746579481	6.498845478615823	0.8530638476778	1.0884444725345175	3812.455541601817	3.693425215627417	0.3418197410803575	inactive
13.155872543461829	0.08892668178382435	-0.31160903250189054	0.5878427109803857	12.037037037037036	356.4290000000001	1.0	3.10578072474822	1.6425129592633723	1054.5826395483175	-3.4699999999999993	2589376.352082884	3.7191225912511237	95.68360286824341	20.734644526923034	59.290000000000006	4.0	4.0	4.002720000000002	0.24995272518783238	0.9238178451611199	0.00041541947128602316	5.516685239987845	0.7953559142689997	1.1125148447101283	3977.6592875819897	3.9091219876353462	0.3110373326242908	inactive
13.284516695022788	0.14254728601725364	-0.8761023452590917	0.6827241193913665	11.642857142857142	381.40700000000004	1.2142857142857142	3.230476371245542	1.7268188252434307	929.0884580677421	-3.4799999999999986	2965189.6516388585	4.618490516840686	89.89215792987243	35.29067609909046	75.44	4.0	3.0	2.985900000000001	0.2077295516445369	0.8999442193013986	0.0002874757861392337	6.267808060069394	0.7077825356326978	1.0444582746818074	3996.7491987093595	3.9836857785684283	0.3097242137885028	inactive
13.330315593094411	0.16046395268392044	-0.8622134563702029	0.6345212081133808	11.655172413793103	395.434	1.206896551724138	3.267624895451583	1.7714559127476002	944.9559345202008	-3.4799999999999986	4992499.51376382	5.071027505408955	89.89215792987243	34.78776052232585	75.44	4.0	3.0	3.376000000000002	0.24732279670069765	0.9180197886193747	0.0003024603506050991	6.256916074443904	0.7054112542897485	0.9125365107916635	4148.9218889434405	3.9537134931563527	0.21598697325642088	inactive
13.450430532954432	0.06106168345078711	-0.3075029394473836	0.5374566351465373	10.7	399.45400000000006	0.9333333333333333	3.223786045575353	1.6897893372401258	1169.1651986115562	-3.999999999999999	11004870.786906213	4.048469387755102	84.42622338169795	26.932164080790667	80.12	5.0	4.0	4.454700000000003	0.23524057369187978	0.9066417111461075	0.00021202443559077152	6.5	0.6552816849626247	0.9104438330847691	4800.198060581497	4.364199240762168	0.15065252603174384	inactive
12.677880291005291	0.1627132149155952	-0.33989606953892726	0.7826706475606722	16.652173913043477	327.75100000000003	1.391304347826087	2.9715573270615865	1.6446361785774959	892.6725499414295	-2.599999999999999	350801.25713160145	2.5073184891742377	47.114763719359445	22.59672202311267	78.21000000000001	4.0	4.0	2.7452000000000014	0.24353603244363917	0.9199272462881526	0.0004931146192629776	6.126706884994737	0.7547754865718732	0.8535431265345089	2946.4761318908513	3.5756737459942873	0.24315980489992992	inactive
13.995849690516447	0.12793509070294795	-0.4692388143529016	0.7725153745186311	16.5	344.753	1.375	2.981967752993456	1.6679354619941371	940.7303966514083	-2.599999999999999	505777.51452072605	2.486057321079805	52.801508057253876	17.61274350216546	65.32000000000001	3.0	4.0	3.489300000000002	0.45481914150807173	0.9720559066972645	0.0007620982411882045	6.721579519381721	0.8865475602882907	1.0798888124852233	4393.276080768014	3.9045855769479942	0.30794218579598753	inactive
12.854501606198035	0.16905675233056128	-0.36746267951625167	0.7669613340538045	16.12	353.785	1.2	2.633811484670319	1.6962293527940588	1028.5980955768239	-2.789999999999999	713568.0102957909	2.8713624181600386	69.6013019354065	12.514061693864424	69.5	3.0	4.0	3.315400000000002	0.5192472211402086	0.9800761279459198	0.0007888571792432746	6.498845478615823	0.8930807876816741	0.970807883406413	5090.439675142119	4.104852709227616	0.26111140359122453	inactive
12.46947231670446	0.14896118536946457	-0.47573019022423835	0.7914064792268797	15.72	340.37899999999996	1.16	2.642008004386403	1.5558791041520335	775.5243388895044	-3.02	583355.3673685178	3.907396201630367	54.09438803938988	32.07579537040604	76.66	4.0	3.0	2.3162000000000003	0.1457119095939369	0.8675544724221954	0.000495734245630285	5.001821692898154	0.8690510413935099	1.3166539241470456	3063.277630684628	3.5003995266566954	0.4931151088562657	inactive
11.738588907785337	0.09702932098765471	-0.40617900709666555	0.7958180378622276	9.952380952380953	287.29499999999996	1.2380952380952381	2.513631534978376	1.819708014052941	666.4732353324796	-2.7600000000000002	64120.22682576339	4.102845329455489	58.51230155320356	26.168615641054533	78.72999999999999	4.0	2.0	0.8213999999999999	0.4329501713181368	0.9683962615066525	0.000961539345824594	4.624149270678661	0.9172760731111556	1.1002824722808071	3508.387659754882	3.7977239073509352	0.30546789827025084	inactive
12.334147035357352	0.19125547647042307	-0.1982283344161051	0.8446301040424784	14.954545454545455	316.76800000000003	1.0909090909090908	2.542408369978842	1.6650227159219129	735.9208195249171	-2.2699999999999996	129459.43419932263	3.143862094179761	63.53493486694488	36.98611508385228	54.720000000000006	3.0	3.0	1.6198	0.22760485101052713	0.9139417719862597	0.0005142488994835608	5.1305128927740995	0.7689221800980665	0.9700665653416046	2832.897401188616	3.556272229067024	0.3210487698502584	inactive
13.525639959687577	0.0949859740728245	-0.7944615562274298	0.6112539666467138	14.363636363636363	441.53100000000023	0.8787878787878788	3.1645509323288894	1.597560006762878	1145.5427665472962	-3.9299999999999984	37552080.34746212	4.647453220123757	107.18294492525055	48.16145902102243	69.72	3.0	4.0	3.371900000000002	0.18770473496656206	0.893788769569629	0.0002618863110923292	6.564413278854237	0.7639685209344775	1.2318751595951616	4969.20760586229	4.036896631658472	0.32505452521390343	inactive
13.163028155706726	0.13258844587217578	-0.7283219954648532	0.7738961838642422	13.962962962962964	357.4130000000001	1.0	2.995751754779981	1.6841004125942507	1001.2044332765779	-3.4699999999999993	2201026.7462649285	3.3139397145499356	95.18068729147879	21.698247710500695	62.300000000000004	3.0	4.0	3.7258200000000015	0.31857213860016403	0.9457358027530219	0.0004616911956482639	5.761678352656312	0.8310115248556839	1.1100903657032826	4603.242714129478	4.087402409477411	0.2639553725307668	inactive
13.14366969009826	0.13360260770975008	-0.720575869236584	0.7185463222472928	13.962962962962964	376.8430000000002	0.9259259259259259	3.0139691262427992	1.6713553742587166	986.7093207787412	-3.109999999999999	2258692.574959364	3.439587052186779	100.57575967883326	16.714269189553487	49.410000000000004	2.0	4.0	4.675800000000003	0.30265138068931724	0.9410433725324032	0.00035360650095887325	6.4979531146264975	0.793678424498403	1.2356066272916613	5266.049925552075	4.3322643051345295	0.3120075131770974	inactive
13.071319916855632	0.12561906861509997	-0.7043839758125479	0.7894582549306411	14.0	343.3860000000001	0.9615384615384616	3.0036432404191697	1.686445048135845	941.7396061213121	-3.469999999999999	1582607.6088038988	2.9489889893233676	95.81407937139487	21.6982477105007	62.300000000000004	3.0	4.0	3.4174000000000024	0.24437866005072462	0.921357460102044	0.0004132593622005436	5.773756789373557	0.7825948333765098	1.230755856758319	3812.575041975334	3.9246005492870872	0.3273923962854528	inactive
13.130544982224624	0.17249149659863905	-0.7813397581254728	0.7594255636906213	13.962962962962964	360.38800000000015	0.9259259259259259	3.0139691262427992	1.6713553742587166	986.7093207787412	-3.469999999999999	2258692.574959364	3.3139397145499356	101.37034720613784	16.714269189553487	49.410000000000004	2.0	4.0	4.161500000000003	0.308339556557642	0.9428782341830996	0.0004155559720314085	6.303285469133908	0.8111239317886788	1.2188761830895094	4752.490952371181	4.174993046423355	0.3026288864621583	inactive
13.005333679768203	0.022826908541193625	-3.3120815883617998	0.8886183138629591	22.32	364.51100000000014	1.2	3.1429512829231694	1.7434078853235164	731.0361420336967	-1.4000000000000001	569150.7619219909	4.060414232247795	29.32600418877882	51.65968125169262	66.48	4.0	3.0	2.1142000000000003	0.553309315155463	0.9831786098008878	0.0008444955707384453	4.195650478948541	0.9454560334433769	0.9540779155380144	5795.266896685288	4.230016202266357	0.2002077670774184	inactive
13.045383755353992	0.05897864701436073	-3.581014411491052	0.8496493116271093	21.814814814814813	393.55300000000017	1.1111111111111112	3.174671440689562	1.7824789233195386	806.0059961582449	-1.44	1255290.4850201784	4.049319817697521	28.823088612014207	63.804472024831824	69.72	4.0	3.0	2.0154400000000003	0.24537807424771255	0.92222919691768	0.00041620658305567364	4.495887530233806	0.8541540890433501	1.127882745466507	4533.69841294426	3.8872539915824893	0.3413981854535402	inactive
13.091728080120937	0.11327338960275424	-0.6839758125472415	0.778330637727649	14.0	342.3980000000001	0.8461538461538461	3.0036432404191697	1.686445048135845	938.625663891809	-3.399999999999999	1582607.6088038988	2.9722132083408455	101.61949343355356	16.714269189553487	49.410000000000004	2.0	4.0	4.022400000000003	0.18789105866117226	0.8848053620618322	0.00032050396160087085	5.5468058244255545	0.6812691077827551	1.0565539770716497	3107.8110331467296	3.7820443803414414	0.2757477815891216	inactive
13.64381566515495	0.035332577475434945	-0.5745965608465615	0.8717879594271039	20.178571428571427	377.4880000000002	1.1428571428571428	3.059292698252683	1.638389165942424	849.9357576867696	-2.6599999999999997	3946095.9912805846	3.542842224322599	71.28765809124548	48.29612012081888	52.650000000000006	3.0	4.0	2.8417000000000003	0.22657722132686245	0.9146798790969175	0.0003979068686911403	4.901956451748359	0.8403975602435095	1.2946922382936321	4391.514408852754	3.941535203298384	0.3745604343062802	inactive
13.166412561938355	0.14648945998152407	0.14648945998152407	0.8555944552076603	20.62962962962963	363.50500000000017	1.0	3.246369320717286	1.4349533016789218	772.4653993679597	-2.329999999999999	2854779.2677750844	4.163313909575399	59.65783953108687	36.98611508385228	44.370000000000005	3.0	4.0	4.200320000000002	0.5580420058597417	0.9839760375808043	0.0006450944987435993	4.303870943785608	0.8853832357176721	0.858113339783422	6815.317310839987	4.674431477063642	0.12114450671358762	inactive
12.914481056311413	0.14129204459561673	0.14129204459561673	0.901428815406497	24.46153846153846	355.4820000000002	1.1153846153846154	3.3419374566852644	1.3559608640101186	660.9749654242847	-1.88	1827451.607814463	3.7756459256320407	35.392371257240434	54.337960949966835	52.650000000000006	3.0	4.0	2.2707000000000006	0.2701346719092262	0.9299072653680485	0.00039240303786293343	4.09371532034247	0.7585043627100394	1.0428043954018122	3986.383555862737	3.964594772783322	0.2601570870897788	inactive
12.886691704459562	0.151867021499958	-3.592387710810781	0.8649627257297424	22.16	384.9090000000003	1.24	3.0920891866663327	1.7152614361514686	739.5050089857056	-1.31	497863.46412351954	4.652786889541417	33.50728087527524	51.65968125169262	80.58	4.0	3.0	2.7665000000000015	0.20459922033283906	0.9042252185173586	0.00035822088054874673	5.144634234778262	0.799717638906183	1.224347738789934	4180.591295881163	3.8886111311562592	0.38274015881295653	inactive
12.729286029226504	0.0495427059712763	-2.6984662032502413	0.927158719887071	22.2	347.3890000000002	1.24	3.298894584185272	1.4446113377233276	761.5218797378869	-2.02	1000845.0301068013	3.2474771617994382	29.58695719508175	41.97009360479949	59.330000000000005	3.0	4.0	2.5913000000000004	0.4861958578628165	0.9763047515712913	0.0006043043630276903	5.0301319275559235	0.8486675413865792	0.8239298879215048	5507.593313976488	4.39193854568812	0.15960932634471722	inactive
12.744311381960191	0.1315892437221804	-3.396773087263933	0.9094231596733331	23.17391304347826	336.45700000000016	1.1304347826086956	3.0790323424382513	1.7051306207691557	672.8338245891708	-1.4000000000000001	230348.56760249045	3.58280681292606	29.828919765543436	51.65968125169262	66.48	4.0	3.0	1.5517999999999998	0.40120617248784524	0.9635171702508586	0.0008329582715254502	4.045519384224278	0.8760353002651277	0.8655163264925538	3442.3764190502798	3.5380890282270356	0.26043944947270725	inactive
13.020288092088688	0.030455115688251322	0.030455115688251322	0.7592349893089309	20.703703703703702	394.9430000000002	1.1851851851851851	3.2166584416859374	1.6846869694615996	638.5590448642627	-1.4599999999999997	1885862.5111916314	4.8810348293828305	22.71881894236154	50.199879012878114	50.8	4.0	3.0	3.989200000000003	0.2936979179573273	0.9360042952297217	0.0005162577938305523	4.488121170553856	0.945476639283061	1.3180528020966713	4919.335166422832	3.8901833389371405	0.40834641766154356	inactive
12.76716372197027	0.10986612391870287	-0.6500406273620565	0.8284306704469961	14.375	324.38000000000005	1.1666666666666667	2.934337467980402	1.886500356430411	730.4015761811032	-2.6599999999999997	429633.95471181854	3.164405282520597	71.28765809124548	36.975705101256516	58.64	3.0	3.0	2.146299999999999	0.2929668264067243	0.9385412737563648	0.000542474283923923	4.700223378363499	0.8192593703309375	1.1096834602277819	3584.547798615441	3.82063770940616	0.2753348766522138	inactive
13.467941537011704	0.1862543566809436	-0.81077097505669	0.7594255636906213	13.962962962962964	360.38800000000015	0.9629629629629629	2.995751754779981	1.6841004125942507	1003.9593207787414	-3.4699999999999993	2201026.7462649285	3.3139397145499356	101.37034720613784	16.714269189553487	49.410000000000004	2.0	4.0	4.161500000000003	0.26414679420247433	0.9292577262999279	0.0004060270940791009	6.303285469133908	0.8180094813085916	1.231850998548058	4460.9466446169135	4.0682011567406535	0.31441858725460076	inactive
13.063950302343159	0.12889838960275424	-0.7117535903250192	0.7894582549306411	14.0	343.3860000000001	1.0	3.0036432404191697	1.686445048135845	941.7396061213121	-3.469999999999999	1582607.6088038988	2.9489889893233676	95.81407937139488	21.6982477105007	62.300000000000004	3.0	4.0	3.4174000000000024	0.28909118814031065	0.9370232049500444	0.00044562808181915616	5.773756789373557	0.791896960769586	1.0661791778191463	4029.0913342744793	3.9827945242454073	0.25794569684263635	inactive
13.250469576719576	0.17298944423448348	-0.7982879818594111	0.7601299851830123	13.535714285714286	367.40800000000013	0.9642857142857143	3.057883229545128	1.7060218255588517	1086.2565052550751	-3.9099999999999993	3947715.0178098422	3.123043225966876	101.11657785678894	16.714269189553487	73.2	3.0	4.0	3.8940800000000024	0.2669262928489058	0.9302553293471902	0.00043072252374655044	6.607002454977629	0.8293683539465495	1.2436036268122403	4352.456539060992	3.9604830560574573	0.31943276469158394	inactive
13.112534328546232	0.0947570045261239	-0.6417839296212318	0.7185362042600583	13.857142857142858	370.45200000000017	0.8928571428571429	3.06305358049927	1.532143561902662	970.1649133896902	-3.399999999999999	4269406.602643102	3.6701715304076643	107.18294492525055	23.259025595466063	49.410000000000004	2.0	4.0	3.742600000000003	0.22001874092021523	0.9107091255375241	0.0003401278146568024	5.569237773152966	0.7725045630769625	1.2222772887866682	4247.75178561069	4.027436722742952	0.3159355996853571	inactive
13.04221025447216	0.08526465524481375	-0.6224732300327545	0.6328251898345063	16.692307692307693	364.47000000000014	1.1153846153846154	3.3028625896494894	1.5972291817699373	905.2369136327231	-2.6599999999999997	1819150.6571271457	3.22276676017848	82.77173028873403	28.12359291421769	49.410000000000004	2.0	4.0	3.055200000000002	0.2119333069319275	0.9002694269855545	0.0003168267564064608	5.424442754749054	0.6920605450618929	0.9759348242273349	3472.5186109774127	3.826734125746288	0.23013774834265432	inactive
12.420639644746787	0.18757716049382678	-0.3859054810195681	0.9227976282155705	16.714285714285715	303.72499999999997	1.3333333333333333	2.4613960918557596	1.8625762761806484	741.6937433569594	-2.2699999999999996	72724.40892997028	2.924631726167154	57.46856779848327	12.514061693864424	69.5	3.0	3.0	2.1622000000000003	0.3000626214935492	0.9403906664031347	0.0007299375897487962	5.49620898762561	0.8674258096377877	1.1468138585894447	3030.939232680234	3.5634419889459794	0.41330484836598363	inactive
12.8040411627614	0.060232739984308115	0.060232739984308115	0.8736534009296036	24.583333333333332	327.42800000000005	1.0833333333333333	3.1528950272408967	1.4018649019673404	644.0120274146508	-1.8799999999999997	638259.4577345381	3.048505872741356	29.32600418877882	42.89329481320379	61.440000000000005	3.0	4.0	2.0329999999999995	0.43933141624752003	0.9698669865739361	0.0007248752640804501	3.9278132036185793	0.8703886131350725	0.9086851774090375	4289.665104777292	3.9887526737021433	0.20442292365143477	inactive
13.96595664002771	0.007939814814814206	-0.3304227182149253	0.8788987811245469	25.185185185185187	374.50400000000025	1.037037037037037	3.2308845276594256	1.4574778232935572	660.14549531103	-1.6600000000000001	2550692.869820342	4.113842336498516	29.579773538127718	75.11272242103026	38.82	4.0	4.0	2.0391999999999997	0.26402058497963377	0.9289086246448209	0.0004135952576731858	4.263366559170309	0.7946957791264104	1.1137677401520374	4123.4618099550635	3.8727257058214866	0.30506478235651024	inactive
13.93881885768645	0.008142479213908649	-0.31514667608192104	0.888332038714195	21.92	348.4620000000001	1.28	3.1494829696749584	1.599114003954611	591.3589916026447	-1.4599999999999997	663759.8348249368	4.58531037205609	35.14322502982472	43.090081471600584	41.57	3.0	3.0	3.2124000000000015	0.3138708373933539	0.9444887467242054	0.00048186656614157444	4.0205365513938025	0.8378568019144035	1.0078367524351377	4434.243845208123	4.056033715575808	0.23939337909225808	inactive
13.125222505668933	0.16970190854119505	0.16970190854119505	0.9220944589653831	21.115384615384617	349.478	1.0769230769230769	3.2327099005179787	1.4860474187168629	760.2117571803011	-2.1999999999999997	1852782.4215432722	3.3831037649219478	53.72194896577673	41.970093604799494	45.230000000000004	3.0	4.0	3.5187200000000027	0.4770892095867238	0.9747637192735198	0.0007610069844440832	4.274468290930198	0.9223934274709689	1.030879168830476	5008.1059949331175	4.082549025880834	0.24292771633055504	inactive
12.790238410178885	0.015931594860165488	-2.858281018065054	0.9033597570131026	21.8	352.42500000000007	1.16	3.1161734969675874	1.650271691507519	598.845261860521	-1.6899999999999997	575420.1332560468	4.111625217286058	28.823088612014207	43.597620170298384	41.57000000000001	3.0	3.0	3.3665400000000023	0.39142476909273294	0.9612622617867334	0.0006503609202481607	4.406942507397588	0.9086825972858528	1.2661140254987069	4606.117565970928	3.963428082680641	0.4035187387657075	inactive
12.938717718568908	0.07700339181226323	-0.07700339181226323	0.8713863693021363	24.615384615384617	356.47000000000014	1.0384615384615385	3.2280307673854147	1.4022628793127592	663.5299569070548	-2.0800000000000005	1806522.226536504	3.558725928950785	29.828919765543436	56.1067424080155	64.68	3.0	4.0	2.0679999999999996	0.2570314436730989	0.9261621772198646	0.00040850982893949266	4.166096686221472	0.7836993336960058	1.0938003286829259	3986.672663605382	3.9265744635457014	0.2804325191449504	inactive
13.755419264060588	0.09960080495569312	-1.063359525909129	0.35360510687891544	11.837837837837839	496.5260000000002	1.1081081081081081	3.5749599513211754	1.5236092795615805	1533.226605011488	-4.859999999999999	403547199.2410564	5.080955919353745	108.48052629981117	37.87815107524857	107.11	6.0	5.0	3.206600000000001	0.1065363603395977	0.8145443980596514	0.00015585053832941714	8.91087699021335	0.7063595435723639	1.266908075907193	5518.735122716277	4.241336672827495	0.3955173554747009	inactive
13.816943931798054	0.029438229894804824	-3.419950784044399	0.3603431812336063	14.692307692307692	546.6040000000004	1.0769230769230769	3.4661123728601395	1.5352225695392396	1593.459596408387	-4.38	818467686.1398803	5.725812799061032	107.71665771674363	42.497723497585724	123.42999999999998	6.0	5.0	3.0398000000000014	0.28453779043832034	0.9354064723502407	0.0002274530174755593	9.667966840999604	0.8820339587672678	1.4691839769997823	9673.826924535924	4.7359046306201185	0.40193890846505664	inactive
14.57122689969978	0.11184512552342629	-1.0268705908289244	0.35675795334796656	15.64102564102564	529.5710000000003	1.0769230769230769	3.6517172676352576	1.4393065650365366	1416.3269809795931	-4.6000000000000005	1108753955.3971024	5.949218117701467	114.03679413455414	52.35833627833358	92.52999999999999	5.0	5.0	3.5333000000000023	0.12064705010827324	0.8341382338551708	0.0001354938332093242	8.972136651422904	0.713351537453866	1.3027952846145974	6809.237761541703	4.517992843933104	0.4030928324317524	inactive
13.650806326292889	0.09178210201027714	-0.853231974888722	0.5140304488096212	15.323529411764707	462.5490000000004	1.088235294117647	3.2596646108301663	1.6138549661595851	1065.814620875759	-3.5500000000000003	67800763.1320986	5.866436281240571	83.95410501966178	39.26882346650844	89.28999999999999	4.0	4.0	3.8381000000000025	0.26970214001970527	0.9296837209495243	0.0003272100761918609	6.771626716905948	0.9084437148539123	1.3538261015824276	6846.969181650974	4.306941580690072	0.4379941417542927	inactive
13.701875392808384	0.11190055510266594	-1.0409436151003615	0.3471532518684211	11.805555555555555	499.5510000000002	1.0833333333333333	3.592761639572277	1.510521743751567	1488.9229879810632	-4.44	279358299.8020455	4.983123942461296	107.66374549866401	33.31105142745721	102.17999999999999	6.0	5.0	3.9296000000000024	0.158977133808847	0.8778801373808096	0.0001974050510213816	9.548149716921133	0.8316850250338493	1.407908848020368	7316.989219094736	4.510669324423728	0.4857305416542224	inactive
13.711559887748335	0.009564389926718597	-3.55478874700736	0.32173082158126415	12.205128205128204	548.6200000000002	1.0256410256410255	3.4697492891885604	1.7152877921705443	1525.9487341989616	-4.379999999999999	572381556.6181452	6.37395438511408	108.21957329350823	41.99480792082112	123.42999999999999	6.0	4.0	3.5020000000000024	0.05906972079201004	0.7499152916103714	0.0001394653521831651	9.371056889401567	0.7827307330779154	1.4720720700676504	6640.585348847584	4.347306709567024	0.4913843238204205	inactive
13.859687630357723	0.014957423996024621	-1.0866559586797682	0.37839399552771347	13.487179487179487	525.5640000000002	1.1025641025641026	3.4892296335480584	1.5195590484526222	1492.1708366767762	-4.859999999999999	930527884.5511225	5.5432437447255625	107.71665771674363	41.281924618538696	109.60000000000001	5.0	5.0	3.228900000000002	0.24576999709294464	0.9223235728249489	0.0002248957512613682	9.114033357222844	0.8578806204802157	1.4905035865652267	8468.658049719876	4.590990914611869	0.38852944744072604	inactive
13.775827427325893	0.12000896822099927	-1.0355817481313514	0.3533558187279084	11.837837837837839	495.53800000000024	1.0810810810810811	3.5749599513211754	1.5236092795615805	1531.144339202365	-4.789999999999999	403547199.2410564	5.1069568996058345	114.4164168651213	32.894172554301356	94.22000000000001	5.0	5.0	3.811600000000002	0.307528636893334	0.941777537684382	0.00028997555112504316	8.654480579942192	0.9021599561987618	1.489481511288155	8347.5819147934	4.5714461577010645	0.4067399657335611	inactive
13.850977969024056	0.18482609260161564	-0.9295066452506935	0.370432737980228	15.710526315789474	511.5810000000003	1.0789473684210527	3.6545336071534833	1.4287163350882774	1350.0278577571964	-4.53	775371811.9004282	5.7199744271730815	114.28594036196986	52.35833627833358	92.52999999999999	5.0	5.0	3.3942000000000023	0.44482875700678354	0.9694480384449549	0.0003869872081509004	8.232573329495699	0.9591761150277752	1.3628062261651155	9691.88581071032	4.665896975450526	0.3428390404660187	inactive
13.602474882604302	0.07597631450039444	-1.013591007390611	0.3693201213378553	11.5	486.52700000000016	1.0833333333333333	3.4397728352834847	1.6544020373686363	1297.7889697406213	-4.529999999999999	195612960.3196272	5.929500001601115	113.78302478520523	40.336780178638016	98.52	5.0	4.0	3.3241000000000023	0.10178121643845238	0.824176887396517	0.00024297797651079176	8.261250180359783	0.9007148319765108	1.630759373223412	5895.712008173858	4.073753436995625	0.6336059101616914	inactive
13.48428197978058	0.12143927746335725	-0.9809114911396668	0.41469604980300095	11.558823529411764	457.4890000000002	0.9705882352941176	3.3972186071929076	1.614517224616391	1218.6713350921498	-4.3999999999999995	78942880.97351962	5.686920057309929	114.04397779150815	38.21096115830769	102.18	5.0	4.0	2.7105000000000006	0.15562542638564228	0.8755159369807983	0.00025432739092267335	8.121541950113379	0.8387950279342498	1.4999443204296417	5725.340260121161	4.161951721515617	0.5142533840427783	inactive
13.760202427325893	0.10438396822099927	-1.0559899113966573	0.35360510687891544	11.837837837837839	496.52600000000024	1.0810810810810811	3.5749599513211754	1.5236092795615805	1533.226605011488	-4.859999999999999	403547199.2410564	5.080955919353745	108.3500497966597	38.10755764995623	107.11	6.0	5.0	3.2066000000000017	0.11560362607103329	0.8339170440545252	0.00015953283268256474	8.91087699021335	0.7404147732163421	1.382262908132218	6226.553127455535	4.405918684253577	0.4505483658149993	inactive
13.734798515761266	0.07898005665637342	-1.0908538569748887	0.346980844132926	11.837837837837839	497.5100000000002	1.1081081081081081	3.560315837735462	1.5230602422865829	1534.6134269594008	-4.859999999999999	384500994.27188367	5.224803737264419	108.04393014707253	33.311051427457215	115.32000000000001	6.0	5.0	3.7695200000000026	0.13207532927656138	0.8565807488544059	0.0002167732838736132	9.220044858093148	0.8052566276728236	1.565188388279874	5796.985479055775	4.0980838679633935	0.5700010005380658	inactive
13.846200824771802	0.05712827594817149	-1.1276144284874448	0.28503117334063915	11.425	536.5470000000003	0.975	3.5201556952116593	1.4935492435407713	1567.4072121571744	-5.45	1853829055.947825	6.328932209374043	126.54915100204455	38.52443652311207	124.3	7.0	5.0	3.9022000000000023	0.16527552656707797	0.8735198477302131	0.00014953449434342264	10.265426225170108	0.7070328000751546	1.1936386797195764	6867.47991410601	4.456158835252556	0.2891963895320341	inactive
13.489384020596907	0.1503538808774203	-0.9531337133618891	0.4174410748141785	11.558823529411764	456.5010000000002	0.9705882352941176	3.3972186071929076	1.614517224616391	1216.4564416947396	-4.33	78942880.97351962	5.717721714062318	119.84939185366686	33.22698263736048	89.28999999999999	4.0	4.0	3.315500000000002	0.14472067602205158	0.8672569796656039	0.00024360882815546315	7.869198302475884	0.8132026438988139	1.324309311586041	5452.512225125213	4.119732317222208	0.42981366527856835	inactive
13.855933168696517	0.08108765756583258	-0.8512629650625694	0.5126774850121926	19.305555555555557	488.58700000000044	1.1388888888888888	3.4160422360571525	1.4347166953758372	1179.670306862855	-3.5500000000000003	189917764.91741356	5.173130436656268	83.95410501966178	39.26882346650844	89.28999999999999	4.0	5.0	4.228200000000004	0.24104818288372767	0.9165706146006305	0.0002695018390664335	7.054919988504239	0.9505285874585787	1.4770432188964975	8383.911746561222	4.606020106901792	0.44287507577138413	inactive
13.799462316466737	0.15618025015842507	-0.8895547262114734	0.5212145378538261	21.97222222222222	490.55900000000037	1.1666666666666667	3.592761639572277	1.4238998223908492	1173.1718251706452	-3.5900000000000003	279358299.8020455	5.3056400215662185	83.95410501966178	51.97967181876965	98.52	5.0	5.0	3.0729000000000015	0.2101881758946438	0.9039155796548161	0.0002859485383378825	7.473544168998243	0.9286024066983601	1.463058055967401	7050.5240410203505	4.270234193147363	0.4641552097255991	inactive
13.654078718583136	0.14743721421075318	-0.9762818615100362	0.40110971169333626	12.514285714285714	470.52800000000013	1.0	3.4261598167526133	1.6627359824190344	1249.0886408776755	-4.329999999999999	121413729.93245398	5.783842726911571	119.84939185366686	33.22698263736048	89.29	4.0	4.0	3.8765000000000027	0.11157496932647734	0.83698787841975	0.0002595262156589341	7.843622654019098	0.8688520735126599	1.6014882989379562	5315.539559479488	3.963219202323373	0.598156824146743	inactive
13.862142265761268	0.02866724492289907	-3.8892100433036574	0.2864853222743363	12.121951219512194	579.6340000000001	1.0731707317073171	3.5064551247888214	1.7804914421822773	1614.19889306997	-4.619999999999999	1398934368.8041337	6.583745620746549	102.15320622504663	62.25522738876708	135.9	7.0	4.0	2.5788	0.4746860642063789	0.9744435791174463	0.0003060289057190821	10.030355796715133	0.9223785803584926	1.2677850482031126	12376.093706484	4.9849682644319415	0.24897412868733174	inactive
13.591359913468498	0.07438499177857039	-1.087821318342152	0.3658464183215348	11.5	487.51500000000016	1.1111111111111112	3.4339299086635524	1.667867987452943	1282.8093650974765	-4.6	193026804.3395892	5.899368090039705	102.28368272819807	39.91793339197013	111.41	6.0	4.0	3.1136000000000017	0.11874384204984079	0.8445847137770639	0.00018157474843440982	8.50846312629011	0.817621760089603	1.414797132323912	6876.275402569424	4.505120569923892	0.4418815127920105	inactive
13.670337536925288	0.08751899383618378	-1.0800349584278164	0.3761791945705678	13.972972972972974	498.5420000000003	1.0810810810810811	3.4219070281600916	1.4608796674648212	1342.9592761226575	-4.47	313614001.3455133	5.527173494022261	102.17219666088785	38.29502994840442	115.07	6.0	5.0	3.3774000000000015	0.2890687702884213	0.9368118868434963	0.00026310987117560884	8.541972611616838	0.8825204172120781	1.3353927463933704	8461.570296065567	4.633175539207612	0.3310858927042136	inactive
13.776579348464722	0.12076088935982532	-1.0342885225077694	0.39997060164378956	13.432432432432432	498.53800000000035	1.0810810810810811	3.4674507776335606	1.4992221457188535	1377.855185514243	-4.37	433231996.52408737	5.566523955262853	113.28010920844062	34.93395487102292	98.52	5.0	5.0	3.3926000000000016	0.09802940284681472	0.8221345836138179	0.00020276527425864662	8.594707916412924	0.8526324346166135	1.6015136101681862	6297.87646081656	4.235770416850627	0.5526078280044405	inactive
13.779736629895812	0.1239181707909165	-1.0293518256067868	0.37973791390256123	13.972972972972974	498.5380000000003	1.0810810810810811	3.4168967036170907	1.48854782972425	1359.272257341261	-4.37	309998705.1529353	5.566523955262853	113.78302478520524	41.540836835535835	98.52	5.0	5.0	3.4337000000000018	0.19136669135518625	0.8971081483957452	0.00020048861152657064	8.594707916412924	0.7921388610313161	1.379704159434366	7083.964806877591	4.476206548186106	0.3989106802247906	inactive
13.765378794168928	0.1498937523815771	-0.9814670466952216	0.38494902383185636	12.527777777777779	484.5550000000002	1.0555555555555556	3.423998093835938	1.6899487369090271	1310.5465729795294	-4.329999999999999	173631450.0901383	5.655081908288624	119.34647627690224	33.22698263736048	89.29	4.0	4.0	4.1849200000000035	0.1917446088090468	0.8964669175873944	0.00020711647416462396	7.8329926402025425	0.7713745943932058	1.1688681237719878	6483.4148315221155	4.382471489354791	0.2991219565013771	inactive
13.752189703717931	0.0810063652446269	-0.891881115100362	0.5207460651913447	21.97222222222222	490.5590000000004	1.1666666666666667	3.41752554883683	1.4030188349507062	1173.139394619891	-3.5900000000000003	192104688.50181392	5.158083912263904	83.95410501966178	51.47675624200504	98.52	5.0	5.0	3.2170000000000014	0.20949137401888845	0.9049876486344776	0.00027367220179467773	7.473544168998243	0.9040724157006925	1.3226408287570217	7020.040793137681	4.293781101998839	0.38386389251539127	inactive
12.385951436130007	0.02247955509364208	-0.27022959183673523	0.861445629211593	24.55	294.738	1.45	2.8288433635555865	1.7593360995704483	561.3500395782861	-1.7499999999999993	53612.23942610547	2.583034303045837	28.78518601082315	31.007838658276466	67.43	3.0	3.0	1.2107999999999997	0.1548560618110632	0.8739361489045864	0.0005773506713597755	4.370416478044364	0.7872910060653916	0.9709649856968462	2208.8093170118395	3.2893479259919536	0.3648890645262414	inactive
13.201708238851097	0.030086923658352083	-0.030086923658352083	0.5259856813179744	10.851851851851851	374.46900000000005	1.0740740740740742	3.2043713576075405	1.6602711003920962	1055.951469279984	-3.1199999999999997	2696773.299591645	3.8532111071555706	82.70016614793464	20.85911529219313	58.980000000000004	5.0	4.0	4.170620000000003	0.19267544608520681	0.8947960749726251	0.00031911418384824	6.206412918108418	0.7388428908473761	1.2293478198772965	3831.4298644442747	3.889903024144708	0.3395119520120258	inactive
14.14893049957331	0.02290671540244804	-1.1963196544049721	0.3059496456392387	12.121951219512194	557.6260000000002	1.0975609756097562	3.311499680534158	1.763948370131378	1482.6415050927594	-4.5699999999999985	1178056368.2629569	6.959141868647241	106.8223126305246	40.15518555321746	132.57999999999998	6.0	4.0	3.225800000000002	0.12275859508675613	0.8486330807613401	0.00016332761577977995	8.962727153100785	0.8248483485601467	1.6151794383464857	7874.9490019844325	4.488878893257878	0.5104201285706077	inactive
14.048614928900598	0.0031935051530562752	-1.1034903838078443	0.3576370457757943	12.025	541.6270000000002	1.05	2.92644266716044	1.7530628964253996	1545.991894738123	-4.659999999999998	603938307.7306161	6.663288507431463	124.00635236117759	32.894172554301356	97.19	6.0	4.0	4.358900000000003	0.38151468925458004	0.9590735968314575	0.0002744576772033499	8.422914628318575	0.920306935996016	1.4418102162906756	10898.402467784126	4.907981163761658	0.31837545773345327	inactive
14.19907789186356	0.13520400810308897	-1.3017854518350547	0.32426112562830867	11.928571428571429	571.6090000000002	1.0476190476190477	2.949648331773217	1.8179218680832638	1677.19835579532	-5.059999999999999	1444125500.2975922	6.798955719110134	122.09694580022673	30.452891926840326	133.86999999999998	6.0	4.0	2.9086000000000007	0.15489171391935339	0.8740446608483959	0.00016718941461011077	9.754427399636388	0.7890122744984379	1.4898026969149873	7664.088000889838	4.396438146328762	0.4432390763821034	inactive
14.30333856835638	0.12953699328199875	-1.1265793755773912	0.2776329538326482	12.116279069767442	580.648	1.0930232558139534	3.6535536775035995	1.5440411974984776	1695.628956343989	-5.259999999999999	4864751148.808762	6.636353527799958	113.54106221474355	48.3049212665583	132.89	8.0	5.0	3.9015200000000023	0.07848250176288968	0.7951700673170882	0.00014405928579306224	9.627945125137884	0.8513841668379639	1.9879912166685145	8297.75048070946	4.541680849546823	0.7198715042278435	inactive
14.382823955103671	0.08917742218448521	-1.0177875509197662	0.25171411511589215	14.636363636363637	615.7750000000002	1.0909090909090908	3.4836582211211704	1.4718245866985369	1549.1456900898224	-3.989999999999999	8061857776.272988	7.933389470617075	111.6465476061463	59.53025937821146	87.66	7.0	5.0	5.553900000000006	0.11144303459401576	0.8198108147965791	9.332330807067814e-05	9.052881345970325	0.7017965597660627	1.457094376685665	9216.263081698775	4.924727164617494	0.36428950829967316	inactive
14.2911646108104	0.016618475194638993	-1.12930610670194	0.2785439452075654	12.023255813953488	585.6800000000002	1.0465116279069768	2.989010572048627	1.762454942910398	1600.375266351203	-4.699999999999998	2697098204.1545672	7.983791132815388	123.74539935487466	46.84025863479947	106.42000000000002	7.0	4.0	4.468300000000004	0.09706267297435113	0.7825797304397913	8.55110231677143e-05	8.917794282787952	0.6681664703122537	1.5765804347123462	8386.345619765714	4.95432564278433	0.41391154569607297	inactive
14.176300114085784	0.11732431527969389	-1.0930515138154029	0.3589349790110503	12.15	543.6430000000001	1.05	3.1825989578837572	1.7679019084815908	1552.5844204897198	-4.5299999999999985	615562861.1941285	6.1954319290820585	117.93998529271599	32.477293681145504	89.22999999999999	6.0	4.0	4.302400000000003	0.116418643686657	0.8186615267123672	0.00011075319002264816	8.024670938288267	0.6785762012017544	1.4995205069501096	7239.691944530384	4.7017032574454625	0.3890112965315249	inactive
13.997411225196894	0.04291572737527849	-1.1072238494163102	0.37388111127217816	12.128205128205128	528.6080000000002	1.1025641025641026	3.2440886666633864	1.7460264913824637	1504.0973705603772	-4.5299999999999985	431370778.1559798	6.311501293369798	117.93998529271597	27.91019403335415	98.4	5.0	4.0	3.9211000000000027	0.22194765368311986	0.9117782735525133	0.00021937889245322157	8.236677319787892	0.881815609292412	1.3909187079862668	8630.862296768939	4.6069220364050745	0.4169080147466276	inactive
14.258244401059834	0.04147958630574933	-1.096168377844965	0.24145189738564157	12.116279069767442	580.6640000000001	1.0465116279069768	3.6501263593253537	1.5235933429837367	1706.5086985336438	-5.119999999999999	4768783446.36686	6.8590122695845235	119.78523477454135	38.28024238613446	106.15	7.0	5.0	5.653700000000005	0.2604568470864275	0.9249355228967913	0.00021109456500928686	9.188828027978673	0.9392618150610379	1.5493335898586986	10994.385391493215	4.835052537490057	0.3873316768422861	inactive
13.94407789186356	0.08693864034856413	-1.0286146279499457	0.3764428434646507	12.131578947368421	514.6050000000002	1.0526315789473684	3.3246578426674893	1.7204211646470307	1396.6028774483316	-4.399999999999999	304296091.352141	6.108174791914389	107.45570471044068	38.33696422466389	93.01	6.0	4.0	4.3937000000000035	0.12966958128363368	0.8527676312502185	0.00017564786420007825	7.814138160428558	0.7772040708740738	1.4632243905335982	6584.383728909496	4.350650823365209	0.45888808234430567	inactive
14.728831765635292	0.1061564681160192	-1.1677213508860336	0.2789660153541357	12.23913043478261	624.717	0.9347826086956522	3.3799609659201284	1.642554682649739	2038.8063610734855	-5.319999999999999	12709914254.736536	6.126208240364582	128.16331286868834	37.044393328936856	111.22999999999999	8.0	5.0	4.154300000000003	0.04638613905692862	0.7290354041039402	0.0001182885034571175	9.60047703419186	0.8873887804015272	1.916368369108968	9725.8397974761	4.749785461038791	0.6732065472881212	inactive
14.33713431350629	0.06237514630064456	-1.1308171151839985	0.2474655764400698	12.204545454545455	595.6790000000002	1.0227272727272727	3.4336752271913245	1.5470217812062077	1751.3541066705525	-5.029999999999999	7083434163.614766	6.9484533483912	119.34647627690224	54.63854048872749	125.61	8.0	5.0	4.237700000000003	0.21703459191848615	0.9096167121247654	0.00016790678467532933	9.483499528701808	0.8793574763452116	1.5512702729261472	11085.250313640092	4.927672805006138	0.3610321397048253	inactive
14.330992574403243	0.08956145303402274	-1.0170635707986901	0.24470053785529297	12.146341463414634	574.7220000000002	1.0975609756097562	3.311146779772542	1.7496224268622844	1483.076343687026	-3.949999999999998	1143623794.6568677	7.420584389443238	111.14363202938168	35.436870447787534	84.42	6.0	4.0	6.176520000000006	0.1722830297346994	0.884850308558379	0.00015419699450289602	8.548646471972276	0.7702002595391223	1.3160606247640538	8257.747337805447	4.566971566818703	0.30732679710938354	inactive
14.015840930412313	0.09310279114324072	-1.1249496619635508	0.3576370457757938	12.025	541.6270000000003	1.05	2.92644266716044	1.7532581089376587	1545.991894738123	-4.659999999999998	603938307.7306161	6.663288507431463	124.00635236117759	32.894172554301356	97.19	6.0	4.0	4.358900000000004	0.0974352163562418	0.8138272742177828	0.00014885975929468625	8.422914628318575	0.7546331415297804	1.552436902621062	6583.221135747831	4.337089476586073	0.4960734407465952	inactive
14.389081198741868	0.08786747109080983	-3.8289015926353582	0.31797997357926394	15.295454545454545	618.7350000000002	1.0454545454545454	3.438019178825805	1.5621367552290544	1768.4328829542817	-4.419999999999999	5358608689.030669	6.4087425581951	107.32522820728921	59.43902049322395	117.5	7.0	5.0	4.095800000000003	0.22167569960157452	0.9122976570627259	0.00014692751133422202	9.540610974603227	0.8001309799043826	1.2674432359632941	10639.854895558872	4.872844729479467	0.30490184083538946	inactive
14.522680342102916	0.07801165194449067	-1.0748152347358702	0.23529360647385336	14.25	636.1930000000002	1.1136363636363635	3.4125820247446166	1.5274331798494183	1587.2191272375107	-3.8599999999999985	7213380691.055678	7.431208936807134	105.59519015457325	54.630349647360994	87.66	7.0	5.0	6.211700000000006	0.19599103198108583	0.897860498662875	0.00011327725954892308	9.818087967255272	0.7553264429604601	1.3423155938565121	11439.252182467075	5.112099346661608	0.23634917350005222	inactive
14.672248715748673	0.033082278118301334	-3.421424740783507	0.31224146017934756	14.840909090909092	617.7470000000001	1.0909090909090908	3.290037120498809	1.590088644289907	1781.0845617790883	-4.379999999999998	4658680139.446147	6.723866968632011	112.51624062537307	47.294229720084736	114.25999999999999	7.0	5.0	4.469600000000004	0.19577491540150319	0.9000273774772314	0.00015576518884055196	9.321690162156202	0.8269915730616121	1.4822590150708228	10074.216749823338	4.7234602052700625	0.36682663611999494	inactive
14.007090930412314	0.0878510685021543	-1.0210267594692197	0.28988520744107543	12.025641025641026	546.6680000000001	1.0769230769230769	3.408960359626639	1.719115572246976	1418.16037472231	-4.1099999999999985	526914439.47906625	6.858208032961249	106.50844740614205	34.82643190825678	84.42	6.0	4.0	5.730300000000005	0.3528652437616049	0.9535706004793056	0.00024025580392027606	8.443679448541806	0.8894950124152253	1.3170405257410027	10934.578777186793	4.962955596189937	0.26898316112615633	inactive
14.306391761856002	0.09216952665268296	-1.0434525909129084	0.25729783193014005	13.975609756097562	554.6660000000002	1.0975609756097562	3.7242675378524095	1.5256983448106394	1522.3307883051639	-4.329999999999998	2051547870.7232764	6.533878310973578	112.90983247972797	28.327072906510004	88.33	5.0	5.0	6.439020000000006	0.023054322985234556	0.6180761210292837	0.00012157177501169244	8.148349728199635	0.8228929396628876	1.9934470749219653	7085.427098081369	4.500062541527898	0.7502115818483068	inactive
14.392713095945194	0.09411041910615237	-1.194948349710254	0.2949778047124046	12.209302325581396	580.6440000000001	1.0930232558139534	3.397679654423511	1.5924688009577626	1826.375508888806	-5.189999999999999	3772897595.9453807	6.350123660541433	123.50343678441298	38.17055918313432	123.66	7.0	5.0	3.9337200000000028	0.26199719053923276	0.9285244087027369	0.00019116609836312563	9.66398506602942	0.838291501211225	1.3402315195209424	9901.199279809985	4.740559269390747	0.2813045744230121	inactive
14.63958856835638	0.11117279575113459	-1.058986782984799	0.21579527966320022	12.113636363636363	610.7390000000003	1.0909090909090908	3.7014816181097454	1.5684569640904693	1715.3928660974002	-4.769999999999999	8383535849.723798	6.888047017087944	112.46332840729345	38.52443652311208	115.07000000000001	7.0	5.0	5.698300000000005	0.08435412154606377	0.7939902436028098	0.00015881103847422733	9.866771362183693	0.9571523119984747	1.946286530916378	9489.153829664294	4.5627963749234794	0.6630410451117614	inactive
13.86972604001171	0.08708427262472185	-1.1176627194087512	0.3723704827381358	12.0	526.5920000000002	1.0256410256410255	2.9160736147384507	1.730911344157031	1477.282664801968	-4.659999999999999	412944578.03980017	6.810765149908627	123.74539935487466	28.44177619386383	106.36	5.0	4.0	3.9776000000000025	0.1887486339222607	0.8961928682820146	0.0001812243538178866	8.67322369147563	0.8395865224822316	1.5456661788588821	8767.171596435132	4.75797049799334	0.45310346533301343	inactive
14.330350095189335	0.08300152071117273	-1.0004073234231965	0.2515928239067992	15.761904761904763	586.7330000000003	1.119047619047619	3.6853138742819906	1.5014102037730082	1512.3051431896477	-3.949999999999999	3436964729.3281775	6.911282435517155	111.6465476061463	41.54083683553584	84.42	6.0	5.0	6.225600000000006	0.33498872119586826	0.9491619593432639	0.00023047080823421941	8.79803731532783	0.898312448740481	1.380820257441175	11122.964366613478	4.832388983667337	0.26262699599879347	inactive
14.164084978031362	0.07764178816844947	-1.1371004188712523	0.23363607662851518	12.547619047619047	574.6720000000003	1.0	3.471954589116421	1.7471489217642264	1512.3051431896477	-4.399999999999999	1747865767.0328062	7.077481666489533	113.41274805649257	35.00166387878491	88.33	5.0	4.0	6.500300000000006	0.062420641435861846	0.7525886609434338	0.0001083633748599848	8.584054700761477	0.7647303973599284	1.6373672682068818	8195.668541195171	4.753456689600027	0.5152394847570168	inactive
13.899355669641338	0.15968703279444685	-1.2413281578063333	0.36371003484059694	12.0	541.5830000000002	1.0	2.9062559739232023	1.7664439946020687	1579.91141320781	-4.859999999999999	564654055.1685687	6.764201357402941	128.16331286868837	23.343094385562793	124.64	5.0	4.0	2.9000000000000012	0.09147998696188686	0.8082643265908852	0.000116571057348308	9.362684944353406	0.7709521695749223	1.5620916734398205	8659.278652220579	4.946689504240375	0.4734469877920162	inactive
14.444176153390394	0.008006359979698452	-1.1870166183757458	0.2840061703455275	12.11111111111111	607.6660000000002	1.0222222222222221	3.017395569504077	1.60310501693446	1981.508413479808	-5.449999999999998	7980629206.64169	6.718724667734945	134.22967993714997	32.894172554301356	128.36	7.0	5.0	3.8295000000000012	0.023616713907182563	0.6441684762905793	0.00012215750715731022	10.297369937905179	0.9110256246212687	2.1234967508842484	8882.713503870214	4.633356913024979	0.8248090353462694	inactive
13.850559373345043	0.14195110873907835	-1.289514571260603	0.3580906832563759	12.0	542.5710000000003	1.05	2.9120949240062557	1.7670649522279438	1610.5865476874753	-4.929999999999999	585854091.973609	6.5482171157810685	122.09694580022675	28.44177619386383	137.52999999999997	6.0	4.0	2.295	0.18513909400021122	0.8929988916835304	0.00022579094285377597	9.6143166039651	0.8845228741581757	1.4359755889834718	7699.141507430513	4.327408283377374	0.48185444161933016	inactive
14.255600945529473	0.02522153021726381	-1.2033349605274208	0.2984154464333921	12.904761904761905	571.6530000000001	1.0714285714285714	3.3012045734018027	1.7791038250457423	1572.9464737130063	-4.5699999999999985	1613359470.0048847	7.1898110732659095	117.17611670964844	34.553588168151805	127.79999999999998	5.0	4.0	3.4631000000000016	0.21591668744477	0.9099620278341686	0.0001796572646979744	8.966895976621931	0.8291220358735685	1.4544955942265672	9227.135813680614	4.673436821873768	0.34140349455234004	inactive
14.260112472362426	0.09281784485150646	-1.0330245863777614	0.23882228972456732	12.195121951219512	567.6900000000002	0.975609756097561	3.4013200139169086	1.5414018792251998	1632.4175482848232	-4.499999999999998	1841553620.5800574	6.465150716053389	119.03261105251968	33.311051427457215	88.08	6.0	5.0	6.269900000000007	0.20404777585050524	0.9023438161488094	0.00020649868706689941	9.254891605050048	0.9025245180298976	1.5597698073013373	9151.79625211068	4.565210541230957	0.5192744945463273	inactive
13.918586584229395	0.16539502660166794	-1.23743123792727	0.3274777160695588	12.0	558.6390000000002	1.075	2.9120949240062557	1.761576498758481	1554.7903969715262	-4.509999999999999	585854091.973609	6.727572253224249	111.61266521795145	33.54045800216487	119.25000000000001	7.0	4.0	3.278400000000002	0.06209837471972321	0.7588053824133043	0.0001625383185504123	9.843338205865832	0.9399184308514508	1.7247407783266437	8345.10623711824	4.537782760784614	0.7175032095744232	inactive
14.33304094930876	0.033469322942661694	-1.2258907575375833	0.2564567806946428	12.090909090909092	592.6470000000003	1.0	2.991744364572654	1.5911207502418867	1864.4908364217029	-5.309999999999999	5259754557.477972	6.515931978296624	135.8139764126724	23.343094385562793	115.57000000000001	6.0	5.0	5.445200000000005	0.19930951601920452	0.901571067467654	0.00015431987027347927	10.121243924159849	0.8011500736393481	1.4207473195295477	9613.648436283338	4.755480917384606	0.3179902993705284	inactive
13.930883447419117	0.07663032163458894	-1.0394788254808096	0.2762715475019897	12.131578947368421	551.0870000000002	1.105263157894737	3.3246578426674893	1.7204211646470304	1404.1126524526585	-3.6199999999999988	304296091.352141	6.437010209102362	111.10572942819063	28.327072906510004	75.19	5.0	4.0	6.375100000000007	0.16964061710392286	0.8844019628821708	0.00021397348252102577	8.961664983992215	0.8645011631216014	1.4304316819567122	7483.576540969419	4.278967903265928	0.3793771103995952	inactive
14.363917350795283	0.06305745073128755	-1.0871447205425382	0.28650500978358034	17.295454545454547	600.6950000000002	1.1363636363636365	3.694609736731649	1.5072059939106428	1571.1567830761942	-4.4799999999999995	8365005836.27616	7.004955660640004	107.45570471044068	64.76449208271556	111.47	8.0	5.0	4.443000000000003	0.14997750964580409	0.8707435672337879	0.0001234906982743014	9.044445796806603	0.796358257943518	1.6927135402405926	10443.58284460796	4.997647185098798	0.4360935920796407	inactive
14.221918027917981	0.03578413775747635	-1.1757456748131354	0.3042813322149301	12.19047619047619	566.6170000000002	1.0714285714285714	3.451325272493671	1.5663720729470743	1776.6618988024995	-5.1899999999999995	2723925172.929401	6.093462619482873	124.0063523611776	37.94115260842666	123.66000000000001	7.0	5.0	3.625300000000002	0.12609690020266603	0.8517727126283614	0.00015580633714307743	9.685882213783414	0.8269095063992142	1.578176591293449	8376.699403255474	4.584135596540484	0.4696369567901027	inactive
13.857827891863561	0.06959315419362366	-4.975425554127201	0.25322532570503103	12.560975609756097	568.5710000000001	1.024390243902439	3.425339281885924	1.7722443379648862	1496.662733614723	-4.539999999999999	979017484.6620779	6.971993969454875	113.41274805649257	28.327072906510004	88.33	5.0	4.0	6.272000000000006	0.09053810322413551	0.7966702468403877	0.00012714435949097284	10.073988555460696	0.7269703798954971	1.540252894081656	6877.042039106036	4.403947069832939	0.5032708154037615	inactive
13.890559373345042	0.15429678775142386	-1.2617367934828254	0.36201017966425914	12.0	541.5830000000003	1.0	2.9120949240062557	1.7556775006296892	1490.4702010763529	-4.859999999999999	585854091.973609	6.5779712798536	107.32522820728923	33.54045800216487	134.2	7.0	4.0	3.2024000000000017	0.1915763117654064	0.8921146782605961	0.0001888134657359745	9.362684944353406	0.9530856992899395	1.6615662797254853	10648.195948592282	4.980495664556708	0.5223966522037765	inactive
13.672411225196893	0.13831732619694725	-1.1687053308977917	0.3838203262100196	12.105263157894736	514.5610000000003	1.0526315789473684	3.3298170237296625	1.7175455445929833	1458.1996991861304	-4.6	299032326.47997284	6.202469135802468	111.87361822425437	28.327072906510004	120.46	5.0	4.0	2.934800000000002	0.06835761503622963	0.7568290705346177	0.00013202442142812588	8.722841306013592	0.7384884482686611	1.2191653276861123	6319.934214705537	4.460060787523565	0.36838836459762264	inactive
14.216461678711632	0.06892838204158869	-0.978762256445789	0.2800334558625081	13.5	556.7070000000002	1.075	3.5436422335892463	1.5116105270925413	1474.0967180934585	-3.909999999999999	1168895621.482116	6.121103034428345	111.14363202938168	28.327072906510004	75.19	5.0	5.0	6.210400000000006	0.14294528159618475	0.8660463310865105	0.00016510288003800667	8.318359674266615	0.824048988271134	1.39541420785054	8226.458176941509	4.564790443222144	0.34850502788303594	inactive
13.911161225196896	0.04754535700490736	-1.0475035168388345	0.33254358631718134	12.131578947368421	514.6010000000002	1.0526315789473684	3.3246578426674893	1.7204211646470307	1395.032495940939	-4.329999999999998	304296091.352141	6.137393856526645	113.08547562616367	28.49975764268824	88.33	5.0	4.0	5.561620000000005	0.1899180275552022	0.896702662162066	0.00021891295012684342	7.847819981875116	0.8501941357982175	1.520883576507182	7459.686308559686	4.421163893410272	0.4158682573499668	inactive
12.15068350025195	0.1221749811035524	-0.1221749811035524	0.752320865691682	10.375	322.36400000000003	1.0416666666666667	2.622882664644287	1.5948136847270233	843.3944412692699	-3.079999999999999	398452.5971167722	3.6284896835156992	60.924623690919034	24.607837756089165	60.45	4.0	3.0	3.6510000000000016	0.6835408216704109	0.9927612578525106	0.0011181621320632258	4.957572776291915	0.9437282961058596	0.8482529878118823	6631.778071053184	4.742862017330517	0.13551622347907957	inactive
12.230207231040565	0.008171296296296093	-0.008171296296296093	0.903076188716143	19.045454545454547	302.3780000000002	1.2727272727272727	3.326645091049199	1.5199765993789227	563.0191630538952	-1.9499999999999997	211228.65670125993	3.6242375082236706	24.023505703384757	59.321939470914046	65.54	4.0	3.0	1.0615999999999997	0.5346633882527847	0.9816146777540656	0.0011277161004594157	3.749838049064564	0.9098840284427155	0.8530739713823987	3846.157585258498	3.8319370768881136	0.19744882568692781	inactive
12.875476662887376	0.17762062232300302	-0.3735922146636439	0.5642162463056617	16.12	354.79300000000006	1.24	2.6055863546511127	1.6932906477980207	974.0404750574078	-2.7899999999999987	672551.3442761905	2.9845980202360067	70.65159445267304	12.514061693864424	65.27000000000001	3.0	4.0	3.631400000000003	0.3496884771711425	0.9516247674513778	0.0004726156110539104	6.179619705449648	0.7453367099277336	0.5256955662001783	3825.4917331931615	3.85315915039943	0.09343242045989252	inactive
13.491687845567267	0.09388987860984632	-1.049458354329387	0.41535282190527456	11.588235294117647	476.9190000000002	1.0588235294117647	3.38464059218946	1.6661124773577696	1250.0681421989952	-4.04	70313769.20988177	5.468736850807035	113.24220660724957	28.32707290651	89.28999999999999	4.0	4.0	3.9733000000000027	0.13059210089097398	0.8332237713755692	0.00014763877956378843	8.958658281687827	0.6697397523232442	1.3672018149884773	5494.610268961477	4.372362363906526	0.44451249127087544	inactive
12.418518203577726	0.06809618291761121	-0.06809618291761121	0.9239454965717002	15.0	338.4110000000001	1.08	2.6307699063673695	1.617611861299512	740.0991291398617	-2.729999999999999	571361.1313444908	4.420449399018744	48.79188955399581	59.321939470914046	65.54	4.0	3.0	1.8512	0.19766785358522393	0.9008931691441245	0.00052784081363543	4.706046323977027	0.8469066479770091	1.1391741823317314	3130.6712631446567	3.5295665719725546	0.439904345524299	inactive
12.875476662887376	0.02947247417485488	-0.2232237339380203	0.727162179324709	16.291666666666668	337.81	1.2083333333333333	2.611582360660766	1.6683265371901423	920.1338927838719	-2.589999999999999	482583.8580970603	2.694656456815806	65.44434142789574	17.43591465621129	54.02	3.0	4.0	4.426100000000003	0.25282687141649296	0.9235881798597401	0.0005975912033432256	5.461663960857532	0.9074062580275248	1.1722080590379442	3593.8754495652206	3.6645633744680377	0.43629424283575624	inactive
12.827290721844292	0.09725025195263237	-0.30613189720332623	0.771185947060326	16.291666666666668	339.782	1.2083333333333333	2.611582360660766	1.6683265371901423	923.7858655133384	-2.6599999999999993	482583.8580970603	2.672125442135335	59.63892736573706	22.482018735758842	64.11	4.0	4.0	3.788000000000002	0.3666972546842459	0.9565738764901892	0.0006556310054195961	6.006093588132864	0.891319886949398	1.0165804346737715	4157.038555593571	3.8705082892191087	0.2723396888928631	inactive
12.176119535777275	0.10846230158730141	-0.10846230158730141	0.8034989202914758	10.136363636363637	287.32200000000006	1.0909090909090908	2.5572910660867296	1.7673689615295194	858.1347059706285	-3.189999999999999	145315.50753931233	2.9391252823087592	72.05152667431304	10.891158250298714	65.78	3.0	3.0	3.287680000000001	0.6419405573029181	0.9903804810943475	0.0014430143489282074	5.21946864452351	0.9219623818289936	0.6590100728133302	4257.072284584561	4.068817503938027	0.14031787883394328	inactive
12.919458144368857	0.1432244425547995	-1.71286859882842	0.7385471695653549	19.12	354.79300000000006	1.24	2.6263968788756795	1.7309878180614306	970.5453625595712	-2.629999999999999	673098.2449120169	2.7123460509701154	65.44434142789574	22.60456760965234	71.45	4.0	4.0	3.4970000000000017	0.4470814112360713	0.9709037687479358	0.000734805055205866	6.268411946124555	0.8898597955492984	0.9411761146527369	4500.0771112320745	3.8955441393484596	0.24228001341633879	inactive
12.001088907785338	0.2004426668509458	-0.31590122931888764	0.8141991036019534	10.090909090909092	302.33	1.2272727272727273	2.535835302189026	1.8720483383305233	709.2871484615788	-2.7600000000000002	94165.70811148729	3.87830356363001	58.51230155320356	30.73571528884589	69.56	5.0	2.0	1.2026999999999999	0.4870481110324546	0.9762769711537514	0.001014079458120551	4.37742756604401	0.8995569943611833	0.8561082915131492	3685.3302374489795	3.786470139863315	0.2138991314789112	inactive
13.026113980716255	0.010741871013786541	-0.227249490845721	0.6519096599801538	13.8	405.4620000000002	1.0333333333333334	3.314151400759356	1.5524752561326909	968.3590716670333	-3.589999999999999	12743097.728398167	4.689488237530857	61.05510019407049	69.41589957916466	96.25	7.0	4.0	0.8050999999999995	0.2822147925383302	0.9349045435122124	0.00039798702006116837	6.207967175064032	0.8708537904961162	1.2191898417711409	5369.285214157529	4.113713356894281	0.31683758536683587	inactive
12.180238882590071	0.10995086923658337	-0.10995086923658337	0.7914090985550767	10.523809523809524	296.757	1.0476190476190477	2.499425877948962	1.8239931685626	796.1569169304881	-2.3899999999999992	85055.46262660317	3.033601254453744	71.51070849635737	10.891158250298714	41.99	2.0	3.0	4.069400000000002	0.534720390729781	0.9812080743106667	0.0012500108622785302	5.108907741732905	0.9530622082121382	0.6799851402977084	3765.9801176321525	3.77989088170516	0.1789359406490148	inactive
13.779462316466736	0.15393192320546234	-0.9034436151003622	0.5149839020377996	21.97222222222222	492.5510000000004	1.1944444444444444	3.592761639572277	1.4238998223908492	1173.5363531472456	-3.5900000000000003	279358299.8020455	5.3056400215662185	84.08674386771375	51.97967181876965	97.56	6.0	5.0	3.708700000000002	0.2249473497590285	0.910066986043781	0.0003004635197783509	7.473544168998243	0.9420958878861847	1.4329793117349645	7127.128557653548	4.254104204286464	0.45406653987719053	inactive
13.732189703717932	0.08717920475079977	-0.9057700039892509	0.5130592289905724	21.97222222222222	492.55100000000044	1.1944444444444444	3.41752554883683	1.4030188349507062	1173.5039225964913	-3.5900000000000003	192104688.50181392	5.158083912263904	84.08674386771375	51.47675624200504	97.56	6.0	5.0	3.852800000000003	0.14503942183520402	0.8672223171882942	0.0002116604562788118	7.473544168998243	0.8032450527840215	1.3633251988320003	6122.035356553662	4.2194639261436	0.4186365575843838	inactive
13.830977969024055	0.12927053704606006	-0.9433955341395823	0.36346989751443853	15.710526315789474	513.5730000000003	1.131578947368421	3.6545336071534833	1.4287163350882774	1351.1731047849232	-4.53	775371811.9004282	5.7199744271730815	114.41857921002183	52.35833627833358	91.57	6.0	5.0	4.030000000000003	0.4237558148215609	0.9656378714325128	0.00038081159915281205	8.232573329495699	0.9715067038133122	1.3627199855739374	9536.514000841766	4.6178982285029875	0.37157292042132617	inactive
13.523620086923657	0.023094994298096916	-1.095412624926514	0.3581648272676354	11.714285714285714	495.5360000000002	1.2857142857142858	3.5553697258855816	1.6593413009637423	1265.9371083912363	-3.959999999999999	123573388.2604912	5.9432436902522605	95.16073463302813	40.420848968734745	110.45	8.0	4.0	3.558600000000002	0.23636445423786556	0.9167862786597814	0.00030064455563610665	8.919187956394968	0.9123726892105196	1.3717909121905592	6932.771586737941	4.210030263404578	0.45305501594010483	inactive
13.649411610999362	0.061531870055949955	-1.0310938418577311	0.347935938104699	11.54054054054054	502.5460000000002	1.162162162162162	3.4443171062916074	1.6684118153706358	1345.57146466385	-4.529999999999999	276949230.82404774	6.376352718481717	113.41274805649257	40.336780178638016	97.56	6.0	4.0	4.268320000000004	0.14450175046726757	0.8671275415753312	0.00022523270424435908	8.240105318873853	0.8514123500257629	1.437051310018335	6461.657907942219	4.211983754338149	0.45306265857122147	inactive
13.663337977842396	0.12114091791445714	-0.9455874170655927	0.4198341205705432	14.942857142857143	470.50400000000025	1.1428571428571428	3.3950176042386704	1.4607721269037341	1327.2877827148177	-4.33	130743445.20606165	4.679982655422314	119.4791151249542	33.22698263736048	88.33	5.0	5.0	4.048500000000003	0.09804092753645295	0.8221796578389372	0.00024494887365685166	8.117998482423435	0.8501225521494273	1.373107533895689	5183.2398999937695	3.9592473621735955	0.5204143286386012	inactive
13.571359913468498	0.018829436223014806	-1.1017102072310407	0.3612160462924562	11.5	489.5070000000002	1.1388888888888888	3.4339299086635524	1.667867987452943	1283.46438712953	-4.6	193026804.3395892	5.899368090039705	102.41632157625004	39.91793339197013	110.45	7.0	4.0	3.7494000000000023	0.12529630650119966	0.8507844019885812	0.00020291120200754175	8.50846312629011	0.85879493441242	1.4684061048878	6916.524145446709	4.428800370596878	0.48328608539697404	inactive
13.842142265761268	0.03647974492289907	-3.8942100433036573	0.2853919204485087	12.121951219512194	581.6260000000001	1.1219512195121952	3.5064551247888214	1.7804914421822773	1614.19889306997	-4.619999999999999	1398934368.8041337	6.583745620746549	102.28584507309859	62.25522738876708	134.94	8.0	4.0	3.2146000000000017	0.47607305586691556	0.9746671405551036	0.0003041283325803737	10.030355796715133	0.919300062857633	1.2301052210157635	12424.205962537473	4.989716251032723	0.2371475394722908	inactive
13.5824748826043	0.06143428526139583	-1.0274798962794998	0.3629797883277317	11.5	488.5190000000002	1.1388888888888888	3.4397728352834847	1.6544020373686363	1298.1534977172216	-4.529999999999999	195612960.3196272	5.929500001601115	113.9156636332572	40.336780178638016	97.56	6.0	4.0	3.959900000000003	0.11207088975169957	0.835247218798191	0.00024606946433051356	8.261250180359783	0.9047572706351429	1.601930125110536	6049.8244826821	4.098668595082532	0.613957206378001	inactive
13.84922429792445	0.002765975089658035	-1.1296180293104905	0.3893475210272465	14.91891891891892	504.4930000000003	1.1081081081081081	3.5759616021129306	1.4971194607606388	1398.8086295258386	-4.6000000000000005	398136808.28675455	5.177822716034307	113.66651740584149	39.833864601873394	97.56	6.0	5.0	4.023900000000003	0.25394650097938704	0.9245296603780236	0.00030259859358770005	9.366527491086506	0.8936293556766961	1.3943577947890549	6924.644655083957	4.179682497334811	0.4803794121141492	inactive
13.540761290627362	0.09725486349268819	-0.972207787435962	0.39330571675889536	11.6	472.5200000000002	1.1142857142857143	3.402565863819724	1.640424044775408	1278.6079877627571	-4.329999999999999	114429936.8421354	5.972937463874067	119.47911512495419	33.22698263736048	88.33	5.0	4.0	4.259720000000003	0.13379366016978503	0.8582075914404488	0.00025073962901862027	7.843622654019098	0.8612975817582447	1.5021624621583303	5763.812863145284	4.100610223321987	0.5984249966950289	inactive
13.77499409399256	0.08362007933211069	-1.0099335999832035	0.39581622831796376	15.216216216216216	500.5300000000003	1.135135135135135	3.4674507776335606	1.4577774173038152	1363.636785317861	-4.53	433231996.52408737	5.503620398174321	113.91566363325721	45.87570543102135	97.56	6.0	5.0	3.754800000000003	0.15865096001717235	0.8774369155560942	0.00024602271317847047	8.510387757148495	0.852480106232207	1.3766731265133536	6157.87380754407	4.102263136200729	0.4498631627582011	inactive
13.816115755620174	0.12577054754408667	-0.9522540837322595	0.3995690616333251	15.194444444444445	484.5310000000003	1.1388888888888888	3.5804407170182784	1.4875325048635466	1343.9389901875022	-4.33	283940707.0268642	4.883180184111369	119.4791151249542	33.22698263736048	88.33	5.0	5.0	4.438600000000004	0.2565087773404094	0.9265282913554151	0.00025670647948904704	8.093337018805634	0.8434844096282449	1.2497428485265254	7366.64129813877	4.4726871436037525	0.32538650874999336	inactive
13.929224297924453	0.05278958046589732	-1.0496180293104904	0.38121435025431805	15.135135135135135	502.5210000000003	1.1081081081081081	3.5759616021129306	1.4971194607606388	1395.8297667644758	-4.3999999999999995	398136808.28675455	5.252877383906687	119.22996889753848	33.22698263736048	88.33	5.0	5.0	4.577700000000004	0.05787119036449406	0.751869429331172	0.00018773484432683826	8.86434227581174	0.8033524921798076	1.5756849192696945	5214.064502803942	3.987912760127217	0.6066685963136775	inactive
13.792468978657427	0.033236344692197495	-3.521594302562917	0.29107018488375136	14.463414634146341	576.6500000000001	1.0731707317073171	3.7189367023481172	1.4844085699764016	1589.612775525818	-4.38	2595635144.0681663	6.351042030150623	108.35221214156022	41.99480792082112	122.47	7.0	5.0	4.672000000000004	0.41312047676145447	0.9651076930410213	0.0002645082947455018	9.586015620067766	0.9155829527720194	1.3134353134204997	12103.14064603162	4.995762317489918	0.2942769738399575	inactive
13.754070215181777	0.12853982192050406	-0.9439235848660463	0.5130592289905724	19.305555555555557	492.55100000000044	1.2222222222222223	3.6623109352586214	1.4268448338411746	1181.5039225964913	-3.5900000000000003	267684283.14949897	5.158083912263904	84.08674386771375	51.47675624200504	97.56	6.0	5.0	3.852800000000003	0.260787703307139	0.925734542992768	0.00030077852287105475	7.473544168998243	0.9260933603521042	1.3763845176705256	7539.9953771080945	4.3639924034182185	0.4159183425333357	inactive
13.606713355771344	0.1478496291767395	-0.9010097526664993	0.5501862639629632	17.176470588235293	465.5290000000002	1.3235294117647058	3.3762685378640596	1.6165830186865644	1092.950165235985	-3.589999999999999	69100318.99974987	5.659930651828266	84.08674386771374	64.30591799186126	91.57000000000001	6.0	4.0	2.8453000000000017	0.2683945718734554	0.9291460733156806	0.000326700750299602	6.974744039153071	0.9105635633068211	1.4579974246711764	6864.4522008919275	4.296879612231295	0.42891216651397485	inactive
13.763137990440029	0.07176397577957849	-1.038611084866046	0.39244796983746144	13.432432432432432	500.53000000000037	1.1081081081081081	3.4674507776335606	1.4992221457188535	1378.2197134908433	-4.37	433231996.52408737	5.566523955262853	113.41274805649259	34.93395487102292	97.56	6.0	5.0	4.028400000000003	0.42054846069877416	0.9660804061689253	0.0003866592496496177	8.594707916412924	0.9317873033957028	1.2027949794527537	8695.192755557277	4.518310447420937	0.2931067410262897	inactive
13.67770939116132	0.09667075399204417	-0.9554770828084325	0.33779305070375626	17.18421052631579	514.5570000000002	1.105263157894737	3.454293158353696	1.366129333362356	1345.5376327615231	-4.53	532024594.8432019	5.883464107652064	114.41857921002183	45.37278985425674	97.56	6.0	5.0	4.361100000000004	0.41775720606540256	0.9661676113211669	0.00031280613943392567	8.489946415401919	0.8983316933588235	1.1699284317881584	10002.799782302041	4.830142092562739	0.2504025913555093	inactive
13.745378794168927	0.09433819682602151	-0.9953559355841104	0.3664701773840318	12.527777777777779	486.5470000000002	1.1111111111111112	3.423998093835938	1.6899487369090271	1311.4013259518028	-4.329999999999999	173631450.0901383	5.655081908288624	119.47911512495419	33.22698263736048	88.33	5.0	4.0	4.820720000000004	0.17533472167307698	0.8871667680326861	0.00020460400540702988	7.8329926402025425	0.7773285660596975	1.2061437577990826	6399.874684980448	4.352226523276412	0.3197417472330618	inactive
13.630806326292888	0.10567099089916598	-0.8671208637776109	0.4969949644544377	15.323529411764707	464.5410000000004	1.1470588235294117	3.2596646108301663	1.6138549661595851	1066.6693738480324	-3.5500000000000003	67800763.1320986	5.866436281240571	84.08674386771375	39.26882346650844	88.33	5.0	4.0	4.473900000000004	0.24684607509527262	0.9209120105739184	0.00031532637034306833	6.771626716905948	0.9154741436291487	1.3568639686275097	6819.034224771903	4.29902414800527	0.4651183232111741	inactive
13.726003085552147	0.07530062052879538	-0.857188890988495	0.5228817701261881	21.914285714285715	476.55200000000036	1.1714285714285715	3.608250442695905	1.4201894749413877	1142.252653652098	-3.5500000000000003	166512733.18143144	5.109840430908075	84.08674386771375	39.26882346650844	88.33	5.0	5.0	4.329800000000003	0.16761195683268315	0.882134075128536	0.0002521354140989985	7.020198631254132	0.8884297918358618	1.4347344999568756	6646.4993148504955	4.303463854854113	0.4626543486221034	inactive
13.518561428333705	0.09525432423249924	-0.8624912341479811	0.5586367862945766	15.06060606060606	450.51400000000035	1.1818181818181819	3.382184403110521	1.5993171856865063	1052.533576892829	-3.5500000000000003	49592618.15563165	5.631575431078692	84.08674386771375	39.26882346650844	88.33	5.0	4.0	4.083800000000003	0.17441768395229765	0.8794003864863115	0.00034432030333602585	6.744443528815091	0.974810771828452	1.4875073823294929	5796.894452185939	4.021894103064476	0.652113985195854	inactive
14.567094668294821	0.05628956996787071	-1.0407594797178132	0.348742364809198	15.64102564102564	531.5630000000002	1.1282051282051282	3.6517172676352576	1.4393065650365366	1417.47222800732	-4.6000000000000005	1108753955.3971024	5.949218117701467	114.16943298260611	52.35833627833358	91.57	6.0	5.0	4.169100000000003	0.14068856005865094	0.859917317366306	0.0001500218195203027	8.972136651422904	0.750412425336149	1.3301537685185836	7353.7110391229635	4.565058753247488	0.40775836366041557	inactive
13.714798515761267	0.02342450110081784	-1.1047427458637775	0.3364282414730551	11.837837837837839	499.5020000000002	1.135135135135135	3.560315837735462	1.5230602422865829	1535.2684489914543	-4.859999999999999	384500994.27188367	5.224803737264419	108.1765689951245	33.311051427457215	114.36000000000001	7.0	5.0	4.405320000000003	0.12478008062162878	0.8506096160396601	0.00020100220685558633	9.220044858093148	0.8327478121029335	1.6082717950547225	6561.565160404255	4.3130599532028855	0.5669957229465462	inactive
13.66672453616943	0.13316532196492492	-0.8925388164525072	0.48919184285650036	23.38888888888889	492.5510000000003	1.25	3.369076325049936	1.3809183168209291	1189.50231121739	-3.589999999999999	136927509.3488731	4.88085629410617	84.08674386771374	52.482587395534274	97.56	6.0	5.0	3.708700000000002	0.458588670111554	0.97140260130901	0.00043252831464381865	7.473544168998249	0.9654652285461641	1.2961360235846149	9076.278294832528	4.585035793719918	0.28560680696250484	inactive
13.735419264060589	0.04404524940013754	-1.077248414798018	0.3484837625294772	11.837837837837839	498.5180000000002	1.135135135135135	3.5749599513211754	1.5236092795615805	1534.6134269594008	-4.859999999999999	403547199.2410564	5.080955919353745	108.61316514786313	37.87815107524857	106.14999999999999	7.0	5.0	3.8424000000000023	0.24527396417936118	0.9223659244748263	0.00020652258308440362	8.91087699021335	0.8337142332424575	1.151104946820548	8712.096167845892	4.823662124840461	0.2744647093140404	inactive
13.473861656033584	0.11298568359850836	-0.9424912341479812	0.5644940798061223	16.696969696969695	452.48600000000033	1.2727272727272727	3.382184403110521	1.5993171856865063	1055.3457691220528	-3.5900000000000003	49592618.15563165	5.614213593235916	84.08674386771375	52.48258739553427	97.56	6.0	4.0	2.9301000000000013	0.19580950970464908	0.8962132040186448	0.0003131019145005983	7.202153913514762	0.93158330616593	1.527779219310494	6248.028991062923	4.1955975318806935	0.5627487232578785	inactive
13.796943931798054	0.026117325660750756	-3.4249507840443987	0.3564507935988646	14.692307692307692	548.5960000000003	1.1282051282051282	3.4661123728601395	1.5352225695392396	1593.459596408387	-4.38	818467686.1398803	5.725812799061032	107.8492965647956	42.497723497585724	122.47	7.0	5.0	3.675600000000003	0.2990559967209117	0.9382290674859407	0.00026313183739209636	9.667966840999604	0.9327131909279809	1.369697501207796	9554.945391987389	4.612591232569359	0.3627084296958407	inactive
11.547936153953469	0.3727726337448558	-0.3858414888248938	0.7894444918426116	16.42105263157895	280.7550000000001	1.2105263157894737	2.385157762582464	1.8681093804357034	482.08923776135185	-1.3899999999999997	19796.80942943445	3.783932713684857	34.85155307928476	47.669269761067696	40.620000000000005	3.0	2.0	1.5731999999999995	0.2986283562585574	0.9382851016439993	0.0009049864206434868	3.8313751095067863	0.9281714574903766	1.0965437330850718	2752.3934636649706	3.4654601333140085	0.4173535426676557	inactive
12.689548651671668	0.04562925170068022	-4.408862772445476	0.729889035861507	11.772727272727273	304.251	1.1818181818181819	2.4660950603768796	1.9846842051084186	886.825334555972	-2.7	95669.69177226067	2.8301615058278795	70.03063404605194	9.967957041894417	56.95	3.0	3.0	2.556800000000001	0.39786598206743273	0.9630486245153956	0.0008281104827145752	7.040025487697286	0.8454228937848861	0.8987241105770224	3204.6373712614654	3.6295351372007048	0.2606786569623848	inactive
12.612902337945176	0.07918890936003975	-4.502001261867109	0.927260520068736	11.08695652173913	323.25000000000006	1.2173913043478262	2.464899114805332	2.1341470467999017	744.7421149657532	-2.9000000000000004	100474.21771769493	4.285595567867038	59.41587696062519	16.860463538250563	82.12	4.0	2.0	1.6450999999999996	0.5508175844716039	0.98327292739404	0.0009658283634358831	7.5812708718892505	0.8970944078504177	0.8757334112790337	4574.831796681368	4.049820481157402	0.20426487744436042	inactive
12.84927087389389	0.06962270093222434	-9.759542217075586	0.6556488145301503	15.041666666666666	362.303	1.0833333333333333	2.4521169042577924	2.02925963248139	1001.2647703008015	-2.49	138421.99924535237	3.3740764476979686	64.46718255435495	9.967957041894417	56.95	3.0	3.0	4.195400000000002	0.5963257124645958	0.9869451288338301	0.0009818129170814768	8.561262082386026	0.950110008452693	0.9560255737568529	5708.734064699097	4.184015432852754	0.23750708755054614	inactive
11.89185941043084	0.09351851851851833	-0.09351851851851833	0.80896402110841	10.055555555555555	241.29399999999998	1.3333333333333333	2.3499375579690835	2.0618064780775383	516.9704916140216	-2.36	13295.946702989075	2.852544582925813	53.852425468928196	10.891158250298714	68.01	3.0	2.0	2.15342	0.5131234856991373	0.978800312292051	0.001878088095209944	3.348466454950686	0.9539863350653193	0.9285830026197228	2365.934031529214	3.3307996170572363	0.2879358331400517	inactive
11.872668178382463	0.08525982615268313	-1.3699485596707819	0.9189872222861527	10.05	289.69800000000004	1.3	2.384686237925746	2.106644573912719	658.3722050445389	-2.4000000000000004	30843.5318013316	3.5513007817506095	58.87505878266952	16.860463538250563	82.12	4.0	2.0	1.2796999999999994	0.4862051507969314	0.9762699583338409	0.0010575184568794123	5.929209252286176	0.8831556179737722	0.8698018704260596	3405.7607113380777	3.73835584563328	0.23907660191787672	inactive
11.933892668178384	0.14648431594860156	-0.6199485596707814	0.9027007951105369	10.05	289.722	1.3	2.384686237925746	2.1066445739127184	658.3722050445388	-2.3999999999999995	30843.5318013316	3.5513007817506095	58.87505878266952	16.79833797965022	85.08000000000001	3.0	2.0	2.0151	0.4568529594602196	0.9723432764669709	0.0010226451959979555	5.179477978555257	0.8868684189724496	0.8696507083653617	3293.076210455753	3.686183844817976	0.24636911246887527	inactive
12.498407501889645	0.17395678487444344	-0.17395678487444344	0.5352591178309777	10.44	336.391	1.04	2.642008004386403	1.6360956641169697	892.9985907353538	-3.2099999999999995	583355.3673685178	3.827878629454942	66.2271221763131	26.168615641054533	73.58	4.0	3.0	3.2394000000000007	0.34408463419487956	0.9517519612781004	0.0006322649705120562	4.911524542517248	0.87634814006145	1.0618195712336522	3958.23954302195	3.8284583332552202	0.2843027788120232	inactive
13.676467518347254	0.0653277351202346	-0.9905333522297812	0.42865422230911343	12.085714285714285	469.54500000000013	1.0	3.4129982570995367	1.7614165489781008	1251.9416877796084	-4.33	98540959.40653165	5.6035875908567245	108.35939579851423	26.766295021544636	101.22	6.0	4.0	4.466600000000003	0.13189584021775297	0.8354422887041919	0.00016707595067276402	7.3350128452705565	0.6719586952896612	1.192068747685662	4917.470115734456	4.16076063009788	0.3483487856909475	inactive
13.80937031438813	0.013690943070677974	-1.317503516838834	0.3603723890895255	12.128205128205128	530.6000000000003	1.1025641025641026	3.436282753932556	1.7694075486404997	1505.2118985369768	-4.529999999999999	468649038.865172	6.311501293369798	118.07262414076794	27.91019403335415	97.44	6.0	4.0	4.556900000000004	0.1790746828639596	0.8894351106431151	0.00015255429250537873	8.236677319787892	0.7769432981676316	1.247964283612145	8657.24302301114	4.843268755441118	0.2680327218568133	inactive
14.044136073812748	0.05317940175102098	-1.1308005794910552	0.3018234142798358	14.704545454545455	599.711	1.0227272727272727	3.5518771040697357	1.5015392019033096	1545.7601861239546	-4.64	7592450216.11442	7.2815182235750076	101.78292949633398	71.43765876463519	107.7	8.0	5.0	4.400000000000004	0.09593024607742778	0.8027821043694414	8.258389966269239e-05	8.749644480411181	0.7188191631971795	1.6619593017046017	10492.98681318416	5.308084531801062	0.3814219541658432	inactive
13.997017157375652	0.044735121672125455	-1.1426524313429074	0.30544658541152697	14.279069767441861	586.6680000000001	1.0465116279069768	3.551871365942753	1.5081397038453654	1514.9655465068415	-4.64	5368332025.811456	7.233550605153861	101.78292949633396	59.61432816830819	113.69	8.0	5.0	4.4848000000000035	0.06397847013431454	0.76807064913925	0.00013287686031098218	8.946628652459818	0.822361145496135	1.856271314159813	7947.822222739191	4.5039094787789	0.6598594382482202	inactive
14.59709128558831	0.014442935353153885	-1.4887525720164623	0.24328550442661226	14.125	652.7270000000003	1.0416666666666667	3.6289577091519534	1.538328683301339	1964.0684625608112	-5.359999999999999	70033208154.83891	6.837654434016053	124.13899120922957	59.03104425362278	122.28	9.0	6.0	4.7027000000000045	0.08992225753279622	0.8117200390372918	0.00012898330989844783	10.320181335115297	0.8379252754424247	1.7835799364593596	9320.290962946252	4.542718884328232	0.5316135407458021	inactive
13.805319388462202	0.025258047019184993	-1.144447961283278	0.3603723890895255	12.128205128205128	530.6000000000003	1.1025641025641026	3.4337158356651383	1.7513583357898088	1505.2118985369768	-4.529999999999999	458741880.9602807	6.489356510736016	118.07262414076797	27.91019403335415	97.44	6.0	4.0	4.556900000000004	0.13234998022677902	0.8573632836192844	0.000169510208374157	8.236677319787892	0.8301475046887592	1.690585118354687	7898.608378528497	4.585190966553615	0.48553579653998025	inactive
13.710837151122819	0.020831824242042662	-1.353336850172168	0.37746991949018804	12.105263157894736	515.5650000000003	1.105263157894737	3.423015652159965	1.7388430215119017	1456.9388506515338	-4.529999999999999	318933499.95864475	6.054064639281119	118.07262414076796	23.343094385562797	106.60999999999999	5.0	4.0	4.175600000000003	0.3272861436413219	0.9458019270883464	0.0003071833757743248	8.489946415401919	0.9432658911437795	1.3304472671695258	8919.270088140844	4.560509455060131	0.3458569503602034	inactive
13.84810645699332	0.04471178221696781	-1.1311032900814644	0.32531311338216556	12.05	544.6310000000002	1.025	3.4621350416633487	1.736827359281404	1431.8128167019256	-4.6	766197184.7055404	6.688971643112235	101.78292949633398	47.406395392811596	104.46000000000001	7.0	4.0	4.714200000000004	0.11713319487677382	0.8432227705638058	0.00014287804009301505	8.217197467222181	0.8293629289499802	1.5144234502180116	8955.572378810268	4.8439610161631546	0.41999377595695586	inactive
13.787033138777144	0.05100227802834256	-1.6756516649869828	0.35903631434188926	12.125	544.5830000000002	1.15	3.422022384440405	1.801688198370889	1556.4626757456208	-4.7299999999999995	638378713.8362228	6.280928995728074	111.50334149554172	23.343094385562793	129.67	6.0	4.0	3.557620000000002	0.22414802697769065	0.9109429049549858	0.00022518229426710037	9.153576451605614	0.922143420539899	1.610742945758005	9153.866747648492	4.612849833424042	0.4397910704651106	inactive
13.6354102096014	0.01955780447573341	-0.5558071897772476	0.73344185574224	16.16	356.78400000000005	1.28	2.623226744701067	1.6749357004587393	971.5453625595712	-2.659999999999999	707379.3239760897	2.9136670186075024	65.19519520048003	17.49804021481163	51.22	3.0	4.0	4.532100000000003	0.4918928774723711	0.9766441556643785	0.0007900661606149534	6.573600209248222	0.924229119171521	1.0634392367188692	5031.920855138469	4.039932956538867	0.3156221172266263	inactive
12.927418272864701	0.0700998362307883	-0.2870508944318473	0.6597209287605736	16.16	372.25500000000005	1.16	2.623226744701067	1.6749357004587393	968.7904750574078	-2.299999999999999	707379.3239760897	3.03229155039625	64.40060767317546	17.43591465621129	54.02	3.0	4.0	5.079500000000003	0.47722032607307135	0.9746200935208901	0.0007006685418396657	6.452923349974949	0.9341077233855187	1.0881581245070389	5562.813780591517	4.154669842413161	0.3290754203772063	inactive
11.979276856901315	0.26947373393801977	-0.37815913810682944	0.7760705272330045	19.17391304347826	336.86300000000017	1.3043478260869565	2.47379858537879	2.0893727439292973	573.8949424072243	-1.3899999999999997	109463.11360442606	5.046195491010646	34.85155307928476	47.16635418430308	40.620000000000005	3.0	2.0	2.9879000000000007	0.3087684984374684	0.940445931252031	0.000442982085307878	4.0496210705364835	0.7280976208634826	0.8436543321048542	3520.3558741672714	3.8524444842372003	0.2177974211254338	inactive
13.901716925100313	0.09613295659069365	-4.316078322528465	0.16400243283769095	24.261904761904763	602.5850000000002	1.2619047619047619	3.529906357278915	1.5327687552031775	1461.8250178001756	-3.5699999999999994	1990049828.6284673	6.415165979654215	54.48581754884427	68.34792222191584	203.54999999999995	13.0	4.0	2.3121799999999997	0.4346877268246173	0.9687560243923655	0.00023644894241037638	9.216845753766266	0.9117863358121997	1.4214464584965945	14176.52173556059	5.278628724431629	0.2861599419709838	inactive
11.822865847759877	0.19287163902649085	-1.4081783824640974	0.3241239499692836	28.304347826086957	328.30100000000004	1.4782608695652173	2.80026733141165	2.1344788408647846	680.6359872613865	-2.1700000000000004	128201.83896668816	3.602878954231661	28.235198173807753	50.87549387795973	144.68	9.0	2.0	-2.0861999999999967	0.3274561312644806	0.9472818599897883	0.0005586775686430227	5.16314219124475	0.776143316178455	0.926970000998681	3365.333902569971	3.720866487777293	0.21224926944506387	inactive
13.464597033257746	0.22183555366591134	-1.437984339569161	0.6366875885857132	21.296296296296298	380.7870000000001	1.1111111111111112	2.9236994766459277	1.6829919224474048	1110.8369516950725	-3.1199999999999988	2544817.261467382	2.2301007302946374	65.44434142789574	23.591280285750045	68.73	5.0	5.0	4.049400000000002	0.4292281831823936	0.9683064997800503	0.0006233367230974847	7.480395985003124	0.8685823826970354	0.7002892668958679	4845.826419002422	3.9393171571413155	0.14466273649369232	inactive
12.066722883597883	0.05831506676744769	-0.05831506676744769	0.7499882961295296	10.65	284.74600000000004	1.15	2.8210023287744006	1.7589737347978533	763.7676776672087	-2.26	58939.201655083554	2.6772603040863747	65.31386492474428	10.891158250298714	44.89	1.0	3.0	4.002500000000001	0.40842104063782514	0.9648870411319536	0.0009147486394865344	4.637748276064094	0.8608398087855214	0.8178553815661831	3084.1848847928704	3.6550376945871657	0.23599517022235086	inactive
11.998945105820106	0.1608150667674475	-0.1608150667674475	0.7991845879607776	10.65	286.718	1.2	2.8210023287744006	1.7589737347978533	767.1643187330809	-2.3299999999999996	58939.201655083554	2.6504706869318633	59.1170213531312	11.063842986476951	55.13	3.0	3.0	3.6624000000000017	0.4992250746665635	0.9774830493874026	0.00114240605846185	5.2201165206274105	0.9294264462670031	0.7602944520848468	3583.425516295861	3.793593307567941	0.2267235790260002	inactive
12.263782596371883	0.031584335027246	-3.206354219156799	0.9261734393641617	18.91304347826087	349.8390000000001	1.173913043478261	2.455273762424522	1.7790549008053718	848.42191404436	-1.8499999999999996	144006.7167137231	3.9200231349905286	70.2439243365252	20.077830320427232	63.24	3.0	3.0	2.668400000000001	0.45306919819304686	0.9716968527315958	0.0008199027626772837	5.6026944701340256	0.8990859961533714	0.9467869095848264	4173.521735800692	3.763854466982402	0.2906136942974137	inactive
12.213134448223734	0.1822739949889418	-0.642005385487529	0.9135351459492175	16.59090909090909	314.772	1.2272727272727273	2.5006227578041504	1.7483623132549753	730.1038065906845	-2.3299999999999996	119527.26720028059	3.120206578866016	70.2439243365252	11.814359458703011	58.2	2.0	3.0	2.3698000000000006	0.5317896697448566	0.9814415359909269	0.0008922849214360788	5.098837554916979	0.8784856807211445	0.7991075941968557	4510.2869593600735	4.108968486336722	0.16212867315730897	inactive
12.395333994708995	0.0010696963970771023	-0.21460358577587435	0.9005357032636657	18.40909090909091	314.81600000000003	1.2272727272727273	2.6954911249576146	1.758652702383797	711.7382734399441	-1.9999999999999996	104366.72086723387	2.9489795918367347	64.6804728448282	11.446104981734852	41.129999999999995	2.0	3.0	3.9441000000000024	0.5120273400320559	0.9793357374163091	0.000847607518714593	4.29506246281975	0.8557218398552793	0.8146306784663234	4271.699983912635	4.039331119530452	0.18182101959466235	inactive
13.22594096889168	0.14078446502057584	-0.25532656485796856	0.3646965546914206	10.84375	447.9410000000002	1.03125	2.7823342797895982	1.510406858854747	1238.2661512517184	-3.4399999999999986	18828434.46879826	5.237309014589606	101.0904820344851	17.43591465621129	45.230000000000004	3.0	4.0	6.235000000000005	0.4670174962039601	0.9733005962691376	0.0004065310035508277	7.287321101469717	0.9292780362535439	1.2968678587488796	9254.442647005679	4.898739301176108	0.27937367322946083	inactive
12.23980253212396	0.08511778785588286	-0.08511778785588286	0.7798342382094987	10.636363636363637	310.78400000000005	1.1363636363636365	2.4812133992632286	1.8398376934109475	845.3648095914491	-2.3899999999999992	117435.83018712861	3.096627284542339	71.00779291959273	10.891158250298714	41.99	2.0	3.0	4.377820000000003	0.6027364773071953	0.9875734927402892	0.0011478148487628556	5.067233091204522	0.9317324462585456	0.8827958300652131	4812.541229219537	4.1663439153679676	0.19449200723784318	inactive
12.278093427185688	0.12093836608717567	-0.12093836608717567	0.7856750944674603	10.521739130434783	326.7830000000001	1.173913043478261	2.5493936759138833	1.8525485644647035	864.5194420716361	-2.589999999999999	205664.6866233248	3.4309359978646925	65.31386492474428	18.000955791576246	51.22	3.0	3.0	4.078000000000002	0.42478924280845953	0.96714933522124	0.0007547412267000086	5.494379575938145	0.9120727483646122	0.8168586397626066	4335.808970749868	3.9694749388834705	0.23562477396348327	inactive
12.122244425547997	0.13785210380448465	-0.13785210380448465	0.8051952011122818	10.523809523809524	297.745	1.0952380952380953	2.4739761554776227	1.8039060510745435	798.8888977295804	-2.46	80913.86414105113	3.17244814374422	65.44434142789575	15.875136771245923	54.88	3.0	3.0	3.464400000000002	0.32507002142720703	0.9473402227378036	0.0008381515731341058	5.386836704973577	0.8544388570838567	0.7380385473153445	2720.0631711257965	3.40963754061461	0.25380051118488894	inactive
14.182755109198562	0.00044666477702226537	-1.1547790690350213	0.5146267667184693	21.81081081081081	523.0330000000005	1.2162162162162162	2.901054531540865	1.482615215537886	1313.0867033316038	-3.199999999999999	255992504.11805844	5.01098198871396	65.44434142789574	77.13931521801598	95.0	6.0	5.0	3.462300000000002	0.174722768956281	0.8855724999064952	0.00016595810265620037	7.682233639805304	0.7577969219246035	1.2082590205820514	7449.384482695821	4.569886259980032	0.27367082489942884	inactive
13.194283063534053	0.09434014655244782	-0.3613950302343165	0.6313150619434027	18.03448275862069	408.88500000000016	1.206896551724138	3.561001245333175	1.4380375370146812	1075.6560511414777	-2.789999999999999	11503045.34677983	3.746156117046022	59.37797435943413	24.10492217932455	60.45	4.0	5.0	5.181800000000004	0.2634762259874126	0.9257793177173543	0.0004027143575944141	6.351892809895853	0.9442607789232612	1.00702793709325	5856.269556542283	4.196724667216554	0.2804688679614299	inactive
12.652581520518131	0.11640804778701619	-0.11640804778701619	0.33359365823404774	10.733333333333333	480.7930000000001	0.9666666666666667	2.7307290015538968	1.4440981712474363	1189.4234316092575	-2.889999999999999	7453382.81183328	5.174739960380365	99.74598070927162	10.891158250298714	54.02	3.0	4.0	6.444000000000004	0.3503994466689864	0.9532658264246244	0.00021994717455845315	7.663080590984603	0.80525036457371	1.1034919202482831	9757.656224695285	5.15329476921072	0.2391955266864545	inactive
13.63451636752931	0.07719006745896584	-1.0229469009826155	0.4076751685217047	12.2	473.51700000000017	1.1714285714285715	3.567340431231144	1.7167042935517185	1234.4383421324724	-4.41	103292484.87991501	5.570199066292972	84.09392752466778	43.852524906120784	141.10000000000002	8.0	4.0	2.2562999999999995	0.12218876229921512	0.8477355258100593	0.0002192905934446128	7.802295801188543	0.8111803382125892	1.3120506468530673	5657.123111983761	4.15252857156818	0.4128014682228594	inactive
13.464597033257746	0.22183555366591134	-1.437984339569161	0.6366875885857132	21.296296296296298	380.7870000000001	1.1111111111111112	2.9236994766459277	1.6829919224474048	1110.8369516950725	-3.1199999999999988	2544817.261467382	2.2301007302946374	65.44434142789574	23.591280285750045	68.73	5.0	5.0	4.049400000000002	0.360930776549795	0.9557261007002316	0.0005225185144886798	7.480395985003124	0.8227190824624432	0.6357878154551739	4402.238375916993	3.856674532944135	0.13553588126232577	inactive
13.628465765156957	0.029557804475733418	-0.5640716525871647	0.7544587841469912	16.16	357.772	1.28	2.623226744701067	1.6749357004587393	974.4424477868743	-2.729999999999999	707379.3239760897	2.890852405441876	59.38978113832135	22.482018735758842	64.11	4.0	4.0	3.927100000000002	0.45022987247100715	0.9709780769508891	0.0007428741088428719	6.879205329344418	0.9229462450465477	1.141422279026346	4794.392686903079	3.961866114830874	0.36755259267473533	inactive
13.718227433624708	0.009363707030103141	-1.1848875380841326	0.35547420833342624	12.108108108108109	502.5460000000002	1.135135135135135	3.4205420999196936	1.7253792151356815	1354.1270103135344	-4.369999999999999	220471602.01922825	6.254935970524448	113.9156636332572	33.43360030135071	108.55999999999999	6.0	4.0	4.183100000000003	0.14836910834060157	0.8674631099075477	0.0001846405843061435	8.322439260108734	0.7633238990966387	1.3207350742838126	6343.021019296498	4.323388369771997	0.3675387193020526	inactive
13.860235825365248	0.04704079008146467	-1.0800012597631643	0.29219777664267466	13.0	551.5820000000003	1.0975609756097562	3.7606976807398507	1.3364954150822066	1653.4456545815622	-5.19	4151407995.3128633	5.464506095891182	114.17661663956014	43.091536170903424	119.03999999999999	8.0	6.0	4.160400000000004	0.08673569534846419	0.7677326184428581	0.00011027619110736329	9.721413675684841	0.6792238850692873	1.5434780565397663	6528.925935594928	4.496119105888678	0.5253927889470524	inactive
13.636918461829175	0.10412999837325576	-1.0900961094314272	0.3942323076136106	12.108108108108109	500.5580000000002	1.0810810810810811	3.420894717388939	1.6941281527867826	1337.4495011183303	-4.469999999999999	221547596.15236405	6.211776448272394	101.38933764197908	38.868546385173566	115.07000000000001	6.0	4.0	3.4074000000000018	0.0783443383557594	0.7828746642077852	0.00015430479175607264	8.27094527702027	0.7527195260218917	1.242132865017996	5901.620690721469	4.312701738216304	0.35789968882879347	inactive
13.746880746801832	0.001419590479334376	-1.0903307403208198	0.3409519263336881	15.41025641025641	527.5560000000002	1.1538461538461537	3.6439713829138873	1.462837161455536	1444.311332990159	-4.859999999999999	1089139960.0353293	6.007306746273961	113.9156636332572	34.23425263586151	117.43	6.0	5.0	3.9068000000000023	0.38291115271216314	0.9592904892482974	0.00031342460895983105	9.114033357222844	0.9230992437560959	1.1661136727193486	9626.454023667973	4.668907175198447	0.24766989511541898	inactive
14.46448589765847	0.10702253699298403	-1.0638905685731086	0.29368280414943776	14.136363636363637	596.7070000000003	1.0227272727272727	3.0362961668384467	1.5223063412525528	1570.208619674483	-4.699999999999999	7047496994.687889	7.436027559537586	113.5220717789023	59.6143281683082	100.55	7.0	5.0	4.8918000000000035	0.045887880215890124	0.715219835702007	0.00010699877456968829	8.940442363552616	0.7926875324601648	1.953588590655566	8402.538053206426	4.704318329873193	0.6734302606957548	inactive
13.895883447419116	0.16187453279444686	-1.240919994541027	0.35519943584846675	12.0	542.5870000000002	1.05	2.9062559739232023	1.7607657452202226	1545.991894738123	-4.789999999999999	564654055.1685687	6.794669760721846	123.87803820292663	23.343094385562793	115.57000000000001	6.0	4.0	4.292000000000003	0.10189685483826412	0.7792261708519435	0.00010554024417094308	9.1223006742187	0.6480519948233373	1.3507486426934543	6349.1009866452205	4.531819641568829	0.39948508668947114	inactive
13.876183626228269	0.048899479676745905	-1.2504630810657598	0.4593518268101319	17.12121212121212	463.8810000000001	1.121212121212121	3.32289497931798	1.5478296911768454	1338.7065812045441	-3.9799999999999995	52780750.87305749	3.982289287261383	71.83798092668626	33.60258356076521	119.24000000000001	7.0	5.0	3.9590000000000023	0.08509611552255404	0.7907292701715231	0.00016616187785068622	8.752916016209351	0.7377642709248847	1.4195925639151512	5350.99611582406	4.286153365690565	0.4447561260315933	inactive
12.069871031746032	0.19652517951625104	-0.20494855967078163	0.8565993959743756	12.80952380952381	299.737	1.0952380952380953	2.7583503858374216	1.7447563424165835	768.3772227789182	-2.46	82676.03611470504	2.851728640257839	70.2439243365252	17.64997924446028	60.14	2.0	3.0	0.6798999999999995	0.27696626438620836	0.9335088137885094	0.0006890269130603821	5.386836704973577	0.8501374685396738	0.7103301155853872	2925.411813764747	3.5606666915083354	0.2257885063779555	inactive
14.198160731030498	0.22058350655076864	-1.0435315754388168	0.3239631981195691	16.575	559.0060000000002	1.15	3.283206161225794	1.3587599958013503	1905.893895824581	-4.4799999999999995	1411167651.2268996	4.232267027116243	92.10683058729481	38.160974437254126	134.24	9.0	6.0	2.239799999999999	0.39117428296091805	0.9602097140960953	0.00028203313955603904	9.859769306802278	0.9505523843921948	1.3748842626983648	11471.287669186835	4.906038274682135	0.39810109311114544	inactive
12.568351236333907	0.06423212186108973	-3.7496170666290465	0.6038109384413629	19.166666666666668	458.5860000000003	0.9333333333333333	3.2721833145707793	1.4018382086524785	935.6841216389961	-1.73	5485173.978948256	5.491508086574946	34.55101462999553	88.7351014417395	121.19999999999997	5.0	3.0	0.7252200000000018	0.337263086067162	0.9500191597110205	0.0003890850593949757	6.1916450031452905	0.8831266768583395	1.233019639437835	6420.668343578324	4.171593379014904	0.33742802040649883	inactive
12.538413721970269	0.13456443688586583	-3.636085719009825	0.7971282356368949	11.818181818181818	338.47400000000005	1.0909090909090908	2.718451484865806	2.238695089388102	763.6932622219075	-1.21	74980.32885556866	3.5741375780047897	55.43221200079211	15.527594525606471	57.470000000000006	4.0	2.0	4.082360000000004	0.11194433171633997	0.8374077938310772	0.0005197102865816991	4.66231202675257	0.8121495256440564	1.1651953266089692	2321.9776654125444	3.156256656323208	0.47066062529931535	inactive
12.667799193751573	0.03328303347152595	-3.91813368397175	0.7241634224584719	23.346153846153847	402.4780000000002	1.1923076923076923	2.601995929123043	1.706286811443098	907.4101131597199	-1.7299999999999998	525290.93817136	3.4208619912537297	28.987563138298526	82.69326061259153	121.19999999999999	6.0	3.0	-0.548799999999998	0.4597609943602082	0.9725795144987631	0.0006718973630428917	6.138518144759647	0.9063620431172292	1.065065626342987	5257.092922164841	3.925856816880126	0.3052381635673392	inactive
12.40015695861678	0.005478580497641383	-3.8391778208196867	0.5692293262543775	12.346153846153847	427.57400000000007	0.9615384615384616	3.309845292589799	1.731858908312023	1100.0934774439424	-1.5899999999999994	923923.4543546869	4.207706930855129	58.26065510899773	27.572426096351872	95.27	7.0	3.0	3.927800000000003	0.5554367965201596	0.9837403247063781	0.0005500234485691271	7.801177253912595	0.8818922136003337	0.7344942859504304	7873.203313204831	4.639143841664627	0.1000932901743862	inactive
4.7098598968972345	1.0107781662047535	1.0107781662047535	0.7234463120807101	17.304347826086957	346.52500000000003	1.0434782608695652	3.2340722503196413	1.4044157278019986	779.0849278473094	-1.21	378709.86051243	3.0835174699757073	44.85179085610173	45.36351821256025	23.78	6.0	4.0	3.3919400000000017	0.2331568833770733	0.914076226083182	0.0004438058172869806	4.30189809583785	0.7297220384705222	0.9513238224637953	2958.5958814865107	3.534334453790648	0.32235686307708966	inactive
11.772853363567648	0.5213373960695384	-4.316147880448473	0.4172021599610088	12.25	321.3160000000001	1.1	2.3344822557999927	2.8240753288606553	699.4322118437071	-1.5999999999999999	14732.917516353755	4.82223765125967	48.96295000912413	34.8484178293007	163.42000000000002	6.0	1.0	1.3279	0.290482360849407	0.9362049345899888	0.000930144577193121	7.420192871223826	0.9171722664009827	0.8427732646901128	2573.251085777087	3.1471394354556743	0.3312263202322497	inactive
5.444044784580498	0.3951662887377174	0.3951662887377174	0.5654534001797089	11.125	342.38	1.0833333333333333	3.296750233017335	1.8054047298800242	995.358913199399	-2.8700000000000006	607871.2917149013	2.31384961028496	35.469935542312285	33.74490998783672	74.68	8.0	4.0	3.4384200000000016	0.5516054549737464	0.983279103106612	0.0008120345704794746	5.889161120709452	0.9122152154202422	1.0033187830105519	5627.278411578386	4.3436306483573155	0.22249900147628476	inactive
12.231947488872093	0.010247543461829212	-3.9384555403377557	0.748992439747958	17.73076923076923	393.4900000000001	1.0	2.611569594930028	1.726851927662192	976.0773972092371	-1.9399999999999995	612538.4253516482	4.2359878803181426	70.02182370991152	41.719801216377775	109.41999999999999	5.0	3.0	2.5623000000000005	0.30057225370701257	0.9401800174830504	0.00037795746277157285	6.301324631221104	0.7811755185524374	1.0965776966079017	4739.25600759183	4.044423540939675	0.27353844083430906	inactive
12.701995307382212	0.009508163560292271	-4.104226540048043	0.6000519122337806	18.074074074074073	439.5610000000002	0.8148148148148148	2.6174334403428454	2.2151832286925273	962.1839089616325	-1.0900000000000003	548949.0805762243	4.670338758637758	29.404442011454382	77.43757736235096	135.94	6.0	2.0	0.32040000000000074	0.3458747925398413	0.952359437727188	0.0003951819803056797	6.454160012968245	0.8171405297779528	1.1364617799503067	5540.2331696730325	4.045534199801794	0.2774018090012095	inactive
11.961442350088184	0.17105350319140045	-0.3255942670277985	0.9118767391542403	10.55	331.22400000000005	1.45	2.8407188251971465	1.9697688867131673	616.168666316774	-1.1399999999999997	39772.90427158525	3.927614168669235	49.889433786731615	18.000955791576246	51.22	4.0	2.0	3.5263000000000018	0.6572250425371644	0.9912928880860514	0.0010691046659186214	5.926701502059583	0.9350794222634601	0.5926396800117252	6211.15175178502	4.552295055493714	0.0985224838962419	inactive
11.278462030755778	0.21623650960231022	-4.047514576956764	0.6153192181361548	16.344827586206897	410.5190000000001	0.896551724137931	3.2031800103388486	1.4493275045236185	987.9340414448835	-2.4499999999999993	5797499.564312489	4.761932308421289	94.82252896141571	44.39664206968019	77.56	5.0	4.0	3.9277000000000033	0.5548944262262699	0.9836583052239232	0.0005742557564204478	6.0440407535563265	0.8967514134112737	0.9240856847190899	7777.8005587292055	4.683901349790741	0.20817077743210716	inactive
12.233017998866213	0.3269966458805744	-3.4933862433862433	0.8570026932217674	30.105263157894736	299.4409999999999	1.368421052631579	3.0527718149147782	1.667172861366755	579.4637304896314	-0.4600000000000002	32463.17547980375	2.7093074299819704	15.423646556153315	19.94653191118872	61.13	4.0	3.0	3.2585400000000018	0.42794812099057755	0.9681374438780563	0.0010236317149245186	3.648342294505171	0.8586028896700417	0.8068314501062309	2875.894431183478	3.4344741714940996	0.18091978827346702	inactive
12.610381465092415	0.06774381872303015	-4.048317088530156	0.7707937099695886	16.96	401.51500000000016	1.04	2.9785552732663465	1.7463631470268821	962.7607268708608	-1.5299999999999998	419809.4944352519	3.69634201062028	41.16473707476445	52.303814104551606	111.44999999999999	7.0	3.0	1.70332	0.4411659445635483	0.9698226187034691	0.0006285256404583597	6.569838781474245	0.907653588147618	1.218122240075167	5376.045346627152	3.983572009598233	0.37176099779473704	inactive
13.14999433106576	0.0855265022675733	-0.2647165532879816	0.6855322392888225	21.458333333333332	337.40400000000005	1.2083333333333333	3.2714612770778784	1.627258507577492	1020.8436466618265	-2.4699999999999998	810079.2414300243	1.6614809694769475	68.5804611649887	20.191762587410985	54.68000000000001	5.0	5.0	3.096420000000001	0.4582912660966274	0.9722668983465479	0.0009242609684992733	5.524191446433693	0.9150485679856136	0.9499018830046342	3873.571828261334	3.6715885992786337	0.24844779551428753	inactive
13.569118142793286	0.0003140766560680852	-3.415332157554379	0.7668477423894233	15.96	381.90000000000015	1.24	3.397529791782047	1.8638122946011995	865.4778562381006	-1.4300000000000002	708894.5910553241	4.220207836838393	64.43132661741248	14.170650591075727	46.17	3.0	3.0	4.513600000000004	0.3861172306340771	0.9605292896098514	0.0006612966962166293	5.536180289989017	0.8907013156602493	0.9634261758777118	4312.644856464176	3.7079490206762267	0.3509332581448942	inactive
5.895055508314437	0.5082154142521205	0.5082154142521205	0.49288293863626953	11.12	369.47100000000006	1.12	3.3469730914747555	1.646661857997591	988.8598460704674	-2.3499999999999996	1119388.456497549	3.2585479097497583	53.03564466778103	22.291139678826816	61.040000000000006	7.0	4.0	5.043420000000004	0.5637583502827899	0.9843359453416531	0.0005455398347503836	6.424848744797409	0.8303796476823607	0.27832934767121176	7169.142781700781	4.842051879129739	0.019799531448540537	inactive
12.103940237360376	0.03153759082961871	-4.151089308452222	0.7304279905183244	16.8	387.4630000000001	1.16	2.5216802404426075	1.855839784554776	813.2830085714156	-1.5300000000000002	218801.15110272416	6.043722355797544	44.41208323205556	53.31879347574553	140.59	5.0	2.0	1.7191200000000002	0.36858250052517966	0.956947212107082	0.0005660491518176883	6.271045531984409	0.892885555700675	1.0617145148594138	4852.295662010647	3.9127955752732335	0.27245453709675005	inactive
11.982052429768205	0.058116033839563874	-3.7308901932686642	0.7701523909277305	12.454545454545455	378.90400000000005	1.1818181818181819	2.9957156839974775	2.244016743838787	858.6950934684273	-0.93	80473.91041922424	4.07924862405942	51.02007778266437	22.588447575404665	82.38	5.0	2.0	3.4577000000000027	0.13900322370330703	0.86247499624298	0.0004806642874084302	6.900614220660476	0.8057427324220058	1.1519369817266518	2668.792938056153	3.178767481008527	0.49811993892346357	inactive
11.9785369425548	0.18859284454522518	-0.18859284454522518	0.8036966931789592	10.65	287.706	1.3	2.8210023287744006	1.7589737347978533	769.7098212562387	-2.4	58939.201655083554	2.6237975003156175	53.18113078782106	16.04782150742416	68.02000000000001	4.0	3.0	3.0574000000000003	0.6273014426253491	0.9893186090545831	0.0014519360136367259	5.5353542731921115	0.9424612381142701	0.8505964574040796	4196.753287078815	4.019987801070502	0.19760316847884765	inactive
13.34375251952633	0.008442784895602795	-3.8100002886957234	0.6789517800686669	16.75862068965517	417.4630000000002	1.0	3.1957045867237226	1.5758336933681993	1001.13153350418	-2.78	5364130.759817584	4.01166916944352	48.02802097092827	51.66428619332714	99.21	7.0	4.0	0.6086999999999998	0.3298321081501839	0.947985366953943	0.00033142551913292067	6.612557097635397	0.7806630065359145	1.0135309219540796	5776.777492367077	4.313113217440674	0.22164338728779487	inactive
13.305699798437892	0.1251480318091831	-3.611776554757703	0.7676258800284551	17.296296296296298	390.46500000000015	1.037037037037037	3.157835186342653	1.573501060644229	912.4589086614228	-2.39	2345437.8749633967	3.4404813744821223	36.156239840307975	55.66293794726971	84.86000000000001	7.0	4.0	1.6687	0.14079641709223087	0.864287899719985	0.000367921959010251	5.573976505149763	0.8202109337935557	1.488091836125099	3635.2109967273777	3.6311155010917537	0.612537953987541	inactive
13.435368008314436	0.1269663955780964	-3.6178965760686963	0.7186556032472047	16.82758620689655	418.5150000000002	1.0344827586206897	3.2076429744095356	1.5671318565086225	984.5611285771938	-2.45	5793426.6206562435	3.740387637005308	41.96165390246666	52.804778446652826	68.31000000000002	6.0	4.0	2.8873000000000015	0.1217483807472315	0.8446291780796481	0.00031306316705837373	5.616660941521696	0.7712376406391654	1.3415621666868345	3548.9934005202035	3.561009442007028	0.4609256326614362	inactive
12.633939629494284	0.07177301514422707	-3.887572147686234	0.6319790453439106	12.592592592592593	382.41700000000014	0.8888888888888888	3.1444279873046592	1.6439184340131296	1036.727040897271	-3.189999999999999	2395903.19378276	3.826229853387522	83.08195117768842	15.210739290428766	75.93	5.0	4.0	4.388400000000003	0.21064299101653064	0.9044558874295113	0.00034581343807093157	6.759576855649991	0.740818656341402	1.0299076042956785	3720.441941998124	3.772470320141844	0.28566807488476526	inactive
12.089908982111364	0.03223970143612953	-3.79035837637524	0.8463499904978229	13.136363636363637	320.34600000000006	1.1363636363636365	3.0004070603996635	1.9482187684058194	774.0198580003132	-2.25	152804.73077203406	2.8570314460898563	52.75011583538035	22.258411273105956	75.93	5.0	3.0	2.6865000000000006	0.19687324719973584	0.8876725298859419	0.0003925571561926671	5.43272287153406	0.6656496296009435	0.9191746688618727	2451.219335885649	3.4957307627487353	0.24396034056395108	inactive
13.113242315444696	0.06400182314278635	-3.7258676356345	0.7936699585178915	17.23076923076923	377.41800000000023	1.0	3.1441439949468046	1.676958777358875	878.0543733872369	-2.29	1560602.1601798364	3.3514596017822273	48.02802097092827	45.81923202257598	74.30000000000001	6.0	4.0	2.0151999999999997	0.18667071184701736	0.8856168845254865	0.0002969890313548842	5.852526378693332	0.6910906105907999	0.9464449385365908	3462.755958973815	3.7826127254585287	0.22179280479096508	inactive
13.410827541922117	0.1145517650315977	-3.6482999539836496	0.674345401911514	17.0	457.37900000000025	1.0344827586206897	3.172140974772442	1.574118789586926	1021.3815335041802	-1.6699999999999995	4937906.904097572	3.8861190497722236	45.940553461487696	45.694980905375296	59.08000000000001	5.0	4.0	4.185500000000004	0.42804522906745684	0.9667422471697149	0.0004534362126737913	6.918945033409487	0.9581109882631836	1.4499568482573035	7915.808272973747	4.471590761094535	0.4727279852678851	inactive
13.062131204333586	0.1329605318091831	-3.5487843023011663	0.8401322892684088	17.72	360.4350000000002	0.92	3.0885211126797323	1.5441962822341069	875.4491204642635	-2.25	848824.4344399961	2.936544077879935	48.02802097092827	45.694980905375296	59.08000000000001	5.0	4.0	2.2346199999999996	0.43297587246962066	0.9684796317100773	0.0006466816113913905	5.141830153184628	0.9120777615807933	1.2817262394948337	5164.307783176316	4.120084913797627	0.3423967177149293	inactive
14.468502386722882	0.0027187788695732795	-0.727686679893605	0.5128131431677084	12.342857142857143	499.52000000000027	1.2857142857142858	3.3229896487864328	2.3589329063417797	1523.7334671977794	-4.17	47306957.909390934	5.172931693753117	66.71560738183186	36.705020576797736	123.56000000000002	9.0	3.0	1.7623999999999997	0.448625209167376	0.9710084433895949	0.00027940799493328237	9.125224118691735	0.8060209881842808	0.6847887317670214	9726.886833383829	4.970224443432736	0.09298633717608204	inactive
12.854002924564375	0.029983354655071404	-4.58062614579128	0.5951986162237015	12.9	438.3710000000001	1.3333333333333333	3.3623182337891495	1.8028488786751309	1241.2525997159432	-3.73	4472300.178400558	4.3021308336865225	59.09642634598615	38.8699247215201	137.63	9.0	3.0	2.20448	0.3464793575307241	0.9523601929605361	0.00045356484111925183	10.877992475875455	0.8724937161821702	1.0855907044273363	5503.262954183821	3.9579389005750056	0.31415525809046485	inactive
13.15192549897855	0.02261337868480706	-4.655018598000806	0.5573717861188611	11.65625	459.40500000000014	1.25	3.2751169936834352	2.332414638338861	1464.3969545279597	-4.09	11418171.379758308	4.194626150459759	72.52820510094456	17.646202477020736	109.02	8.0	3.0	2.632480000000001	0.5756096585731213	0.9852816337270176	0.0005406752535351476	11.50672967279819	0.9403883505140171	0.9414546237871929	9568.351538134293	4.835371645641231	0.15212244517595996	inactive
13.849490845721006	0.03538595993953142	-1.1450719114806416	0.7445178134487548	28.76	348.3780000000001	1.44	3.3091924669082817	1.6209038208040698	698.3102341246001	-2.4000000000000004	641930.3915007361	3.6622837370242216	23.520590126620142	58.21177052957311	109.22	4.0	3.0	0.7161799999999996	0.4152483031354892	0.965815517230646	0.0006476404388886613	5.070914127423824	0.8922576391858401	1.061720600423935	4741.990781786082	4.051019390616024	0.287588926107633	inactive
12.16167753212396	0.18715860418241337	-0.30237021142504505	0.8086186690310061	10.590909090909092	311.748	1.0909090909090908	2.503071257666586	1.8563992021167592	902.2995682198839	-2.59	120062.31594523547	3.0185825942806104	75.66766900386811	5.907179729351506	60.27	2.0	3.0	2.9918000000000013	0.597125326359202	0.9872085770749901	0.0010991160755727102	5.8935932727369975	0.9163541791482396	0.8269129275793909	4791.836752670309	4.172477604252974	0.1813745943443711	inactive
12.563035714285714	0.15706884605694071	-0.3390943877551027	0.9236202749122724	16.545454545454547	317.752	1.4545454545454546	2.489875121361783	1.8591223489971958	733.3260123854499	-2.269999999999999	107834.00163105746	2.8497308775061616	46.61184814259483	17.49804021481163	74.28000000000002	4.0	3.0	2.6218200000000005	0.4195270638957472	0.9666877991309244	0.0007100686948043897	5.421714039329552	0.8214284777079026	0.9228251744537656	3712.5282675871485	3.8437006222907484	0.25373723585948776	inactive
13.074658284965203	0.22562027588813316	-4.477046937066327	0.6185794266919556	16.357142857142858	406.7910000000001	1.1785714285714286	2.6625723420033287	1.6922127295788203	1068.9904218310899	-2.7999999999999994	2169519.858283494	3.494635434495574	64.94142585113113	17.49804021481163	51.22	3.0	4.0	5.411800000000003	0.21261593335839576	0.9080505512983861	0.00035970238033291153	8.287172345634643	0.8612662117108293	1.0651720585830635	4923.364667522804	4.002590236844277	0.41136701548653276	inactive
13.018633542930154	0.009286232855823195	-4.612367748371523	0.5726151289951628	11.0	402.3320000000001	1.0	3.218096852042252	1.612705592175663	1003.1888927239892	-3.819999999999998	3755313.0681347772	5.124432640776832	94.53292802869244	21.780904543736142	89.39000000000001	5.0	3.0	5.030500000000003	0.1841036486126391	0.8865526767109152	0.0002772778937615783	9.119026000717037	0.7090736829190851	1.122384710849255	3919.5471456632727	3.8624691783398895	0.34736695339940893	inactive
12.55676634542706	0.12177028218694841	-0.3036026077097511	0.8917528949187631	16.545454545454547	317.77600000000007	1.4545454545454546	2.4992095645107715	1.8408655754709151	733.32601238545	-2.2699999999999996	109432.88920123315	2.8497308775061616	46.61184814259484	17.49804021481163	77.24	4.0	3.0	3.13042	0.31973242767210036	0.9455885261245245	0.0006667041974072011	4.862157575598349	0.8822480260175872	1.276652436660541	3588.2067436349707	3.7586276461925903	0.3729437462161701	inactive
13.05668302384978	0.016268424036281592	-2.7275741948013783	0.9290030063818162	16.82608695652174	341.745	1.5217391304347827	2.867760032971957	1.8705776014208166	748.3183741069124	-2.149999999999999	190379.11754887633	3.008557193636735	40.675957577284684	22.294546437310647	56.150000000000006	4.0	3.0	3.515900000000002	0.3358699358417282	0.9500839299423224	0.0006247196517339213	6.049954342018783	0.8375807749573418	1.0384957707298959	3599.327699008926	3.67627155485048	0.29512638053688245	inactive
12.823783068783069	0.067015936004031	-0.28253495842781606	0.9228056503287314	16.083333333333332	345.8300000000001	1.375	2.553566257028284	1.872616460189353	776.85434438542	-2.2699999999999996	271686.68191652425	3.1696483131854296	46.742324645746294	31.593384180166012	54.46	4.0	3.0	3.614220000000002	0.4333942648367299	0.9685796001037709	0.0007088822312979839	4.883142249890172	0.9097593421902433	1.1588861267491508	4694.5785836507475	4.012924866353511	0.3313629267879739	inactive
12.609910714285714	0.0958443562610225	-0.2922193877551027	0.8917528949187631	16.545454545454547	317.776	1.4545454545454546	2.489875121361783	1.8591223489971958	733.3260123854499	-2.269999999999999	107834.00163105746	2.8497308775061616	46.61184814259483	17.49804021481163	77.24	4.0	3.0	3.130420000000001	0.34915090733364224	0.9528874119185333	0.0007079269323285831	4.862157575598349	0.8791466114624948	1.1504072488107264	3599.37498369065	3.749570921615732	0.37430759298262156	inactive
12.517714474678762	0.06309637538142843	-0.08540123456790094	0.8545475380255432	13.952380952380953	299.757	1.1428571428571428	2.459284810742006	1.8629536052513882	711.4412254329834	-2.1299999999999994	72278.38058770756	2.978854731977173	64.6804728448282	18.23518108162902	37.38	2.0	3.0	3.0409000000000015	0.48986519687045804	0.9760799676125445	0.0010480172097187973	4.95583810291641	0.9465834266294885	0.8774385858867699	3932.4774307573903	3.8724173495852092	0.23590469418343776	inactive
12.36477843915344	0.0034314023963490925	-0.055444696397077164	0.8542764833010624	13.952380952380953	299.757	1.0952380952380953	2.4697700162680944	1.7642147398234362	711.4412254329835	-2.129999999999999	73744.86291574904	2.978854731977172	70.2439243365252	23.135090812479497	37.38	2.0	3.0	3.1076000000000024	0.6655160446282246	0.9916315107396301	0.0015070318224836882	4.955838102916407	0.9687802267948417	0.7310415444398828	4823.919848677384	4.174246998887924	0.17778272477588342	inactive
12.558825585789872	0.024567901234567868	-0.5109154453962657	0.9264181520943213	17.428571428571427	301.77299999999997	1.2380952380952381	2.459284810742006	1.8460001792214455	671.3446134675152	-1.8399999999999999	72278.38058770756	3.0925247980835553	64.6804728448282	23.66242991785309	40.540000000000006	2.0	3.0	2.832700000000001	0.5032515086391345	0.9783065409343449	0.0010116380091260589	4.575892176617335	0.8866168944573879	0.8154767414565043	3750.901590021093	3.8309819795807556	0.21587739464791303	inactive
11.946211262282691	0.06388888888888844	-0.1977721088435378	0.874255122903105	11.823529411764707	227.267	1.1764705882352942	2.397945715822048	2.0633456699748876	484.5324659581836	-2.2299999999999995	10090.555572179177	2.8724867153375673	54.61629405199574	15.875136771245923	54.88	3.0	2.0	2.2188	0.44065624376729434	0.9695231410212948	0.0016826102400814627	3.383519252871376	0.9228074942845911	1.0476378333608822	2065.7275962887597	3.2674437046316944	0.3675124734463467	inactive
11.946211262282691	0.06388888888888844	-0.1977721088435378	0.874255122903105	11.823529411764707	227.267	1.1764705882352942	2.397945715822048	2.0633456699748876	484.5324659581836	-2.2299999999999995	10090.555572179177	2.8724867153375673	54.61629405199574	15.875136771245923	54.88	3.0	2.0	2.2188	0.5904429559111751	0.9862820361106993	0.002400277962193329	3.383519252871376	0.9694756334263835	0.9190234216111653	2372.176358661799	3.3898030124997507	0.3007564957717127	inactive
11.946211262282691	0.06388888888888844	-0.1977721088435378	0.874255122903105	11.823529411764707	227.267	1.1764705882352942	2.397945715822048	2.0633456699748876	484.5324659581836	-2.2299999999999995	10090.555572179177	2.8724867153375673	54.61629405199574	15.875136771245923	54.88	3.0	2.0	2.2188	0.43044301035496013	0.9679869410903219	0.001645495193277054	3.383519252871376	0.9176216002503318	1.0429772669347561	2038.7123090314383	3.255778994751328	0.36824617910418866	inactive
13.313882660044936	0.06828706961331221	-3.7515780339339577	0.7723492256254192	16.115384615384617	374.4370000000001	0.9615384615384616	2.668168022935859	1.617502653151247	905.3912935473746	-2.5099999999999993	814410.2619767581	4.174468996517453	72.05399605573128	49.70912805947745	57.690000000000005	3.0	3.0	2.3720000000000008	0.38079621319325124	0.9597986793381595	0.000425840005821452	6.002568380053736	0.8265834324320102	1.055559366560356	5716.116123117477	4.411265252051465	0.22480495224087074	inactive
13.069922891996306	0.05847316704459504	-3.6901851851851837	0.8201080572884196	18.61111111111111	271.31300000000005	1.1666666666666667	2.541788003732993	2.2768026430004022	556.195879959019	-1.27	11976.905073589864	2.7580597926346124	30.082689114892336	31.59577073381526	54.45	3.0	2.0	1.5694000000000004	0.43174791957407177	0.9675877609801476	0.0015237141076314788	4.111622576003467	0.9487648647727875	0.7554178157817019	2339.3334201926355	3.162685952343448	0.25469382459066453	inactive
12.989675978416058	0.06310279667422458	-3.666851851851851	0.7990693610869555	18.294117647058822	257.286	1.1764705882352942	2.29394076925478	2.2737583285410707	531.4024545877544	-1.27	6872.646544687321	2.5277518309485987	30.082689114892336	31.59577073381526	54.45	3.0	2.0	1.1793000000000002	0.11063294790413444	0.8364829196497667	0.0010602411624822158	4.134880514951972	0.8517047685577873	0.9916036013244554	1248.5285784546395	2.614627969510463	0.5818419643061095	inactive
11.980046296296297	0.14595332577475517	-3.3425	0.7837613243212523	19.333333333333332	245.325	1.2666666666666666	2.712862831414706	2.204125251612493	439.71182390292347	-0.7200000000000001	3765.4536100036116	2.1127955042422806	17.512796907389134	31.59577073381526	54.45	4.0	2.0	1.1017000000000003	0.36050311479330927	0.9550315186919481	0.001722759945998273	3.646478319189897	0.9024320559622196	0.7617006348588536	1594.311833859261	2.813842636329914	0.29764445924586863	inactive
13.131467547303586	0.0685210905349789	-3.71084762377173	0.7772420950708316	16.95	298.3390000000001	1.25	2.4628577967794945	2.1330948600313064	622.2583687504427	-1.73	30450.77379938167	2.8838357138116995	42.73764490532471	49.70912805947745	57.690000000000005	3.0	2.0	0.8446	0.10832878362919912	0.8182169166217307	0.0005030975753089584	4.639754627957032	0.7104836980326775	1.1634288074657366	1745.245114676765	3.0673379028817473	0.510886164676713	inactive
12.132824074074074	0.1563699924414219	-3.3658333333333323	0.8083149487604369	19.625	259.35200000000003	1.25	2.6849130437939106	2.208587586479221	464.2633992682884	-0.7200000000000001	5453.058391945432	2.3358914867568448	17.512796907389134	31.59577073381526	54.45	4.0	2.0	1.4918000000000002	0.17921551353657544	0.8896714423247888	0.0011736519281642477	3.6344410104810527	0.8814842506533807	1.0535570376225651	1449.9488358103247	2.722948693621652	0.49556696498000113	inactive
12.207138290501387	0.14984113861593973	-3.3864957719198787	0.7711438315262026	17.666666666666668	286.3780000000001	1.3333333333333333	2.9230063332936917	2.0637500504072035	528.644373513652	-1.18	16742.980277106268	2.4746688017860583	30.167752697821513	49.70912805947745	57.690000000000005	4.0	2.0	0.767	0.3591718199968576	0.9549569924575563	0.0010873793870699012	4.157560705429385	0.8907229922754926	0.9001499577050998	2458.792815982463	3.2469499213434867	0.3095024180706062	inactive
12.198313492063493	0.14354371378180875	-0.14354371378180875	0.8042239506520825	10.636363636363637	315.76	1.3181818181818181	2.9007716769507796	1.8234324182344632	829.123912283389	-2.53	147663.78221517944	2.893434760174326	59.24749785628266	22.40165039783804	55.629999999999995	4.0	3.0	3.177500000000001	0.42931916717555874	0.9683235597451335	0.0008125010743926265	5.279312443661018	0.8680063115161599	0.9479421445580873	3713.687805850316	3.7877424459662916	0.25605863497932974	inactive
12.93931319286974	0.03247748173343368	-0.26406827391450416	0.8827758555732642	21.2	357.84100000000007	1.28	3.049961688509353	1.606621694726501	824.3116585472003	-2.1099999999999994	882000.1209298887	2.9819404113883117	52.30577613744329	24.54571219748882	63.25	4.0	4.0	3.446500000000002	0.3576759742298265	0.9549120418420062	0.0005087074258425546	5.208362465009485	0.8089923190448584	0.9318422648496708	4333.380494107667	3.9700693829774725	0.2331640355808325	inactive
12.335610512723608	0.15577863861593966	-3.44834762377173	0.7660758391367819	17.157894736842106	280.3490000000001	1.105263157894737	2.472023058111333	2.0949521781203746	560.8109426777812	-1.6599999999999997	21872.460018169077	2.8493760737888163	42.98679113274043	49.70912805947745	57.690000000000005	3.0	2.0	0.7055	0.4279481470519408	0.9667429042587989	0.0013482971073828058	3.926020978335456	0.9574464102989722	0.7514700451735782	2658.443234526467	3.3105637191760406	0.23404519486291875	inactive
12.350916635172588	0.13930248488284236	-3.5516639503023417	0.8089289961618034	18.8	316.4040000000001	0.9	2.4804411392116297	2.1367272922327025	675.4273243415437	-1.2200000000000002	29487.484262947855	2.927399855562322	42.318823116561205	51.62505157490064	74.76	4.0	2.0	0.4661999999999997	0.45256931301058245	0.9712135560756591	0.001066590610119698	4.637441335332592	0.929996387168746	1.1255354353385525	3404.112615215654	3.5414058898604797	0.3740754892120732	inactive
12.312386463844796	0.17449924414210116	-0.2377560112913646	0.5995709351707056	11.208333333333334	340.3680000000001	1.2916666666666667	3.216812652458927	1.5685620085591523	1125.8572545675934	-3.0700000000000003	583658.4876621477	2.3461935727647183	57.84498769104911	30.056316120953937	94.18	8.0	4.0	0.9677000000000002	0.5802144632753479	0.9857874432312982	0.0008357475988989857	6.439755687393205	0.9246538048100639	0.8697783140052127	6089.486868612749	4.499454146667198	0.15373890353136568	inactive
4.452590328265487	0.5549792139077855	0.5549792139077855	0.7355418959513029	19.28	336.44300000000004	1.12	3.0111364278317496	1.5463688006351388	843.501419640098	-2.4699999999999998	862558.0965709717	3.3474327472915304	53.98290197207966	50.158056521547245	49.56	6.0	4.0	2.53352	0.5499524595324033	0.9831137723966514	0.000970578573333318	4.257087682972211	0.9133908548720437	0.9413599423662078	4697.237115674404	4.002744009837089	0.23890330778504448	inactive
12.86165658856135	0.0682582199546482	-0.0682582199546482	0.5823781816626225	11.041666666666666	317.35200000000003	1.0833333333333333	3.034644372148196	1.662458764384725	1034.3912959718512	-3.2799999999999994	614994.9591708091	2.377776549481602	72.31247968061597	37.436798186690254	63.39000000000001	5.0	4.0	2.5497000000000005	0.12929141591943247	0.8357955979061036	0.0004475143957732766	5.374435745509186	0.6825927431155359	1.0331372008129012	1896.3206019534643	3.125365858751747	0.4041962838526971	inactive
5.326761190982872	0.4049034706475181	0.4049034706475181	0.6165956532169674	11.0	307.31700000000006	1.0	3.19161075989063	1.6406291036782237	944.791139077396	-3.2899999999999996	427714.14115446305	2.6134689670618196	54.246017323283084	30.00880693512081	94.03	8.0	4.0	2.0948199999999995	0.19508543779771811	0.898515604160469	0.0006442227026568835	5.410713007431516	0.8841295172916571	1.3684405997716018	2764.3245695405385	3.437633177246905	0.5497597202887274	inactive
12.257553382464096	0.1956802721088431	-0.1956802721088431	0.5936442959934726	11.285714285714286	363.20000000000005	1.2380952380952381	3.156329808772039	1.6406938320776423	970.5283182985647	-2.26	140844.9050568347	2.1007324836928336	46.661404642363635	29.66050450471672	76.59	7.0	4.0	2.4533000000000005	0.7417425807321565	0.9954642059154537	0.0012595168808917242	7.14008348793614	0.9048631788504921	9.067434178299963e-06	6833.028047865199	4.559762512418966	2.0369769227536367e-11	inactive
12.378746317231617	0.045187179810196154	-0.17600445116318153	0.5856796520238692	12.36	335.3670000000001	1.24	3.2257936685546356	1.3919804512778615	1002.9998349266903	-3.349999999999999	1010515.3504050937	3.0346739668902094	60.55218461730588	32.86242861256825	84.46000000000001	6.0	4.0	2.7059000000000006	0.2657792117779472	0.9242424944707918	0.0004159562987916386	5.321915825153593	0.6952057147770643	0.7300897884452986	3043.240171211266	3.6817623994380937	0.1431764533509517	inactive
12.564191546989166	0.04107998446292083	-3.943737363000754	0.5631589093970716	11.88	354.3670000000001	1.12	2.8816436160790957	1.7384976368694456	1272.0357387159806	-3.129999999999999	640332.909572552	2.65856711572461	70.00047499005933	17.9688751530675	96.27	6.0	4.0	3.073800000000001	0.20158410266044344	0.8883876575266848	0.0003271671216682574	7.007246671667412	0.6543164588394197	0.8249075367663213	2850.3904104239236	3.6041972571195093	0.1900677114838006	inactive
12.66247937137818	0.053880385487527827	-0.053880385487527827	0.576548994255886	11.25	337.408	1.2083333333333333	3.164534406118808	1.5749344736109463	1018.4465565387503	-2.8000000000000003	555182.7516750776	2.5236932747099248	53.03564466778103	37.83260980292747	63.910000000000004	6.0	4.0	2.850200000000001	0.2942951486677521	0.9379759055076154	0.0005091784173745342	5.629456476468136	0.7683284013096778	0.7792048826038126	3344.0239917540257	3.6934031129794054	0.1662317418773491	inactive
12.476046941924919	0.1319430272108839	-0.1319430272108839	0.6295659062022803	11.391304347826088	325.39700000000005	1.3478260869565217	3.174058002922821	1.6023093930703658	1025.8088824674821	-2.669999999999999	333898.2056754691	2.291791575561557	58.61808659531927	24.905932558477165	63.7	6.0	4.0	2.5903400000000003	0.38257939772342264	0.9598558153883925	0.0005927524973987065	5.170391729069014	0.7974429821506064	0.7190487342682216	3824.74518749741	3.913324268716366	0.13580927206038182	inactive
12.488066893424035	0.1978339947089951	-0.7067412551440329	0.5936966022875311	11.090909090909092	292.27400000000006	1.1363636363636365	3.115696719709325	1.777823769588207	1055.067877066017	-3.28	227838.43832546409	1.8929349432351286	64.77546454884262	10.891158250298714	89.2	3.0	4.0	2.4837999999999996	0.4266400541096234	0.9670998090711048	0.0010819012260835084	5.842072230376449	0.9321666981082365	1.1009400525252042	3157.091340081542	3.559326135297016	0.330505506680228	inactive
5.997691744716455	0.3490761736793482	0.3490761736793482	0.5758609440461024	18.96	333.39500000000004	1.2	3.2649193989099996	1.3672663970431098	987.6950807739814	-2.73	1613350.1262131797	2.6817066938916776	60.637494477173114	37.34205271177905	59.46000000000001	6.0	5.0	3.2501000000000015	0.5612335718062118	0.9839344456359023	0.0009467214646554326	4.916252812262716	0.9454053015210259	1.0399933012242277	5288.1324706390615	4.221028282039085	0.26494607636274764	inactive
11.290193466444888	0.001010959939531375	-0.4442763979380142	0.625002251598456	12.583333333333334	317.3520000000001	1.0833333333333333	2.9387705508565234	1.7247801548506771	1090.160860580996	-3.15	481876.08476504585	2.416893257505717	64.33670605120349	9.967957041894417	83.08000000000001	4.0	4.0	2.5391200000000005	0.42585147092448894	0.9669895109271158	0.0009379008672503709	5.443083983045373	0.9311073994426988	1.127283102127418	3627.568458787286	3.6630242125285086	0.40872843411562143	inactive
12.719719230284706	0.09717051944234445	-4.0355228410808754	0.5298691108656788	11.92	393.86100000000005	1.32	3.219398647247824	1.735243681991706	1177.0989327158077	-2.4299999999999997	724081.3885498026	2.77411134762126	52.044899372034855	32.56693337593137	96.25	8.0	4.0	3.238800000000002	0.35569523769139466	0.9542171460394485	0.0005549113551808715	8.299732951035029	0.8888958183384411	1.1951871375436496	4760.36522324851	3.8568515775418697	0.4500741850450545	inactive
5.124998637021301	0.5674902902573842	0.5674902902573842	0.6161111929207109	11.083333333333334	321.34400000000005	1.2083333333333333	3.196050157902864	1.4854378684301441	987.264502818423	-3.29	627755.3878146489	2.578054397153627	47.78605840046658	30.34789671282861	94.55000000000001	8.0	4.0	2.3338200000000002	0.48848341064565787	0.9765613542666887	0.0007580427355390823	5.369168144235155	0.8810518051573438	0.9858663829401157	4757.59855045475	4.196805726022188	0.2405271171952769	inactive
4.656544994541026	0.2101785714285711	0.2101785714285711	0.6219144646985614	12.772727272727273	311.374	1.2272727272727273	3.1132019124266277	1.4986350809297422	891.9005631697149	-2.6100000000000003	241232.6765882021	2.481293791480827	41.405826107622424	36.280054338976434	80.89	8.0	4.0	2.1720999999999995	0.40877347973346345	0.9646942626499331	0.0008039444934877274	5.235764959793673	0.892298897868337	1.0679775955709612	3760.3175076692596	3.8193738567259303	0.29235613135074573	inactive
12.642719513731418	0.23306169690098222	-0.23306169690098222	0.6256110147142288	10.96	332.367	1.16	3.19398828661993	1.7933722801425385	1060.8171428024232	-3.4799999999999995	905099.6247092093	2.7576086797072907	66.3765891153058	30.056316120953937	77.11	6.0	4.0	2.6905200000000002	0.2603333682211436	0.9226817837219096	0.0003813677620920534	5.518970929739643	0.7004589081801523	0.780267930479996	3336.773504717645	3.8664059580917662	0.1577060623840119	inactive
12.668462144116907	0.16389020114218544	-0.34701026706979143	0.6214305558346795	12.583333333333334	340.77400000000006	1.0833333333333333	3.1419014118711295	1.6676754362748911	1053.0332903101157	-2.9299999999999993	561131.0245545362	2.296634279562432	65.46333186373698	29.889911079424376	76.59	6.0	4.0	2.5214000000000008	0.38053921157000964	0.9597582841758967	0.0006001708164009267	6.1760970033945215	0.8286471844287145	0.9243807486805027	4074.036774647745	3.9009157346609924	0.24698049179708856	inactive
12.610709377886959	0.27086831800621525	-0.6297514883315196	0.6167761031666019	12.36	333.3270000000001	1.2	2.9977414421225634	1.6300558150260858	1140.4467090523108	-3.4799999999999995	821219.2771037078	2.7576086797072907	70.59986904684256	15.875136771245923	99.19000000000001	5.0	4.0	2.1844	0.386508614343369	0.9606884560642102	0.0006557311379992461	6.436819345247566	0.884309056566493	1.1712016510468082	4295.542223057322	3.9689744882202778	0.3580486599303537	inactive
12.416510298563871	0.20348172293608768	-0.20348172293608768	0.6229875665860581	11.083333333333334	338.396	1.2916666666666667	3.2471408107510578	1.553278599039115	1043.8970680490954	-3.0	539139.0245130518	2.671875	53.55755068038689	30.056316120953937	77.11	7.0	4.0	2.752020000000001	0.7138082358563581	0.9942066251453276	0.0011717170457629044	5.8171745152354575	0.964001332314565	0.963162442442037	7378.730150535585	4.840224475142398	0.12087810549030942	inactive
12.400395093222475	0.12533341731754466	-0.46363185729347367	0.6845505646809585	12.304347826086957	376.19400000000013	1.391304347826087	2.9479916386495186	1.89843032387856	947.8356420025202	-2.5499999999999994	202273.49829429807	2.8670990256341358	56.56520536280246	25.489216473162585	103.35	6.0	3.0	1.0036199999999997	0.589545174633297	0.9861948971746868	0.0008690197574703149	6.518596080645262	0.9705544607375441	1.0250956394962256	6546.051470726932	4.375966639776761	0.3418887818068361	inactive
13.322178505370939	0.18307586923658303	-0.3341206573308846	0.6282510637153874	11.391304347826088	329.36	1.434782608695652	3.185567764188992	1.588981817261904	1031.2055235333542	-2.7399999999999993	326383.71641551156	2.364552987132831	47.48399995497125	24.84293102529907	64.22	6.0	4.0	2.6028000000000002	0.6246437293959894	0.9890354044147768	0.001137532237621796	6.044875918909173	0.9578274938430388	0.9020180212442409	5461.265860008978	4.269046019642312	0.20103243708252047	inactive
12.577403995548837	0.11863558669565122	-0.33336125808348016	0.6066918713655948	11.12	332.34300000000013	1.2	2.980946391422761	1.71345547485725	1189.234556679989	-3.4799999999999995	697150.9516156497	2.651597570502681	69.90015754290049	20.505237952215374	90.46000000000001	5.0	4.0	2.0690399999999998	0.598641776240545	0.9873877154824008	0.000935557158463474	6.106950825399597	0.8858525637040233	0.5744311100910268	5298.029674152823	4.288713892613628	0.0703628989419971	inactive
12.466441822766296	0.06558466892521686	-0.06558466892521686	0.6260607455458352	11.32	333.3950000000001	1.04	3.048005253083835	1.8017545667976864	1155.8617383782155	-3.1499999999999995	794087.6645701723	2.4624958347494497	69.76968103974902	19.165157870655225	64.22	6.0	4.0	2.8101400000000014	0.3192800896525104	0.9445481108810837	0.0006872662043893846	4.939970603110792	0.9183603298402432	1.2996777054921864	3737.091426725531	3.702896170066554	0.41926580020366666	inactive
12.447128054925674	0.08342062316227028	-0.2237211829176109	0.6171643639936183	10.833333333333334	314.324	1.0	2.611823267554196	1.659784439167492	1131.917683341794	-3.4699999999999993	477767.7712173513	2.5205982065697023	82.90824633020146	10.891158250298714	73.16	3.0	4.0	2.957700000000001	0.786293287923881	0.9969269338235133	0.0019730010272693164	6.2030177080467555	0.9963885196267972	0.836335357722284	6423.372009890266	4.6125781496954685	0.14609098780096488	inactive
12.301313145628622	0.3873644179894178	-0.3873644179894178	0.5327300991117093	11.75	312.33200000000005	1.0416666666666667	2.6532757906058513	1.6727888840783476	1109.2844313867085	-3.469999999999999	562398.9496799787	2.6301053605961906	89.40383116495596	10.891158250298714	70.52000000000001	3.0	4.0	3.3750000000000018	0.27606092200982935	0.9331378782110896	0.000582137700985285	6.2030177080467555	0.805027625118146	1.0982084549427014	3096.5232747293185	3.650833161099161	0.33751812138710197	inactive
12.419138636936253	0.251671810699589	-0.5302517951625092	0.43477479175303885	11.16	355.7490000000001	1.44	3.167153885812515	1.6643708429668382	1116.3423926839985	-3.2700000000000005	792485.2453080075	2.5190754514969953	40.16585840908493	35.96768841864805	126.68	8.0	4.0	1.7665199999999994	0.10195242567026351	0.8267998544374029	0.0004974270840478285	7.741921508102198	0.8317122485158923	0.9389126722427633	2472.2771561091713	3.1626866768630864	0.35459393234508435	inactive
12.211844608213655	0.2885246598639455	-0.2885246598639455	0.624550664335017	10.909090909090908	328.38200000000006	1.2272727272727273	3.229934454987031	1.554152736065734	913.1795662261122	-2.6499999999999995	266611.70965244947	2.358021414163497	47.73314618238697	30.702601568817446	85.07000000000001	8.0	4.0	2.5616000000000003	0.7490553753809092	0.995735233319442	0.0015332743504574827	7.073522115679512	0.9483693764371339	0.34942063941616813	6358.227638382662	4.564112581996227	0.04762911137489989	inactive
12.322101088120434	0.19048404707766164	-0.3551573129251697	0.7753508460138601	10.363636363636363	357.171	1.4090909090909092	2.9061900941533216	1.8728069346649365	897.729608160537	-2.7900000000000005	148698.12235744885	2.7969116880223646	52.51973092260194	25.489216473162582	95.97	6.0	3.0	2.2051799999999995	0.7090115962615899	0.9940762874611277	0.0011542729420506198	6.979845441393858	0.914147499218553	0.278667416107142	6661.256600992284	4.542519140243938	0.042191675558843116	inactive
12.25581994834971	0.30915862222860824	-0.44435989628991	0.5647825442845092	10.833333333333334	317.308	1.2083333333333333	3.0646922260479776	1.5886632465995902	1057.166585660776	-3.609999999999999	581896.1776519555	2.4763240517761926	65.8474995112648	20.85911529219313	107.83000000000001	5.0	4.0	2.7257000000000007	0.07700894204396873	0.7928345089117347	0.0005802769981353916	6.481992023824693	0.8504035814913877	1.0189358832940738	2044.9655538572215	3.053011424375269	0.4579514060994272	inactive
12.17935405643739	0.11115945452254938	-0.11115945452254938	0.7981860574755895	10.409090909090908	311.772	1.1363636363636365	2.9580867910631454	1.7412139267407507	783.3628520610949	-2.59	167557.86819298082	3.3499669069439473	77.70755206797045	15.458257898090068	46.92	3.0	3.0	3.706900000000002	0.21298073306728377	0.9061706327277284	0.0007639568352841734	5.246639914517326	0.9138956025435915	1.0250188188108686	2585.0805091593334	3.2558672824866153	0.43574268066634286	inactive
11.105628566908399	0.3928817082388514	-0.48711212503826107	0.7082223074855837	10.523809523809524	316.773	1.0476190476190477	2.8048078010963104	1.7653939345336216	870.5365530358997	-2.309999999999999	82349.15704018768	3.0656420551367902	57.971483375247885	5.112436884724758	69.33000000000001	2.0	3.0	2.5767000000000007	0.6843631016286339	0.9928612141866004	0.001318478900833837	6.635055684307623	0.898711312602976	0.4042387307384961	5135.899646374803	4.266465416315078	0.038309315213869655	inactive
12.573411297229839	0.0665048899112759	-0.5154797415840433	0.43938677231305484	13.225806451612904	432.5490000000001	1.032258064516129	3.4235937906451546	1.4540505441889275	1208.6018027269504	-3.1599999999999993	16294457.702823987	4.95027272257709	86.465697145991	12.45193613526408	86.4	4.0	4.0	4.007100000000002	0.39073169434816013	0.9614774587498676	0.00032843089836841335	6.668672070890131	0.8029831227818143	0.976611145969665	7141.997619948678	4.622030972538823	0.1977921811405558	inactive
12.542999697596107	0.24107916327432988	0.24107916327432988	0.667536597075396	15.333333333333334	360.4810000000001	1.0	3.1455493987479777	1.2109804506703092	845.7895565392431	-2.619999999999999	2891942.6240233206	4.565918765949805	65.98515960585141	28.880580792974342	47.300000000000004	2.0	4.0	3.996000000000003	0.20106204521247703	0.8986518606485432	0.00030609166330817724	4.676980681431662	0.730178271322726	1.2335911342938126	3970.7793000116067	4.044651190581757	0.3476113709486702	inactive
13.167316477146922	0.09906439114380472	-0.44814036095511534	0.5526712076563006	11.793103448275861	415.8810000000001	1.1379310344827587	3.18405863184171	2.134220313058218	1389.8658127084516	-2.84	3940033.752506728	2.741628374433938	61.0111266619192	34.79938142993669	86.46	8.0	4.0	2.09966	0.6045883206156183	0.9878150736818821	0.0006708681231806096	6.327001560665127	0.9060646437398058	0.732801803890117	7862.882170778466	4.63792965021214	0.1091499845079003	inactive
12.942050946921977	0.15729442239858904	-0.6784906987486357	0.6554389288717232	16.357142857142858	444.3290000000003	1.0357142857142858	2.7153950680060013	1.686462940921426	1013.5746980249793	-2.0599999999999996	3133218.3379102205	4.173819493191701	63.357460142649124	58.73892140364926	67.59	6.0	4.0	2.5191	0.3538327142621942	0.9528857295949558	0.0004541468651820151	6.2179179767447	0.9282835179024491	1.2826871268707751	6255.331169880253	4.113646320489408	0.4899319287228971	inactive
12.891154166576854	0.25062062293931064	-0.5952950555724519	0.6143088249990822	11.041666666666666	340.35900000000004	1.2083333333333333	3.1865650894389903	1.5222072161246352	1049.581162032189	-2.9299999999999997	589374.3326822779	2.933800468978017	69.77590458874135	4.9839785209472085	69.23	5.0	4.0	3.624900000000002	0.6900699711218835	0.9929703076811323	0.0011609874395892051	6.900614220660476	0.9762198306268818	0.8392890434973168	6935.042983348461	4.675370064751287	0.15654468283344947	inactive
4.863962158172115	0.973919808097228	0.973919808097228	0.7338742936859728	15.68	332.45100000000014	0.84	2.618940549089455	1.455861057323346	881.9533742569108	-2.4599999999999995	750577.8856068414	3.490561335368534	65.35176752593533	41.046892396395194	32.260000000000005	4.0	4.0	3.5688400000000025	0.3439698272543186	0.9501923587890863	0.0005062773603586523	4.261213606846288	0.7425734589858057	0.6895550966344625	3494.649510530721	3.81310363902695	0.14242190255177567	inactive
12.434084309649787	0.04943709799499829	-0.5133639161160943	0.7450264726210652	13.56	336.3950000000001	1.04	2.9392457452562097	1.6683441972597979	957.2125385581332	-2.86	502325.915601522	3.8007188113031507	64.07575304490057	11.949020558499466	86.4	3.0	3.0	2.10062	0.6107540915175854	0.9881508409315161	0.0009943408289912069	5.078353457477331	0.937534214869748	1.0045695966353159	5759.311242871277	4.3694930307095365	0.2625534648877295	inactive
12.038274054622358	0.06388272129839656	0.06388272129839656	0.6969341045181194	15.863636363636363	293.3700000000001	1.4090909090909092	2.990353766573661	1.750568183398776	767.4851786651554	-2.6199999999999997	186466.4994684672	2.859861081979736	60.469973306015774	33.864559313921546	48.99	2.0	3.0	3.310900000000002	0.699298342892261	0.9936155482126544	0.0013321061157485724	4.015245995141253	0.9119634764095212	0.5353903985561419	5533.928668305636	4.576088359292445	0.05986375976033573	inactive
5.175617562235077	0.8310164714033762	0.8310164714033762	0.7984107894376086	16.285714285714285	279.343	1.2380952380952381	3.1731221709130137	1.5367902423796778	770.2982422651793	-2.3299999999999996	186071.88410233913	2.3830286117828967	60.12524150293952	28.130064320748282	45.06	3.0	4.0	3.4452000000000016	0.3084871604112362	0.9418944920017784	0.000977547884314211	3.8982444820137707	0.9075008826480346	1.0605663538103172	2508.040850527885	3.3313033530271174	0.37981628322690975	inactive
12.352533313881619	0.30968209351641884	-0.30968209351641884	0.6107611118936898	11.28	350.42700000000013	1.28	3.2743696759121055	1.8681793515410718	1108.0576814504489	-2.7999999999999994	1043587.4568886508	2.564839319470699	51.51766761628457	20.05061737114266	85.63000000000001	5.0	4.0	3.1906000000000017	0.5352393674268111	0.9816510941184952	0.0007556268897986778	5.878009237439908	0.8291316497975965	0.5370279698927857	4771.1261580946675	4.072311593808672	0.07188109664498411	inactive
14.065917781185743	0.24279130374729263	-0.9183195021835893	0.7899346519677591	15.75	334.32600000000014	1.2916666666666667	2.9003510597725484	1.6051459548339457	795.3702530254933	-2.5099999999999993	249624.5146614439	3.0829506230937294	51.70567945944884	17.43591465621129	87.25999999999999	3.0	3.0	0.8051000000000001	0.33799656523771604	0.9504594673423796	0.0005125330952720785	5.785568831802751	0.810285235786604	0.9657364188601433	4121.023933796723	4.016683007690734	0.2749202905456886	inactive
9.589380497582157	0.704059503941358	0.704059503941358	0.6368900661556405	17.291666666666668	333.4600000000001	1.375	3.0806057242504736	1.7650084235632906	984.3857888579796	-2.3800000000000003	535230.5997427258	2.456725698809953	51.526897937487185	11.198579100482526	51.94	3.0	4.0	5.284900000000004	0.5442523533657572	0.9826849819765144	0.0008553136822520083	4.831274226306515	0.8686243702350345	0.6249012492078755	4761.022871285973	4.108542741316781	0.09694428148740096	inactive
12.826224112734703	0.12549692407827373	-0.3328941044512619	0.7942028999655415	16.130434782608695	339.4360000000001	1.1304347826086956	2.7402654880781845	1.7243931409822968	538.631814927314	-1.6	147568.7770639864	6.191172146724514	30.082689114892332	60.090814556713624	66.64000000000001	4.0	2.0	1.3274999999999997	0.6261612626631643	0.9892732189621695	0.0009581238501749843	4.517604090577063	0.9357278112068818	0.8875576959948388	6255.982112959313	4.527923064509642	0.18181233048849094	inactive
13.045663087758875	0.1340278137834059	-1.0449528575778715	0.7700539606048503	10.695652173913043	316.26700000000005	1.0	2.879612635797147	1.6262739582832813	932.61673099054	-3.159999999999999	198448.5047959604	3.366095345236367	64.08037616683374	6.031114512338072	86.4	2.0	3.0	1.7143000000000002	0.6507164813617683	0.9909090316796804	0.001124948803657887	6.946360950481048	0.9306923999601169	0.8440151936263649	5723.330114663598	4.48087851488104	0.18837757948220257	inactive
11.823496752899711	0.10686626039304614	-0.7669777579743993	0.6614648006343905	10.4	335.339	0.92	2.6346386770803503	1.5860081835135165	972.5559733127983	-3.409999999999999	557616.006726702	4.318938535997826	93.26205040932533	10.536404935743203	79.47000000000001	5.0	3.0	1.5760999999999998	0.41110591986248407	0.9653756944140524	0.0006000575411540138	6.146328646461785	0.8482030060176128	1.0179184824459295	4596.141492163939	4.127954474850875	0.250309375049765	inactive
10.692036280653184	0.18811686576477338	-1.1583026433897443	0.7446010796289197	10.727272727272727	311.366	1.2272727272727273	3.1813353793139743	1.5967321914592612	748.0611192961054	-2.439999999999999	195671.21384008531	3.2387030181987235	64.66546322793964	11.067987096252887	79.14999999999999	5.0	3.0	1.4205999999999996	0.4755047026720472	0.9748300904197121	0.0008051308477063197	5.641275720164611	0.8950169079191388	0.9918030797019176	4462.624211304036	4.118019877214919	0.2654634562258675	inactive
13.451655320989737	0.21389943940539213	-4.447028763984933	0.8255998103086036	20.85185185185185	381.378	1.2222222222222223	2.8775284232035125	1.8339503972168614	843.3725484938082	-2.5799999999999987	1090330.0498928893	4.583278561656142	52.20397191428027	21.61480201459186	78.09	4.0	3.0	2.452	0.07814622264576683	0.7921861884961606	0.00036523065100281326	6.215973708015217	0.8044079830932004	1.2371043740418217	2903.0649982135005	3.380086707150124	0.509063209107211	inactive
12.498690721289023	0.11522531389098911	-0.25506616840720286	0.8759140166774033	24.125	327.38400000000007	1.2916666666666667	3.321389081301382	1.3876625280063604	776.6618955702793	-2.3699999999999997	690476.9333335817	2.555887648931863	30.089872771846366	46.94366214315094	75.29	4.0	4.0	2.078	0.5853471080947747	0.9862101347168857	0.0011011708827387964	4.421341267546191	0.9261845274829229	0.7489970749595555	4707.0381189350455	4.0292967402687285	0.18127597456937375	inactive
4.3044425513292754	0.6731867283950621	0.6731867283950621	0.7944262721332375	10.571428571428571	277.35099999999994	1.0476190476190477	2.9340978079999167	1.7619219284379448	745.8058511050567	-2.6199999999999997	104069.51515194905	3.1062546312652977	65.4822440290868	10.082660329248245	51.910000000000004	3.0	3.0	3.329740000000001	0.29947972918833066	0.9388839550796534	0.0006432787666894644	3.9734381495728357	0.7514187555407171	0.8538481839205092	2549.830527267152	3.580506108190545	0.19266060843153546	inactive
12.807280119887512	0.04511976729779721	0.04511976729779721	0.8331601333643838	22.423076923076923	354.45800000000014	1.0384615384615385	2.6758545417257804	1.4226980029070575	786.4479366065021	-2.2800000000000002	1222769.1948051795	3.2312258538108023	24.526421280149375	75.4663984417529	65.46000000000001	6.0	4.0	1.5462	0.5739355866793856	0.9853334053243993	0.0008707633312819839	4.405351189667519	0.9071012222395224	0.944575926694826	5537.707363197331	4.22995245157725	0.199928919715991	inactive
12.284260125346435	0.05904758174058311	-0.3524641119329075	0.9044520548379081	18.5	299.374	1.3636363636363635	2.9325229234205716	1.5632300658267777	692.0238081075684	-2.2999999999999994	157268.27186012184	2.838795438469367	36.02576333715651	40.82960135147381	65.2	2.0	3.0	1.8374999999999997	0.4254669529063848	0.9675931511163472	0.0009629859983696528	3.7782760833438447	0.884795821573247	0.9809242405120487	3219.4382557115982	3.603962442507481	0.29288551885522146	inactive
12.619221623834719	0.02490419032626856	-0.08029389224825745	0.9259899061380821	21.12	339.4190000000002	1.16	3.3796559464163365	1.4136938972888287	745.5770025722004	-2.3699999999999997	1145318.0850572465	3.2514813242537657	30.089872771846366	34.78776052232585	76.4	3.0	4.0	2.1618999999999993	0.20771093550181105	0.9059575047128551	0.00046977074507606844	4.477020197964637	0.810917027967773	1.209295233641995	3306.3451956925364	3.6632972792388325	0.36860766406409623	inactive
12.174665847820611	0.1791746451667089	-0.3536078042328039	0.5616383840785599	11.136363636363637	327.75600000000003	1.1818181818181819	3.1665870318180227	1.9325351124068548	1021.3289863431498	-2.5099999999999985	240514.9514147061	2.1087581865490987	52.03559280993774	15.181342137549283	83.94000000000001	5.0	4.0	2.3483	0.5615145603865468	0.9841984212756552	0.0009134949089234669	8.209198610388503	0.8400996311439801	0.2096551384978897	4363.275819654965	3.9978061112553123	0.023460025673439012	inactive
4.681909407281431	0.7132637687255288	0.7132637687255288	0.7243191559685124	17.73913043478261	325.44100000000014	1.173913043478261	3.2539617343433207	1.5558668035753318	905.2346969775231	-1.9500000000000002	519332.292801194	2.007046765410971	34.4830948246243	26.063791616545554	46.84	6.0	5.0	3.4022400000000026	0.5288635681613068	0.9807445098614099	0.0010992096820213934	4.361029541551303	0.9397403202116968	0.9314727405381384	4113.804581497652	3.7893901129599787	0.2599141497761874	inactive
12.392199782690852	0.03515873015872972	-0.2232663034349538	0.5828558258431203	12.0	342.4020000000001	1.0384615384615385	3.135182684054309	1.649522083513655	1011.8225070564336	-3.4699999999999993	1923848.4207816138	3.1919551463955003	96.20550888084925	27.403871698105704	70.67	3.0	4.0	3.519800000000002	0.49782062619510586	0.9774747951296201	0.0008201184559644269	5.511526717871481	0.9143992848146796	1.054442848757311	4830.64715945476	4.049274065920248	0.2732342142718643	inactive
12.452500551146384	0.27142526455026417	-0.40821624650268196	0.7669547558477355	13.166666666666666	322.348	1.2916666666666667	3.1829241183256314	1.4838048267659523	918.4849434109645	-2.959999999999999	605637.2524626461	2.5765530418954192	47.5440958300049	32.20037792060472	95.76	6.0	4.0	0.8185999999999993	0.37404644921030955	0.9584858855278966	0.0007055979806143803	5.270514740005249	0.8324175390581012	0.7799578077793738	3444.0306120627033	3.6864046932987526	0.2179941801574725	inactive
12.134367922725156	0.13070872176030934	-0.4718686901222078	0.7623531587917066	21.304347826086957	316.40500000000003	1.3478260869565217	2.985838371731907	1.5685456899747554	614.3658598685017	-2.0799999999999996	210758.38730706836	3.4725292944067254	35.392371257240434	48.05323927180908	73.47	3.0	3.0	0.6209000000000013	0.552955965405601	0.9834166487926091	0.0010628212396265643	3.7707204950255435	0.9105817357819223	0.9320430970008532	4301.644526694812	3.951809378849628	0.2301320844856669	inactive
6.126441833935219	0.13412037037037017	0.13412037037037017	0.902563815929657	17.72222222222222	261.712	1.2222222222222223	2.412176172406858	1.9007573857976228	547.1875496450538	-1.8099999999999998	21921.857054833526	2.1119021142025787	47.245240222510915	16.574839006407334	47.04	4.0	3.0	3.0657000000000005	0.6143061853209459	0.988528429867374	0.001943927162043537	4.098605990041431	0.9081832110523531	0.592431196910168	2809.2449942303983	3.4884494384389373	0.16556444053845856	inactive
4.63020696307368	0.37750050210613917	0.37750050210613917	0.8277086402960889	17.652173913043477	318.4290000000001	1.3478260869565217	3.162954309510279	1.564228456040109	629.210439446963	-1.83	274310.37544658844	3.7446268828773226	17.47321349399978	41.01355902829735	86.34	8.0	3.0	1.2926999999999993	0.4603748747664406	0.9728940441965851	0.0008316541265403952	3.562314329606262	0.8773271740450903	0.9368427473084419	4002.175895489308	3.886340770375276	0.19471587405649077	inactive
12.935929547745024	0.34327239229024986	0.34327239229024986	0.9043040743180194	24.44	339.483	1.16	3.3685789675660964	1.4151692323172882	737.571318552785	-1.8099999999999996	1181481.9127682624	3.1972011424103304	36.02576333715651	52.40892858803332	39.34	2.0	4.0	3.575800000000002	0.3869000487001407	0.9604842390679122	0.0006881090204389651	3.7488197992728747	0.9032846083465237	1.1496005265208138	4260.152216097665	3.8928322744876027	0.3380623147478755	inactive
6.1714474975192255	0.5558191172559557	0.5558191172559557	0.8631613737820151	18.0	315.249	1.368421052631579	3.0553263993060504	1.5717184543468745	530.0856512150733	-0.55	43996.70015000713	2.96994737977294	38.25961522657301	23.088104350976668	30.230000000000004	3.0	3.0	3.7867000000000033	0.5427938341028036	0.9824878657651437	0.0011675710692451752	4.7337877405886815	0.8992638029545353	0.8986732675629562	3717.2014020031593	3.6977465517727093	0.31627147906188197	inactive
12.703750472411185	0.06373241580582789	0.06373241580582789	0.7875109688684745	12.26086956521739	308.385	1.2608695652173914	2.993923840881002	1.7908164661557264	796.90150479969	-2.69	278878.01793038356	3.0846084365659254	60.17974554369273	32.8066970057208	61.88	3.0	3.0	3.110100000000001	0.06427179360027284	0.7474783305327866	0.0004629819908318829	4.23046805826663	0.7405206723133627	1.3499495100686836	1783.0152184593494	3.0639904863044642	0.6699749095342278	inactive
12.35898538353715	0.0157702477863908	-0.0157702477863908	0.9345475481933179	17.44	336.439	1.12	3.061576298479963	1.281100612134505	725.4858292680079	-2.559999999999999	1078556.5910389093	3.6002108921111686	54.35534104569281	42.094028387786054	48.470000000000006	3.0	4.0	3.388200000000002	0.30588588670110817	0.9419293337679941	0.0005080033875590977	4.220029534671821	0.7923747269472697	0.9291315865130809	3680.4380043077	3.832843262021513	0.2391905171545878	inactive
13.249043039175163	0.054263878390861775	-0.8001678011909787	0.8102546587890298	14.0	304.27200000000005	1.1363636363636365	2.668431731126933	1.88123677847846	713.0760123854499	-2.6299999999999994	109544.45942622286	2.8561412292990367	59.159547076255436	23.958727830627478	52.6	3.0	3.0	2.0732	0.19738842076851498	0.8998437584692518	0.0005920170198694901	5.869965111796264	0.7784456493328219	0.8907834997453011	2346.521006611445	3.3121150739069583	0.31857145826741157	inactive
13.148854875283444	0.17630196523053732	-0.2111895313681036	0.8589393400193418	19.125	323.44000000000005	1.2083333333333333	2.633854244847999	1.8941656034989514	714.0788298993165	-2.23	350450.11040249537	3.1842010024627494	59.1739143901635	27.319802908008974	46.09	3.0	3.0	3.9507400000000032	0.4832635698028008	0.9753864712741429	0.0010572171744030836	3.9484433458401673	0.9362266864264414	0.9728233719996476	3759.974025723316	3.659214199095372	0.2693335117378115	inactive
12.578226647140337	0.04062935668094436	-1.0379576601993075	0.8972646724970943	19.48	339.4150000000001	1.24	2.6165788856591012	1.676487521894199	774.380246629031	-2.399999999999999	519458.93985435873	3.990581717451524	48.02802097092827	41.9495892182749	72.47	4.0	3.0	1.5625000000000002	0.6123475637218726	0.9881400066742603	0.0009399876278246891	4.653739142715911	0.9569750536980781	1.0647160669778517	6344.733595962091	4.540165744456076	0.2434540386144703	inactive
14.337285997732426	0.0010714412338486135	-0.4828273809523804	0.9262248039661909	17.772727272727273	298.361	1.1818181818181819	2.937086519874091	1.8576494600776334	696.7333859377806	-2.1999999999999997	138736.21885277258	2.8753187884892752	59.40869330367116	29.938443101175096	46.33	2.0	3.0	2.9743200000000014	0.6029823251876861	0.987661119999766	0.0012379330069731077	4.203979238754326	0.916652167868814	0.7583406551751662	4334.140197401555	4.053123945352964	0.12465020865852317	inactive
12.990310216679262	0.06988992819350015	0.06988992819350015	0.7883653955081485	18.25	323.4000000000001	1.375	3.169700545955164	1.595851513972045	893.8413225497296	-2.63	568964.4176994979	2.4770159430324323	47.5440958300049	43.64504405736777	66.81	4.0	4.0	2.8535400000000006	0.39404520860074566	0.9621778456865842	0.0007748107233851042	4.3077354243892545	0.878957749094375	0.9077010264459414	3660.1430629749566	3.721676087560156	0.23679059891605098	inactive
13.613894242882338	0.05121556647350323	-4.048626936885862	0.47025529826997986	11.7	443.8870000000001	1.0	3.080913351267534	1.8798685351073365	1395.2915724466386	-3.0999999999999996	6287774.440334884	3.7120502869550918	93.11470840507263	8.417796984328938	82.65	3.0	4.0	3.610820000000003	0.2122208378534219	0.8971113792870038	0.00019169950167895197	8.950743795913711	0.6689795627343983	1.05348547213137	5284.143821472786	4.333627484064815	0.3002757316419163	inactive
12.783738977072309	0.0691548563869997	0.0691548563869997	0.864526666711322	21.25	324.408	1.125	3.348633061450644	1.4430786951412924	675.944499792772	-2.37	817294.1740421358	3.0032040874772634	41.85016783515644	47.068775413100525	63.43000000000001	4.0	4.0	2.0538	0.7179536752444771	0.9943358209209593	0.0014380996004945763	4.233739616067628	0.9798446515800296	0.9310245177712629	6281.4203105783645	4.540044145772794	0.1603553411348351	inactive
12.425341605778113	0.0960000419921061	0.0960000419921061	0.8368653772943887	16.19047619047619	348.2240000000001	1.2380952380952381	2.940386162450128	1.6251605911545668	629.3781039504395	-1.6899999999999997	97338.54352174904	3.152028812844512	45.9504482773757	34.09396588862921	60.190000000000005	3.0	3.0	2.5245200000000008	0.5955394017331286	0.9869167994007666	0.001027887038528663	4.650594399814773	0.9455559990904613	1.0051138677082083	5394.886074476863	4.154448824271761	0.2899713996710121	inactive
12.707919737339381	0.036688266355925814	-0.11296485260771005	0.7952291580168486	16.0	338.40700000000015	1.04	2.679742498923233	1.7643619736290252	694.6410221285403	-2.6599999999999993	698876.8437191792	4.452517624493801	65.72420659954848	25.531038964493465	67.43	3.0	3.0	3.1526000000000014	0.42471929393614094	0.9676272087807151	0.0006068680630960836	4.737616908593833	0.8436069927844945	0.9686931289458778	4646.485391856256	4.13002063471133	0.21144920010165624	inactive
12.225219076458252	0.3053137860082298	-1.0543843225293894	0.6803597609262376	14.74074074074074	369.3770000000002	1.0740740740740742	2.6623413482842175	1.4582353107003416	882.4375204531925	-3.1599999999999997	1297731.666807659	5.161197020352708	68.49366655871424	36.4727895244919	108.94999999999999	5.0	3.0	-0.04049999999999976	0.2995353648791419	0.9358302065724418	0.00029822291179344435	6.185392200318148	0.6984784030795596	0.722861097964621	4641.5817786765665	4.295185874606616	0.1342794368442342	inactive
12.294824420508945	0.03462418844824611	-0.7270664631784751	0.6861012628298311	14.666666666666666	328.3280000000001	1.0833333333333333	2.578346736439861	1.619638621413998	849.3961823692853	-3.03	306637.6206713198	3.317666883536684	57.36676357532025	41.553214731643635	99.78	6.0	3.0	-1.4118999999999977	0.2468872461173492	0.9206925212742112	0.0004988953523698042	5.50672956220839	0.744261539913896	0.9472534444779349	2844.8259566031334	3.5249202524684007	0.2869639413350477	inactive
13.545454109916593	0.35403292181069923	-1.1732591764896958	0.8069008319257547	10.454545454545455	299.26000000000005	1.0909090909090908	3.0482945486038666	1.7828424659202793	800.9195867052456	-3.089999999999999	168034.18869723953	2.687326973663682	65.98978272778459	16.10454334595358	68.98	3.0	3.0	2.6313000000000004	0.7936465006426223	0.9972104592690695	0.002275099339530204	6.780315057509539	0.9707859499566884	0.7436934137407569	5549.684966757355	4.420028732022201	0.13376443324514442	inactive
13.949130620261574	0.03780423280423273	-0.23851382824326572	0.6446430995766858	16.77777777777778	369.4440000000002	1.2962962962962963	3.0991971445963284	1.5225572602479591	919.6309998577422	-2.51	2304761.345339084	3.791496434984992	53.733755744663945	39.25194215725578	77.07000000000001	5.0	4.0	2.908900000000001	0.11296904944503845	0.8347358254363884	0.0005149373507090554	5.096934294138764	0.920180599714568	1.3244796300960424	2986.177516105229	3.294226885461074	0.6360846670394791	inactive
13.358297377593013	0.1390377135957943	-0.38590891912320546	0.4532378906857432	15.32258064516129	426.50100000000015	1.096774193548387	3.342574633684483	1.6567689575440805	1238.1912158626158	-3.5799999999999996	23647619.168837868	3.36556507893839	95.44164029778172	27.145518972961632	83.25	5.0	5.0	3.641700000000003	0.22845832471273747	0.9110422299412982	0.00027108079346967477	7.836598466943376	0.7178767326670853	1.0124619101003576	4610.774906365583	4.004941217565425	0.22968153860110702	inactive
13.436887652724593	0.279495119545625	-3.811377171226107	0.6672581818782071	17.5	444.55800000000016	1.1666666666666667	3.258659914273533	1.6201197880865825	1284.27297745479	-2.4899999999999998	5817040.330289513	3.6825020503827415	56.68968959852717	31.216789940037213	97.65	5.0	4.0	2.935760000000001	0.622629013961547	0.9890274185943351	0.0006190035433173792	7.011743317675143	0.9352376885357463	0.9265749610001597	9564.803977604932	4.894849089819779	0.15809522730198913	inactive
12.180700113378684	0.05842377383052	-0.6742479213907784	0.3996385852121705	10.44	339.307	1.2	2.6484109144985646	1.787649627325495	957.9211133925762	-3.55	538000.8415821529	3.5232423913827406	70.03311080615538	27.970370919941466	104.45000000000002	7.0	3.0	2.903600000000001	0.44760375601504987	0.9711202837512453	0.0006056850559609488	6.751788909775496	0.8421345172619418	0.8724182210527427	4907.531027620589	4.227043554008091	0.16093782504042256	inactive
12.872017195767196	0.027093673889309278	-0.4464279719131812	0.8045558907790921	19.928571428571427	380.4520000000001	1.0	2.7356881675641884	1.3843844199867545	850.7842332761704	-3.0	3268862.8486697786	3.8175582990397805	53.8524254689282	70.34775882100922	95.66	6.0	4.0	0.037400000000000544	0.33742058022933796	0.9504518897620067	0.0004581827777991101	5.325443786982248	0.84140602399155	1.0397962906361742	4970.399584934279	4.0876816371973606	0.27364002894163036	inactive
12.650100833543291	0.050738623638756364	0.050738623638756364	0.4421042761275172	11.416666666666666	355.83	1.375	3.1116297939966477	1.576306295927387	1069.0223881763754	-2.31	518378.8539010775	2.6768235007128505	52.80869171420791	26.48803411595335	72.74000000000001	4.0	4.0	4.005120000000002	0.2670177680346558	0.9302719158580249	0.0005597471661927535	6.8973951899040555	0.8225996996140086	1.1459007961515573	3295.1263894621416	3.510548951824277	0.44254712330481294	inactive
12.703106497228521	0.18672671537750918	-0.5815930886243388	0.5666457308220577	15.52	333.387	1.0	3.037515350941793	1.490137884151585	922.4788622988467	-2.879999999999999	740935.0445245297	2.636052854541849	71.92105017116157	23.343410719776916	59.160000000000004	3.0	4.0	4.0157000000000025	0.18293978517123588	0.8926212150422853	0.0005258754942122932	5.068762502989868	0.8580597258270275	1.3177392234310423	3105.710774095829	3.5402333801407564	0.5230635872268162	inactive
12.37472755871896	0.18827055513563495	-0.440274943310657	0.6331957505648432	15.434782608695652	332.7670000000001	1.3043478260869565	3.058198489811116	1.7012030072771456	690.8509527586835	-2.339999999999999	275188.93290716346	3.532859619132916	41.048396650897836	41.57147133279293	73.6	4.0	3.0	2.1368	0.38467645494630265	0.959885897181673	0.0004912473294709696	5.6303671134157565	0.7771908345229753	0.8755515574988718	4385.218145650828	4.176622194423509	0.21142376985445147	inactive
13.030372820054456	0.05306308329347775	-3.912348736562526	0.4961228103550499	15.448275862068966	432.88900000000024	1.3448275862068966	3.1354954123861	1.6463334158291305	1266.4498162817004	-2.75	4364810.285747844	3.4118209939227295	68.99903008980736	40.70379387816241	109.20000000000002	5.0	4.0	3.9109200000000026	0.592951582343693	0.9867677728014603	0.0005937668940351527	7.82399561723886	0.9370053267017239	0.7283108458693346	9119.648763770281	4.857759401960976	0.12020813159285317	inactive
12.996536753590323	0.046252834467120696	0.046252834467120696	0.8421987514967777	27.869565217391305	314.36500000000007	1.434782608695652	3.073749013811934	1.600225106601026	713.9264336943455	-1.92	391023.9070430714	2.6171699210974895	30.089872771846366	54.30227749749679	65.76	4.0	4.0	1.6004999999999998	0.24907161323197366	0.9238258223103043	0.0006328143907786886	4.374363325548993	0.8295465685353369	1.129947586893969	2840.6546195922097	3.471239693136151	0.3998786130490172	inactive
12.574011243386243	0.009160525321239898	-0.4825434618291762	0.610547458425796	11.041666666666666	336.3760000000001	1.2083333333333333	2.972633633544803	1.7797348937198005	1140.961186049956	-3.0599999999999996	521019.4422186647	2.259544825943979	69.7167688216694	20.275831377507718	76.36	6.0	4.0	2.8649199999999997	0.5881404658667821	0.9858497038818413	0.0011705895409492638	6.445711150935106	0.9893800857124468	0.9850467402434008	4988.451307722989	4.020684901072104	0.2878774679117705	inactive
13.360503790051396	0.3202484882842025	-0.3780515593646909	0.6235779110028146	10.96	336.33000000000004	1.2	3.2384470859688395	1.7091229954643472	1070.1389245271293	-3.5499999999999994	948026.238393604	2.629755034041937	66.36940545835179	30.2227211624835	77.63000000000001	6.0	4.0	2.5454	0.5329647915599971	0.9814134392290601	0.0008464416469089952	6.396026834176765	0.9138154515974297	0.9567342261055821	5140.825953329257	4.196524794544148	0.23716296833614034	inactive
12.363560230676633	0.19086238662131527	-0.5553645467251302	0.5999986566223368	11.208333333333334	338.7540000000001	1.2083333333333333	3.1026121601046412	1.603371886547598	1122.4835202047923	-2.9899999999999998	496920.56878667953	2.5670843405405406	63.66541137009635	10.891158250298714	90.16	2.0	4.0	2.4303	0.21532464493809042	0.9092575313421503	0.0004939001529546958	6.863347813221198	0.8641022057517999	1.2100433793541634	3632.0641924199085	3.7612866133966003	0.4753670292171965	inactive
13.060184564901167	0.2569935752078609	-0.3562713109935325	0.6237811737545229	10.96	336.33000000000004	1.2	3.2150202226807783	1.594697829632568	1066.3889245271291	-3.5499999999999994	898816.7736144199	2.8467770858615644	72.32428645950318	30.05631612095394	77.11000000000001	6.0	4.0	2.614820000000001	0.6675679232427759	0.9919327411344319	0.0009801602440402037	6.396026834176765	0.9222493547945494	0.7756577468083138	6845.4074840564745	4.754996500614414	0.12534563882416735	inactive
12.649206585411942	0.09881519274376416	-0.09881519274376416	0.5817064826288094	11.391304347826088	325.397	1.3043478260869565	3.223725468377576	1.6280256438565726	978.9326672721926	-2.67	351911.54330450133	2.2917915755615557	59.251478675235354	36.62410769729718	54.91	6.0	4.0	2.6241200000000005	0.5055128439058512	0.9781321178065793	0.0009460383102367276	5.170391729069012	0.937805775004535	1.013957688893158	4469.779217344421	3.964226429584531	0.2550112284556372	inactive
13.95583534639496	0.13120737042138564	-0.49857391512874893	0.7706924522236294	10.625	344.773	1.2916666666666667	2.5458801102979383	1.8655918254284287	914.6593909024652	-2.6599999999999993	288575.5105022713	3.463197971672669	65.19519520048001	18.000955791576246	51.22	3.0	3.0	4.217100000000002	0.2839804982976466	0.9353801272172864	0.00047062744372565755	6.332098836126802	0.788786581707487	0.6910353735064018	3738.3124019817674	3.8373356437610493	0.17080703607756773	inactive
12.856553130511463	0.11346576593600366	-0.31972374443604656	0.7820209255930266	15.96	354.7970000000001	1.28	3.0959784316443018	1.6077551069251097	910.4493514476555	-2.8599999999999994	991220.8385889662	3.080492747152807	65.83577093735015	27.049118383550194	69.04	5.0	4.0	3.425500000000002	0.40096450879485535	0.9635619100829721	0.0006859353295142183	6.140911607579748	0.8629730284870616	1.1136791571374398	4058.926356568474	3.7578422128037503	0.3780773225892251	inactive
12.137918871252204	0.12510673868312727	-0.12510673868312727	0.8042239506520825	10.636363636363637	315.76000000000005	1.3636363636363635	2.889847616804359	1.7641760826264659	829.123912283389	-2.5299999999999994	145012.55341124276	3.0419064275067496	59.37797435943413	22.40165039783804	55.63	4.0	3.0	3.177500000000001	0.5317208343767804	0.9810988618073458	0.0009488788050997608	5.279312443661018	0.9351114402604619	0.7814514744718501	4762.324029317237	4.143173861578502	0.17695841487628333	inactive
6.29063486366216	0.12046473450491302	0.12046473450491302	0.6288685369407935	22.2	350.84900000000005	1.08	3.066031202906177	1.5629246379644182	952.2838437920781	-2.2599999999999993	1260083.6358327863	2.3736867190029693	65.44434142789574	24.68037329728528	25.36	3.0	5.0	4.818800000000004	0.4889048569777136	0.9756148807079489	0.0008477988679892651	5.137090530323961	0.9658960546622136	1.08609264389689	5013.654069277611	4.020692808431272	0.34446221831428464	inactive
12.376511637062233	0.14689670466952198	-0.14689670466952198	0.7476964386599292	10.52	356.8090000000001	1.12	2.6038263821268273	1.8874063240075434	927.6863100087687	-2.7899999999999996	499796.6625700981	3.82936165475367	59.37797435943413	25.11075333285378	60.45	4.0	3.0	4.086600000000003	0.31630665408389835	0.9449206303776604	0.00047537063652165935	5.883349745778646	0.802136751830078	0.6778942098296987	4135.414593351566	3.9222452912538	0.15407503412816553	inactive
4.5654403359351186	0.6930516975308642	0.6930516975308642	0.6050383543781344	11.25	339.4280000000001	1.1666666666666667	3.2450675061976644	1.4579437445795531	950.5693856530048	-2.7399999999999998	595275.1833368995	2.8752154575162407	58.8790396016222	29.362521487257297	72.93	8.0	4.0	2.6595400000000007	0.2986685071535719	0.940075504747378	0.0005213800869269541	5.126060114629596	0.8608946228412757	1.205678283095374	4169.02060714348	3.963219616652918	0.3200499168284729	inactive
12.160621220710507	0.39820908919123155	-0.39820908919123155	0.577543721495325	11.0	324.345	1.2608695652173914	3.127664233220815	1.5142142124517892	989.9929773380617	-2.9999999999999996	357701.5753607649	2.5949905482041586	53.53912222790588	20.85911529219313	95.01	7.0	4.0	3.6819200000000016	0.23599368228668938	0.9171982652440107	0.0004801886366171517	6.629935720844812	0.7618673480798894	0.7721686123751951	3033.8465603227946	3.6416265016803537	0.21849621464030639	inactive
12.48386936255984	0.15819997929256746	-0.30794467015201143	0.5779951512146488	12.541666666666666	338.372	1.3333333333333333	3.1560436211756313	1.6072673483767108	1110.2626289064522	-2.999999999999999	544995.0806354715	2.4624	58.82028716669579	20.505237952215374	86.53	6.0	4.0	2.6531900000000004	0.4805462843052478	0.9753694503879397	0.0007287095160481915	6.481481481481482	0.9087477178813463	0.98517274664379	5137.726809278343	4.2176703184730995	0.26027649993980173	inactive
12.284980348735758	0.07317496301397841	-4.413328587933046	0.6614075014675231	11.407407407407407	394.7800000000001	1.1481481481481481	2.591234835831355	1.7527548375556559	976.5711453692901	-2.7999999999999994	933567.4954184847	5.337220777625355	65.44434142789575	23.674338732255105	51.22	3.0	3.0	5.010500000000002	0.5764960019881523	0.9856035377614469	0.0005551475148180793	8.060077720848492	0.8774240873313371	0.8314170260327153	8202.316912247019	4.922395311304545	0.13601184326190105	inactive
6.527861057709993	0.07133397108843509	0.07133397108843509	0.5553509017497348	21.846153846153847	385.29400000000004	1.0769230769230769	3.0701884245624167	1.5829036060398651	1001.217678348203	-1.9699999999999993	1816096.2780277082	2.4524402105839767	64.40060767317546	24.68037329728528	25.36	3.0	5.0	5.4722000000000035	0.42117880922090406	0.967016362622323	0.0006046523761042401	6.0153333143914445	0.8665421833235827	0.970547543923685	4875.51384825087	3.9355080864275354	0.25731917959932366	inactive
6.311415396260874	0.11441787131519265	0.11441787131519265	0.5983454223257804	21.846153846153847	364.8760000000001	1.1538461538461537	3.0701884245624167	1.582903606039865	997.3488486165364	-2.259999999999999	1816096.2780277082	2.375680402618942	64.94142585113113	24.68037329728528	25.360000000000003	3.0	5.0	5.127220000000004	0.3257533521941516	0.9475807435964434	0.00053719474522961	5.167620181213271	0.8296305649519714	0.9059622460722713	4010.001802910861	3.7729002497768733	0.2760164655108521	inactive
13.248248439293413	0.05109567901234535	-0.599464106373002	0.6775817595341509	22.923076923076923	385.25000000000017	1.1153846153846154	2.5958875421990513	1.5406981659230456	1060.8605791916357	-2.299999999999999	1051357.8175784955	2.291508961995619	64.40060767317546	16.995124638047017	51.22	3.0	6.0	4.972900000000003	0.36303892233803486	0.9550100535877789	0.00040269706411814144	7.023085416558841	0.7581447753772256	0.6313179174447431	4812.753228916324	4.11443813290824	0.1242773466968576	inactive
13.223326955782314	0.031495890022676276	-3.7765866784296604	0.8276099487123205	23.185185185185187	404.89900000000006	1.2592592592592593	2.6513283744640805	1.73627299714741	1038.4905503366565	-1.959999999999999	1321215.2582196896	3.1342136218177195	57.02787100189538	25.853711640540226	90.22999999999999	4.0	4.0	3.5862000000000025	0.2981442562225921	0.9400581573476494	0.0004494862165765438	6.539862615114073	0.8465415407888299	1.0560127255265868	4675.281346686938	3.862521846808916	0.34062679699813836	inactive
13.076036080868544	0.0470957603947475	-3.9192821408221294	0.0383990982606016	16.08108108108108	1143.0539999999994	0.5405405405405406	3.3593692552104173	0.7072463669790959	2546.334336820556	-3.8399999999999994	7583665957875745.0	18.42870779779984	135.71183675559078	158.00609338379337	222.14	12.0	6.0	7.724800000000009	0.1637270118875845	0.8809585775281975	4.104696209827537e-05	17.328888583007096	0.8143361798808814	1.915847672699637	34141.906657000654	6.47704637887297	0.4149544138960993	inactive
14.848626119477004	0.06460187309132626	-1.5538058216181334	0.04372465709757858	21.623376623376622	1095.3389999999997	0.7272727272727273	3.807344674120961	1.3943592805233407	2885.0937824845273	-7.18	3.2519002085281012e+16	16.90514753423229	113.88270407362826	129.8371003909381	357.9099999999999	14.0	6.0	0.18960000000000687	0.0743790290780645	0.7827718687591267	5.3010167811573105e-05	16.211795752906113	0.9301341811107745	2.3747432798855694	26225.640908631256	5.731641273557081	0.7007373013523093	inactive
14.557460402530463	0.029357394729415898	-1.781692989913988	0.0463216568311991	23.013698630136986	1055.2309999999995	0.6986301369863014	3.84775664667211	1.7112050949370035	2297.913633468446	-6.970000000000001	2687318979466521.0	19.524779083479984	65.72420659954848	149.35358981813204	428.3799999999999	16.0	4.0	-4.961100000000016	0.16265065872594797	0.8802728040963447	5.2634475062023477e-05	15.778642018368233	0.8165620618637278	1.718921653393035	26699.38531554597	5.9577551196735135	0.36929106063947853	inactive
14.140061389989757	0.03616084545161424	-1.4647828546356465	0.011988479412041543	14.028169014084508	1051.296999999999	0.4507042253521127	3.269039066927481	6.486100756611685	1866.6494850459478	-7.030000000000002	162606914309880.6	30.248016370896643	0.0	163.08442086806681	567.4999999999998	13.0	0.0	-15.84199999999989	0.23705782536098416	0.9188899125922834	4.5172447698752386e-05	13.134139427312164	0.801987205545813	1.822842497054482	36090.989679103404	6.856519135549193	0.31149525560696867	inactive
15.007912768018059	0.01124195308064424	-1.862155248962053	0.09710981355480343	56.67164179104478	959.1329999999998	0.7014925373134329	3.291238103017101	0.9845521371069784	1820.7650634107567	-1.4700000000000006	213821028151901.38	7.916188234554638	11.64912463690315	191.3938895360609	315.21	19.0	8.0	-1.0327999999999902	0.23431334322428027	0.9147662143015075	7.819653694672385e-05	12.042519962625999	0.933707948607342	1.9060175584721775	27597.568803774055	6.001628040671391	0.4677432486563688	inactive
12.464833133431613	0.010046137409744693	-5.935614337283523	0.04438417370680034	22.345454545454544	862.5740000000001	1.0727272727272728	3.6359765099044505	1.50206576222266	1863.0945205160876	-2.9700000000000006	207597120180.303	13.584006987431064	12.654640149529083	109.10302757574594	415.07999999999987	25.0	3.0	-5.477299999999998	0.3063123777340183	0.9412659213009571	9.56076486546418e-05	17.093547998547475	0.9077709211210888	1.6251459571502214	25525.3849465199	6.049720168682265	0.3202585040170113	inactive
12.464381845960638	0.03168909388659813	-5.931631623810666	0.05448164148723619	21.745454545454546	862.5739999999998	1.0363636363636364	3.6324495430735673	1.4909922423385717	1846.1533255006725	-2.9700000000000006	217138736821.6763	14.484066522227957	12.654640149529083	109.10302757574597	415.0799999999999	25.0	3.0	-5.3332	0.09048536775554201	0.81252615511152	7.512437760280847e-05	17.093547998547475	0.8418310148288157	1.9270106260450408	16182.904558113778	5.1980038261812975	0.6205110948666345	inactive
13.918882942669669	0.10676715305288953	-1.6383550107392446	0.04923715230518161	20.06896551724138	823.9259999999998	0.7068965517241379	3.8563163175364052	2.15076259913129	1560.2542692488514	-5.380000000000002	1100361974536.2715	13.63132843826271	0.0	142.07139111817884	358.67999999999995	13.0	2.0	-5.6752000000000145	0.6189172084985761	0.9887841505472196	0.00014078787683776686	11.054924939355514	0.9306829510518032	1.3949677036788355	41193.46707703426	7.47462601154376	0.16297859668577389	inactive
13.502997559435586	0.11587705733160258	-0.7026058443244432	0.20099474324029926	18.14814814814815	736.874	0.6296296296296297	4.017046785625158	1.1054287979220734	1795.7645982570257	-5.659999999999999	1265686436097.8313	8.115988043030017	72.57343268691889	83.16140565685136	171.25999999999996	8.0	6.0	5.480200000000005	0.5533565180230221	0.9835379588203835	0.00013644126105852354	10.548758585224423	0.8877173168295012	1.3616240345817034	31962.560203084868	7.108714528495571	0.1533339048344714	inactive
13.853576224202993	0.006203101194048433	-1.5149907470673267	0.11161209093599311	16.571428571428573	678.8549999999999	0.7755102040816326	3.074524966889615	1.7658582038067334	1382.7640703716934	-4.33	29924799153.5718	12.252138359105345	71.7905736680101	83.83849172292128	225.8	9.0	3.0	-0.5015999999999918	0.1382360624970457	0.8621465904413811	0.00010554207550341817	8.750081132574953	0.8168616068141135	1.7909158873028888	12478.306508451367	5.112971010539684	0.5266606676852549	inactive
13.292966149391702	0.005233781806614601	-1.7447010828515783	0.0313128326544351	14.020833333333334	677.7600000000003	0.7708333333333334	3.003230051084798	3.0725749997607785	1270.8056218039205	-4.970000000000001	7197068107.67094	15.54694954592102	29.828919765543436	84.8256010196185	337.77	11.0	1.0	-7.621700000000024	0.08987530492298151	0.8104286493197553	0.00012530989922442104	9.37811655028686	0.8856241852963297	1.856445753566885	10684.064383178264	4.689942060029098	0.6182167474064926	inactive
13.823543669317026	0.039206160223649755	-1.138276648112056	0.04298931162874952	13.478260869565217	639.8020000000001	0.8043478260869565	2.9915370455665027	2.288119779967144	1315.5133318767905	-4.69	4760133962.296086	12.734097380056632	64.71837544601925	66.84514961456685	269.13	7.0	2.0	-2.9981600000000075	0.21980213512140176	0.9094167724131212	0.00010394389337704734	8.050893945620087	0.7492519892072329	1.3485922775325823	12986.214355959712	5.415422227067743	0.27483281091716316	inactive
11.058959278155706	0.10106481481481477	-1.4673611111111107	0.42965468251051747	14.0	216.21699999999996	1.4	2.10016928983171	4.222956812290516	264.61239654879165	-1.63	1148.7926015379453	5.6309215579784535	0.0	29.86734640495078	138.34	5.0	0.0	-3.166199999999999	0.3567947088473493	0.9548537448073875	0.0014221711385766793	2.942053371344375	0.8517271483927636	0.7587086927771994	1717.0427913099118	3.165036650583431	0.22869118555640044	inactive
12.148521038044848	0.38632973251028835	-0.4208626228269081	0.5812359115256596	11.0	324.34900000000005	1.3478260869565217	3.153985001602223	1.5159308764560688	989.2515233834166	-3.0699999999999994	377093.60077656334	2.463561575697768	47.778874809031436	30.63960003563935	99.69	8.0	4.0	2.5140000000000002	0.121392250577859	0.8125866628225946	0.00039715394928519903	6.586050632944077	0.6481286583124972	0.9022137627979046	1814.737976177285	3.103143389965151	0.33304935684587006	inactive
12.569459089191232	0.22095804988662082	-0.22095804988662082	0.6146546181201179	11.217391304347826	323.3810000000001	1.2608695652173914	3.1234044317418066	1.7110838222769362	1049.181362309846	-2.7999999999999994	324924.6396296684	2.3465397580805067	52.92415860047082	25.489216473162582	72.18	6.0	4.0	3.208140000000001	0.6473233010536283	0.9907363491170639	0.0011031221239579249	5.682463905253195	0.8782336257260183	0.3389777570426598	5148.711587673957	4.2727285417228815	0.02969998297174096	inactive
4.705248484813781	0.20555119887461148	0.20555119887461148	0.6249990216958249	12.956521739130435	323.42500000000007	1.2608695652173914	3.1618588846915787	1.499259129159759	938.3614175493224	-2.309999999999999	379091.0709800968	2.7092353715882194	53.29659767408396	19.74844178534064	55.63	6.0	4.0	3.4288000000000025	0.14328071317807733	0.8429716774628133	0.0004097904984239448	4.844807694572629	0.6571982445608772	1.0585078366068843	1959.2171728011647	3.1807095592777825	0.34433147630264677	inactive
12.32358953766692	0.10569255479969764	-0.46762974866510176	0.5159885253182623	11.130434782608695	309.26900000000006	1.2608695652173914	3.193523976515436	1.6082311628119217	1076.1609955827182	-3.5599999999999996	399120.2395369462	2.1240086163103022	58.792244995347744	35.103296175079244	120.65	8.0	4.0	-0.9806000000000004	0.50621932797626	0.9781846188343852	0.0010962159189312885	6.687334071441059	0.9401935492507181	0.8940095552856945	3881.7147392918437	3.7864318590052406	0.23767581260820103	inactive
4.712503984695092	0.6417214663643234	0.6417214663643234	0.6247672179231444	11.136363636363637	291.314	0.9545454545454546	3.002043198896217	1.6410513736975836	962.9912368876096	-3.02	237587.7028470444	2.2417170027055584	53.85242546892819	20.281283556145308	76.73	6.0	4.0	3.086520000000001	0.4959975946092927	0.977232292624969	0.0011486213581172644	5.014596261982263	0.9166122752680224	0.8985927247367724	3447.513318289266	3.707065962337096	0.23449437782033267	inactive
12.590623661501638	0.24109268707482912	-0.24109268707482912	0.6131000604775261	11.291666666666666	321.34000000000003	1.2083333333333333	3.0821089087975437	1.6819299079320613	1093.200287271178	-3.22	446289.36999388435	2.302362527012632	53.304343248879334	25.489216473162585	85.32000000000001	6.0	4.0	3.0480600000000004	0.7569990779525175	0.9960427206196129	0.0016555415795465943	5.406080499058309	0.9368978158180848	0.5056310534747779	5965.695578817703	4.480046152773968	0.051493111455800364	inactive
4.721416131267322	0.37433106575963715	0.37433106575963715	0.6118901114991093	17.64	351.4390000000001	1.24	3.3296037903741933	1.3310727035244678	1053.4620172858442	-2.74	1437196.8392846975	2.5825816719540784	42.22260690876959	43.926775480439055	71.24000000000001	8.0	5.0	2.733220000000001	0.7825666686453087	0.9968928432003116	0.0014279955927060186	5.376240029803984	0.9544807705232564	0.6938104579942803	8099.319555968216	4.954457835710975	0.09182287240118786	inactive
12.188521038044847	0.3583626228269081	-0.3583626228269081	0.580876335262394	10.782608695652174	320.357	1.1304347826086956	3.0190733203359477	1.51747116157994	980.3886787438937	-3.059999999999999	396799.82556507393	2.6911670111897217	65.97797601441627	20.85911529219313	81.87	6.0	4.0	3.7805000000000017	0.2468673270124298	0.9222323003607851	0.000623751896674224	6.592314432341707	0.8807151488997121	1.228281489145403	3216.299566566747	3.5949083424818715	0.41693854099756233	inactive
12.374510901289401	0.14628173028470637	-0.34101190476190424	0.6015757511393548	11.28	338.32700000000006	1.36	3.119777248901191	1.5658923351104186	1169.7581247512067	-3.49	736520.132697842	2.6484720746218984	46.96779285291218	30.2227211624835	107.83999999999999	8.0	4.0	1.2183199999999996	0.5566589157894034	0.9834598841176135	0.0009019230526242112	6.101332511272098	0.949468458222327	1.0592683220130492	5518.367404127252	4.277914622149622	0.2336072532186127	inactive
12.486668398841019	0.3004721148994238	-0.4584245086923653	0.5794340416955616	10.72	329.3190000000001	1.0	2.648953497188598	1.6424247410508888	1091.694287898027	-3.739999999999999	795803.907532393	2.7838906502390484	71.91386657972642	20.85911529219313	104.93	6.0	4.0	2.792600000000001	0.06578168286883627	0.7590951192432922	0.0005994351849863321	7.019036912085542	0.9735283481024022	1.3823184758761369	2428.7762759165794	3.1529713135840804	0.7341641793949012	inactive
12.70058012093726	0.22718820861677957	-0.549789304610734	0.5820722486874926	12.36	334.3430000000001	1.12	3.0662353297498703	1.6686727490628983	1084.58789731744	-3.6200000000000006	900669.8332900674	2.5093671339687167	43.24742849814007	35.394171981878905	124.5	8.0	4.0	1.5513999999999997	0.43037606209721324	0.9684701008466562	0.000747120218997004	6.028456332427349	0.8721929041023577	1.0405679839799657	4087.040170056877	3.8555863555692826	0.25834479967837465	inactive
12.334125881834215	0.17824971655328747	-0.17824971655328747	0.6167092001970284	11.047619047619047	295.327	1.1904761904761905	3.0942178083471052	1.674192124185468	957.9858083629821	-2.7999999999999994	155258.5669694327	2.03409430601339	54.190942760302974	25.259809898454925	72.18	6.0	4.0	2.5913000000000004	0.6971020118588199	0.9934118796483664	0.0017944926893775225	5.903565633086268	0.9594511416868657	0.8346501783266151	4476.3573725150345	4.04756612089897	0.16272730674822258	inactive
4.379615768764398	0.698775746409675	0.698775746409675	0.6244315822005178	11.285714285714286	278.319	1.1428571428571428	3.065635549313574	1.5964487593875039	920.1181653606398	-2.89	149618.34298424897	2.1019524753694174	60.44069854999566	23.982731350072868	59.519999999999996	6.0	4.0	2.2975199999999996	0.6968595122952609	0.9932761550923356	0.0018645328450115279	4.300874900960248	0.9852008987966487	0.9731409933113028	4496.628214143402	4.150539856997748	0.2021640584513882	inactive
12.82501102292769	0.0036167800453523746	0.0036167800453523746	0.535922440961099	14.25	318.3400000000001	1.0833333333333333	3.2335319576303774	1.4799711082292961	1079.0221311431296	-3.219999999999999	910795.4135696637	1.9081041730169528	59.918792537389805	41.959795407132304	68.32000000000001	6.0	5.0	1.7349999999999999	0.4342909061348321	0.9690673609318186	0.0007943055010781147	5.406080499058309	0.8751483760491503	1.0164183118315535	3906.942668972301	3.85730611382407	0.2798693874236535	inactive
4.602950837742505	0.7551473922902495	0.7551473922902495	0.6286570627479221	11.45	283.36	1.3	3.1055789949680332	1.6085400381180746	856.7760972657969	-2.3399999999999994	94813.32671637405	1.7655996561947787	47.73314618238697	18.935751295947565	47.150000000000006	6.0	4.0	2.8946000000000014	0.1854992049449156	0.8936492641927897	0.0007495490670912372	4.326258545046423	0.7870440176360416	0.9964149152483196	1841.5264250337234	3.0382440295449236	0.3265608780679352	inactive
5.523992583144368	0.3205229288174811	0.3205229288174811	0.6068104898849824	17.291666666666668	321.3440000000001	1.25	3.3175082377987355	1.5880968314618549	1028.0939510872408	-3.0	953017.273964205	1.894736842105263	42.61403641822398	35.6211494799328	86.07000000000001	8.0	5.0	1.912	0.5119407215210281	0.9792369316023579	0.0009224192161152017	5.25	0.8991155610723662	0.9499469263489072	4323.226865188629	3.965476996339101	0.21552279905470556	inactive
12.273883062484252	0.06489890400604659	-0.5256925547996973	0.5439555225273092	11.041666666666666	322.28800000000007	1.3333333333333333	3.195169662730065	1.6055670686460055	1122.6674195972416	-3.6899999999999995	564602.4552527161	2.1675735626948347	58.13267888815526	30.285722695661594	122.38	8.0	4.0	0.47439999999999943	0.22395498271939313	0.912531740824789	0.0005974683608055185	6.825354383613411	0.7737178575669623	0.9090326832481503	2449.744333911579	3.274397441819589	0.4375517819118288	inactive
12.28097584404132	0.4042162698412699	-0.4042162698412699	0.5796229581158805	10.875	318.3160000000001	1.125	2.9832469182541	1.5632232653554763	1051.9165856607763	-3.4799999999999995	558093.900479304	2.517423732272216	65.6718563648291	20.85911529219313	95.01	6.0	4.0	3.620420000000002	0.3354223493323589	0.9497525384449771	0.0006501966255625816	6.197136596055514	0.8026234104354546	0.8685726260037615	3165.4256988395528	3.6202226672113746	0.2325506366484564	inactive
4.470271583942219	0.5900118365247335	0.5900118365247335	0.6153736605592794	11.333333333333334	296.35900000000004	1.1428571428571428	3.027113012992747	1.7962359468806943	954.5758988287652	-2.54	126015.68761787505	2.1111753275017713	41.29434004031221	24.566015264758285	68.0	7.0	4.0	3.0944400000000005	0.602676906670208	0.9874921057861238	0.0013788233431618478	5.026530269256563	0.9442022346729311	0.8858087930732561	4100.875784193832	3.9245036197281937	0.18538121165066543	inactive
12.898980061605318	0.0152105227357755	-4.633160194958761	0.6103072020014937	12.16	348.29200000000003	1.0	3.151525621007722	1.629064934128338	1064.9989297893947	-3.2399999999999993	695692.9777862126	2.727121466571432	47.67457233315636	34.4095015413826	85.3	8.0	4.0	2.1063199999999993	0.10700467532426501	0.8256027978849426	0.0005581646068982342	7.333622809783345	0.9423489587672409	1.4846999032262067	2819.6052635293527	3.2812861781010296	0.7728490626069265	inactive
4.383386869797404	0.6741288737717309	0.6741288737717309	0.6276610874100079	11.136363636363637	290.33000000000004	1.1363636363636365	2.946830850743805	1.6233248151897648	959.0911023577195	-3.0199999999999996	238525.3295517558	2.1431488408167567	54.616294051995744	24.732420306287846	68.52000000000001	6.0	4.0	2.523600000000001	0.5247841982137691	0.9795388113744498	0.001275191123314287	4.739726313272056	0.9892388027526582	1.1421104469761145	3813.1120322025513	3.813285355692576	0.31335701472677135	inactive
4.687146846392878	0.2951558956916098	0.2951558956916098	0.6228587933861839	12.772727272727273	311.374	1.2272727272727273	3.176921534671539	1.4968964460530079	895.9005631697149	-2.6099999999999994	263173.00301065564	2.370757860007254	41.405826107622424	36.78296991574105	80.89	8.0	4.0	2.3446000000000007	0.535562804448612	0.9815361959776729	0.0009857429928058167	5.235764959793673	0.9315696692143963	0.9468652847051414	4602.622811522468	4.1039126965425075	0.23058849744697404	inactive
11.942187124109925	0.16552121594735203	-0.16552121594735203	0.6222400918214895	11.318181818181818	312.35800000000006	1.2272727272727273	3.1212732339188474	1.6369497276829639	997.6018098731175	-2.7399999999999998	231795.11417051536	2.0431226542502037	52.837363994196345	24.149136391602433	77.11	8.0	4.0	1.6497999999999997	0.33000929339880825	0.9477963474242905	0.0006484402409436385	5.4712065660453755	0.7714737092274105	0.6894962980070549	2878.3929585991846	3.5333175094911624	0.15496758073542632	inactive
4.399065094791105	0.08950207860922132	0.08950207860922132	0.6264010863261794	12.954545454545455	292.346	1.0	3.167531825352455	1.5595251819105702	922.3452415285976	-2.7299999999999995	273867.96915179864	2.135346927471921	66.50706561845728	23.98273135007287	59.519999999999996	6.0	4.0	2.2278000000000002	0.4738547751342734	0.9747340469991245	0.0011020619636692923	4.391793230050479	0.8716482469070157	0.8292790085932084	3086.4152741715234	3.5619411078759664	0.2179448857135025	inactive
4.636141030486268	0.8851662887377173	0.8851662887377173	0.5876992308198666	14.565217391304348	303.369	1.2173913043478262	3.127726830334761	1.6263459677888463	1026.4355801673069	-2.82	514285.86725828407	1.8592231979664957	59.67682996692811	26.126793149723653	49.22	4.0	5.0	3.0817200000000007	0.23220345077498986	0.913471681896016	0.0007694969167087125	4.377696840721777	0.9398117197885383	1.3675817148336071	2820.8804325584533	3.4072295808543616	0.5936768819919636	inactive
12.277996976568403	0.16914399092970478	-0.16914399092970478	0.6167092001970285	11.047619047619047	295.32700000000006	1.2380952380952381	3.1406727849724647	1.6392978383023682	957.9858083629821	-2.7999999999999994	159643.53833293536	2.1293552812071326	53.92998975400005	25.489216473162582	72.18	6.0	4.0	2.5913000000000004	0.7858549858687984	0.9969536903268914	0.0023530098370757647	5.903565633086268	0.9805464696639347	0.674783786601026	5238.917946125953	4.315191008391117	0.1936111309032316	inactive
12.208087577138805	0.16640006928697426	-0.362329913319271	0.6090172985461498	11.208333333333334	340.36800000000005	1.2916666666666667	3.150209842721451	1.5592325530242257	1125.8572545675934	-3.07	515846.8617456376	2.5419134643855514	52.151059696200655	30.285722695661597	94.18	8.0	4.0	1.4478199999999997	0.6369812387203118	0.9896689390605268	0.001107946613120085	6.439755687393205	0.9862534831344372	1.121221163854059	6123.438974135381	4.407229138620561	0.2297147535033333	inactive
12.203036475392626	0.2780014382296132	-0.6251030352975631	0.5973270513613989	12.36	336.3310000000001	1.28	3.177607028584275	1.4709312052342995	1123.9311844574158	-3.55	835335.6908882913	2.9655038388175856	65.03641755514555	15.415787639547073	102.74	5.0	4.0	2.2805999999999997	0.6184075788641639	0.9887598384079839	0.0008842090542257003	6.0676599403748295	0.9278881963990908	0.8868724583594345	6512.667326556266	4.6557892106047785	0.17116680367756185	inactive
12.019304610733181	0.1618827160493823	-0.1618827160493823	0.7991137527783934	10.65	287.71000000000004	1.35	2.8768354939067122	1.7746352324759036	770.0523208569376	-2.4700000000000006	60410.66853654705	2.5972411155777153	53.70303680042693	25.489216473162582	72.18	5.0	3.0	1.9588999999999996	0.5805142168128891	0.9857997321551139	0.0014584360476087219	5.492887816106243	0.9268903420912995	0.7902825401872123	3507.9494938052962	3.711871298640588	0.21022402197206708	inactive
12.532463466868228	0.06472463676828699	-3.971254842214662	0.5671473270552418	12.043478260869565	329.31700000000006	1.0869565217391304	3.103513829584843	1.7717980726463047	1130.0650867503928	-2.9399999999999995	291897.8897277728	2.3047608185123707	47.01102119724766	23.715102019527034	113.19000000000001	7.0	4.0	3.0665200000000015	0.49068795373011337	0.9768578876684687	0.0008950209981704925	7.090056323744197	0.8723242213915738	0.7296222538850438	3974.9659693423973	3.7991378763163675	0.12821757565004654	inactive
4.460173059964727	0.7365913170823885	0.7365913170823885	0.6300824962391413	11.285714285714286	295.37100000000004	1.2857142857142858	3.0143028278283697	1.548747623662288	892.51829989053	-2.4699999999999993	139357.2483361612	2.3374055027283545	53.98290197207965	19.582036743811077	55.11	6.0	4.0	3.259520000000001	0.482551878161895	0.975831675339475	0.0009707209208839645	4.775799599755401	0.8781304102789765	0.8324472666464792	3635.1756463601846	3.8330779055806277	0.16328311912038365	inactive
12.69186720521542	0.06678784013605443	-0.3493707482993196	0.5611751409592266	11.416666666666666	359.43600000000004	1.2083333333333333	3.2551450042809886	1.679869352486751	1119.9471723594108	-2.5200000000000005	530718.8414979724	2.241396495177473	56.655767816288794	36.62410769729718	71.97999999999999	8.0	4.0	2.0458199999999995	0.26646926324827386	0.9266291629114117	0.00044313500552805153	6.413498790959592	0.7219726327796329	0.7559946389622323	3128.5608793852307	3.5561792164819717	0.20551789128555004	inactive
12.048342676576803	0.29809899113966565	-0.5037989791583419	0.5910095002779994	11.08	335.32300000000004	1.16	3.1196652289021056	1.4208210500604717	1138.061364132073	-3.55	773792.4043811916	3.091815854079664	58.33665840676786	11.01509303328528	112.42999999999999	4.0	4.0	1.8857199999999998	0.7023991596967296	0.9937133345534317	0.0011415044953880199	6.396026834176765	0.9478659426980036	0.8773805388424737	7030.3133197231955	4.772895137123003	0.14477384761898332	inactive
13.820013699924415	0.12381456286218251	-0.5757158210506421	0.6140781908198115	21.962962962962962	378.859	1.1111111111111112	2.7027572679627725	1.647624852900621	1046.1671539473075	-2.589999999999999	2621755.6326419283	2.5081092508320917	65.44434142789574	24.042796620724207	42.43000000000001	3.0	5.0	4.7355000000000045	0.342721887676781	0.951351930411186	0.0005051767025981874	5.951558354485619	0.7941687492714657	0.837050054217061	4052.114102871301	3.7624904322484696	0.2433991730152096	inactive
12.015535030440613	0.02306360259643081	-1.4593385254766227	0.18230059485673228	51.45454545454545	622.884	0.8863636363636364	3.3192575696874407	1.3728614749311312	1068.354236771707	-0.58	2530949975.3703413	5.260456419465265	11.64912463690315	85.76092220036587	139.84	8.0	5.0	4.324800000000003	0.5114034701698583	0.9790048027065967	0.0002623458385497376	6.52585960950414	0.9211971864571484	1.2771751759407965	15868.929180461966	5.420781512031255	0.22605010146690976	inactive
12.914696659528008	0.09338612474119357	-1.7340246394793242	0.3581558319444201	25.181818181818183	460.3910000000003	1.0303030303030303	2.7924266323023024	1.7913716681566336	1201.6730128331753	-3.3499999999999996	22551201.863918755	4.076568277880703	46.621529986742026	64.8486813654817	184.94	11.0	4.0	-1.2055000000000007	0.5473184103153018	0.9829109280177392	0.00044685138302073964	8.779649921672712	0.9035859027553391	0.8534133935603166	9925.786838703521	4.990568536252033	0.14746081475594786	inactive
12.405510912698412	0.01310927790410088	-0.7947719566221547	0.5406382781266542	60.70967741935484	430.6290000000003	1.032258064516129	3.09465925017643	1.3206402247693143	784.1059387572784	-0.42	14010067.08557673	2.515290056659885	11.64912463690315	40.416031493245214	58.92	4.0	6.0	4.8288000000000055	0.5829793442214078	0.985817759267573	0.0007630765580736313	4.445639779669096	0.9523379935765804	1.089454533686206	7082.261985443685	4.278660756209601	0.24269046496300753	inactive
13.720407504897771	0.041567119213743675	-1.565996802001562	0.18546695558645723	47.891304347826086	648.8779999999999	1.0	3.2928798326518334	1.5675523939991196	1179.3383077767126	-1.17	7411477309.041369	5.490539877765727	23.801164850570913	94.05035286993225	145.91	9.0	5.0	3.933900000000002	0.24304005187997035	0.9214678661720505	0.00014526525844281996	7.2713394905148725	0.8181925380327013	1.4647526381452143	11863.395408399896	4.96531342915068	0.3476764649426943	inactive
12.02003697486104	0.004663076449328729	-1.5051252066860348	0.23176994982596377	52.82222222222222	634.8510000000005	0.9555555555555556	3.3223661669383766	1.2775845367944767	1177.5105466049463	-0.8800000000000003	5349926873.937872	4.657270818479732	24.304080427335524	91.54803335293647	149.07	9.0	6.0	3.4372000000000016	0.6405187696924436	0.9902168897377719	0.00035556127831973337	7.149108365622355	0.9414193334331054	1.1682497596201187	17863.357466059893	5.576613505401536	0.17283365454533267	inactive
12.25063222310077	0.015867353042436028	-1.7143337095201001	0.13196218652385086	50.32142857142857	801.0239999999998	0.7678571428571429	3.397339289043692	1.1263980760160202	1401.3409085651267	-0.82	735551929263.4618	7.264573588073294	11.64912463690315	149.60377241231834	239.21999999999997	14.0	6.0	1.1198000000000037	0.2733433765462813	0.930834752369301	0.00012660066697814878	9.271034612356484	0.9111207795321367	1.783307577783856	17943.1789226615	5.290096765172801	0.44814496628783196	inactive
14.082475586854818	0.1387316110606711	-1.2434906165430155	0.2241073101802826	18.441860465116278	573.5330000000002	0.7209302325581395	3.3532622963692544	1.5030841254832517	1911.259175153329	-5.569999999999999	4214572504.5065923	4.947211972934546	101.13588393353349	5.783244946364939	191.63	9.0	6.0	2.3314999999999984	0.36725138451283	0.9562620375554788	0.00022635791940577455	12.346638905906845	0.9133556718626364	1.3922152339682452	12599.153855500394	5.150462024982354	0.31128032961233904	inactive
10.908177844499285	0.23404274798507307	-0.727930502727494	0.48848459959160717	51.303030303030305	456.71100000000035	1.0606060606060606	3.1071006337115143	1.46560117372368	851.0932479363787	-0.6400000000000001	17475294.05808937	2.972731408495113	24.304080427335524	34.12600476391001	49.69	3.0	5.0	6.294600000000008	0.6559252808357575	0.9911206736348619	0.0007442779091353555	4.471852587782811	0.9564502287684961	1.0774717295305727	9243.805981734822	4.701873208873821	0.20600328370404597	inactive
12.252740025279245	0.08644463354357113	-0.3600956689399333	0.14448361961120318	14.264705882352942	461.6660000000003	0.7941176470588235	3.0712238614452594	1.8757637450775229	1036.6805383252179	-2.8099999999999996	19311305.89169659	8.51627453281103	75.42924019799908	5.969305287951849	49.36	3.0	2.0	8.160800000000007	0.3478625799377815	0.9528913534952957	0.0002765244740802475	5.30686581412279	0.8366275608922333	1.2377256238968557	8345.289464001458	4.808132333825355	0.24597769231272013	inactive
13.15853796611237	0.1232021867388926	-1.902246367682874	0.30448711797503686	25.272727272727273	460.3470000000003	0.9090909090909091	2.764681286638087	1.9090272550053897	1250.2041776678584	-3.55	19075457.650010377	3.8987838393058705	40.55516291828041	57.73888382420415	221.83000000000004	12.0	4.0	-3.0668999999999986	0.23945275759556467	0.9002745978826532	0.00017837258034554706	10.154587304478033	0.6106705527787328	0.6451952567011342	4802.581927382913	4.1805008792787115	0.1062055873321146	inactive
12.674159737969262	0.03656840513983339	-0.6144387755102036	0.45202460186417254	10.73076923076923	351.37800000000004	1.1153846153846154	2.595303947094347	2.4205433153682625	856.9604422024911	-3.2099999999999995	469428.1967346371	4.446942405999047	64.74733456113607	12.893042487642472	95.47999999999999	5.0	2.0	2.3208	0.49854476284370036	0.9776889083668701	0.0006143996207515523	5.909819445728666	0.8985532673760499	0.9707680425658245	6256.008320311789	4.570594933391871	0.16931057329479676	inactive
13.649027392127138	0.0009135534379041133	-1.1267045645418665	0.31109183854918304	11.31578947368421	516.5330000000002	1.0789473684210527	3.474858940696773	1.6665439781960971	1380.4752130062602	-5.06	462842982.4348386	6.378609506036175	108.3522121415602	41.40585940152526	129.46000000000004	6.0	4.0	3.7070000000000025	0.19140850623343536	0.8974712765930697	0.00020297525331464068	9.048748521279517	0.8055988462876079	1.1731550800460118	7249.10180444769	4.423728448286353	0.282659124058797	inactive
13.672836835466253	0.026651435201669793	-1.1625232281847546	0.2705848649943449	11.435897435897436	531.5440000000002	1.0256410256410255	3.5003724514323418	1.664022301088193	1397.6429860761332	-4.8999999999999995	774194904.9485278	6.903265043848018	113.9156636332572	52.49241840112771	137.66000000000003	7.0	4.0	2.6778000000000004	0.09925996428391637	0.8171271406446836	0.00012672053287685932	9.383214579027076	0.7592617721462155	1.4633746814227597	7891.667753012947	4.778750343890616	0.45257343866405253	inactive
13.66176015961685	0.0006910740140357863	-1.1289557350718067	0.33261776180339525	11.421052631578947	515.5450000000002	1.0526315789473684	3.4730208484051928	1.6785822183533532	1378.151372276951	-4.859999999999999	471072157.0593106	6.275414695075154	113.9156636332572	40.77900904177408	117.42999999999999	6.0	4.0	3.705400000000002	0.2223354416261854	0.9128673281417078	0.0002057612024870691	8.865469725897967	0.8271216200736318	1.3734051809038568	8144.085344351077	4.620230754964292	0.30565271701265373	inactive
13.718130746801833	0.04642331482383777	-1.0699032606869914	0.3195211218440698	11.605263157894736	510.5290000000002	1.0526315789473684	3.67315873830343	1.4840795971926741	1489.6730798902797	-5.12	783758130.046061	5.487708829089578	127.0732193595509	37.87815107524857	106.14999999999999	7.0	5.0	4.141400000000003	0.4492967855528843	0.9712402978884109	0.0003350167326273039	9.319762624781964	0.8886420451710416	1.199758469242521	9899.773089983797	4.8170542588250065	0.25517892327261726	inactive
13.699540854826525	0.015323134782685655	-1.1098311917359538	0.35089901234095694	14.789473684210526	516.5290000000003	1.131578947368421	3.4582775378314916	1.4743113611368597	1392.543185525799	-4.41	469072410.0329321	5.313092360595702	113.91566363325721	46.64736423037654	117.79	7.0	5.0	3.1735000000000015	0.4645608706225431	0.972226353048477	0.0003795844733733694	9.106863385681324	0.9677832222585631	1.2593383510500817	10542.725618925238	4.818551788349057	0.33826359993540517	inactive
13.710003995229567	0.021042460842695343	-1.1577405529475338	0.23274057994735275	11.45	545.5710000000003	1.025	3.514705887874551	1.644485842233988	1414.5323500515128	-4.8999999999999995	1254091317.9701798	7.143021607142485	113.9156636332572	52.49241840112771	137.66000000000003	7.0	4.0	3.0679000000000016	0.13824603047501785	0.8612466326754917	0.00013930505494675607	9.341421218023397	0.7918394834429494	1.5266299233276408	8856.939989312617	4.855669019678164	0.46312696885986715	inactive
13.50970702632905	0.010009991778570315	-1.1033840912908375	0.4198073721502499	11.314285714285715	469.47600000000017	1.1428571428571428	3.4261598167526133	1.679901974484071	1335.6821185476813	-4.839999999999999	121413729.93245398	5.5670489408327235	113.9156636332572	28.327072906510004	112.11999999999999	6.0	4.0	3.8273800000000024	0.290050480584479	0.9351464677456984	0.00033702788685855886	9.074786826939246	0.9391982382066705	1.352200946104871	7387.967270717561	4.383365594138007	0.5124994138230811	inactive
13.730925922889305	0.006910903250188838	-1.1227927188118392	0.27495748511590423	13.225	542.571	1.075	3.5895154803084055	1.4217474824797585	1459.6545039404991	-5.06	1659704747.2264972	6.677456233339736	108.3522121415602	40.40002824799603	129.45999999999998	6.0	5.0	4.239600000000003	0.1711200174960819	0.8858594234635966	0.00016601370767743836	9.256540187957746	0.8306289828324603	1.3567281517503755	8957.679577060591	4.77532347288793	0.3349674145017162	inactive
14.071341017888635	0.045190189244421974	-0.6905790580120938	0.7998358258827291	23.032258064516128	438.95900000000034	1.2258064516129032	3.0978513775702243	1.5515522584608377	1055.8699711426834	-2.44	17084823.826976933	3.4198445388008727	57.86922762914028	48.380188910915614	65.54	4.0	5.0	2.850100000000001	0.2146365386545321	0.9033861002888666	0.0002122639890157971	6.115151929010638	0.706806614693372	1.076984838450675	5488.347938310073	4.346173167528074	0.251265354694469	inactive
