MaxAbsEStateIndex	MaxEStateIndex	MinAbsEStateIndex	MinEStateIndex	qed	SPS	MolWt	HeavyAtomMolWt	ExactMolWt	NumValenceElectrons	FpDensityMorgan1	FpDensityMorgan2	FpDensityMorgan3	AvgIpc	BalabanJ	BertzCT	Chi0	Chi0n	Chi0v	Chi1	Chi1n	Chi1v	Chi2n	Chi2v	Chi3n	Chi3v	Chi4n	Chi4v	HallKierAlpha	Ipc	Kappa1	Kappa2	Kappa3	LabuteASA	SMR_VSA10	SMR_VSA7	SlogP_VSA2	SlogP_VSA6	TPSA	HeavyAtomCount	NOCount	NumHAcceptors	NumHeteroatoms	Phi	RingCount	MolLogP	MolMR	CalcAsphericity	CalcChi0n	CalcChi0v	CalcChi1n	CalcChi1v	CalcChi2n	CalcChi2v	CalcChi3n	CalcChi3v	CalcChi4n	CalcChi4v	CalcEccentricity	CalcHallKierAlpha	CalcInertialShapeFactor	CalcKappa1	CalcKappa2	CalcKappa3	CalcLabuteASA	CalcNPR1	CalcNPR2	CalcNumAtoms	CalcNumHBA	CalcNumHeavyAtoms	CalcNumHeteroatoms	CalcNumLipinskiHBA	CalcNumRings	CalcNumRotatableBonds	CalcPBF	CalcPMI1	CalcPMI2	CalcPMI3	CalcPhi	CalcRadiusOfGyration	CalcSpherocityIndex	CalcTPSA	pIC50_class
12.38399108717561	12.38399108717561	0.31946966595280113	-0.4388706223230032	0.5380266069420899	10.590909090909092	312.75600000000003	299.65200000000004	312.066555336	110.0	1.3636363636363635	2.227272727272727	3.0	2.9075850001821975	1.9539515533013392	854.7411524620866	15.526733258565956	11.699254230016598	12.455183176035053	10.685871848001629	6.703008428300125	7.0809729013093525	4.723529493303014	5.159965273774999	3.2497331668386513	3.456432119251501	2.3099329086116116	2.4738141447471214	-2.5899999999999994	151802.10527451235	14.351582034961204	6.034183187114694	2.7340438279225285	132.15744072768686	28.47317011026542	72.16340665301799	15.52038345669041	61.577321847579654	44.120000000000005	22.0	4.0	4.0	5.0	3.9363670465390994	3.0	4.094900000000003	86.34050000000003	0.6259168613265133	23.588888244936868	11.344817190955325	12.169388660950304	6.047353133959531	3.7756599216676707	4.153624394676898	2.4728906658892833	2.6518972096144418	1.6217580783373102	1.7498371876904124	0.9891057757783875	-2.5899999999999994	0.001260204851053716	5.556019574711533	6.034183187114694	2.7340438279225285	150.42205722986836	0.14720653627415559	0.9606388324632474	35.0	4.0	22.0	5.0	4.0	3.0	4.0	0.7499276402337056	762.2878388858863	4974.529787077354	5178.355922091741	1.52391090477293	4.177317638281796	0.15751973824567592	44.120000000000005	inactive
13.004896376486453	13.004896376486453	0.16983035441452077	-4.091553890533867	0.25144901412472115	11.387096774193548	457.85100000000017	445.7550000000002	457.0135337839999	156.0	1.096774193548387	1.903225806451613	2.6451612903225805	3.176656362899726	1.6802278062637077	1448.3397798682013	22.17299762850792	15.505546523031656	17.077972049977838	14.752057326703273	8.694455056078183	10.512482857888047	6.37304086193684	8.624406539369119	4.365738990650275	6.258403138954222	2.938823359932654	4.49635656056758	-3.7599999999999993	10996764.751017224	20.510261190896117	7.818201889345197	3.9800625161081413	180.22306323766014	44.18384753835657	93.88823740519763	28.266797750282777	78.08331780651152	121.4	31.0	9.0	8.0	11.0	5.172689122375081	4.0	4.054100000000003	111.8237	0.5747127222854367	26.577343292756144	16.149768819702324	13.754568697020737	9.5725964988306	5.4077309787728725	7.509224793572389	3.4816628169683224	5.135278886681414	2.1915799309245267	3.451004227732937	0.9853933563868058	-3.7599999999999993	0.0004415803292223296	10.512038567493116	7.818201889345197	3.9800625161081413	197.08270923967393	0.1702936674945534	0.9089372807503271	43.0	8.0	31.0	11.0	9.0	4.0	5.0	0.9664604539697419	2058.3735746360426	10986.506469818403	12087.19974688358	2.6511367673949757	5.238864110806965	0.1612828199335512	121.4	inactive
13.659265991010216	13.659265991010216	0.07874945353047114	-5.375735883025176	0.13972959481592434	16.274509803921568	726.6710000000005	690.3830000000004	726.248818812	276.0	0.9411764705882353	1.588235294117647	2.176470588235294	3.508037362887186	1.5694183729820805	1754.261010227022	37.6726331495784	27.719018519507586	27.719018519507586	23.89912303444467	15.921494446471275	15.921494446471275	12.453271147736713	12.453271147736713	8.267251616503614	8.267251616503614	5.8088215976028605	5.8088215976028605	-5.090000000000001	70910584932.89229	38.70776335314099	15.851250334244781	9.57933064787457	287.3498333403275	40.37701435445236	64.84885194917072	66.80318551331746	42.46456947923127	155.68999999999997	51.0	11.0	7.0	17.0	12.030714642928315	4.0	5.185800000000004	169.57679999999968	0.2689924325298687	59.91437925330224	23.914379253302247	30.29871949011473	12.509865108114903	8.741312003562607	8.741312003562607	5.42080972533534	5.42080972533534	3.416996606947817	3.416996606947817	0.9309590478462365	-5.090000000000001	0.00012120435677332638	12.8432732069971	15.851250334244781	9.57933064787457	338.16099787532306	0.3651236108953086	0.8294241884631063	87.0	7.0	51.0	17.0	11.0	4.0	16.0	1.502944950328592	6843.187906308322	15545.161710502935	18742.112813598516	3.9918027199060755	5.319831589116673	0.30578907465741134	155.68999999999997	active
12.130349584278157	12.130349584278157	0.3241099773242633	-0.4358641975308639	0.7272379499441562	10.578947368421053	272.69100000000003	263.61899999999997	272.035255208	94.0	1.263157894736842	2.1578947368421053	3.0	2.8613511859842164	1.939894962310221	751.7955957795542	13.242276208189782	9.76047680295392	10.516405748972375	9.237183443017882	5.627153528453235	6.005118001462462	3.9728604181690135	4.409296198640998	2.705211443267606	2.9119103956804557	1.8736096144687706	2.0374908506042804	-2.329999999999999	38528.09371927747	11.743159424148285	4.741144509635959	2.301440794266416	113.54224593008594	28.47317011026542	59.5084508625856	15.937262329846266	48.92236605714728	54.98	19.0	4.0	3.0	5.0	2.930316622609495	3.0	3.435500000000001	72.50420000000003	0.5607377162449168	18.088888244936868	9.844817190955323	9.392995458700282	5.323746336209552	3.3152497250427024	3.6932141980519297	2.137480469264315	2.316487012989473	1.3702004308685838	1.498279540221686	0.9837253710275382	-2.329999999999999	0.0015457537859519999	5.346323999786321	4.741144509635959	2.301440794266416	126.24503706383457	0.1796785863611254	0.96057775005445	28.0	3.0	19.0	5.0	4.0	3.0	2.0	0.4899349292665125	621.4299837298142	3322.2201247054577	3458.5645196519895	1.3340891935958883	3.6840917421952626	0.1592811988583208	54.98	active
13.730802601854212	13.730802601854212	0.0392388733729967	-4.890923259751015	0.19889390230444107	15.9375	673.6890000000003	635.3850000000001	673.272333216	258.0	1.0833333333333333	1.8125	2.4375	3.6336529836213156	1.5284142628200736	1719.2765661631358	35.33576985639494	27.170531376414058	27.170531376414058	22.58164501915684	15.38509466579072	15.38509466579072	12.14543267045852	12.14543267045852	7.9892537333872395	7.9892537333872395	5.683575071409793	5.683575071409793	-4.95	20751829790.502407	35.89598598747289	14.861579095839312	8.49296788161442	274.0728751124953	40.37701435445236	58.54052231024742	71.78716403426466	30.33183534230805	168.57999999999998	48.0	12.0	8.0	15.0	11.113979895332667	4.0	3.7887400000000016	167.22679999999966	0.5011941744600158	60.72769942977452	22.727699429774518	30.678986376100845	11.890131994101017	8.30256992889492	8.30256992889492	5.153648266640882	5.153648266640882	3.253164297655877	3.253164297655877	0.9775586041424427	-4.95	0.00017775473488207717	10.7753086867573	14.861579095839312	8.49296788161442	327.6939806478265	0.2106636548317699	0.9419565398293579	86.0	8.0	48.0	15.0	12.0	4.0	18.0	1.693108601482875	5299.1923981898635	23694.684967253226	25154.75392478902	3.3362104652151676	6.3394125574124764	0.31112030034946364	168.57999999999998	active
13.712172114283472	13.712172114283472	0.021004274804397705	-1.1283444753398746	0.2075826214235363	15.978260869565217	633.7460000000001	590.4020000000002	633.3162487159999	246.0	1.065217391304348	1.826086956521739	2.5	3.4421166193426527	1.5137937941314101	1606.0252966721196	33.542876637581486	27.243744738572918	27.243744738572918	21.870320153751653	15.568147956276878	15.568147956276878	12.270564559306566	12.270564559306566	8.117585695211652	8.117585695211652	5.896382636350948	5.896382636350948	-4.74	10073163496.866297	34.13924761234042	15.027713911999072	8.2902459197964	267.9412110181132	40.37701435445236	58.54052231024742	71.78716403426466	30.33183534230805	168.57999999999998	46.0	12.0	8.0	12.0	11.15293144106846	4.0	3.468460000000002	171.5787999999996	0.16229032682837594	65.09380601074683	22.09380601074683	32.862039666587	11.573185284587174	7.9298108598522825	7.9298108598522825	4.932674911883962	4.932674911883962	3.0751084318694386	3.0751084318694386	0.8793747046683652	-4.74	0.00012153325313313181	8.783070068774208	15.027713911999072	8.2902459197964	328.5871690542836	0.4761303695306838	0.7922144663527511	89.0	8.0	46.0	12.0	12.0	4.0	19.0	1.4809550935164997	6518.499636349991	10845.873402114119	13690.577315568426	2.869336179621322	4.949858752221065	0.39576829162547705	168.57999999999998	active
11.98765306122449	11.98765306122449	0.32561626039304636	-0.43780864197530867	0.7272379499441562	10.578947368421053	272.69100000000003	263.61899999999997	272.035255208	94.0	1.2105263157894737	2.1052631578947367	2.9473684210526314	2.8535482381376	1.866921100766299	751.7955957795542	13.242276208189782	9.760476802953919	10.516405748972375	9.220346690612274	5.621170464309528	5.999134937318755	4.0080812290698775	4.444517009541863	2.6793338341827306	2.8860327865955804	1.7944122616327485	1.9582934977682585	-2.329999999999999	37866.58512008595	11.743159424148285	4.741144509635959	2.4361181210887883	113.54224593008594	28.47317011026542	59.508450862585605	15.937262329846266	48.92236605714727	54.98	19.0	4.0	3.0	5.0	2.930316622609495	3.0	3.435500000000001	72.50420000000001	0.7227909444999777	18.088888244936868	9.844817190955325	9.392995458700284	5.323746336209552	3.3152497250427024	3.6932141980519297	2.0749804692643155	2.253987012989473	1.2912185448418536	1.4192976541949556	0.9945422881340314	-2.329999999999999	0.0022003408508903684	5.346323999786321	4.741144509635959	2.4361181210887883	126.24503706383457	0.10433425666158312	0.9831282755143236	28.0	3.0	19.0	5.0	4.0	3.0	2.0	0.5035035273595133	446.8072640275258	4210.207356874739	4282.459839406174	1.3340891935958883	4.04860674088823	0.1344431181287962	54.98	inactive
12.164238473167044	12.164238473167044	0.3482029478458051	-0.3846141975308639	0.8557269142497447	12.68421052631579	274.707	263.6189999999999	274.050905272	96.0	1.368421052631579	2.263157894736842	3.1052631578947367	2.8613511859842164	1.8717611155716685	643.093132796533	13.242276208189782	10.019989826947764	10.775918772966218	9.237183443017882	5.9235767071168235	6.30154118012605	4.236844468833372	4.673280249305356	2.976723019781015	3.183421972193864	2.145403859999669	2.309285096135179	-2.0699999999999994	38528.09371927747	11.989119300986285	4.896239851941102	2.394437878984936	114.92533623620848	23.257631452867926	52.80869171420791	17.498040214811635	36.65915541707259	51.22	19.0	4.0	4.0	5.0	3.0895580900613315	3.0	2.922200000000001	72.84120000000001	0.541493562908866	20.088888244936868	9.844817190955323	10.392995458700282	5.323746336209552	3.3152497250427024	3.6932141980519297	2.137480469264315	2.316487012989473	1.3702004308685838	1.498279540221686	0.9818751312007192	-2.0699999999999994	0.001453883138546584	4.795954740814658	4.896239851941102	2.394437878984936	130.4380683702927	0.18952896013425058	0.9561764416423199	30.0	4.0	19.0	5.0	4.0	3.0	2.0	0.6073784388849084	657.6707689162617	3317.9588763061947	3470.0278440319016	1.2359023542148728	3.681303859960106	0.17919562141430972	51.22	inactive
14.482071183040873	14.482071183040873	0.1424255572392854	-1.3894589063728955	0.316761238770822	12.108108108108109	530.8780000000002	514.7500000000002	530.10730667191	190.0	0.9459459459459459	1.7027027027027026	2.4324324324324325	3.404500793745218	1.7266520915618482	1866.2760634879305	26.429992462459133	19.231592009975113	19.987520955993567	17.583427791316385	10.630514396547026	11.008478869556255	8.118441685032552	8.525641811773157	5.402091328742852	5.704824644451695	3.682339979649714	3.8825016411515634	-4.459999999999999	206483752.77132925	24.243975728662893	9.202125376739456	4.697921494771686	209.2753596595171	28.191251096997135	97.23852836595982	33.67914730342237	51.37111102100337	118.99	37.0	11.0	10.0	15.0	6.029624440156331	5.0	1.3820999999999997	124.75200000000005	0.20250484723394496	33.35327683246425	18.10920577848271	17.33909959598194	9.717064068991165	6.657145295188356	7.035109768197583	4.262458465334841	4.535956127312306	2.746915037187954	2.925921580913113	0.8880457487751102	-4.459999999999999	0.00012693836784653345	11.72629430054126	9.202125376739456	4.697921494771686	231.75488766220212	0.4597550957656195	0.649834555237456	53.0	10.0	37.0	15.0	11.0	5.0	7.0	1.001976075442088	5119.291875747891	7235.793120829881	11134.823567801577	2.9164008204898915	4.703577467345403	0.16524329139116567	118.99	active
12.714643014613252	12.714643014613252	0.3104610470731506	-0.4478407659360035	0.47144797456992965	10.6	352.8210000000001	335.68500000000006	352.097855464	126.0	1.28	2.12	2.84	2.934925750594552	2.0670426922357734	959.4845994158142	17.811190308942127	13.613467792389693	14.369396738408149	12.134560252985372	7.789725066487794	8.16768953949702	5.516253626067849	5.952689406539834	3.784978803729604	3.9916777561424537	2.819866914971731	2.983748151107241	-2.8499999999999988	590885.6664414506	16.988702210562867	7.3634112487111185	3.488867966115229	150.5626640386924	28.47317011026542	84.31544686668573	15.52038345669041	68.16591056955043	44.120000000000005	25.0	4.0	4.0	5.0	5.003792038330483	3.0	4.823400000000003	100.24150000000003	0.5360979407643252	29.088888244936868	12.844817190955325	14.919388660950304	6.797353133959531	4.275659921667672	4.653624394676899	2.8412923653267774	3.020298909051936	1.9523114772122994	2.080390586565402	0.9817555510540463	-2.8499999999999988	0.0008059616119863714	5.851332734904309	7.3634112487111185	3.488867966115229	174.44716254154517	0.19014741116977107	0.9108350629395403	42.0	4.0	25.0	5.0	4.0	3.0	6.0	0.9354054781805312	1130.1221415430666	5413.4571992815545	5943.400094645775	1.7234307712058392	4.206651042332467	0.2020175658721825	44.120000000000005	inactive
13.467265272878699	13.467265272878699	0.15190019526329102	-0.6854535409842957	0.525070051615019	15.485714285714286	515.3970000000003	491.2050000000003	514.117460608	182.0	1.0	1.7714285714285714	2.4571428571428573	2.895215223481806	1.6164257869081737	1222.3436181127577	24.949018510446816	19.202736199019316	20.714594091056224	16.90541720081447	10.848459301996778	11.604388248015232	7.8524827863594115	8.666883039840622	5.794007025059002	6.533036303797019	3.955097992223922	4.2474297049349605	-3.4899999999999993	80708513.50083414	24.62878002932306	10.83913870819917	5.441271877056524	212.90514191109455	46.39101178853517	76.53334181009869	61.59395283994145	60.924623690919034	84.0	35.0	8.0	6.0	10.0	7.627278941473094	4.0	4.375300000000003	135.91219999999993	0.19661834331089073	40.677776489873736	18.189634381910647	20.785990917400564	9.594706267919063	5.974906616146789	6.730835562165243	3.8959975257495807	4.559676284473093	2.388298398302637	2.6195383475436755	0.8725220574734034	-3.4899999999999993	0.00010041143231603807	8.567865144859086	10.83913870819917	5.441271877056524	246.68249054736037	0.4885747222507313	0.6052490336995874	59.0	6.0	35.0	10.0	8.0	4.0	8.0	1.0028154253397659	6027.690470489533	7467.135867974269	12337.294984729455	2.6533793925220746	5.006037457516359	0.17510882561657465	84.0	active
13.08697694472902	13.08697694472902	0.08730775944059177	-0.8580856061560429	0.35596462764532816	13.794117647058824	475.6300000000002	434.3020000000003	475.304621412	190.0	0.7647058823529411	1.2647058823529411	1.7647058823529411	2.755185114556103	2.8401052583948	779.9005823979236	25.672997628507915	21.297871807341018	21.297871807341018	16.01014680844552	12.045411333262624	12.045411333262624	9.959640297771257	9.959640297771257	5.08577841953378	5.08577841953378	3.5248735729173255	3.5248735729173255	-2.899999999999999	12626219.886697628	29.132154340836017	15.089290851936706	11.814856464127601	203.13946558793515	24.19376005277098	35.89528683400505	42.319282540214864	30.33183534230805	113.60000000000001	34.0	8.0	5.0	8.0	12.928927940952505	1.0	3.5882000000000014	131.84109999999998	0.5446203883366324	57.38288223881919	16.382882238819192	28.408026444391332	8.066385657891463	5.063629455708159	5.063629455708159	2.602223348872107	2.602223348872107	1.5087894576119436	1.5087894576119436	0.9820229939933388	-2.899999999999999	0.0004234387428863051	5.420294089923652	15.089290851936706	11.814856464127601	260.9174259915304	0.1887613288477255	0.9690516782402275	75.0	5.0	34.0	8.0	8.0	1.0	20.0	1.3812450182080376	2288.5286113283723	11748.712011333455	12123.927211672351	2.405541000761516	5.244196373523488	0.3080390729912538	113.60000000000001	inactive
13.763965867160334	13.763965867160334	0.04008921350905115	-4.892402549691844	0.19423388273238826	16.102040816326532	687.7160000000002	647.3960000000002	687.2879832799999	264.0	1.0816326530612246	1.816326530612245	2.4693877551020407	3.475824288897178	1.541951898393764	1736.6331338309271	36.042876637581486	27.877638157600604	27.877638157600604	23.081645019156838	15.88509466579072	15.88509466579072	12.498986061051793	12.498986061051793	8.225817006618403	8.225817006618403	5.874025491674077	5.874025491674077	-4.95	31730992904.15521	36.8784762744768	15.512752973938772	9.148115329917358	280.4378172268919	40.37701435445236	58.54052231024742	71.78716403426466	30.33183534230805	168.57999999999998	49.0	12.0	8.0	15.0	11.675238622473886	4.0	4.178840000000002	171.84379999999962	0.22826349162258086	63.22769942977452	23.227699429774518	31.928986376100845	12.140131994101017	8.42756992889492	8.42756992889492	5.216148266640883	5.216148266640883	3.2877134479371297	3.2877134479371297	0.9153270733007185	-4.95	0.00010160610651157175	10.773446849490329	15.512752973938772	9.148115329917358	336.8688637625588	0.40271124752450255	0.8482372825239011	89.0	8.0	49.0	15.0	12.0	4.0	18.0	1.8168435725378869	8348.290389685355	17584.140491224418	20730.214119925746	3.4107310133469873	5.824586699395832	0.4143652368869023	168.57999999999998	active
12.282571806500377	12.282571806500377	0.3265665154950874	-0.42836419753086363	0.7301306649014965	10.7	286.718	275.63	286.050905272	100.0	1.35	2.2	3.0	2.8057442484088924	1.9866994205218769	795.4227792424293	14.11251969619286	10.683126533764293	11.439055479782748	9.647867045540844	6.043820195119901	6.421784668129129	4.428202219430493	4.864637999902478	3.0132241451598256	3.2199230975726754	2.1359162338987687	2.299797470034279	-2.3299999999999996	54134.02952880117	12.691093079016794	4.9798723078208935	2.2551782794198814	119.90718804448251	28.47317011026542	59.005535285820976	15.937262329846266	42.85599898868566	54.980000000000004	20.0	4.0	3.0	5.0	3.1600011490086564	3.0	3.743920000000002	77.24120000000003	0.5715937011698768	20.588888244936868	10.344817190955325	10.642995458700282	5.573746336209552	3.5652497250427024	3.94321419805193	2.3183821687018096	2.497388712426968	1.5198521303060784	1.6479312396591805	0.9848497170806557	-2.3299999999999996	0.0014178266390455962	5.2201165206274105	4.9798723078208935	2.2551782794198814	135.41992017856677	0.17341001922078295	0.9490661499101881	31.0	3.0	20.0	5.0	4.0	3.0	3.0	0.5000117624922462	669.3809551702653	3663.495389720306	3860.105420541012	1.2997756852335398	3.779884391172559	0.14772820045243015	54.980000000000004	inactive
12.187760770975057	12.187760770975057	0.28772250566893454	-0.5142901234567898	0.6777516231107281	10.7	286.69800000000004	277.626	286.03887778791005	100.0	1.35	2.2	3.0	2.779967140231744	1.9634704397817584	797.968281765587	14.11251969619286	10.500203455574583	11.256132401593039	9.631030293135236	5.860897116930191	6.238861589939418	4.172506850394541	4.608942630866525	2.680838487152646	2.8875374395654956	1.8750905026723714	2.0389717388078816	-2.3999999999999995	51573.950385579315	12.624573094543939	4.9388429752066125	2.352093707559982	119.12683602542906	28.603646613416885	53.069644720510844	15.937262329846266	36.65915541707259	66.18	20.0	5.0	4.0	6.0	3.117539207148537	3.0	2.768020000000001	74.00550000000003	0.4522791742684364	18.536101840436828	10.292030786455284	9.642995458700282	5.52095993170951	3.4874633205426604	3.865427793551888	2.198587267014294	2.3775938107394525	1.4394646404568596	1.5675437498099618	0.9715909572660802	-2.3999999999999995	0.0010329445632339571	5.929209252286176	4.9388429752066125	2.352093707559982	131.77157052693934	0.23666645676728681	0.8981883363003429	29.0	4.0	20.0	6.0	5.0	3.0	3.0	0.5388269550033259	869.541665903427	3300.0544010746476	3674.1229736601153	1.4641716732091816	3.698568657210634	0.16080378989414537	66.18	inactive
13.18500747984379	13.18500747984379	0.08151062790229124	-0.759089142863042	0.4368819704854645	20.727272727272727	452.55500000000023	420.29900000000026	452.24235550400005	176.0	1.0606060606060606	1.8484848484848484	2.5454545454545454	3.444300501533171	1.449126294778658	977.7554984897149	23.20853153444066	18.77045688443064	18.77045688443064	16.029208440902156	11.952100530023465	11.952100530023465	9.299541284628981	9.299541284628981	6.883381910662553	6.883381910662553	5.0276395808146	5.0276395808146	-3.1599999999999993	43440812.98232493	23.013519118273216	10.637620679257694	5.80199178200692	192.81025666092947	34.91062464326513	36.02576333715651	47.62011629633977	30.33183534230805	120.16	33.0	8.0	4.0	8.0	7.418457178031376	4.0	2.4466	124.47330000000004	0.12613974277914572	47.921847543855286	15.921847543855286	24.394205344927386	8.605350962927558	5.7209639512162775	5.7209639512162775	3.6022555473548756	3.6022555473548756	2.23218151676117	2.23218151676117	0.8404558911123217	-3.1599999999999993	0.00016125750892660682	5.903415055557436	10.637620679257694	5.80199178200692	238.0015391952528	0.5418799637323688	0.7146516956791863	65.0	4.0	33.0	8.0	8.0	4.0	9.0	1.316701490223238	4431.7421274592925	5844.748354205444	8178.457267425564	1.9029784870678481	4.515498770671758	0.3182541172496677	120.16	active
13.439596560846564	13.439596560846564	0.06662359851347954	-0.10973949147560225	0.39146974534478357	11.03125	441.9020000000001	423.7580000000002	441.12361045591	158.0	1.03125	1.875	2.65625	3.4860153188212593	1.4634176958329554	1361.0668289018517	21.915638315627206	16.9666116675007	17.722540613519154	15.669836433395457	10.034059166824424	10.41202363983365	7.300464849229607	7.7369006297015925	5.171084320828231	5.40618142361597	3.5829620975509227	3.7958471481121707	-3.9699999999999984	42213902.50326604	19.961874085029365	8.643953702845847	4.1048874421944594	188.82794201801576	34.22890732950011	95.90665327335527	25.885028089399803	85.32056846791696	78.01	32.0	7.0	5.0	8.0	5.392172356657254	5.0	4.3373000000000035	123.163	0.21713156825727267	33.469494336472835	16.225423282491292	17.529174359236336	8.907138832245563	5.759235300887908	6.137199773897136	3.7631283222159535	3.952110558720567	2.4006018348798452	2.542338512258306	0.8996514695875406	-3.9699999999999984	0.00016743295288326447	8.181900304949952	8.643953702845847	4.1048874421944594	214.1174110210364	0.4366087874390283	0.6684512722774663	50.0	5.0	32.0	8.0	7.0	5.0	6.0	0.9656495138560389	3992.3519281387544	6112.320233857923	9144.00269302019	2.2101239824152406	4.666834898726076	0.19050708957894194	78.01	active
13.653641564931245	13.653641564931245	0.003200153813463835	-1.176140257232879	0.19768076628647868	16.044444444444444	659.5670000000002	623.2790000000001	658.1961048519998	240.0	1.0222222222222221	1.7333333333333334	2.4	3.4465497558080505	1.5101982964682887	1568.442984275835	32.67263314957841	25.20716062747067	26.71901851950758	21.4764733036343	14.665565500452818	15.421494446471272	11.326278001797236	12.140678255278447	7.554755153900396	8.184695942249107	5.256962692354239	5.8087107237821325	-4.09	7244791383.6574335	33.79605909657344	15.267390681649124	8.549002513560348	270.2332691477402	63.5788941349174	63.76721559325937	66.80318551331746	42.46456947923127	155.68999999999997	45.0	11.0	7.0	13.0	11.46616972727752	4.0	4.455000000000003	169.59279999999964	0.07060577235367733	57.40252136126533	22.91437925330224	29.042790544096277	12.0098651081149	7.6237583384865655	8.37968728450502	4.762336370578418	5.329283080092256	2.922974438286966	3.409117167610813	0.7776108546385002	-4.09	8.50363042466014e-05	10.20447518083673	15.267390681649124	8.549002513560348	321.04443368273576	0.6287458618141206	0.7954306927264337	81.0	7.0	45.0	13.0	11.0	4.0	16.0	2.260343534301951	9354.01296862245	11833.82582262317	14877.255719239747	3.4621268730450323	5.228764479142691	0.7216417965160663	155.68999999999997	active
13.274467102684696	13.274467102684696	0.1758109987822285	-0.6087307886117417	0.5461975567107992	15.909090909090908	505.42700000000025	483.2510000000003	504.078966924	172.0	1.2121212121212122	2.0606060606060606	2.787878787878788	3.3693502868093272	1.5827512288893604	1142.495004771924	23.371668241257186	17.83249271101623	20.16084718398087	15.973565548236333	10.266994649330536	11.902576406603886	7.431898129539773	9.278543565382737	5.453402235065814	7.068818878495445	3.76038905616947	4.697285031386679	-2.809999999999999	41107310.05062905	23.351608353703394	10.416559335211016	5.237424299079393	205.43195995199918	52.04041139178634	74.65781763734266	54.48415529866391	54.17195232446172	74.77	33.0	7.0	6.0	10.0	7.37101254512002	4.0	4.105900000000003	130.4542	0.2266203435269511	37.677776489873736	18.006130962838377	19.285990917400568	9.911202848846788	5.590165289887764	7.162590816833945	3.630868709641338	4.896144924362206	2.2220486586837587	2.8507619186902247	0.9109212836732338	-2.809999999999999	0.00017085756512663167	8.445211197634777	10.416559335211016	5.237424299079393	236.39936758792936	0.4125801921458518	0.7263531528618983	55.0	6.0	33.0	10.0	7.0	4.0	7.0	1.1107567187413745	4251.220320994034	7484.3323611933965	10303.985508570368	2.66575889510761	4.669356446743925	0.2677892142927686	74.77	active
13.445210560259714	13.445210560259714	0.1590928917863439	-0.5919365709246669	0.40881132522955	16.11764705882353	514.4380000000002	493.27000000000027	513.0793012720001	174.0	1.1470588235294117	2.0294117647058822	2.823529411764706	3.551938387405381	1.4128341731805185	1340.4050574806347	23.656125291633366	18.001594689742	20.329949162706633	16.50804039084698	10.73197248282437	12.367554240097718	7.9848974957958605	9.831542931638818	5.918249937944835	7.5336665813744625	4.181169000639611	5.11806497585682	-3.0699999999999994	96045010.72109058	22.70890442043139	9.657311318334274	4.485701656720825	209.84429756084523	62.9433363238674	80.85466120895575	52.35833627833359	60.36879589607481	81.33	34.0	7.0	5.0	10.0	6.450204696658921	5.0	4.578600000000004	135.75889999999993	0.205049486938291	37.21674179490984	18.54509626787447	19.27216981793662	10.450168153882883	6.106192667539825	7.6786181944860035	4.066328823038875	5.33160503775974	2.5831854210546576	3.211898681061122	0.8853829331313312	-3.0699999999999994	0.0001083384036325829	8.857348139479477	9.657311318334274	4.485701656720825	239.4647913288459	0.4648624116012831	0.6307377020872393	55.0	5.0	34.0	10.0	7.0	5.0	5.0	1.0375038698590782	5821.921691095919	7899.338422576731	12523.967405842735	2.5158284834653584	5.050607887176438	0.19804000749786954	81.33	active
12.282571806500378	12.282571806500378	0.3265665154950874	-0.42836419753086363	0.7301306649014965	10.7	286.718	275.63	286.050905272	100.0	1.3	2.15	2.95	2.8514540981630208	1.9819766601148991	795.4227792424292	14.11251969619286	10.683126533764295	11.439055479782748	9.631030293135234	6.037837130976193	6.415801603985421	4.47976906555691	4.916204846028895	2.9234449560606897	3.1301439084735394	2.090437536607439	2.254318772742949	-2.329999999999999	53695.73212250784	12.691093079016794	4.9798723078208935	2.376500903540443	119.90718804448254	28.47317011026542	59.00553528582099	15.937262329846266	42.85599898868566	54.98	20.0	4.0	3.0	5.0	3.1600011490086564	3.0	3.743920000000002	77.24120000000002	0.5252875204287009	20.588888244936868	10.344817190955323	10.642995458700282	5.5737463362095525	3.565249725042703	3.9432141980519306	2.262480469264315	2.441487012989473	1.4919012805873308	1.619980389940433	0.9804278517230427	-2.329999999999999	0.0012182872499898931	5.2201165206274105	4.9798723078208935	2.376500903540443	135.41992017856677	0.19687871283036043	0.933388085266234	31.0	3.0	20.0	5.0	4.0	3.0	3.0	0.5098032448776858	766.1477909039738	3632.2526153398253	3891.4709461968155	1.2997756852335398	3.8021690151991843	0.14002650858750218	54.98	active
14.042005226026504	14.042005226026504	0.06746470679582717	-4.847476829283116	0.23223730203970608	19.382978723404257	664.7220000000001	621.3780000000002	664.3083843759999	258.0	1.0425531914893618	1.7659574468085106	2.404255319148936	3.481307263896662	1.5118558362890047	1465.7250152562772	34.35479590438262	26.88860819884375	26.88860819884375	22.251058100108683	16.067637582287684	16.067637582287684	12.870145339407612	12.870145339407612	9.028341252147175	9.028341252147175	6.388770853525168	6.388770853525168	-4.1000000000000005	15588066502.339376	35.74867643498939	15.20271277391815	8.44026908053816	270.6150123439386	40.37701435445236	29.959396268694903	72.97948403076093	24.26546827384644	155.68999999999997	47.0	11.0	7.0	14.0	11.563337444444254	4.0	4.347200000000002	165.38029999999966	0.2576607847702469	65.28048583427456	22.28048583427456	32.98177278060089	11.69291839860106	8.118552934519972	8.118552934519972	5.131135120572844	5.131135120572844	3.0789542102004908	3.0789542102004908	0.9242207304598141	-4.1000000000000005	0.00011083837435475024	9.529756769717618	15.20271277391815	8.44026908053816	331.260970380109	0.38185866677126434	0.7342762457345416	90.0	7.0	47.0	14.0	11.0	4.0	16.0	1.0107507766558013	6624.747520966077	12738.730744974777	17348.689704964432	3.082513935645085	5.2549669831395756	0.14618978639757274	155.68999999999997	active
13.715968898252344	13.715968898252344	0.018902352607709894	-1.0689195956160245	0.3614193809082541	17.08823529411765	464.4970000000001	439.29700000000025	464.1859835000001	176.0	1.1176470588235294	1.9411764705882353	2.6470588235294117	3.437973455411516	1.5081815832221432	1191.3558407690894	24.078775022443736	18.344938259076006	18.344938259076006	16.42305529101951	11.091258490775681	11.091258490775681	8.393847829105317	8.393847829105317	5.918456451503573	5.918456451503573	4.148869287562516	4.148869287562516	-4.009999999999999	60474963.844884455	23.15838477237033	10.2859195268281	5.481398806074585	194.84906473706934	34.91062464326513	71.67190394374585	47.62011629633977	54.59730361615449	120.16	34.0	8.0	4.0	9.0	7.00603770999772	4.0	1.8580000000000005	123.38530000000003	0.16864795538821895	41.29981201686451	16.29981201686451	21.083187581432	8.794333199432172	5.909946187720891	5.909946187720891	3.696746665607183	3.696746665607183	2.3030498554504004	2.3030498554504004	0.8828300759905965	-4.009999999999999	0.00027147282101698555	7.494914432297867	10.2859195268281	5.481398806074585	230.205553770218	0.4696925131683895	0.8879147708999068	59.0	4.0	34.0	9.0	8.0	4.0	9.0	1.4429884685509757	3270.731735035647	6183.047286827991	6963.559442266555	2.2674143150317168	4.203827833966669	0.43838663594932387	120.16	active
13.368847063002157	13.368847063002157	0.16746666240383123	-0.6400784465020584	0.5813737441093618	15.787878787878787	485.3710000000002	463.1950000000002	484.106895924	170.0	1.0606060606060606	1.8484848484848484	2.515151515151515	2.856191471149387	1.5963860527737563	1142.2060932806428	23.37166824125719	17.871838177745076	19.383696069781983	15.956728795830726	10.319420199634315	11.075349145652769	7.518224627412891	8.332624880894102	5.471102937778068	6.210132216516085	3.736286741941872	4.028618454652911	-3.289999999999999	32738306.429203812	22.888005467762287	10.103841144205896	5.208436419314408	201.4266545671911	46.39101178853517	82.5997088785603	54.484155298663914	66.99099075938065	74.77	33.0	7.0	5.0	9.0	7.007780950120791	4.0	4.366700000000003	129.3602	0.20394118546810808	37.769528199409876	17.281386091446787	19.3777426269367	9.186457977455198	5.668720398298892	6.424649344317346	3.6408423442096662	4.304521102933179	2.2224531908191834	2.4536931400602215	0.8711304421457853	-3.289999999999999	0.0001111529156298762	8.181550346669288	10.103841144205896	5.208436419314408	232.39406220312128	0.49105168034219027	0.5855518208002944	55.0	5.0	33.0	9.0	7.0	4.0	6.0	0.9344985716342477	5267.984357244401	6281.778386711485	10727.963202515459	2.5050025762445203	4.790529495325916	0.16464434043787896	74.77	active
12.716566987906273	12.716566987906273	0.23618102796674156	-4.404133834089191	0.6232898661677924	11.95	342.178	334.114	342.972319836	102.0	1.0	1.75	2.45	2.760411207369149	2.2128647824088423	832.0415655163586	14.328062645816686	10.016405748972373	11.729477802068152	9.465345060828676	5.753700255548263	7.37634539431161	4.235064076613639	6.307017063708812	2.899551003642545	5.2324181050279925	1.9506548045054557	4.027861587102823	-1.7805194805194806	44804.234306808656	13.21405450936139	4.647748097084237	2.21121804732523	117.60028590472027	24.379009496700675	64.4481921185137	18.295119060385826	53.3254737317647	22.0	20.0	2.0	2.0	6.0	3.070779835032589	3.0	3.0665000000000013	71.48700000000001	0.5364466378723913	17.397603595455365	11.110675648551144	9.104982781312717	6.727627920076065	3.6163072540606014	5.622006948931678	2.3323566036544072	4.4718309376277485	1.478695474945972	3.2948945929693383	0.981672085481092	-1.7805194805194806	0.0012429509248575712	6.78387834961583	4.647748097084237	2.21121804732523	128.84004990606272	0.19057784915147824	0.9266796154036833	28.0	2.0	20.0	6.0	2.0	3.0	1.0	0.6845256477855184	745.5480316005805	3625.2070545693855	3912.039279066434	1.5764878845138963	3.47894369591375	0.13296409518517283	22.0	active
13.901258941108326	13.901258941108326	0.1064204202750374	-1.1018171033845643	0.2810680735732491	12.342105263157896	502.5740000000002	476.3660000000004	502.20049069199996	188.0	0.8157894736842105	1.5	2.1315789473684212	3.5223558362317995	1.56420091681432	1473.2348279716362	26.321415709563013	20.76809158006324	20.76809158006324	18.614193540729627	12.253826135180235	12.253826135180235	8.739129976474482	8.739129976474482	6.231543359421395	6.231543359421395	4.300665123632543	4.300665123632543	-5.039999999999998	791267425.3896759	24.64545379584341	11.346721354319454	5.366637496404184	220.35085579560484	17.501745733386574	138.933193711284	21.782316500597428	126.33271774291745	88.33	38.0	7.0	5.0	7.0	7.359081496636575	5.0	6.002100000000005	145.16819999999976	0.05282676151859871	44.51359925339142	18.513599253391423	23.026171356177493	10.078957760677536	6.669211200155652	6.669211200155652	4.398947537928724	4.398947537928724	2.8149467980365097	2.8149467980365097	0.7375105472151092	-5.039999999999998	0.00015150075701862267	8.493199110707835	11.346721354319454	5.366637496404184	256.9381454322064	0.6753356148956384	0.7968905964268466	64.0	5.0	38.0	7.0	7.0	5.0	9.0	1.7284156103616184	5259.977653635696	6206.7313453406105	7788.686895253607	2.5360516767356733	4.3768455315702335	0.6048152606458318	88.33	active
13.476669396153522	13.476669396153522	0.14002362055933526	-0.6683641975308638	0.7340634869140499	10.7	290.68100000000004	282.617	290.025833396	100.0	1.3	2.15	2.95	2.8514540981630208	1.9819766601148987	800.7231692677504	14.11251969619286	10.06109100677352	10.817019952791975	9.631030293135234	5.726819367480807	6.104783840490034	4.1206366866032775	4.557072467075262	2.743878766583873	2.9505777189967226	1.9108713471306218	2.0747525832661315	-2.3999999999999995	53695.73212250784	12.624573094543939	4.9388429752066125	2.352093707559982	117.70778133301218	28.47317011026542	59.25930463516989	15.937262329846266	42.85599898868566	54.98	20.0	4.0	3.0	6.0	3.117539207148537	3.0	3.574600000000001	72.46220000000001	0.5329391461470286	17.466852717946097	10.222781663964552	9.081977695204897	5.512728572714165	3.504231961547316	3.882196434556543	2.2319715875166213	2.4109781312417797	1.462197625926027	1.590276735279129	0.9812794466933694	-2.3999999999999995	0.0011727111073635528	6.366645662675908	4.9388429752066125	2.352093707559982	129.00560196659302	0.19258932342462529	0.9298112340872227	28.0	3.0	20.0	6.0	4.0	3.0	2.0	0.50030291244055	792.8732219289635	3827.950666460556	4116.911611869671	1.5721931603368278	3.876824366397135	0.1514519903504968	54.98	inactive
12.129494047619048	12.129494047619048	0.28992695998152374	-0.5163706223230029	0.7527056772559997	10.571428571428571	302.71700000000004	291.629	302.045819892	106.0	1.2857142857142858	2.142857142857143	2.9047619047619047	2.9090825216809093	1.9120153360620187	813.5388742740762	14.819626477379408	11.091374824228156	11.847303770246612	10.169035095596021	6.1561926308156965	6.534157103824924	4.332902000178742	4.769337780650727	2.9542977638269825	3.1609967162398322	2.0255691398025406	2.18945037593805	-2.5299999999999994	93791.7295815142	13.452934264138138	5.456571264837257	2.683732834133854	125.02073327398939	28.47317011026542	53.44208379412399	23.047059871123796	42.725522485534206	64.21000000000001	21.0	5.0	4.0	6.0	3.49556640635432	3.0	3.4441000000000015	79.05620000000003	0.7092863042619499	20.997136535400735	10.753065481419188	10.801243749164145	5.731994626673415	3.60823934176559	3.9862038147748176	2.312762370543286	2.4917689142684445	1.48370389165885	1.6117830010119523	0.993936363838433	-2.5299999999999994	0.0016074938530158524	5.691925663664629	5.456571264837257	2.683732834133854	140.53346540807362	0.10995683080024699	0.9776658497675914	32.0	4.0	21.0	6.0	5.0	3.0	4.0	0.4855863935127046	608.1925899333129	5407.659723657377	5531.194246933013	1.4789713341877215	4.367189682519782	0.10302403501540157	64.21000000000001	active
13.941258941108327	13.941258941108327	0.1341981980528153	-0.9907059922734531	0.259688804682495	12.342105263157896	501.5860000000002	474.3700000000004	501.205241724	188.0	0.7631578947368421	1.4210526315789473	2.0526315789473686	3.5223558362317995	1.56420091681432	1470.0600260914657	26.321415709563013	20.898228253752904	20.898228253752904	18.614193540729627	12.394028915611242	12.394028915611242	8.895210533083628	8.895210533083628	6.368396081740552	6.368396081740552	4.420415057170753	4.420415057170753	-4.969999999999998	791267425.3896759	24.71240580347047	11.39233738212431	5.3934370032894465	221.13120781465835	17.501745733386574	144.73860777344268	16.79833797965022	132.2686083082276	75.44	38.0	6.0	4.0	6.0	7.4087385378184845	5.0	6.607100000000006	147.3731999999997	0.2110034775985658	45.566385657891466	18.566385657891466	23.57895776067754	10.131744165177581	6.7219976046556935	6.7219976046556935	4.443045838491229	4.443045838491229	2.851144791554856	2.851144791554856	0.9004985069513902	-4.969999999999998	0.00015557014112794608	8.26523959185831	11.39233738212431	5.3934370032894465	259.12346795142776	0.43485910244390324	0.6978005767987563	65.0	4.0	38.0	6.0	6.0	5.0	9.0	0.9154075571207991	4485.440276260095	7197.602152928211	10314.697912615768	2.47790520985635	4.682753905738224	0.16288960509197925	75.44	active
13.908760085263062	13.908760085263062	0.0754602597211731	-1.0736448501765292	0.36005526389778836	26.27027027027027	519.6870000000004	474.3270000000004	519.3420695399999	208.0	1.0	1.5945945945945945	2.054054054054054	3.055531445745426	1.8326249985523426	959.2141082793445	28.085057479767894	23.565440838079397	23.565440838079397	16.841078271284626	13.374638510012936	13.374638510012936	13.858887255545365	13.858887255545365	8.306740854608798	8.306740854608798	5.85767529490204	5.85767529490204	-2.6500000000000004	35028707.215500385	28.91409392862076	9.90838701916082	6.261723084579349	219.76717395981274	29.535898646757527	0.0	64.6450125233478	0.0	150.70000000000002	37.0	10.0	5.0	10.0	7.743027917652503	3.0	1.7112000000000023	139.01549999999995	0.3840442739468808	62.777309429819105	17.777309429819105	31.492756681159232	9.256688703659448	7.191010406292267	7.191010406292267	4.296830314277325	4.296830314277325	2.7106700639873096	2.7106700639873096	0.960439403569368	-2.6500000000000004	0.0002664825615362699	5.773023207406969	9.90838701916082	6.261723084579349	283.28112962855624	0.2784890519774817	0.8565847706472608	82.0	5.0	37.0	10.0	10.0	3.0	10.0	1.1904606795132346	3214.412101523853	9886.98274922573	11542.328427990651	1.545982384042848	4.869307903609717	0.2124956591701425	150.70000000000002	active
13.338023280084759	13.338023280084759	0.12674831506676765	-0.7060947341899728	0.5234037477465193	15.823529411764707	523.4170000000001	502.2490000000003	522.069545112	178.0	1.2058823529411764	2.0294117647058822	2.735294117647059	3.279924825275581	1.5795323823208072	1208.4632772582822	24.241911729260266	18.13310691483583	20.461461387800473	16.367412398353686	10.379740571933045	11.952166098879227	7.558354635703618	9.491262039764694	5.502158218496915	7.114882094182215	3.7939760588029037	4.753283593742306	-2.879999999999999	55520307.57406042	24.251102006709644	10.585734384449703	5.266915048223016	209.5974953549254	52.04041139178634	74.40867140992695	54.48415529866391	48.79188955399581	74.77	34.0	7.0	6.0	11.0	7.550462481565396	4.0	4.245000000000003	130.4122	0.1878193670239452	37.055740962882965	18.384095435847605	18.97497315390518	10.1001850853514	5.761808083121117	7.48853696002939	3.7166901062580147	5.059117995959928	2.2842472757373584	2.9901122107248703	0.8609396305227969	-2.879999999999999	9.866579376047965e-05	9.292468671072061	10.585734384449703	5.266915048223016	239.1599324906878	0.5087071383372461	0.5923351920142916	55.0	6.0	34.0	11.0	7.0	4.0	7.0	1.0750401517369028	6003.450329019196	6990.377439976811	11801.388021882296	2.893164856699681	4.866817223527118	0.22418670108032335	74.77	active
13.560476358441278	13.560476358441278	0.1308193972033258	-0.6607196397077357	0.5779349216439061	16.15625	493.3910000000002	474.2390000000002	492.05898042800004	166.0	1.15625	2.0	2.71875	3.32018121325869	1.5684011898115813	1128.8784242354368	22.664561460070647	16.8022088935616	19.130563366526232	15.418723993369941	9.83762138599565	11.473203143268998	7.247773584770373	9.094419020613334	5.173838256578674	6.789254900008301	3.581130857249873	4.51802683246708	-2.6799999999999993	23258789.089073196	22.511672385060287	9.851844255326768	5.033246179187257	198.11900801102195	52.04041139178634	80.47503847838857	47.37435775738638	54.17195232446173	65.54	32.0	6.0	5.0	10.0	6.930671570767325	4.0	4.236400000000004	123.86020000000002	0.27471606084251354	34.147492672419105	17.47584714538374	17.566724863441316	9.691936794887537	5.472961308544482	7.045386835490661	3.465216799964003	4.7304930146848685	2.124577866694673	2.7532911267011366	0.9313686291427719	-2.6799999999999993	0.00021851993073114225	8.92847256740067	9.851844255326768	5.033246179187257	224.8715041464487	0.36407756954900933	0.7565231790414567	51.0	5.0	32.0	10.0	6.0	4.0	5.0	1.0079136168314582	3462.032852153203	7193.818895520665	9509.052854977297	2.7488100366246537	4.520510438653731	0.2332091269693462	65.54	active
14.470235863036779	14.470235863036779	0.017770849080373408	-0.8727059975224669	0.4520201384381207	15.157894736842104	563.4130000000002	538.2130000000003	562.11860348	200.0	0.9736842105263158	1.7105263157894737	2.3947368421052633	2.935273583102288	1.6721760898158822	1359.2089386435853	27.39661226763952	20.834248424113156	22.346106316150063	18.26478920832117	11.483147307530519	12.239076253548973	8.311018976680607	9.125419230161818	6.168243558232095	6.907272836970112	4.228953210459852	4.521284923170893	-3.759999999999999	287868444.3693659	27.279502238794784	11.743883102305064	5.558012379877571	228.54916465792434	46.39101178853517	70.21782851422135	68.70375038121898	48.79188955399581	93.23	38.0	9.0	7.0	12.0	8.430718036354612	4.0	4.523000000000003	142.42219999999983	0.20138572892837245	42.96398925334683	19.475847145383742	21.883221444369042	10.191936794887539	6.4700750704993	7.226004016517754	4.278832173183104	4.942510931906615	2.6444996849503277	2.8757396341913664	0.8776086391459895	-3.759999999999999	9.393826950098027e-05	9.765997713470043	11.743883102305064	5.558012379877571	263.7314837943581	0.4793778014221398	0.6106767697338713	63.0	7.0	38.0	12.0	9.0	4.0	10.0	1.0189422403115973	6500.830523895256	8281.37258993311	13560.975298834559	3.018177250641335	5.015287636254845	0.1733606700371958	93.23	active
13.286425043156857	13.286425043156857	0.17917461892164277	-0.6607196397077357	0.5779349216439061	16.15625	493.3910000000002	474.2390000000002	492.0589804280001	166.0	1.15625	2.0	2.6875	3.2377776602670583	1.5572478595841037	1128.1284242354368	22.664561460070647	16.8022088935616	19.130563366526232	15.41872399336994	9.850701469570586	11.423126996516766	7.224096476757099	9.157003880818174	5.179254131215977	6.791978006901276	3.575164808520855	4.534472343460257	-2.6799999999999993	22535385.80433116	22.511672385060287	9.851844255326768	5.033246179187257	198.11900801102198	52.04041139178634	80.47503847838857	47.37435775738638	54.858256622457425	65.54	32.0	6.0	5.0	10.0	6.930671570767325	4.0	4.236400000000003	123.86020000000002	0.20624178903678486	34.147492672419105	17.47584714538374	17.566724863441316	9.691936794887537	5.455621865273222	7.182350742181491	3.4615349247180998	4.803962814420011	2.1184020682539058	2.8242670032414163	0.9021178639418935	-2.6799999999999993	0.00018842778982575074	8.92847256740067	9.851844255326768	5.033246179187257	224.8715041464487	0.43148969808897586	0.7392325979994583	51.0	5.0	32.0	10.0	6.0	4.0	5.0	1.1907132253000778	3923.161220980547	6721.200238616478	9092.131836184804	2.7488100366246537	4.472232633229904	0.33540048373968895	65.54	active
13.941258941108327	13.941258941108327	0.1341981980528153	-0.9907059922734531	0.259688804682495	12.342105263157896	501.5860000000002	474.3700000000004	501.205241724	188.0	0.7631578947368421	1.4210526315789473	2.0526315789473686	3.5223558362317995	1.56420091681432	1470.0600260914657	26.321415709563013	20.898228253752904	20.898228253752904	18.614193540729627	12.394028915611242	12.394028915611242	8.895210533083628	8.895210533083628	6.368396081740552	6.368396081740552	4.420415057170753	4.420415057170753	-4.969999999999998	791267425.3896759	24.71240580347047	11.39233738212431	5.3934370032894465	221.13120781465835	17.501745733386574	144.73860777344268	16.79833797965022	132.2686083082276	75.44	38.0	6.0	4.0	6.0	7.4087385378184845	5.0	6.607100000000006	147.3731999999997	0.15003675998552482	45.566385657891466	18.566385657891466	23.57895776067754	10.131744165177581	6.7219976046556935	6.7219976046556935	4.443045838491229	4.443045838491229	2.851144791554856	2.851144791554856	0.8649122030808131	-4.969999999999998	0.00015496428966338264	8.26523959185831	11.39233738212431	5.3934370032894465	259.12346795142776	0.5019231823316139	0.7283336114418318	65.0	4.0	38.0	6.0	6.0	5.0	9.0	1.1562599864532277	4700.009357148906	6820.116921081002	9364.001350397226	2.47790520985635	4.562684805986158	0.2989670255971374	75.44	active
12.261949247291511	12.261949247291511	0.03002491969009813	0.03002491969009813	0.6786713803127206	10.722222222222221	304.20700000000005	293.119	304.995499892	90.0	1.0555555555555556	1.7777777777777777	2.4444444444444446	2.768873143560632	2.1849071251802252	740.3250218822898	12.535169427003234	9.790760620408555	11.503832673504336	8.792024997884276	5.549125981730216	7.171771120493563	3.885001954909692	5.956954942004861	2.798492952003194	5.131360053388643	1.8597063792072297	3.9540196882989522	-1.7705194805194804	24687.272947986596	11.32729504071815	4.482123324150254	1.7968038728718991	110.21722492544845	24.379009496700675	58.88474062681671	25.40491660166336	53.3254737317647	31.23	18.0	3.0	3.0	4.0	2.8205740723074624	3.0	2.0563	73.03700000000002	0.6271263186811089	19.671958466891546	10.385030519987327	10.196284362262741	6.318929501026088	3.174734402865864	5.180434097736941	2.1280073941294173	4.26748172810276	1.3485700204647297	3.1647691384880945	0.989431095368467	-1.7705194805194804	0.0017685398464693297	4.405879392727275	4.482123324150254	1.7968038728718991	125.67190042729432	0.14500381897714087	0.8762798673694744	29.0	3.0	18.0	4.0	3.0	3.0	3.0	0.44776585550490117	495.4821171368338	2994.272888475148	3417.0280523090505	1.0970941549742155	3.369289341188705	0.04574705654125405	31.23	active
13.902421492548655	13.902421492548655	0.13174468565612107	-0.9908420466952219	0.3012081896435563	12.45945945945946	490.56300000000016	464.35500000000036	490.200490692	184.0	0.8648648648648649	1.5945945945945945	2.2432432432432434	3.6762427158730113	1.5639736764905474	1432.2879694114713	25.614308928376467	20.26809158006324	20.26809158006324	18.114193540729627	11.973349890332583	11.973349890332583	8.589021549158408	8.589021549158408	6.146268104832513	6.146268104832513	4.2673477714868975	4.2673477714868975	-4.909999999999998	515002842.19061273	23.81427678993766	10.784333063582661	5.20584383603262	214.550339722268	17.501745733386574	138.933193711284	21.365437627441576	126.46319424606892	80.37	37.0	7.0	5.0	7.0	6.941110610027943	5.0	5.730800000000006	141.26419999999982	0.10642682313579166	44.01359925339142	18.013599253391423	22.749778153927473	9.802564558427516	6.5046213967806175	6.5046213967806175	4.301366231741164	4.301366231741164	2.7638092367735636	2.7638092367735636	0.8170490268836813	-4.909999999999998	0.00014806625984076517	8.04577422421606	10.784333063582661	5.20584383603262	251.1376293588695	0.5765681986273866	0.7154552482044143	63.0	5.0	37.0	7.0	7.0	5.0	9.0	1.3930444592306093	4831.993790981389	5995.952127222595	8380.611005748717	2.345089432117146	4.4247116835866676	0.4032370681277088	80.37	active
13.312931311413456	13.312931311413456	0.05767977870160368	-0.05767977870160368	0.423696597277139	11.066666666666666	413.4860000000001	396.3500000000002	413.11900374391007	148.0	1.1	1.9666666666666666	2.7333333333333334	3.547174987144034	1.4436411312467285	1258.982738532811	20.33828804643758	15.91954521576571	16.736041796693435	14.775989583278104	9.405797848587882	10.348606890169947	6.802142625806667	7.582175940153999	4.8621567942540205	5.594206591648227	3.330259272947221	3.990082062586283	-3.7799999999999985	18893190.43572573	18.26139421432329	7.919975438556672	3.60094980201566	176.16503906154557	33.96475331720233	83.44504429516094	25.885028089399803	77.88159280346395	78.01	30.0	7.0	6.0	8.0	4.820993121708045	5.0	3.745400000000002	116.03	0.24507456791534704	31.499778153927473	15.3162747348552	16.498440413195585	8.814936994123311	5.376439282231192	5.988811717926986	3.548792385503561	4.05910274858339	2.253213046779189	2.6560738473938343	0.9211789427080321	-3.7799999999999985	0.0002541798082201902	7.479471063830018	7.919975438556672	3.60094980201566	200.04953756439838	0.38913924951270606	0.7693499763061057	47.0	6.0	30.0	8.0	7.0	5.0	6.0	1.228099222269633	3026.7942276501967	5984.140819108255	7778.17768688318	1.974574237297636	4.505764303142506	0.30560329662451174	78.01	active
13.401942239858908	13.401942239858908	0.028969277525825232	-0.16896017048794776	0.39764929922658	11.03125	442.8900000000001	425.7540000000002	442.11885942391007	158.0	1.03125	1.9375	2.71875	3.4860153188212593	1.4634176958329554	1362.922294479772	21.915638315627206	16.83647499381103	17.592403939829484	15.669836433395457	9.900725833491089	10.278690306500318	7.19516398453021	7.631599765002195	5.054089274416702	5.28918637720444	3.4523943379214606	3.6652793884827086	-4.039999999999998	42213902.50326604	19.89589139114757	8.601401574457222	4.080039911587439	188.016043567367	34.359383832651574	89.84028620489364	30.98370989770084	79.25420139945533	90.9	32.0	8.0	6.0	9.0	5.347892235532706	5.0	3.732300000000003	120.958	0.3722722130295425	32.416707931972795	16.172636877991252	16.979174359236335	8.857138832245562	5.722431902012918	6.100396375022146	3.725628322215953	3.9146105587205664	2.3606924761736563	2.502429153552117	0.9581400587389254	-4.039999999999998	0.0003686178854167915	8.47801390490837	8.601401574457222	4.080039911587439	211.9005420702198	0.28629989144211787	0.8407997756724994	49.0	6.0	32.0	9.0	8.0	5.0	6.0	1.088834369699372	2280.952197210447	6698.6546382326205	7967.003360431222	2.2788375671859087	4.37399704116724	0.24671095716699507	90.9	active
13.441942239858909	13.441942239858909	0.06896927752582527	-0.10646017048794776	0.39146974534478357	11.03125	441.9020000000001	423.7580000000002	441.12361045591	158.0	1.0	1.84375	2.625	3.4860153188212593	1.4634176958329554	1361.0668289018517	21.915638315627206	16.9666116675007	17.722540613519154	15.669836433395457	10.040928613922096	10.418893086931325	7.33696509478305	7.773400875255035	5.208651542621317	5.443748645409056	3.5962512570003526	3.8091363075616007	-3.9699999999999984	42213902.50326604	19.961874085029365	8.643953702845847	4.1048874421944594	188.79639558642052	34.22890732950011	95.7761767702038	25.999731376753633	85.19009196476549	78.01	32.0	7.0	5.0	8.0	5.392172356657254	5.0	4.3373000000000035	123.163	0.22462581133290424	33.469494336472835	16.225423282491292	17.53196076373638	8.909925236745606	5.77382510426294	6.151789577272168	3.7763249233409644	3.965307159845578	2.404249285723603	2.5459859631020634	0.9062223930898055	-3.9699999999999984	0.00017699216476781325	8.181900304949952	8.643953702845847	4.1048874421944594	214.08586458944114	0.4228013413680073	0.6887494883575978	50.0	5.0	32.0	8.0	7.0	5.0	6.0	1.0440516463425544	3891.4123077771956	6339.166823118337	9203.878812650457	2.2101239824152406	4.6893023408741605	0.21960495886526943	78.01	active
12.255451625094484	12.255451625094484	0.028416477702192244	-0.0399248866213151	0.6444730412108102	10.38888888888889	299.19100000000003	291.127	299.98018417599997	86.0	1.1111111111111112	1.9444444444444444	2.7222222222222223	2.768141759421268	2.2894162793582558	823.4165411467364	12.535169427003234	9.32972592544465	11.04279797854043	8.792024997884276	5.410360343784402	7.033005482547748	3.8491084064459957	5.921061393541165	2.7013236131621374	5.034190714547585	1.843874638258043	3.921081420855411	-2.0805194805194804	24489.75014559996	11.035333547330369	4.30276047502922	1.7045194732810245	109.49625937741027	24.379009496700675	64.4481921185137	18.295119060385826	53.3254737317647	45.79	18.0	3.0	3.0	4.0	2.6379109453453946	3.0	1.9193799999999999	71.20000000000002	0.4841082270172641	16.71092377192764	10.423995825023422	8.761642869548854	6.384288008312203	3.230351583892956	5.236051278764033	2.160686647772475	4.300160981745817	1.392860497005006	3.209059615028371	0.9754158164056344	-2.0805194805194804	0.0014999403588473676	5.2745292985876535	4.30276047502922	1.7045194732810245	120.73602337875272	0.22037237827307138	0.9415713486987425	26.0	3.0	18.0	4.0	3.0	3.0	1.0	0.8332326001606499	627.739191858465	2682.102186040885	2848.538445596892	1.2608353439081417	3.2080710263300465	0.21605152618599827	45.79	active
14.324607549070027	14.324607549070027	0.08770413255185439	-1.0175259301251371	0.1812425659079677	11.568181818181818	577.6840000000003	546.4360000000003	577.236541852	216.0	0.6590909090909091	1.25	1.8181818181818181	3.642906907072797	1.3761804036540861	1735.8480506553378	30.141406665871926	23.992086380887585	23.992086380887585	21.686673185801062	14.489163930001716	14.489163930001716	10.373355430111976	10.373355430111976	7.594358252011002	7.594358252011002	5.401219548080899	5.401219548080899	-5.749999999999997	21475175191.88724	28.373425440208493	13.484293486682391	6.345800790708732	256.1883020207224	17.501745733386574	180.63389460744762	23.343094385562793	162.6004436505356	75.44	44.0	6.0	4.0	6.0	8.695354451324361	6.0	7.678000000000007	172.1101999999996	0.09064356226049433	52.566385657891466	21.566385657891466	27.32895776067754	11.881744165177581	7.860194205780701	7.860194205780701	5.2621441390537305	5.2621441390537305	3.4187738680442217	3.4187738680442217	0.772410818866542	-5.749999999999997	9.408359770255566e-05	9.627002346699316	13.484293486682391	6.345800790708732	299.8004441581638	0.6351232375672602	0.6730634465375203	75.0	4.0	44.0	6.0	6.0	6.0	10.0	1.599315339056506	7153.887212789241	7581.237307618911	11263.778097918575	2.950302841815311	4.7437013717696574	0.4550729783183162	75.44	active
12.282571806500378	12.282571806500378	0.37040627362055956	-0.42836419753086363	0.7301306649014965	10.7	286.718	275.63	286.050905272	100.0	1.3	2.15	3.0	2.916299686513432	1.9727184119450012	795.4227792424292	14.11251969619286	10.683126533764293	11.439055479782748	9.66470379794645	6.049803259263609	6.4277677322728355	4.378457767685605	4.785657894426212	3.125040944720389	3.506104306772163	2.002898646190545	2.1523725732219665	-2.3299999999999996	59752.0642769737	12.691093079016794	4.9798723078208935	2.1429143998613727	119.90718804448255	28.47317011026542	59.00553528582099	15.937262329846266	42.85599898868566	54.98	20.0	4.0	3.0	5.0	3.1600011490086564	3.0	3.743920000000001	77.24120000000003	0.5760941667198937	20.588888244936868	10.344817190955323	10.642995458700282	5.573746336209552	3.565249725042703	3.9432141980519297	2.3607570646984506	2.6342547266759158	1.4516176484600698	1.5796967578131718	0.9848601476193128	-2.3299999999999996	0.0015390717318221417	5.2201165206274105	4.9798723078208935	2.1429143998613727	135.41992017856677	0.17335077049515912	0.9835973287325819	31.0	3.0	20.0	5.0	4.0	3.0	3.0	0.7840913863041747	639.0847862354531	3626.1857203131303	3686.656738876737	1.2997756852335398	3.7238632299943206	0.25822450711836714	54.98	inactive
12.657436696900982	12.657436696900982	0.10702160493827173	-0.10702160493827173	0.771157719311006	12.818181818181818	328.824	315.72	328.043711716	110.0	1.1818181818181819	1.9090909090909092	2.6818181818181817	2.686768732157096	2.142123238887908	769.4945217028387	15.526733258565956	11.751660472823895	13.324085999770077	10.702708600407236	6.906377165245239	8.269940197907955	5.01085757543105	6.207217810927716	3.6940375609171237	4.4495222509471875	2.723297298533722	3.206765308421059	-1.959999999999999	135875.26832264866	14.955757853235	6.4312676692528425	2.8276860463509346	138.0476884479776	40.64477711834226	58.614105776366586	11.660033336098294	42.46456947923127	44.1	22.0	3.0	3.0	5.0	4.372021906849298	3.0	4.317580000000003	90.51900000000002	0.18475632483353233	23.588888244936868	12.161313771883052	12.195781863200324	6.890242917137278	3.822169831187482	4.790956780495629	2.576690198061929	3.133642026350896	1.7485040273501868	2.109493710840641	0.8395342021844614	-1.959999999999999	0.0002657255637817741	5.917025082879839	6.4312676692528425	2.8276860463509346	156.3123049501591	0.5433068408942592	0.554999470896088	35.0	3.0	22.0	5.0	3.0	3.0	2.0	0.706649841265106	2088.619036111553	2133.568681074301	3844.271558726885	1.7297260051674195	3.502230460268987	0.18951952577562003	44.1	active
13.703907651473557	13.703907651473557	0.015087115041084065	-1.1439694753398746	0.20559002630239856	15.978260869565217	634.734	592.3980000000001	634.311497684	246.0	1.0434782608695652	1.7608695652173914	2.4130434782608696	3.4421166193426527	1.5137937941314101	1608.633892805912	33.542876637581486	27.11360806488325	27.11360806488325	21.870320153751653	15.438011282587208	15.438011282587208	12.046260103898485	12.046260103898485	7.9746166608596125	7.9746166608596125	5.743566306907633	5.743566306907633	-4.8100000000000005	10073163496.866297	34.07060152519815	14.980757769698592	8.259092528293994	267.1608589990597	40.37701435445236	52.73510824808874	76.77114255521187	24.26546827384644	181.46999999999997	46.0	13.0	9.0	13.0	11.095726706889497	4.0	2.8634600000000017	169.37379999999965	0.35545824502387874	64.04101960624679	22.04101960624679	32.30925326208696	11.52039888008713	7.86522105647725	7.86522105647725	4.8878800101964455	4.8878800101964455	3.035520092301472	3.035520092301472	0.9534696862696728	-4.8100000000000005	0.00017028303445790454	8.95599913408994	14.980757769698592	8.259092528293994	326.40184653506225	0.3014889008982119	0.9207680146276466	88.0	9.0	46.0	13.0	13.0	4.0	19.0	1.5262531697177464	5407.279812454061	16514.207596419707	17935.253325559923	2.9166881220311245	5.603250155379744	0.31559795578314975	181.46999999999997	active
13.600755070546736	13.600755070546736	0.029599710254472056	-0.15085548416897554	0.3505536860898898	11.0	471.92800000000017	451.76800000000026	471.1341751399101	170.0	1.1176470588235294	2.0	2.7941176470588234	3.529074518301749	1.5172392200113978	1447.1249803712074	23.49298858481683	18.297509688774934	19.053438634793388	16.618524838379198	10.569967716284557	10.947932189293784	7.674677577423512	8.111113357895496	5.5041277017942445	5.739224804581982	3.838722229429072	4.05160727999032	-4.169999999999999	103628453.49939074	21.663994790072504	9.364780587014032	4.354225506834097	200.27488293032397	34.2289073295001	89.70980970174219	33.10952891803117	79.12372489630386	87.24000000000001	34.0	8.0	6.0	9.0	5.967016407271886	5.0	4.345900000000003	129.71499999999997	0.1653422019559223	36.3777426269367	17.133671572955155	18.94020905420024	9.318173527209467	6.080011322110837	6.457975795120063	4.031480104880877	4.220462341385491	2.6056796860309253	2.7474163634093856	0.8820113898956566	-4.169999999999999	0.00023262650703458686	8.556453184489094	9.364780587014032	4.354225506834097	228.37429293368024	0.47122808500166025	0.8133549982793992	54.0	6.0	34.0	9.0	8.0	5.0	8.0	1.5701704967133125	3496.3986204653356	6034.897716087226	7419.758566497617	2.3567443139940543	4.237849162116668	0.6004476215930497	87.24000000000001	active
13.216922521066039	13.216922521066039	0.181244383555891	-0.6107857772738732	0.538969653258269	16.15625	509.84600000000023	490.69400000000024	508.02942988800004	166.0	1.09375	1.9375	2.65625	3.3242480943643984	1.5775679737699368	1126.1235367332733	22.664561460070647	16.8022088935616	19.88649231254469	15.43556074577555	9.843604450139356	11.857150680421933	7.211460844864423	9.465306407447988	5.2202851596212705	7.165290024090943	3.574940707076808	4.697808853150293	-2.3199999999999994	23880876.402963024	22.859045647194186	10.08438978507059	5.015101888055699	204.25673883497737	63.64135128201886	79.680450951084	47.37435775738638	54.17195232446173	65.54	32.0	6.0	5.0	10.0	7.203735200657106	4.0	4.750700000000004	128.9122	0.1861261028642228	34.147492672419105	18.231776091402196	17.566724863441316	10.069901267896766	5.472961308544482	7.423351308499888	3.517450205479884	5.06619977495767	2.1388779390502064	2.9329401747564714	0.890277977898055	-2.3199999999999994	0.0001646700147758236	9.140652119736602	10.08438978507059	5.015101888055699	231.00923497040412	0.455417524991903	0.7309902285825233	51.0	5.0	32.0	10.0	6.0	4.0	5.0	1.149846249056043	4439.121655376478	7125.2298725811515	9747.366782724055	2.8805593395361133	4.5716684599283814	0.3124194552548309	65.54	active
14.23028688344494	14.23028688344494	0.03761936255983822	-0.9692034378213823	0.48045659066393626	15.35135135135135	551.3770000000002	529.2010000000002	550.098616984	194.0	1.027027027027027	1.7567567567567568	2.4054054054054053	2.889819578608743	1.6504303218479968	1320.7889876249778	26.689505486452973	19.80396460665851	21.315822498695425	17.72678440586039	11.059757108339335	11.81568605435779	8.097121733792724	8.911521987273934	5.906394870722372	6.645424149460388	4.107807534184804	4.4001392468958445	-3.629999999999999	164086169.27520162	26.433520235347327	11.183489419110368	5.546196406238876	221.23621271694708	46.39101178853517	76.03504935526725	61.593952839941444	48.79188955399581	84.0	37.0	8.0	6.0	12.0	7.989702536806665	4.0	4.653500000000004	135.82819999999995	0.15641221413954662	39.43370543589219	18.945563327929104	20.163955390409793	9.972670740928288	6.352871089156016	7.108800035174471	4.16213143723524	4.825810195958752	2.581480209639035	2.812720158880076	0.8354383303659431	-3.629999999999999	8.716467413859404e-05	10.26271382582428	11.183489419110368	5.546196406238876	252.20362035287724	0.5495842029710875	0.6039386515004836	59.0	6.0	37.0	12.0	8.0	4.0	8.0	1.2807965722028936	6928.708877408364	7613.965382264774	12607.18346697616	3.101971661688203	4.961859449034894	0.3059969161560942	84.0	active
13.027187965470343	13.027187965470343	0.13374362244897942	-4.493270463277904	0.6979392738273666	13.0	366.38900000000007	357.317	366.01083956800005	122.0	1.1666666666666667	1.875	2.5833333333333335	2.557065957640944	2.1276250397578007	845.9466593917156	17.319626477379405	12.001624146933116	13.634617308788568	11.414033465812423	6.735483147531781	8.537578288112995	4.859160686018781	6.702862097530289	3.362836728045565	5.013492694121812	2.358438871122028	3.7138577953747522	-2.1099999999999994	251727.8011340051	16.73749044253863	6.415951754536808	3.0946320915095638	143.99919634084327	40.80572217750086	48.02802097092827	11.660033336098294	52.25553643026682	44.1	24.0	3.0	4.0	8.0	4.474455465472865	3.0	5.048980000000002	87.22600000000001	0.2241978036797701	20.253065481419185	12.886058643274637	10.481994626673414	7.614987788528866	4.141257026805332	5.752700229263909	2.7159044190729444	4.08294477762008	1.8127288978647331	2.9232034648148315	0.8969855500244426	-2.1099999999999994	0.00030371754640263115	8.8306951925492	6.415951754536808	3.0946320915095638	156.64393084235357	0.44205986364671035	0.6327073559677459	33.0	4.0	24.0	8.0	3.0	3.0	2.0	0.47262466299308864	2083.209756768483	2981.6372069113686	4712.505993155178	2.3607214297673247	3.652787731949068	0.09322846349342104	44.1	active
9.993444822373394	9.993444822373394	0.01759870769295313	-1.2274896069538934	0.4777865842451994	30.15	298.30400000000003	286.208	298.06154844391	108.0	1.45	2.2	2.85	2.930859771700486	2.0942646460475802	700.5030462689133	14.438793109825921	10.118200145751738	10.934696726679464	9.524075805453153	5.8213150923341574	6.22956338279802	4.4398682650239625	4.826566596090949	3.1980454396579083	3.4826816981089297	2.2027413522545607	2.4402625295574207	-1.59	48948.28904716982	13.395697176524079	4.752039702283049	1.8897782866627932	117.20494035044766	29.33009066241718	10.967909342203233	54.77342000196571	6.3273200747645415	140.75	20.0	9.0	9.0	10.0	3.1828442411301685	3.0	-1.6883100000000006	69.1038	0.40683298393693285	21.277309429819105	10.093806010746832	10.579984911282885	5.369061139355242	3.544835698494588	3.931534029561575	2.396658701749016	2.6812949602000367	1.5587521459228775	1.7773324433919409	0.9640902007908366	-1.59	0.0009261096334958907	5.312430588644547	4.752039702283049	1.8897782866627932	134.4407103913198	0.26557500774561676	0.7853111481379572	32.0	9.0	20.0	10.0	9.0	3.0	6.0	0.6013254673449844	847.9677996368039	2507.4594630329498	3192.9502961703265	1.26224405364309	3.3130067404050276	0.15374052896514945	140.75	active
12.161388416477703	12.161388416477703	0.2936281179138325	-0.51590765936004	0.6777516231107281	10.7	286.698	277.626	286.03887778791	100.0	1.35	2.2	3.0	2.90651026413538	1.9263037690537623	797.968281765587	14.11251969619286	10.500203455574583	11.256132401593039	9.647867045540844	5.8568140743325605	6.234778547341788	4.174747472619723	4.58194759936033	2.828900348439736	3.211506955535197	1.7912529750790671	1.9475855978801027	-2.3999999999999995	57999.41232082151	12.624573094543939	4.9388429752066125	2.231802196032109	119.12683602542903	28.603646613416892	53.06964472051084	15.937262329846266	36.78963192022405	66.18	20.0	5.0	4.0	6.0	3.117539207148537	3.0	2.768020000000001	74.00550000000001	0.5944868509942635	18.536101840436828	10.292030786455284	9.642995458700284	5.520959931709511	3.500659921667671	3.8786243946768986	2.252431126702952	2.525928788680417	1.386862091300617	1.5149412006537188	0.9866394585663842	-2.3999999999999995	0.001514747927684787	5.929209252286176	4.9388429752066125	2.231802196032109	131.7715705269393	0.1629189332147497	0.9674372039854913	29.0	4.0	20.0	6.0	5.0	3.0	3.0	0.5176548925434623	638.6786780188361	3792.5703435170376	3920.223791159798	1.4641716732091816	3.816402804600685	0.1376755419176686	66.18	inactive
13.51970846286683	13.51970846286683	0.07158642451644592	-4.917337940394227	0.24901800875445937	17.022727272727273	624.6570000000004	585.3450000000005	624.2770842479999	242.0	1.0909090909090908	1.7954545454545454	2.409090909090909	3.3975226792634783	1.7956646175869297	1386.35989709002	32.81926199844989	25.35307429291102	25.35307429291102	20.543951318922137	14.360530801101138	14.360530801101138	11.852378386441247	11.852378386441247	7.606862473474888	7.606862473474888	4.788118762327848	4.788118762327848	-4.1000000000000005	2204732186.0462174	34.3909404708335	14.122992561438274	8.289683239601555	252.526017154278	40.37701435445236	29.959396268694903	72.97948403076093	24.26546827384644	155.68999999999997	44.0	11.0	7.0	14.0	11.038704464782908	3.0	3.422900000000001	153.64329999999978	0.04771013567132558	59.78048583427456	20.78048583427456	29.981772780600892	10.69291839860106	7.493552934519972	7.493552934519972	4.506135120572844	4.506135120572844	2.522655460206065	2.522655460206065	0.7122811130446214	-4.1000000000000005	9.829389276117465e-05	9.225184382739908	14.122992561438274	8.289683239601555	307.552093189777	0.7018943054334572	0.7714691434483235	83.0	7.0	44.0	14.0	11.0	3.0	18.0	1.9772646449866795	7848.596914589265	8626.584219443239	11182.021073304388	2.961072963984824	4.705094159679961	0.7494928887382518	155.68999999999997	active
12.211939602229782	12.211939602229782	0.05704979213907779	0.05704979213907779	0.6170840138000484	10.882352941176471	353.077	345.01300000000003	352.895447276	84.0	1.0	1.7058823529411764	2.411764705882353	2.6869850313866452	2.274369562502265	727.0093188940273	11.828062645816686	8.760476802953919	12.059545395164402	8.254020195423488	5.125735782539035	7.541379190859735	3.663393439518236	6.651021955405098	2.552696085789464	5.414228700213151	1.7185763128101692	4.077222378421009	-1.0905194805194804	14036.809803963835	11.02592528184921	4.2970155173792675	1.9269116387035163	112.6062851871863	40.308953394650025	63.357460142649124	18.295119060385826	57.79819324759712	22.0	17.0	2.0	2.0	4.0	2.7869748252688487	3.0	2.810200000000001	74.18500000000002	0.7505409131362033	16.14167464943691	11.440743241647395	8.47701830830349	6.892661716624191	3.05753042152258	5.856228385951009	2.0183743671497925	4.55434783590181	1.2937535069749175	3.3082021923876215	0.995803529214836	-1.0905194805194804	0.00209468714347496	5.268216471913891	4.2970155173792675	1.9269116387035163	123.84604918852875	0.09151683562753633	0.9379244931442788	25.0	2.0	17.0	4.0	2.0	3.0	1.0	0.6675945610444357	447.7635221402651	4588.973948587244	4892.69017082949	1.3316239958074734	3.74983705118279	0.1337436646870012	22.0	active
12.380887188208618	12.380887188208618	0.11028628117913852	-0.13912037037037028	0.7885238917590689	11.85	282.32400000000007	272.24399999999997	282.04629856	98.0	1.1	1.65	2.2	2.4976762711486016	2.0804451143924987	663.5148558151776	13.94938298937633	10.445080997095062	11.261577578022788	9.808861750289884	6.0078528354949805	6.993451395148469	4.14662242787701	4.906546882901691	2.941827691516754	3.46221527875908	2.1318859108612713	2.449010365707312	-2.4499999999999993	55748.13437203679	12.577073344627522	5.27248773884144	2.104570140375048	120.12808322180958	29.043837228109744	48.53093654769288	11.660033336098294	48.53093654769288	53.33	20.0	4.0	4.0	5.0	3.3156232500029055	3.0	3.671280000000001	78.17500000000004	0.27371686932435085	19.619172062391506	10.435668643319232	10.165047917159573	5.9815444980873	3.3934979577626976	3.9843204340616163	2.307431064316023	2.675400656100377	1.580541370767525	1.804782223269247	0.9285563331875853	-2.4499999999999993	0.0006667520983272138	5.5050104357236735	5.27248773884144	2.104570140375048	134.17778822348768	0.3711915086545301	0.7132368950126641	30.0	4.0	20.0	5.0	4.0	3.0	2.0	0.4930020424945924	1069.7182608079884	2055.441768165904	2881.850031228976	1.4512550012273622	3.2616719784407584	0.09870794808308504	53.33	active
13.592806932141798	13.592806932141798	0.13908021541950166	-0.6669187242798362	0.41103945228588273	15.777777777777779	540.4520000000002	519.2840000000002	539.0716904719101	184.0	1.0277777777777777	1.8611111111111112	2.638888888888889	3.4121487414738794	1.4435448546386438	1488.333313424701	25.23347556082299	18.98719324939549	21.315547722360122	17.40188724096433	11.283579110728603	12.91916086800195	8.381142398251626	10.227787834094583	6.1450974440108785	7.760514087440507	4.368130883911857	5.305026859129062	-3.3299999999999987	207108690.09453756	24.368199486885036	10.342187920515302	4.974707253403273	220.79665923987469	62.9433363238674	96.8834028470868	42.39037923643917	70.83827063915385	83.82000000000001	36.0	7.0	5.0	10.0	7.000569399388045	5.0	4.172900000000003	143.20319999999978	0.20201789818670632	38.17777648987374	19.506130962838377	19.83186677216863	10.957078703614856	6.464131636448351	8.036557163394528	4.271691509743159	5.536967724464026	2.754694094795634	3.383407354802098	0.8920998575725237	-3.3299999999999987	0.0001259714044010876	9.85247538230244	10.342187920515302	4.974707253403273	250.35909637563705	0.45183829421495814	0.6734274756054514	57.0	5.0	36.0	10.0	7.0	5.0	5.0	1.1077040403410594	5345.875747017052	7967.584101008939	11831.39148554283	2.83044866350063	4.823152281428819	0.25603721794658646	83.82000000000001	active
13.3152769904258	13.3152769904258	0.05440045771394919	-0.05440045771394919	0.423696597277139	11.066666666666666	413.4860000000001	396.3500000000002	413.11900374391007	148.0	1.0666666666666667	1.9333333333333333	2.7	3.547174987144034	1.4436411312467285	1258.982738532811	20.33828804643758	15.91954521576571	16.736041796693435	14.775989583278104	9.412667295685555	10.35547633726762	6.8386428713601095	7.618676185707442	4.899724016047107	5.631773813441313	3.343548432396651	4.003371222035713	-3.7799999999999985	18893190.43572573	18.26139421432329	7.919975438556672	3.60094980201566	176.13349262995033	33.96475331720233	83.31456779200947	25.999731376753633	77.75111630031248	78.01	30.0	7.0	6.0	8.0	4.820993121708045	5.0	3.745400000000002	116.03	0.3518698702933688	31.499778153927473	15.3162747348552	16.501226817695628	8.817723398623354	5.391029085606224	6.003401521302019	3.5619889866285717	4.072299349708401	2.256860497622947	2.6597212982375917	0.9536764823841849	-3.7799999999999985	0.00032560151780201916	7.479471063830018	7.919975438556672	3.60094980201566	200.01799113280316	0.3008341186556595	0.8128579275569499	47.0	6.0	30.0	8.0	7.0	5.0	6.0	1.024886289158686	2496.480769021492	6745.525385088877	8298.529369532755	1.974574237297636	4.605491887413071	0.21749734531391654	78.01	active
12.293199247291511	12.293199247291511	0.07084124622071042	0.07084124622071042	0.6670445819834877	10.944444444444445	302.23500000000007	289.13100000000003	303.016235336	90.0	1.0555555555555556	1.7777777777777777	2.4444444444444446	2.768873143560632	2.1849071251802252	737.0246318569684	12.535169427003234	10.08961911113124	11.802691164227019	8.792024997884276	5.997413717814243	7.6200588565775895	4.2069772303393815	6.27893021743455	3.0706584789791025	5.403525580364551	2.0091356245685716	4.103448933660294	-1.5705194805194806	24687.272947986596	11.515962798441377	4.5991274290457325	1.857554326462476	111.46862181033818	24.379009496700675	64.4481921185137	18.295119060385826	53.3254737317647	22.0	18.0	2.0	2.0	3.0	2.9424100210101103	3.0	2.6101	75.86300000000003	0.6060261659369046	21.763710176427686	10.476782229523463	11.288036071798878	6.410681210562225	3.243548185017967	5.249247879889044	2.1738832488974857	4.313357582870829	1.3715079478487637	3.1877070658721287	0.9879334901870367	-1.5705194805194806	0.0017738056234432905	3.959606558958733	4.5991274290457325	1.857554326462476	129.73323831251966	0.1548787234156464	0.90096840963362	31.0	2.0	18.0	3.0	2.0	3.0	3.0	0.568762373581197	507.92961625900745	2954.7540712778214	3279.531268448553	1.0117075074186943	3.3397497154482445	0.14352410298525706	22.0	active
13.493264553908496	13.493264553908496	0.0748370461208665	-0.09744782480893566	0.34598626624675893	10.93939393939394	453.9330000000001	433.77300000000025	453.13563794	162.0	0.9090909090909091	1.7575757575757576	2.5454545454545454	3.2589220855950045	1.4633838269824682	1399.4406817574502	22.622745096813752	17.674098610379993	18.430027556398446	16.169836433395457	10.507595280588763	10.885559753597992	7.634184695630133	8.070620476102118	5.409881115907919	5.644978218695658	3.7562978793074597	3.969182929868708	-4.0299999999999985	62436775.73973072	20.849494681289023	9.221747760122485	4.6098167774879055	195.61878159700146	34.22890732950011	107.90891090712704	25.885028089399803	97.3228261016887	63.910000000000004	33.0	6.0	5.0	7.0	5.826326693238264	5.0	5.380100000000005	129.84299999999996	0.23430471715382767	36.02228074097288	16.778209686991335	18.831960763736376	9.209925236745605	5.93562850313793	6.313592976147158	3.8697266227784595	4.0587088592830725	2.4660526845985937	2.607789361977054	0.914874606481211	-4.0299999999999985	0.00019041987656009282	8.077435189466302	9.221747760122485	4.6098167774879055	223.71819160035778	0.40373810126844534	0.7339457024430729	53.0	5.0	33.0	7.0	6.0	5.0	6.0	1.2664506100608277	3854.3544702459344	7006.7375118711525	9546.670126343055	2.2572142383634968	4.741184059899921	0.2880060241366008	63.910000000000004	active
13.497379780245943	13.497379780245943	0.023952272458315216	-0.29150905905467295	0.3707810822968909	10.970588235294118	468.92400000000015	449.7720000000003	468.12327610791	168.0	0.9705882352941176	1.7941176470588236	2.588235294117647	3.257419819609033	1.4792724716865693	1524.321893974854	23.492988584816832	18.004996631654233	18.760925577672683	16.580520035918415	10.638452199228698	11.016416672237927	7.748599394871962	8.185035175343947	5.497171060125294	5.732268162913033	3.8204063091689475	4.033291359730195	-4.229999999999999	89374700.5791247	21.60709777397292	9.32794786734182	4.463852849186056	199.78030369704527	34.22890732950011	112.0658714146378	20.901049568452596	95.92051971414746	82.19	34.0	7.0	5.0	8.0	5.92793769412285	5.0	4.302500000000004	131.63799999999995	0.24256908059118965	35.43052903143674	17.1864579774552	18.53608490896831	9.414049381977536	6.128977668671423	6.506942141680651	4.017432241853189	4.206414478357803	2.5654210122899492	2.7071576896684095	0.9213176400089297	-4.229999999999999	0.0002484933068459858	8.848799811640356	9.32794786734182	4.463852849186056	226.47474320023375	0.38881075886397004	0.8294385670550588	53.0	5.0	34.0	8.0	7.0	5.0	6.0	1.3838475841401952	3337.870856896513	7120.581818898941	8584.82122935365	2.427680686221334	4.506138943247848	0.40142026496466765	82.19	active
13.59096020588625	13.59096020588625	0.025526474216707618	-1.1185651438541948	0.2199603493379519	16.186046511627907	591.6650000000003	554.3690000000003	591.269298524	228.0	1.0930232558139534	1.9069767441860466	2.604651162790698	3.449714607974085	1.4918167124819768	1469.6920223938178	30.93214617357225	24.475795546141796	24.475795546141796	20.655106098588384	14.303998806937912	14.303998806937912	10.971319716930182	10.971319716930182	7.285107921063031	7.285107921063031	5.058807503759097	5.058807503759097	-4.74	3553876394.755929	31.20126625452394	14.433029174590414	8.178601324602832	248.84638467492337	40.37701435445236	60.04926904054127	71.78716403426466	48.79188955399581	168.57999999999998	43.0	12.0	8.0	12.0	10.472762468272265	4.0	2.5432000000000006	157.36779999999973	0.3312194373258316	57.59380601074683	20.59380601074683	29.112039666587002	10.823185284587174	7.206204062102304	7.206204062102304	4.445871513008972	4.445871513008972	2.708292110659736	2.708292110659736	0.9488980104559579	-4.74	0.00016250231103743615	8.67263321871194	14.433029174590414	8.178601324602832	301.06251971008663	0.31558289838444187	0.852488639971203	80.0	8.0	43.0	12.0	12.0	4.0	16.0	1.446561195500769	5246.009330752303	14171.12075002651	16623.237056279377	2.9109853085160795	5.518762005962473	0.28256040424352863	168.57999999999998	active
13.636105386650119	13.636105386650119	0.01625234702813394	-1.6251903597426267	0.24608490991212095	19.477272727272727	614.6960000000001	572.3600000000004	614.295178924	240.0	1.0909090909090908	1.8409090909090908	2.522727272727273	3.4488285751118593	1.482355037453949	1365.100998510591	31.854795904382623	25.6569977983707	25.6569977983707	21.001058100108683	15.029182651240784	15.029182651240784	11.725801902079686	11.725801902079686	7.802322647318078	7.802322647318078	5.375364119924042	5.375364119924042	-3.9700000000000006	4783747558.965415	32.933660218141156	14.67059201903132	8.141944088691345	255.61561236538046	40.37701435445236	29.959396268694903	85.8040605949139	24.26546827384644	174.14999999999995	44.0	13.0	9.0	13.0	10.98082483531252	4.0	1.9875000000000014	158.7332999999997	0.33937484924765365	62.963088996174605	20.9630889961746	31.731322652014775	10.942468270014944	7.395623779738396	7.395623779738396	4.535049233669392	4.535049233669392	2.717323353683796	2.717323353683796	0.9508707485749642	-3.9700000000000006	0.00015070646395451136	8.434092009283024	14.67059201903132	8.141944088691345	314.856599901383	0.309588144967612	0.8205184519910456	86.0	9.0	44.0	13.0	13.0	4.0	17.0	1.3071230922248933	5444.4808169522685	14429.806323132854	17586.20575578516	2.812116429980985	5.520031453176749	0.22754807013919803	174.14999999999995	active
13.5402663141065	13.5402663141065	0.00024070852742164028	-1.456787581964849	0.26032531083343696	16.595238095238095	581.6700000000002	542.3580000000003	581.2849485879999	226.0	1.1666666666666667	1.9047619047619047	2.5476190476190474	3.403077997260066	1.7893642337453202	1373.7674846544135	31.02636877963644	24.66639446938329	24.66639446938329	19.854611490701956	14.017190889337273	14.017190889337273	11.466422716273602	11.466422716273602	7.177687583770058	7.177687583770058	4.7180347963150435	4.7180347963150435	-4.4	1180072139.5549319	32.1188246097337	13.980931712962963	8.085910950223498	244.42199062696804	40.37701435445236	29.959396268694903	66.80318551331746	24.26546827384644	179.47999999999996	42.0	12.0	8.0	12.0	10.691692704031457	3.0	2.3841800000000006	153.20129999999978	0.3391858234201614	59.09380601074683	20.09380601074683	29.638432868837025	10.349578486837196	7.107597264352326	7.107597264352326	4.2486301867499465	4.2486301867499465	2.45257149419326	2.45257149419326	0.9502610843581512	-4.4	0.00018889559645299836	8.152764990385178	13.980931712962963	8.085910950223498	299.44806666246683	0.3114544453920522	0.8950370129210511	81.0	8.0	42.0	12.0	12.0	3.0	18.0	1.579640658698392	4738.262986155727	13616.504154322862	15213.34197105873	2.7138869191050077	5.3716796964228735	0.332252550644056	179.47999999999996	active
13.592280224251722	13.592280224251722	0.026341593163694554	-1.11528582286654	0.2199603493379519	16.186046511627907	591.6650000000003	554.3690000000003	591.269298524	228.0	1.069767441860465	1.8372093023255813	2.5348837209302326	3.449714607974085	1.4918167124819768	1469.6920223938178	30.93214617357225	24.475795546141796	24.475795546141796	20.655106098588384	14.303998806937912	14.303998806937912	10.965508047493378	10.965508047493378	7.303891531959574	7.303891531959574	5.063299535026131	5.063299535026131	-4.74	3553876394.755929	31.20126625452394	14.433029174590414	8.178601324602832	248.84638467492337	40.37701435445236	60.04926904054126	71.78716403426466	48.791889553995816	168.57999999999998	43.0	12.0	8.0	12.0	10.472762468272265	4.0	2.5432000000000006	157.36779999999973	0.09877220723169722	57.59380601074683	20.59380601074683	29.112039666587002	10.823185284587174	7.206204062102304	7.206204062102304	4.452469813571477	4.452469813571477	2.7103804502277025	2.7103804502277025	0.8171751779174096	-4.74	9.059183242208919e-05	8.67263321871194	14.433029174590414	8.178601324602832	301.06251971008663	0.5763893897320197	0.7634866484916146	80.0	8.0	43.0	12.0	12.0	4.0	16.0	2.0657710762932444	8427.764712102811	11163.435602641563	14621.65137359854	2.9109853085160795	5.377020594682816	0.5405280282343032	168.57999999999998	active
13.599224668696166	13.599224668696166	0.03144363398002126	-1.1029401438541948	0.22294777123023807	16.186046511627907	590.6770000000004	552.3730000000003	590.274049556	228.0	1.0	1.7674418604651163	2.4651162790697674	3.449714607974085	1.4918167124819768	1466.8817484902477	30.93214617357225	24.605932219831466	24.605932219831466	20.655106098588384	14.454267694110257	14.454267694110257	11.09564472118305	11.09564472118305	7.397360052246914	7.397360052246914	5.149538240108484	5.149538240108484	-4.67	3553876394.755929	31.269719719753706	14.481209375271591	8.211251040930767	249.62673669397685	40.37701435445236	65.85468310269995	66.80318551331746	54.59730361615449	155.68999999999997	43.0	11.0	7.0	11.0	10.530775775995636	4.0	3.148200000000002	159.5727999999997	0.06300314056495807	58.64659241524687	20.646592415246875	29.66482607108705	10.875971689087217	7.245793865477337	7.245793865477337	4.478863015821497	4.478863015821497	2.73347450219647	2.73347450219647	0.7657804526125175	-4.67	0.00010358686678078297	8.487502017757473	14.481209375271591	8.211251040930767	303.247842229308	0.643102090182086	0.819709782497526	81.0	7.0	43.0	11.0	11.0	4.0	16.0	1.8996035553856685	7913.259740081214	10086.386779666369	12304.826653324479	2.8583556695857224	5.064812136084617	0.582672540493916	155.68999999999997	active
13.537001851296582	13.537001851296582	0.041548437416492945	-1.0759077259487613	0.2860202186313948	16.951219512195124	570.6870000000002	528.3510000000003	570.305349684	224.0	1.0975609756097562	1.829268292682927	2.4634146341463414	3.3559263955155605	1.7833012125705305	1277.3510936347175	30.319261998449893	24.719180873883335	24.719180873883335	19.293951318922137	14.043584091587295	14.043584091587295	11.979619317398612	11.979619317398612	7.000241159198551	7.000241159198551	4.70847564168063	4.70847564168063	-3.8900000000000006	656712651.8787203	31.635179229155277	13.647868427734144	8.547340258815737	240.0294109454993	40.37701435445236	29.959396268694903	66.80318551331746	24.26546827384644	155.68999999999997	41.0	11.0	7.0	11.0	10.530555214812178	3.0	2.8805000000000014	153.26229999999978	0.1260528583468244	61.64659241524687	19.646592415246875	30.91482607108705	10.125971689087217	6.995793865477337	6.995793865477337	4.080925088437462	4.080925088437462	2.4069279477344963	2.4069279477344963	0.8506581808497224	-3.8900000000000006	0.0001158597096927508	7.355244744884126	13.647868427734144	8.547340258815737	299.27039848150145	0.5257191829802683	0.7952179588988207	83.0	7.0	41.0	11.0	11.0	3.0	15.0	1.6666920020426743	6863.628098220382	10382.121298990649	13055.692697593635	2.448375915413696	5.152495975610561	0.40736264065172817	155.68999999999997	active
13.68027150065209	13.68027150065209	0.02226655749525208	-1.1257930350106566	0.21050681064469662	16.155555555555555	622.7230000000001	580.3870000000002	622.311497684	242.0	1.1333333333333333	1.8888888888888888	2.533333333333333	3.5494542953011083	1.5091564962630686	1589.7642301598191	32.83576985639494	26.61360806488325	26.61360806488325	21.38715690615726	15.13801128258721	15.13801128258721	11.899046508398525	11.899046508398525	8.101009863109633	8.101009863109633	5.633156110282665	5.633156110282665	-4.680000000000001	6801257451.360745	33.21778316618197	14.400669973809695	7.888569511688361	261.32879649412763	40.37701435445236	46.910703750088814	76.58367025676368	24.26546827384644	173.51	45.0	13.0	9.0	13.0	10.63018516972795	4.0	2.498540000000001	165.8127999999997	0.2864839049710158	63.54101960624679	21.54101960624679	32.03564646433698	11.246792082337151	7.7298108598522814	7.7298108598522814	4.864273212446465	4.864273212446465	2.9928149939889863	2.9928149939889863	0.9362353436220532	-4.680000000000001	0.00014266173928297935	8.563392460451695	14.400669973809695	7.888569511688361	320.5697840301301	0.35137356382189033	0.8716525248808038	87.0	9.0	45.0	13.0	13.0	4.0	19.0	1.6952131958773209	6109.924982421679	15156.893079354559	17388.68717374188	2.7404130817594456	5.571129143657928	0.34856067670175356	173.51	active
13.589224668696167	13.589224668696167	0.024499189535576615	-1.1233483071195007	0.2199603493379519	16.186046511627907	591.6650000000003	554.3690000000003	591.269298524	228.0	1.069767441860465	1.8837209302325582	2.5813953488372094	3.449714607974085	1.4918167124819768	1469.6920223938178	30.93214617357225	24.475795546141796	24.475795546141796	20.655106098588384	14.31406491367925	14.31406491367925	10.94459721794457	10.94459721794457	7.26189925269658	7.26189925269658	5.049415698310826	5.049415698310826	-4.74	3553876394.755929	31.20126625452394	14.433029174590414	8.178601324602832	248.84638467492334	40.37701435445236	60.04926904054127	71.78716403426466	48.66141305084435	168.57999999999998	43.0	12.0	8.0	12.0	10.472762468272265	4.0	2.5432000000000006	157.36779999999973	0.3081399379969658	57.59380601074683	20.59380601074683	29.112039666587002	10.823185284587174	7.193007460977293	7.193007460977293	4.435096533310533	4.435096533310533	2.705598365735127	2.705598365735127	0.9428697468600145	-4.74	0.00015705362017945224	8.67263321871194	14.433029174590414	8.178601324602832	301.06251971008663	0.3331615831036533	0.8505171058560085	80.0	8.0	43.0	12.0	12.0	4.0	16.0	1.523366004363338	5415.456866796147	13824.939413265143	16254.74586939782	2.9109853085160795	5.47685852199114	0.3114617072532165	168.57999999999998	active
13.181660455478998	13.181660455478998	0.07404971279655603	-1.0229154734922232	0.32299670515952583	17.514285714285716	486.5690000000003	452.2970000000003	486.24783480799994	190.0	1.2	1.9714285714285715	2.6285714285714286	3.2805851416085696	1.7512967688378192	1079.0914943135697	25.53480494807372	20.349897888455565	20.349897888455565	16.726784405860386	11.912888432545456	11.912888432545456	9.311600587246955	9.311600587246955	6.198183508028577	6.198183508028577	4.364893704274634	4.364893704274634	-3.4000000000000004	56597868.67953344	26.20905612244898	11.832893157262905	6.596173469387756	203.72386679616162	34.40770906650051	29.959396268694903	65.94040762020632	24.26546827384644	149.61999999999998	35.0	10.0	6.0	10.0	8.860827452847028	3.0	1.2835000000000008	129.93410000000006	0.5570906950852447	50.73834412478301	16.738344124783012	25.414826071087045	8.717723398623354	5.8562743142961065	5.8562743142961065	3.6310101313069336	3.6310101313069336	2.2376836902978727	2.2376836902978727	0.9836796664547077	-3.4000000000000004	0.00039314037655275463	6.474951857427962	11.832893157262905	6.596173469387756	251.81176058894775	0.17992863530732106	0.9300203590123851	69.0	6.0	35.0	10.0	10.0	3.0	15.0	1.1742792500613008	2365.6190370657278	12227.48042511765	13147.540595887984	2.1890689579247447	5.339136483974217	0.2018270824484453	149.61999999999998	active
12.511903526109199	12.511903526109199	0.15244567271352927	-4.3594698365457285	0.6232898661677924	11.95	342.178	334.114	342.972319836	102.0	0.95	1.6	2.2	2.759840056601516	2.118773862916099	814.7915655163586	14.328062645816686	10.016405748972373	11.729477802068152	9.465345060828678	5.753700255548263	7.37634539431161	4.23160975291969	6.303562740014864	2.9207014301403773	5.253568531525826	1.9278978038132453	4.022211112904967	-1.7805194805194806	44985.39292260471	13.21405450936139	4.647748097084237	2.21121804732523	117.60028590472027	24.379009496700675	64.4481921185137	18.295119060385826	53.3254737317647	22.0	20.0	2.0	2.0	6.0	3.070779835032589	3.0	3.0665000000000013	71.48700000000001	0.6778472286931909	17.397603595455365	11.110675648551144	9.104982781312717	6.727627920076065	3.6163072540606014	5.622006948931678	2.332356603654407	4.4718309376277485	1.4507446252272247	3.266943743250591	0.9925162528036081	-1.7805194805194806	0.0015966647447416538	6.78387834961583	4.647748097084237	2.21121804732523	128.84004990606272	0.12211260344732779	0.9112732507422218	28.0	2.0	20.0	6.0	2.0	3.0	1.0	0.44170710727030477	570.7354995739379	4259.150811038659	4673.845970535873	1.5764878845138963	3.7265423172432186	0.053190736056704276	22.0	active
12.190672241118671	12.190672241118671	0.029272014361299892	0.029272014361299892	0.6336232917968305	10.882352941176471	308.626	300.562	308.945962856	84.0	1.0	1.7058823529411764	2.411764705882353	2.6869850313866452	2.274369562502265	727.0093188940273	11.828062645816686	8.760476802953919	11.229477802068153	8.254020195423488	5.125735782539035	7.126345394311611	3.663393439518236	6.171782207085394	2.552696085789464	5.1375395025144	1.7185763128101692	3.9388777795716345	-1.2805194805194802	14036.809803963835	10.847288349030888	4.18835449881857	1.8664697849479828	109.04200380842663	35.97994938693319	63.90737394055803	18.295119060385826	53.3254737317647	22.0	17.0	2.0	2.0	4.0	2.6724875856850456	3.0	2.7011000000000003	71.49500000000002	0.6520209825928884	16.14167464943691	10.610675648551146	8.47701830830349	6.477627920076066	3.05753042152258	5.441194589402884	2.0183743671497925	4.346830937627748	1.2937535069749175	3.20444374325059	0.9910415172883105	-1.2805194805194802	0.001898894095959469	5.148714032754067	4.18835449881857	1.8664697849479828	120.28176780976906	0.1335541501073011	0.8995827404837599	25.0	2.0	17.0	4.0	2.0	3.0	1.0	0.5862476674000012	473.7403430754366	3190.9801062649285	3547.178000045828	1.2685082107185763	3.418169136489174	0.10064547842610741	22.0	active
12.504228878317985	12.504228878317985	0.050464891975308346	-4.331183397939576	0.6470426196011942	11.952380952380953	356.205	346.125	356.9879699	108.0	1.0	1.6666666666666667	2.2857142857142856	2.7569408586534254	1.9191489980791354	830.4862820888939	15.035169427003234	10.72351253015892	12.4365845832547	9.94850830842307	6.199874614408395	7.8225197531717425	4.623895872734295	6.854515252098094	3.159972235622204	5.400719705163923	2.086485716538623	4.237935283151229	-1.7805194805194806	70412.26953000849	14.16916083107705	5.204020672199162	2.8210114092232166	123.96522801911686	24.379009496700675	70.0116436102107	18.295119060385826	53.3254737317647	22.0	21.0	2.0	2.0	6.0	3.511266946316173	3.0	3.1256000000000013	75.69400000000002	0.4854079015442574	19.897603595455365	11.610675648551144	10.354982781312717	6.977627920076065	3.754503855185612	5.760203550056689	2.3558113577581477	4.303758413677626	1.4396502290497137	3.160085708046147	0.9750660116536524	-1.7805194805194806	0.0010024357381185592	6.545793198894672	5.204020672199162	2.8210114092232166	138.01493302079496	0.22191501282662116	0.9703263525145348	31.0	2.0	21.0	6.0	2.0	3.0	2.0	1.09032744274662	967.9686344141227	4232.455760500301	4361.888914520542	1.6221163391899314	3.6636711208375945	0.34750428975061753	22.0	active
13.366599304475388	13.366599304475388	0.04538811203493709	-0.04538811203493709	0.39243876106279424	10.96774193548387	425.5170000000001	406.36500000000024	425.13103122800004	152.0	0.967741935483871	1.8387096774193548	2.6129032258064515	3.484519824710764	1.4420831161564165	1297.1002881147676	21.045394827624126	16.627032158645005	17.44352873957273	15.275989583278104	9.879333962352222	10.822143003934288	7.135862472207193	7.915895786554525	5.100953589333709	5.833003386727915	3.503595054703758	4.16341784434282	-3.839999999999998	30224836.464175556	19.143015320322792	8.491822030560808	4.082222255491286	182.9558786405313	33.96475331720233	95.4473019289327	25.885028089399803	89.8838504372357	63.910000000000004	31.0	6.0	6.0	7.0	5.243841265434844	5.0	4.788200000000004	122.71	0.4000488085284872	34.05256455842752	15.869061139355242	17.80122681769563	9.117723398623353	5.552832484481214	6.1652049201770085	3.6553906860660668	4.165701049145897	2.3186638964979376	2.7215246971125824	0.9634346383000018	-3.839999999999998	0.00037125126143120103	7.387375746892244	8.491822030560808	4.082222255491286	209.65031814371977	0.2679434599383695	0.8382875317116347	50.0	6.0	31.0	7.0	6.0	5.0	6.0	0.9509938295857926	2258.005881192092	7064.394022418968	8427.172962950703	2.02362193920936	4.566889437878243	0.18418372924139628	63.910000000000004	active
12.334958427815572	12.334958427815572	0.06485591458805762	0.06485591458805762	0.6335085685706999	11.0	302.23500000000007	289.13100000000003	303.016235336	90.0	1.0	1.7777777777777777	2.5	2.7107676062519905	2.2822420529193823	782.5330923663166	12.698306133819765	10.305162060755066	12.018234113850845	8.66470379794645	5.853420212701089	7.4760653514644355	4.45553852036409	6.527491507459259	3.2165617355859637	5.549428836971412	1.994014512566236	4.071221295163604	-1.5705194805194806	20628.941483577648	11.515962798441377	4.269898303174991	1.7621387262015344	111.46862181033816	24.379009496700675	63.94527654174909	18.295119060385826	47.25910666330309	22.0	18.0	2.0	2.0	3.0	2.7317772229161754	3.0	2.6645400000000006	75.95900000000002	0.5468196588433754	21.763710176427686	10.476782229523463	11.288036071798878	6.410681210562225	3.368548185017967	5.374247879889044	2.2363832488974857	4.375857582870829	1.3994587975675112	3.215657915590876	0.9829258983192216	-1.5705194805194806	0.0015619929078466907	3.959606558958733	4.269898303174991	1.7621387262015344	129.73323831251966	0.18400184350530674	0.8830637963709295	31.0	2.0	18.0	3.0	2.0	3.0	3.0	0.6703515067693042	565.3443059407297	2713.2069959196397	3072.492618392841	0.9392842959632479	3.241419065565324	0.10995897218415113	22.0	active
13.93583802274098	13.93583802274098	0.14808708694170414	-0.9984837700512308	0.309581076758767	12.342105263157896	500.58200000000016	474.37400000000036	500.20919865191	188.0	0.8157894736842105	1.4736842105263157	2.1052631578947367	3.5223558362317995	1.56420091681432	1472.3800749993627	26.321415709563013	20.807056885099332	20.807056885099332	18.614193540729627	12.28573931030859	12.28573931030859	8.825889666021292	8.825889666021292	6.3158612702911245	6.3158612702911245	4.368101288723686	4.368101288723686	-5.039999999999998	791267425.3896759	24.64545379584341	11.346721354319454	5.366637496404184	220.7656869525423	17.501745733386574	138.80055486323204	21.782316500597428	121.9797238849896	89.29	38.0	7.0	4.0	7.0	7.359081496636575	5.0	5.366300000000005	146.22219999999973	0.055648506063130834	44.55256455842752	18.55256455842752	23.06513666121359	10.117923065713631	6.722766308566778	6.722766308566778	4.444830788034626	4.444830788034626	2.8476310579142	2.8476310579142	0.7396980809743716	-5.039999999999998	0.00014560649510434343	8.493199110707835	11.346721354319454	5.366637496404184	257.35297658914385	0.6729388895009947	0.7783997409402625	64.0	4.0	38.0	7.0	7.0	5.0	9.0	1.652712670815354	5345.913589791799	6183.708236075743	7944.129360328635	2.5360516767356733	4.410341267299698	0.5752796915202257	89.29	active
13.1801641191456	13.1801641191456	0.15122756046863195	-0.6450946397077357	0.5938666406403572	16.125	490.3920000000003	471.2400000000003	489.05604040791	166.0	1.15625	2.0	2.71875	3.32018121325869	1.5684011898115813	1126.1235367332733	22.664561460070647	16.832492711016233	19.16084718398087	15.418723993369941	9.852763294722967	11.488345051996317	7.265257954929897	9.111903390772857	5.182118973140601	6.797535616570229	3.588097277455925	4.5249932526731325	-2.8099999999999996	23258789.089073196	22.386298654279827	9.768268005570713	4.98103161273197	198.74770636029172	52.04041139178634	74.65781763734267	47.37435775738638	54.17195232446173	88.6	32.0	7.0	6.0	10.0	6.833605153367261	4.0	3.1709000000000014	123.34820000000002	0.34837519149931206	34.177776489873736	17.506130962838377	17.581866772168635	9.707078703614856	5.4881032172718	7.0605287442179785	3.4723881108681702	4.737664325589035	2.130056260737671	2.758769520744135	0.9527346645721307	-2.8099999999999996	0.00025390059452042805	8.852256463773063	9.768268005570713	4.98103161273197	225.50020249571847	0.30380365192444553	0.7996292267005747	51.0	6.0	32.0	10.0	7.0	4.0	5.0	0.9156014346819313	3149.379103309815	8289.352550616719	10366.495212812813	2.7022254247556545	4.715129429850321	0.20672350482863952	88.6	active
12.297543461829177	12.297543461829177	0.013929988662131354	0.013929988662131354	0.6786713803127206	10.722222222222221	304.20700000000005	293.119	304.995499892	90.0	1.1111111111111112	1.9444444444444444	2.7222222222222223	2.768141759421268	2.248366723391765	757.5750218822898	12.535169427003234	9.790760620408555	11.503832673504334	8.792024997884276	5.549125981730217	7.171771120493563	3.8884562786036407	5.96040926569881	2.7793912585448926	5.11225835993034	1.8789015887126215	3.9561083713099894	-1.7705194805194804	24489.75014559996	11.32729504071815	4.482123324150254	1.7968038728718991	110.21722492544843	24.379009496700675	58.88474062681671	25.40491660166336	53.3254737317647	31.23	18.0	3.0	3.0	4.0	2.8205740723074624	3.0	2.0563	73.03700000000002	0.5672709564560405	19.671958466891546	10.385030519987327	10.196284362262741	6.318929501026088	3.174734402865864	5.180434097736941	2.1280073941294173	4.26748172810276	1.3713917936941116	3.1875909117174763	0.9847998439598294	-1.7705194805194804	0.0015691304193664562	4.405879392727275	4.482123324150254	1.7968038728718991	125.67190042729432	0.17369302616022184	0.8661485030006217	29.0	3.0	18.0	4.0	3.0	3.0	3.0	0.48303383163708397	551.9926784354441	2752.601199158892	3177.9783600883466	1.0970941549742155	3.2641798763929453	0.05522474119821337	31.23	active
12.215277305366591	12.215277305366591	0.33160997732426334	-0.43340765936004044	0.7301306649014965	10.7	286.718	275.62999999999994	286.050905272	100.0	1.35	2.2	3.0	2.90651026413538	1.9263037690537623	795.4227792424292	14.11251969619286	10.683126533764293	11.439055479782748	9.647867045540844	6.053886301861239	6.431850774870467	4.372252490059047	4.779452616799653	3.025480102655661	3.408086709751122	1.9699567585153062	2.126289381316341	-2.329999999999999	57999.41232082151	12.691093079016794	4.9798723078208935	2.2551782794198814	119.90718804448252	28.47317011026542	59.00553528582098	15.937262329846266	42.7255224855342	54.98	20.0	4.0	3.0	5.0	3.1600011490086564	3.0	3.743920000000002	77.24120000000002	0.6293213396268817	20.588888244936868	10.344817190955325	10.642995458700282	5.5737463362095525	3.5520531239176916	3.9300175969269193	2.3031277278279623	2.576625389805428	1.429401280587331	1.557480389940433	0.9891731952440639	-2.329999999999999	0.00162055147035292	5.2201165206274105	4.9798723078208935	2.2551782794198814	135.41992017856677	0.14675281874856444	0.9817285246804591	31.0	3.0	20.0	5.0	4.0	3.0	3.0	0.5014558432206935	605.7990397964098	4052.5981215470583	4128.023195481796	1.2997756852335398	3.9143847543544097	0.1252660169350364	54.98	inactive
12.223658352229782	12.223658352229782	0.07235591458805746	0.07235591458805746	0.6300536324372557	10.882352941176471	288.208	277.12	289.000585272	84.0	1.0	1.7058823529411764	2.411764705882353	2.6869850313866452	2.274369562502265	721.812066321055	11.828062645816686	9.382512329944692	11.095584383040471	8.25402019542349	5.436753546034422	7.0593986847977686	4.022525818471871	6.094478805567039	2.7600412614530567	5.092908362838505	1.8222489006419647	3.9165622097336876	-1.5705194805194806	14036.809803963835	10.575083623415619	4.02433519280474	1.7759350682515336	105.10367969594157	24.379009496700675	64.4481921185137	18.295119060385826	53.3254737317647	22.0	17.0	2.0	2.0	3.0	2.503393011327326	3.0	2.3561199999999998	71.22200000000002	0.5700233525980563	19.263710176427686	9.976782229523463	10.038036071798878	6.160681210562225	3.1185481850179664	5.124247879889044	2.0488832488974853	4.188357582870829	1.309007947848764	3.1252070658721287	0.9850484282612777	-1.5705194805194806	0.0018571216947211246	3.974796042135715	4.02433519280474	1.7759350682515336	120.55835519778744	0.1722776653544684	0.8828211148226243	28.0	2.0	17.0	3.0	2.0	3.0	2.0	0.681024342398333	475.3706325934626	2435.9932609756124	2759.3282716907493	0.9409359762698676	3.136534164390801	0.117089742014526	22.0	active
12.83536328420257	12.83536328420257	0.006674225245654197	-0.28665732342319616	0.6301789108659128	10.882352941176471	292.171	284.107	292.975513396	84.0	1.0	1.7058823529411764	2.411764705882353	2.6869850313866452	2.274369562502265	727.0093188940273	11.828062645816686	8.760476802953919	10.473548856049698	8.254020195423488	5.125735782539035	6.748380921302383	3.663393439518236	5.735346426613408	2.552696085789464	4.885563187174915	1.7185763128101692	3.812889621901892	-1.6405194805194805	14036.809803963835	10.50946323872379	3.985081108076005	1.7543951233641175	102.90427298447119	24.379009496700675	64.7019614678626	18.295119060385826	53.3254737317647	22.0	17.0	2.0	2.0	4.0	2.4635919652151435	3.0	2.1868	66.44300000000001	0.5800700627762941	16.14167464943691	9.85474670253269	8.47701830830349	6.099663447066838	3.05753042152258	5.063230116393657	2.0183743671497925	4.157848701123134	1.2937535069749175	3.1099526249982836	0.9858908533277669	-1.6405194805194805	0.001879710294093444	4.924626289607451	3.985081108076005	1.7543951233641175	114.14403698581366	0.16738944209432038	0.894310447041226	25.0	2.0	17.0	4.0	2.0	3.0	1.0	0.726757038205093	475.7703619815193	2541.8951147044622	2842.2961211223396	1.1544138347675934	3.166750396874795	0.19844711838108212	22.0	active
12.058190114008568	12.058190114008568	0.2206676351095993	0.2206676351095993	0.5930580770939952	11.117647058823529	296.27200000000005	277.12	297.06318552799996	92.0	1.1176470588235294	1.8823529411764706	2.6470588235294117	2.6699470717123925	1.992354670423384	526.2468859393574	12.08757566981053	10.315751940305475	12.028823993401254	8.325698502695488	6.415114090441908	8.037759229205257	4.40891985574764	6.639539235111435	3.0172865426977706	5.3702280941590415	2.0235999207308546	4.189244267120667	-0.7905194805194806	11197.758018761775	12.660834641731567	6.225783037631373	3.11055719939695	108.23623817625717	24.379009496700675	34.61927235297027	18.295119060385826	29.060005457918262	22.0	17.0	2.0	2.0	3.0	4.6366829149851805	2.0	3.028900000000002	73.90700000000004	0.5548850059920458	27.263710176427683	9.976782229523463	13.788036071798876	5.910681210562225	2.631744786142977	4.637444481014054	1.6414363035637318	3.589383359483211	1.0004400790043761	2.6251119189738765	0.9836927280289254	-0.7905194805194806	0.0015102373762901614	2.8599159527180147	6.225783037631373	3.11055719939695	134.93067767944555	0.1798572123185793	0.874169371161725	36.0	2.0	17.0	3.0	2.0	2.0	7.0	0.7239367993950132	578.8291197699581	2813.3133006817416	3218.2702728911636	1.0473656604401873	3.340057815500413	0.1385941288331159	22.0	active
12.206946806500378	12.206946806500378	0.012260802469135967	0.012260802469135967	0.6336232917968305	10.882352941176471	308.626	300.56199999999995	308.945962856	84.0	1.0588235294117647	1.8823529411764706	2.6470588235294117	2.676445018677098	2.3142653038028795	744.2593188940273	11.828062645816686	8.760476802953919	11.229477802068153	8.254020195423488	5.125735782539036	7.126345394311611	3.666847763212185	6.175236530779341	2.534270602700389	5.102234806873578	1.7445421167109352	4.006277278535933	-1.2805194805194802	13797.07407128044	10.847288349030888	4.18835449881857	1.8664697849479828	109.04200380842663	35.97994938693319	63.90737394055803	18.295119060385826	53.3254737317647	22.0	17.0	2.0	2.0	4.0	2.6724875856850456	3.0	2.7011000000000003	71.49500000000002	0.5235321549886877	16.14167464943691	10.610675648551146	8.47701830830349	6.477627920076066	3.05753042152258	5.441194589402884	2.018374367149792	4.346830937627748	1.3148823633431304	3.267830312355229	0.9804823277695174	-1.2805194805194802	0.001496995042124986	5.148714032754067	4.18835449881857	1.8664697849479828	120.28176780976906	0.19660723519664502	0.9039645906462799	25.0	2.0	17.0	4.0	2.0	3.0	1.0	0.6515692093644667	603.8527618388777	2776.406036737865	3071.3659201550176	1.2685082107185763	3.232982067507096	0.1260374702208363	22.0	active
12.27516298185941	12.27516298185941	0.017530864197531137	-0.053881172839505886	0.6214166056399674	11.0	343.071	336.01500000000004	342.906990504	90.0	1.0	1.6666666666666667	2.3333333333333335	2.663259138765108	2.3148250355748976	770.7807349646104	12.698306133819765	9.06109100677352	12.28602095190621	8.64786704554084	5.225401621566609	7.603975706348412	3.814624031646449	6.75944857968559	2.5733872186028925	5.342690100460324	1.7986221031311973	4.373245901637013	-0.9905194805194802	19063.60891528064	12.064380680246401	4.597253526383539	2.0390405221714545	119.34527003530829	47.58088927716571	62.863640185837745	18.295119060385826	47.25910666330309	22.0	18.0	2.0	2.0	5.0	3.081278701438678	3.0	3.3545000000000016	76.50500000000001	0.4339891719178814	15.519639122446138	11.744569067578828	8.166000544808103	7.044574629589907	3.2465126580271932	6.008141298916725	2.112865485402099	4.630304292384667	1.4011139216946396	3.633667844552613	0.9690271276363566	-0.9905194805194802	0.0008453011309685282	6.444395322698599	4.597253526383539	2.0390405221714545	129.1800635364829	0.2469542992232213	0.8282411871815273	25.0	2.0	18.0	5.0	2.0	3.0	1.0	0.5196660264371745	979.817909663206	3286.136549449745	3967.6082285068924	1.6459177290380955	3.4640718883862998	0.07997391614198995	22.0	active
12.138730631141346	12.138730631141346	0.07840277777777782	0.07840277777777782	0.6224308831812042	10.75	274.181	265.109	274.984935208	78.0	0.875	1.5625	2.3125	2.6877850522582163	2.3390420314531206	681.7240179402338	10.957819157813608	8.459862599134318	10.172934652230097	7.860173345306136	5.026069943511463	6.648715082274809	3.5225258184718706	5.59447880556704	2.4822634836752777	4.81513058506073	1.7054795381544419	3.7997928472461653	-1.5705194805194802	9923.302412937335	9.64098616800699	3.779547873031466	1.4529367399092816	98.73873758154497	24.379009496700675	64.95110769527832	18.295119060385826	59.39184080022631	22.0	16.0	2.0	2.0	3.0	2.2774105478260376	3.0	2.0477	66.48500000000001	0.4907742783003864	16.763710176427686	9.476782229523463	8.788036071798878	5.910681210562225	2.8685481850179664	4.874247879889043	1.9238832488974855	4.063357582870827	1.246507947848764	3.06270706587213	0.9767814141403245	-1.5705194805194802	0.001750727176413636	4.024335192804742	3.779547873031466	1.4529367399092816	111.38347208305524	0.21423834621754334	0.8302959894366557	25.0	2.0	16.0	3.0	2.0	3.0	1.0	0.5317566261715645	474.2577830644731	1838.0198605421576	2213.6923265030205	0.9506354698956773	2.8729109073580736	0.0869551856462381	22.0	active
12.815329452035126	12.815329452035126	0.02982414493575214	-0.24972705131435258	0.6656887230718124	10.944444444444445	306.198	296.118	306.99116346	90.0	1.0555555555555556	1.7777777777777777	2.5	2.699761379952149	2.023332339863186	742.3250218822898	12.535169427003234	9.467583584140467	11.180655637236246	8.737183443017882	5.571910141399169	7.194555280162516	4.055679559332839	6.286298938696638	2.791966891271291	5.032714360813013	1.8771642255355472	4.028613792148155	-1.6405194805194805	22170.440452167048	11.449902445185423	4.558062655998502	2.049774654884461	109.26921509886779	24.379009496700675	70.26541295955961	18.295119060385826	53.3254737317647	22.0	18.0	2.0	2.0	4.0	2.899409597234756	3.0	2.2459	70.65000000000002	0.4123151728842082	18.64167464943691	10.35474670253269	9.72701830830349	6.349663447066838	3.1957270226475902	5.201426717518668	2.0418291212535333	3.989776177173012	1.2826591107974066	3.00309458979384	0.964746540365009	-1.6405194805194805	0.0012476088159525539	4.79872675295937	4.558062655998502	2.049774654884461	123.31892010054588	0.2631807607971108	0.9271006373230084	28.0	2.0	18.0	4.0	2.0	3.0	2.0	0.9283613417209651	743.1020248243145	2617.7079157459566	2823.5423538317864	1.2151609560558363	3.177832029701008	0.2890619302888757	22.0	active
13.202863284202568	13.202863284202568	0.055085034013605316	-0.37753695305282586	0.6774914994407878	10.842105263157896	322.19700000000006	312.1170000000001	322.98607807999997	96.0	1.2105263157894737	2.0	2.736842105263158	2.7633931145433697	2.30402905685122	806.5563336743082	13.405412915006313	10.091374824228156	11.804446877323937	9.202708600407234	5.654774884901497	7.277420023664844	4.003147443457521	6.0751004305526894	2.8521296936811877	5.155367422037391	1.9499486910690678	4.0905314709945015	-1.8405194805194804	34979.03004388997	12.206508767721804	4.683243687140269	2.008842385761417	114.38276032837466	24.379009496700675	58.635594399400986	25.40491660166336	47.25910666330309	31.23	19.0	3.0	3.0	5.0	3.00873974360292	3.0	2.1954000000000002	72.99500000000003	0.4417957857741594	19.049922939900775	10.762994992996553	9.885266598767354	6.507911737530701	3.3637166393704776	5.369416334241555	2.2681420588404877	4.40761639281383	1.4793809446074067	3.3737707464734585	0.9691176231701757	-1.8405194805194804	0.0013060717666547772	5.269863440267216	4.683243687140269	2.008842385761417	128.43246533005276	0.24659893037275998	0.9528020468322272	29.0	3.0	19.0	5.0	3.0	3.0	3.0	0.6882005355966971	729.5173750464152	2818.6888203172803	2958.3152446917497	1.298950246774881	3.1775960619651644	0.2103328846043179	31.23	active
13.674897959183674	13.674897959183674	0.2512037037037034	-0.7101563681027965	0.6324075039965741	11.0	310.161	303.105	310.966091584	90.0	0.9444444444444444	1.6111111111111112	2.2777777777777777	2.6763835517538856	2.3948807723001506	770.7807349646104	12.698306133819765	9.06109100677352	10.774163059869299	8.681540550352057	5.237367749854023	6.86001288861737	3.75724214168369	5.82919512877886	2.6322001450357404	4.9058085003626966	1.8023610067872715	3.9776129032940797	-1.7105194805194806	20265.576253880423	11.383870690082793	4.192133208420878	1.634857398908848	107.06980838739743	24.379009496700675	64.45281524044688	18.295119060385826	47.25910666330309	22.0	18.0	2.0	2.0	5.0	2.651261242236954	3.0	2.3259	66.401	0.38398412946233973	15.519639122446138	10.232711175541917	8.166000544808103	6.288645683571452	3.2465126580271932	5.252212352898272	2.197380910874951	4.336855244848293	1.4356171996617573	3.396597331118165	0.9603075578448549	-1.7105194805194806	0.001300658648008961	5.954055487325393	4.192133208420878	1.634857398908848	116.90460188857207	0.2789433532924756	0.8742130009834953	25.0	2.0	18.0	5.0	2.0	3.0	1.0	0.6672101269803331	672.131002489957	2106.469481367063	2409.560918217038	1.386677429622074	2.8919990585873263	0.13648507713910582	22.0	active
12.104512428058154	12.104512428058154	0.21934047461577233	0.21934047461577233	0.5672121906629936	11.166666666666666	310.2990000000001	289.13100000000003	311.07883559199996	98.0	1.0555555555555556	1.7777777777777777	2.5555555555555554	2.713416323490711	1.8808027861021064	540.6623318929239	12.794682450997078	11.022858721492023	12.735930774587802	8.82569850269549	6.915114090441908	8.537759229205255	4.762473246340913	6.993092625704708	3.26728654269777	5.6202280941590415	2.200376616027492	4.366020962417303	-0.7905194805194806	18415.95658753146	13.636748842565957	6.960926027121136	3.364993800348276	114.60118029065379	24.379009496700675	34.61927235297027	18.295119060385826	29.060005457918262	22.0	18.0	2.0	2.0	3.0	5.273577774640633	2.0	3.4190000000000023	78.52400000000004	0.26897908862869013	29.763710176427686	10.476782229523463	15.038036071798876	6.160681210562225	2.756744786142977	4.762444481014054	1.7039363035637318	3.651883359483211	1.0316900790043761	2.6563619189738765	0.9280112955054564	-0.7905194805194806	0.0009287836552933104	2.941194721056322	6.960926027121136	3.364993800348276	144.10556079417776	0.3725520573212348	0.9398679250249867	39.0	2.0	18.0	3.0	2.0	2.0	8.0	0.980746751742886	1011.9341782863049	2552.8901470747674	2716.222225592918	1.137413271368458	3.1813453782701506	0.2744034718225234	22.0	active
13.406267951625095	13.406267951625095	0.09768518518518499	-0.37929988662131486	0.6774914994407878	10.842105263157896	322.19700000000006	312.1170000000001	322.98607807999997	96.0	1.2105263157894737	2.0	2.736842105263158	2.7647937937140474	2.3304776790139523	806.5563336743082	13.405412915006313	10.091374824228156	11.804446877323937	9.202708600407234	5.654774884901497	7.277420023664844	4.003147443457521	6.0751004305526894	2.851259633513083	5.154497361869287	1.9525556139181888	4.0760318673492675	-1.84051948051948	35049.29092291298	12.206508767721804	4.683243687140269	2.008842385761417	114.38276032837466	24.379009496700675	58.635594399400986	25.40491660166336	47.25910666330309	31.23	19.0	3.0	3.0	5.0	3.00873974360292	3.0	2.1954000000000002	72.99500000000003	0.35258000179504306	19.049922939900775	10.762994992996553	9.885266598767354	6.507911737530701	3.3637166393704776	5.369416334241555	2.2681420588404877	4.40761639281383	1.481221882230358	3.3756116840964103	0.9520108846710856	-1.84051948051948	0.0011049337091367253	5.269863440267216	4.683243687140269	2.008842385761417	128.43246533005276	0.30606416887276594	0.9463318600961194	29.0	3.0	19.0	5.0	3.0	3.0	3.0	0.6925185603883739	856.4603037004634	2648.1233503562394	2798.303071067763	1.298950246774881	3.127476154123409	0.21496772066331676	31.23	active
12.39762329931973	12.39762329931973	0.05506944444444439	0.05506944444444439	0.5349846588752196	10.944444444444445	320.27500000000003	309.18700000000007	320.972656272	90.0	1.0555555555555556	1.7777777777777777	2.5555555555555554	2.7644606763071464	2.3213039612366595	759.5750218822898	12.535169427003234	9.790760620408555	12.32032925443206	8.808861750289884	5.555109045873924	8.402499056028859	3.8588254987172057	6.778853181903686	2.795530997926429	5.8838161185133195	1.928263401668172	4.799968683841793	-1.2205194805194808	24838.67917661971	11.846682938221978	4.806254283167348	1.8660397277497787	115.2267897213068	36.14089444609179	58.88474062681671	24.55088824389723	58.220957207282474	22.0	18.0	2.0	3.0	4.0	3.163231700730829	3.0	2.7696000000000005	78.26600000000003	0.32176158201609684	19.671958466891546	11.201527100915053	10.196284362262741	7.135426081953813	3.174734402865864	5.792806533432736	2.173650940588181	4.812660657942913	1.4128474667359918	3.7962976740618743	0.9450616709403473	-1.2205194805194808	0.0011059680374284058	4.711179801481423	4.806254283167348	1.8660397277497787	130.68146522315268	0.32689208941092285	0.9231048800134882	29.0	3.0	18.0	4.0	2.0	3.0	3.0	0.7368286190455282	834.6578280506999	2356.9757090283238	2553.3130200697065	1.2579515610911993	2.994790720162854	0.1821053557470424	22.0	active
13.65406462585034	13.65406462585034	0.10583333333333322	-0.3513600718065002	0.6301789108659128	10.882352941176471	292.171	284.10699999999997	292.975513396	84.0	1.0	1.7058823529411764	2.4705882352941178	2.681918735811092	2.3595811764044043	744.2593188940273	11.828062645816686	8.760476802953919	10.473548856049698	8.270856947829095	5.131718846682743	6.75436398544609	3.6383882140418535	5.710341201137023	2.5628135659413798	4.866051294297582	1.7471400175286367	3.881922620327903	-1.6405194805194803	14195.395868648111	10.50946323872379	3.985081108076005	1.659219427315925	102.90427298447119	24.379009496700675	64.7019614678626	18.295119060385826	53.3254737317647	22.0	17.0	2.0	2.0	4.0	2.4635919652151435	3.0	2.1868	66.44300000000001	0.444952292959202	16.14167464943691	9.85474670253269	8.47701830830349	6.099663447066838	3.05753042152258	5.063230116393657	2.0606320798862185	4.20010641385956	1.3321340023266892	3.220723627066576	0.9705745249495602	-1.6405194805194803	0.0014090168904903517	4.924626289607451	3.985081108076005	1.659219427315925	114.14403698581366	0.24080093753749268	0.8154274353746731	25.0	2.0	17.0	4.0	2.0	3.0	1.0	0.4714846043838875	578.7208378253694	1959.7301132282655	2403.3163813378533	1.1544138347675934	2.9080883443345997	0.06667139146094059	22.0	active
13.126196617535903	13.126196617535903	0.30083333333333284	-4.71967474489796	0.4826575179760235	12.0	360.168	353.112	360.962898024	108.0	1.0476190476190477	1.7619047619047619	2.4285714285714284	2.7566557108717973	2.3342147522080547	878.5467719130116	15.198306133819765	10.317019952791973	12.030092005887752	9.876028663351637	5.859349158719542	7.48199429748289	4.346206731751906	6.418159718847077	2.974361176001298	5.277598904357498	2.043118368809915	4.201274103919591	-1.8505194805194807	63695.28685540375	14.102171307679464	4.857498592262628	2.4284553181870456	121.76582130764649	24.379009496700675	64.199045891098	18.295119060385826	47.25910666330309	22.0	21.0	2.0	2.0	7.0	3.2619655845190203	3.0	3.2056000000000013	71.44500000000001	0.35900459751325864	16.775568068464594	11.48864012156037	8.793965017817332	6.916610156580679	3.805289490565215	5.810989185436292	2.482749421344208	4.622223755317551	1.6357721559692227	3.5477349130195215	0.9524762718552104	-1.8505194805194807	0.0010253826822267593	7.96057843641674	4.857498592262628	2.4284553181870456	131.60061480882115	0.3046127895423946	0.9732962216155311	28.0	2.0	21.0	7.0	2.0	3.0	1.0	0.8029942215140654	949.2029058866926	3032.8851366807844	3116.096692173153	1.841357073737645	3.1391067806067547	0.23905117282261673	22.0	active
12.24106465734442	12.24106465734442	0.09087738567649284	0.09087738567649284	0.6928247256460257	10.789473684210526	318.2340000000001	305.13000000000005	319.011149956	96.0	1.105263157894737	1.8421052631578947	2.526315789473684	2.7690463408004837	1.9595979780783404	755.6616643747856	13.242276208189782	10.497867401595103	12.210939454690882	9.275188245478668	5.995300340590349	7.617945479353695	4.277288074724296	6.507907454088091	3.0377637574850196	5.27851122702674	2.0182942919326075	4.169743858545215	-1.7705194805194804	38733.42021511716	12.27287517859857	5.076870508815663	2.3708755455329986	116.58216703984505	24.379009496700675	64.4481921185137	25.40491660166336	53.3254737317647	31.23	19.0	3.0	3.0	4.0	3.279357792242255	3.0	2.1154	77.24400000000003	0.4498466952456505	22.171958466891546	10.885030519987327	11.446284362262741	6.568929501026088	3.3129310039908746	5.318630698861951	2.1514621482331586	4.099409204152636	1.3374756242872186	3.0579111032836512	0.9704186141907456	-1.7705194805194804	0.0011752597867708847	4.3689272216582005	5.076870508815663	2.3708755455329986	134.84678354202654	0.2414284847156876	0.9504764934066997	32.0	3.0	19.0	4.0	3.0	3.0	4.0	1.0823123519997895	808.7373567151532	3183.9070182743612	3349.800905504349	1.1673935666736035	3.396503548527028	0.28186425858133873	31.23	active
12.536436602418746	12.536436602418746	0.058263888888889115	-4.859072105694129	0.6241325584121488	11.818181818181818	392.622	385.56600000000003	392.928262104	114.0	1.1363636363636365	1.8636363636363635	2.5454545454545454	2.7506346465739426	2.219667915896948	900.9747206583737	15.905412915006313	10.725268243255837	13.194269242370071	10.34915520981396	6.0175974491834054	8.01820706095598	4.346826110070406	6.855214877637562	2.8579006047458946	5.396235435889834	1.992880419454698	4.295555291092738	-1.6905194805194803	96162.18724422503	15.214618947390987	5.49913460737775	2.924678564375663	133.0170973611088	35.97994938693319	57.84100687209642	24.65747791941621	47.25910666330309	31.23	22.0	3.0	3.0	8.0	3.8030562541665005	3.0	3.5997000000000003	78.17800000000003	0.33042684729691335	17.183816358928453	12.65281735804269	8.952213308281195	7.4528229200537695	3.8094573785993298	6.193121546479633	2.383869571312057	4.71232614179001	1.5951084570789755	3.622565214687857	0.9487436779464926	-1.6905194805194803	0.0006409835379748721	8.81502915909995	5.49913460737775	2.924678564375663	142.85189086228343	0.31604656865177616	0.8436569014386281	29.0	3.0	22.0	8.0	3.0	3.0	2.0	0.690486965032408	1316.1912146824918	3513.449953330271	4164.548345825222	2.20341054153866	3.3843767570391745	0.1545897041196446	31.23	active
12.419543178382465	12.419543178382465	0.01033950617283974	-0.07773919753086433	0.6728279499844142	10.842105263157896	338.65200000000004	328.5720000000001	338.95652753999997	96.0	1.2105263157894737	2.0	2.736842105263158	2.7647937937140474	2.3304776790139523	806.5563336743082	13.405412915006313	10.091374824228156	12.56037582334239	9.202708600407234	5.654774884901497	7.6553844966740705	4.003147443457521	6.511536211024675	2.851259633513083	5.389594464657025	1.9525556139181888	4.2423754223905625	-1.4805194805194806	35049.29092291298	12.548085983203771	4.8917868489220275	2.121147186147187	120.52049115233011	35.97994938693319	57.84100687209642	25.40491660166336	47.25910666330309	31.23	19.0	3.0	3.0	5.0	3.2306611574620545	3.0	2.7097000000000007	78.04700000000004	0.36083903297723346	19.049922939900775	11.518923939015009	9.885266598767354	6.885876210539928	3.3637166393704776	5.747380807250782	2.2681420588404877	4.596598629318443	1.481221882230358	3.512360515085143	0.9545764835308965	-1.4805194805194806	0.0009412055773973239	5.486515060465386	4.8917868489220275	2.121147186147187	134.57019615400822	0.2979659998888933	0.9246970952525272	29.0	3.0	19.0	5.0	3.0	3.0	3.0	0.6919975294503805	982.4602801542603	3048.932319789458	3297.2227721303907	1.412571695747222	3.2894186042725235	0.2124174368314672	31.23	active
11.932476379440665	11.932476379440665	0.22362906273620564	0.22362906273620564	0.6154899334180128	11.0	268.218	253.09799999999996	269.0318854	80.0	1.2666666666666666	2.066666666666667	2.8	2.574672528858721	2.2830110617121777	497.53658280678934	10.673362107437434	8.90153837793238	10.614610431028158	7.325698502695488	5.41511409044191	7.037759229205256	3.7018130745610915	5.932432453924887	2.5172865426977706	4.8702280941590415	1.670046530137581	3.8356908765273934	-0.7905194805194806	4122.050718702812	10.71817679805887	4.821362779821099	2.2418998667691876	95.50635394746395	24.379009496700675	34.61927235297027	18.295119060385826	29.060005457918262	22.0	15.0	2.0	2.0	3.0	3.4450812454468744	2.0	2.2487000000000004	64.67300000000003	0.2888209543696477	22.263710176427686	8.976782229523463	11.288036071798876	5.410681210562225	2.381744786142977	4.387444481014054	1.5164363035637316	3.464383359483211	0.9379400790043763	2.562611918973876	0.9356391021280687	-0.7905194805194806	0.0014489746622898027	2.716834377639782	4.821362779821099	2.2418998667691876	116.58091144998109	0.3529581711321914	0.9183271766090754	30.0	2.0	15.0	3.0	2.0	2.0	5.0	0.9911108439250934	633.7772498780969	1648.9627385949889	1795.6157463223365	0.8732562764860577	2.757297293218229	0.33839304252888547	22.0	active
12.290952853363567	12.290952853363567	0.06923611111111105	0.06923611111111105	0.6300536324372557	10.882352941176471	288.2080000000001	277.12	289.00058527199997	84.0	1.0	1.7058823529411764	2.4705882352941178	2.681918735811092	2.3595811764044043	739.062066321055	11.828062645816686	9.382512329944692	11.095584383040471	8.270856947829097	5.442736610178129	7.065381748941476	3.973463285266363	6.045416272361532	2.8258149346501478	5.129052663006351	1.9219964584812934	4.175915832617904	-1.5705194805194804	14195.395868648111	10.575083623415619	4.02433519280474	1.6797733842420794	105.10367969594155	24.379009496700675	64.4481921185137	18.295119060385826	53.3254737317647	22.0	17.0	2.0	2.0	3.0	2.503393011327326	3.0	2.3561199999999998	71.22200000000002	0.4454514881388936	19.263710176427683	9.976782229523463	10.038036071798878	6.160681210562225	3.118548185017967	5.124247879889044	2.1047849483349803	4.244259282308322	1.3597805707968935	3.27174332784719	0.9707998621176842	-1.5705194805194804	0.0015162710389041308	3.974796042135715	4.02433519280474	1.6797733842420794	120.55835519778745	0.2398908662543975	0.8399422638396885	28.0	2.0	17.0	3.0	2.0	3.0	2.0	0.6148097117641458	553.9525865024423	1939.5827645779862	2309.1858191674173	0.9409359762698676	2.886527325834521	0.11630197104670688	22.0	active
13.08204266692903	13.08204266692903	0.03684033503973949	-1.0605154758694624	0.36648141964571357	16.714285714285715	509.9870000000002	477.7310000000003	509.19287804399994	192.0	1.1428571428571428	1.8857142857142857	2.4857142857142858	3.1871009436099627	2.049486740102218	937.4477557613955	25.957454678884094	20.097145346892564	20.853074292911018	16.544621651056172	11.466546562816134	11.844511035825361	8.852597734871107	9.289033515343093	5.380517034512437	5.615614137300176	3.6334420728223282	3.8463271233835763	-3.1399999999999992	33577689.24299899	28.099752630999877	13.672785166672	9.936555521862347	208.98208376204508	41.26108965419073	34.85155307928476	54.89546979267963	24.26546827384644	139.89999999999998	35.0	10.0	7.0	11.0	10.97719659886536	2.0	2.1240999999999994	127.32010000000004	0.05039983612371528	48.57734329275614	17.333272238774597	24.209381116591747	8.7457048031011	5.359451989750945	5.737416462760172	2.9444300986684095	3.133412335173023	1.706466461791919	1.848203139170379	0.69122387863547	-3.1399999999999992	0.00012579596681197648	7.21246512591127	13.672785166672	9.936555521862347	254.11530966413002	0.7226406780718457	0.7273910092729043	67.0	7.0	35.0	11.0	10.0	2.0	15.0	1.6568618316444794	5782.30787287572	5820.318295394334	8001.636288043055	2.8175567482485344	4.384102540300345	0.5218227505409802	139.89999999999998	active
12.39987748803225	12.39987748803225	0.026404596560846594	0.026404596560846594	0.6784840406266259	10.761904761904763	348.26000000000016	333.1400000000001	349.02171463999997	108.0	1.0952380952380953	1.9047619047619047	2.619047619047619	2.8421493062625864	2.021848222820718	834.8995259079352	14.819626477379408	11.82876542286934	13.541837475965119	10.223876650462412	6.524339442952811	8.146984581716158	4.606990674726876	6.837610054090671	3.3607221642255527	5.601469633767273	2.2587257273315826	4.389224163352903	-1.9705194805194806	97070.76740609237	13.98737668452651	5.798162397075777	2.622491355692139	128.06065438374853	24.379009496700675	58.38182505005209	32.51471414294089	47.25910666330309	40.46	21.0	4.0	4.0	5.0	3.861956263140765	3.0	2.1239999999999997	83.79600000000003	0.42151715580809085	25.08020675735541	11.79327881045119	12.854532652726602	6.977177791489951	3.619117221838772	5.6248169167098485	2.406617329773073	4.35456438569255	1.5087083216198907	3.2291438006163236	0.9669693196257357	-1.9705194805194806	0.0008537112899632106	4.765158591944473	5.798162397075777	2.622491355692139	149.13521188626567	0.25489279099759116	0.8821441032059051	36.0	4.0	21.0	5.0	4.0	3.0	6.0	0.9870336104110753	1033.3049516586805	3576.106904991997	4053.8806437583617	1.3156744459007146	3.526750147940312	0.24959969173210142	40.46	active
12.10198365457294	12.10198365457294	0.20883975812547217	-0.20883975812547217	0.5633598200445077	13.666666666666666	235.242	226.16999999999996	235.063328528	86.0	0.8888888888888888	1.5555555555555556	2.111111111111111	2.659856963866877	2.103900650842579	634.9027740033816	12.535169427003234	9.459862599134318	9.459862599134318	8.770856947829095	5.57336354419373	5.57336354419373	4.048203372608888	4.048203372608888	2.9009857345009604	2.9009857345009604	2.031513538982978	2.031513538982978	-2.5499999999999994	22981.164167809817	10.594325580249754	4.035866968245453	1.5691552778201157	103.795523778468	17.64250999956376	71.05534855915606	16.550468413677088	54.36499408406508	47.03	18.0	3.0	3.0	3.0	2.375404925564879	3.0	2.544200000000001	67.31700000000002	0.572439773694813	17.763710176427686	8.763710176427685	9.355461885963821	4.8554618859638214	3.368658487088832	3.368658487088832	2.3127567876513373	2.3127567876513373	1.5341444629044794	1.5341444629044794	0.9852455649858181	-2.5499999999999994	0.002011005007317283	4.611187960306032	4.035866968245453	1.5691552778201157	116.44025827997825	0.17114665254037556	0.8653868393592354	27.0	3.0	18.0	3.0	3.0	3.0	1.0	0.43936360800636565	430.3255517566697	2175.900396546583	2514.367329826394	1.0338967318539023	3.2990409893257624	0.0768813882917096	47.03	inactive
13.113759220911096	13.113759220911096	0.07542712326487555	-1.0182858438625935	0.32789190968006365	17.323529411764707	472.54200000000026	440.2860000000003	472.23218474399994	184.0	1.2058823529411764	1.9705882352941178	2.588235294117647	3.4268622053587814	1.7528690677146948	1062.9104979334893	24.827698166887174	19.64279110726902	19.64279110726902	16.22678440586039	11.412888432545456	11.412888432545456	8.958047196653682	8.958047196653682	5.961620234797415	5.961620234797415	4.17444328401035	4.17444328401035	-3.4000000000000004	36985301.33550804	25.22723474726185	11.149411482989189	5.932516419958828	197.358924681765	34.40770906650051	29.959396268694903	65.94040762020632	24.26546827384644	149.61999999999998	34.0	10.0	6.0	10.0	8.272612375740739	3.0	0.8934000000000009	125.31710000000007	0.2299426333166999	48.23834412478301	16.238344124783012	24.164826071087045	8.467723398623354	5.7312743142961065	5.7312743142961065	3.5685101313069336	3.5685101313069336	2.20313454001662	2.20313454001662	0.9161408306499889	-3.4000000000000004	0.00021805551044624092	6.424507088153823	11.149411482989189	5.932516419958828	242.6368774742155	0.4008565559099021	0.8197601206356054	66.0	6.0	34.0	10.0	10.0	3.0	15.0	1.3842886129588248	3759.410248142791	7688.073334714138	9378.44271901535	2.106749208859049	4.69425803401388	0.35848551159776043	149.61999999999998	active
12.7746022297808	12.7746022297808	0.2529747732426304	-0.30073507180650005	0.5771029549850707	11.0	334.40000000000003	320.28800000000007	334.077598688	118.0	0.7916666666666666	1.5	2.3333333333333335	2.901125139346908	1.8710872683193582	1118.0282256884723	16.518297090128677	12.754482073853566	13.570978654781293	11.737183443017882	7.591205776709756	8.364602438843729	5.5041642729433145	6.401127682950201	3.963340127485651	4.875367714053823	2.7899450686075413	3.621539427862055	-2.919999999999999	567831.4212740917	14.658349024845199	5.940202904844313	2.4868327736324765	141.55593457228497	22.304935040496268	98.51163667663978	8.523760756051951	82.38547918968298	44.0	24.0	4.0	5.0	5.0	3.6280653107336356	4.0	3.2622000000000018	97.22600000000001	0.34255183657867067	25.619172062391506	12.43566864331923	13.412980610280744	7.1863772724147195	4.354966775880953	5.251930185887841	2.93637956332662	3.796472635517317	1.9309600084087641	2.6804911180324233	0.9514321007135368	-2.919999999999999	0.0006288760091696834	5.861437575030013	5.940202904844313	2.4868327736324765	161.22552157463429	0.30785866518879484	0.8020300730860525	38.0	5.0	24.0	5.0	4.0	4.0	3.0	0.6682021179421858	1275.3389561560596	3322.499289042469	4142.611855261426	1.4507553545732037	3.6150871103309594	0.13664197526458532	44.0	active
11.601201420382967	11.601201420382967	0.06331490929705219	-0.558259007306626	0.31343520544484943	10.8	290.26000000000005	284.212	290.01097567200003	100.0	1.2	2.0	2.75	2.904532429324343	2.0972740006885093	803.9723903715467	14.11251969619286	9.794197449456904	10.61069403038463	9.66470379794645	5.4231040375039905	6.239600618431717	3.768105317364565	4.830332314454514	2.5569253283543483	3.631436301381699	1.6647844171154178	2.5542385578482585	-2.68	58845.82701811119	12.358733073569692	4.775855597050656	2.0319722981426884	115.26047716188558	28.482672659307198	51.850250207463986	15.236637563068562	51.07916130500149	109.0	20.0	8.0	7.0	9.0	2.9511762260931436	3.0	1.9155999999999995	67.98340000000002	0.3882265074564726	15.330095834319149	10.146592415246875	7.939153208389036	5.755649789316762	3.334673788104229	4.3337445548670095	2.1774867739045445	3.138256087602913	1.3618738086651914	2.1185189771316293	0.9608854691545844	-2.68	0.0010696383665521863	7.195496956492442	4.775855597050656	2.0319722981426884	123.69030016289243	0.27694605100556	0.8943251523566491	26.0	7.0	20.0	9.0	8.0	3.0	3.0	0.7910300033261405	836.1004806132448	2699.9687736832752	3019.0012732713026	1.7182327206612693	3.3603157774600483	0.20977809490069102	109.0	active
11.311536438649533	11.311536438649533	0.02196286848072604	-1.1358248299319726	0.4753379739804853	12.11111111111111	253.21399999999997	242.12599999999998	253.07206477164002	100.0	1.3888888888888888	2.0555555555555554	2.6666666666666665	2.37136310319575	2.548568974159402	437.7664825155729	13.706742302257043	9.251034991986968	9.251034991986968	8.468432912787325	4.977985084546038	4.977985084546038	3.4550697050323826	3.4550697050323826	2.130216110660765	2.130216110660765	1.0882030714075943	1.0882030714075943	-2.0300000000000002	8539.278534607894	14.032617407639322	6.052774561827492	3.230832666901206	102.639379770375	5.907179729351506	23.1219770257306	23.66242991785309	12.13273413692322	158.63	18.0	8.0	7.0	8.0	4.718681648934274	1.0	-2.868099999999999	55.04690000000002	0.565905778900452	19.38288223881919	8.382882238819189	9.391330196373332	4.141441119409595	2.6799972693452117	2.6799972693452117	1.5424296803815778	1.5424296803815778	0.7395936339390564	0.7395936339390564	0.9846448138920011	-2.0300000000000002	0.001741777505382151	4.920243813110847	6.052774561827492	3.230832666901206	118.3548954270632	0.17456972955122113	0.9024622344732547	29.0	7.0	18.0	8.0	8.0	1.0	7.0	0.685536538036191	518.1271612962138	2678.5296450119563	2968.024081999785	1.6545070327770244	3.4889636560741475	0.2115965989628822	158.63	active
11.530262188208617	11.530262188208617	0.21633975812547224	-0.2556916099773241	0.7487812423768543	10.466666666666667	222.26900000000003	212.18899999999996	222.04629856	78.0	1.2	1.8666666666666667	2.4	2.4690029893996233	2.4125895433359164	565.0985913363726	10.836498814253964	8.213030189526183	9.02952677045391	7.181540550352055	4.493445369413816	5.266842031547791	3.2089804819772696	4.288518077819212	2.1192062053628655	2.9258245365920867	1.3517223551623574	2.003854932886759	-1.6199999999999999	3426.976149286677	9.916984414685054	3.86008447928996	1.9167513123929096	90.18211794888234	11.532486611566675	56.047067197408474	8.523760756051951	39.920909710451696	44.0	15.0	4.0	5.0	5.0	2.5520265080324136	2.0	0.6567999999999999	59.364000000000026	0.34025838641977035	17.119172062391506	7.9356686433192305	8.662980610280744	4.436377272414719	2.381359978130975	3.278323388137863	1.4405839732216197	2.1181028595772613	0.8380516477718597	1.3593650251016998	0.9511297677167729	-1.6199999999999999	0.0016522326691812432	3.450086630806597	3.86008447928996	1.9167513123929096	104.23182295056043	0.3087914586950837	0.8383849814250177	25.0	5.0	15.0	5.0	4.0	2.0	3.0	0.7909348347423716	507.4254958537261	1377.686794556017	1643.262731417658	0.8878417237188223	2.817298887975867	0.281614057394348	44.0	active
10.431481481481482	10.431481481481482	0.3125000000000002	0.3125000000000002	0.28239623999098273	9.0	126.16	122.12799999999999	126.00190832791	42.0	1.5	2.25	2.625	1.7681772153059907	3.134861511345448	168.5384734445621	5.983127663125442	4.073111253186187	4.889607834113913	3.804530452640311	2.1571791531589404	2.5654274436228035	1.3646715057453238	1.782947951975895	0.7885857489613531	1.1046133670382463	0.4126567386775783	0.5520822207544354	-0.8300000000000001	72.49526582754562	5.309470013947001	1.961225714690048	0.8692020605459402	52.76436150211452	12.628789148012991	29.603197801775195	0.0	29.421904755667146	26.939999999999998	8.0	2.0	2.0	3.0	1.3016336403410733	1.0	0.22580000000000017	31.032999999999994	0.33261636407640827	7.763710176427685	4.58020675735541	3.8339119265669446	2.2421602170308077	1.0863335479935172	1.4730318790605041	0.5738362730592499	0.8417210378427364	0.2649850864358741	0.3616596692026208	0.9425546989855473	-0.8300000000000001	0.004232767664513608	2.18767668064718	1.961225714690048	0.8692020605459402	58.38424350278578	0.3340518513947561	0.6659481486055908	12.0	2.0	8.0	3.0	2.0	1.0	0.0	5.532492429183301e-07	157.3316093365393	313.64799661293284	470.97960594930873	0.5363159701891272	1.9321472040819874	4.696412003654204e-13	26.939999999999998	active
4.053510015117158	4.053510015117158	0.6791666666666666	0.6791666666666666	0.6769346849476513	13.272727272727273	187.31300000000002	176.225	187.03691393191	62.0	1.7272727272727273	2.5454545454545454	3.090909090909091	2.5175949977372087	2.2307954820968985	186.330460484538	8.104448006685086	6.650081360683068	8.28307452253852	5.325698502695489	3.5961431214617643	5.809129266049992	2.237339358770368	4.843692610151012	1.2984466797654302	4.137914910107667	0.46376562024250684	2.475408877179116	-0.09000000000000008	480.86064456780684	9.001659028414297	4.720375830767855	3.20458917628526	74.96616211612434	21.587795952773448	12.393687143226153	10.233916550929383	17.550123625046858	26.990000000000002	11.0	2.0	3.0	4.0	3.8628376104127367	1.0	2.5776000000000003	50.758000000000024	0.4021356320692071	16.210923771927643	6.8439169337830945	7.969342148130446	4.619172062391505	1.3505785932336118	3.4573085887009185	0.6661571273504933	2.547078179801457	0.3076791457087569	1.4952510326262276	0.9624584655505567	-0.09000000000000008	0.003143252207715223	2.231964611462893	4.720375830767855	3.20458917628526	90.42083761797025	0.27142900009038795	0.9456300720615037	22.0	3.0	11.0	4.0	2.0	1.0	6.0	0.7999776698637213	300.8444787664259	1048.110504185125	1108.372645024085	0.9577919824616914	2.5611356071916975	0.2831625346256991	26.990000000000002	active
5.072795729402872	5.072795729402872	0.8372222222222224	0.8372222222222224	0.4688607712542894	9.333333333333334	240.44400000000002	228.348	239.988332384	70.0	0.8333333333333334	1.0833333333333333	1.25	1.9834180793154317	3.6934830872422997	158.38689879982147	9.723614639131599	7.527420352855368	10.793406676566272	5.447264862732148	3.2192312250941826	6.185557720282969	2.4873360870032757	5.884299497010164	0.9145403910008584	5.073827930357984	0.22035968899697111	2.5956096366685335	0.4799999999999999	295.5292938179993	12.480000000000002	6.013500198406644	5.18320245841735	92.44737157170921	54.66461100998478	0.0	46.631575563527655	0.0	6.48	12.0	2.0	4.0	6.0	6.254040206342911	0.0	2.0608	67.75200000000002	0.4222629387957455	17.52742035285537	8.793406676566272	8.324804034094267	5.291130529283052	1.3693020982533815	4.766265508260267	0.5493920193307477	3.978382815347652	0.1458240897469781	1.9247892434185967	0.9656223609507347	0.4799999999999999	0.00203099737477254	2.983336051705174	6.013500198406644	5.18320245841735	109.30701757372293	0.25994894889560294	0.9629523215889492	24.0	4.0	12.0	6.0	2.0	0.0	4.0	0.8722661671985463	474.12780220693014	1756.354352670946	1823.9265987466745	1.4950243282368962	2.903633480952755	0.27606304440006585	6.48	active
13.986098259847324	13.986098259847324	0.019922732790698117	-0.4545418613984069	0.3269197904185625	11.0	471.9230000000001	452.77100000000024	471.12621612800007	168.0	0.9705882352941176	1.7941176470588236	2.5588235294117645	3.2524780798998525	1.477435151194721	1433.3474078324766	23.49298858481683	17.974712814199595	18.73064176021805	16.56368328351281	10.607261119616338	10.985225592625566	7.781960964064397	8.218396744536381	5.4431945510418345	5.661412441277826	3.8232143077492937	4.067593445342198	-4.099999999999998	86427293.40261497	21.73038783164086	9.40780985358877	4.648768654396578	199.7843169999277	34.22890732950011	107.65976467971133	25.885028089399803	91.25645903322709	63.910000000000004	34.0	6.0	5.0	8.0	6.012804610729894	5.0	5.519200000000005	129.80099999999996	0.21422086398505075	35.4002452139821	17.15617416000056	18.52094300024099	9.398907473250217	6.124610739642544	6.502575212651771	3.9642177410307666	4.1531999775353805	2.554778166144967	2.7322291292377128	0.8926614420654706	-4.099999999999998	0.00013225131642914992	8.923917152954713	9.40780985358877	4.648768654396578	226.4787565031162	0.4507278001738902	0.6386474548918332	53.0	5.0	34.0	8.0	6.0	5.0	6.0	1.055721133130388	4829.044217748647	6842.393120716031	10713.881451034544	2.4692504624757996	4.870023669112299	0.18827951017186156	63.910000000000004	active
13.545206163885819	13.545206163885819	0.04084115609819072	-0.13807518686486908	0.2927344761672539	11.0	488.37800000000016	469.2260000000003	487.096665588	168.0	0.8823529411764706	1.6470588235294117	2.3823529411764706	3.2524780798998525	1.477435151194721	1431.3474078324766	23.49298858481683	17.974712814199595	19.486570706236503	16.56368328351281	10.607261119616338	11.363190065634793	7.781960964064397	8.654832525008366	5.4431945510418345	5.879630331513818	3.8232143077492937	4.394451192819335	-3.739999999999998	86427293.40261497	22.0720590832305	9.630078378021516	4.7832270608636005	205.92204782388313	45.82984721973263	106.86517715240676	25.885028089399803	91.25645903322709	63.910000000000004	34.0	6.0	5.0	8.0	6.2516370275244535	5.0	6.033500000000005	134.8529999999999	0.20876937703716658	35.4002452139821	17.912103106019018	18.52094300024099	9.776871946259446	6.124610739642544	6.880539685660999	3.9642177410307666	4.342182214039995	2.554778166144967	2.98110866375903	0.883650915051299	-3.739999999999998	0.00011417883706845148	9.133037546416032	9.630078378021516	4.7832270608636005	232.61648732707164	0.46814640907412913	0.6146512280601154	53.0	5.0	34.0	8.0	6.0	5.0	6.0	1.0461990844261546	5383.23251349657	7067.896733198848	11499.036218483856	2.5868196294529326	4.951778561636693	0.18266468854474127	63.910000000000004	active
5.154818121693122	5.154818121693122	0.9142129629629633	0.9142129629629633	0.5509158141740411	10.23076923076923	226.351	220.303	225.969311192	66.0	1.3076923076923077	2.1538461538461537	2.6923076923076925	2.494104956937373	2.5982775174064674	457.7414202573002	9.259148545064338	6.851222869960384	9.300712612743562	6.287693700234704	3.64925103728207	6.207329242006993	2.498901186756959	5.315397767684685	1.6432805117459177	4.988848684409932	0.9483501979532919	3.7729451288072484	-0.65	1536.3686534734218	8.926807081036344	3.6108082322981088	1.673482411276347	88.32262566466274	32.89873251777682	27.977790672827755	9.967957041894417	18.59053071483923	25.78	13.0	2.0	5.0	5.0	2.4794606535648525	2.0	3.3045100000000014	58.79300000000002	0.4973114427599409	12.119172062391506	8.568661805174683	6.173466293362377	5.7315444980873	2.06587208258879	4.882368663516516	1.282360054215763	4.305952951450086	0.7267589590985519	3.178114971134549	0.9772111230506746	-0.65	0.0019963518671395394	4.2490979441673495	3.6108082322981088	1.673482411276347	96.75244866566959	0.2122696892776719	0.7960460100734104	19.0	5.0	13.0	5.0	2.0	2.0	2.0	0.28095599485981043	398.75035216813757	1495.3789584323952	1878.508201171052	1.1802059874338797	2.8867975812608475	0.05188996355714054	25.78	active
11.31173469387755	11.31173469387755	0.4259259259259258	-0.4492384731670447	0.6480849496389218	14.538461538461538	237.052	232.01199999999997	235.9472915	64.0	1.0769230769230769	1.8461538461538463	2.6153846153846154	2.1153808896963455	2.655061525356702	432.55092815595975	9.422285251880869	6.581212399885083	8.167208938999787	6.1815405503520555	3.745948001204021	4.5389462707613735	2.758280642066087	3.673956170857776	1.8962971439249616	2.3895487826420014	1.2521416669564702	1.6309338645745488	-1.22	1078.8442537451363	8.381487555134319	2.9235147852892234	1.3533346101056525	83.38632919709882	33.57245389751311	39.874743811445114	11.566489892729878	28.747840828051125	34.14	13.0	2.0	2.0	3.0	1.8848771377040618	2.0	2.2276999999999996	52.51350000000001	0.6793542879343599	11.194461053936953	7.780457593051658	5.847230526968477	4.140228796525829	2.3472305269684766	3.140228796525829	1.5163129664588877	1.9128121012375638	0.9369769657671702	1.2343513168511773	0.9925680974423585	-1.22	0.0033899684064064954	4.3303131006262	2.9235147852892234	1.3533346101056525	90.41118169793786	0.12169047596117356	0.8783095240633544	18.0	2.0	13.0	3.0	2.0	2.0	0.0	1.0630370459766928e-05	259.0907698146952	1870.0057578685016	2129.0965276309744	0.9738257211240243	2.9969249265105886	6.174975324782208e-11	34.14	active
11.345150419365787	11.345150419365787	0.1759619341563785	-0.1759619341563785	0.7649198651947398	10.055555555555555	240.30200000000002	224.17399999999995	240.115029752	92.0	0.9444444444444444	1.5555555555555556	2.1666666666666665	2.4073226552191507	2.085441900172752	500.379986615165	12.794682450997078	10.426862566007456	10.426862566007456	8.792024997884274	6.093187795000649	6.093187795000649	4.044746693960118	4.044746693960118	2.714845092412162	2.714845092412162	1.8243351672717543	1.8243351672717543	-2.0899999999999994	15984.622430655161	12.369104292002639	6.009621892056233	3.2014905114022945	107.2233331126981	5.969305287951849	60.160755107851486	12.576187252464766	54.59730361615449	26.3	18.0	2.0	2.0	2.0	4.129646663241433	2.0	3.459200000000002	72.21500000000005	0.7232481165376292	24.816496580927726	8.816496580927726	12.612372435695795	4.612372435695795	2.866581623797196	2.866581623797196	1.745790811898598	1.745790811898598	1.048926442257282	1.048926442257282	0.9946373584425331	-2.0899999999999994	0.0026475735615584715	3.265650489567553	6.009621892056233	3.2014905114022945	129.70286111538303	0.10342400683816107	0.9635638719079332	34.0	2.0	18.0	2.0	2.0	2.0	5.0	0.7179139615179041	363.9422473084146	3390.7176069490392	3518.9339345352873	1.0902958152171847	3.890279736575757	0.13349018985652517	26.3	active
12.89355185343957	12.89355185343957	0.39485993008314413	-1.2574113010039236	0.7749701955614847	10.333333333333334	256.257	241.13699999999994	256.11029313991	100.0	1.3888888888888888	2.111111111111111	2.7777777777777777	2.329847666221643	2.595469443421668	521.0001021349638	13.543605595440512	10.110020710523097	10.110020710523097	8.557749310264366	5.803316059322119	5.803316059322119	3.8391589447669108	3.8391589447669108	2.375380409167982	2.375380409167982	1.3956887578033217	1.3956887578033217	-1.9199999999999997	8753.237681994713	14.142189054726371	6.727681732912301	3.8296852178292626	102.83522925542714	6.031114512338072	32.8521490740581	17.142970566042003	15.785917939756718	82.27000000000001	18.0	6.0	4.0	7.0	5.285785942604161	1.0	0.4427999999999999	63.188700000000026	0.656568462080025	23.44435013090069	8.444350130900691	11.563815851950219	4.116602256450261	2.4669069647081345	2.4669069647081345	1.3724390205451682	1.3724390205451682	0.7256154068148594	0.7256154068148594	0.9913043939347658	-1.9199999999999997	0.0018361138487708992	3.7855301302405557	6.727681732912301	3.8296852178292626	123.96784339018262	0.13158874786860264	0.9136338372940571	33.0	4.0	18.0	7.0	6.0	1.0	6.0	0.648247246796794	497.5910605465161	3454.824499920676	3781.4104063318805	1.414880105922695	3.8845823348532758	0.11833272044907961	82.27000000000001	active
13.252992724867726	13.252992724867726	0.17044533940119244	-4.391525934549924	0.6460053375585231	17.333333333333332	414.4510000000002	391.26700000000017	414.17987059591	158.0	1.0	1.7	2.3333333333333335	2.7577268830043957	1.7743458803143524	1012.3722189646649	21.302754140504845	16.692819093820418	16.692819093820418	14.38035996100121	10.064063921280793	10.064063921280793	7.551569792310442	7.551569792310442	5.826216742049597	5.826216742049597	4.128469817170659	4.128469817170659	-2.6399999999999997	6594717.7589413915	20.625447046509084	8.239442220418118	3.9969904927680098	173.1140229012678	10.902924932081056	71.41813459439695	47.50758001221104	54.72778011930596	42.43	30.0	4.0	4.0	7.0	5.664739307000171	4.0	4.054100000000003	108.16300000000004	0.195554229367561	37.38378249599142	14.383782495991417	19.309925236745606	7.809925236745604	5.477540995149387	5.477540995149387	3.667252496077001	3.667252496077001	2.355918637734359	2.355918637734359	0.8951768807008894	-2.6399999999999997	0.00023955850439487102	6.676906014758737	8.239442220418118	3.9969904927680098	205.4283444051274	0.445711063648442	0.7253349294090717	53.0	4.0	30.0	7.0	4.0	4.0	5.0	1.3083382835144537	3027.7987051275036	4927.3359787648915	6793.187228387274	1.8337993773255605	4.218127573425887	0.36667121013998283	42.43	active
10.881481481481481	10.881481481481481	0.025679012345678487	-0.025679012345678487	0.4711758525933405	9.3	154.596	147.54	154.018542524	52.0	1.3	1.9	2.4	2.048167390601267	2.8526279288191434	217.9590174505521	7.397341225498538	5.380070890607768	6.1359998366262225	4.842535255101096	2.9856223802605895	3.520144864085438	1.9228323599506603	2.1900936018630848	1.2171341268154334	1.459873692889642	0.7011970394754551	0.855500389437547	-0.8200000000000001	237.587417309747	7.288932461873639	3.3737941826863076	1.5785944584266869	64.62607567521562	17.384184836597456	35.89528683400505	11.663248391335278	30.33183534230805	17.07	10.0	1.0	1.0	2.0	2.459135793786267	1.0	2.1081	41.49250000000002	0.48625281554894867	11.78621276347309	5.542141709491545	5.893106381736545	2.7710708547457723	1.4236152634842383	1.612597499988852	0.8128834692326421	0.984526262465995	0.4107765954341363	0.5052677136864431	0.9763262102933338	-0.8200000000000001	0.004344076533778696	2.3463470750105806	3.3737941826863076	1.5785944584266869	74.46086917639028	0.21630333121396206	0.8597349614185588	17.0	1.0	10.0	2.0	1.0	1.0	2.0	0.20812744952209383	197.90971791897002	786.6263674465343	914.9638001793069	0.791609211223373	2.4785946709136617	0.08651430192321889	17.07	active
4.619205719324767	4.619205719324767	1.0739813765012178	1.0739813765012178	0.4490644198756372	11.4	332.50000000000006	324.43600000000004	331.957032256	98.0	0.65	1.1	1.55	3.0747500574237434	1.5677796561680748	740.7970847579146	13.363596551749424	10.146222506372377	13.412208830083282	9.882142733160752	5.940539267437425	9.723362343553935	4.061662035885737	8.74652654761138	2.7327683379676277	7.776119993650069	1.8447166997739164	6.339412752869696	-1.08	104034.16819293235	12.644918749001015	5.366112238903888	2.440304032399045	131.21803102882754	64.69460897681364	48.53093654769288	9.967957041894417	57.21024790903997	25.78	20.0	2.0	6.0	6.0	3.392702662947979	4.0	5.705400000000002	90.95400000000002	0.5350331718583091	17.52742035285537	12.793406676566272	9.285838729058172	9.068661805174683	3.4816745339491764	8.10338281534765	2.2381872386279027	7.1503412822392	1.4394331754380887	5.70129268816972	0.9817569790427823	-1.08	0.0008508563278691523	6.786939289084619	5.366112238903888	2.440304032399045	142.45779503017002	0.19014003813187214	0.886035239936167	28.0	6.0	20.0	6.0	2.0	4.0	3.0	0.7504337680994745	1041.3453022734345	4852.574154404679	5476.728165749113	1.8209738991927313	4.135059640345456	0.10057185734714894	25.78	active
12.90974613160691	12.90974613160691	0.13225001574703965	-0.38594623960695373	0.7452239218242064	10.818181818181818	316.357	303.25300000000004	316.068176876	112.0	1.0	1.6363636363636365	2.272727272727273	2.7828297805759394	1.9991466389437345	905.05913172985	15.689869965382487	11.823045470104288	12.639542051032015	10.541713895658194	6.690871615737328	7.4642682778713025	4.9823067701679085	5.879270180174795	3.3168317927317883	4.242981541721374	2.102017950675829	2.903183278957832	-2.4699999999999998	126585.36105883833	14.466551661352861	5.727845697727556	2.777178286315354	129.4047475578726	11.532486611566675	85.6268407355362	8.523760756051951	58.120010915836524	44.0	22.0	4.0	5.0	6.0	3.766462531565155	3.0	2.556520000000001	84.415	0.4654880406119744	23.49713653540073	11.31363311632846	12.101962846785359	6.375359508919333	3.793949012385568	4.690912422392456	2.349968982141434	3.210062054332129	1.4340312451492947	2.1379188083141893	0.973509385236962	-2.4699999999999998	0.0008719381062624322	5.624189240497252	5.727845697727556	2.777178286315354	147.6693640600541	0.22864705739534977	0.8919746807965818	35.0	5.0	22.0	6.0	4.0	3.0	4.0	0.9533102352405561	1022.979354142505	3990.743171013196	4474.054316709131	1.4642949156539906	3.8723848161465044	0.21836871790797133	44.0	active
11.9021385224774	11.9021385224774	0.14378504591136876	-1.4406163872441982	0.08486630434811851	26.15625	680.5070000000002	644.2190000000003	680.148334062	192.0	0.78125	1.25	1.6875	2.704439170727159	3.330538062166623	2409.59377265203	24.474327015758657	19.638138024946812	23.699030591459547	14.978400587885577	10.567536272093196	19.93276205830722	7.365559768204176	25.762217788741676	5.044775373816551	31.022582549039655	3.282199499063657	25.826011990436445	-0.6397402597402597	4343307.672674451	29.392147231252558	13.920073204852311	8.952119660513176	201.5249142058587	38.2567361096139	0.0	78.82169712128636	0.0	114.43	32.0	9.0	10.0	12.0	12.785651284588525	1.0	1.6064999999999996	120.65400000000007	0.37583556546521213	50.83120784471635	18.708596992156817	24.84607592116471	14.816351707143143	4.355830695184739	16.282736221102876	2.422082539050344	15.061113932059957	1.4276416937622105	10.58434432048113	0.9581481420258142	-0.6397402597402597	0.00033362882033728853	6.370640677207731	13.920073204852311	8.952119660513176	251.66158508131272	0.28627283827230315	0.9095892005821454	68.0	10.0	32.0	12.0	9.0	1.0	17.0	1.3903295884542142	2726.350798059288	8662.572592913604	9523.609765121968	2.771243268391922	3.919873256697412	0.36630600188765566	114.43	active
12.119168556311415	12.119168556311415	0.18532312925170036	-1.8574036281179145	0.615574356254711	19.956521739130434	315.213	308.15700000000004	315.01683508355	120.0	0.9130434782608695	1.5217391304347827	2.130434782608696	2.467837172877658	2.1085344270154884	790.3595551112803	16.886386867018626	11.269053243884757	11.269053243884757	10.790601455632679	6.392854846047661	6.392854846047661	4.98838619262976	4.98838619262976	3.466875736732106	3.466875736732106	2.399781626470582	2.399781626470582	-3.13	126896.18742936917	14.792585950274818	4.95583810291641	2.2486268250553363	128.61796235794833	5.783244946364939	35.392371257240434	16.99373872895395	24.26546827384644	161.82999999999998	23.0	8.0	8.0	8.0	3.187376569262517	3.0	-2.268099999999999	63.820300000000024	0.47637707635317417	17.765986323710905	10.765986323710905	9.245365597551247	5.837117307087384	4.31417937970335	4.31417937970335	2.8684736106742212	2.8684736106742212	1.8664753202103586	1.8664753202103586	0.9748848982926398	-3.13	0.000841567059330533	8.488835147080861	4.95583810291641	2.2486268250553363	138.53942611725023	0.2227093062288809	0.8162573666372301	30.0	8.0	23.0	8.0	8.0	3.0	2.0	0.49260454005900167	969.925518813157	3554.897921540057	4355.118945125506	1.829099681359972	3.753081677783635	0.08999100239876476	161.82999999999998	active
12.509200627781976	12.509200627781976	0.04066184807256201	-2.7464429099829233	0.2586315801966103	11.0	704.676	696.6120000000001	703.84050233582	142.0	1.0689655172413792	1.793103448275862	2.4827586206896552	2.6894383554127983	2.3103772365043014	1330.9838483135127	20.86951453014407	14.492942659351657	23.162665779389943	13.828606258093467	8.331891577769433	15.125412756874061	6.2897586698690215	11.976627298665244	4.639999633548094	9.5747278009139	3.352407786666942	8.047907988300722	-1.7449350649350643	3415973.990497433	20.524719746972544	7.826930649584463	3.4148213446154245	193.0409897139301	51.87064287802198	67.19678757856546	8.983283525541054	60.62169663202127	113.63000000000001	29.0	6.0	6.0	9.0	5.539502002127961	4.0	2.1419999999999995	105.57130000000001	0.26161792470759027	21.912525469988182	22.58224859002647	11.653186160052766	14.324238320608346	5.706871563008864	11.163952568528156	4.087644394920802	8.823254253818261	2.85600676964035	7.2712381545535685	0.9212480826965157	-1.7449350649350643	0.00014340635108471913	12.837945497300687	7.826930649584463	3.4148213446154245	204.36742397339978	0.38897553924121425	0.6808323302560255	37.0	6.0	29.0	9.0	6.0	4.0	4.0	0.7180606654973274	4747.574463099024	8309.782643610579	12205.32908665736	3.464886520362676	4.2337969492955665	0.23605298316724307	113.63000000000001	active
10.552328889551216	10.552328889551216	0.00998713991769562	-1.276630900077177	0.7107378835828181	10.2	306.32399999999996	300.276	305.97799583182007	102.0	0.8	1.2	1.45	2.4564509948053606	1.973886716210255	571.410511446855	14.535169427003234	9.80801854892085	11.441011710776303	9.5585506480638	5.253740387288082	7.403570301549141	3.5118050084588774	5.681691234253354	2.1565197587098575	4.338922282616436	1.18605454569438	2.8992987717549936	-2.0599999999999996	33997.28176810619	14.35123583728531	6.39661329834759	3.7166262787746502	121.21537135780693	33.52640652867714	47.78605840046659	21.906567617798114	46.71107537441107	106.03999999999999	20.0	6.0	8.0	8.0	4.589965300225086	2.0	0.0030000000000000027	68.849	0.5065631132020814	15.343916933783095	10.976910095638548	7.785838729058173	6.935668643319232	3.049100348114121	5.155830343581426	1.7351500496222971	3.7181331746892265	0.9083028775085352	2.364603503708639	0.9786811425726173	-2.0599999999999996	0.0008114246683470819	8.276683581895668	6.39661329834759	3.7166262787746502	129.6451943588138	0.20538554275497606	0.8414023659622433	26.0	8.0	20.0	8.0	6.0	2.0	5.0	0.6561347745851592	1036.944523360656	4248.047665010774	5048.770762787942	2.64713721330845	4.106990870192783	0.10885683412250648	106.03999999999999	active
5.341120559334845	5.341120559334845	0.9208390022675739	0.9208390022675739	0.5731348904238734	10.0	296.5520000000001	276.39200000000005	296.05093264	94.0	0.75	1.0	1.1875	2.2924875731149372	4.041784405967148	200.8589190857419	12.55204176387779	10.355847477601559	13.621833801312464	7.599284072575288	5.5237150319078925	8.490041527096679	3.0430618966044296	6.440025306611316	2.2275241501885508	5.9590137618538765	1.140309120830211	4.199059082202097	0.4799999999999999	2714.3052865680856	16.48	9.503950075898128	5.702690372404801	117.90714002929566	54.66461100998478	0.0	44.6199132564692	0.0	6.48	16.0	2.0	4.0	6.0	9.789068578175073	0.0	3.6212000000000026	86.22000000000004	0.5109452759348505	27.52742035285537	10.793406676566272	13.324804034094267	6.291130529283053	1.8165156937533398	5.213479103760225	0.9966056148307059	4.425596410847611	0.38429997501952834	2.5284135003612582	0.9779870952818942	0.4799999999999999	0.0014166094280903786	3.1371255349410063	9.503950075898128	5.702690372404801	146.00655003265186	0.2086653815612048	0.9856112934938799	36.0	4.0	16.0	6.0	2.0	0.0	8.0	1.1014161015579407	695.7537299624682	3286.3272700573043	3334.3035857550376	1.8634427791190333	3.512229097518347	0.24078914184976355	6.48	active
12.486635487528345	12.486635487528345	0.019809145880574697	-0.10296296296296359	0.6956942950633703	24.181818181818183	284.314	272.21799999999996	284.083729624	104.0	0.5454545454545454	0.8636363636363636	1.1818181818181819	2.5754113333866515	1.914329409699709	808.7283602289386	14.844570503761739	11.744699811203239	11.744699811203239	10.7708569478291	7.455683238934952	7.455683238934952	6.013044777161746	6.013044777161746	5.020560887084134	5.020560887084134	4.22234436536192	4.22234436536192	-2.739999999999999	245797.25765842202	11.869663536573734	3.9182907130955718	1.2566768629224687	127.3343789158652	11.566489892729878	94.08299178828719	11.566489892729878	71.82918582149918	34.14	22.0	2.0	2.0	2.0	2.1140360183148186	6.0	3.282000000000002	82.75000000000003	0.03801262548735647	22.816496580927726	10.816496580927726	12.408248290463863	6.408248290463863	4.908248290463863	4.908248290463863	3.8686862178478973	3.8686862178478973	3.0676551815399145	3.0676551815399145	0.697605178523616	-2.739999999999999	0.0005873207393513173	5.165272203667176	3.9182907130955718	1.2566768629224687	144.1940249178789	0.7164823898024527	0.8250828657397348	34.0	2.0	22.0	2.0	2.0	6.0	0.0	1.3772816847658849	1404.8250137582754	1617.760694068314	1960.7251116745679	0.9199562775563543	2.960362317117665	0.6284458307088766	34.14	active
11.908478258587385	11.908478258587385	0.07530187074829908	-1.32697656840514	0.6511252448279088	25.045454545454547	298.25	288.17	298.04993235964	114.0	1.0	1.7272727272727273	2.5	2.749510308440971	1.9681617222066574	799.7084198980605	15.64589989101247	11.289419956140499	11.289419956140499	10.404502649584101	6.774972374970922	6.774972374970922	5.810971112212285	5.810971112212285	4.434416644929419	4.434416644929419	3.485429897120953	3.485429897120953	-2.6	128968.53052773217	13.090051020408161	3.9826589264777366	1.5248159105422978	125.02131746657594	0.0	40.95582274893743	17.314460170337313	24.26546827384644	121.7	22.0	6.0	6.0	6.0	2.369691297476253	4.0	-1.2075000000000007	66.65980000000003	0.3386978389875483	20.44948974278318	10.449489742783179	10.837117307087384	5.928869016623521	4.655931089239487	4.655931089239487	3.323756356518341	3.323756356518341	2.3847310627737337	2.3847310627737337	0.9507426703959705	-2.6	0.0008783128788109189	6.256729157140678	3.9826589264777366	1.5248159105422978	139.15769272638127	0.30998124893022	0.8269844047690708	32.0	6.0	22.0	6.0	6.0	4.0	1.0	0.885378022223518	941.5601486894536	2511.9440669571245	3037.474530923671	1.1326553740109022	3.2987535420797185	0.34812531403178393	121.7	active
4.796018518518518	4.796018518518518	0.6412037037037042	0.6412037037037042	0.36933407705557747	19.25	146.26	138.196	146.01036483591	46.0	1.375	1.875	2.125	2.1159680315697544	2.34993673877678	96.60179219723159	5.983127663125442	4.592137301173874	6.225130463029327	3.8045304526403108	2.764310620247518	3.5808072011752436	1.9600624596217109	2.9918774979584875	1.3642612195308157	1.8806589990251381	0.8997050632184216	1.2648534348885319	0.10999999999999999	93.1025933890692	6.233304562268803	2.5968670147663526	1.292572442662808	60.46686891269672	29.16719667661866	0.0	22.309956628234602	0.0	3.24	8.0	1.0	2.0	3.0	2.023382876343559	1.0	0.914	40.77000000000002	0.30655101641141475	11.763710176427685	5.396703338283135	5.8290686837138	2.645565264641526	1.074924513543336	2.1067395518801137	0.5804843824600239	0.9456327541301346	0.28694304094875933	0.4695172267838147	0.9391471924479613	0.10999999999999999	0.003174599542662179	1.5796794731749944	2.5968670147663526	1.292572442662808	71.70663291403922	0.3435149937296944	0.716529202089312	16.0	2.0	8.0	3.0	1.0	1.0	0.0	0.5944423548925695	225.70695688075344	470.7964096817035	657.0512524945507	0.512777189723954	2.1510975728696344	0.37870318404258685	3.24	active
12.022363000755858	12.022363000755858	0.3681934996220708	-1.2842370559334844	0.49170020600639636	10.956521739130435	312.1890000000001	308.15700000000004	311.99390856746004	118.0	0.7391304347826086	1.3478260869565217	1.9565217391304348	2.467837172877658	2.3951104010988047	979.5051144391242	16.886386867018626	11.075387400469408	11.075387400469408	10.79060145563268	6.146518383845888	6.146518383845888	4.6856227315015015	4.6856227315015015	3.1740097317892584	3.1740097317892584	2.140849238026816	2.140849238026816	-3.5500000000000003	126896.18742936917	14.389899261577582	4.7337877405886815	2.1268683683347867	126.90190329452508	10.969244356107037	34.4887958498188	0.0	33.47715639497161	168.57	23.0	8.0	8.0	8.0	2.961683857076612	3.0	-2.0984	64.59600000000002	0.5217016793966632	14.765986323710905	10.765986323710905	7.837117307087384	5.837117307087384	4.31417937970335	4.31417937970335	2.8684736106742217	2.8684736106742217	1.8664753202103586	1.8664753202103586	0.979988094871178	-3.5500000000000003	0.0008963405441356957	10.22202110536859	4.7337877405886815	2.1268683683347867	132.5217852951963	0.19905610744400482	0.8009438925862808	27.0	8.0	23.0	8.0	8.0	3.0	1.0	1.2811950110138115e-05	893.5709734725857	3595.469754659872	4489.040727996504	2.1038642692448954	3.791996907963099	5.3592265198172546e-11	168.57	active
12.379915154256786	12.379915154256786	0.18422979797979733	-0.9583944719132445	0.7040108922550186	14.68	401.63700000000017	390.54900000000015	399.99077041182005	132.0	0.92	1.52	2.08	2.576257887296062	1.7221302459955798	880.8493169262302	18.137463722575184	12.707970604734172	14.975757442789538	11.846244348298503	7.26792180334574	8.401815222373422	5.376643701707991	6.56900842819843	3.801854064440639	4.998700652845808	2.5678255444946774	3.1524787425524083	-1.959999999999999	391385.09823801776	17.849950086251773	7.111498211028646	3.8353148950950535	156.66070502709087	46.39738567473262	59.799013802856386	36.98611508385228	27.788175573528473	85.88999999999999	25.0	7.0	4.0	10.0	5.077595524213205	3.0	1.2440000000000002	95.21050000000002	0.4950097111843331	22.647492672419105	13.91527951047447	11.665387122709426	7.299280541737109	4.248680406165695	5.3825738251933775	2.6481626651789263	3.786537946121339	1.5981982905963243	2.1090442136832395	0.9758830133940968	-1.959999999999999	0.0006161041287915078	8.616603133033834	7.111498211028646	3.8353148950950535	172.11538052893678	0.21829416888423123	0.9906470714729533	36.0	4.0	25.0	10.0	7.0	3.0	2.0	1.010277863140973	1607.921494400815	7296.954965532504	7365.847208010169	2.4510783106285574	4.500612060008723	0.31614437068983237	85.88999999999999	active
12.397362353522166	12.397362353522166	0.16678259871441647	-0.9459026901906935	0.7685872751314005	14.68	381.21900000000016	367.1070000000001	380.04539282782	132.0	1.0	1.6	2.16	2.576257887296062	1.7221302459955796	878.2075633625215	18.13746372257519	13.330006131724945	14.841864023761856	11.846244348298505	7.578939566841126	8.33486851285958	5.687661465203373	6.502061718684585	4.0989739189934955	4.884138518743328	2.6576086392330858	3.13315289217282	-2.25	391385.09823801776	17.569100091827366	6.933951131472997	3.7208889558948495	152.72238091460582	34.7964457845001	60.33983198081206	36.98611508385228	27.788175573528473	85.89000000000001	25.0	7.0	4.0	9.0	4.872931258427548	3.0	0.8990199999999995	94.93750000000001	0.5037276737644562	25.769528199409876	13.281386091446786	13.226404886204811	6.982333832223268	4.309698169661082	5.065627115679534	2.701734093750352	3.2686808032641914	1.6134527314701692	2.029807536304776	0.9784070891948258	-2.25	0.000628084701369749	7.167315296566077	6.933951131472997	3.7208889558948495	172.39196791695517	0.20668712541740034	0.8680143532131623	39.0	4.0	25.0	9.0	7.0	3.0	3.0	0.7608260495518195	1382.002063288863	5803.930093286535	6686.444840228623	1.987912560409923	4.265531707785712	0.18771962131223507	85.89000000000001	active
13.355271557697153	13.355271557697153	0.11386017678676397	-0.4460015117157978	0.47532557082457577	11.838709677419354	414.4850000000002	390.2930000000002	414.18231520790994	158.0	1.0	1.8709677419354838	2.6451612903225805	2.7848810483915845	1.860765541739211	1209.7297196316076	21.794317972067567	17.754482073853566	17.754482073853566	15.100886748174158	10.149457433334534	10.149457433334534	7.1981270600150005	7.1981270600150005	5.098155845014673	5.098155845014673	3.6060188290528754	3.6060188290528754	-3.7999999999999994	12931634.136541	20.471874040612253	8.915277777777776	4.233884835708214	181.06244899205413	16.720787709916088	83.68134523447164	23.684636547684867	66.99099075938064	79.33	31.0	6.0	6.0	6.0	5.887498183991489	4.0	4.620620000000003	119.79170000000003	0.1453209279758506	39.066385657891466	15.066385657891464	20.05947510815949	8.112261512659533	5.498396041168576	5.498396041168576	3.674314938133624	3.674314938133624	2.405269326716469	2.405269326716469	0.8641137603435969	-3.7999999999999994	0.0002297886408316264	6.35583938127204	8.915277777777776	4.233884835708214	214.8397976283199	0.5032965419957192	0.7535284267586418	55.0	6.0	31.0	6.0	6.0	4.0	10.0	1.5102812830008916	3279.2240035519276	4909.607553804087	6515.490828823972	1.8278733417735313	4.211658030180708	0.4553914344056099	79.33	active
10.91254582388511	10.91254582388511	0.2258427815570676	-0.45008975812547214	0.4495209813517867	15.307692307692308	183.163	174.09099999999998	183.053157768	70.0	1.3846153846153846	1.9230769230769231	2.3846153846153846	2.430324264921501	2.419819378137984	263.86861405323344	9.844934982691242	7.149120858107758	7.149120858107758	6.147065707741407	3.8399568513421163	3.8399568513421163	2.4368387048952997	2.4368387048952997	1.5438594034410462	1.5438594034410462	0.7969760449555991	0.7969760449555991	-1.6499999999999997	950.2567875843068	9.438105726872248	3.840137826396036	2.1430937196059068	74.95635684273387	17.78366474665486	12.152040213667762	29.41439122500482	12.152040213667762	63.68	13.0	5.0	4.0	5.0	2.787971293175936	1.0	-0.17790000000000017	42.243000000000016	0.3785459916442343	15.080206757355409	6.08020675735541	7.441441119409594	2.941441119409595	1.801521969540693	1.801521969540693	1.0142368700428968	1.0142368700428968	0.5064905143488725	0.5064905143488725	0.9593907380163482	-1.6499999999999997	0.0024412422482495938	2.935943772675959	3.840137826396036	2.1430937196059068	87.60109134424415	0.28208050589937417	0.8361095813141423	22.0	4.0	13.0	5.0	5.0	1.0	4.0	0.7780760264144615	342.4934915466276	1015.17858849141	1214.169304095067	0.8672637490480644	2.6496482171410727	0.2740287919033352	63.68	active
11.12324074074074	11.12324074074074	0.1559111111111109	-0.1559111111111109	0.5248027379463859	10.090909090909092	485.7840000000001	484.77600000000007	485.71217043181997	60.0	0.9090909090909091	1.2727272727272727	1.6363636363636365	1.9718983443825908	3.4555464838177836	272.11913671997195	8.593858127134677	5.027740269145033	11.500235142674	5.036581260209188	2.5525452691673296	5.788792705931813	1.8124433556013022	5.215573865964432	1.0859828689932385	3.668343113226243	0.5551503362914468	3.926347012437016	1.01	256.3467847697368	10.093263946711074	3.8128247726464455	2.0248124201865747	104.8053849870199	67.77261188120417	16.776913881657798	0.0	6.06636706846161	46.12	11.0	2.0	2.0	5.0	3.4985315284435647	1.0	1.6476	63.485	0.25042638235045633	5.950389999955408	11.422884873484374	2.975194999977704	5.711442436742187	1.7251949999777036	4.961442436742187	1.0169008499509438	3.515819557384625	0.5057035118991878	3.6719082282331654	0.8727998592654078	1.01	0.00020979412208995858	8.601279338721884	3.8128247726464455	2.0248124201865747	106.21035548718771	0.4880782782159891	0.5119217217846126	12.0	2.0	11.0	5.0	2.0	1.0	0.0	1.589157464546946e-06	2440.11470238	2559.3184035154545	4999.433105892446	2.981379176284621	3.2080326343436325	1.9185105771899946e-12	46.12	active
12.090911753590325	12.090911753590325	0.08773910426327403	-0.5645984767363739	0.4901700998395578	12.96	378.3710000000002	370.3070000000002	377.99723393590995	128.0	1.32	2.12	2.88	3.218986559411766	1.6963870035257251	1010.4060453512484	17.388540578131753	12.317420649878432	13.950413811733885	12.114193540729628	6.921523137787672	8.554516299643122	4.75209799784198	6.9755861445433025	3.2184445102245007	5.188920580121214	2.1746414285585915	3.9033528955511794	-2.86	913522.6336685838	15.655142884809266	6.216416673118843	2.9611976937556217	147.12123560307697	28.09975280401372	44.99454362803878	32.786834954883105	38.68657412356398	123.48000000000002	25.0	10.0	10.0	12.0	3.8927556499674454	4.0	1.4767999999999997	87.03540000000001	0.27000278903506825	19.59380601074683	13.226799172602284	10.191120060757328	7.82411322261278	4.146562758616616	6.338472790154351	2.6789575889823936	4.591278114033056	1.7033484439036348	3.3427267569366332	0.9275425025227771	-2.86	0.0003307178149902328	9.009124203421486	6.216416673118843	2.9611976937556217	158.36099960441945	0.37371768223323854	0.7171276503031689	33.0	10.0	25.0	12.0	10.0	4.0	4.0	0.563705082971079	2168.3974004374336	4160.942354685547	5802.233888104147	2.2401787963339133	4.003913165804498	0.10458990195391447	123.48000000000002	active
13.57819227499693	13.57819227499693	0.07382726720930166	-0.09499128663811174	0.3216282800842715	11.0	467.96000000000015	445.78400000000033	467.151288004	168.0	0.9705882352941176	1.7941176470588236	2.5588235294117645	3.2524780798998525	1.4774351511947208	1427.1768779457313	23.49298858481683	18.59674834119037	19.35267728720882	16.56368328351281	10.918278883111723	11.29624335612095	8.141093343018028	8.57752912349001	5.62276074051865	5.840978630754641	4.024307950794475	4.3365567285632585	-4.0299999999999985	86427293.40261497	21.79679499799344	9.45090113140997	4.674782301103835	201.98372371139808	34.2289073295001	107.40599533036243	25.885028089399803	91.2564590332271	63.910000000000004	34.0	6.0	5.0	7.0	6.0588045443425695	5.0	5.688520000000005	134.5799999999999	0.24160673440199504	38.52228074097288	17.27820968699134	20.081960763736376	9.459925236745606	6.185628503137931	6.5635929761471585	3.9947266227784586	4.1837088592830725	2.58342546416167	2.7724077006662835	0.9176356628144466	-4.0299999999999985	0.0001784686378896228	8.029215596655208	9.45090113140997	4.674782301103835	232.89307471509	0.3974226847213068	0.7296401645576477	56.0	5.0	34.0	7.0	6.0	5.0	7.0	1.3134192026836014	4088.3382827682417	7505.902234791138	10287.12864147449	2.2318624343165667	4.835238298490602	0.2841370018856118	63.910000000000004	active
12.54390447845805	12.54390447845805	0.07512117346938796	-0.1707038926681781	0.7840161901116731	11.818181818181818	323.4020000000001	314.33000000000004	323.0187039080001	106.0	1.1363636363636365	1.9090909090909092	2.6818181818181817	2.565066597954981	2.127053896996602	836.0150549844284	15.526733258565956	11.314944323405394	12.947937485260846	10.740713402868021	6.39214323576792	8.194238376349134	4.473205015851135	6.316906427362643	3.1646093375651567	4.8152653036414055	2.2516587048746164	3.6070776291273408	-2.409999999999999	138010.8432363698	14.524056539393355	6.146842915310221	2.547914635642421	135.89516981353327	40.80572217750086	48.02802097092827	11.660033336098294	52.25553643026682	67.89	22.0	4.0	5.0	6.0	4.058049729124324	3.0	3.901860000000002	86.93900000000001	0.24019156728204524	19.566385657891466	12.199378819746915	10.138654714909553	7.271647876765005	3.755301356637687	5.366744559096263	2.544234463191012	3.9112748217381474	1.726893919923767	2.837368486873866	0.8747116621367277	-2.409999999999999	0.0002681591072820894	7.2349288008172286	6.146842915310221	2.547914635642421	148.53990431504357	0.48464369192428697	0.5308304495130372	31.0	5.0	22.0	6.0	4.0	3.0	2.0	0.3014082721763515	1979.5354142294009	2168.186012264303	4084.517032233759	2.0214532200944206	3.567570979098242	0.05440621297615898	67.89	active
4.854020009238263	4.854020009238263	0.5541028911564629	0.5541028911564629	0.7676419196227249	9.846153846153847	208.29100000000003	202.243	208.00086277191	66.0	1.1538461538461537	1.9230769230769231	2.5384615384615383	2.5306838840251213	2.1524843861676635	385.2974796036626	9.096011838247808	6.597675117875772	8.230668279731225	6.343336592900531	3.6702696337187124	4.895014505110302	2.364147559977277	3.9867850746129725	1.4315186544228602	2.396499293101498	0.9052404850900404	1.680453037499516	-1.2	1629.760421312178	8.4005859375	3.6750000000000007	2.1333333333333337	85.24153897328	34.784519780470625	30.33183534230805	10.197363616602075	34.6714910229816	37.81	13.0	3.0	5.0	5.0	2.374781024639424	2.0	2.1875	55.26470000000002	0.6026361534578594	12.1581373674276	7.791130529283052	6.154013222195669	4.431544498087299	1.9359539742443783	3.537041529483198	1.090043496940856	2.033474176222618	0.6426447794004798	1.3634916191014472	0.9873706846599403	-1.2	0.003346265854294666	3.894160253508375	3.6750000000000007	2.1333333333333337	93.72941860652521	0.15842705284818187	0.9594744367778	19.0	5.0	13.0	5.0	3.0	2.0	2.0	0.6535026382152674	286.72988894363874	1736.508972146269	1809.854338566832	1.1008491485879448	3.033363377835137	0.18828880806702664	37.81	active
9.92201388888889	9.92201388888889	0.7256944444444446	-1.770833333333333	0.2738439535871248	11.444444444444445	199.988	193.94	198.948019772	54.0	1.5555555555555556	1.8888888888888888	1.8888888888888888	1.8592676371396213	4.090340515801205	112.38037532843026	7.491563831562722	4.450315402809922	6.036311941924627	4.064696016533707	2.1172997191449263	2.910297988702279	1.4913419845040001	2.967450499604391	0.8117564606021243	1.602854629942886	0.16547005383792512	0.16547005383792512	-0.20000000000000012	74.37070548558485	8.800000000000002	3.0921810699588486	1.8844584889399605	59.57812608915594	15.929943897949348	10.114318268765572	32.798323044043684	0.0	83.60000000000001	9.0	5.0	4.0	6.0	3.0234659350708752	0.0	-0.6611	32.82399999999999	0.0496232613089312	9.958171230364638	5.544167769479341	4.502482277316293	2.4789839659459183	1.0833383900444242	2.2309762669557642	0.5220815822838302	1.1353837970375036	0.09536893258332635	0.09536893258332635	0.7372428056044248	-0.20000000000000012	0.002327520796746047	2.811342155009452	3.0921810699588486	1.8844584889399605	68.1812896064173	0.675627889880603	0.8905879974274988	15.0	4.0	9.0	6.0	5.0	0.0	5.0	0.6052535837463597	382.63374431393737	504.3738205611314	566.3379946934347	0.9659087769886159	1.9061956651498524	0.5146241014131604	83.60000000000001	active
8.460795776643991	8.460795776643991	0.20494425547997008	0.20494425547997008	0.5749614240811024	9.0	223.28599999999997	218.246	222.99863716	70.0	1.0714285714285714	1.5	1.8571428571428572	2.1359180465482255	3.155880995267157	393.68189923814816	10.55204176387779	6.890188174996479	8.52318133685193	6.685070510202192	3.3656243103068944	4.998617472162347	2.141821659553597	3.7948711329424656	1.319196171630519	2.5955754697191087	0.7687537653704356	1.694027779785114	-1.57	1305.0459264409658	10.510450522928398	4.606167432687189	2.222137664778961	89.09209613693005	35.15949545445228	6.06636706846161	4.9839785209472085	15.85733401949716	112.50999999999999	14.0	5.0	7.0	7.0	3.4580639215416302	1.0	1.3923600000000003	56.00179999999999	0.2604539184541162	11.552564558427516	8.185557720282969	5.446991749427434	4.791130529283053	1.928963615905798	3.5188568589674976	1.1404576932254493	2.300552686426409	0.6503797660493481	1.4776060425355841	0.9228983908342996	-1.57	0.0009857759375599437	5.345259760458109	4.606167432687189	2.222137664778961	96.34917516672249	0.3850435822026651	0.7023972285764343	19.0	7.0	14.0	7.0	5.0	1.0	4.0	0.5200982640533539	712.5323329711754	1299.8028251426094	1850.5238521184824	1.7586543877053908	2.9410925015808713	0.1502299335045336	112.50999999999999	active
13.14885723733938	13.14885723733938	0.057759275006298516	-0.5033829393687246	0.5467831356160404	10.857142857142858	391.4560000000001	374.32000000000016	391.1102957840001	140.0	1.0714285714285714	1.8571428571428572	2.5714285714285716	3.3629756252922434	1.6366989666782181	1119.186905590597	19.50986092169139	14.85601604604003	15.672512626967757	13.614193540729628	8.61171852682835	9.554527568410414	6.258412842786742	7.038446157134075	4.390601115700043	5.122650913094247	2.941891877190079	3.601714666829139	-3.519999999999999	4271530.572123697	17.87204057893633	7.612659733578054	3.6264530879647157	164.54549136497383	39.87193304655383	76.48433214048032	26.8082292978041	65.35742915708633	94.11000000000001	28.0	7.0	6.0	8.0	4.859062988290772	4.0	2.825100000000001	107.9969	0.1962833122933599	30.46081284889138	14.277309429819105	15.676171356177496	8.098240746105306	4.8975748522647296	5.509947287960522	3.1522476603695475	3.6625580234493755	1.9519898344934359	2.3548506351080802	0.9000592634968697	-3.519999999999999	0.0003737127954764893	6.821471067750115	7.612659733578054	3.6264530879647157	188.54610313230333	0.4357675093366557	0.8536549867017856	45.0	6.0	28.0	8.0	7.0	4.0	6.0	1.3291151925639615	2284.254103778713	4474.782687568971	5241.910089294873	1.854626361472464	3.915175928524661	0.4826293399502742	94.11000000000001	active
13.455495725553597	13.455495725553597	0.036770633938083996	-2.9542622099803815	0.44687620867262495	15.45945945945946	551.3770000000002	529.2010000000002	550.098616984	194.0	1.0810810810810811	1.837837837837838	2.5135135135135136	2.8995132841346902	1.591295174099809	1279.8014490242936	26.52636877963644	19.536015414227393	21.047873306264304	17.761259248471035	11.112349052400413	11.868277998418868	8.02686254248442	8.84126279596563	5.783474608788917	6.522503887526933	4.000451548842534	4.29278326155357	-3.629999999999999	175741924.1445091	26.433520235347327	11.614662351493571	6.204244355213314	221.23621271694705	46.39101178853517	76.53334181009869	61.09566038511001	60.92462369091903	84.0	37.0	8.0	6.0	12.0	8.297740872836002	4.0	4.968100000000004	135.9921999999999	0.46250055960948105	39.43370543589219	18.945563327929108	20.163955390409793	9.97267074092829	6.200638537537451	6.956567483555905	3.9731492007306266	4.636827959454138	2.4654500732836824	2.6966900225247232	0.9732133392867688	-3.629999999999999	0.00023379607617244548	10.26271382582428	11.614662351493571	6.204244355213314	252.20362035287724	0.22990388477426119	0.8413323286722614	59.0	6.0	37.0	12.0	8.0	4.0	8.0	0.9475119164247918	3598.5733483897466	13168.964491711085	15652.51214403413	3.2215663755933464	5.422099951777651	0.13540254250656011	84.0	active
12.905093571685384	12.905093571685384	0.042388142661411	-4.407307614990695	0.8197041783167737	18.48148148148148	380.3420000000002	363.20600000000013	380.11151626390995	144.0	0.9629629629629629	1.5925925925925926	2.2222222222222223	3.097611874332521	1.758413030834995	816.9398550998941	19.01829709012867	14.291085966643212	14.291085966643212	12.931671556017465	8.528092117984519	8.528092117984519	6.413940705613446	6.413940705613446	4.764169544025195	4.764169544025195	3.4298673216069635	3.4298673216069635	-2.4500000000000006	1890633.602722603	17.93866472771829	6.93652486891093	3.544192758609795	153.42273913897756	0.0	53.08855688586065	37.996128777801296	36.39820241076966	53.99000000000001	27.0	5.0	5.0	8.0	4.608592370328639	4.0	2.9293000000000013	87.69000000000004	0.23309004712652143	29.71410017638309	12.714100176383091	15.416636119387299	6.916636119387299	4.8613989932765165	4.8613989932765165	3.208984312928163	3.208984312928163	2.087521937871394	2.087521937871394	0.9147036621769333	-2.4500000000000006	0.00032445642605974487	6.860217778231248	6.93652486891093	3.544192758609795	177.3072376418303	0.4041252409836664	0.7391114806171774	44.0	5.0	27.0	8.0	5.0	4.0	3.0	0.9303693182266368	2277.999204987478	4166.271231029338	5636.864451828556	1.7624470824017013	3.9852147210470923	0.2564259831931498	53.99000000000001	active
12.29065381708239	12.29065381708239	0.014920687410766575	-0.014920687410766575	0.49203915114511826	11.166666666666666	348.44800000000004	336.35200000000015	348.02896878382	118.0	0.5	0.9166666666666666	1.375	2.6203958292497194	1.7656677835002488	958.8233342877128	16.518297090128677	12.561196392130965	14.194189553986417	11.737183443017884	7.459230991019562	9.609060905280623	5.394584061318212	7.544413975579271	3.8952820194467526	6.404144018803044	2.7012621002168684	5.2510957734837	-2.2999999999999994	494966.5681869795	15.240756281860056	6.3032766047595485	2.679992141576119	147.08647603050355	43.13269281063263	72.79640482153933	0.0	82.5873717725749	46.12	24.0	2.0	4.0	4.0	4.002779271262109	4.0	4.939600000000003	98.50200000000002	0.17802844928051198	23.632993161855453	13.265986323710905	12.483163247594392	8.632993161855453	4.483163247594393	6.6329931618554525	3.051977029746496	5.497682798775622	1.9745712783612017	4.3216517624676385	0.8853002012612651	-2.2999999999999994	0.0004650597535037504	6.9034835806933	6.3032766047595485	2.679992141576119	163.9461220325173	0.4650199497298623	0.7310973287101588	36.0	4.0	24.0	4.0	2.0	4.0	3.0	1.0294127960309254	1572.050307948789	2471.553707334496	3380.6083133896054	1.8131069393969064	3.263932780955544	0.3367409057092389	46.12	active
11.397787863264158	11.397787863264158	0.1011221865289329	-1.0536699351198042	0.5560148004649582	10.875	407.2210000000001	398.1490000000001	405.94122338755	126.0	0.9583333333333334	1.5416666666666667	2.125	2.5291798671794172	2.0093568660667103	776.1004485989677	17.85300667219902	11.998662612116709	14.40115573215914	11.273764703227071	6.590918568364214	7.792165128385429	4.802340951822856	6.096504256624825	3.0063238354987725	3.875782709815189	1.8374170341720446	2.4373544441547	-2.45	166076.06679846926	17.896900949356198	7.413159832091007	4.300724410682122	151.0060215483975	39.212339549568114	45.941110879906724	4.988502101738191	34.814207896512734	127.33	24.0	6.0	6.0	8.0	5.528024468194949	2.0	-0.05250000000000021	86.2857	0.6314092787690027	20.274667811292364	13.677160931334793	10.308154298896119	7.062187263417376	3.9883623248227336	5.168058925447072	2.332060398776879	3.083778793032844	1.3116845661843188	1.7866685470069703	0.9896299574079734	-2.45	0.0006636329165414709	9.142652218574899	7.413159832091007	4.300724410682122	163.70881268214612	0.14364034043642704	0.936762897408623	33.0	6.0	24.0	8.0	6.0	2.0	4.0	0.9233885563332335	1411.567862381769	9205.661840093406	9827.099115004581	2.823997591063215	5.010214826398946	0.20988421939062818	127.33	active
12.255851993575208	12.255851993575208	0.33273337112622814	-0.39910454459561584	0.7264647655468736	20.35	265.31199999999995	250.19199999999992	265.11137587982	102.0	1.1	1.95	2.8	2.4631265003213434	2.0538502232888645	708.3764589458864	13.853006672199017	11.349132135125084	11.349132135125084	9.664703797946451	6.9886192863522965	6.9886192863522965	5.755848317102712	5.755848317102712	4.686016459724503	4.686016459724503	3.6514851248438873	3.6514851248438873	-2.0	59831.80581930575	11.795918367346939	3.9963269054178143	1.44	117.64984676508098	0.0	47.02218981739904	18.492338119440245	30.33183534230805	49.36	20.0	3.0	3.0	3.0	2.3570172972770376	4.0	1.5858999999999999	73.54900000000004	0.3417992053007214	24.763710176427686	9.763710176427685	13.0790686837138	5.579068683713801	4.2040686837138	4.2040686837138	3.1058388425815284	3.1058388425815284	2.238489440169384	2.238489440169384	0.9482837814522719	-2.0	0.0009015516963287094	4.013888888888889	3.9963269054178143	1.44	138.72440426759812	0.31742380161950684	0.7134317489394449	35.0	3.0	20.0	3.0	3.0	4.0	1.0	0.4520714433185738	791.3375925581142	1778.5854739935505	2493.0001736501276	0.8020406081012142	3.0889240278386816	0.11021757454349906	49.36	active
13.967110852477916	13.967110852477916	0.16588444180345308	-0.9509325921726719	0.27892088788174935	15.394736842105264	507.63400000000036	474.3700000000004	507.252191916	194.0	0.8947368421052632	1.631578947368421	2.289473684210526	3.5223558362317995	1.5290188248398597	1315.6593066158962	26.321415709563013	21.624361082927138	21.624361082927138	18.614193540729627	13.338517028610822	13.338517028610822	9.908777194065829	9.908777194065829	7.363633339435361	7.363633339435361	5.318341274014773	5.318341274014773	-4.189999999999999	791267425.3896759	25.459172098329034	11.904227927673604	5.6959347245289695	223.2579351414448	17.501745733386574	119.97022392283162	16.79833797965022	101.93677296591953	75.44	38.0	6.0	4.0	6.0	7.975573355483608	5.0	6.987800000000007	147.76319999999976	0.1287461858836983	51.566385657891466	18.566385657891466	26.57895776067754	10.131744165177581	6.7219976046556935	6.7219976046556935	4.443045838491229	4.443045838491229	2.851144791554856	2.851144791554856	0.8542174354575567	-4.189999999999999	0.00017483667603730873	7.258860374737332	11.904227927673604	5.6959347245289695	269.68001827922114	0.5199159287426334	0.8339077962229257	71.0	4.0	38.0	6.0	6.0	5.0	9.0	1.5904318405822053	4769.638814484077	7650.157982627687	9173.865524795498	2.273977063053459	4.611824836683696	0.425977846020741	75.44	active
12.495399659863946	12.495399659863946	0.11255385487528358	-0.12702160493827153	0.7486348621452906	12.285714285714286	332.83700000000005	323.765	331.98448258800005	104.0	1.2380952380952381	2.0	2.8095238095238093	2.5003156231380763	2.1083047088971822	757.579104086494	14.819626477379408	10.745695200914662	13.13461730878857	10.202708600407236	6.107518674522554	8.287578288112996	4.290944372617325	6.571081564600819	2.9975563271034087	4.883309395967397	2.15526190184246	3.67702438113648	-1.609999999999999	78719.9370788792	14.332425678985148	6.021705238935628	2.7492409445069685	135.44091424454962	52.40666206773338	47.487202792972596	11.660033336098294	52.25553643026682	44.1	21.0	3.0	4.0	6.0	4.109792514180971	3.0	4.683580000000002	87.23400000000002	0.3110729248639707	18.997136535400735	12.38605864327464	9.854030153664187	7.364987788528867	3.582480194267311	5.571887869735115	2.40192218256833	3.957944777620079	1.6489157862618915	2.896139184200722	0.9404911323470906	-1.609999999999999	0.0005312160662462208	7.100351803650277	6.021705238935628	2.7492409445069685	148.0856487460599	0.3398182307888842	0.7174390555129381	30.0	4.0	21.0	6.0	3.0	3.0	2.0	0.5551813965799208	1350.5597836726613	2851.3606623237333	3974.3594113163144	2.0360107454441385	3.504669562067423	0.11089322291585145	44.1	active
13.472856390643189	13.472856390643189	0.05442888285556036	-0.12522560258671334	0.36891495448126593	10.93939393939394	454.92100000000016	435.7690000000003	454.13088690800004	162.0	0.9090909090909091	1.7575757575757576	2.5454545454545454	3.2589220855950045	1.4633838269824682	1401.6555751548603	22.622745096813752	17.543961936690327	18.29989088270878	16.169836433395457	10.35732639341642	10.735290866425649	7.515671360814072	7.952107141286057	5.282360220980467	5.489059173393317	3.663304503777012	3.85979387457483	-4.099999999999999	62436775.73973072	20.78329745660148	9.17831751992399	4.583550441931717	194.83842957794798	34.22890732950011	102.10349684496836	30.86900661034701	91.51741203953003	76.80000000000001	33.0	7.0	6.0	8.0	5.780475853567184	5.0	4.775100000000005	127.63799999999999	0.21721604208619286	34.969494336472835	16.725423282491292	18.279174359236336	9.157138832245563	5.896038699762898	6.274003172772126	3.8317472735762044	4.010753817301363	2.4408130099974663	2.5775618409861987	0.8984250514394844	-4.099999999999999	0.00014803774820541918	8.351635537438607	9.17831751992399	4.583550441931717	221.53286908113645	0.4391268916224102	0.6605776585462867	52.0	6.0	33.0	8.0	7.0	5.0	6.0	1.0753121074189615	4462.224443117442	6712.5148351814105	10161.583196672802	2.3228473567664416	4.8425798757887275	0.19582884482604568	76.80000000000001	active
12.641181185437137	12.641181185437137	0.2124673511379862	0.2124673511379862	0.5458796961954645	11.36	331.45900000000006	306.25900000000007	331.19361442	128.0	0.88	1.56	2.28	2.6468299376007836	1.6569979341435304	838.8504218676703	17.648053602125596	14.982335728988604	14.982335728988604	12.131030293135234	8.932653630003738	8.932653630003738	6.784928610934197	6.784928610934197	4.6563057721127405	4.6563057721127405	3.0900130570007724	3.0900130570007724	-2.449999999999999	578522.9131212785	17.37553166777971	8.085108974971181	4.54926953981008	149.64611242831958	16.55569337529453	83.92330780493333	23.269751912275954	72.79640482153933	20.310000000000002	25.0	2.0	2.0	2.0	5.619322681282468	3.0	5.323200000000005	104.88350000000004	0.7166764256395195	37.35546188596382	12.355461885963821	19.12494453848187	6.624944538481869	4.361747937356858	4.361747937356858	2.7055118027363907	2.7055118027363907	1.621414705599828	1.621414705599828	0.9943511815975903	-2.449999999999999	0.0013685813549039255	4.265341198943875	8.085108974971181	4.54926953981008	184.77037493251484	0.10614013216251417	0.9604092296694494	50.0	2.0	25.0	2.0	2.0	3.0	9.0	0.9068348975262801	701.7553075877395	6349.834512593694	6611.592554956141	1.3794299363558185	4.539897283550409	0.1766061569349508	20.310000000000002	active
14.326106693086414	14.326106693086414	0.023229721269135473	-2.260281980867525	0.08161708098879662	26.444444444444443	747.7340000000003	708.4220000000001	747.25300804773	288.0	1.0740740740740742	1.7777777777777777	2.4444444444444446	3.4565743929665005	1.29042876534623	1931.4007204366894	39.05938449552652	29.480578469403184	29.480578469403184	25.69863406506691	17.455976670953763	17.455976670953763	13.710330744408674	13.710330744408674	10.242994350255138	10.242994350255138	7.383498460123955	7.383498460123955	-5.040000000000001	626225170651.6927	38.677275680143055	15.367310420888087	7.009486719468301	308.5335825458137	34.9997140835551	69.15764176634495	105.62149305559419	35.45254894479232	275.57	54.0	17.0	15.0	17.0	11.006772252055995	6.0	-0.09009999999999796	182.43879999999967	0.04778303630586818	64.59608215803004	25.59608215803005	32.92679917260228	13.807627110210777	10.01977003295783	10.01977003295783	6.923756971317935	6.923756971317935	4.660487204419208	4.660487204419208	0.729781078712529	-5.040000000000001	7.07506370352453e-05	13.031893672551037	15.367310420888087	7.009486719468301	363.70355609121776	0.6836809030192211	0.8265920065534808	93.0	15.0	54.0	17.0	17.0	6.0	18.0	2.1392696743144115	11683.174048902256	14125.32986858076	17088.63593718632	3.7086139895944275	5.35581548005066	0.6311881477739657	275.57	active
12.358159891188391	12.358159891188391	0.15265172771485847	-0.9361200723078424	0.7230430312406163	14.75	411.64300000000014	399.5470000000001	409.97922718382	126.0	1.0833333333333333	1.7916666666666667	2.4166666666666665	2.5583121838100777	1.6987736173065358	858.523281962467	17.26722023457211	12.407356400914571	14.749281886047731	11.435560745775545	7.162272900174459	8.33323564274104	5.251657231239304	6.513194257154431	3.736459504148617	4.968945364105931	2.5248534482028178	2.946262428878507	-2.059999999999999	266964.99300494924	16.785786144559395	6.819949895298476	3.5417586817531923	149.92172017896888	39.12544979221693	60.292833759667765	36.98611508385228	38.327262157822496	85.88999999999999	24.0	7.0	4.0	9.0	4.769925852462102	3.0	0.6997000000000005	92.89050000000002	0.378778123391385	23.269528199409876	13.611453684543037	11.976404886204813	7.147367628771392	4.059698169661082	5.230660912227661	2.5179572612123335	3.624454963499905	1.5119667322448151	1.8469651306228856	0.9594393673292496	-2.059999999999999	0.0004751475033178646	7.447899922241022	6.819949895298476	3.5417586817531923	166.7813661809826	0.28191505887208207	0.8462814057845582	36.0	4.0	24.0	9.0	7.0	3.0	2.0	0.9802827684936144	1781.091976439182	5346.663735109242	6317.831986574885	2.116429345620049	4.041238946160153	0.34768975219778775	85.88999999999999	active
12.346911039030449	12.346911039030449	0.1639005798728015	-0.944173984207908	0.7725355036252199	14.75	367.1920000000001	355.09600000000006	366.02974276382	126.0	0.9583333333333334	1.6666666666666667	2.2916666666666665	2.5583121838100777	1.6987736173065358	856.523281962467	17.26722023457211	12.407356400914571	13.919214292951482	11.435560745775545	7.162272900174459	7.918201846192915	5.251657231239304	6.066057484720516	3.736459504148617	4.475488782886633	2.5248534482028178	2.8171851609138563	-2.249999999999999	266964.99300494924	16.60229916897507	6.7025904456291086	3.467237289722543	146.3574388002092	34.7964457845001	60.84274755757667	36.98611508385228	33.854542641990086	85.88999999999999	24.0	7.0	4.0	9.0	4.636600491060349	3.0	0.5906000000000003	90.20050000000002	0.42808668938995165	23.269528199409876	12.781386091446787	11.976404886204813	6.732333832223268	4.059698169661082	4.815627115679536	2.5179572612123335	3.1816360199358464	1.5119667322448151	1.7432066814858544	0.967947205446038	-2.249999999999999	0.0006063441950814255	7.327289843024109	6.7025904456291086	3.467237289722543	163.21708480222293	0.25115375264806483	0.892037662800838	36.0	4.0	24.0	9.0	7.0	3.0	2.0	0.9899894210002328	1471.1737492284342	5225.254964335052	5857.661825542983	2.046325953925358	4.1345764349755	0.32526928934382743	85.88999999999999	active
12.635222782218182	12.635222782218182	0.26133566389518803	-1.354619569237925	0.5763227383596949	12.4	358.44300000000004	338.2830000000001	358.12308607991	132.0	1.2	2.04	2.84	3.057036135715646	1.7194268487317208	845.8837232825953	17.6480536021256	14.267162688239274	15.083659269167	12.18587184800163	8.028333657586934	9.347265550573754	5.560351356876741	6.905218924798659	3.7944854793211595	4.919955463069512	2.4211221075405445	3.4899435938441177	-2.2499999999999996	698309.5933731179	17.569100091827366	8.221440329218106	4.2365016697356515	148.60961558917288	21.83297047813683	47.78605840046658	34.500417004362255	41.68511539574183	75.41	25.0	6.0	5.0	7.0	5.7777323217207615	3.0	2.618520000000001	96.13740000000006	0.3455487014969072	31.974633948355326	12.791130529283054	16.23305232455813	7.382882238819191	4.008771422179344	5.11550141764665	2.5258851897232177	3.4188493313761046	1.5276130903318605	2.2906117293851036	0.9520787974789168	-2.2499999999999996	0.0004564993167712451	5.374200243438095	8.221440329218106	4.2365016697356515	176.70902559252903	0.30585284597515133	0.7988252759959539	45.0	5.0	25.0	7.0	6.0	3.0	10.0	0.9559189803605457	1749.8936945753426	4570.365559541973	5721.358220474139	1.7673466647478286	4.098428508887156	0.1989676005983068	75.41	active
11.902314814814815	11.902314814814815	0.2540046296296292	-1.6882511337868475	0.32331231143346845	29.8125	300.59399999999994	292.53	298.934132536	88.0	1.125	1.5625	1.9375	2.427765300552248	2.1798575285120654	340.2558236666764	11.922285251880869	8.029466525050827	11.11374994403392	7.399665467030781	4.686117024256394	6.59340710541805	3.6636759390044493	7.777324410340432	2.661925375098107	4.0324679413218645	1.9633510697663963	3.242161917956184	0.09999999999999981	3867.430123779731	12.554156834581583	4.406909763509051	2.348289515823799	112.20868669068933	58.56510209578176	12.152040213667762	19.244143369349796	12.152040213667762	37.38	16.0	3.0	3.0	7.0	3.4578147704338416	2.0	2.9135000000000018	65.08800000000002	0.41383401912029677	15.305851885919228	10.390135304902321	7.809106926544649	5.7163970077063055	2.6917105456733914	6.8053590170093745	1.6789410537608298	3.021239295141751	1.1150381750040732	2.2915137242174732	0.9639477602915265	0.09999999999999981	0.0015185341838760285	5.826829732861384	4.406909763509051	2.348289515823799	123.4484506920318	0.26609155459907036	0.96904490508677	24.0	3.0	16.0	7.0	3.0	2.0	1.0	0.9468244937445345	638.144939624146	2323.9786898965476	2398.2156840177126	1.6048945525032294	2.9860081532722504	0.43408394398043076	37.38	active
5.733149880322499	5.733149880322499	0.7252343159486018	0.7252343159486018	0.44144726269288276	11.0	209.25199999999998	198.16399999999996	209.095297352	78.0	0.6875	1.1875	1.6875	2.259899090012346	2.4397721399992816	632.1378427386805	11.120955864630139	8.643366018206592	8.643366018206592	7.720346690612274	5.0779818773043806	5.0779818773043806	3.8926471920487886	3.8926471920487886	2.6608932488204182	2.6608932488204182	1.8564545760574553	1.8564545760574553	-2.29	6454.27180107526	8.973795860765685	3.100246549005887	1.3358058857067674	92.69416155793931	33.180622413529235	42.46456947923127	4.9839785209472085	42.46456947923127	64.93	16.0	3.0	3.0	3.0	1.738811228051383	3.0	2.5524000000000004	68.0738	0.6372490934314435	18.841640786499873	7.841640786499875	9.68328157299975	4.394427190999917	3.1312305898749058	3.1312305898749058	2.0326237921249266	2.0326237921249266	1.359016994374947	1.359016994374947	0.9900563966774725	-2.29	0.002980434242658366	3.1044221957178073	3.100246549005887	1.3358058857067674	108.3810635887386	0.14067100411250122	0.861110160164019	27.0	3.0	16.0	3.0	3.0	3.0	2.0	0.09519776558675398	288.92103970593257	1768.6149633008886	2053.877709402492	0.6015296374332131	3.134337677867126	0.01488744001690632	64.93	active
11.464448223733939	11.464448223733939	0.2033333333333336	-3.44224537037037	0.6947014224634946	11.428571428571429	207.25400000000002	198.18199999999996	207.035399528	72.0	1.2857142857142858	1.8571428571428572	2.357142857142857	2.155210315042901	3.1269580555875662	477.84843788259906	10.604448006685086	7.636060082029304	8.45255666295703	6.559678737419713	3.9401422096848258	5.486461687606386	2.7899106729516205	4.623499257395116	1.671245270014593	3.0948642526242924	0.9265204780264724	1.8391056990641097	-1.6	1215.5386176841962	10.480645161290322	4.072611969877132	2.441662238282496	83.21954660815445	9.837253136417502	41.312991963031976	8.417796984328938	40.64502394685276	57.93	14.0	3.0	3.0	4.0	3.0488286382789864	1.0	1.806	53.11780000000002	0.4773694777826338	15.671958466891548	7.488455047819273	7.715188421547175	4.6983516691415685	2.0464264044161626	3.6656724154985105	1.112087917285392	2.2244603529811866	0.5764304003073221	1.229291200921966	0.9747219425957409	-1.6	0.0023047857342914733	3.518875010917985	4.072611969877132	2.441662238282496	95.86428110966473	0.22342142829725503	0.9283782279606193	23.0	3.0	14.0	4.0	3.0	1.0	3.0	0.7835324508569776	402.80457057151006	1673.7651186442224	1802.8913951601432	1.0236437492832935	3.059280098078584	0.2500263003196175	57.93	active
9.573829979625033	9.573829979625033	0.020557184084742053	-0.10197982091179214	0.3638589512310325	12.28125	431.54400000000015	402.3120000000001	431.2433585480001	166.0	1.03125	1.84375	2.5	3.26172345565705	1.5845607148575576	1152.4151325522164	22.501424753254117	18.65545487764528	18.65545487764528	15.584049995768552	10.948399065170952	10.948399065170952	8.011159809245408	8.011159809245408	5.398723626337791	5.398723626337791	3.454281671686839	3.454281671686839	-3.5199999999999996	26256195.379560474	21.702211637973484	9.739196599554885	4.6999502743484225	187.3384749293409	22.930079997205514	60.55218461730588	42.258263920081774	54.98873312560889	100.77999999999999	32.0	8.0	8.0	8.0	6.605065805855369	4.0	4.2641000000000036	127.49520000000003	0.34931609399678815	44.538743458963566	15.53874345896357	22.610901592945396	8.308226111481618	5.523540246740721	5.523540246740721	3.5619221670165966	3.5619221670165966	2.2280102337895507	2.2280102337895507	0.9531928437792541	-3.5199999999999996	0.00031856562966478714	5.879628369866464	9.739196599554885	4.6999502743484225	228.28540295681123	0.30236303108683493	0.8506482576900241	61.0	8.0	32.0	8.0	8.0	4.0	13.0	1.3351610184596516	2670.2449306446665	7512.291399163066	8831.254671070568	1.7894642695765595	4.69360803542106	0.27856977234614777	100.77999999999999	active
11.714129346182917	11.714129346182917	0.009141589506173053	-3.487738567649281	0.7571618838863213	12.588235294117647	249.33499999999998	234.21499999999995	249.08234972	90.0	1.1764705882352942	1.7058823529411764	2.1176470588235294	2.253905002587605	3.130031364446087	554.922405137214	13.104448006685088	10.136060082029305	10.952556662957031	7.7710036028249	5.190142209684825	6.736461687606386	4.751235538356808	6.5848241228003035	2.3706040071323664	3.7942229897420647	1.3431871446931398	2.2557723657307767	-1.6	3975.888424564535	13.464935064935066	4.722156476002631	3.431930063860128	102.31437295134427	9.837253136417502	41.312991963031976	8.417796984328938	40.64502394685276	57.93	17.0	3.0	3.0	4.0	3.740207665637531	1.0	2.7950800000000013	67.08080000000004	0.3613477251098791	23.171958466891546	8.988455047819274	11.465188421547175	5.4483516691415685	2.7964264044161635	4.41567241549851	1.4870879172853924	2.5994603529811866	0.7639304003073222	1.416791200921966	0.9558313932835775	-1.6	0.0011384859403292893	3.455401662049862	4.722156476002631	3.431930063860128	123.38893045386139	0.2939155450356024	0.8536191897996437	32.0	3.0	17.0	4.0	3.0	1.0	2.0	0.9410282812978362	749.784568751677	2177.600017802917	2551.0204595025916	0.9598204315081771	3.3145185079788066	0.3554463688146619	57.93	active
4.616097174981103	4.616097174981103	0.6812613378684806	0.6812613378684806	0.8399410248536084	17.647058823529413	264.4189999999999	248.29099999999997	264.075490512	90.0	1.1764705882352942	2.0	2.823529411764706	2.8018358984092546	1.6372019750951292	455.88004875061125	11.501789232183624	9.685995428308553	11.318988590164006	8.415816237971965	6.196232161139849	7.829225322995302	4.502344753451382	6.617936748274986	3.1923365055670105	5.240470196851843	2.2489066815503507	4.173408206013528	-0.5800000000000001	17875.713031851046	11.507014185826907	5.37679619758244	2.8130473602342914	109.96525015504238	33.501329478401296	24.26546827384644	11.02581935009517	28.605123954519986	24.92	17.0	2.0	4.0	4.0	3.6394629482283123	3.0	4.2257000000000025	75.48570000000002	0.4373605911550769	24.210923771927643	9.843916933783094	12.412980610280746	6.0556602578424865	2.8136849172262894	4.82302076292897	1.7287984624062969	3.48918179171893	1.0612095182484649	2.571825155870404	0.9691869975701896	-0.5800000000000001	0.0014101722449193614	3.2954912907208733	5.37679619758244	2.8130473602342914	132.5028347899657	0.24632613288256938	0.91106590329842	33.0	4.0	17.0	4.0	2.0	3.0	3.0	0.900188031369369	646.0671074621227	2389.554473832393	2622.811879120114	1.0423050024184728	3.271046964087494	0.24659141554749556	24.92	active
12.20150604686319	12.20150604686319	0.03530092592592626	-3.7404629629629613	0.6458964542905704	11.222222222222221	357.14300000000003	348.07100000000014	355.94971852800006	98.0	1.1111111111111112	1.6666666666666667	2.2222222222222223	2.39138090205142	2.4023311594454584	630.6870724696684	13.173362107437434	8.986699155986235	11.285449562367887	8.514873883685388	4.818798815944627	6.921746207470084	3.3066485774541867	6.164162227761072	2.0647047680964694	4.846454851954819	1.2049539746620157	2.8030981527217014	-1.4097402597402597	12358.656501801739	13.032129362408813	5.0679230216571645	2.5371310141535925	117.14703844835358	21.65901670907764	42.725522485534206	18.385754026223353	47.62100596105198	89.18	18.0	6.0	5.0	8.0	3.6692126898314408	2.0	0.7159000000000003	62.551200000000016	0.185091348595734	17.315110597969184	10.613861004350838	8.59093961439276	6.299459814918301	2.7387661457301964	5.533123565709912	1.6050278531679196	4.2389253843130374	0.8809464147792084	2.238087488292205	0.8939376086837055	-1.4097402597402597	0.0006105230568246248	5.703149126808969	5.0679230216571645	2.5371310141535925	129.90788621434052	0.44819142314513133	0.8048672263076556	27.0	5.0	18.0	8.0	6.0	2.0	4.0	0.7699972585935002	1318.3240457679503	2367.461230395621	2941.4307764230834	1.605728930872174	3.0459971704487536	0.19149700981008344	89.18	active
5.048148148148148	5.048148148148148	0.7950925925925928	0.7950925925925928	0.5537426119928397	9.090909090909092	208.377	196.281	208.016261384	64.0	0.9090909090909091	1.1818181818181819	1.3636363636363635	1.8665184752596773	3.8624101150224392	147.2103308093761	9.01650785794505	7.119172062391506	9.568661805174683	4.947264862732148	3.052564558427516	4.685557720282969	2.422731492952575	4.690485714858061	0.9049171695910825	3.214751508773247	0.2572647454192393	1.4036493244715595	0.12999999999999995	169.85318124863062	11.13	4.898031211698123	4.550602853533002	82.92429945999432	44.83870000660245	0.0	46.631575563527655	0.0	6.48	11.0	2.0	3.0	5.0	4.955917035109101	0.0	1.4126	60.16100000000003	0.29554608785545283	17.119172062391506	7.568661805174683	8.1581373674276	3.791130529283052	1.3046975042026805	3.572451726108166	0.5397687979209718	2.119306393762915	0.16597765250171165	1.1297880457189766	0.9390819799778265	0.12999999999999995	0.0019904358862434285	2.332121792333803	4.898031211698123	4.550602853533002	99.78394546200803	0.34369322786596307	0.8663143814759674	23.0	3.0	11.0	5.0	2.0	0.0	4.0	0.8533252922230499	435.2385261255373	1097.0637882396786	1266.3575853035893	1.0384368480302122	2.591404294267913	0.4205119817742512	6.48	active
11.407341864343543	11.407341864343543	0.14384698812840147	-1.1412189625393439	0.40462746733382715	13.047619047619047	560.6540000000005	528.3980000000004	560.2434526638199	214.0	0.7142857142857143	1.2619047619047619	1.9285714285714286	3.591101163977712	1.941650819057238	1916.7803639942722	30.29179978202493	24.234162655112407	24.234162655112407	20.014478106095087	13.82838526117659	13.82838526117659	10.683341526199088	10.683341526199088	8.201413225349233	8.201413225349233	5.759462764499826	5.759462764499826	-4.9799999999999995	2111073571.5470035	28.545162476783517	11.122929749523635	5.11457534073436	243.44664479416974	62.373851673479685	88.52887769405913	31.874524659692533	43.499359747877314	137.62	42.0	8.0	6.0	8.0	7.559662783761932	5.0	4.834640000000004	163.3083999999997	0.22492348164655726	52.421847543855286	20.421847543855286	26.999778153927473	11.105350962927558	8.060982934630319	8.060982934630319	5.56519212273172	5.56519212273172	3.7277198534907883	3.7277198534907883	0.908726815557271	-4.9799999999999995	0.00013753813748789508	9.00824468572337	11.122929749523635	5.11457534073436	288.5218140640169	0.41739139268454206	0.7103679714205426	74.0	6.0	42.0	8.0	8.0	5.0	12.0	0.8726655560071374	5164.879969986966	8790.227520774923	12374.188975886482	2.385668400138587	4.845707183212195	0.1452253722558539	137.62	active
13.16042389280815	13.16042389280815	0.17026082346518812	-0.591133471907282	0.610260461709596	16.258064516129032	476.38900000000024	457.23700000000025	475.06365120800007	160.0	1.1612903225806452	2.032258064516129	2.7419354838709675	3.3260932198188153	1.5614800391821075	1064.8967549675704	21.794317972067567	16.371458016052326	18.699812489016963	15.02487714325259	9.597752766537068	11.233334523810418	6.946592467354776	8.793237903197737	5.004303702334787	6.619720345764415	3.441265771386345	4.378161746603551	-2.6799999999999997	16685426.463458363	21.548206671462058	9.635027564545348	4.977437471837489	193.1731205890422	52.04041139178634	74.9187706436456	52.35833627833359	54.30242882761319	78.42999999999999	31.0	7.0	6.0	10.0	6.697340814388932	4.0	3.492300000000002	121.69720000000001	0.2602304329527906	33.71674179490984	17.04509626787447	17.32495622243666	9.450168153882883	5.231192667539828	6.803618194486004	3.332826038252204	4.59810225297307	2.02625545768196	2.654968717688423	0.923179950540744	-2.6799999999999997	0.00019277683464138934	8.34782573090251	9.635027564545348	4.977437471837489	219.92561672446894	0.38436802536057785	0.7066757585023491	50.0	6.0	31.0	10.0	7.0	4.0	5.0	1.0628803449278734	3665.7711483692206	6739.664685530677	9537.138644481001	2.594565516815052	4.575038478303339	0.22334515901918917	78.42999999999999	active
12.621229765054169	12.621229765054169	0.21818468127991952	-1.4238408604182415	0.697797898745364	12.333333333333334	345.4040000000001	328.26800000000003	345.1026849839101	126.0	1.1666666666666667	1.9583333333333333	2.6666666666666665	3.0065977799893377	1.900572833941512	923.0716771823301	17.26722023457211	13.86100513261071	14.677501713538437	11.528407103102724	7.260569419593061	8.579501312579882	5.238540195219304	6.583407763141222	3.6769795182968497	4.802449502045202	2.4326842661824912	3.4896259538629777	-2.4800000000000004	353332.36450656696	16.380318617242818	6.561383301399495	2.9648922445555446	141.4643214557227	21.963446981288296	35.150408686778746	33.38042913756116	23.486014190357004	88.30000000000001	24.0	7.0	6.0	8.0	4.4782312102825115	3.0	1.92384	89.78540000000004	0.25991414325566187	28.421847543855286	12.238344124783012	14.430265920058089	7.080095834319148	4.071603240230885	5.178333235698191	2.6404446452077517	3.53340878686064	1.6044232203327966	2.362603141973662	0.9273882691901473	-2.4800000000000004	0.0004922421420267935	5.518970929739644	6.561383301399495	2.9648922445555446	165.34881995857546	0.3741002514948406	0.791289935946022	41.0	6.0	24.0	8.0	7.0	3.0	9.0	1.043868957235877	1607.5217223131435	3400.2002286773372	4297.034594042003	1.5088368208042893	3.6700656086862065	0.28534678561254967	88.30000000000001	active
4.590130385487528	4.590130385487528	0.7802834467120182	0.7802834467120182	0.7013101010787974	11.736842105263158	267.357	254.25299999999996	267.083018416	94.0	0.9473684210526315	1.5789473684210527	2.210526315789474	2.932856115386359	2.228607980845603	666.8420707065351	13.079139501373252	10.523391768859998	11.339888349787724	9.381341395361314	6.023313120362759	6.796709782496732	4.028830420558803	4.941701349734079	2.7808294232570185	3.7843194657183936	1.8795336375517682	2.7116036555010887	-2.1999999999999993	48943.50285356756	11.866093254866454	5.1992548524728095	2.347735713616929	115.23657683972701	11.532486611566675	65.46507333807817	15.988311611884996	65.65607541725177	30.18	19.0	3.0	4.0	4.0	3.247096996592594	3.0	3.1313000000000013	78.36400000000003	0.18626153569421397	22.249889076963736	10.066385657891463	11.478339117566861	5.751735779700835	3.1890592567125653	4.101930185887841	2.0759963067254534	2.959954931426464	1.3424584923812548	2.0750303254688416	0.8810007269326373	-2.1999999999999993	0.0005579663467038507	4.147335943989558	5.1992548524728095	2.347735713616929	133.5011933419085	0.47311491114121995	0.6663229372672578	32.0	4.0	19.0	4.0	3.0	3.0	3.0	0.9196629180269373	1194.199150546474	1681.879532722391	2524.1207208326978	1.1348977121906636	3.177928492322682	0.3271322133174843	30.18	active
12.623411281179138	12.623411281179138	0.045872727177290074	-0.17476662887377148	0.6178483155079704	12.08695652173913	340.429	328.3330000000001	340.03401962400005	114.0	1.173913043478261	1.9130434782608696	2.652173913043478	2.5640252577635865	2.1268344384683293	842.7272785689537	16.396976746569035	12.275979018369299	13.908972180224751	11.113392202930195	6.872660583249872	8.674755723831087	4.917587834824044	6.761289246335552	3.442036157484146	5.092692123560398	2.4011016344346903	3.756520558687414	-2.2299999999999995	195183.85872199526	15.657548799561171	6.486080459801153	2.9800235768616132	142.0290543465049	46.5889671238658	48.02802097092827	17.443278282463233	52.255536430266815	61.17	23.0	4.0	5.0	6.0	4.415483535531161	3.0	4.232780000000002	92.22850000000003	0.21043406317055122	23.02742035285537	12.660413514710822	11.869172062391506	7.5021652242469585	3.97262210299463	5.584065305453207	2.6594931369319883	4.026533495479122	1.7845232567942537	2.894997823744355	0.8749122796386677	-2.2299999999999995	0.0002822198256456729	6.7149139830013205	6.486080459801153	2.9800235768616132	158.8887003485186	0.4842814294782218	0.5829430521585556	35.0	5.0	23.0	6.0	4.0	3.0	4.0	0.4598769307506303	2065.5637881742614	2486.3766929981794	4265.21370104932	1.8936292336691476	3.5986196348556474	0.08158367268158345	61.17	active
12.585354098429494	12.585354098429494	0.02988630637440104	-1.3880781788023848	0.3700966516695975	17.09090909090909	450.31100000000026	440.2310000000003	450.0266997792799	172.0	0.7575757575757576	1.303030303030303	1.878787878787879	2.7458148502738218	1.7472605732203803	1221.4274042533714	24.02421506852332	16.31664012980605	16.31664012980605	15.544621651056174	9.314681882465319	9.314681882465319	7.23237856892725	7.23237856892725	5.0250145470119305	5.0250145470119305	3.470364340315122	3.470364340315122	-4.67	17548920.071957238	21.557830262348368	7.786084613077349	3.8680562614814904	184.74201141230785	5.969305287951849	53.08855688586065	12.073271675700152	36.39820241076966	220.01000000000002	33.0	11.0	11.0	11.0	5.086396681727389	4.0	-2.822799999999998	91.17050000000002	0.13304977886663732	25.490731195102494	15.490731195102494	13.40361388801511	8.40361388801511	6.111947221348443	6.111947221348443	3.962117307087383	3.962117307087383	2.520041425853562	2.520041425853562	0.8237519096051588	-4.67	0.0001429083794655241	12.387824024310476	7.786084613077349	3.8680562614814904	198.79171641398597	0.5669504311858791	0.6382204245123485	43.0	11.0	33.0	11.0	11.0	4.0	3.0	1.200307630131091	4465.941233812086	5027.344108600338	7877.12820761202	2.9228074553089005	4.391711505804672	0.3393640862332612	220.01000000000002	active
12.178543083900227	12.178543083900227	0.42685185185185204	-1.3144444444444454	0.6636690510675125	12.705882352941176	245.267	238.21099999999998	245.037130844	84.0	1.0588235294117647	1.8823529411764706	2.7058823529411766	2.857737939078466	2.062729036327946	681.238822245735	11.664925939000156	8.5940164427549	9.410513023682626	8.343336592900531	4.867102555426388	6.016932469687446	3.2798793172371106	4.707017762823977	2.192305380697232	3.490254546609477	1.396986897997302	2.385943779323572	-2.15	17466.494283647582	10.032893219100279	4.02049255259769	1.8022528721252682	98.73331812175422	16.446746263672036	42.46456947923127	29.46313348104573	52.386012933418286	73.04	17.0	6.0	6.0	7.0	2.3727748510823847	3.0	0.6859999999999999	59.69340000000001	0.47014422204404954	15.052564558427518	8.869061139355244	7.795735350380468	5.445565264641528	2.7699404039730013	4.102344504069116	1.7584556485905034	2.8683004345465903	1.0567004180634862	1.832733630037993	0.9726129360087344	-2.15	0.0018678291343816485	5.007826035362524	4.02049255259769	1.8022528721252682	108.5681116229289	0.2324307998275393	0.9852344806048886	24.0	6.0	17.0	7.0	6.0	3.0	2.0	0.793008476277134	527.4757002497737	2235.87944434596	2269.3881389263124	1.184348663522344	3.2030803385625473	0.23488965626188582	73.04	active
11.744530029604434	11.744530029604434	0.20555555555555527	-0.3819864890400593	0.7826772179049588	23.6	265.312	250.19199999999995	265.11137587982	102.0	0.95	1.75	2.65	2.477304200927285	1.9180016363358487	680.6853761249685	13.689869965382487	11.056619078004378	11.056619078004378	9.737183443017885	7.058566297394198	7.058566297394198	5.7003105538333	5.7003105538333	4.612528943664271	4.612528943664271	3.662035979506107	3.662035979506107	-1.9999999999999996	66044.92999672142	11.795918367346939	4.25	1.6296966953372567	117.43987527848566	0.0	58.65200837755764	6.041840829147961	36.39820241076966	58.15	20.0	3.0	3.0	3.0	2.5066326530612244	4.0	1.3836999999999997	72.56770000000003	0.29837038875506516	24.763710176427686	9.763710176427685	13.05267548146378	5.6054618859638214	4.1054618859638214	4.1054618859638214	2.9430044073985555	2.9430044073985555	2.0723558547051586	2.0723558547051586	0.9382412889228813	-1.9999999999999996	0.0008536193329770277	4.013888888888889	4.25	1.6296966953372567	138.57248941324113	0.3459816234431108	0.7441481879491098	35.0	3.0	20.0	3.0	3.0	4.0	0.0	0.7521310162005883	871.7564834829438	1875.0013398425135	2519.6612317367353	0.8529513888888889	3.150389578621478	0.22437032868229384	58.15	active
13.424717218307588	13.424717218307588	0.038593369446544123	0.038593369446544123	0.46063927822556927	14.193548387096774	411.50900000000007	386.3090000000002	411.20591042000007	156.0	0.967741935483871	1.7741935483870968	2.5483870967741935	3.484519824710764	1.41144576812073	1163.4840866102375	21.045394827624126	17.39251045454808	17.39251045454808	15.275989583278104	10.868437319836547	10.868437319836547	8.179206948223577	8.179206948223577	6.09568239370424	6.09568239370424	4.417304016871079	4.417304016871079	-3.5399999999999987	30224836.464175556	19.42507820908214	8.676962524654831	4.190999735368746	181.07730058250962	22.627967439267593	73.05735782784227	32.42978449531238	73.05735782784227	63.910000000000004	31.0	6.0	5.0	6.0	5.43711856963532	5.0	4.716700000000004	121.51200000000001	0.34707591219149264	40.14431626796365	15.144316267963653	20.892978527231765	8.392978527231765	5.6216462666333165	5.6216462666333165	3.7127355045261523	3.7127355045261523	2.363934345909363	2.363934345909363	0.9520800692538948	-3.5399999999999987	0.00029882665518928615	6.0311268790634704	8.676962524654831	4.190999735368746	216.2015630867049	0.3058488870823286	0.7801954551633111	56.0	5.0	31.0	6.0	6.0	5.0	6.0	1.0559754714507932	2610.862992356257	6660.097606116572	8536.447581231392	1.688124577776522	4.651528540469264	0.18459599477646063	63.910000000000004	active
12.735234788359788	12.735234788359788	0.05034674981103526	-0.5379779226505412	0.7464176000902987	20.0	374.65500000000014	360.5430000000001	373.01515972799996	122.0	0.9130434782608695	1.565217391304348	2.1739130434782608	2.7375880476822028	1.907265297246934	711.9186945863747	16.72325016020209	12.35250871877035	14.620295556825715	10.896754605515326	7.069780722257515	8.203674141285198	5.497040162626903	6.689404889117342	3.985315369869296	5.065018292786367	2.6542358785863347	3.2314394279306122	-1.2699999999999996	169073.43782485285	16.58299058146244	6.3210240132460935	2.9406134437039837	148.5269607011664	52.30456540408412	38.97369349803691	54.840876526731456	28.928426870554258	43.86	23.0	5.0	4.0	8.0	4.557455725080778	3.0	2.564400000000001	90.90400000000004	0.4565014778019741	24.792030786455282	13.059817624510647	12.737656179727516	6.871549598755197	4.077909619205629	5.211803038233311	2.7103556351555818	3.7147080380581494	1.7268843133604481	2.20798866377414	0.9722616801369203	-1.2699999999999996	0.0006381014306125226	6.5597112105914706	6.3210240132460935	2.9406134437039837	168.1965477035157	0.23389575741627494	0.8910864867664701	37.0	4.0	23.0	8.0	5.0	3.0	3.0	0.9981501092061417	1396.4652702801552	5320.196250377762	5970.460027604529	1.8027866122655778	4.114819469244459	0.30417946876676505	43.86	active
11.339058484504914	11.339058484504914	0.03171012849584254	-0.03171012849584254	0.5145232399883986	10.0	182.22199999999998	172.14199999999997	182.07316494	68.0	1.0714285714285714	1.7857142857142858	2.5	2.2711747832197764	2.617310666084741	497.3166518186401	9.966255326250886	7.734157225167419	7.734157225167419	6.808861750289881	4.466431711192819	4.466431711192819	3.130304732551325	3.130304732551325	2.219378817078534	2.219378817078534	1.4604387539425459	1.4604387539425459	-1.8899999999999997	2243.920685821139	8.696948085233146	3.462417781878398	1.4434225598455577	82.67981306228151	16.55569337529453	60.68297676136064	5.783244946364939	55.11952526966365	17.07	14.0	1.0	1.0	1.0	2.150890549884609	2.0	3.2085000000000017	58.47550000000003	0.5122690480270604	16.908248290463863	6.908248290463863	8.704124145231932	3.7041241452319316	2.4541241452319316	2.4541241452319316	1.5905931089239487	1.5905931089239487	0.9572810363079829	0.9572810363079829	0.9789028643418642	-1.8899999999999997	0.002654099839497121	2.7988032533435088	3.462417781878398	1.4434225598455577	96.7295180639596	0.20432616617382593	0.7956738338369005	24.0	1.0	14.0	1.0	1.0	2.0	2.0	7.940708364113001e-06	299.7904683147333	1167.424788212465	1467.2152565114604	0.6921875823111197	2.837569534151314	4.000947103041421e-11	17.07	active
12.895658733802673	12.895658733802673	0.018604115824985	-5.1707717941263205	0.3222759388395738	18.818181818181817	484.5510000000002	454.31100000000026	484.1759094999099	184.0	1.2424242424242424	1.9090909090909092	2.4545454545454546	3.1447241649999644	2.0775073749584414	922.6972704062063	24.5956473593183	18.52223651703986	19.338733097967587	15.468252816226652	10.650839111785874	12.122243632576907	8.398975900698167	9.867558498005453	5.197337319146058	6.1174023954443815	3.5175327687900397	4.09905418870731	-2.7	12109049.711955544	26.551508130122794	11.957297616803144	8.630917082001035	192.57027152461586	28.025726388674983	35.89528683400505	60.04911021827902	30.33183534230805	173.96	33.0	11.0	8.0	12.0	9.620735905662018	2.0	0.20210000000000206	116.37410000000006	0.12735177596926284	45.515875400674645	16.332371981602368	22.520398880087132	9.178758093587259	5.091345608014396	6.370384710376859	2.818847494104037	3.4663208048694623	1.6021012698467858	1.9355792514885224	0.8489756641895386	-2.7	0.00018156905760165359	6.922403657566219	11.957297616803144	8.630917082001035	234.9802266844924	0.5284319460573251	0.760437833126376	63.0	8.0	33.0	12.0	11.0	2.0	14.0	1.1922046222734968	4188.146610281523	6026.935269338473	7925.612070825078	2.508280022944422	4.326554744763998	0.28952599041572263	173.96	active
13.161128275384229	13.161128275384229	0.011694486436549356	-0.011694486436549356	0.47591352595048303	10.655172413793103	401.87700000000007	383.7330000000002	401.1174624559101	144.0	0.9655172413793104	1.793103448275862	2.4827586206896552	3.278303995299119	1.6230879233088715	1079.5929268733012	20.053830996061407	15.572184476500784	16.328113422519237	14.186673185801062	9.164105089159564	9.542069562168793	6.639209169241134	7.075644949713119	4.581531292560198	4.816628395347937	3.1213906425487985	3.3342756931100466	-3.439999999999999	7286804.309295182	18.90171315585058	8.710967007149424	4.701979547655432	173.53904402931974	23.195505894267583	101.60058126820374	15.989840058599752	85.45104497106841	60.190000000000005	29.0	5.0	3.0	6.0	5.677662057904022	4.0	4.530100000000004	113.57600000000001	0.2149159927325911	32.07506714547292	14.830996091491379	16.6583539659864	8.036318438995625	5.04897218853798	5.426936661547208	3.179146635102701	3.368128871607315	1.9785418856852741	2.120278563063734	0.8978655070844167	-3.439999999999999	0.00019275890665392364	7.111998086938039	8.710967007149424	4.701979547655432	198.8285130323403	0.4402698390624131	0.6646368432537428	47.0	3.0	29.0	6.0	5.0	4.0	6.0	1.1240057511770254	3448.0214418679057	5205.176197112681	7831.609472069947	2.1362889893181753	4.528771004154033	0.2663096149489473	60.190000000000005	active
12.728654099661494	12.728654099661494	0.08275648630536825	-0.26256205001872535	0.6566926898199121	15.222222222222221	379.4610000000001	360.3090000000001	379.11218704791	138.0	1.0740740740740742	1.8518518518518519	2.5925925925925926	3.176667996277042	1.62041580621604	1019.4386686776872	18.965890847321376	14.974649631118568	15.791146212046295	13.062881945713372	8.836006509993847	9.652503090921574	6.790513601115979	7.874290557602806	5.031102538945543	6.153417158195271	3.38205149172651	4.352368301991761	-2.6999999999999993	2266450.9619677886	17.70079700519261	7.13436878498113	3.335019197460951	160.99623406764505	34.30257455934539	52.905168164629565	55.219857320509504	42.46456947923127	63.68000000000001	27.0	5.0	5.0	6.0	4.67718568974569	4.0	2.8420000000000014	105.49500000000005	0.6548433014138851	32.02742035285537	13.843916933783095	16.612261512659533	7.928758093587258	4.989683134086104	6.010303860245762	3.3579505081671615	4.349067515345747	2.1299763257706448	2.9209460675093966	0.9912112909134784	-2.6999999999999993	0.0007788892038590637	6.153980752814075	7.13436878498113	3.335019197460951	187.6906735708334	0.13228823366284645	0.9014684122412338	46.0	5.0	27.0	6.0	5.0	4.0	4.0	0.6473084322412875	1157.3769514005874	7886.859880545158	8748.903204424902	1.626102525416719	4.842032800871484	0.07529649587095187	63.68000000000001	active
11.399458459309649	11.399458459309649	0.12404861636012421	-0.12404861636012421	0.7277102135895224	15.705882352941176	252.31499999999994	238.20299999999995	252.06998788791	92.0	1.411764705882353	2.1176470588235294	2.764705882352941	2.3933515132543604	2.178228351999298	416.2118100829604	12.25071237662706	9.64068468967048	10.457181270598205	8.21954535281284	5.442067196845524	5.850315487309387	3.770211546717463	4.15690987778445	2.7088750125000387	3.202776162642716	1.749636326415731	2.059177459093642	-1.3300000000000003	9314.924089585971	12.135509777468624	5.334136225847584	2.6751506919900505	105.75516278096543	17.206375544784887	23.762552697081826	43.301486114717186	18.19910120538483	44.760000000000005	17.0	4.0	4.0	5.0	3.807791901360173	2.0	0.7765	66.53200000000004	0.31296468666134697	22.080206757355413	8.896703338283137	11.145565264641526	4.553813555105389	2.6806661397111573	3.067364470778144	1.6817648110815095	2.068463142148496	0.9601203481770298	1.1534695137105229	0.9431081704748837	-1.3300000000000003	0.0012267421350842923	3.5851032866779518	5.334136225847584	2.6751506919900505	125.42474978331475	0.3324860580287806	0.9089396865434973	31.0	4.0	17.0	5.0	4.0	2.0	3.0	0.8373308577658575	740.9378552739138	2025.5520664947273	2228.477968871034	1.1249076067572998	3.146152845858595	0.318547774980908	44.760000000000005	active
10.893846371882086	10.893846371882086	0.31828703703703676	-0.8899999999999999	0.5000707895810634	8.538461538461538	189.171	178.083	189.074955832	74.0	1.1538461538461537	1.6923076923076923	2.0	2.1146281735022376	4.351205679620966	227.9192538639593	10.430721420318147	7.580206757355411	7.580206757355411	6.023274467653717	3.4462843622627397	3.4462843622627397	1.997292756500759	1.997292756500759	1.0626464855804714	1.0626464855804714	0.4788341766900638	0.4788341766900638	-1.79	543.459440590075	11.21	4.962943913638706	3.4081908053570626	74.97566966634818	18.031534312627993	0.0	37.19009600294772	0.0	87.74000000000001	13.0	7.0	4.0	7.0	4.2795847132223	0.0	-0.5547000000000002	42.51640000000001	0.2352413210234045	16.974633948355326	5.974633948355327	7.9851387442625725	2.5907115532626555	1.4629057447894789	1.4629057447894789	0.7145031280753678	0.7145031280753678	0.311287532660414	0.311287532660414	0.9097384733052521	-1.79	0.0012809582808045016	2.5976208392712383	4.962943913638706	3.4081908053570626	90.54645843267079	0.4151817796920155	0.6770619821230774	24.0	4.0	13.0	7.0	7.0	0.0	3.0	0.5401325120001014	528.5589642293821	861.9529986492529	1273.078420304163	0.9916805026309431	2.653331063302963	0.13656312964474834	87.74000000000001	active
13.256486433195187	13.256486433195187	0.17061140505584915	-0.5986375923826328	0.5461975567107992	15.909090909090908	505.42700000000013	483.25100000000026	504.078966924	172.0	1.1818181818181819	2.0303030303030303	2.757575757575758	3.370134489647198	1.5660299500198849	1142.495004771924	23.371668241257186	17.83249271101623	20.160847183980867	15.956728795830726	10.261011585186829	11.89659334246018	7.469382100161827	9.31602753600479	5.417821233536118	7.03323787696575	3.699727470224277	4.636623445441486	-2.8099999999999987	40515086.177775174	23.351608353703394	10.416559335211016	5.404503462717947	205.43195995199915	52.04041139178634	74.65781763734267	54.48415529866391	54.17195232446172	74.77	33.0	7.0	6.0	10.0	7.37101254512002	4.0	4.105900000000003	130.4542	0.10854166254874424	37.677776489873736	18.006130962838373	19.285990917400564	9.911202848846788	5.590165289887764	7.162590816833945	3.5744501834841365	4.839726398205004	2.1783935521210434	2.8071068121275093	0.8032997147028624	-2.8099999999999987	0.00012951944084823604	8.445211197634777	10.416559335211016	5.404503462717947	236.39936758792936	0.5955749897018006	0.6692560624992248	55.0	6.0	33.0	10.0	7.0	4.0	7.0	1.3949213353668113	5167.224766538509	5806.483752841147	8676.027126534806	2.66575889510761	4.408939496155319	0.4242195057066854	74.77	active
13.544104448363708	13.544104448363708	0.06188969723691917	-0.5494668052406155	0.5320502757413267	16.15625	489.4280000000002	467.25200000000024	488.08405230400007	166.0	1.15625	2.0	2.6875	3.3286066394601193	1.6015988375264683	1094.640548862967	22.664561460070647	17.448808285241956	19.77716275820659	15.435560745775549	10.121450315641578	11.757032072914926	7.574135807661372	9.420781243504331	5.445289405403327	7.045467926409129	3.791940334488843	4.841518959284378	-2.6099999999999994	24521725.283063676	22.579196083049656	9.896934864029214	4.9005050540498	200.52838620908767	52.04041139178634	80.72418470580428	59.321939470914046	60.23831939292334	56.75000000000001	32.0	6.0	5.0	9.0	6.983276028627688	4.0	4.439500000000004	128.5295	0.24945936171704322	37.269528199409876	17.597882672374514	19.15413582918672	9.726561356132903	5.507585869789848	7.080011396736025	3.5331604734351765	4.798436688156042	2.1599269238671828	2.83428373033241	0.9215113063351926	-2.6099999999999994	0.0002538174462407587	8.007413455645274	9.896934864029214	4.9005050540498	231.4377372127795	0.3883515318579377	0.7410413355352091	54.0	5.0	32.0	9.0	6.0	4.0	6.0	1.0402184334486697	2919.583923448249	5571.066913238429	7517.889550944936	2.476526543746011	4.044049514796412	0.28248401785059457	56.75000000000001	active
12.402502204585538	12.402502204585538	0.07271678424456218	-3.9059441531242123	0.7179180276389246	12.782608695652174	350.8470000000001	333.711	350.06231566391	122.0	1.0869565217391304	1.6956521739130435	2.260869565217391	2.5440336658780778	2.2274877677888107	758.1853059890764	16.872032720186702	12.645887484633993	14.218313011580175	10.91985208272585	7.08569695510594	9.060282767731428	5.198992069261542	7.098609022299206	3.3600982959521346	5.02341711048843	2.074906902386148	3.3818866311117026	-1.6899999999999995	127568.02414179033	17.660547207646786	7.725175166459064	4.891433053352568	141.08863430049263	27.40747599000504	70.44630146400058	26.122886204812175	59.49278709167226	65.31	23.0	4.0	3.0	6.0	5.931774813677867	2.0	3.4766200000000023	91.38480000000003	0.25017028263699503	27.958171230364638	12.530596757310818	14.086744843886844	7.4047726456967125	3.667699639211834	5.397637031671682	2.1157814490848574	3.4303883839710987	1.1925269080616392	2.1022462890019433	0.9188551642599648	-1.6899999999999995	0.0003996425132446548	5.688492749612837	7.725175166459064	4.891433053352568	164.97313280334538	0.3945949658989493	0.7019585730313801	40.0	3.0	23.0	6.0	4.0	2.0	8.0	0.8903528769412168	1756.4662160996177	3124.6382371407703	4451.314304271753	1.9106349097344144	3.6468947312458053	0.23823656555842337	65.31	active
13.364253625463043	13.364253625463043	0.04866743302259158	-0.04866743302259158	0.39243876106279424	10.96774193548387	425.5170000000001	406.36500000000024	425.13103122800004	152.0	0.967741935483871	1.8064516129032258	2.5806451612903225	3.484519824710764	1.4420831161564165	1297.1002881147676	21.045394827624126	16.627032158645005	17.44352873957273	15.275989583278104	9.889400069093558	10.832209110675626	7.109139973221578	7.8891732875689105	5.066741736454402	5.7987915338486085	3.481905609088813	4.141728398727875	-3.839999999999998	30224836.464175556	19.143015320322792	8.491822030560808	4.082222255491286	182.95587864053127	33.96475331720233	95.31682542578125	25.885028089399803	89.75337393408424	63.910000000000004	31.0	6.0	6.0	7.0	5.243841265434844	5.0	4.788200000000004	122.71	0.397484278722575	34.05256455842752	15.869061139355242	17.80122681769563	9.117723398623353	5.539635883356203	6.152008319051998	3.642194084941056	4.152504448020886	2.3120655959354326	2.7149263965500774	0.9629214130314879	-3.839999999999998	0.0003610343885123052	7.387375746892244	8.491822030560808	4.082222255491286	209.65031814371974	0.2697820459657065	0.8251042219740975	50.0	6.0	31.0	7.0	6.0	5.0	6.0	0.8556042639635797	2285.3895590779025	6989.6592536420985	8471.244077407624	2.02362193920936	4.566467456405146	0.15863935581766703	63.910000000000004	active
12.997757714660187	12.997757714660187	0.1896773431594858	-4.565505388443162	0.7460193644944909	15.11111111111111	400.7440000000001	388.648	400.05609974382	144.0	1.037037037037037	1.7037037037037037	2.2962962962962963	2.596808138631351	1.7292104465816167	949.6013961304768	19.767220234572108	13.663285346933025	14.41921429295148	12.646885611180732	7.790237373183686	8.168201846192913	5.815153804209042	6.222353930949648	4.08861949479535	4.418207715835394	2.7703049083443836	2.9949963168811093	-2.7499999999999987	828901.1578511272	19.02387755102041	7.104789552872188	4.1578488156233755	154.91572089650285	23.195505894267583	61.38356573553234	36.98611508385228	33.854542641990086	85.88999999999999	27.0	7.0	4.0	11.0	5.0059498696151685	3.0	0.9560000000000005	90.19250000000004	0.35856739684237526	24.52545714542833	13.281386091446786	12.60436935921404	6.982333832223267	4.618475002199102	4.996439475208331	2.8434707711288163	3.1269441258857364	1.7293512724190852	1.9309852478142493	0.9551120359129536	-2.7499999999999987	0.0004554738143220483	8.959727028066128	7.104789552872188	4.1578488156233755	171.77536689851655	0.29624482924468576	0.8694840371403983	39.0	4.0	27.0	11.0	7.0	3.0	2.0	1.0476478046887086	1908.9660257079436	5602.85049034718	6443.879647030794	2.357665740207067	4.1727968378104725	0.3146179528807831	85.88999999999999	active
12.960068456729505	12.960068456729505	0.19591021825396826	-4.670448961431417	0.7130128321501354	15.035714285714286	435.1890000000001	424.10100000000006	434.01712739182005	150.0	0.9642857142857143	1.5357142857142858	2.0357142857142856	2.582285157043474	1.743071191565407	975.5152593478596	20.637463722575188	13.963899550752625	15.475757442789536	13.05756921370369	7.895886276354966	8.65181522237342	5.935420534246012	6.749820787727224	4.143618588200706	4.739800951445924	2.8562461304042324	3.5460760976296806	-2.4599999999999986	1153103.943166821	20.27879467061577	7.514368767999324	4.172127271857042	165.21898712338452	34.7964457845001	60.33983198081206	36.98611508385228	27.788175573528473	85.88999999999999	28.0	7.0	4.0	12.0	5.442226475912368	3.0	1.6094000000000004	95.20250000000001	0.36664111143099176	23.903421618437555	14.415279510474468	12.293351595718654	7.549280541737108	4.807457238703717	5.563386184722171	2.9852074485072766	3.5521541580211173	1.8623322659914883	2.4929727851118106	0.9553102062006836	-2.4599999999999986	0.0004383133851421644	10.354916211302585	7.514368767999324	4.172127271857042	180.6736626252304	0.2956051588332099	0.9433959997466822	39.0	4.0	28.0	12.0	7.0	3.0	2.0	1.154197750582572	2152.3321708295475	6868.965237620779	7281.104901298301	2.778952106195073	4.327846518351568	0.3419903427269929	85.88999999999999	active
5.44511213936941	5.44511213936941	0.3252767311170017	0.3252767311170017	0.5467988229515709	17.1875	436.5440000000002	406.3040000000002	436.2578801599101	170.0	1.09375	1.90625	2.625	3.331518784886391	1.3462403511427412	1047.3612188324357	22.078775022443736	18.875242273217527	18.875242273217527	15.530009778701592	11.325382349886153	11.325382349886153	9.005375858392313	9.005375858392313	5.938911441097053	5.938911441097053	3.7059178180075563	3.7059178180075563	-3.1400000000000006	31319075.05371138	20.745477369640987	8.775012427422297	4.849524451208654	187.33451778799994	23.40192761449158	35.347204613956194	58.34990944449886	22.72219614235818	109.34	32.0	10.0	9.0	10.0	5.68880692910649	5.0	2.9251000000000014	122.47540000000005	0.15273213133775504	45.433170649963486	15.433170649963488	23.28244108381655	8.388013892816632	5.731783302941722	5.731783302941722	3.522361258860412	3.522361258860412	2.108785718333439	2.108785718333439	0.8721979705629395	-3.1400000000000006	0.0002576789417238298	5.669043605934494	8.775012427422297	4.849524451208654	229.59974605751086	0.4891530436845813	0.8827444650510193	62.0	9.0	32.0	10.0	10.0	5.0	11.0	1.7225351287972956	3425.7532227725087	6182.24650766585	7003.438426893495	1.5545602529273155	4.361888976589447	0.5434820807093754	109.34	active
13.33882152669761	13.33882152669761	0.0853881120349369	-0.0853881120349369	0.407024737963622	10.96774193548387	426.5050000000001	408.3610000000002	426.12628019600004	152.0	1.0	1.8709677419354838	2.6451612903225805	3.484519824710764	1.4420831161564165	1299.1973286128741	21.045394827624126	16.496895484955335	17.31339206588306	15.275989583278104	9.739131181921215	10.68194022350328	6.984044258248499	7.702730556297815	4.9837408253038324	5.619024890026382	3.4160207230072777	3.965607276097294	-3.909999999999999	30224836.464175556	19.077247722168316	8.448803394014417	4.0570226172478945	182.17552662147781	33.96475331720233	89.64188786677401	30.86900661034701	83.94795987192556	76.80000000000001	31.0	7.0	7.0	8.0	5.199352106564822	5.0	4.183200000000003	120.505	0.5325436559093167	32.99977815392747	15.8162747348552	17.248440413195585	9.064936994123311	5.5024677014077445	6.093290177706663	3.6201299159559035	4.098115339940419	2.293648877794038	2.6641847393133684	0.9815134321501562	-3.909999999999999	0.0005492991127823402	7.651931948590025	8.448803394014417	4.0570226172478945	207.46499562449847	0.1913932666235165	0.8816370284711668	49.0	7.0	31.0	8.0	7.0	5.0	6.0	0.8901664118742414	1605.0217594662593	7393.398104390418	8385.988638897343	2.0854731812262823	4.514429737218288	0.15480194261740068	76.80000000000001	active
14.58767417375455	14.58767417375455	0.08120868571130035	-1.9769646044075417	0.07807518101884203	30.06451612903226	858.7140000000004	824.442	858.1665378076401	326.0	0.532258064516129	0.9032258064516129	1.2419354838709677	3.238669051742332	1.3782406107752971	2327.140800065845	44.6342165746735	31.59260773411088	31.59260773411088	29.478579721232833	18.905735952987122	18.905735952987122	15.13673165638789	15.13673165638789	11.618635695210456	11.618635695210456	8.666277638629367	8.666277638629367	-6.039999999999999	36328810369058.22	42.64240741787206	16.01541184060659	6.730030468158629	347.7793935272659	23.505100468633575	116.29818560158608	138.9828681170419	60.6636706846161	359.28	62.0	20.0	20.0	20.0	11.015092204389651	8.0	-5.028999999999988	192.66239999999968	0.545346577486021	63.16496580927726	29.164965809277263	32.41496580927726	16.148979485566358	12.119940383203877	12.119940383203877	8.751466772529655	8.751466772529655	6.191283973754031	6.191283973754031	0.9818680969127639	-6.039999999999999	0.0001664055237189488	17.979844868150177	16.01541184060659	6.730030468158629	396.24175259799	0.18956539838511507	0.984073821299455	96.0	20.0	62.0	20.0	20.0	8.0	17.0	1.4333720028366168	5913.708867991126	30699.305534408428	31196.140848326242	4.644429361187774	6.283547428170038	0.20756874247204618	359.28	active
13.216089747627446	13.216089747627446	0.027893019862265556	-3.4954143309058527	0.4363440630432078	11.5	440.5300000000002	422.38600000000025	440.08565501591005	154.0	1.1333333333333333	1.9	2.6	3.3587707478002584	1.611924735262938	1265.5352643804822	21.13961743368831	16.04237595327809	17.67536911513354	14.38796135007418	9.016681854383837	11.807802515230406	6.68799302015784	9.116640719164929	4.359719798175404	5.634233490582541	3.0211613303641744	4.185651347735935	-3.239999999999999	8322751.776306225	20.04988900450919	8.24693388233643	4.6614028143793425	177.3547166439405	49.67543074529347	75.6429755132354	35.57461573629294	65.35742915708633	99.26000000000002	30.0	8.0	7.0	10.0	5.511670298945716	4.0	3.6910000000000025	117.34180000000002	0.24409110269700196	32.277309429819105	15.910302591674558	16.54765168434597	9.804211594074335	5.13238251835191	6.877461819539073	3.1366518263798664	4.069894666712264	2.0042814903529735	2.7387876753026594	0.9180942155736297	-3.239999999999999	0.0002747119954842988	7.784831022785622	8.24693388233643	4.6614028143793425	202.6441856469611	0.3963622223802888	0.7220668323735047	48.0	7.0	30.0	10.0	8.0	4.0	8.0	0.9506947830723015	2628.450319763246	4788.339274729418	6631.435014110365	2.1400328910024835	3.993079701463443	0.23931977992415362	99.26000000000002	active
9.374814814814815	9.374814814814815	0.37918209876543174	-1.2696759259259263	0.40619749005324385	46.46153846153846	392.18300000000005	381.0950000000002	391.99928815199996	82.0	1.1538461538461537	1.7692307692307692	2.230769230769231	2.1506064729462735	2.659390479692273	151.1036009089937	10.008071689507773	6.50072043464	9.48368239108055	6.112590865130756	3.6626043312213983	7.033559191677878	2.7683435773554055	4.907015363195908	1.9184929418680794	3.95840236621112	1.1260288858557523	2.814578005499471	0.8902597402597403	791.4231820442286	11.962252634467585	5.107030989089662	2.467625715150375	90.59526974085071	9.227097544247684	0.0	56.884855466438026	0.0	90.15	13.0	5.0	6.0	7.0	4.699353454118877	1.0	-2.0187000000000004	41.35820000000001	0.5268716451456612	16.75100108736094	8.733963043801491	7.934953669458306	6.109759137732166	1.869623950214589	3.6901899319459117	1.1474379204887748	2.732922479328936	0.592016414781136	1.7223594781884668	0.9800798025659242	0.8902597402597403	0.002001268121224458	3.7254166101756483	5.107030989089662	2.467625715150375	106.39662627520558	0.19860408002440155	0.9720662959586271	24.0	6.0	13.0	7.0	5.0	1.0	6.0	0.9536877593456965	485.72516878142096	2377.378478897428	2445.6958221691225	1.463524467341261	2.601589556209697	0.626558823623912	90.15	active
9.917685185185185	9.917685185185185	1.4367283950617284	-1.5763580246913576	0.45600714707583334	15.8	180.206	176.17399999999998	179.95619776782002	58.0	1.0	1.2	1.3	1.8406191515407482	4.069511908932012	139.33658100079688	8.309401076758503	4.68212089123462	6.470975273234451	4.464101615137755	2.243577962945008	3.2763735219336527	1.5277458075381647	2.6404283810324314	0.7820552361537869	2.035167987842877	0.25779888737799134	0.5012311351580654	-0.3600000000000001	106.7559107893634	9.64	3.7221553831437983	2.4861284113319395	68.05572240230237	37.19618887192968	0.0	22.438486635868045	0.0	80.25999999999999	10.0	4.0	6.0	6.0	3.588157789350622	0.0	-2.9170000000000003	35.562000000000005	0.09372612711054935	8.449489742783179	6.08248290463863	3.7912414523193156	2.791241452319315	1.2331632475943928	2.049659828522119	0.5770195511812306	1.447810363079829	0.18539540594929912	0.3520620726159658	0.8147704104461521	-0.3600000000000001	0.0022522546167263006	4.5041243390482295	3.7221553831437983	2.4861284113319395	73.03739613858215	0.5797837340434869	0.8952507467181192	14.0	6.0	10.0	6.0	4.0	0.0	5.0	0.8311130982246075	397.4909142463586	613.7703024383734	685.584798100846	1.6765050654937368	2.169809444206015	0.6751728921607666	80.25999999999999	active
13.249257863896588	13.249257863896588	0.14641119343530296	-0.5786883897077357	0.48979940055833193	16.15625	554.2970000000003	535.1450000000003	551.9789143080001	166.0	1.15625	2.0	2.6875	3.2377776602670583	1.5572478595841037	1128.1284242354368	22.664561460070647	16.8022088935616	20.71655990564094	15.41872399336994	9.850701469570586	12.216125266074117	7.224096476757099	10.586062208876783	5.179254131215977	7.541921045251777	3.575164808520855	5.2903842719532985	-2.1299999999999994	22535385.80433116	23.042488647879395	10.207768548380601	5.256686407358569	207.82102021373709	67.97035528973569	79.13053715317508	47.37435775738638	58.64467184029413	65.54	32.0	6.0	5.0	10.0	7.35038721550751	4.0	4.8598000000000035	131.60219999999995	0.2626204795212836	34.147492672419105	19.06184368449844	17.566724863441316	10.48493506444489	5.455621865273222	8.550070440622934	3.4615349247180998	5.487822663640735	2.1184020682539058	3.409002068767473	0.9271928466015655	-2.1299999999999994	0.00017036074723771774	9.253292580638174	10.207768548380601	5.256686407358569	234.5735163491638	0.37458433657974255	0.7563179110464893	51.0	5.0	32.0	10.0	6.0	4.0	5.0	1.190639629392344	4439.50806338704	8963.747644210796	11851.82515618067	2.95173340542506	4.772963572607623	0.33563199300017926	65.54	active
12.427183484504912	12.427183484504912	0.07245370370370363	-0.07245370370370363	0.7851627421857064	12.25	298.39200000000005	288.312	298.02345494	98.0	1.1	1.65	2.2	2.4976762711486016	2.0804451143924987	663.5148558151776	13.94938298937633	10.445080997095062	12.078074158950514	9.808861750289884	6.0078528354949805	7.809947976076195	4.14662242787701	5.990323839388518	2.941827691516754	4.592483657593006	2.1318859108612713	3.506946690146956	-1.899999999999999	55748.13437203679	13.1002227667632	5.613519332328618	2.28292174799908	125.13764801766796	40.80572217750086	48.53093654769288	11.660033336098294	58.32190349872843	44.1	20.0	3.0	4.0	5.0	3.6769176879518355	3.0	4.030180000000002	82.22400000000002	0.23482386439296954	19.619172062391506	11.252165224246957	10.165047917159573	6.798041079015026	3.3934979577626976	5.004941160221274	2.307431064316023	3.6744714228631583	1.580541370767525	2.6910159377176237	0.9153233255623364	-1.899999999999999	0.0006389200418969438	5.841680555402259	5.613519332328618	2.28292174799908	139.18735301934606	0.4027197656950862	0.7372701358109025	30.0	4.0	20.0	5.0	3.0	3.0	2.0	0.6529119814319143	1153.9317715280285	2112.5345870287524	2865.3467493366397	1.639619336551938	3.2054268410566715	0.15641503326841874	44.1	active
12.799141891324432	12.799141891324432	0.018559933232552783	-1.778814729297835	0.47873049159381986	11.777777777777779	401.4690000000001	386.3490000000001	401.05039796000005	138.0	1.2592592592592593	2.0	2.6296296296296298	3.2066791976021367	1.9887790134931782	1034.8458192773264	19.551677284948283	14.487282951989688	16.12027611384514	12.896754605515328	7.832571030142601	9.862053755658554	5.657010648159384	8.173977358060299	3.9520262415187783	6.426967194465353	2.5886441569301106	4.59385130430893	-2.9099999999999997	1548252.0568654612	18.868462264875795	7.765929065213649	3.7850217333210336	161.44901482249568	39.418307199557674	75.28269707346983	27.07103977395804	63.27661497750157	93.41	27.0	7.0	6.0	9.0	5.427079241432811	3.0	3.8030200000000036	103.79730000000005	0.221044325871075	27.791130529283052	14.424123691138506	14.14407655099631	8.610403046185095	4.511377488283321	6.897146586113088	2.9255187609496223	5.163586141093854	1.765853569936245	3.4615671417437572	0.911901458524791	-2.9099999999999997	0.0004411888726519245	7.606981907181174	7.765929065213649	3.7850217333210336	182.52357232501282	0.4104092225332646	0.862975810501108	42.0	6.0	27.0	9.0	7.0	3.0	7.0	1.3074227391993927	1956.023517351835	4112.970390447577	4766.032072277067	2.1879734033900977	3.673448643172434	0.4637113302078558	93.41	active
5.828705435878055	5.828705435878055	0.7744009826152685	0.7744009826152685	0.3483395143098433	11.117647058823529	224.287	210.17499999999995	224.11822386808998	84.0	0.7647058823529411	1.2352941176470589	1.7058823529411764	2.3153309440876466	2.5297215862635367	672.1916027576739	11.991199352633217	9.643366018206592	9.643366018206592	8.147867045540842	5.525195472804339	5.525195472804339	4.339860787548746	4.339860787548746	3.142698936317558	3.142698936317558	2.2437529106781957	2.2437529106781957	-2.2899999999999996	9983.707030905933	9.90226814590861	3.350614029474251	1.4742513853272585	99.26907515893126	33.18062241352924	42.46456947923127	0.0	42.46456947923127	55.92	17.0	3.0	2.0	3.0	1.951686974899845	3.0	1.9818999999999996	71.45480000000002	0.5601225393124523	22.341640786499873	8.341640786499873	11.406888370749728	4.618033988749895	3.354837387624885	3.354837387624885	2.2562305898749053	2.2562305898749053	1.5267220926874314	1.5267220926874314	0.9839722765618814	-2.2899999999999996	0.002149983394003875	2.9317568558974565	3.350614029474251	1.4742513853272585	119.17088869023395	0.17832150447332085	0.8250255123578049	31.0	2.0	17.0	3.0	3.0	3.0	3.0	0.1635112414625776	383.7357603127226	1775.398840409525	2151.932047938359	0.5778344501398434	3.1000972632044728	0.0267227040696414	55.92	active
13.714824570291533	13.714824570291533	0.1219028798515629	-1.6596503990294231	0.5436244283014613	11.515151515151516	462.4080000000002	443.2560000000002	462.13946232791005	174.0	1.121212121212121	1.7878787878787878	2.3636363636363638	2.7798486645471594	2.2536053110768055	1385.2248982567935	24.283728092517162	17.856705871204195	17.856705871204195	15.637468008383351	9.562842686217323	9.562842686217323	6.960086275859019	6.960086275859019	4.719039299970693	4.719039299970693	2.9709262763657645	2.9709262763657645	-4.089999999999999	15302533.16738852	23.570552060380052	9.58898515942355	5.050303330856173	184.35403354191988	11.594566004035068	85.49714546799956	29.19884854888894	44.91331444308736	108.78999999999999	33.0	9.0	7.0	12.0	6.849020421406196	3.0	0.7282200000000003	110.72070000000006	0.1888132774087325	34.502954558382925	15.502954558382925	17.468062604173205	8.020849008673245	5.496878048815199	5.496878048815199	3.4406383827962363	3.4406383827962363	2.0838969690114917	2.0838969690114917	0.8556421166863489	-4.089999999999999	0.0001269633139529156	9.04050363023709	9.58898515942355	5.050303330856173	211.10652967734663	0.5175679357847668	0.5779096928829336	52.0	7.0	33.0	12.0	9.0	3.0	9.0	1.0061600624973708	4551.784880924356	5082.464389173618	8794.565053614988	2.6269471255775207	4.463967559322836	0.21663914637829626	108.78999999999999	active
11.943859479665758	11.943859479665758	0.10178961167800482	-0.4568070777693798	0.9154115561060127	17.05	353.201	344.129	351.962958628	102.0	1.4	2.15	2.85	2.972204580049013	1.615207022597153	670.3517754211728	14.11251969619286	10.115558527224994	12.518051647267425	9.631030293135236	5.796119126038052	7.468770206850299	4.158341382815202	6.243903137401369	2.747102536949898	4.417751330750247	1.819090849257102	3.1182308110225847	-1.6699999999999995	56792.88511557654	13.319405260810983	5.372133619700066	2.6121183851851875	126.63288008222777	45.19357458072704	35.0655078644434	31.828760753078615	40.2219443462641	76.88	20.0	6.0	6.0	8.0	3.5776812398006306	3.0	2.1839000000000004	77.68220000000001	0.7666801171663533	18.391563726400648	11.79405684644308	9.467939997182151	6.630221252167272	3.3470647633794806	5.117583840302737	2.0666237643629577	3.3907275730032738	1.2816010217964966	2.2712175392253293	0.9962777909563406	-1.6699999999999995	0.001599290315832483	6.399344116569054	5.372133619700066	2.6121183851851875	139.33567121597636	0.08620071488771953	0.9922411850644528	29.0	6.0	20.0	8.0	6.0	3.0	3.0	0.9135033861874524	620.4259322035342	7141.6131875033325	7197.456923781526	1.7189065836325217	4.601850668119535	0.23100964999195694	76.88	active
11.51602560468632	11.51602560468632	0.12425925925925929	0.12425925925925929	0.652178018053514	32.9375	217.292	200.15599999999995	217.13463674391	86.0	1.375	2.125	2.875	2.6467770950060294	2.196992915665399	445.558776433165	11.499635521070495	10.026290120595378	10.026290120595378	7.537529253004425	5.78504607639366	5.78504607639366	5.311604021652616	5.311604021652616	4.301377194131414	4.301377194131414	3.555150981899516	3.555150981899516	-1.22	6315.210148684386	9.96756224064916	2.9163956542223914	1.0159786073120936	96.28823670581751	5.687386274683562	23.762552697081826	31.705785714251963	18.19910120538483	29.54	16.0	3.0	3.0	3.0	1.816834700113776	3.0	1.1293	62.67800000000005	0.27473859236455783	24.80267548146378	7.80267548146378	12.795764931731807	4.2957649317318065	3.4089615328568166	3.4089615328568166	2.4825960613658604	2.4825960613658604	1.785727994055626	1.785727994055626	0.9328624586666285	-1.22	0.001606132652163937	2.459538237353039	2.9163956542223914	1.0159786073120936	120.17273520867028	0.36023274866459987	0.823481825498685	33.0	3.0	16.0	3.0	3.0	3.0	3.0	0.8062193306201846	512.7109671727368	1172.0426995206506	1423.2769482324443	0.44831166417563767	2.674273233598395	0.41226928234956506	29.54	active
13.36833484166547	13.36833484166547	0.043042433022591586	-0.043042433022591586	0.39243876106279424	10.96774193548387	425.5170000000001	406.36500000000024	425.13103122800004	152.0	0.9354838709677419	1.7096774193548387	2.4838709677419355	3.484519824710764	1.4420831161564165	1297.1002881147676	21.045394827624126	16.627032158645005	17.44352873957273	15.275989583278104	9.879333962352222	10.822143003934288	7.13005080277039	7.910084117117723	5.119737200230252	5.851786997624458	3.514439777511231	4.174262567150292	-3.839999999999998	30224836.464175556	19.143015320322792	8.491822030560808	4.082222255491286	182.9558786405313	33.96475331720233	95.4473019289327	25.885028089399803	89.88385043723571	63.910000000000004	31.0	6.0	6.0	7.0	5.243841265434844	5.0	4.788200000000003	122.71	0.29645691621950254	34.05256455842752	15.869061139355242	17.80122681769563	9.117723398623353	5.552832484481214	6.1652049201770085	3.661988986628572	4.1722993497084016	2.32196304677919	2.724823847393835	0.9395056313097172	-3.839999999999998	0.0002758010849417597	7.387375746892244	8.491822030560808	4.082222255491286	209.65031814371977	0.342533456376643	0.8110516035769717	50.0	6.0	31.0	7.0	6.0	5.0	6.0	1.3197798510791634	2940.7121576343316	6963.025849612325	8585.182273117236	2.02362193920936	4.661034520274194	0.30407322596642045	63.910000000000004	active
11.212870370370371	11.212870370370371	0.08351851851851833	-0.08351851851851833	0.5804588105051868	10.333333333333334	159.168	152.11199999999997	159.05638642391	60.0	1.25	2.0833333333333335	2.8333333333333335	2.1225522925661964	2.946471324842402	385.2980911891212	8.55204176387779	6.319563501101577	6.319563501101577	5.787693700234703	3.5906303711083236	3.5906303711083236	2.552495236820844	2.552495236820844	1.766377007185782	1.766377007185782	1.1687772934655754	1.1687772934655754	-1.77	768.3639299089631	6.9106599483478695	2.373363897516029	0.8705575862213408	69.46684008138739	16.59031120676462	30.462311845459517	4.9839785209472085	30.462311845459517	61.97	12.0	3.0	3.0	3.0	1.3667925691182348	2.0	0.8906	45.60140000000001	0.2506516725778625	12.80267548146378	5.802675481463779	6.519371729481784	3.124944538481868	2.124944538481869	2.124944538481869	1.3942226134496774	1.3942226134496774	0.8627293740350723	0.8627293740350723	0.8766938052895847	-1.77	0.0013058554138301094	2.622440832671096	2.373363897516029	0.8705575862213408	79.41774684703877	0.48104882472246785	0.5195653627692569	19.0	3.0	12.0	3.0	3.0	2.0	1.0	0.04939536078053969	397.8735756398617	429.7304515459323	827.0960351465518	0.5186671996361211	2.2799050690396094	0.005421805463320504	61.97	active
5.857655772893348	5.857655772893348	0.24291289496872137	0.24291289496872137	0.6261112398862771	15.88	342.40700000000015	320.2310000000001	342.191657324	132.0	1.32	2.16	2.88	3.2320075150856202	1.7000215689284823	864.2722587306914	17.225403871315226	14.196358031841445	14.196358031841445	12.27518824547867	8.631932166547767	8.631932166547767	6.249270419903367	6.249270419903367	4.688192359501793	4.688192359501793	3.407386388489736	3.407386388489736	-2.5199999999999996	1086135.5174896133	15.975925021379158	6.7699353647276075	2.9595421484607374	144.5182483901798	16.85126421306755	17.957138634923147	43.979736844909766	17.0227260801195	119.71000000000001	25.0	9.0	9.0	9.0	4.326239191458857	4.0	0.9249999999999997	93.63780000000003	0.20193723400608077	33.985957054463526	11.985957054463528	17.28449792216965	6.495643540169818	4.384308815802565	4.384308815802565	2.978464606827765	2.978464606827765	1.9777223621152766	1.9777223621152766	0.9027739956453587	-2.5199999999999996	0.0005379308780256939	4.600906847489192	6.7699353647276075	2.9595421484607374	175.65982592282492	0.43011523198616647	0.8630328450736059	47.0	9.0	25.0	9.0	9.0	4.0	7.0	1.319763133978245	1604.356396571055	3219.1658478379313	3730.061800328557	1.2459136790653795	3.534172541649162	0.5562178801772598	119.71000000000001	active
13.614181136446348	13.614181136446348	0.13706742882338085	-0.5826624044679607	0.46482836590706544	21.08108108108108	577.2930000000002	551.0850000000003	576.078218932	192.0	1.054054054054054	1.8918918918918919	2.6486486486486487	3.60868166543896	1.3080635091151793	1282.3422798980032	25.777445635193004	19.911001405009166	22.527043880164122	17.99120363844137	11.995052566399306	14.02598404501424	8.847141989763887	11.452538987218277	6.465827673824594	9.073311747072363	4.523925087619076	6.465579819916015	-2.83051948051948	416592490.5643714	25.803773283424967	11.698156418892427	6.019187265123267	232.41592292089697	40.703625513851605	106.43948588262029	53.91911416329896	90.83076776344065	65.54	37.0	6.0	4.0	9.0	8.158285839652507	5.0	5.1173000000000055	143.7491999999998	0.18878031910609558	43.71483329953929	20.33087577469425	22.57304772706611	11.485947660702662	6.442672519817596	8.578832194733607	4.15356406395767	6.059450478688992	2.5641448604881756	3.7542605782016154	0.8931799318667563	-2.83051948051948	0.00012982033782213504	9.129745452232067	11.698156418892427	6.019187265123267	269.0032125574987	0.4496994655439303	0.7462326555121276	63.0	4.0	37.0	9.0	6.0	5.0	7.0	1.439873879301334	5748.1952984479985	9538.572692709025	12782.304047204761	2.886518658510338	4.930612631772307	0.3729342692721176	65.54	active
12.58922052154195	12.58922052154195	0.052453703703703836	-0.052453703703703836	0.7938644474597648	12.80952380952381	294.379	280.267	294.082684068	104.0	1.0476190476190477	1.5714285714285714	2.0952380952380953	2.692071770546488	2.111525347963622	673.2252018546907	14.656489770562878	11.451046269004294	12.26754284993202	10.308861750289884	6.806711326217665	7.792309885871154	4.866535630690734	5.626460085715415	3.6383089253304686	4.158696512572795	2.7071107254720492	3.0242351803180902	-2.249999999999999	96569.99855304361	13.720242415444913	6.024933837429112	2.651577025857202	127.74442222109593	29.043837228109744	59.65783953108687	11.660033336098294	48.53093654769288	44.1	21.0	3.0	3.0	4.0	3.936359656502104	3.0	3.6641800000000027	85.50900000000004	0.12944762096665877	24.210923771927643	11.02742035285537	12.50679962669571	6.323296207623437	3.6331875946828687	4.224010070981787	2.4821990798096216	2.8501686715939756	1.6801296118558204	1.9043704643575423	0.8407965950930781	-2.249999999999999	0.00046835357743173423	4.892021634490968	6.024933837429112	2.651577025857202	147.41400922344528	0.5413511666930131	0.7006615355935968	35.0	3.0	21.0	4.0	3.0	3.0	2.0	0.9385629371722851	1496.0097869557173	1936.259823719654	2763.4738391615356	1.4035288894799953	3.243981004898779	0.3843488485922367	44.1	active
12.62649754346183	12.62649754346183	0.0852106953892664	-0.5633818342151675	0.7600162623675156	19.40909090909091	361.6120000000001	350.52400000000006	359.98352525200005	116.0	0.9545454545454546	1.6363636363636365	2.272727272727273	2.732795634017279	1.9427135404221587	683.9106772656902	15.853006672199017	11.313543413734255	13.581330251789621	10.502907755397976	6.567461863913508	7.70135528294119	4.806136673039084	5.998501399529524	3.4931233287823704	4.572826251699443	2.411137822517383	2.9883413718616607	-1.2699999999999996	119073.37136540088	15.61904949531881	6.083730365543011	2.58447526371035	141.51573014607328	52.30456540408412	38.97369349803691	43.017545930404474	28.928426870554258	49.85	22.0	5.0	4.0	8.0	4.319185713435922	3.0	2.6492000000000013	84.22600000000003	0.6230300828180587	21.253065481419185	12.520852319474551	10.975084076941442	6.608977495969124	3.8250788426785785	4.958972261706261	2.580098002939097	3.584450405841665	1.6613796211719838	2.1424839715856736	0.9891000410317774	-1.2699999999999996	0.000909959797041616	7.0928502410405985	6.083730365543011	2.58447526371035	156.97040564791916	0.14724506385932362	0.8573197955480554	33.0	4.0	22.0	8.0	5.0	3.0	2.0	0.307341452125926	942.1512888100118	5485.582532461855	6398.525452168184	1.961408563166716	4.211274906112901	0.040917218668011075	49.85	active
10.273657829406847	10.273657829406847	0.2257720579421869	-0.9087577043361976	0.2594910028457578	10.875	443.3889999999999	411.133	443.14525184391	136.0	0.7083333333333334	1.125	1.5833333333333333	2.5626347744668885	1.774054401930007	427.96981441011656	17.459972868926734	14.903357067307127	17.060855358483447	11.681540550352057	9.625704513200944	10.704453658789104	6.7411153357472875	7.986747554934095	4.509609934611694	5.228776031670469	3.0173017420359893	3.3768847905653767	-0.5800000000000001	200305.78451142987	21.46269854824936	14.736994271194776	12.795737303593443	161.12312880872952	28.560175915019904	33.39910203660883	5.969305287951849	24.26546827384644	40.129999999999995	24.0	2.0	2.0	3.0	13.178986064580469	1.0	5.654900000000006	107.89100000000006	0.6023924414261056	43.694461053936955	13.851959345113276	21.847230526968477	6.925979672556638	3.2264397150698785	4.30518886065804	1.6340531908682725	2.173427763662353	0.8482765954341362	1.1179638818311766	0.9876728633431844	-0.5800000000000001	0.0003999724910347587	3.8328786038728437	14.736994271194776	12.795737303593443	206.0821848140994	0.15653215329597772	0.8829194282538464	56.0	2.0	24.0	3.0	2.0	1.0	15.0	0.9432492132053134	2207.450382324214	12451.121309084498	14102.216930155377	2.3535462511441305	5.694989661600931	0.17458495750349992	40.129999999999995	active
13.76351883345931	13.76351883345931	0.032253147616742694	-0.880821050642479	0.5047476812324366	15.5	459.59000000000026	426.32600000000025	459.2521919160001	178.0	1.0294117647058822	1.7647058823529411	2.3529411764705883	3.3779561085994754	1.7700108426514083	1080.1848351051417	24.131181265251026	20.160259467789384	20.160259467789384	16.34235515854042	12.023132887708611	12.023132887708611	9.981747556317313	9.981747556317313	6.420516102239528	6.420516102239528	4.5070369986271155	4.5070369986271155	-3.4099999999999997	59297668.4290122	23.738288278499077	10.244233708335928	5.381953068783915	200.93072516417396	17.501745733386574	84.07493708882653	22.84017880879818	71.60493762361145	75.44	34.0	6.0	4.0	6.0	7.152369792964585	4.0	5.809100000000005	132.65319999999997	0.10691384200908234	49.566385657891466	16.566385657891466	25.328957760677536	8.88174416517758	6.096997604655691	6.096997604655691	3.8180458384912277	3.8180458384912277	2.413644791554857	2.413644791554857	0.8318573169341409	-3.4099999999999997	0.00020151795824604118	6.04020081398158	10.244233708335928	5.381953068783915	247.35280830195006	0.5549895532918905	0.8114215992585091	67.0	4.0	34.0	6.0	6.0	4.0	6.0	1.428145348162445	4026.547342583794	5887.007178477611	7255.176820357332	1.8199184936384771	4.321841339375999	0.3929631960455892	75.44	active
4.894198790627362	4.894198790627362	0.3761111111111113	0.3761111111111113	0.6083331842770509	10.0	177.21200000000002	172.172	177.02404073991	60.0	1.25	2.0	2.5833333333333335	2.53042684663605	2.5900168530532595	416.2263490920798	8.38890505706126	6.083854018411825	6.900350599339552	5.877010097711745	3.3856281410048283	3.793876431468691	2.2088121818468154	2.5739605535169265	1.4416631011949803	1.6962495102980535	0.9101513196666599	1.088590249339628	-1.4899999999999998	1072.9009829736851	7.174854570610981	2.8629650178895	1.140980214191933	73.83071412842922	12.217873443046695	35.10290111289821	14.993869839101091	30.33183534230805	44.81	12.0	4.0	4.0	5.0	1.7117798036753191	2.0	0.9539899999999998	45.51300000000001	0.396917363035241	10.697102672463695	6.513599253391421	5.474944538481869	3.3831928289457314	1.846869820660007	2.2120181923301176	1.1395068000514945	1.3940932091545675	0.6685438218257582	0.8328605890773082	0.9615913091925525	-1.4899999999999998	0.0025671843034008107	3.487141764934416	2.8629650178895	1.140980214191933	80.85556662926827	0.2744852529469532	0.7546341844408015	17.0	4.0	12.0	5.0	4.0	2.0	1.0	0.24132024733193844	293.95403494837495	808.1591307538116	1070.928335101428	0.8319637404523902	2.4761243382993987	0.04268519378294556	44.81	active
12.176104217551728	12.176104217551728	0.05351935836062882	-0.594332078255239	0.7356834551000843	13.347826086956522	313.397	290.213	313.167793596	122.0	1.173913043478261	1.9130434782608696	2.608695652173913	2.611744919067013	1.8268830121469706	627.521668685958	16.656489770562878	13.528776699886667	13.528776699886667	11.113392202930193	7.751886931142898	7.751886931142898	5.503452391516157	5.503452391516157	3.8247889385112654	3.8247889385112654	2.40474453683896	2.40474453683896	-2.1699999999999995	168457.54727982235	17.18807448091896	8.459293035386672	4.91056861996548	136.66225539169196	5.783244946364939	65.72420659954848	30.586167117543717	54.59730361615449	58.56	23.0	4.0	4.0	4.0	6.3216938586150055	2.0	2.979700000000001	90.80800000000005	0.2467381734633052	34.171958466891546	11.171958466891548	17.119172062391506	5.763710176427685	3.661648103811719	3.661648103811719	2.2104624067260668	2.2104624067260668	1.2209391578759186	1.2209391578759186	0.9222200360368207	-2.1699999999999995	0.0006025685897347371	4.075653182376987	8.459293035386672	4.91056861996548	169.12130378591715	0.38666549514049636	0.8793779074609531	46.0	4.0	23.0	4.0	4.0	2.0	11.0	1.2709877242620375	1459.3822553015466	3319.014833186527	3774.2758887013556	1.4990062861014424	3.6939287811512727	0.46578661128552235	58.56	active
13.891536718886105	13.891536718886105	0.11843450047093596	-1.0074768256067863	0.2791741592383555	12.45945945945946	491.5470000000002	466.3470000000004	491.18450628	184.0	0.8108108108108109	1.5405405405405406	2.189189189189189	3.6762427158730113	1.5639736764905474	1432.2879694114713	25.614308928376467	20.151776005837515	20.151776005837515	18.114193540729627	11.87851351997721	11.87851351997721	8.506486549492575	8.506486549492575	6.066966985583922	6.066966985583922	4.20444664201021	4.20444664201021	-4.909999999999998	515002842.19061273	23.81427678993766	10.784333063582661	5.20584383603262	213.92553707873518	17.501745733386574	132.80266956369692	16.79833797965022	124.74982103553516	88.58	37.0	7.0	5.0	7.0	6.941110610027943	5.0	6.200100000000005	139.63919999999982	0.0993208600720053	42.974633948355326	17.974633948355326	22.2372060511414	9.789992455641443	6.505245895119557	6.505245895119557	4.300263092647109	4.300263092647109	2.7625499730947682	2.7625499730947682	0.8193377468192757	-4.909999999999998	0.00016342037607094221	8.311337361713454	10.784333063582661	5.20584383603262	249.1078562151689	0.5733111342343812	0.7732738407195682	62.0	5.0	37.0	7.0	7.0	5.0	9.0	1.35595593440813	4731.8079869298745	6382.194792862554	8253.4730347578	2.4224927111490886	4.438528249981728	0.4304130420062527	88.58	active
13.306469907407408	13.306469907407408	0.042597434807255974	-1.6596990740740738	0.5762715251489836	58.84	348.4390000000001	320.2150000000001	348.193673996	138.0	1.16	1.88	2.6	2.6780130469663304	1.7731080580096314	685.5739978069821	17.991199352633217	14.994636181681566	14.994636181681566	11.627333743150743	9.58819400202855	9.58819400202855	9.88983838763768	9.88983838763768	8.890125877298784	8.890125877298784	7.7384434290310375	7.7384434290310375	-0.7500000000000002	496048.3566895734	16.425581486412405	4.382230814991077	1.4446147693948281	147.61216098767338	5.783244946364939	12.152040213667764	45.70475302346718	12.152040213667764	86.99000000000001	25.0	5.0	5.0	5.0	2.8792275737561352	6.0	1.4048	89.26440000000005	0.1883715463745066	40.04124145231931	12.041241452319316	20.69948974278318	6.974744871391589	6.183078204724922	6.183078204724922	5.033035683290184	5.033035683290184	3.893516132108952	3.893516132108952	0.8901684015952789	-0.7500000000000002	0.0008063604370215366	4.142977777777777	4.382230814991077	1.4446147693948281	187.2113457667538	0.4556316679087466	0.9541093317758134	53.0	5.0	25.0	5.0	5.0	6.0	5.0	1.1880500814105177	1183.2293450556908	2477.7254068624557	2596.898829456838	0.7262193953440412	2.9966382699691256	0.5278078713137033	86.99000000000001	active
12.689550815696649	12.689550815696649	0.06555697278911543	-0.06555697278911543	0.558992300381949	12.26086956521739	358.51300000000003	344.40100000000007	358.02682606800005	116.0	1.2173913043478262	2.0	2.782608695652174	2.575756558850516	2.0702366063451643	785.6482143002183	16.233840039752504	12.483085799555846	14.932575542339025	11.24071340286802	7.118442499031232	9.906136199265935	4.741441444669069	7.9225727807560435	3.317978956516468	5.844577284206577	2.418371767343779	4.466353977640434	-1.5499999999999994	219681.1253912428	16.31278931265088	7.346882960866663	3.3699098127634532	147.99064227182637	52.56760712689198	42.46456947923127	17.412886942845084	57.151019905784594	44.1	23.0	3.0	5.0	6.0	5.2107892976227195	3.0	5.142180000000003	98.62200000000001	0.2821118062199395	25.02742035285537	13.476910095638548	12.823296207623438	8.272785950406615	3.8017462482265616	6.2296860316128635	2.562586245855937	4.439936967482899	1.756456252920854	3.2187605841776175	0.9282812988313962	-1.5499999999999994	0.00033509398540931747	6.396026834176765	7.346882960866663	3.3699098127634532	167.66022927417572	0.3718787843369076	0.6767151870511823	37.0	5.0	23.0	6.0	3.0	3.0	5.0	0.6324904103008588	2019.4787627255514	3674.8854901752475	5430.4758641352955	2.0430808941417054	3.9389406501662467	0.08368860839000092	44.1	active
11.64716017888637	11.64716017888637	0.14537037037036993	-0.40131377551020253	0.8279693246158506	18.63157894736842	253.301	238.18099999999995	253.11137587982	98.0	1.0	1.736842105263158	2.526315789473684	2.6278592436370745	2.1083178885481204	580.802846497346	13.242276208189782	10.556619078004378	10.556619078004378	9.254020195423491	6.519891162799386	6.519891162799386	4.915150489420687	4.915150489420687	3.702496326231398	3.702496326231398	2.7208295865999954	2.7208295865999954	-1.9999999999999996	34288.30741097655	12.055401662049862	4.938271604938271	2.2907231555880205	112.08076431761829	0.0	59.15492395432226	13.08951281182515	42.46456947923127	58.15	19.0	3.0	3.0	3.0	3.1333077744119198	3.0	1.1113999999999997	70.19270000000003	0.2209399070896889	24.263710176427686	9.263710176427685	12.55267548146378	5.1054618859638214	3.493658487088832	3.493658487088832	2.3377993090860723	2.3377993090860723	1.5263516061114222	1.5263516061114222	0.9016514122869415	-1.9999999999999996	0.000682843961699484	3.764705882352941	4.938271604938271	2.2907231555880205	133.2133784523738	0.432463559992011	0.6686273490143497	34.0	3.0	19.0	3.0	3.0	3.0	1.0	0.755159285612009	979.1802908386983	1513.9003204863625	2264.1914404459576	0.9784810610404004	3.0644006370975188	0.2807236477120505	58.15	active
12.585996315192743	12.585996315192743	0.11684901738473163	-0.11684901738473163	0.7960220505955865	12.090909090909092	328.418	316.32200000000006	328.03401962400005	110.0	1.2727272727272727	2.0454545454545454	2.8181818181818183	2.565066597954981	2.101434750856039	770.9813900040946	15.526733258565956	11.775979018369299	13.408972180224751	10.74071340286802	6.530908873713735	8.33300401429495	4.5125528880087815	6.356254299520288	3.242676982947911	4.893332949024162	2.288892858420833	3.6443117826735567	-2.0999999999999996	138010.8432363698	14.821373616063049	6.34236026015647	2.652756575567789	136.61613536157142	40.80572217750086	42.46456947923127	18.769830877375828	52.255536430266815	53.33	22.0	4.0	5.0	6.0	4.272840501065904	3.0	4.038780000000002	88.77600000000002	0.23292278480600243	22.52742035285537	12.160413514710822	11.573296207623438	7.206289369478889	3.699684175610596	5.3111273780691715	2.5115552095479545	3.878595568095089	1.7054252166128714	2.815899783562972	0.904793075650589	-2.0999999999999996	0.00039820482284298286	6.185535280758086	6.34236026015647	2.652756575567789	153.47578136358513	0.4258514884965739	0.6507336321306207	34.0	5.0	22.0	6.0	4.0	3.0	4.0	0.49118030059617546	1634.168133586903	2497.1338454994698	3837.4132243993563	1.7832224160216308	3.4830978808158015	0.0901624017889732	53.33	active
11.948155706727135	11.948155706727135	0.04518518518518477	-0.6502721088435373	0.6450980075832928	10.8	267.216	260.15999999999997	267.03099406373	100.0	0.85	1.55	2.25	2.3753605883995608	2.289397285517239	846.5071386809369	14.27565640300939	10.082693336646697	10.082693336646697	9.541713895658196	5.778162884006386	5.778162884006386	4.293824177005217	4.293824177005217	2.906841387554058	2.906841387554058	1.989808350148683	1.989808350148683	-2.9499999999999997	38062.77806851456	12.102762105524212	4.307802293511395	1.9482607084715258	112.51920203793705	10.969244356107037	52.68789705520363	0.0	51.67625760035644	99.39	20.0	5.0	5.0	5.0	2.6068153178	3.0	0.6807999999999995	66.25800000000002	0.5772978137512731	16.541241452319316	9.541241452319316	8.72474487139159	5.224744871391589	3.701806944007555	3.701806944007555	2.395620726159658	2.395620726159658	1.5696534720037774	1.5696534720037774	0.9854960765486755	-2.9499999999999997	0.0013792874748024045	6.47230539970012	4.307802293511395	1.9482607084715258	122.35399553911171	0.16969821185612735	0.830301788165243	27.0	5.0	20.0	5.0	5.0	3.0	1.0	1.3141551439572583e-05	601.9787776904095	2945.370196225948	3547.348973840549	1.3940706022567182	3.6435163943516766	4.9942618620051876e-11	99.39	active
12.96429720962459	12.96429720962459	0.015228647014360996	-0.08629616507096616	0.6217507612165177	12.52	332.3830000000001	314.23900000000003	332.14045039591	126.0	1.08	1.84	2.6	2.882857545105523	1.943164649485893	995.6429793971824	17.551677284948283	14.16658921862812	14.16658921862812	12.058550648063802	8.23505437447606	8.23505437447606	6.494126117753572	6.494126117753572	4.477145900206087	4.477145900206087	3.3052289614036314	3.3052289614036314	-2.919999999999999	691709.9565150741	15.598585502468657	5.861437575030013	2.529527959331882	145.47414096274773	22.504032656281023	53.59147246262526	42.85198997534216	42.46456947923127	68.28999999999999	25.0	5.0	5.0	5.0	3.6572054072595286	4.0	2.4933000000000005	97.1012	0.30360910088026	30.1581373674276	12.1581373674276	15.670709470213675	6.723495874713716	4.863085678088748	4.863085678088748	3.426310009972824	3.426310009972824	2.5123409411410327	2.5123409411410327	0.9334131327450036	-2.919999999999999	0.00034104467430690814	5.286751447717922	5.861437575030013	2.529527959331882	170.82166659800666	0.35880346099105354	0.6582166778286539	43.0	5.0	25.0	5.0	5.0	4.0	6.0	0.4243591323457059	1930.0013382889565	3540.54296350583	5378.993092647675	1.239518543419926	4.039905543125113	0.05091889743758953	68.28999999999999	active
11.21865861468044	11.21865861468044	0.09029218631897185	-0.4547250566893426	0.5980812809314172	24.05263157894737	266.257	252.14499999999998	266.10260208782	104.0	0.8947368421052632	1.3157894736842106	1.7894736842105263	2.25390403778412	1.907792685909168	404.41112254140677	13.991199352633217	10.53473171897765	10.53473171897765	8.935560745775545	5.950073613785578	5.950073613785578	4.7221876172282276	4.7221876172282276	3.039008128250925	3.039008128250925	2.191354007586441	2.191354007586441	-1.8	14747.294119221498	13.62748460330878	5.452549385233961	3.5816060699092143	109.6424899725351	23.628718917406022	10.633577208012662	72.19416123781782	0.0	102.96000000000001	19.0	8.0	6.0	8.0	3.910764884002976	2.0	-1.1400999999999992	64.22100000000002	0.2896209243504087	22.921847543855286	8.921847543855286	11.552564558427516	4.552564558427517	3.0226612407587754	3.0226612407587754	1.677280660982512	1.677280660982512	1.0465392750025486	1.0465392750025486	0.9370465329548331	-1.8	0.0011519560427916244	4.353582037730025	5.452549385233961	3.5816060699092143	129.3120769748844	0.3492045175499979	0.8796329924021153	33.0	6.0	19.0	8.0	8.0	2.0	4.0	0.9944330210072289	763.5994427968211	1923.4781599518851	2186.682601228066	1.249374792810024	3.0252868783929507	0.44762033990307815	102.96000000000001	active
11.83543965734442	11.83543965734442	0.34173044217687054	-0.34173044217687054	0.8604771353565335	10.333333333333334	261.346	246.22599999999994	261.08234972	94.0	1.3333333333333333	2.0	2.611111111111111	2.6611900580855776	2.4738551879462065	560.6730103519731	13.120955864630139	10.395953267715894	11.21244984864362	8.647065707741406	5.761637233826859	6.578133814754584	3.881932572200951	4.934131413524193	2.6895452499808723	3.859595221501873	1.8577729151805844	2.925263708093184	-1.8099999999999996	14977.177646905631	12.64185029514772	5.22697987596814	2.2410806289279526	110.20358708012229	22.307173142574452	41.45873832570204	12.576187252464766	30.33183534230805	52.32	18.0	3.0	4.0	4.0	3.671038727096612	2.0	3.482420000000001	74.86090000000002	0.5179605596636393	23.671958466891546	9.488455047819272	11.888654714909553	5.310724104837362	2.9779204060535767	3.976991172816358	1.9645791566201634	2.974424903081383	1.245514673588843	2.1345696081514642	0.9797587743010644	-1.8099999999999996	0.0013220851899450497	3.60512595926582	5.22697987596814	2.2410806289279526	131.39425784711614	0.20018177784223046	0.8162513058873804	33.0	4.0	18.0	4.0	3.0	2.0	6.0	0.4243453814188436	617.3969061111006	2517.4670556737383	3084.1813513999787	1.0468844910784876	3.4493632660189713	0.06095032649766399	52.32	active
12.473499622071051	12.473499622071051	0.15776738473167073	-0.4837792894935755	0.7990794713469409	18.571428571428573	301.35100000000006	288.24700000000007	301.07647023591	108.0	1.2380952380952381	1.9523809523809523	2.5714285714285716	2.9799503919873134	1.862349944357547	678.7544997432468	14.982763184195939	11.6074573805261	12.423953961453826	10.041713895658194	6.465034087556357	7.344686898811252	4.966529493766352	6.136415719560828	3.1806533548237215	4.231349542668305	2.4046218786103855	3.2935184703998353	-2.1500000000000004	81933.73602769118	13.815788520262926	5.325099096637938	2.687278217318938	125.4952167053796	29.263630682777688	35.65332426354336	27.26166110528726	29.682857761970077	77.26	21.0	6.0	5.0	7.0	3.5033544270758523	3.0	1.4748399999999997	78.02300000000002	0.6198350688457457	23.013599253391423	10.830095834319149	11.83174416517758	6.148240746105306	3.669885925749857	4.64740673311576	2.3005581612730075	3.13687574221712	1.527030506482637	2.1946612813919866	0.9884589086347768	-2.1500000000000004	0.0014656545764616209	5.241679339513756	5.325099096637938	2.687278217318938	143.75983320756112	0.15148922714353633	0.9840666487015619	34.0	5.0	21.0	7.0	6.0	3.0	5.0	0.6554845764845523	671.4178528185631	4361.497703566265	4432.116167457858	1.329164853129069	3.9628690409399927	0.13037504323669502	77.26	active
12.692952176240865	12.692952176240865	0.04209023578567295	-0.16977088057445178	0.591946431215491	12.083333333333334	354.456	340.3440000000001	354.04966968800005	120.0	1.1666666666666667	1.9166666666666667	2.6666666666666665	2.6247108066509552	2.1071515907531406	858.3375323433237	17.10408352775558	12.983085799555846	14.616078961411299	11.651397005390978	7.433320755029693	9.235415895610908	5.138131342779429	6.981832754290937	3.6785994307153076	5.3292553967915595	2.5596802640914467	3.9150991883441706	-2.2299999999999995	341023.4256865453	16.621608874770825	7.118487289121332	3.052282537185257	148.39399646090152	46.5889671238658	48.02802097092827	17.443278282463233	52.255536430266815	61.17	24.0	4.0	5.0	6.0	4.930029645825102	3.0	4.622880000000002	96.84550000000002	0.23681684014909726	25.52742035285537	13.160413514710822	13.119172062391506	7.7521652242469585	4.09762210299463	5.709065305453206	2.7730241732399707	4.140064531787106	1.8470232567942535	2.957497823744355	0.9030468280757665	-2.2299999999999995	0.0003118608305373672	6.583206110953038	7.118487289121332	3.052282537185257	168.06358346325084	0.42954211237350987	0.630303719279343	38.0	5.0	24.0	6.0	4.0	3.0	5.0	0.4657423525363203	2021.1057547472926	2965.7405818369884	4705.25635677331	1.9526028759368783	3.6975396485150056	0.08431736281915828	61.17	active
12.674716843502015	12.674716843502015	0.006264871191819399	-1.699794390786819	0.2003852832862076	30.31578947368421	538.5020000000004	508.2620000000004	538.1697381798199	210.0	1.105263157894737	1.8421052631578947	2.473684210526316	2.9025430933592338	1.7100105565538066	1049.6930746046644	27.982398705266423	20.719719351196304	20.719719351196304	18.102993165772695	11.792402803405565	11.792402803405565	8.66308677542536	8.66308677542536	6.261858292409146	6.261858292409146	4.141495117685096	4.141495117685096	-3.1999999999999993	176112254.98629406	29.35736058601134	13.043572084481173	6.617006607296753	217.6306077824036	11.938610575903699	47.24686231247503	89.68420063523354	41.683410820778036	207.32999999999998	38.0	13.0	13.0	13.0	10.076969710888037	3.0	-1.8981999999999968	121.68520000000001	0.1268016526847053	47.80722777603022	17.80722777603022	23.80722777603022	9.174234614174768	6.191071366580375	6.191071366580375	3.94128397375405	3.94128397375405	2.3250885501609155	2.3250885501609155	0.8411615791604091	-3.1999999999999993	0.00015020149401349825	8.909631037326543	13.043572084481173	6.617006607296753	260.1264038199469	0.540783873413739	0.7146787749455461	68.0	13.0	38.0	13.0	13.0	3.0	15.0	1.2934801106762432	4758.133596735859	6288.162900413952	8798.58633117105	3.0582477547763034	4.292552459195309	0.3527492963609058	207.32999999999998	active
13.833761594610397	13.833761594610397	0.0027641378571463537	-2.053987939804821	0.10069680907008334	16.0	709.5480000000002	688.3800000000002	709.0878968111898	270.0	0.6346153846153846	1.1346153846153846	1.6538461538461537	3.5003443106614656	1.4733971820540521	2087.049611405082	37.852277714339984	26.261140786018547	26.261140786018547	24.620009051525578	15.058874293502802	15.058874293502802	11.410905155834444	11.410905155834444	7.902525921891832	7.902525921891832	5.416513927868852	5.416513927868852	-7.1	185910954095.46774	36.18742352198259	14.794157155648653	7.858143485097151	292.4213847831947	29.953241258641278	100.6233153183966	36.085153927304	72.8060578599116	303.51	52.0	16.0	16.0	16.0	10.295431358504366	5.0	-3.7588999999999944	154.21599999999967	0.09569932353604992	45.53197264742181	24.53197264742181	23.6283587594067	13.1283587594067	9.2013817296602	9.2013817296602	5.8610012279099255	5.8610012279099255	3.742894310368121	3.742894310368121	0.8102461081402963	-7.1	0.00011435129769513948	17.710100675193047	14.794157155648653	7.858143485097151	321.9257652867194	0.586089791963231	0.9538329786097348	73.0	16.0	52.0	16.0	16.0	5.0	12.0	1.9168387715568644	8341.251895126308	13574.986716304318	14232.037495799972	5.038577165983948	5.04705348932675	0.6478722281731496	303.51	active
12.489661359914336	12.489661359914336	0.008558437263794128	-4.428642518722942	0.6921866327064305	13.12	368.3600000000001	355.25600000000014	368.0686058959101	132.0	1.24	2.0	2.72	2.988021819464695	1.7863456398048545	891.3740944072265	18.02673325856595	13.078594254429998	13.895090835357724	11.832318457408352	7.251910332635373	8.570842225622194	5.26938968567655	6.614257253598467	3.4354563282041464	4.560926311952499	2.195316357418209	3.264137843721783	-2.42	462333.6281039528	17.40456050914931	6.830535910566682	4.162906791083963	143.26279233965144	21.83297047813683	47.78605840046659	26.960036016015277	41.68511539574183	66.18	25.0	5.0	4.0	9.0	4.755299022615003	3.0	3.1443200000000013	85.69940000000004	0.2292766746422581	24.700279076919145	12.516775657846871	12.641750743608108	7.291580657869169	4.177406345990047	5.2841363414573514	2.488519593270838	3.381483734923725	1.5136124769263286	2.2766111159795717	0.9071953016363693	-2.42	0.00031765162377642755	7.44583257827686	6.830535910566682	4.162906791083963	161.52740884183297	0.4207097392370385	0.6788628591577187	38.0	4.0	25.0	9.0	5.0	3.0	6.0	0.9002819612359403	2137.1301398903665	3448.501762258187	5079.820932517689	2.034361072399496	3.8048577067864398	0.24323721556697717	66.18	active
13.133350497606452	13.133350497606452	0.05169448643654917	-0.05169448643654917	0.4883133194816554	10.655172413793103	402.86500000000007	385.72900000000016	402.11271142391007	144.0	0.9655172413793104	1.7586206896551724	2.4482758620689653	3.278303995299119	1.6230879233088715	1081.917715778155	20.053830996061407	15.442047802811116	16.19797674882957	14.186673185801062	9.01383620198722	9.391800674996448	6.524661911556097	6.9610976920280825	4.472789104218639	4.707886207006377	3.039949636142216	3.2528346867034643	-3.509999999999999	7286804.309295182	18.834864805728266	8.665239109997108	4.672205242031773	172.75869201026626	23.195505894267583	95.79516720604505	20.97381857954696	79.64563090890974	73.08000000000001	29.0	6.0	4.0	7.0	5.6278830050380915	4.0	3.925100000000003	111.371	0.25411277216804135	31.02228074097288	14.778209686991335	16.105567561486357	7.9835320344955845	5.01077558741297	5.388740060422197	3.147548334540196	3.33653057104481	1.9568410359665267	2.098577713344987	0.9198825430323843	-3.509999999999999	0.00022194223673895443	7.387806841900952	8.665239109997108	4.672205242031773	196.643190513119	0.3921939660732605	0.6961998368177426	46.0	4.0	29.0	7.0	6.0	4.0	6.0	1.0578764288742442	3136.851493646087	5568.355678348089	7998.214569828781	2.207486647708426	4.553108045426061	0.24171431905769347	73.08000000000001	active
11.05663312547241	11.05663312547241	0.04032407407407401	-1.4753561980347696	0.42398891834482255	14.375	223.20799999999997	212.11999999999998	223.07352757173	88.0	1.4375	2.0625	2.5	2.2285003925825153	2.948160261851516	407.8055448072955	12.344934982691242	8.649501019800503	8.649501019800503	7.386864559379061	4.550312368421672	4.550312368421672	3.7217659203293856	3.7217659203293856	2.3348948529005633	2.3348948529005633	1.2528159674626302	1.2528159674626302	-1.79	2745.5124836616587	12.280372976776919	4.3777686661371735	2.4142442058702147	92.29528383457094	5.969305287951849	23.762552697081826	11.508230540335195	18.19910120538483	124.30000000000001	16.0	6.0	6.0	6.0	3.36003950163823	1.0	-2.651799999999999	49.773100000000014	0.4867749372488557	18.52742035285537	7.527420352855369	9.08174416517758	3.7401033786777056	2.6311159656540966	2.6311159656540966	1.4971037494855524	1.4971037494855524	0.7378351555618212	0.7378351555618212	0.9763801627296258	-1.79	0.002076994858069206	3.9017013311900786	4.3777686661371735	2.4142442058702147	107.92412923313188	0.2160596626584182	0.8710340845389196	27.0	6.0	16.0	6.0	6.0	1.0	6.0	0.6924246171799077	419.37228739634	1690.6791019606883	1941.002231681492	1.0675466145193515	3.0124102729049134	0.2918810735948381	124.30000000000001	active
13.145182508188462	13.145182508188462	0.3738130406483575	-1.8573672524565386	0.3569038426756744	25.272727272727273	459.33900000000017	444.2190000000003	459.0590938195499	176.0	0.8787878787878788	1.5151515151515151	2.1515151515151514	2.7442461388821813	1.947254625601298	1259.4508502448143	24.187351775339852	16.712027823381273	16.712027823381273	15.488978758390347	9.53890543679688	9.53890543679688	7.484843014434409	7.484843014434409	5.216406401816182	5.216406401816182	3.4747756129500944	3.4747756129500944	-3.7100000000000004	16385092.375392951	22.482736812110673	8.008932265050486	3.7416026989783324	183.90128279078127	10.969244356107037	34.48879584981881	46.02547446485053	33.47715639497161	224.65999999999997	33.0	12.0	12.0	12.0	5.45644594730762	4.0	-2.9656999999999987	98.13340000000004	0.1876436725264646	30.398979485566358	15.398979485566358	15.536607049870563	8.311862178478973	6.122257584428272	6.122257584428272	4.062074785652649	4.062074785652649	2.6033747591868956	2.6033747591868956	0.8681819051699188	-3.7100000000000004	0.00016652455439439729	10.482059933889424	8.008932265050486	3.7416026989783324	205.23585106768024	0.4962460876778073	0.6127467069512899	48.0	12.0	33.0	12.0	12.0	4.0	7.0	0.8601204355006559	3679.6177547490006	4543.458816194876	7414.905318383142	2.5439426669309086	4.12580497097623	0.18892579903978732	224.65999999999997	active
5.031635802469135	5.031635802469135	3.0	-3.0	0.6708982130246257	15.2	298.03	293.99800000000005	296.939944588	38.0	1.2	1.2	1.2	0.7219280948873623	3.0237157840738176	23.11941547876375	4.5	2.226857250414544	6.010923197543572	2.0	0.6041940935369895	8.858888922456572	0.4266108742211503	10.96891689994801	0.0	0.0	0.0	0.0	1.1883116883116884	3.6096404744368114	6.188311688311688	1.7613685841923001	37.34967810713577	42.05425794494746	18.83627552425153	0.0	0.0	0.0	52.04	5.0	2.0	2.0	5.0	2.179979559396444	0.0	0.19530000000000025	20.080800000000004	0.05857218067656775	5.966583903035208	5.750649850164236	2.3107428163413295	8.185188066819965	0.32222994187856957	9.095982190600811	0.0	0.0	0.0	0.0	0.7532673390884187	1.1883116883116884	0.0034297579026091106	1.9731170922997512	1.7613685841923001	37.34967810713577	47.90636647457206	0.657714463777902	0.8019806780951172	9.0	2.0	5.0	5.0	2.0	0.0	2.0	0.6875454457611259	233.83011304822082	285.1195206264987	355.51918944446527	0.6950772918619281	1.21123155349652	0.5890695021012312	52.04	active
13.540645904195014	13.540645904195014	0.027301635453691908	-0.8681604308390025	0.6340188440515797	14.67741935483871	417.5090000000001	390.2930000000002	417.2052417240001	160.0	1.096774193548387	1.8387096774193548	2.3870967741935485	3.388721307029951	1.8013612381605546	1033.8760882883234	22.009860921691388	18.038939124229742	18.038939124229742	14.842355158540421	10.523132887708611	10.523132887708611	8.921087384537493	8.921087384537493	5.392694655906615	5.392694655906615	3.487781654944846	3.487781654944846	-3.4099999999999997	13840974.6357445	20.846321012033048	8.377602009403072	4.6836927624516065	181.83589882098414	17.501745733386574	84.07493708882653	22.84017880879818	71.60493762361145	75.44	31.0	6.0	4.0	6.0	5.633618735453856	4.0	4.638800000000003	118.80220000000003	0.04270055773025156	42.066385657891466	15.066385657891464	21.578957760677536	8.13174416517758	5.721997604655691	5.721997604655691	3.5680458384912277	3.5680458384912277	2.1981939418361094	2.1981939418361094	0.7116920816333898	-3.4099999999999997	0.00022478250858315622	5.881582837296936	8.377602009403072	4.6836927624516065	219.82815895775337	0.7024915522199058	0.8153232370766245	58.0	4.0	31.0	6.0	6.0	4.0	6.0	1.6656418600892315	3627.1649525390144	4209.747236347182	5163.286221844242	1.5894696837486912	3.9457273447376062	0.6823627763839015	75.44	active
12.75486079617032	12.75486079617032	0.053948832619467924	-3.571283882380112	0.4257674637299635	18.689655172413794	414.39500000000015	400.28300000000024	414.052171788	148.0	0.7241379310344828	1.0689655172413792	1.3793103448275863	2.656890777317234	1.9441514993330422	1076.5433035258095	21.181433796945203	14.848129768980177	15.664626349907904	13.642667526962095	8.296859816252708	10.118227021298624	6.397805294171536	8.46229565889504	4.223741935611743	5.725403214794782	2.8635238574025172	4.342135487179184	-3.6599999999999993	2193954.128277479	20.084024286545272	7.758563745863359	4.793585621745115	164.75092683526944	39.14731084581733	91.03268512875655	35.553371241822795	59.67714560783141	137.49	29.0	9.0	7.0	10.0	5.373213196573426	3.0	2.967500000000001	105.80760000000004	0.7551564294984976	27.66041351471082	14.476910095638548	14.123216107869307	8.606379355463702	4.998118243827194	6.413240109677608	3.0157321991665844	3.9614379681957117	1.8458816177372834	2.721827611175796	0.9959316436530731	-3.6599999999999993	0.0010091806969733078	8.784293010467668	7.758563745863359	4.793585621745115	184.4205138376188	0.09011193689233463	0.9661224480144243	43.0	7.0	29.0	10.0	9.0	3.0	4.0	0.9539569998532661	957.3334596192514	10263.915941331252	10623.825129439505	2.3501205960019087	5.133984039622772	0.17040809328268008	137.49	active
11.742638311497437	11.742638311497437	0.19686191347266413	-1.6778229357756766	0.42063059149991666	12.0	355.27800000000013	344.1900000000001	355.04813521154995	136.0	0.9230769230769231	1.5384615384615385	2.1153846153846154	2.582012630088	2.0467402262209844	856.2647524998478	19.26722023457211	13.169245527604087	13.169245527604087	12.256927950821467	7.305923583851048	7.305923583851048	5.269281577153609	5.269281577153609	3.330163759156746	3.330163759156746	2.0387320173638357	2.0387320173638357	-3.68	440411.3123014801	18.6556978307624	7.929113273160404	4.9058123190888026	147.39630517033086	18.014630682737582	53.60112550099753	18.042576963652003	42.47422251760354	158.67000000000002	26.0	8.0	8.0	8.0	5.689351588075689	2.0	-2.101399999999998	78.29300000000003	0.368606300655842	23.265986323710905	12.265986323710905	11.837117307087384	6.337117307087384	4.197597755906153	4.197597755906153	2.3998299142610597	2.3998299142610597	1.3436436964131622	1.3436436964131622	0.9572040777933848	-3.68	0.0004212706060666897	8.613388429752067	7.929113273160404	4.9058123190888026	162.85098067217675	0.2894138100639213	0.8076034105779599	37.0	8.0	26.0	8.0	8.0	2.0	6.0	0.9924078729562248	1917.0656555375988	5349.533117898169	6623.9605328929765	2.6267897125089754	4.421409204411771	0.2275697291279865	158.67000000000002	active
13.067552560407899	13.067552560407899	0.07962817302847047	-3.4852395881889016	0.5896836741077904	14.75	455.5640000000002	428.3480000000002	455.1870833039101	170.0	1.15625	1.90625	2.59375	3.154406242142406	1.4512595603079386	1229.4469408727928	22.88010440969447	18.36907682211848	19.185573403046206	15.192491802714489	10.509918714816369	12.35823033408087	8.23172960785655	9.880343992516307	5.203243419902143	5.745707314915075	3.847828515246436	4.344342308703592	-3.27	15606298.706749868	21.942960480750312	8.696908849708903	4.960135055262494	187.419307835379	44.0260311420423	53.01106884168329	67.66947912273501	42.595045982382736	112.5	32.0	9.0	6.0	10.0	5.9636227248078155	4.0	3.3104000000000013	127.27370000000003	0.38737783230058404	42.3162747348552	16.13277131578293	21.475471371381897	9.521107509182617	5.628394367903893	6.761101233395266	3.4566839957478837	3.8796164730004534	2.281136669040804	2.6127820533758457	0.9609358701499995	-3.27	0.0003189496976501884	6.404944390936263	8.696908849708903	4.960135055262494	225.4696246043865	0.27677112107129836	0.8104345764050165	59.0	6.0	32.0	10.0	9.0	4.0	9.0	0.9996426144144815	2540.9479374828243	7440.342971514751	9180.683041090319	1.7407255486070934	4.585961728962271	0.20735372326368373	112.5	active
12.413160279658747	12.413160279658747	0.07577475434618308	-3.8730798078401336	0.7386563898795472	12.037037037037036	436.3170000000001	417.1650000000002	435.042247068	148.0	1.2592592592592593	1.962962962962963	2.5925925925925926	2.9790695605283632	1.9631483939932124	922.3772311397967	20.24227620818978	14.953217030930071	17.281571503894707	12.46014554224993	7.920625451321329	10.328819623659939	6.635193756609428	9.346241403125681	3.0820821391104283	5.057159343232749	1.9557832855982655	3.6833516152667687	-1.8399999999999992	589977.9148365976	21.459965397600275	8.450621957950462	6.674753590730531	166.66697338381707	39.13237298782095	39.69854324659038	36.854207888765686	27.839008048284864	111.39	27.0	8.0	7.0	11.0	6.7166686965117774	2.0	3.4175000000000013	99.59050000000003	0.16947000830644918	31.54705947530151	14.875413948266145	15.681807609465956	8.473686207578845	4.25434809689354	6.5705156160322	2.1594272646261605	3.729493120067166	1.2547687384213595	2.535971332230982	0.8847073804411353	-1.8399999999999992	0.0003030606082005238	7.201063326850461	8.450621957950462	6.674753590730531	193.41946951924376	0.4661468127028053	0.8148831880533606	46.0	7.0	27.0	11.0	8.0	2.0	6.0	1.3608351094436912	2688.8456170264894	4700.4399233826725	5768.237696265831	2.253831995202752	3.883032341295278	0.528487984212731	111.39	active
12.79874716553288	12.79874716553288	0.1616646589191233	-1.38087962962963	0.3039650931703881	15.379310344827585	645.8790000000001	639.8310000000001	641.69596885182	146.0	0.7931034482758621	1.3103448275862069	1.8620689655172413	3.0020470201468092	1.9884161851692688	1190.849461122087	20.66240774895752	14.017200959493978	20.361187115952795	13.768598626213198	8.166848770210853	11.338841848440262	6.474713342684618	9.769383680148358	4.9973897404106165	7.61594547280526	3.7549991003527823	6.157615286438369	-1.5499999999999994	4757764.199409469	19.415670898617687	6.471880527860177	2.44304409897558	197.71108393937476	69.68908087974924	76.5428864408873	5.969305287951849	54.28908047409932	81.65	29.0	5.0	5.0	9.0	4.332962152555356	5.0	5.451800000000001	114.38950000000003	0.2458685052818595	19.553099344356223	19.89708550081504	10.684797962641975	10.856791040871384	5.995193368591276	9.167186446820683	4.517455181242553	7.074672284020025	3.3023106463786664	5.582249573229916	0.9123666794342269	-1.5499999999999994	0.00014406932463991823	13.69273040511514	6.471880527860177	2.44304409897558	206.14090694038163	0.40937396382545227	0.6611820953070057	35.0	5.0	29.0	9.0	5.0	5.0	0.0	0.8224733773008612	4589.332926766617	7412.256344359938	11210.612623922032	3.055783285589782	4.239040732976901	0.2978751764406104	81.65	active
11.925648148148149	11.925648148148149	0.4770842781557063	-1.3740843621399172	0.5404789954485705	10.4	272.168	268.13599999999997	271.99899394746	104.0	0.7	1.25	1.8	2.4087858801044497	2.550693529851314	683.1012389547411	15.024579547452825	9.667139110005547	9.667139110005547	9.324274960443892	5.2442531575257325	5.2442531575257325	3.9002742950455556	3.9002742950455556	2.603612008592171	2.603612008592171	1.586657961585809	1.586657961585809	-3.0900000000000003	25003.197435484188	13.344207765672458	4.540522097117969	2.007355695551551	111.78036405317745	5.783244946364939	35.392371257240434	5.783244946364939	24.26546827384644	155.43	20.0	7.0	7.0	7.0	3.0294835114284497	2.0	-2.6408000000000005	52.992500000000014	0.5532617906047004	13.357738033247042	9.357738033247042	6.928869016623521	4.928869016623521	3.553869016623521	3.553869016623521	2.2841942839023757	2.2841942839023757	1.322810363079829	1.322810363079829	0.9835405081929277	-3.0900000000000003	0.0014126087859514156	8.916598505441431	4.540522097117969	2.007355695551551	117.40024605384869	0.18068776589353672	0.8701511115269557	24.0	7.0	20.0	7.0	7.0	2.0	2.0	0.452974718643367	615.9887437914343	2966.461439420469	3409.133655204868	2.024300627254294	3.5838865725173696	0.0771876633010509	155.43	active
12.759733902332831	12.759733902332831	0.1300275345840458	-1.7963113392342158	0.12727587476761287	32.5	620.5600000000004	588.3040000000004	620.17631464364	242.0	0.8409090909090909	1.5227272727272727	2.1818181818181817	2.9934931942030234	1.5219036978486047	1301.5247605549514	32.128663075208394	23.33217607111133	23.33217607111133	20.887156906157262	13.640631377017575	13.640631377017575	10.341045556073574	10.341045556073574	7.207048902125122	7.207048902125122	4.7242688577196645	4.7242688577196645	-3.5100000000000002	3384188757.880387	33.38437337317867	14.513504829507843	7.76086036928261	250.86859994840285	12.045325394785731	53.60112550099753	106.12749075183807	42.47422251760354	256.61	44.0	15.0	15.0	15.0	11.011915095039129	4.0	-3.543899999999995	138.21999999999997	0.18150826009716076	52.62372435695795	20.623724356957947	26.373724356957947	10.832482904638631	7.401296686790733	7.401296686790733	4.58080352493528	4.58080352493528	2.68307820472492	2.68307820472492	0.8563805743780517	-3.5100000000000002	7.005253908961195e-05	11.080087587956507	14.513504829507843	7.76086036928261	296.26100724440977	0.5163451479658914	0.5945869675538827	76.0	15.0	44.0	15.0	15.0	4.0	16.0	1.1241030813799633	8487.728999990717	9773.875221651166	16438.091910861527	3.654793289072197	5.287567795228568	0.2206345084160275	256.61	active
11.459166666666667	11.459166666666667	0.015462962962963234	-1.2822222222222222	0.5315318380831734	10.5	216.14799999999997	212.11599999999996	216.00806754764002	82.0	0.875	1.5625	2.25	2.369833188044773	3.1361171062761564	633.278820392749	11.869879009073573	7.850642529077819	7.850642529077819	7.51974450780358	4.341987931205576	4.341987931205576	3.21633676754015	3.21633676754015	2.2065917712889163	2.2065917712889163	1.4391904854205453	1.4391904854205453	-2.43	4220.67290790774	10.100230836013301	3.3032304812929754	1.2969826598689291	89.4620123199922	10.772448428929591	34.4887958498188	0.0	29.060005457918262	109.31	16.0	5.0	5.0	5.0	2.0852118978508978	2.0	-1.5056000000000007	48.00200000000002	0.34105843721173396	11.541241452319316	7.541241452319316	6.020620726159658	4.020620726159658	2.895620726159658	2.895620726159658	1.9248724356957947	1.9248724356957947	1.194180475284521	1.194180475284521	0.9470877981052519	-2.43	0.001383451331670929	6.217654641260463	3.3032304812929754	1.2969826598689291	95.08189432066344	0.3209746137627487	0.6967177305675684	20.0	5.0	16.0	5.0	5.0	2.0	0.0	0.23843624286580672	503.6084136953878	1093.148479785802	1568.9976468594944	1.2836466458227689	2.7061259797373576	0.04604588694970904	109.31	active
13.249494240227467	13.249494240227467	0.00039892500209992576	0.00039892500209992576	0.45652051107550523	11.166666666666666	399.4980000000001	374.2980000000002	399.20591042000007	152.0	1.0	1.8	2.533333333333333	3.1749010590950877	1.5806133916925962	1119.2772758117574	20.924074484064484	17.271190110988435	17.271190110988435	14.61419354072963	10.206641277288073	10.206641277288073	7.7522790906900525	7.7522790906900525	5.11022095854362	5.11022095854362	3.400039460263581	3.400039460263581	-3.5399999999999983	10278551.6847568	19.76246680576238	8.861611559180133	4.376760051233308	175.7181896216422	22.627967439267593	73.05735782784227	32.42978449531238	73.05735782784227	63.910000000000004	30.0	6.0	5.0	6.0	5.83757680946192	4.0	4.572600000000003	119.00900000000003	0.3374158146984345	39.64431626796365	14.644316267963655	20.392978527231765	7.892978527231764	5.246646266633317	5.246646266633317	3.344333805088658	3.344333805088658	2.089282646471868	2.089282646471868	0.9498329169528077	-3.5399999999999983	0.0003002768984954232	5.782975661012021	8.861611559180133	4.376760051233308	210.84245212583753	0.31275778147461136	0.7806561362008893	55.0	5.0	30.0	6.0	6.0	4.0	9.0	0.971761242046499	2599.7875298182094	6489.175356092263	8312.463138600602	1.7082161321360496	4.6668099726007615	0.1718372915558289	63.910000000000004	active
13.925633941108327	13.925633941108327	0.023087086941704138	-1.0184837700512308	0.2810680735732491	12.342105263157896	502.5740000000002	476.3660000000004	502.20049069199996	188.0	0.7631578947368421	1.4210526315789473	2.0526315789473686	3.5223558362317995	1.56420091681432	1473.2348279716362	26.321415709563013	20.76809158006324	20.76809158006324	18.614193540729627	12.2437600284389	12.2437600284389	8.783590911911643	8.783590911911643	6.279540158893236	6.279540158893236	4.341559898656213	4.341559898656213	-5.039999999999998	791267425.3896759	24.64545379584341	11.346721354319454	5.366637496404184	220.35085579560484	17.501745733386574	138.933193711284	21.782316500597428	126.46319424606892	88.33	38.0	7.0	5.0	7.0	7.359081496636575	5.0	6.002100000000006	145.16819999999976	0.08056613978570094	44.51359925339142	18.513599253391423	23.026171356177496	10.078957760677538	6.684829422707235	6.684829422707235	4.413686767818561	4.413686767818561	2.8260385770825884	2.8260385770825884	0.7938065872409967	-5.039999999999998	0.00017083912959150002	8.493199110707835	11.346721354319454	5.366637496404184	256.9381454322064	0.608170290340462	0.7861710140219083	64.0	5.0	38.0	7.0	7.0	5.0	9.0	1.6100942156219669	4601.820530821901	5948.692283271165	7566.66447525041	2.5360516767356733	4.245513837128731	0.5305686315191684	88.33	active
11.774399959057698	11.774399959057698	0.0024814197741960253	-0.24997826908541154	0.6720717798157029	10.761904761904763	283.327	266.1909999999999	283.120843404	108.0	1.1428571428571428	1.8571428571428572	2.4285714285714284	2.935470447542288	1.958053124975773	665.5985969920164	15.242276208189782	12.050653806095145	12.050653806095145	10.07971869811898	6.769891162799385	6.769891162799385	4.613751156813838	4.613751156813838	2.9888377698846345	2.9888377698846345	1.80410711156424	1.80410711156424	-2.6199999999999997	68596.07341816819	14.782146628028213	6.700820503505942	4.175000814457618	123.02072474192542	23.453831057233888	59.558168847049416	11.690424675716445	46.89137345465689	59.31	21.0	4.0	3.0	4.0	4.716786248139175	2.0	3.696500000000002	82.19620000000003	0.8425173808950295	27.171958466891546	10.171958466891548	13.710923771927643	5.263710176427685	3.3549972693452124	3.3549972693452124	1.9423951424715444	1.9423951424715444	1.0952175983646233	1.0952175983646233	0.9984290036908416	-2.6199999999999997	0.0027380888177931397	4.1948811594430655	6.700820503505942	4.175000814457618	146.9632798770165	0.05603146070658254	0.9901458841531448	38.0	3.0	21.0	4.0	4.0	2.0	7.0	0.852222163298955	361.6193447483519	6390.2654208455	6453.862529874562	1.3385307468079464	4.827502549308012	0.10690922649076444	59.31	active
13.447036844862422	13.447036844862422	0.06614685689090427	-0.06614685689090427	0.35258263556985175	10.93939393939394	455.5430000000002	434.3750000000003	455.14159591200007	164.0	1.0606060606060606	1.9090909090909092	2.696969696969697	3.527913465496658	1.4512367856309345	1379.7463470370567	22.622745096813752	17.95793017991924	18.774426760846968	16.22467798826185	10.418439171456022	11.361248213038088	7.454401316680949	8.23443463102828	5.381592699084575	6.11364249647878	3.730364713641581	4.39018750328064	-4.04	74425370.48765653	20.840036996889438	9.215539529092865	4.3309707373599835	194.43436598443475	33.96475331720232	89.25045835731963	32.99482563067734	83.68700686562264	73.14	33.0	7.0	7.0	8.0	5.819763173714921	5.0	4.796800000000004	129.262	0.29013823495669927	36.96081284889138	16.777309429819105	19.209475108159488	9.525971689087216	5.848243722630672	6.460616158326465	3.8997708879075415	4.41008125098737	2.491885033726658	2.8947458343413035	0.9374702072641907	-4.04	0.00023218926387975596	7.775512245569709	9.215539529092865	4.3309707373599835	223.93874648795884	0.348065526147068	0.7990710051732347	54.0	7.0	33.0	8.0	7.0	5.0	8.0	1.311130773833786	3441.4640531659134	7900.736883287015	9887.402786657456	2.171380013878584	4.8271551439953555	0.2933733586305462	73.14	active
12.472942176870749	12.472942176870749	0.03413099087371552	-4.155424382716048	0.6311273766618477	11.142857142857142	328.733	319.661	327.99207006800003	110.0	1.1904761904761905	1.8095238095238095	2.3333333333333335	2.4651448139370915	2.6793890319859295	789.7951269578506	15.620955864630139	10.685983021930078	12.25840854887626	9.857409138786485	5.560955868486531	7.422083589090151	3.8923582442934133	6.193770452009972	2.598953669630456	4.5532102985340765	1.59190637277712	3.063600974851468	-2.1899999999999995	43573.89973115203	15.203643704032327	5.6633759769606495	2.955564039582369	124.76827298157905	27.12557930133358	51.53515399327656	25.43488409537135	46.31964586495668	99.39999999999999	21.0	7.0	6.0	9.0	4.1001881197945576	2.0	2.4846000000000004	74.34720000000003	0.26235298088965625	18.72188140679232	11.294306933738502	9.37478091568572	6.7359086362893414	3.3264303525727703	5.506215022499401	2.067575423282512	3.791862572735489	1.2155139257768641	2.4573456641618283	0.9284314095390028	-2.1899999999999995	0.000639263302894852	7.188364949788324	5.6633759769606495	2.955564039582369	137.41300748308933	0.3715038597126823	0.8597462774412382	30.0	6.0	21.0	9.0	7.0	2.0	5.0	0.8022288358863192	1344.9016603142193	3112.415028134412	3620.1552827859014	1.9385911128693878	3.505105388261312	0.2261874922382693	99.39999999999999	active
5.4676889607231836	5.4676889607231836	0.6679287145585777	0.6679287145585777	0.5555951339156205	10.96	350.447	332.303	350.12013219600004	126.0	1.12	1.96	2.76	3.1946796354156173	1.6021435243351851	1003.8763109185566	17.225403871315223	14.061396571320783	14.87789315224851	12.241514740667453	8.138289617123318	9.017942428378213	5.594948347853166	6.453051199711184	3.8676215981915942	4.625342664996252	2.7866669449765675	3.5020916480454405	-2.8599999999999994	1006349.6425930028	15.655142884809266	6.565194832002093	3.080492747152807	149.50164491544666	27.80290785322536	59.73540381615872	20.97553361266913	54.04147582131026	51.45	25.0	5.0	6.0	6.0	4.111162526464165	4.0	4.908520000000003	101.93070000000002	0.45261456931957117	30.10535096292756	12.921847543855286	15.526171356177498	7.395454341605265	4.395604402405673	5.169001064539644	2.9020757729495714	3.5626353827691397	1.9348365931613094	2.538977676823679	0.9712855640652015	-2.8599999999999994	0.0006325823320839972	5.316518151272533	6.565194832002093	3.080492747152807	174.84917055070557	0.2379166934843861	0.925944828439246	43.0	6.0	25.0	6.0	5.0	4.0	7.0	1.2564103400804338	1463.7538569703443	5696.764250208608	6152.379791149068	1.3961590996391902	4.358229836061936	0.2939183763056807	51.45	active
5.324333427815571	5.324333427815571	0.8312451184177375	0.8312451184177375	0.7672832252756947	18.0	252.36399999999995	240.26799999999997	252.039105004	84.0	1.25	2.0625	2.875	2.7207893671341523	1.7778971173782279	446.544227692605	10.794682450997076	8.7570002638962	10.389993425751653	7.915816237971964	5.279316287443736	6.869209530505436	3.580176496219955	5.954914050745489	2.4515056909802206	4.626973808993115	1.6384428817197372	3.761759035671075	-0.6200000000000001	10534.896429543438	10.528695443753053	4.709579140631117	2.2218864668337543	102.55888264235135	33.501329478401296	24.26546827384644	35.59247125309443	28.605123954519986	25.36	16.0	3.0	5.0	5.0	3.099107777497329	3.0	2.6356	67.86900000000001	0.3769461690063308	19.619172062391506	9.252165224246957	10.09762210299463	5.687515346056329	2.572961626866704	4.76487165840444	1.5927911743985543	3.4444615966287144	0.993231847103161	2.676992018603936	0.9568455985611115	-0.6200000000000001	0.0017590589388325776	3.6844318224472077	4.709579140631117	2.2218864668337543	119.41852864436508	0.29059680059186543	0.9640632473499127	28.0	5.0	16.0	5.0	3.0	3.0	2.0	0.8294887032070213	548.0562510257478	1818.1923820846482	1885.9679456535948	1.0845077035046788	2.902545184171218	0.25374779411935133	25.36	active
6.071309086391758	6.071309086391758	0.4966818888049054	0.4966818888049054	0.7397917045388908	10.7	322.21999999999997	313.148	320.98942364800007	100.0	0.95	1.7	2.4	2.8482312860558023	2.1687192002326223	756.3655123720121	14.11251969619286	10.177406580999241	12.505761053963877	9.647867045540842	5.770550080631062	7.342975607577243	4.094610775784141	5.939659911191722	2.7792514529310104	4.451881618862782	1.8746990088645952	3.032962206087763	-1.6199999999999999	56907.66109539493	13.367084453287442	5.402241365807816	2.4984757855443984	129.57167391470557	39.6702241382391	52.77078911301685	9.967957041894417	42.725522485534206	51.8	20.0	3.0	4.0	6.0	3.6106108286897984	3.0	4.761100000000002	85.21340000000001	0.24061188379617618	18.50581802298219	11.834172495946826	9.548673943222902	6.726672279169167	3.512545269942117	5.2459950233264765	2.2780411845313213	3.8171786780047743	1.4746803800202235	2.478917347935747	0.9186313250944057	-1.6199999999999999	0.0005125453193557877	6.431932356516174	5.402241365807816	2.4984757855443984	142.33252168069254	0.39511579132615826	0.7524431683504533	29.0	4.0	20.0	6.0	3.0	3.0	3.0	0.9087682916114512	1468.0519749867005	2795.7011681426125	3715.4981076796803	1.737342551922471	3.5187614524727553	0.3108358843002035	51.8	active
10.520736305324599	10.520736305324599	0.6591017888636936	-0.6591017888636936	0.3591583792833982	12.1	177.294	166.20600000000002	177.028205972	58.0	1.6	2.3	2.8	1.8709889548563379	3.0496571259388316	147.82680599646991	7.819990956308912	6.0003855916377375	7.63337875349319	4.7700556100296625	3.1075488007240915	5.242977274638639	1.9574316315536422	3.694639970771034	1.0162620501828699	2.0089515867817926	0.5418290918502139	1.2437665947922436	-0.05000000000000002	142.19516056908168	9.949999999999998	7.061731843575418	7.9499999999999975	69.1923185364535	28.17870433807655	0.0	27.923539540460787	4.992404732635669	29.43	10.0	2.0	3.0	4.0	7.02642318435754	0.0	1.2479	48.06040000000003	0.44789367226721544	15.671958466891548	6.304951628747	7.476252697862419	3.5343309025873415	0.9356847025661049	1.8598405121983568	0.3636756846163858	0.7424202560991784	0.1505878423081929	0.3399601280495891	0.9711774462165653	-0.05000000000000002	0.00278181327741791	2.002549921168836	7.061731843575418	7.9499999999999975	84.6469940382994	0.23835764716129915	0.8539128295355239	21.0	3.0	10.0	4.0	2.0	0.0	6.0	0.7375809336610927	306.9626694456391	1099.6893313463715	1287.823877695496	1.4141470546667414	2.7566087667294044	0.35335227359521054	29.43	active
10.874790249433106	10.874790249433106	0.016018518518518432	-1.3855102040816323	0.5689342246864603	12.357142857142858	194.16599999999997	186.10199999999995	194.04697847573001	76.0	1.3571428571428572	2.0	2.5	2.10922326203371	2.7772680269131413	350.6652327975252	10.71517847069432	7.2268512889901295	7.2268512889901295	6.502907755397974	3.938340601625595	3.938340601625595	2.9107402092384254	2.9107402092384254	1.7664900017318392	1.7664900017318392	1.016719864398242	1.016719864398242	-1.75	1115.7791056158326	10.331632653061224	3.972117202268431	2.366714454376792	80.41034351633131	5.969305287951849	23.762552697081826	12.011146117099809	18.19910120538483	112.27000000000001	14.0	5.0	5.0	5.0	2.93131827062448	1.0	-2.546499999999999	42.020400000000016	0.44347180412563963	14.58020675735541	6.580206757355411	7.184530569677621	3.290103378677705	2.169312566779107	2.169312566779107	1.1825416768695864	1.1825416768695864	0.6095103265154349	0.6095103265154349	0.9703572954479343	-1.75	0.0024906627432454524	3.7808641975308643	3.972117202268431	2.366714454376792	91.76622078215048	0.24167482113569586	0.8907064189624583	22.0	5.0	14.0	5.0	5.0	1.0	4.0	0.660518750027567	357.61823690421664	1318.0225298264425	1479.7496703366576	1.0727168370323694	2.850525712102175	0.25934362723731796	112.27000000000001	active
10.833973922902494	10.833973922902494	0.23824074074074075	-1.6602758881330308	0.5727117978837533	12.357142857142858	195.14999999999998	188.09399999999997	195.03099406373	76.0	1.3571428571428572	2.0	2.5	2.10922326203371	2.7772680269131413	347.0555923230884	10.71517847069432	7.096714615300462	7.096714615300462	6.502907755397974	3.863206158039423	3.863206158039423	2.820044912884878	2.820044912884878	1.7092524563026006	1.7092524563026006	0.9860463562492335	0.9860463562492335	-1.75	1115.7791056158326	10.331632653061224	3.972117202268431	2.366714454376792	79.86468657151461	5.969305287951849	23.762552697081826	17.17979907054086	18.19910120538483	106.48	14.0	5.0	5.0	5.0	2.93131827062448	1.0	-2.5128999999999992	40.05180000000002	0.4063717523632932	13.541241452319316	6.541241452319316	6.678869016623521	3.270620726159658	2.1498299142610593	2.1498299142610593	1.1697172541558802	1.1697172541558802	0.604639663385923	0.604639663385923	0.9640120866219475	-1.75	0.0024583884236497227	4.183884297520661	3.972117202268431	2.366714454376792	89.7861503308165	0.2658584150385291	0.90987851408822	21.0	5.0	14.0	5.0	5.0	1.0	4.0	0.6811658786964729	370.11177946299256	1266.6770615311566	1392.1386667762793	1.1870627707487564	2.785769402729114	0.3107141880114083	106.48	active
11.800975471745884	11.800975471745884	0.1810990997896183	-1.0413922158226196	0.5196240247414037	14.699115810140233	387.070215909091	369.55335227272735	386.62368842690285	134.66477272727272	1.0631913219167197	1.7540582065666015	2.385989411884409	2.846090965888818	2.014316936029113	932.133541991807	18.56803274363526	14.145259208213282	15.263060698367196	12.44916583366204	8.144495692222957	9.099661988393047	6.100330461587515	7.188082924030618	4.245404120013973	5.212067475530266	2.935163781898588	3.7191817149388195	-2.5639470188902007	193365259187.8346	17.96818316368518	7.521709701561506	4.0168404903011785	155.62352541180428	30.228827456483312	58.07436634110884	30.72010092355155	46.955664593932234	81.95159090909091	25.948863636363637	5.860795454545454	5.059659090909091	7.295454545454546	5.290803678437034	3.21875	2.647705625000002	98.23126818181817	0.34952034833047047	29.764606095666124	13.50315978508322	15.226033675610795	7.507386162529278	4.514995638735332	5.482882754719762	2.9089024949212847	3.7043845734087455	1.8436835087414882	2.445803997733914	0.9279007999801551	-2.5639470188902007	0.0009066189664201694	6.69595644267136	7.521709701561506	4.0168404903011785	180.09495844169888	0.33839276671293594	0.8150313617826128	43.32670454545455	5.0625	25.948863636363637	7.295454545454546	5.860795454545454	3.21875	5.880681818181818	0.9245324452506903	2419.71620166998	5482.361609663076	6793.496981220149	1.909458606834024	3.9620862758661106	0.25707751692968145	81.95159090909091	active
14.45660087744413	14.45660087744413	0.004498870385297726	-3.55876478796246	0.21195036653751734	25.73469387755102	707.9790000000002	646.4910000000001	707.429170292	278.0	0.9183673469387755	1.530612244897959	2.061224489795918	3.830383555924823	1.5418727621663688	1403.0419437396263	36.74191172926026	31.16258290858718	31.979079489514906	22.543296636118498	18.310289785675515	19.96255501199566	17.814417230203595	20.55733298839713	11.35297350394607	14.151624593184696	7.7265701286278805	9.247904141175344	-2.7	22001811090.838627	39.09160992227905	14.137065813891725	8.78955643704937	292.881191704235	39.37315178317503	0.0	89.60452639678905	0.0	170.85	49.0	12.0	7.0	13.0	11.278380862086564	4.0	3.622200000000004	188.15559999999945	0.1984774199431108	84.50205430121069	24.31855088213842	42.51073150720646	13.705040372801014	9.31310568107437	11.136475837388652	5.668948854438544	7.039275049718532	3.4380463376392134	4.127752950629281	0.9011986284430086	-2.7	0.00011870964166135714	7.809556480348246	14.137065813891725	8.78955643704937	378.8166187434263	0.4334063129356103	0.8539586321821487	110.0	7.0	49.0	13.0	12.0	4.0	16.0	1.8489070547508228	7193.67542712525	14174.000342775054	16597.994104885107	2.253147223265057	5.178098979895701	0.4783760247391885	170.85	active
13.023523085159988	13.023523085159988	0.4256594860166296	-1.2488731812169305	0.22135475238825783	14.108108108108109	555.5160000000003	524.2680000000004	554.156890332	188.0	0.8918918918918919	1.6216216216216217	2.3783783783783785	2.91594794590366	1.8400434824749472	1531.499312532062	25.99298858481683	21.357021688569706	22.94301822768441	17.90203389596013	12.449843765315904	13.242842034873256	9.771833517504296	10.687509046295983	7.080547717046203	7.573799355763245	5.305824691622167	5.684616889240246	-3.2499999999999987	261689578.9398522	25.401681943774395	10.622066600977297	4.993446712018141	226.2183236343658	37.60531725896	118.22494708630921	42.74031355918287	101.53459261121822	45.59	37.0	4.0	4.0	5.0	7.292388037394974	5.0	7.1305000000000085	155.2957999999997	0.28776066200561595	49.08888824493687	19.67488478405157	25.327636951414167	10.712386930507655	7.0600068835018845	7.853005153059237	4.896445195446139	5.292944330224817	3.44350609467336	3.7408804457573663	0.9339810053732062	-3.2499999999999987	0.00026223948814284407	7.658628099173554	10.622066600977297	4.993446712018141	269.85907939769544	0.3573226575548423	0.9480384891161644	68.0	4.0	37.0	5.0	4.0	5.0	12.0	1.66235061490263	3615.162978810269	9591.649384321372	10117.362843847677	2.198661020041558	4.5818394129271525	0.6268063713286138	45.59	active
5.028790863567649	5.028790863567649	0.4903269085411941	0.4903269085411941	0.5432776369063089	9.166666666666666	242.412	232.332	241.95636356	70.0	1.0	1.3333333333333333	1.5833333333333333	2.021825570053215	3.402570682630092	141.6270750562502	9.397341225498538	6.863703305156275	10.129689628867178	5.701907262607799	3.382975369620977	6.349301864809762	1.5326920704511056	4.866025403784438	0.70212682514495	3.8202716585645384	0.35185616457196195	2.364864354470356	0.4799999999999999	374.0377304598448	12.480000000000002	8.095343523997371	7.146512887129868	91.15479469031625	54.78886212718547	0.0	21.979083217344463	0.0	18.46	12.0	2.0	6.0	6.0	8.419157264957269	0.0	3.010600000000001	63.630000000000024	0.36338889840556865	15.449489742783179	8.715476066494082	7.299659828522119	5.265986323710904	1.0749149571305299	4.408248290463863	0.4464781694372536	3.426551815399143	0.18539540594929918	1.780931089239486	0.956240323073766	0.4799999999999999	0.0013848077743204917	3.5647559897215033	8.095343523997371	7.146512887129868	105.20449969199433	0.2925823722095706	0.858555535577261	22.0	6.0	12.0	6.0	2.0	0.0	4.0	0.5744437719040953	619.9817415081626	1819.2782842959393	2118.998956861566	2.4048270263352345	3.066249165819251	0.12641891158120805	18.46	active
12.451823418684889	12.451823418684889	0.08860807675461801	-0.40594770127320956	0.5323580597809113	10.807692307692308	358.41800000000006	334.2260000000001	358.1772298279099	140.0	1.1153846153846154	1.7692307692307692	2.3076923076923075	2.613694549234928	2.035859123914965	760.1247043103144	19.26722023457211	15.560055907052726	15.560055907052726	12.31176950568786	8.286129391243064	8.286129391243064	6.442045326247651	6.442045326247651	4.2224651768605375	4.2224651768605375	2.645243004945588	2.645243004945588	-2.8	482383.4660067983	19.52374837784304	8.530460654560375	4.857509939129848	153.12351417094666	11.374772549367124	57.639423662929225	44.620790674889825	36.39820241076966	81.91	26.0	7.0	6.0	7.0	6.405637206412578	2.0	2.4175000000000004	99.90140000000004	0.3197608023714871	36.474633948355326	12.474633948355327	18.29276839161576	6.292768391615759	4.234060934664751	4.234060934664751	2.544983598220023	2.544983598220023	1.4578895941625123	1.4578895941625123	0.9459733234429258	-2.8	0.0004573051423750375	4.9215268332156805	8.530460654560375	4.857509939129848	186.8428061749741	0.32424446230328385	0.8538570242635718	50.0	6.0	26.0	7.0	7.0	2.0	12.0	1.225413025687482	1867.1494045070692	4916.903200328797	5758.461967996915	1.614726577350365	4.182947398478269	0.3789103276340105	81.91	active
11.21865861468044	11.21865861468044	0.09029218631897185	-0.4547250566893426	0.5980812809314172	24.05263157894737	266.257	252.14499999999998	266.10260208782	104.0	0.8947368421052632	1.3157894736842106	1.7894736842105263	2.25390403778412	1.907792685909168	404.41112254140677	13.991199352633217	10.53473171897765	10.53473171897765	8.935560745775545	5.950073613785578	5.950073613785578	4.7221876172282276	4.7221876172282276	3.039008128250925	3.039008128250925	2.191354007586441	2.191354007586441	-1.8	14747.294119221498	13.62748460330878	5.452549385233961	3.5816060699092143	109.6424899725351	23.628718917406022	10.633577208012662	72.19416123781782	0.0	102.96000000000001	19.0	8.0	6.0	8.0	3.910764884002976	2.0	-1.1400999999999992	64.22100000000002	0.25529911745924966	22.921847543855286	8.921847543855286	11.552564558427516	4.552564558427517	3.0226612407587754	3.0226612407587754	1.677280660982512	1.677280660982512	1.0465392750025486	1.0465392750025486	0.9213802980521028	-1.8	0.001242336756129541	4.353582037730025	5.452549385233961	3.5816060699092143	129.3120769748844	0.3886622522980824	0.9650405465904669	33.0	6.0	19.0	8.0	8.0	2.0	4.0	1.06172936891087	776.7946507491405	1928.7654767475858	1998.6367241894695	1.249374792810024	2.972194515438321	0.5765629859711814	102.96000000000001	active
8.82218820861678	8.82218820861678	0.14523148148148168	0.14523148148148168	0.5518955801042782	13.428571428571429	226.33	216.25	226.03468832	74.0	0.9285714285714286	1.2142857142857142	1.3571428571428572	2.2304241993755287	5.492132141168524	320.5180190039991	11.137828201504695	7.865624310306894	9.498617472162346	6.616120824980895	3.4993087360811734	5.948798478864351	2.1103566284361026	3.8065060206187233	1.406232483204171	2.694133584922929	0.6725204529158475	1.3761799815291695	-1.2400000000000002	1028.2255559121188	12.760000000000002	6.249699693744906	2.912367919767596	91.62580057193064	23.52376989878223	21.20435165389176	12.511538367022808	21.20435165389176	99.61999999999999	14.0	4.0	6.0	6.0	5.6961548637275	0.0	1.10016	60.6828	0.4327696355274926	16.60535096292756	8.23834412478301	7.749778153927476	4.5939169337830945	1.7880360717988766	2.9696810243967136	1.0946869062653832	1.889633527796233	0.5233744894406746	1.0229098728220654	0.967640884880735	-1.2400000000000002	0.001496613909917681	3.726898248269897	6.249699693744906	2.912367919767596	105.90773210256211	0.25233136528626016	0.7544712589192742	24.0	6.0	14.0	6.0	4.0	0.0	7.0	0.3185923352295405	504.1188338018138	1507.316265466587	1997.8445138197962	1.6637139172022	2.976097213832814	0.07287203743502461	99.61999999999999	active
12.364358238295827	12.364358238295827	0.18349041764445762	-0.958893086839099	0.6951193352618424	14.44	360.75700000000006	347.653	360.06362973582003	130.0	1.08	1.8	2.4	2.6009554723308885	1.6978962710622705	899.9673383668485	17.97432701575866	13.014990487558833	13.770919433577289	11.973565548236332	7.4976680586601745	7.875632531669402	5.476912532030828	5.884112658771435	3.944276464640585	4.271603299994573	2.6514345327022935	2.8707612343381994	-2.87	455344.072630024	16.969371761846016	6.937943315580555	3.633812611875626	146.58063678776793	29.481666417397136	61.38356573553234	43.272275606981836	33.854542641990086	102.96000000000001	25.0	8.0	5.0	9.0	4.70930157538804	3.0	-0.2503000000000002	90.578	0.6770412598933351	24.799812016864514	12.555740962882968	12.74154679493213	6.619511267941358	4.222778005772434	4.60074247878166	2.6620594889878584	2.9455328437447776	1.5975401281719046	1.7728647966511595	0.992374000271953	-2.87	0.0009745763331222057	7.166886217103283	6.937943315580555	3.633812611875626	164.84525328994945	0.12326330996789694	0.9528683928874518	38.0	5.0	25.0	9.0	8.0	3.0	3.0	0.725960871057845	977.7257670877261	7558.161310224208	7932.009673781824	1.9889380129391254	4.777455896453524	0.15088442725238552	102.96000000000001	active
12.783679567840615	12.783679567840615	0.2399389408541195	-4.52866655402401	0.7460193644944909	15.11111111111111	400.744	388.6480000000001	400.05609974381997	144.0	1.037037037037037	1.7037037037037037	2.259259259259259	2.5896799466292655	1.6998648901772135	949.6013961304768	19.767220234572108	13.663285346933025	14.41921429295148	12.646885611180734	7.790237373183686	8.168201846192913	5.815153804209042	6.222353930949648	4.091344438204107	4.404053446692406	2.7737244866591326	3.0556505051191585	-2.7499999999999987	819633.7031081625	19.02387755102041	7.104789552872188	4.1578488156233755	154.91572089650288	23.195505894267583	61.38356573553234	36.98611508385228	33.854542641990086	85.88999999999999	27.0	7.0	4.0	11.0	5.0059498696151685	3.0	0.9560000000000004	90.19250000000001	0.6112559757916065	24.52545714542833	13.281386091446786	12.60436935921404	6.982333832223267	4.618475002199102	4.996439475208329	2.843470771128816	3.126944125885736	1.7225292790685507	1.9664209672001407	0.9881437532300922	-2.7499999999999987	0.0007004960910345681	8.959727028066128	7.104789552872188	4.1578488156233755	171.77536689851658	0.15353150475503932	0.9448883080487713	39.0	4.0	27.0	11.0	7.0	3.0	2.0	0.8789268677466199	1348.884483642526	8301.52208522787	8785.717861586007	2.357665740207067	4.796078724100853	0.19548652950966958	85.88999999999999	active
6.458465136054423	6.458465136054423	0.6291590031074157	-3.464929138321994	0.2664138311940485	10.941176470588236	502.1820000000002	484.03800000000035	501.06039003600006	162.0	0.4117647058823529	0.7352941176470589	1.088235294117647	2.8926898598701207	1.420297073739945	1416.8599452804294	22.744065440373394	18.03604077249436	20.45869050330473	16.848469228349533	10.862972490727081	13.830100323715303	7.636039101055806	10.3309278829551	5.45667011851694	8.266312968717065	3.8971305538983705	6.702130201316261	-4.073636363636362	132340838.78728457	20.527444612146184	9.050295257397703	4.024893685240328	201.6129271037075	50.02053246507601	109.58603674176342	32.263693231674466	109.58603674176342	66.36	34.0	6.0	6.0	7.0	5.464101018229431	6.0	5.852900000000004	132.86699999999993	0.1464205864564344	34.64373592708109	19.066385657891463	18.411120003382216	12.378247836370434	6.346241747383753	9.041130529283052	4.321781070599663	7.016669852498964	2.878308029680853	5.465981046309058	0.8660102474712622	-4.073636363636362	0.00020183312833970502	8.939176637845799	9.050295257397703	4.024893685240328	226.90239610672816	0.50002625058567	0.7643254748176839	52.0	6.0	34.0	7.0	6.0	6.0	6.0	1.590394847355229	3786.917842006833	5788.571648582926	7573.438069643938	2.3794761156040054	4.132119893466967	0.444185578297068	66.36	active
12.68868184069671	12.68868184069671	0.11782779187202896	-0.1327885309886121	0.20082714286431413	12.307692307692308	676.7320000000001	648.508	676.21324969564	252.0	0.38461538461538464	0.7115384615384616	1.0576923076923077	3.961461658816686	1.4841612924377396	2574.9384277420895	35.345995257015836	27.643339837400234	27.643339837400234	25.37334637160212	16.93555018086674	16.93555018086674	12.90350298731838	12.90350298731838	9.538143157872245	9.538143157872245	7.331759202611821	7.331759202611821	-7.059999999999998	1360221463128.0676	30.95888417064518	12.366811258789046	5.523224718784628	297.90006441773056	34.21884308413281	144.1030533486261	19.935914083788834	121.32734136923226	149.6	52.0	8.0	6.0	8.0	7.362743794636169	9.0	7.232800000000006	196.86539999999965	0.16288885166829356	53.42184754385528	25.421847543855282	28.49977815392747	14.605350962927556	10.552564558427513	10.552564558427513	7.394316267963655	7.394316267963655	5.293647397597711	5.293647397597711	0.8286391917260091	-7.059999999999998	5.62718456259971e-05	13.244231799704112	12.366811258789046	5.523224718784628	337.3553516869068	0.5597830739989075	0.577996786896377	80.0	6.0	52.0	8.0	8.0	9.0	4.0	1.2604108349537169	10271.509321694391	10605.714356642247	18349.088778833706	3.149786825665245	5.383508304632195	0.2647185135431158	149.6	active
14.27311949374564	14.27311949374564	0.13709927748618145	-1.6586044273676543	0.15996214533866898	12.571428571428571	713.1370000000001	676.8489999999999	712.198816572	252.0	0.6326530612244898	1.0408163265306123	1.4081632653061225	3.64951617863593	1.4768323452310637	2112.7544056424117	34.98203422633691	28.6893903937873	31.736597118015847	23.573650958611047	15.413867718599132	19.31664256864012	11.567555360293046	15.805044272678856	8.566048568722586	13.37968837031875	6.001944848831636	11.143691701778273	-4.0537662337662335	96733969998.6043	34.796145515263156	14.430195080207554	6.6357897664924685	299.05027704056397	64.56419791578202	82.43355151048074	83.47316202018102	59.10476251763723	132.48000000000002	49.0	12.0	12.0	15.0	10.247248322949725	6.0	4.990280000000005	189.87079999999952	0.15347836213503618	59.656374677897205	26.703581402125746	30.598560181149935	16.1631310737394	9.041419732629663	12.802633500106253	6.2602271305397315	10.559934642291692	4.111748678150233	8.328907982305966	0.8735044779136459	-4.0537662337662335	9.769711415146622e-05	11.751219236195713	14.430195080207554	6.6357897664924685	349.6292150466061	0.4868161121663999	0.8010785480430627	85.0	12.0	49.0	15.0	12.0	6.0	20.0	1.5651257485282806	8199.613212741353	13492.84479872011	16843.348048304986	3.4606609389508516	5.197933764327153	0.3186275039647439	132.48000000000002	active
12.480634640832152	12.480634640832152	0.13507314499874012	-0.733935290165449	0.5921416029098349	12.923076923076923	362.4700000000001	332.23000000000013	362.22055744	144.0	1.1538461538461537	1.8461538461538463	2.423076923076923	2.6278731826683797	2.589544606662072	560.1894257199592	19.363596551749417	15.864679490494826	15.864679490494826	12.455927458031288	9.18689775187752	9.18689775187752	6.781596406763803	6.781596406763803	3.889035484266001	3.889035484266001	2.491542917787556	2.491542917787556	-2.369999999999999	426840.18531445955	21.672319085907745	12.059638508188916	8.64611141891333	155.2384286179037	18.286580323419475	35.89528683400505	30.370261981715398	30.33183534230805	84.50000000000001	26.0	6.0	4.0	6.0	10.052320531160408	1.0	3.2014000000000014	100.52540000000006	0.277377720302506	42.52742035285537	12.52742035285537	21.059475108159486	6.165047917159574	3.6730666946747066	3.6730666946747066	1.9428967224591227	1.9428967224591227	1.078701822019828	1.078701822019828	0.9337080597870772	-2.369999999999999	0.0004135582285897805	4.207433258712286	12.059638508188916	8.64611141891333	197.5036568874147	0.35803527631876164	0.8412825820171933	56.0	4.0	26.0	6.0	6.0	1.0	14.0	1.179490434441394	2034.2542448881704	4779.927501041261	5681.714566798881	1.951543236438518	4.151764152072157	0.2950676541456339	84.50000000000001	active
12.76641545471216	12.76641545471216	0.22531026916939623	-4.417634159027853	0.5233468611970812	11.958333333333334	328.293	317.20500000000004	328.08234763200005	120.0	1.0	1.7083333333333333	2.4166666666666665	2.5860646416265873	1.8976414058718136	918.4452329497715	17.156489770562874	12.287421861577347	12.287421861577347	11.431671556017463	7.038100242354849	7.038100242354849	5.074829105403698	5.074829105403698	3.4112739195373445	3.4112739195373445	2.1755708499041835	2.1755708499041835	-3.02	278146.7685947892	15.859752401338886	6.233631866683343	3.481694924487057	135.03775155341387	22.762189985279875	77.75510770753375	15.751201988259357	60.934276729291305	42.85	24.0	3.0	3.0	6.0	4.119327415278906	3.0	4.544700000000002	84.3465	0.687566935849599	22.43656890049146	11.43656890049146	11.66549804574569	6.1654980457456885	4.221310405274482	4.221310405274482	2.600788556368301	2.600788556368301	1.5519519256528769	1.5519519256528769	0.9930233714329688	-3.02	0.0010108527645223194	7.253534859857668	6.233631866683343	3.481694924487057	150.49242705525975	0.1179176992139005	0.8949071119359862	35.0	3.0	24.0	6.0	3.0	3.0	3.0	0.07585834685695304	885.2991685281452	6718.758315235667	7507.771729180613	1.8839944186878022	4.797474878004334	0.00957289842571107	42.85	active
13.686743843753451	13.686743843753451	0.08622035700852737	-1.0770001889644745	0.3666181777054298	12.114285714285714	471.5320000000001	445.32400000000024	471.19581991200005	178.0	0.9714285714285714	1.6857142857142857	2.257142857142857	3.3861278832697193	1.812269928698821	1280.2991449491276	25.001424753254106	19.73474084243475	19.73474084243475	16.736202008657774	11.178310613736604	11.178310613736604	9.13436914782259	9.13436914782259	5.580720400769763	5.580720400769763	3.7238319223088348	3.7238319223088348	-4.259999999999999	84540073.3214187	23.88337155464448	9.92894099740848	5.460199206559851	202.96953324031378	23.189132008070136	114.15762620371889	16.79833797965022	95.87040589745789	75.44	35.0	6.0	4.0	7.0	6.775331056721403	4.0	6.138000000000005	132.66719999999995	0.1768031203964996	42.94435013090069	16.94435013090069	22.01793999718215	9.070726401682192	6.285979841160305	6.285979841160305	3.912536956743535	3.912536956743535	2.4608903506810105	2.4608903506810105	0.8650842823854714	-4.259999999999999	0.0001462302371230753	7.618252362177853	9.92894099740848	5.460199206559851	239.55682287691525	0.5016265387413368	0.6300860973149127	61.0	4.0	35.0	7.0	6.0	4.0	6.0	1.0422684809227774	4308.863267345987	5412.303038826222	8589.783304044542	2.161176520212334	4.406409454629477	0.20971790020526102	75.44	active
13.687525091504861	13.687525091504861	0.0002015341260470649	-0.501664814358475	0.3269197904185625	11.0	471.9230000000001	452.77100000000024	471.12621612800007	168.0	0.9705882352941176	1.7941176470588236	2.5588235294117645	3.2783119669771548	1.4697780058370282	1453.5974078324766	23.49298858481683	17.974712814199595	18.73064176021805	16.580520035918415	10.613244183760044	10.991208656769272	7.752725310333019	8.159925437073623	5.504864662460759	5.7945111241253215	3.7589655670695885	3.962105399720377	-4.099999999999998	92994695.37493284	21.73038783164086	9.40780985358877	4.510830702407047	199.7843169999277	34.22890732950011	107.65976467971133	25.885028089399803	91.25645903322709	63.910000000000004	34.0	6.0	5.0	8.0	6.012804610729894	5.0	5.519200000000005	129.80099999999996	0.21367462998516298	35.4002452139821	17.15617416000056	18.52094300024099	9.398907473250217	6.124610739642544	6.502575212651771	3.999932026745052	4.260342834678238	2.5132982437247473	2.6550349211032076	0.8913343271641425	-4.099999999999998	0.00012929162739819326	8.923917152954713	9.40780985358877	4.510830702407047	226.4787565031162	0.45334657517052585	0.6339140196878056	53.0	5.0	34.0	8.0	6.0	5.0	6.0	1.0416299046603525	4902.978115786823	6855.82893099098	10815.076994775074	2.4692504624757996	4.890492250879257	0.18478542106286913	63.910000000000004	active
12.348392268978383	12.348392268978383	0.04448805738949746	-0.07108389300059303	0.21138619670065883	12.911764705882353	591.4790000000003	565.2710000000002	591.0913420720001	178.0	1.088235294117647	1.911764705882353	2.7058823529411766	3.5559323182876623	1.275340854920162	1120.2662470042544	23.752501608810675	18.512899752723534	21.486894624827585	16.580520035918415	11.094629467465438	13.053031424308493	7.733797959147063	9.843682834533418	5.183887452534715	6.841951879533408	3.469853418813866	4.560510218271763	-2.9299999999999993	79140338.9571503	24.20270137648028	11.972561239634537	6.792446164434775	215.4480633657365	69.00692535488102	56.422438217615344	52.98518663808477	47.97510875284865	111.28	34.0	9.0	7.0	11.0	8.522597776308743	4.0	4.746000000000003	144.05829999999983	0.11159189497528536	42.23320451290052	19.20719938500457	21.398435165681857	10.504826510197912	5.446025254711804	7.341270981227689	3.268787940392522	4.677365655784692	1.931872694921517	2.7328361353843498	0.8335726636585039	-2.9299999999999993	0.00011546551432147569	7.785613594250468	11.972561239634537	6.792446164434775	252.20952289905293	0.5524098246784419	0.7687505036347905	60.0	7.0	34.0	11.0	9.0	4.0	9.0	1.66861198204431	6657.836395154816	9265.249916350816	12052.34971885293	2.7415804572145555	4.862994398447401	0.5776230319909089	111.28	active
12.663654415469892	12.663654415469892	0.021886993995129167	-0.39987575585789803	0.7909659087002993	10.416666666666666	324.3400000000001	308.21200000000005	324.12224037199996	122.0	1.0416666666666667	1.75	2.4166666666666665	3.0259274803419305	1.9758115472343927	874.7970975105137	17.10408352775558	13.262538080598098	13.262538080598098	11.634560252985372	7.184295614203775	7.184295614203775	4.946352986018385	4.946352986018385	3.4870279266035524	3.4870279266035524	2.274673328793066	2.274673328793066	-3.3499999999999996	420119.7713706736	15.54206613745011	6.411414510481721	2.787960984633546	138.1958025687925	11.855519010338	54.09438803938988	34.8912380763	48.53093654769288	92.26	24.0	7.0	7.0	7.0	4.151942848188093	3.0	2.2329999999999997	89.14490000000002	0.40887945840071094	27.513599253391423	11.513599253391423	13.956688703659449	6.062261512659532	4.064738595604236	4.064738595604236	2.669823079401591	2.669823079401591	1.641968545317609	1.641968545317609	0.9640745432898699	-3.3499999999999996	0.0005612481810339186	5.337601773303052	6.411414510481721	2.787960984633546	160.79144383595408	0.26563184105153625	0.768005032812595	40.0	7.0	24.0	7.0	7.0	3.0	7.0	0.480752730720823	1368.3875667940583	3956.3349558388336	5151.444048940549	1.4258990608553397	4.018703300277172	0.09765491175987134	92.26	active
12.365429557548966	12.365429557548966	0.1453820613542829	-0.933757317541241	0.8072635459408661	15.5	366.20400000000006	353.1000000000001	365.03449379582	126.0	1.0416666666666667	1.75	2.375	2.5583121838100777	1.6987736173065358	854.3717533944313	17.26722023457211	12.537493074604239	14.04935096664115	11.435560745775545	7.411382285913343	8.167311231931798	5.614017209807003	6.428417463288215	4.098476460820045	4.837505739558061	2.8576002204327637	3.164131008331247	-2.0499999999999994	266964.99300494924	16.795446105970598	6.826144338632133	3.5456995846330295	146.96254724440243	29.10905950981654	66.40619904927367	23.896602272027135	33.854542641990086	82.64999999999999	24.0	6.0	3.0	8.0	4.777005806294679	3.0	1.6480000000000004	89.96250000000002	0.13578865621345237	24.322314603909916	12.834172495946827	12.555584492954875	6.81151343897333	4.152074377536155	4.90800332355461	2.5957436657123756	3.2594224244358885	1.5743581062834375	1.8105859019142043	0.8409799602367943	-2.0499999999999994	0.0003298420654767884	7.056245685479956	6.826144338632133	3.5456995846330295	165.22716374658398	0.5410662681041204	0.6761129173865803	37.0	3.0	24.0	8.0	6.0	3.0	2.0	0.9972750371010408	2049.8080389147926	2561.4268990179376	3788.4602307537243	2.0069563140806843	3.3865323067741646	0.42914340138606805	82.64999999999999	active
4.125246126228269	4.125246126228269	0.8021787603930464	0.8021787603930464	0.5657553515126612	10.0	203.27	194.19799999999998	203.051718288	70.0	1.0714285714285714	1.9285714285714286	2.642857142857143	2.2924875731149372	1.9574758959875322	337.5973982672459	9.639981912617825	7.498447742477667	8.314944323405394	6.949489742783179	4.23704542743158	5.2226439870850685	2.6813142523075015	3.623812893167237	1.6328101005405031	2.579498401596296	0.9913379111847379	1.7286519892299386	-1.4200000000000004	2714.3052865680856	9.147411575109372	4.715316431935814	2.532744091707263	86.63549340816235	11.761884949391115	48.54992698353412	14.951935562841626	48.14291197365783	38.67	14.0	3.0	4.0	4.0	3.0809242935566488	2.0	2.1639	55.83000000000002	0.34293627147936656	15.749889076963738	7.5663856578914634	7.999889076963738	4.3163856578914634	2.0193221231919134	2.7927187853258872	1.126282589696457	1.7976171792144648	0.6224057648176269	1.0950036989529222	0.9516949375699836	-1.4200000000000004	0.0018292655050459864	3.308642810014742	4.715316431935814	2.532744091707263	99.28022790967263	0.30704518528005764	0.8189621145916841	23.0	4.0	14.0	4.0	3.0	2.0	3.0	0.7035171097934402	447.69997156377576	1194.121689548995	1458.091489548765	1.1143784149620568	2.7613605868667137	0.2282501617009185	38.67	active
13.288644690602649	13.288644690602649	0.26523603811507734	-5.408282918571288	0.11757442386923869	13.0	866.8460000000001	844.6700000000001	866.0109748634601	302.0	0.43103448275862066	0.7241379310344828	1.0172413793103448	3.0944442113744937	1.3012734820664704	3079.5347357599344	42.86071388277726	29.220227379004132	32.486213702715034	26.783767962794258	15.798657818431472	21.431650980286914	12.464802743229619	17.857101527594846	8.733913715591804	12.239671586016982	5.979105737204035	8.798739769390368	-6.12	1399919185138.4043	41.512128042158494	14.363286734881164	7.76580436930591	328.3722476575108	96.14172194209475	83.92330780493333	51.88218743207721	112.83533922612804	376.4	58.0	20.0	20.0	24.0	10.280182724907302	6.0	4.035640000000002	197.16959999999986	0.5224634083573234	49.03175080134928	30.297737125060188	25.005240039891284	19.84937881974691	10.782882238819187	16.048868562530092	7.143497957762696	10.346692869757412	4.691895135372065	7.213269774767146	0.980450430092453	-6.12	8.864594031687387e-05	21.585413311719044	14.363286734881164	7.76580436930591	359.5138251901566	0.19676624235758514	0.8856325542475664	80.0	20.0	58.0	24.0	20.0	6.0	13.0	1.3660822019671457	9990.672455859605	44967.39206745676	50774.32153074033	5.345473804950715	7.809406757840227	0.15075930998820147	376.4	active
5.294334609494241	5.294334609494241	0.08211514343774429	-0.08211514343774429	0.11783105826800559	10.0625	239.30800000000002	226.20399999999998	239.09421725617997	84.0	1.25	1.875	2.375	2.24552472640308	2.604264374830468	410.8999319650089	11.966255326250886	8.383092670827255	9.277519861827171	7.575387400469408	4.3082130020802945	4.755426597580252	2.806979991801779	3.2887856792989187	1.483152869352525	1.5949562682275145	0.8631042124540403	0.919005911891535	-2.0899999999999994	3350.3228917933952	11.981890726096333	5.70898094604794	4.419468990214426	97.54358493917437	35.130768035702	24.26546827384644	11.127206338321884	34.49396852510524	125.98	16.0	7.0	2.0	8.0	4.27527411580703	1.0	-2.1944999999999997	64.7546	0.5141562638139768	20.53874345896357	8.355240039891296	9.655328783945315	4.077620019945648	2.1797877813350137	2.5449361530051244	1.073595705446353	1.1552453635391255	0.5867978527231764	0.6276226817695627	0.9793486494988262	-2.0899999999999994	0.00175198786717065	3.2014905114022945	5.70898094604794	4.419468990214426	115.95355036706694	0.20217869008583816	0.9177953988349612	29.0	3.0	16.0	8.0	7.0	1.0	3.0	0.9260044666250005	523.8594490480936	2378.0735337063893	2591.071535905593	1.142328020534311	3.3877501385031077	0.3249205119128912	125.98	active
12.847243456679092	12.847243456679092	0.00947798563870017	-4.5471295938409035	0.889486535263782	11.916666666666666	339.325	323.19699999999995	339.141928172	128.0	1.2916666666666667	1.9583333333333333	2.5	2.8755356440519746	2.3452164084408804	786.6413621514662	18.12095586463014	13.524661934906723	13.524661934906723	11.079865353114783	6.952335544697664	6.952335544697664	5.5722247558143625	5.5722247558143625	3.322698517209652	3.322698517209652	1.8808921876023246	1.8808921876023246	-2.8299999999999996	158344.24577536603	17.52270978816457	5.992463360666892	3.396001474848616	136.07853180265462	17.453588333505085	23.65106662977161	26.79611376801783	12.393687143226153	91.45	24.0	7.0	7.0	10.0	4.3751748493823035	2.0	3.0443000000000016	81.76240000000001	0.3643957351267711	27.264388587527385	11.264388587527387	13.594655473513505	5.700228282513589	4.098416849917457	4.098416849917457	2.4140073435068157	2.4140073435068157	1.3623733028138734	1.3623733028138734	0.9556565280242456	-2.8299999999999996	0.0006940981941142248	5.9113726040769174	5.992463360666892	3.396001474848616	158.67417306981622	0.2944836165980109	0.9128544519343393	40.0	7.0	24.0	10.0	7.0	2.0	8.0	1.0363930127634617	1315.1661532548444	4076.8151787230986	4466.0078833863645	1.4759868225492065	3.8112833940934587	0.3657105501422448	91.45	active
13.15695167058593	13.15695167058593	0.03144512946235478	-4.169207185288832	0.49891825531181555	16.484848484848484	524.4310000000003	507.29500000000036	523.00737596391	172.0	1.0909090909090908	1.9090909090909092	2.5757575757575757	3.3649421604664282	1.632931994099753	1270.6814911649938	23.587211190881018	16.966446375446996	20.11129742933936	15.758857377976812	9.724487227931828	12.800132314005817	7.137149661625155	10.730195755426848	5.055418279942919	8.44144957438324	3.4578626917956226	5.662541257588606	-2.6599999999999993	33012141.938777868	23.49657732280778	9.679691384729995	5.136873484827404	204.3493063861142	62.06370254519393	80.56913237655507	55.79215474171532	64.44749857044542	101.75	33.0	8.0	7.0	12.0	6.892109608552262	4.0	4.070100000000004	127.60730000000001	0.1423028593335142	32.49427307080147	18.639124124693826	16.676953898087085	11.189442753833907	5.5850590403689075	8.956858099473116	3.5332645564916656	6.54719520574936	2.151503460984881	3.9052980277511504	0.8579774217948308	-2.6599999999999993	0.00016391357999688986	10.306456463154243	9.679691384729995	5.136873484827404	228.23380488896697	0.5136873988042681	0.7254197093115539	50.0	7.0	33.0	12.0	8.0	4.0	5.0	1.309809427995406	4425.622997956107	6249.7817859128145	8615.401133564532	3.0231308434390574	4.288604630546932	0.42252979408543667	101.75	active
13.343570050101038	13.343570050101038	0.05018331177762869	-5.43781069418114	0.10676011790295757	12.833333333333334	898.8440000000002	876.6679999999999	898.0008041034599	314.0	0.45	0.75	1.05	3.1490588904047425	1.3410872769646487	3118.4301644690704	44.274927445150354	30.03672395993186	33.30271028364276	27.859777567715827	16.023402689823058	21.656395851678507	12.235527170131304	17.627825954496533	8.69977240759269	12.205530278017868	5.964257347519559	8.783891379705892	-6.520000000000001	4096122989655.729	43.06895390943575	15.256189768311065	8.07222244352621	338.5993381165245	96.14172194209475	72.79640482153933	66.10178251463226	112.83533922612804	394.85999999999996	60.0	22.0	22.0	26.0	10.951135566083243	6.0	3.4360000000000017	200.79959999999986	0.26625734584345795	49.84824738227701	31.11423370598791	25.32173662081901	20.16587540067464	10.895254674514982	16.161240998225882	7.281229942269097	10.48442485426381	4.796018692417131	7.317393331812211	0.9298903580688143	-6.520000000000001	6.741119457242375e-05	22.740662664173996	15.256189768311065	8.07222244352621	369.74091564917035	0.3678368143221289	0.8528047017509872	82.0	22.0	60.0	26.0	22.0	6.0	15.0	1.8563485294588369	12650.787560733252	29329.992791853027	34392.39104994659	5.782264417696413	6.517983441583561	0.3651925262126492	394.85999999999996	active
11.694853788737717	11.694853788737717	0.0671352985638698	-0.23265778533635695	0.2862371144515137	46.55555555555556	248.32199999999995	228.16199999999995	248.1412445	98.0	1.5	2.2777777777777777	3.0555555555555554	2.8971926240236776	1.8718855808190114	437.01966796835336	12.91384908344359	11.069679854082832	11.069679854082832	8.51065579946675	6.7436257796454795	6.7436257796454795	5.980599994127725	5.980599994127725	4.571893762425775	4.571893762425775	3.2045258575543247	3.2045258575543247	-1.09	18095.86512965189	11.970186286959771	3.9535992028241194	1.8112085008859515	107.8403536634834	5.969305287951849	23.801164850570913	23.778288874432143	23.801164850570913	38.83	18.0	3.0	3.0	3.0	2.6291843867655755	3.0	2.7620000000000013	68.01300000000003	0.15920226796547823	28.72474487139159	8.72474487139159	14.770620726159658	4.770620726159658	3.5810161321089566	3.5810161321089566	2.353954059492991	2.353954059492991	1.4436011749784272	1.4436011749784272	0.8687023004405843	-1.09	0.000805335952578942	2.827232374547726	3.9535992028241194	1.8112085008859515	135.93976366683958	0.495334546755258	0.7055484584494518	38.0	3.0	18.0	3.0	3.0	3.0	2.0	0.8653540335241641	876.0920907480427	1247.8948382182011	1768.6876404784962	0.6209857590116906	2.7996352458301685	0.31864480019036995	38.83	active
4.756018518518518	4.756018518518518	0.5787037037037039	0.5787037037037039	0.42720022942752706	8.75	148.276	138.196	148.02601489991	48.0	1.5	1.875	1.875	1.6856161633204378	3.5208600674451374	78.49785513558373	6.568914100752346	5.177923738800779	6.810916900656231	3.718744015013406	2.678524182620613	3.4950207635483395	1.4381976149688815	2.4700126533056586	1.0216402512639566	1.538038030758279	0.4818056874971399	0.9982034669914621	0.10999999999999999	47.19725257297226	8.109999999999998	4.035620437845225	2.425723536271458	61.47270006622595	29.16719667661866	0.0	22.309956628234602	0.0	3.24	8.0	1.0	2.0	3.0	4.0911102188655954	0.0	1.16	42.88400000000002	0.2162944886973628	13.763710176427685	5.396703338283135	6.5790686837138	2.395565264641526	0.8249245135433362	1.8567395518801133	0.40618098358503435	0.771329355255145	0.11923794263627506	0.30181212847133043	0.893317974502008	0.10999999999999999	0.0021215692709724153	1.4004255853331193	4.035620437845225	2.425723536271458	75.52240506790406	0.4494251844652564	0.6361323355925922	18.0	2.0	8.0	3.0	1.0	0.0	4.0	0.6558465556257855	299.84047388705943	424.404834335024	667.1643785245842	0.7064482642314622	2.1660929187263425	0.37088308421085114	3.24	inactive
13.17520809712774	13.17520809712774	0.10350670823885055	0.10350670823885055	0.6813170466380937	45.92	334.41900000000004	312.24300000000005	334.168127944	128.0	1.24	2.16	3.12	3.095211836428409	1.5524232297011886	848.052733715765	16.33613433532446	14.22706715094319	14.22706715094319	12.287660258669838	9.750272588454369	9.750272588454369	8.776861486817767	8.776861486817767	8.217025270096014	8.217025270096014	7.508218067827955	7.508218067827955	-1.6499999999999997	1919093.2428223423	13.540220246162598	4.183106986570093	1.3322788891531836	146.97567955204386	11.594566004035068	41.478044402446585	48.69113228258427	35.91459291074959	32.78	25.0	4.0	3.0	4.0	2.265607596456823	7.0	2.0925000000000002	93.40900000000005	0.19469347053822947	34.21092377192764	12.210923771927643	18.45401322219567	7.45401322219567	6.028648439122199	6.028648439122199	4.962693164256211	4.962693164256211	4.039259670869841	4.039259670869841	0.8932441919426952	-1.6499999999999997	0.0005493833584459343	4.4234491987989335	4.183106986570093	1.3322788891531836	177.88503055573565	0.44957181135013513	0.7118762665934116	47.0	3.0	25.0	4.0	4.0	7.0	0.0	0.8965257939558389	1295.773262239192	2051.7973079855656	2882.238675836415	0.7401504499293479	3.0519464188263785	0.3499769567656304	32.78	inactive
12.22498299319728	12.22498299319728	0.024907407407407156	-0.5730035903250192	0.5423999289187837	10.6	306.32399999999996	300.276	305.976898672	100.0	1.1	1.7	2.25	3.1854593216195974	2.0634177228860215	759.597600257293	14.11251969619286	9.80801854892085	11.441011710776303	9.681540550352056	5.443520857246842	7.202826479756633	3.7401112624459394	5.635499648443684	2.5332353542284665	4.270494687977659	1.636784022599247	2.965966328001775	-2.3199999999999994	72080.57352960826	12.70059785841761	4.985742779946664	2.0419085187989046	119.97382807710659	34.24006164859935	61.374997216655075	16.723153149855325	39.65463275167161	87.11000000000001	20.0	6.0	7.0	8.0	3.166095703680583	3.0	1.8930000000000002	70.96600000000001	0.23377554054106148	15.343916933783095	10.976910095638548	7.9696810243967136	6.602674186252167	3.352005002986896	4.984998164842349	2.2160680751072563	3.6074796131655105	1.3778658432050113	2.368982850383597	0.9115170577322115	-2.3199999999999994	0.0005881015062364546	7.459063673683291	4.985742779946664	2.0419085187989046	128.40365107811346	0.41126226846528513	0.6980046518471117	26.0	7.0	20.0	8.0	6.0	3.0	4.0	0.6272543029220292	1186.8778509240358	2014.398899784334	2885.939075697679	1.8594486428114454	3.15212796581133	0.1438208797289575	87.11000000000001	inactive
12.508786478038823	12.508786478038823	0.1246578016473403	0.1246578016473403	0.45406396462781595	12.966666666666667	418.9680000000002	391.7520000000002	418.181191164	154.0	0.9	1.4666666666666666	2.066666666666667	2.9147546016999986	1.4081703005621757	968.0519988626901	20.924074484064487	17.351483871867806	18.10741281788626	14.61419354072963	10.52294478599197	10.900909259001196	7.930468387148021	8.366904167620005	5.729775517120402	5.981751832459887	4.161135529408499	4.287123687078242	-2.6199999999999988	8653416.73367421	20.644648227997266	9.460979947044216	4.745793937932701	183.44375296060085	28.758957385964578	94.50939261037166	37.36509587763034	72.79640482153933	23.55	30.0	3.0	3.0	4.0	6.5106200966288	4.0	5.7815000000000065	125.19450000000006	0.4869094779070706	41.68063995447301	15.436568900491462	21.484747168236417	8.362711641245646	5.34655056711141	5.724515040120637	3.4654358243894166	3.65441806089403	2.2096998820490583	2.3041910003013646	0.9762276069503831	-2.6199999999999988	0.00045818507562312674	5.78711267827224	9.460979947044216	4.745793937932701	221.37795646513175	0.21674791677875083	0.903597134714099	57.0	3.0	30.0	4.0	3.0	4.0	8.0	1.2616966106299181	1972.1225827471937	8221.552214014331	9098.692213776947	1.8250585666806336	4.798299286738356	0.3327492029303359	23.55	inactive
11.939225403124212	11.939225403124212	0.05337165112958697	-0.05337165112958697	0.5341914417041845	11.0	260.296	248.19999999999996	260.094963004	96.0	0.95	1.75	2.6	2.5298485590827835	1.8543385661804006	779.1117004520452	13.7862462825598	10.730878711739292	10.730878711739292	9.826499840494924	6.3104699303180505	6.3104699303180505	4.362290847261926	4.362290847261926	2.9902648830085337	2.9902648830085337	1.9480929126092326	1.9480929126092326	-2.8099999999999996	61758.66302432891	12.23544093091737	5.446172584372929	2.6165218343101175	116.17620323023854	22.762189985279875	78.25802328429837	15.751201988259357	67.00064379775291	42.85	20.0	3.0	3.0	3.0	3.3318161477838286	3.0	3.525900000000002	79.34450000000004	0.6448193920542823	21.80267548146378	9.80267548146378	11.348551336231848	5.348551336231848	3.473551336231848	3.473551336231848	2.1923152016113807	2.1923152016113807	1.3197643985556688	1.3197643985556688	0.9905400487304624	-2.8099999999999996	0.0014846041308052276	4.6316829655676965	5.446172584372929	2.6165218343101175	133.03584923225222	0.13722394784094144	0.8627760522662238	32.0	3.0	20.0	3.0	3.0	3.0	3.0	3.125393930892422e-05	581.1488964389899	3653.891019297061	4235.039915282202	1.2612472393290948	4.03362023317393	2.9541658400209374e-10	42.85	inactive
12.340656651549509	12.340656651549509	0.1275925925925927	-0.9696759259259264	0.5055052971214055	14.88	346.33900000000006	328.19500000000005	346.11648629599995	132.0	1.04	1.52	1.96	2.5932665724561046	2.803490087611988	771.1110283918142	18.723250160202095	14.283454684231268	14.283454684231268	11.82780492029403	7.415124004249607	7.415124004249607	5.434451728861826	5.434451728861826	4.01543539399127	4.01543539399127	2.9639806125237675	2.9639806125237675	-3.1599999999999997	291739.89613473933	18.18259494971491	7.163418786222467	3.232043293699175	143.81370172517111	17.62599685058726	62.48352572055921	31.081516707276435	46.80575596009664	107.77000000000001	25.0	8.0	7.0	8.0	5.209981689802462	2.0	2.1756	88.40510000000003	0.10131768949271316	29.843916933783095	11.843916933783095	14.957927231811597	6.010713636311638	4.193772679572436	4.193772679572436	2.8911365760606587	2.8911365760606587	1.9586796182576394	1.9586796182576394	0.776525230883358	-3.1599999999999997	0.0003356866486797981	5.686913158634396	7.163418786222467	3.232043293699175	169.16122736042993	0.6300861574432084	0.6459601937059563	43.0	7.0	25.0	8.0	8.0	2.0	8.0	0.9161038992660161	1924.2951611165183	1972.7747710983438	3054.0191026017915	1.629509622247095	3.167821693017295	0.3546735900075244	107.77000000000001	inactive
11.212870370370371	11.212870370370371	0.004629629629629317	-0.38870370370370355	0.5796806794408671	14.461538461538462	173.14700000000002	168.10699999999997	173.02441759991	64.0	1.0	1.6923076923076923	2.3846153846153846	2.1157745975987363	2.7569605368382883	429.7960406537963	9.422285251880869	6.611496217339719	6.611496217339719	6.198377302757662	3.767072974075047	3.767072974075047	2.7405442013247456	2.7405442013247456	1.9241698004748566	1.9241698004748566	1.3151050207211616	1.3151050207211616	-1.9	1095.9712415561455	7.733836486578785	2.5529776258355965	1.0518261614894997	74.31301534365345	11.566489892729878	41.478044402446585	11.566489892729878	30.351141419052592	57.2	13.0	3.0	3.0	3.0	1.5187931932389707	2.0	0.6954	43.689000000000014	0.2602687929209003	11.22474487139159	6.224744871391589	5.862372435695795	3.3623724356957947	2.3623724356957947	2.3623724356957947	1.584279326771846	1.584279326771846	1.0145195511812308	1.0145195511812308	0.8972641133055612	-1.9	0.0013120464074431557	3.8723402072432536	2.5529776258355965	1.0518261614894997	81.3378678444925	0.4414941800001277	0.5585058200010213	18.0	3.0	13.0	3.0	3.0	2.0	0.0	2.5265311439555873e-06	425.6753547989259	538.4944442215095	964.1697990193276	0.760461377593508	2.35976783038032	4.642706025318509e-12	57.2	inactive
9.802662037037038	9.802662037037038	0.1712962962962965	-1.6417824074074072	0.3780091246547498	8.142857142857142	165.95	163.93399999999997	164.91927960391	40.0	1.5714285714285714	2.0	2.0	1.6457113704075785	3.577919926272439	98.3531421217447	5.861807319565799	3.309816125587364	4.895812664702068	3.1807392125526213	1.4831870682014927	2.604655975947895	0.844264434731486	1.4049988886046876	0.34904068366784397	0.858326792802367	0.0545544725589981	0.2834733547569204	-0.3800000000000001	27.977093296928835	6.619999999999999	2.7371858599319103	2.331743772241993	48.45396081454767	27.682494132266136	0.0	17.082639881378217	0.0	57.199999999999996	7.0	3.0	3.0	4.0	2.5885957703927494	0.0	-1.2997	23.807999999999996	0.5587826542753781	5.102709344400816	4.688705883515521	2.301354672200408	2.0943529417577604	0.7110727420495032	1.1075718768281793	0.2712168025659755	0.6313364638991088	0.03857583749052298	0.2004459314343183	0.9840229653538975	-0.3800000000000001	0.007472448249059957	3.6009797397372574	2.7371858599319103	2.331743772241993	51.263901814883305	0.17804157844762541	0.8952213447592964	9.0	3.0	7.0	4.0	3.0	0.0	2.0	0.37172467636071255	119.80295010700358	602.3882681565445	672.8931025639389	1.4080786893585875	2.0502017631790173	0.2837090477239669	57.199999999999996	inactive
12.005717120181405	12.005717120181405	0.0375925925925924	-1.2579220731502476	0.6279689901206734	29.0	255.319	240.19899999999998	255.08088691991	94.0	1.411764705882353	2.0588235294117645	2.6470588235294117	2.5801044899782335	2.100769260851897	363.7280441802297	12.41384908344359	9.71765479716736	10.534151378095086	8.092224152875014	5.703305857888434	6.58295866914333	4.265705388686846	5.366204866386342	3.068418844094811	4.4246603546126115	2.133363444204627	3.3932814468422428	-1.01	8524.665234888083	12.447008086673568	5.097726906497272	2.6337635473704637	104.44746215060846	23.63836996669447	11.105091403710494	47.18736208647539	11.105091403710494	63.68000000000001	17.0	5.0	5.0	6.0	3.7324381193426452	2.0	-0.40510000000000024	62.663000000000025	0.28168618058164363	23.027420352855366	8.843916933783094	11.612261512659533	4.928758093587258	2.699404435406596	3.6769252427725014	1.6549794054816518	2.683508607085576	1.007207692168136	1.8600849509606494	0.9340091887272332	-1.01	0.001292250823041434	3.5109387194204666	5.097726906497272	2.6337635473704637	125.52201965312558	0.3572489823261864	0.8996480831255561	32.0	5.0	17.0	6.0	5.0	2.0	3.0	0.9890338473265297	696.1868911858378	1753.1840064994624	1948.7442249735618	1.0528121633560463	2.9347879774830203	0.4571684224778567	63.68000000000001	inactive
2.3798091458805746	2.3798091458805746	1.0257168950377824	1.0257168950377824	0.5335131251851576	12.96551724137931	385.575	352.31100000000015	385.26382547609	150.0	0.6896551724137931	1.2413793103448276	1.7586206896551724	2.783247866409323	2.063565114206357	900.2629073918202	20.63961743368831	18.228407815211245	18.228407815211245	14.210569857906941	10.843969796928299	10.843969796928299	7.179353644069374	7.179353644069374	5.631603361093033	5.631603361093033	3.9601604795972656	3.9601604795972656	-2.869999999999999	4582873.670846661	20.853786482671676	10.0640670579874	4.762819491901809	175.75311643408685	16.972175807523534	95.6013915569533	36.466236485900815	84.4744885735593	6.25	29.0	2.0	1.0	2.0	7.237031226708929	3.0	5.954000000000007	127.09640000000003	0.3048539714353828	47.39442719099992	14.394427190999917	24.091640786499873	7.591640786499874	4.940247584249853	4.940247584249853	3.368033988749893	3.368033988749893	2.1149186938124416	2.1149186938124416	0.9387379343660753	-2.869999999999999	0.0002643491714311618	4.415863042478066	10.0640670579874	4.762819491901809	222.11714293962467	0.3446318188764845	0.7178706241814683	62.0	1.0	29.0	2.0	2.0	3.0	11.0	0.8929813233876941	2715.6151853814545	5656.6464887710845	7879.757575010004	1.5324669578754315	4.590756233143396	0.13764690577355318	6.25	inactive
13.613729406516203	13.613729406516203	0.15064154797418006	-0.8893747375493415	0.44108573063191664	13.818181818181818	437.49900000000014	414.3150000000002	437.173941596	164.0	0.9090909090909091	1.6666666666666667	2.303030303030303	3.504142877047988	1.5782431578027039	1218.8786066935406	22.622745096813752	17.92569047017787	17.92569047017787	16.20350993820667	10.933816490231568	10.933816490231568	8.037112788321934	8.037112788321934	5.633791653804149	5.633791653804149	3.8108346869572736	3.8108346869572736	-4.189999999999999	75605078.3506142	20.698209348830897	9.122572732059282	4.549875454479748	191.43322456946174	17.501745733386574	108.84332093943763	22.84017880879818	101.93677296591953	75.44	33.0	6.0	4.0	6.0	5.721846066912099	5.0	5.008300000000004	125.5382	0.20995664214824128	39.066385657891466	16.066385657891466	20.32895776067754	8.881744165177581	5.971997604655693	5.971997604655693	3.9430458384912295	3.9430458384912295	2.5106939418361094	2.5106939418361094	0.9032262774135804	-4.189999999999999	0.00032350406140093583	7.153542982386327	9.122572732059282	4.549875454479748	223.80560270555978	0.4291646441514094	0.9370688565002777	56.0	4.0	33.0	6.0	6.0	5.0	7.0	1.2140078690663167	2896.621614091325	6324.691329122929	6749.441394033838	1.9775368529918647	4.272274849627254	0.36860254848498036	75.44	inactive
11.130016534391533	11.130016534391533	0.18324074074074104	-0.5687944066515487	0.48878133498627435	10.357142857142858	192.17	184.10599999999997	192.04335589582	74.0	1.4285714285714286	2.142857142857143	2.7857142857142856	2.1859965440290403	2.9048532570690915	368.38478965282144	10.55204176387779	7.5197445078035825	7.5197445078035825	6.6302289553358	3.8734623456271344	3.8734623456271344	2.5561254713596466	2.5561254713596466	1.5814122258488823	1.5814122258488823	0.882657938201205	0.882657938201205	-1.97	1324.7139056815984	10.113125519534497	4.3182753757478265	2.5158513680748387	81.06510337884181	12.045325394785731	29.838572803915707	13.079102829229383	24.27512131221871	72.42	14.0	4.0	4.0	4.0	3.1193757787751974	1.0	0.019999999999999796	46.38400000000002	0.651099764843494	14.632993161855453	6.6329931618554525	7.270620726159658	3.270620726159658	2.0477678416450935	2.0477678416450935	1.1374149571305296	1.1374149571305296	0.604639663385923	0.604639663385923	0.9909391920886814	-1.97	0.0031952066525230928	3.647999361417184	4.3182753757478265	2.5158513680748387	92.30486738018428	0.13431127124195977	0.8673016563382325	22.0	4.0	14.0	4.0	4.0	1.0	3.0	0.09488268499090045	271.4383608501091	1752.7861793142495	2020.964870186635	1.1252189866536872	3.244230014539327	0.016843202580637547	72.42	inactive
14.262705095442497	14.262705095442497	0.15515711389185105	-3.952316387681654	0.2713197935252292	27.384615384615383	748.948	702.5799999999999	748.28441439191	278.0	1.1153846153846154	1.8846153846153846	2.5961538461538463	3.9833437012145754	1.2100978988664697	2041.5500573225586	36.948654031517286	30.255253257129034	31.888246418984483	24.80653654554423	18.16673940759713	20.549611777979838	15.016815066562511	17.75410262154782	10.923617775737823	13.54082774408127	7.4843549713944055	9.69993231804739	-4.039999999999999	459318576862.8753	36.323816153524476	14.071593101912683	7.029737608651751	308.35737910659094	49.98454115147789	51.71067854051604	78.60225854510945	35.73120418951851	158.95999999999998	52.0	12.0	10.0	14.0	9.829499246559221	7.0	6.038220000000006	198.77549999999945	0.20522712512127206	70.91030259167457	26.543295753530007	36.49043054448745	15.799776858715855	9.925562943771036	12.261464721257125	6.660255648491702	8.559864958611033	4.172741371021125	5.594764778591529	0.9006454001509508	-4.039999999999999	8.155397405346669e-05	10.584804863922358	14.071593101912683	7.029737608651751	373.0440787465499	0.43455478732483616	0.7278388978561426	98.0	10.0	52.0	14.0	12.0	7.0	13.0	1.2438513530972346	8924.628214671333	14947.923145733499	20537.406271858745	2.864328213620417	5.4450183652987	0.23208377900524277	158.95999999999998	inactive
12.06467970521542	12.06467970521542	0.039211073318216716	-3.839537037037038	0.6283739821736034	11.38888888888889	267.262	258.18999999999994	267.02014338800006	94.0	1.1111111111111112	1.7222222222222223	2.2222222222222223	2.7912684632217544	2.472267393422258	684.4785811138514	13.336498814253964	9.360804953420892	10.177301534348619	8.408720733802742	4.970635891250028	6.4537991388444205	3.6662677700304815	5.546914793270249	2.3432420969771846	3.9851434773785694	1.3865661982064437	2.5555440008246393	-2.15	13118.961777142245	12.3106890964964	4.262897650109057	2.1192650741690584	102.92614280832082	15.72143533827851	52.07597217123222	13.341108033146607	50.80311622603601	90.42	18.0	6.0	5.0	7.0	2.915511534482094	2.0	2.32902	61.993200000000016	0.34846189660183846	17.39670333828314	9.213199919210862	8.73858508368115	5.721748331275543	2.90934283359997	4.695255511348982	1.7415530162209192	3.1566748820713335	0.9763736290515991	1.9065977675511017	0.953005709140147	-2.15	0.0010263393581161336	5.230715255771842	4.262897650109057	2.1192650741690584	115.57087730983109	0.3029523367566019	0.8490348620905828	27.0	5.0	18.0	7.0	6.0	2.0	4.0	0.9353401975201253	827.2457402871146	2318.3860555067554	2730.613498953602	1.2387779873455211	3.315632235927615	0.27773807896726443	90.42	inactive
10.069182964852608	10.069182964852608	0.20608835663895197	-0.5093419312169316	0.5289547551768388	13.428571428571429	193.15799999999996	186.10199999999998	193.037507704	72.0	1.3571428571428572	2.142857142857143	2.9285714285714284	2.6085526047440886	2.2452664748461397	399.7984696519948	9.966255326250886	7.174064884490088	7.174064884490088	6.7540201954234895	3.968988160711493	3.968988160711493	2.713790680740109	2.713790680740109	1.7853274607842622	1.7853274607842622	1.1637225558730095	1.1637225558730095	-2.0399999999999996	2449.430895854699	8.55346898338668	3.3706725661083032	1.6580998735903334	79.71086145848687	6.076020106833881	40.07682585566784	11.716253354917498	24.399056095205278	61.60000000000001	14.0	5.0	4.0	5.0	2.0593530890971254	2.0	1.6626999999999996	48.593400000000024	0.7434582269404405	13.58020675735541	6.580206757355411	6.905251750347816	3.405251750347816	2.189618952989166	2.189618952989166	1.3054370828188857	1.3054370828188857	0.7895182426155152	0.7895182426155152	0.9955160727196597	-2.0399999999999996	0.004923905491893789	3.6060455982104496	3.3706725661083032	1.6580998735903334	89.54565495966152	0.09459254176109894	0.9497390893156543	21.0	4.0	14.0	5.0	5.0	2.0	2.0	0.28486705977821314	192.8832896730465	1936.6093400994	2039.0961706070734	0.8681999264302548	3.2849077733878778	0.06469661898333735	61.60000000000001	inactive
11.541574074074074	11.541574074074074	0.04611111111111099	-0.07620370370370355	0.5994834910884169	15.307692307692308	172.18299999999996	164.11899999999997	172.052429496	64.0	1.0	1.6153846153846154	2.3076923076923075	2.146239890526001	2.690389534648589	427.4713488019866	9.422285251880869	7.203247926875856	7.203247926875856	6.198377302757661	4.0629488288431155	4.0629488288431155	3.066308966515398	3.066308966515398	2.1429066593067634	2.1429066593067634	1.4483417997305061	1.4483417997305061	-1.7	1131.0684223072026	7.92396721528191	2.6601182477828544	1.1085425487040885	75.88372370585405	11.566489892729878	47.04149589414358	11.566489892729878	35.91459291074959	34.14	13.0	2.0	2.0	2.0	1.6214376757080384	2.0	2.0119000000000002	48.86000000000002	0.2919603011407871	14.316496580927726	6.316496580927726	7.408248290463863	3.408248290463863	2.408248290463863	2.408248290463863	1.6072172541558802	1.6072172541558802	1.010889663385923	1.010889663385923	0.9250885478763838	-1.7	0.0016099895764613058	2.909114513819797	2.6601182477828544	1.1085425487040885	87.12348770719653	0.3797514695007292	0.6235624400405259	21.0	2.0	13.0	2.0	2.0	2.0	1.0	0.10485513992807703	387.3083709095134	635.9710816392073	1019.8995975413064	0.5952760463924607	2.4358081564601424	0.02795348266972004	34.14	inactive
13.314951513433655	13.314951513433655	0.0705125689983539	-0.09996758734357902	0.484708250728698	13.290322580645162	431.5210000000002	410.3530000000002	431.14159591200007	156.0	1.096774193548387	1.903225806451613	2.6451612903225805	3.288519677154089	1.391368848001805	1212.4991122848364	21.20853153444066	16.770229608413125	17.58672618934085	15.169836433395455	10.178215107756078	11.121024149338144	7.641897479453252	8.421930793800584	5.280840779499918	6.012890576894124	3.4253998055718444	4.0852225952109045	-3.519999999999999	22442949.775414176	19.443893898467632	8.311433148536203	4.3382766439909295	182.84445804122973	39.87193304655383	76.48433214048032	32.85007012695206	65.35742915708633	80.12	31.0	7.0	6.0	8.0	5.213116912398216	5.0	3.618400000000003	119.96720000000002	0.18571217629193745	35.96081284889138	15.777309429819107	18.702564558427518	9.071847543855284	5.607985048889695	6.22035748458549	3.6023997040157845	4.112710067095613	2.193289328983431	2.5961501295980765	0.8933714815647662	-3.519999999999999	0.00023467642911086765	6.996245445419392	8.311433148536203	4.3382766439909295	212.40689517699215	0.4493188132348507	0.7775563208209819	52.0	6.0	31.0	8.0	7.0	5.0	7.0	1.2396179978529933	3313.3123925864866	5733.761680625502	7374.078927905205	1.875768590656586	4.362001978073174	0.30178677714156377	80.12	inactive
11.689748887209205	11.689748887209205	0.0202680933484507	-1.0420332577475435	0.7185016047126355	20.61904761904762	286.23900000000003	276.159	286.04993235963997	110.0	0.9523809523809523	1.7142857142857142	2.4285714285714284	2.4214713328866666	1.9978810165902074	696.8034648427933	15.14589989101247	10.737013713333205	10.737013713333205	9.952397498181151	6.291066435379456	6.291066435379456	4.9141949138381555	4.9141949138381555	3.454537082063292	3.454537082063292	2.4254014558431947	2.4254014558431947	-2.6	57289.59026476565	13.38615916955017	4.746545498803195	2.2954031683873257	119.66220650570855	0.0	41.45873832570204	11.210493782589008	30.33183534230805	121.7	21.0	6.0	6.0	6.0	3.025619692975785	3.0	-0.9819000000000007	63.74780000000003	0.19177999075640495	19.94948974278318	9.949489742783179	10.337117307087384	5.428869016623521	3.9059310892394867	3.9059310892394867	2.529985095800974	2.529985095800974	1.6300488779530766	1.6300488779530766	0.8972730474411824	-2.6	0.0007683133460958428	6.027943213296398	4.746545498803195	2.2954031683873257	133.7985817655139	0.4414760223790343	0.8690181662753846	31.0	6.0	21.0	6.0	6.0	3.0	2.0	1.0520954957546653	1131.0725899677127	2226.446235429276	2562.024963151039	1.3624717488625375	3.215619976137036	0.4632082268550819	121.7	inactive
12.26360936144005	12.26360936144005	0.051262477468285716	-1.5098023373465292	0.6798087330589467	24.083333333333332	366.806	353.7020000000001	366.03207815591	126.0	1.375	2.0416666666666665	2.6666666666666665	2.5850858589969508	1.7144846348891023	739.4945289535813	17.430356941388638	12.269678724721683	13.842104251667863	11.413591357920932	7.070872895831938	8.497592158821822	5.325383859915354	6.886619843914338	3.8540573111722	5.605009195217079	2.6268663019280316	4.173136245215742	-2.029999999999999	232419.89941069784	16.81476684716973	6.4635882765802215	2.7661992514918268	146.36937966522206	41.14648958627849	46.624612499174475	39.85214172636883	41.06116100747748	115.56	24.0	7.0	6.0	9.0	4.5284887444498345	3.0	-0.7133999999999994	86.2791	0.446718938780594	24.260846711828417	12.833272238774597	12.347008680895952	7.19982894833303	4.214055542277155	5.386966636817232	2.826235301300779	4.087245207084093	1.7856345303856982	2.841099056912921	0.9708750931615902	-2.029999999999999	0.0006490751844988562	7.068512278010326	6.4635882765802215	2.7661992514918268	164.8081660641186	0.23958621303921845	0.8203523758886556	37.0	6.0	24.0	9.0	7.0	3.0	5.0	0.7812257019078143	1263.8788163223965	4327.569506830091	5275.256870125115	1.9036647122087873	3.848714793844176	0.20559306200867242	115.56	inactive
12.771556594860165	12.771556594860165	0.005417139077853683	-0.6248021317240282	0.567315479988884	14.8	397.64500000000004	386.55700000000013	395.98352525200005	128.0	1.12	1.8	2.52	2.8003436314490617	2.0342091831076186	912.0062396824786	18.137463722575188	12.92427387774349	15.192060715798856	11.863081100704115	7.17856262432991	8.312456043357592	5.311262718892234	6.591334406576811	3.553951325216762	4.392873254536189	2.4756847261326853	3.019797958321057	-2.0799999999999987	418264.92548049474	17.733711420687452	7.037858413083721	3.634513792271194	158.2629595097957	58.078375965455166	62.59300533538762	17.588170020074056	41.5539151375202	58.97	25.0	5.0	4.0	8.0	4.992294004691362	3.0	4.4608000000000025	97.407	0.35037263598943724	22.753065481419185	14.020852319474551	11.756320522044607	7.390213941072289	4.36155812932256	5.495451548350243	2.8079497660273174	3.469387593793465	1.8656186218514863	2.285840807597139	0.9519238137950503	-2.0799999999999987	0.00037072757375926986	8.535383852262639	7.037858413083721	3.634513792271194	173.71763501164162	0.3063348702480447	0.7492003264300777	36.0	4.0	25.0	8.0	5.0	3.0	4.0	0.777532519624314	2020.8918339496572	4942.476253026653	6597.0022685086615	2.402832922141822	4.129267468048938	0.16059400399124038	58.97	inactive
13.021684145880576	13.021684145880576	0.020321239606953645	-0.020321239606953645	0.5521533562766379	10.88	348.43100000000004	332.3030000000001	348.104482132	124.0	1.04	1.84	2.64	3.3055089178851116	1.6298203245501561	979.0273317509486	17.062267164498692	13.447767755576168	14.264264336503894	12.309663088089318	7.958235644478647	8.901044686060711	5.6828372072704285	6.462870521617761	3.9949722077245062	4.727022005118716	2.744189421426972	3.404012211066034	-2.9899999999999984	1229054.3258480423	15.532621659053293	6.863347813221195	3.2940248731420554	148.67913645352075	33.96475331720233	76.98724771724494	20.901049568452596	71.42379622554793	51.02	25.0	5.0	5.0	6.0	4.264231395890223	4.0	3.726200000000002	99.47900000000001	0.18207514214226472	28.10535096292756	12.921847543855284	14.604013222195668	7.420509803123395	4.342422287856246	4.954794723552041	2.813382188878594	3.323692551958423	1.782557098747958	2.1854178993626023	0.8836065759295005	-2.9899999999999984	0.0006447884864775981	5.7768701902183235	6.863347813221195	3.2940248731420554	171.15866445620574	0.4682300919143749	0.981067223835143	41.0	5.0	25.0	6.0	5.0	4.0	5.0	1.4485467895938093	1521.533408877375	3188.0192734232087	3249.5421271549058	1.5859467754919059	3.37954666460099	0.6719421065230056	51.02	inactive
2.6122685185185186	2.6122685185185186	0.4940740740740739	0.4940740740740739	0.7212588245608211	21.65	264.372	244.21199999999993	264.16264864	102.0	0.9	1.65	2.55	2.6141296973388872	1.9017661245550799	634.8202783238603	13.526733258565956	11.919006738452742	11.919006738452742	9.826499840494925	7.436433325672088	7.436433325672088	5.975738149618502	5.975738149618502	4.679497501823577	4.679497501823577	3.6398866710785605	3.6398866710785605	-1.7999999999999994	76322.13064350616	11.97999288002848	4.637130177514793	1.831999373482653	120.18615504528896	5.687386274683562	65.22129102278387	31.581850931265397	48.53093654769288	6.48	20.0	2.0	2.0	2.0	2.7776393255196212	4.0	3.0839000000000016	83.27400000000006	0.1744637442294384	29.894427190999917	9.894427190999917	15.591640786499873	5.591640786499874	3.9534441853748636	3.9534441853748636	2.7805339887498954	2.7805339887498954	1.9480746418436738	1.9480746418436738	0.8553088278752566	-1.7999999999999994	0.0005155623611597073	3.1720049014987266	4.637130177514793	1.831999373482653	148.2855650486451	0.518118527905203	0.607622111859928	40.0	2.0	20.0	2.0	2.0	4.0	1.0	0.8527818398994915	1178.5618145070582	1382.1552021765792	2274.6953660817408	0.7354499825982292	3.0240852719523788	0.2726649845009071	6.48	inactive
10.904498771730914	10.904498771730914	0.3587736205593348	-0.7376851851851856	0.6322035355738016	12.76923076923077	181.19099999999997	170.10299999999995	181.07499037182	72.0	1.3846153846153846	2.076923076923077	2.6153846153846154	2.0993716925496053	2.8351682624881787	288.1883450849283	9.844934982691242	7.280218034372735	7.280218034372735	6.147065707741406	3.9549578675755597	3.9549578675755597	2.7796477526187733	2.7796477526187733	1.7500170534134525	1.7500170534134525	1.043130492924233	1.043130492924233	-1.2600000000000002	795.6618714763005	9.82517887563884	4.112564658547651	2.3360814106192827	76.45879290288288	0.0	23.762552697081826	18.69895578343047	18.19910120538483	78.38	13.0	4.0	4.0	4.0	3.1082064159893266	1.0	-0.9134000000000002	44.22050000000002	0.26324772780817673	17.171958466891546	6.171958466891548	8.415047917159574	3.0595860311957526	1.9609792334457736	1.9609792334457736	1.1302998298483173	1.1302998298483173	0.5977829494635641	0.5977829494635641	0.9270454801127672	-1.2600000000000002	0.002325732842390249	2.618760242549133	4.112564658547651	2.3360814106192827	92.05819529509436	0.37494890025507366	0.9170851109658785	24.0	4.0	13.0	4.0	4.0	1.0	5.0	0.9246118313057109	394.3209186586338	964.4670065659886	1051.665756028039	0.8284477555936338	2.5790875590403726	0.47162036868291596	78.38	inactive
10.4228941568092	10.4228941568092	0.2527440499398922	-1.162324395761653	0.5616544918724433	20.227272727272727	299.4340000000001	272.21799999999996	299.20165368391	120.0	1.1818181818181819	1.8636363636363635	2.4545454545454546	2.3585739479031846	2.791584958361643	566.514664398947	16.750712376627057	14.401918539625125	14.401918539625125	10.220051237716591	7.84740587921929	7.84740587921929	6.7419658766965656	6.7419658766965656	4.119114188167247	4.119114188167247	2.866362371577336	2.866362371577336	-1.8299999999999996	40499.073259445584	18.219578582052556	7.975506503757992	5.8849787267796065	134.17506073915436	5.969305287951849	58.74853876128035	5.969305287951849	58.74853876128035	40.129999999999995	22.0	2.0	2.0	2.0	6.605016703494999	1.0	4.267900000000004	91.13300000000004	0.7973898641248615	37.816496580927726	10.816496580927726	18.908248290463863	5.408248290463863	3.662457478565265	3.662457478565265	1.9770620726159658	1.9770620726159658	1.1020620726159658	1.1020620726159658	0.9973444105242971	-1.8299999999999996	0.0016718362471829654	3.3313354894895033	7.975506503757992	5.8849787267796065	172.10926424368523	0.07282943632860506	0.9445427573975445	49.0	2.0	22.0	2.0	2.0	1.0	10.0	0.4757501959772516	564.9732496164584	7327.276139290723	7757.484859107101	1.207685811937425	5.1119656836780765	0.07214463665795388	40.129999999999995	inactive
10.795761526832955	10.795761526832955	0.03932917611489062	-0.8626851851851856	0.5798346457518468	12.833333333333334	167.164	158.09199999999998	167.05934030782	66.0	1.3333333333333333	2.0	2.5	2.0826293264561286	2.962539757428968	275.00552478320776	9.137828201504695	6.357568303562361	6.357568303562361	5.647065707741406	3.509652767446149	3.509652767446149	2.457672477189084	2.457672477189084	1.5758041281847317	1.5758041281847317	0.8680129606809364	0.8680129606809364	-1.2600000000000002	497.74840902301474	8.833109869646183	3.424418661595194	1.6637425470500236	69.88387930189093	0.0	23.762552697081826	11.65128380075328	18.19910120538483	92.37	12.0	4.0	4.0	4.0	2.5206888564614234	1.0	-1.1741000000000001	39.34820000000002	0.4444103048494116	14.671958466891546	5.671958466891547	7.138654714909553	2.835979233445774	1.8491758345707843	1.8491758345707843	1.0743981304108225	1.0743981304108225	0.5470103265154349	0.5470103265154349	0.9705658012680923	-1.2600000000000002	0.0032614577914494747	2.614736313719694	3.424418661595194	1.6637425470500236	82.73139732600515	0.24083609656533195	0.8240350029121966	21.0	4.0	12.0	4.0	4.0	1.0	4.0	0.5157342372741774	252.65849065180586	864.4860261782788	1049.0889623900994	0.7461626523210287	2.5454598817282963	0.2072373327540737	92.37	inactive
11.787664294112705	11.787664294112705	0.033930566053582245	-0.6333585285966234	0.846115152587301	18.047619047619047	302.73699999999997	289.63300000000004	302.06004169573004	110.0	1.0952380952380953	1.8095238095238095	2.5238095238095237	2.6840195865884002	2.1447089101189727	670.2125734025041	14.982763184195939	11.188131303098215	11.94406024911667	10.075387400469408	6.746330877869263	7.124295350878491	5.161335507721888	5.539299980731115	3.8812742341865913	4.281038766628463	2.7981096788773785	3.0948400522972026	-1.9099999999999997	74991.50724927991	14.045263866097136	5.466146261266822	2.522305383805159	127.17826429669596	11.600939890232516	52.04482313114036	13.08951281182515	30.33183534230805	81.21	21.0	4.0	4.0	5.0	3.655879360484421	3.0	0.8383999999999996	74.64870000000003	0.3889571820194148	23.049922939900775	10.80585188591923	11.945781863200324	5.876532740709594	3.886764868825377	4.264729341834604	2.6201738965710213	2.9807989263089874	1.6911616794169737	1.91871975341211	0.9613275815132568	-1.9099999999999997	0.0008625325672160842	5.375626171503812	5.466146261266822	2.522305383805159	145.5009374311158	0.2754074817826716	0.8213409069171174	34.0	4.0	21.0	5.0	4.0	3.0	1.0	0.8594933170311622	952.2433565240125	2839.8517607100184	3457.5798390090313	1.3992361380635066	3.4602821965315576	0.3248780381853671	81.21	inactive
12.748456160241874	12.748456160241874	0.0065493905895688265	-0.35714852607709635	0.6887651703545593	25.5	296.366	276.20599999999996	296.14124449999997	114.0	1.1818181818181819	1.9545454545454546	2.727272727272727	2.85520131776517	2.0163335601274475	752.18895545309	15.64589989101247	13.285222803706658	13.285222803706658	10.41552078507628	8.043111648248416	8.043111648248416	7.36477323473798	7.36477323473798	5.408216226148845	5.408216226148845	4.210699672803577	4.210699672803577	-1.8999999999999995	140495.89124327071	13.741648394895153	4.310628199034176	1.6232992169696452	129.90514354347536	17.325654764386055	39.95964463378047	18.173371857242795	17.705838666992488	43.370000000000005	22.0	3.0	3.0	3.0	2.6925062305567167	4.0	3.4433000000000025	83.77950000000004	0.4395145071965037	30.72474487139159	10.72474487139159	16.066496580927726	6.066496580927726	4.816496580927726	4.816496580927726	3.49463221128641	3.49463221128641	2.4910023234911023	2.4910023234911023	0.9697560969940983	-1.8999999999999995	0.0010006399839474808	3.947373775980966	4.310628199034176	1.6232992169696452	158.00455354683154	0.24407603803481676	0.8140704256744101	42.0	3.0	22.0	3.0	3.0	4.0	3.0	0.6978648349131567	813.5497668831282	2713.4445903263636	3333.1816323857142	0.7734391232214349	3.402032369083135	0.17087474864189456	43.370000000000005	inactive
4.4344855442176865	4.4344855442176865	0.6431944444444444	0.6431944444444444	0.4639437938300225	8.4	149.218	142.16199999999998	149.029920224	50.0	1.3	2.0	2.6	2.029573889867405	2.6687661861354384	236.69432088304723	7.234204518682008	5.4493200130984984	6.265816594026225	4.931851652578137	3.008195702114982	3.416443992578845	1.8931134185878549	2.0756876044229102	1.169005511853544	1.2981049567271246	0.7069817806505595	0.7715315030873497	-0.9800000000000001	251.66716234355823	7.130864745011085	3.9365262289791674	2.094917408045428	65.41539008135518	17.379135295172244	35.89528683400505	5.1612618521255476	35.32424007494372	12.36	10.0	1.0	2.0	2.0	2.8070836104038976	1.0	2.2894000000000005	45.17200000000002	0.6069049501082566	11.855461885963821	5.671958466891547	5.90133774073189	2.809586031195752	1.3148938906675067	1.497468076502562	0.713348644771248	0.8046357376887757	0.3846251721043714	0.4302687185631352	0.9880057405181122	-0.9800000000000001	0.0054148787768602885	2.260633976567991	3.9365262289791674	2.094917408045428	75.25018358252984	0.154417151583808	0.8962122889817631	17.0	2.0	10.0	2.0	1.0	1.0	2.0	0.48325617880252497	165.50920637625322	960.5887893451517	1071.8317536535126	0.8899044942881373	2.7138216227639815	0.15413088193960997	12.36	inactive
11.956280706727135	11.956280706727135	0.1611545729402868	-1.2108693415637861	0.6450980075832928	10.8	267.21599999999995	260.15999999999997	267.03099406373	100.0	0.9	1.6	2.3	2.4486928160349595	2.3623328534654777	849.507138680937	14.27565640300939	10.082693336646697	10.082693336646697	9.575387400469408	5.790129012293801	5.790129012293801	4.247013981903603	4.247013981903603	2.952479606464692	2.952479606464692	1.9917584100658603	1.9917584100658603	-2.95	42910.89290819663	12.102762105524212	4.307802293511395	1.763042678412738	112.51920203793705	10.969244356107037	52.68789705520363	0.0	51.67625760035644	99.39	20.0	5.0	5.0	5.0	2.6068153178	3.0	0.6807999999999994	66.25800000000002	0.5565116153079089	16.541241452319316	9.541241452319316	8.72474487139159	5.224744871391589	3.701806944007555	3.701806944007555	2.478954059492991	2.478954059492991	1.5951689901577688	1.5951689901577688	0.9836008981258316	-2.95	0.0013888360114899013	6.47230539970012	4.307802293511395	1.763042678412738	122.35399553911171	0.18035873476507178	0.819641265389127	27.0	5.0	20.0	5.0	5.0	3.0	1.0	3.752451556732001e-05	590.1641796498642	2682.0043710421305	3272.1685501874304	1.3940706022567182	3.4993437280015676	4.565711973847198e-10	99.39	inactive
5.311495995671612	5.311495995671612	0.557865176678586	0.557865176678586	0.22525095909642437	9.466666666666667	472.69000000000005	452.5300000000002	472.06322864000003	154.0	0.7333333333333333	1.1666666666666667	1.5666666666666667	2.7146714800412326	1.6085845158317489	901.2669145555524	21.606237238868705	15.974649631118568	19.24063595482947	14.600886748174156	9.060764963206028	10.693758125061478	5.975746141900565	7.157391094498401	3.7321994126532596	4.40757287831506	2.4162449052132664	3.066889821518604	-2.5799999999999996	4405640.344958916	23.696539551247227	13.607764730788817	9.278424690184044	196.83324893570577	92.16843634462165	48.53093654769288	33.636910285525765	58.515746012964215	72.84	30.0	6.0	6.0	10.0	10.748564504906808	2.0	5.208400000000003	139.93679999999992	0.5244418197877677	34.3162747348552	17.582261058566104	17.03863253592731	8.882771315782929	4.286576939504998	5.382022054515329	2.4043952675024785	2.9521178250076434	1.4122347266687665	1.868670191256404	0.9801843812448908	-2.5799999999999996	0.00033890535431176766	8.163633643455372	13.607764730788817	9.278424690184044	225.16488546801537	0.19808730086396373	0.9463979177088558	50.0	6.0	30.0	10.0	6.0	2.0	9.0	1.0457447245771614	2792.5139147794057	13341.740447739228	14097.389901320135	3.7029601989497674	5.654935804466	0.1817885478496949	72.84	inactive
12.612684424078275	12.612684424078275	0.010998467288150238	-2.9346536883271694	0.620672123984499	12.346153846153847	382.36800000000005	368.2560000000001	382.06785694791	138.0	1.2307692307692308	2.0384615384615383	2.730769230769231	3.0398262457155956	1.8625541543479762	948.3895976070247	18.681433796945207	13.810019581161947	14.626516162089674	12.511570350697118	7.350301612715495	8.669233505702316	5.018219625879959	6.363087193801876	3.441901060891154	4.567371044639505	2.3385643670917706	3.321973851196815	-2.75	891957.9763228529	18.053450642093914	7.645957193816884	3.742952830948482	149.324347395739	21.83297047813683	36.156239840307975	35.00795570306005	35.61874832728022	84.64	26.0	7.0	6.0	10.0	5.309073492697539	3.0	2.5134000000000007	89.14840000000002	0.3244491886379459	26.138811184837643	12.95530776576537	13.26926508803122	7.41909500229228	4.165689561417905	5.27241955688521	2.662538487316148	3.555502628969035	1.681211420102963	2.4348456895148884	0.9470625784497779	-2.75	0.0004015340802625141	7.471428861211408	7.645957193816884	3.742952830948482	168.9939343980883	0.321049018843008	0.8044607202381092	40.0	6.0	26.0	10.0	7.0	3.0	9.0	1.022317283307864	2003.4680984293302	5020.141146186327	6240.380692174051	2.197162509595018	4.1646769984991305	0.26977165024054917	84.64	inactive
11.374751904524182	11.374751904524182	0.27678902116402093	-0.4813616174520903	0.824038802731227	13.727272727272727	298.338	280.19399999999996	298.12270337564	118.0	0.6363636363636364	1.0	1.3181818181818181	2.4647686701849887	2.000803251459526	594.0305701374936	16.27565640300939	12.666008877745556	12.666008877745556	10.363081100704113	7.304201558179757	7.304201558179757	5.924990854816349	5.924990854816349	4.103009809177402	4.103009809177402	2.5048442495875154	2.5048442495875154	-2.36	69045.56475789209	16.018207439456763	6.602169515973054	3.8452965116938183	129.85508502072472	0.0	47.52510539416365	0.0	36.39820241076966	92.24	22.0	4.0	4.0	4.0	4.807041857150646	2.0	1.0383999999999995	76.40400000000004	0.3650762148390029	28.632993161855453	10.632993161855453	14.566496580927726	5.566496580927726	3.8164965809277263	3.8164965809277263	2.2415816237971966	2.2415816237971966	1.2551551815399145	1.2551551815399145	0.9566469079996923	-2.36	0.0006801087369078189	4.570451071417855	6.602169515973054	3.8452965116938183	155.14455402374526	0.29125022474605616	0.8466697919023031	40.0	4.0	22.0	4.0	4.0	2.0	7.0	0.9874151810045122	1244.9035660852858	3618.957699191051	4274.34370967689	1.3715860335436973	3.9134623755877525	0.3191067899486004	92.24	inactive
12.649007542831948	12.649007542831948	0.24596245905769742	-1.3838408604182415	0.7078710391207692	12.333333333333334	344.4160000000001	326.27200000000005	344.10743601591	126.0	1.2083333333333333	2.0	2.7083333333333335	3.0065977799893377	1.900572833941512	920.8299213789109	17.26722023457211	13.991141806300378	14.807638387228105	11.528407103102724	7.390706093282729	8.70963798626955	5.396839236011036	6.741706803932953	3.8359984931468056	4.961468476895157	2.5525365755898948	3.621358061893468	-2.41	353332.36450656696	16.447862009987272	6.604258967706701	2.9892470267127704	142.2446734747762	21.83297047813683	41.216775755240356	28.39645061661395	29.552381258818613	75.41	24.0	6.0	5.0	7.0	4.5260808407942	3.0	2.5288400000000006	91.99040000000004	0.27598773016505024	29.474633948355326	12.291130529283054	14.98305232455813	7.13288223881919	4.133771422179343	5.24050141764665	2.6953179254686948	3.588282067121583	1.6455678981006476	2.408566537153891	0.9320620450853158	-2.41	0.0004616373493223578	5.29160593448184	6.604258967706701	2.9892470267127704	167.5341424777968	0.36229869460347064	0.7633472054574529	42.0	5.0	24.0	7.0	6.0	3.0	9.0	0.9788365634889818	1653.5646575780277	3483.987050483029	4564.092231653841	1.4561306644321537	3.752891499533373	0.23626255950691413	75.41	inactive
14.161317572226888	14.161317572226888	0.07328736369050204	-4.529249514788037	0.3030879095407904	11.416666666666666	504.49800000000016	488.37000000000023	504.09474039191	180.0	0.8333333333333334	1.6944444444444444	2.4444444444444446	2.877575893411334	1.5805957460521645	1699.7845555757008	25.28588180363029	18.63054358483884	19.447040165766566	17.352505073103423	10.488769743004642	11.928833071805283	7.615052581195982	9.187585852314795	5.3860725131006335	6.710025826094394	3.7117370849856925	4.745195734650786	-4.51	151418089.5525187	23.24210777330551	9.267482480043812	4.432034947877254	204.2515919873941	26.6136023601722	95.74121444915069	35.69291518410296	84.28016137812459	109.03	36.0	8.0	7.0	11.0	5.983217405233303	5.0	5.434700000000003	129.11479999999997	0.4634538749577755	33.124990085373696	17.94148666630143	17.271492012123264	10.711555340923905	6.498690676761186	8.03964583271642	4.319960047813752	5.540075864447688	2.811714933745425	3.7246096822127632	0.9729757346839129	-4.51	0.0003164802332919889	11.041847015643855	9.267482480043812	4.432034947877254	226.73111999007907	0.2309073834165985	0.9168009033398161	52.0	7.0	36.0	11.0	8.0	5.0	7.0	1.248957748799019	2896.8662396490436	11501.795854544973	12545.576485194391	2.8425034379112075	5.167592216073272	0.23529094994105806	109.03	inactive
11.646342592592593	11.646342592592593	0.03300925925925968	-3.6937962962962962	0.5358753000260388	18.357142857142858	231.65999999999997	225.61199999999997	230.975691732	74.0	1.2857142857142858	1.9285714285714286	2.5	2.36135916759743	2.7395510187947147	497.0627852557163	10.344934982691242	6.9746790883096885	8.54710461525587	6.586552190957388	3.8086018845011194	5.783187697126609	2.774401603468635	4.844179486201492	2.0205884442049165	4.188379344408969	1.3489959227440331	3.209341418209637	-1.07	1773.3807348656699	9.483686286009064	2.963490260121695	1.05711155951169	86.14085408430483	27.531410772991606	29.828919765543436	24.63413093293358	29.160951749364216	54.45	14.0	4.0	3.0	6.0	2.0074865670455395	2.0	1.0274	50.51730000000001	0.3083950602013719	12.458171230364638	8.03059675731082	6.3103516416368235	5.128379443446692	2.363236059651469	4.25579625238746	1.626488214100175	3.4556628753288017	1.0308729835837753	2.5394907652324363	0.9426592547032724	-1.07	0.0015933037403615133	4.633026825701294	2.963490260121695	1.05711155951169	94.57067708531169	0.3337566921011039	0.7942314357158163	20.0	3.0	14.0	6.0	4.0	2.0	1.0	0.297805991209348	498.48087065659485	1186.2209416269197	1493.5456949746838	0.9807092766320228	2.619107557207863	0.11030198819705747	54.45	inactive
12.67700176366843	12.67700176366843	0.13149339674141225	-3.5520317092886518	0.7007226624358107	12.125	362.4760000000001	344.33200000000016	362.07588443599997	126.0	1.0416666666666667	1.75	2.4166666666666665	2.9311561786184206	2.140520173640123	1031.170315888696	17.31962647737941	13.468684359209336	15.101677521064788	11.484730338724313	7.703454304841513	9.916914295776126	5.273659692730682	8.199143635804962	3.8868787840167887	7.044672761676028	2.624980016466474	5.1132236642016275	-1.96	337317.4530354078	16.882398000005534	6.505364048578407	2.7887544344100386	144.5231347044436	31.641921895908155	58.88474062681671	29.76918689571092	58.220957207282474	59.38	24.0	5.0	5.0	7.0	4.576089375126167	3.0	3.0827000000000018	97.52880000000006	0.5332073826709138	29.435668643319232	13.068661805174683	14.955281331699155	8.16874132263377	4.065723052538079	6.745223242297396	2.727347864307676	5.13040176489866	1.6887547255232567	3.3829963172238378	0.9812444059379117	-1.96	0.0009019714998789554	5.5204902403673355	6.505364048578407	2.7887544344100386	169.81260370746418	0.192767776911896	0.9361842470312606	42.0	5.0	24.0	7.0	5.0	3.0	7.0	0.8686082124496237	1037.931073384133	5040.752847663866	5384.35982409299	1.496366614175568	3.9764483768450356	0.16419171202689337	59.38	inactive
12.184452554169816	12.184452554169816	0.16328278533635654	-0.16328278533635654	0.8205297148032966	13.428571428571429	296.39500000000004	280.267	296.098334132	106.0	1.0476190476190477	1.7619047619047619	2.5714285714285716	2.5469836688474747	1.7648507418344488	669.5001426120655	14.656489770562878	11.581182942693962	12.397679523621688	10.25402019542349	7.013276914286517	7.42152520475038	5.009205798324969	5.3959041293919565	3.6118405142286893	3.9342891246357636	2.5708687739145057	2.85320174393492	-2.1999999999999993	92832.46076215275	13.768010355029586	6.0569444444444445	2.9516898713997244	129.1373749450749	28.92487633180652	65.72420659954848	17.56437301998884	54.59730361615449	32.34	21.0	3.0	2.0	4.0	3.9710511348071447	3.0	3.1541000000000015	88.61520000000003	0.4319654973609597	26.210923771927643	11.027420352855367	13.473495874713716	5.934530569677621	3.620350542368465	3.985498914038576	2.3488583511384533	2.6227196298910362	1.459479738498655	1.6793217239587064	0.9682887754704377	-2.1999999999999993	0.0008110648290827482	4.398475897920606	6.0569444444444445	2.9516898713997244	151.67495957999816	0.2498336392441182	0.7897381140686998	37.0	2.0	21.0	4.0	3.0	3.0	1.0	0.5776718019465715	973.7052893315971	3077.936907063475	3897.414664724822	1.2686344835206191	3.6619074798983817	0.09443049957457436	32.34	inactive
5.02974678760393	5.02974678760393	0.3872713529856391	0.3872713529856391	0.612708599241346	10.416666666666666	178.216	172.16799999999998	178.02118097182	62.0	1.5	2.3333333333333335	3.0833333333333335	2.4267796415823466	2.6621920240710417	410.3501069254241	8.55204176387779	6.4429745794965205	7.259471160424246	5.792024997884274	3.448957643640228	3.8572059341040905	2.3608257786018423	2.7259741502719526	1.6147710723118083	1.7973452581468634	1.0453941458171934	1.242090494073667	-1.29	876.0674506112272	7.364006115628107	2.6381691659136877	1.0985182192041532	75.1754300604982	23.66219058324551	18.19910120538483	12.093776062224741	23.355537687205537	36.22	12.0	3.0	3.0	4.0	1.618957822654158	2.0	1.1063999999999998	47.246000000000016	0.7345413035500037	11.710923771927643	6.527420352855368	6.006799626695711	3.4150479171595736	2.0095807969328905	2.3747291686030008	1.2676248336494176	1.450199019484473	0.8022777365128547	0.9848519223479099	0.9951778394798538	-1.29	0.006314859272155818	3.219517634796893	2.6381691659136877	1.0985182192041532	83.60525306150507	0.09808704199949364	0.9041669880031092	18.0	3.0	12.0	4.0	3.0	2.0	2.0	0.12077416208055432	143.18086105099178	1319.8421038819301	1459.7326836681539	0.7078026794363773	2.8635707028230177	0.0328165695151918	36.22	inactive
5.90623078861174	5.90623078861174	0.12029604434366359	0.12029604434366359	0.678904763302996	10.23076923076923	211.653	207.62099999999998	210.97383500791	66.0	1.2307692307692308	2.0	2.6153846153846154	2.525079207194592	2.52306831018065	429.5873052104766	9.259148545064338	6.398289321695373	7.9707148486415536	6.270856947829096	3.5259185368899923	4.312131300363082	2.352968434248444	3.1094094134907726	1.510724734655529	2.00529594712168	0.953259294785802	1.2895855159310023	-1.1300000000000001	1502.4221282807823	8.467451413302229	3.3160016991459482	1.635100512028883	85.14890901021896	24.22972903824551	29.288101587587768	10.197363616602075	33.90537511674648	38.92	13.0	3.0	4.0	5.0	2.1598525595343037	2.0	2.2958	50.375000000000014	0.48172229847503656	10.088888244936868	7.661313771883049	5.198568267700366	3.984781031173456	2.0621043926974507	2.7893097182084006	1.2620614319007515	1.7105177780837781	0.7553895998074607	1.050473563624766	0.9750289555989766	-1.1300000000000001	0.002117971897052045	4.92810147615803	3.3160016991459482	1.635100512028883	90.7687910108902	0.2220777695843708	0.777922230432919	17.0	4.0	13.0	5.0	3.0	2.0	1.0	5.45717230074023e-06	367.2958227234699	1286.6104796373295	1653.9063023322037	1.2570456052695143	2.7953953393806565	1.623620661035803e-11	38.92	inactive
12.39362932431926	12.39362932431926	0.03877419047069108	-1.4166887724922732	0.31130761907541876	14.382352941176471	497.9160000000003	481.7880000000003	497.0448339119999	172.0	1.1764705882352942	1.911764705882353	2.6176470588235294	3.3710696959669253	1.5495375010577677	1426.0537885871438	24.568185142893334	17.801718255273233	19.374143782219413	16.117101296127604	9.837374704352646	11.031835758289597	7.413722618436074	8.87312158649992	5.08133686393551	6.342333114400195	3.2425877545926034	4.28862029812757	-3.8899999999999997	40895039.79004126	23.274309481195406	9.160413775385631	4.726999609727153	201.84089600726304	57.85775428270603	84.95725946959364	21.967447835699073	51.786856930174665	139.48	34.0	9.0	8.0	11.0	6.270656034827376	4.0	2.6515400000000016	126.22230000000003	0.5028404411656412	32.07734329275614	17.649768819702324	16.49546080454806	9.795494667485094	6.0585932245761285	7.414078504951258	3.8604817208059248	4.989910091331712	2.4268615238879474	3.3232465337419996	0.9783064420978907	-3.8899999999999997	0.000305266165971194	10.579260182086173	9.160413775385631	4.726999609727153	224.4365372744247	0.2071629922301918	0.8640112878530475	50.0	8.0	34.0	11.0	9.0	4.0	7.0	0.8007118227367417	2830.353914605062	11804.510566831997	13662.449475821812	2.850305903099144	5.330642626046213	0.1050206304883819	139.48	inactive
12.872300878684808	12.872300878684808	0.10710836237787302	-0.4982775363231715	0.48215869965057484	14.458333333333334	346.7700000000002	331.6500000000001	346.07203464	124.0	1.125	1.7916666666666667	2.4166666666666665	2.61702014277654	2.0428927291667525	770.6600518347053	17.10408352775558	12.775263834938169	13.531192780956625	11.558550648063802	7.474675226888421	7.852639699897648	5.393999552795713	5.8304353332676975	3.8937632886870523	4.145739604026536	2.656233777579558	2.7822219352493005	-2.44	331419.430881221	16.418913124313605	6.984203852420936	3.3933951116683687	143.29851969315033	28.758957385964578	68.72842404513216	37.009832736033594	42.46456947923127	72.67999999999999	24.0	6.0	5.0	7.0	4.778043178974823	3.0	3.315800000000002	91.01290000000003	0.3430503010931983	26.405384825864594	12.16131377188305	13.560930234870437	6.438894707879663	4.087632974544397	4.465597447553624	2.6512607075402173	2.8402429440448307	1.6510271006380155	1.7455182188903222	0.9517186335589141	-2.44	0.0005656075005208142	6.129441814018352	6.984203852420936	3.3933951116683687	164.37307719566743	0.3069717292141958	0.8185641985605112	39.0	5.0	24.0	7.0	6.0	3.0	4.0	0.9979856960168403	1447.2300982691586	3859.1525954356844	4714.538703527725	1.7837196304440395	3.801176807008163	0.3402170089470517	72.67999999999999	inactive
11.799960737381372	11.799960737381372	0.04861111111111138	-1.7621645880574446	0.46283726064584213	12.96774193548387	417.3050000000002	408.23300000000023	417.0273997675499	156.0	0.6774193548387096	1.1612903225806452	1.5806451612903225	2.7057462056088286	2.3779331413689304	1180.1230448749975	22.869514530144063	15.370387036881402	15.370387036881402	14.595131908272991	8.55121892222514	8.55121892222514	6.370188255490284	6.370188255490284	4.46445950005738	4.46445950005738	3.0350292146419977	3.0350292146419977	-4.66	5600840.530686163	21.058590519695066	7.9922662694965725	4.055790040274353	173.6805353806002	29.264265340289754	88.02627775819782	23.691160810220488	65.77247179140984	183.57999999999998	31.0	9.0	9.0	9.0	5.429221377216102	3.0	-2.822099999999999	93.69600000000004	0.1864034345624413	23.674234614174768	14.674234614174768	12.337117307087384	7.837117307087384	5.599744871391589	5.599744871391589	3.6966517624676407	3.6966517624676407	2.3655293267718456	2.3655293267718456	0.889171786906113	-4.66	0.0002322034233438417	12.130546431422882	7.9922662694965725	4.055790040274353	186.32526988211052	0.4575735278293425	0.718979146402608	40.0	9.0	31.0	9.0	9.0	3.0	5.0	1.0058954862871867	3096.3331033150166	4865.2266711326365	6766.853663942357	3.1274373249813907	4.200840490768266	0.30911567685591146	183.57999999999998	inactive
12.637713100142957	12.637713100142957	0.057995716805239406	-1.6321886285378355	0.09320452909200135	11.515151515151516	971.659	969.643	969.48462304382	170.0	0.8484848484848485	1.4545454545454546	2.0606060606060606	2.760737474283807	2.4289164130155654	1567.8933459396214	24.51362518897291	15.219657774772385	26.87336672355149	15.377692973058693	8.39130330180775	14.218157776197303	6.526810216256498	12.520547764244693	4.7266355130115665	10.09082186423029	3.3135662169345035	7.914504116068298	0.47999999999999976	14909307.515120214	26.540422437673126	9.742085774653274	4.228030733471073	259.5479689780822	153.70579171326116	62.29077554381948	5.969305287951849	21.34442225804839	93.4	33.0	5.0	5.0	13.0	7.8351233904043625	4.0	7.0339	159.22650000000002	0.17293670524093285	17.064957236393134	26.71866618517224	9.236602763428497	14.063457237818051	6.342874024145868	12.16972849853542	4.545076599900449	9.82582141431985	3.143873690028037	7.577928515563189	0.8394150504317475	0.47999999999999976	5.1998121402297306e-05	23.85323922355107	9.742085774653274	4.228030733471073	262.35790997841787	0.543490913547473	0.5766938252151783	35.0	5.0	33.0	13.0	5.0	4.0	2.0	0.7018899152400504	11090.666540689674	11768.216822225942	20406.351356085594	7.041827349065406	4.718430857477728	0.30488167807048666	93.4	inactive
11.142546296296295	11.142546296296295	0.08675925925925898	-1.520325018896447	0.5487783430400792	12.333333333333334	209.15699999999995	202.10099999999994	209.03461664364002	82.0	1.2	1.7333333333333334	2.2666666666666666	2.134167331446985	2.9526811232485635	390.33424811100593	11.585421958697399	7.5577493102643665	7.5577493102643665	6.913591357920931	4.059131413524193	4.059131413524193	3.0363186640090736	3.0363186640090736	1.8694306231841231	1.8694306231841231	1.0631718245583495	1.0631718245583495	-1.9500000000000002	1641.1746778827317	11.126628352490423	4.0543537864853505	2.503237077143783	85.20457726852733	5.969305287951849	17.696185628620217	12.011146117099809	12.13273413692322	135.33	15.0	6.0	6.0	6.0	3.0074191861156536	1.0	-3.472899999999999	41.466400000000014	0.4992112155985413	13.988455047819272	6.988455047819273	6.888654714909553	3.494227523909637	2.373436712011039	2.373436712011039	1.3356347857935351	1.3356347857935351	0.7068902143107426	0.7068902143107426	0.9773310163804162	-1.9500000000000002	0.0027360952843777492	4.713633932624798	4.0543537864853505	2.503237077143783	95.1554840341787	0.21171699133707356	0.9409816234279692	22.0	6.0	15.0	6.0	6.0	1.0	4.0	0.5413028052931683	343.91405474826877	1528.5348781548323	1624.4046005770265	1.2740493055228788	2.8912624857333857	0.27754563566280616	135.33	inactive
13.56390164399093	13.56390164399093	0.1107674057277237	-3.0333353410808757	0.42477262243527764	36.59375	441.41600000000017	420.2480000000002	441.13033921191	168.0	1.1875	1.8125	2.375	2.6996376544886194	1.9740875357967511	1124.9276159008452	23.85892465059366	17.27174000236586	17.27174000236586	14.86670827913139	9.888156510772026	9.888156510772026	8.729110897684997	8.729110897684997	6.933821782502095	6.933821782502095	5.552525543610317	5.552525543610317	-3.210000000000001	8427682.935942445	22.00076096960224	6.893358820274297	2.4784840440451306	181.85341658109374	34.61326404488053	35.90493987237732	75.99532602857748	24.778036888983326	178.13	32.0	10.0	9.0	10.0	4.739348115079816	4.0	-2.3234999999999975	105.85950000000001	0.21184142059776767	36.160413514710825	15.160413514710822	18.488344124783012	8.27742035285537	6.645100648022915	6.645100648022915	5.060961191353069	5.060961191353069	3.709464708905013	3.709464708905013	0.9060511687976972	-3.210000000000001	0.00044482053642385305	7.97839317333553	6.893358820274297	2.4784840440451306	211.64725086534892	0.42316814568245414	0.9057350968253155	53.0	9.0	32.0	10.0	10.0	4.0	6.0	1.144887884964518	2036.1809373888127	4358.174303279525	4811.753810308693	1.7186852172821474	3.5627749400322193	0.37037583789711415	178.13	inactive
11.776521852032314	11.776521852032314	0.04179894179894239	-0.46079441949211053	0.8803727748202064	16.2	343.37900000000013	322.21100000000007	343.14306993182	134.0	0.96	1.6	2.2	2.6201177573847145	1.9511611860250957	749.6451484064135	17.974327015758657	14.549313141827088	14.549313141827088	12.06641190556351	8.101025405743062	8.101025405743062	5.9921792450049916	5.9921792450049916	4.530394276467226	4.530394276467226	3.3207514802706304	3.3207514802706304	-2.6	483005.6079850852	17.23042192958882	7.1066934788853775	3.3003753544558996	146.51622634932878	0.0	40.95582274893743	27.874149029745176	24.26546827384644	85.84	25.0	6.0	6.0	6.0	4.898053086618099	3.0	1.2890999999999995	89.58370000000005	0.5212020469325421	32.98845504781927	11.988455047819274	16.77742035285537	6.330206757355411	4.3990205395075135	4.3990205395075135	2.9578084769901896	2.9578084769901896	1.9153380760902106	1.9153380760902106	0.9802550005550158	-2.6	0.0007183804522791058	4.976956665178831	7.1066934788853775	3.3003753544558996	176.07866348509106	0.19773753788010548	0.836280834414177	46.0	6.0	25.0	6.0	6.0	3.0	8.0	0.5967634781693076	1164.119696967011	4923.349415465228	5887.196277688324	1.4147882190848606	4.175705193949615	0.10421200690426904	85.84	inactive
11.845030155580751	11.845030155580751	0.11754629629629587	-0.405692764760224	0.8134326136704578	18.454545454545453	293.36600000000004	274.214	293.14267600782006	114.0	1.1363636363636365	1.8636363636363635	2.590909090909091	2.6956069611988367	2.0726190087612197	666.6354428852328	15.526733258565956	12.495396505067056	12.495396505067056	10.685871848001627	7.577964260591076	7.577964260591076	5.759277041453597	5.759277041453597	4.308360493500211	4.308360493500211	3.203770678802134	3.203770678802134	-2.2599999999999993	135880.15570011095	14.667876408402728	6.241214247223869	2.8533801347194827	130.69595911521918	0.0	71.80987974475464	24.534178948588206	55.11952526966365	49.36	22.0	3.0	3.0	3.0	4.161152691665545	3.0	2.0098	83.96000000000005	0.1617731175565843	29.763710176427686	10.763710176427685	15.3290686837138	5.829068683713801	3.9540686837137997	3.9540686837137997	2.617307806273546	2.617307806273546	1.7220075541426543	1.7220075541426543	0.8689664730916472	-2.2599999999999993	0.0004744852549237876	4.1768056926245904	6.241214247223869	2.8533801347194827	157.39039861840754	0.49487096160783517	0.6955999217233682	41.0	3.0	22.0	3.0	3.0	3.0	3.0	1.1389603045028949	1466.0095640592588	2060.6505879677056	2962.4077341216293	1.1849245089406524	3.325609646883219	0.39794739004834684	49.36	inactive
11.938624328863776	11.938624328863776	0.06866595455054503	-0.928634458157817	0.3854614323525041	39.592592592592595	400.87900000000013	373.66300000000007	400.15323884391	152.0	1.3703703703703705	2.074074074074074	2.6296296296296298	3.5199062188150845	1.7254085350356636	629.6894150323134	19.8196264773794	16.196953063173233	16.952882009191686	12.75300317659443	9.245898018034595	9.780420501859442	7.939009593743864	8.206270835656287	5.819561195264745	6.04819300131618	4.357774402231791	4.41753583269851	-1.1500000000000001	1513883.5054626174	20.5808323314499	7.69841833810108	4.159608404017348	164.23146612280132	23.601359690522436	16.96591324090948	61.11110353626299	11.64912463690315	91.76	27.0	7.0	6.0	8.0	5.868142853104353	3.0	3.3385000000000025	98.88500000000005	0.17146597136799405	39.77466781129236	13.53059675731082	20.177437284323887	7.055401757333115	4.887409835175585	5.076392071680198	3.1950428217643347	3.3567099222182324	2.0577095816331097	2.0999672943695353	0.8800405472074243	-1.1500000000000001	0.00027213871251869975	5.3059123290585335	7.69841833810108	4.159608404017348	202.16566962733216	0.47489855260977276	0.7226773285770377	54.0	6.0	27.0	8.0	7.0	3.0	10.0	1.1172811463334442	2655.5476870178095	4041.082243389995	5591.8209740257735	1.512856769421512	3.914956296764593	0.3996903159629682	91.76	inactive
12.205909273431594	12.205909273431594	0.021649187452759122	-0.41608465608465495	0.5168910937051027	12.318181818181818	356.22300000000007	342.1110000000001	355.032024168	110.0	1.2727272727272727	2.0	2.6363636363636362	2.5298936622055375	2.1441579098417796	735.069311953196	15.94938298937633	11.954142646369268	13.540139185483971	10.596555450524583	6.7006781209346125	7.493676390491964	4.660825446122993	5.473302817872827	3.041117913079388	3.4827704732754996	1.900275291391179	2.2576391522942565	-2.449999999999999	93950.13103966483	15.929822520586548	7.527572537639863	4.270591860803436	137.17970653146477	27.913143734134735	69.96461658329149	10.891158250298714	58.70723709674603	65.78	22.0	4.0	3.0	5.0	5.450586115247469	2.0	3.6284800000000024	88.52670000000002	0.5702108556639066	24.627853549972965	12.213850089087668	12.458353965986397	6.304138640043792	3.503586299133558	4.254725041266222	2.0757343824997303	2.4513037535660622	1.1846774747978404	1.4611220621695031	0.98472643538105	-2.449999999999999	0.0008781464924165973	5.635578274318768	7.527572537639863	4.270591860803436	156.90735016605245	0.1741087231063701	0.9489353244939042	36.0	3.0	22.0	5.0	4.0	2.0	5.0	0.9355976774004261	1080.6116436023117	5889.598995262136	6206.533620616597	1.9282829205219003	4.300590411312885	0.21368273221606288	65.78	inactive
12.379869641829272	12.379869641829272	0.15817499210607044	-0.15863258635069633	0.0943534675467736	12.090909090909092	477.8190000000002	424.39500000000027	477.3760783560899	190.0	0.6363636363636364	1.121212121212121	1.606060606060606	2.8294196336962094	2.1128268600341302	586.4142600213328	23.98707060642219	22.17628157188105	22.992778152808775	16.239912065068587	14.177068452229504	15.74001728107262	9.420978027146223	11.662899573354881	6.388225036746	9.048751455687988	4.4886158565531025	6.911348003903591	-0.96	17722876.260251813	30.071210986267165	21.565126231675002	14.811175293160154	208.55623458189498	16.864286038721087	29.828919765543436	24.081894465958346	29.160951749364212	26.3	33.0	2.0	2.0	3.0	19.65119578358132	1.0	9.511999999999999	147.60049999999984	0.3950924781206718	69.2247448713916	17.041241452319316	34.47474487139159	9.199489742783179	4.331016132108957	5.759885148732478	2.4487563565183414	3.7755633005258966	1.3878879538497861	2.38977994072681	0.962255044456258	-0.96	0.000258819618395105	4.268639015760608	21.565126231675002	14.811175293160154	283.0196710907894	0.2721492778209874	0.8893803623683422	86.0	2.0	33.0	3.0	2.0	1.0	25.0	1.272132909164085	3436.294234120402	11229.765647794653	12626.505062345619	2.7895072488584987	5.344111009376819	0.247402927213136	26.3	inactive
15.350850729774827	15.350850729774827	0.15456586518139526	-2.930690719910033	0.18691340392833472	35.6	830.97	774.522	830.4066211920002	322.0	1.0166666666666666	1.7666666666666666	2.45	3.892311533181662	1.3559423419057401	2292.388466441588	42.733111081893455	35.47914267259592	35.47914267259592	28.55811928600453	21.2048397260018	21.2048397260018	18.335300514052655	18.335300514052655	15.567371561373871	15.567371561373871	13.431001144962886	13.431001144962886	-4.53	22907726348958.035	40.854125605516515	13.999736174229717	5.312027973978838	348.67643277245975	34.49822707062017	70.93452509437688	128.61031590253958	48.55024262443742	133.87	60.0	12.0	11.0	14.0	9.532449668434568	9.0	5.121200000000005	219.29849999999936	0.3570167142896979	84.81076965172919	28.810769651729192	43.892590877005986	16.03712899104217	12.729533250783948	12.729533250783948	9.812057232341122	9.812057232341122	7.6142385144256375	7.6142385144256375	0.9548019587756018	-4.53	0.00014019476263589165	11.530687149892074	13.999736174229717	5.312027973978838	427.4995076722241	0.29724269464239855	0.8664325929600645	116.0	11.0	60.0	14.0	12.0	9.0	15.0	1.3954125112477167	6180.206568845438	18014.681265474504	20791.786241477224	2.6904429667678307	5.202765753077828	0.2987834801224448	133.87	inactive
6.254267197632547	6.254267197632547	0.784475844605264	0.784475844605264	0.19372872136771097	11.96774193548387	414.5970000000002	380.32500000000016	414.27724992818	160.0	0.7741935483870968	1.4193548387096775	2.096774193548387	2.7890988804707955	1.9717721958125656	1210.547793930761	22.009860921691395	18.935514596397795	18.935514596397795	14.953638800967997	11.287653432578118	11.287653432578118	8.776997191945497	8.776997191945497	6.825195801083052	6.825195801083052	4.548239612117535	4.548239612117535	-3.109999999999999	11148452.168271601	21.134613113019906	8.558916465378259	4.081077284210583	184.8505693225702	33.05014591037777	66.73003775307771	31.16497205810954	66.73003775307771	55.92	31.0	4.0	2.0	4.0	5.835141553626623	4.0	4.988400000000004	132.66020000000006	0.15721750568019094	49.28885438199983	15.288854381999833	25.05131556174964	8.262461179749812	5.847871376374779	5.847871376374779	3.976354381999832	3.976354381999832	2.6860873876248847	2.6860873876248847	0.863845264670908	-3.109999999999999	0.00023242692475613182	4.789327883281311	8.558916465378259	4.081077284210583	232.8517928572291	0.5037572418394091	0.6878759980185224	65.0	2.0	31.0	4.0	4.0	4.0	12.0	1.184620282482115	2959.536631740317	4041.2207411595487	5874.926226239298	1.3223050734939232	3.9405520877108104	0.32749001975845765	55.92	inactive
12.81704936375887	12.81704936375887	0.04093733094270746	-1.5379101824001717	0.262596957866912	19.970588235294116	522.5660000000001	506.4380000000003	522.0217344319101	178.0	1.4705882352941178	2.264705882352941	2.8823529411764706	3.5018179448379563	1.4733419107330508	1206.740951477035	24.405048436076793	17.379789137838983	19.829278880622162	16.311769505687856	9.534988021188212	12.448994182077254	6.847443536131947	9.790258089823718	4.789255159666974	7.758951933078526	3.3030619299220922	6.128555968160249	-3.2999999999999994	47544458.88068257	23.84467856545359	9.90392779210474	4.532897290910625	204.11991284328306	68.60274093616759	46.50027915987619	68.52573332829678	44.61896740995718	180.25	34.0	12.0	13.0	15.0	6.945763962888236	4.0	-0.3536999999999985	122.62459999999999	0.3879225671047666	31.81855088213842	18.268040624921596	16.144414185331783	10.752263141615083	5.67958593356061	8.026968319587896	3.7498006237832664	5.8715089051817415	2.398335317538856	4.299567305217477	0.9606276074035551	-3.2999999999999994	0.00030905238194242146	10.963229275046656	9.90392779210474	4.532897290910625	226.77361074268305	0.2778391619158845	0.9064182511964785	50.0	13.0	34.0	15.0	12.0	4.0	10.0	1.0569619174035176	2932.8952118070074	9568.23268000452	10556.090047143673	3.193500914951496	4.696971009718815	0.22077681154712772	180.25	inactive
12.031900510204082	12.031900510204082	0.14527919501133812	-0.6050149071974464	0.6041792298260721	10.470588235294118	246.29099999999997	236.21099999999996	246.04739571982	88.0	1.3529411764705883	2.0	2.4705882352941178	2.6754122628612373	2.332144772251868	546.1333138297032	12.41384908344359	9.42857313915001	10.245069720077735	8.113392202930195	4.986415122205493	6.211159993597081	3.497823663414175	4.377476474669068	2.380784204793446	3.124354252560385	1.4921495980764485	1.9003978885403108	-1.75	9171.313237088321	11.72715976331361	4.628078390565383	2.336879311522437	103.09099794831664	17.545129895756055	41.21677575524036	17.02299265082355	29.160951749364212	67.12	17.0	4.0	4.0	5.0	3.192600863723504	2.0	1.3737199999999996	63.39550000000003	0.6979772684487191	18.119172062391506	8.935668643319232	9.210923771927643	5.027420352855369	2.838704942164822	3.4510773778606163	1.7854597895946356	2.1937080800584976	1.0644943647667162	1.2686185099986467	0.99354442991079	-1.75	0.002574703832151163	4.494081632653061	4.628078390565383	2.336879311522437	117.14070294999475	0.11344366792925628	0.9229808156609315	27.0	4.0	17.0	5.0	4.0	2.0	5.0	0.5907146947662151	358.48038292224925	2916.6062969186805	3159.985827907102	1.2234683582069665	3.6144103191338637	0.12661787855112314	67.12	inactive
6.101299340723944	6.101299340723944	0.7751196250104984	0.7751196250104984	0.3319037898661971	11.208333333333334	314.41200000000003	294.252	314.16517406009	118.0	0.75	1.4166666666666667	2.125	2.605137435237206	2.2743408321952256	1053.005916377742	16.681433796945207	13.659873876151645	13.659873876151645	11.685871848001627	8.1846497578411	8.1846497578411	6.040498748534981	6.040498748534981	4.5348717165326695	4.5348717165326695	3.4940629031461286	3.4940629031461286	-3.0699999999999994	449292.42263074947	14.517720418011233	5.532151847815538	2.172237991788148	140.69111147939188	33.05014591037777	66.73003775307771	0.0	66.73003775307771	55.92	24.0	3.0	2.0	3.0	3.346426409857092	4.0	4.131800000000002	101.58380000000005	0.2509155820431565	31.841640786499873	11.841640786499875	16.406888370749726	6.618033988749895	4.716640786499873	4.716640786499873	3.3614356881873895	3.3614356881873895	2.4374805898749052	2.4374805898749052	0.9150149327323983	-3.0699999999999994	0.00045108957587718584	4.307858396806915	5.532151847815538	2.172237991788148	169.0227480117014	0.4034199708451784	0.6647045293362182	44.0	2.0	24.0	3.0	3.0	4.0	5.0	0.6447247301193664	1473.5532915910062	2427.935198861862	3652.653309413172	0.9929886162509606	3.4659956392165263	0.1692054940721322	55.92	inactive
13.229887723607963	13.229887723607963	0.02949137062232232	-1.675226234567901	0.10146292580021792	15.090909090909092	971.6589999999998	969.6429999999998	969.4846230438202	170.0	0.7575757575757576	1.2121212121212122	1.696969696969697	3.0813792969485467	2.0541299450535324	1396.5785931796286	24.143381700969833	15.219657774772383	26.873366723551495	15.428169788710647	8.595427447039679	14.422281921429237	6.935058506720363	12.928796054708553	5.294401600339857	10.658587951558582	3.9120891867000704	8.55160292332439	0.6099999999999998	22727637.418433093	25.267568005250713	8.58415148211094	3.3424954258827935	260.50131090851056	142.73654735715414	68.75780244293809	5.969305287951849	12.13273413692322	81.65	33.0	5.0	5.0	13.0	6.572746404291268	5.0	7.433800000000001	154.49749999999997	0.15406752994876385	17.06495723639313	26.718666185172243	9.440726908660428	14.267581383049984	6.7511223146097326	12.577976788999276	5.097053629646945	10.37779844406635	3.7266076022118115	8.199238265237486	0.8471144996505198	0.6099999999999998	6.188604189762256e-05	22.780351727117736	8.58415148211094	3.3424954258827935	263.3112519088462	0.5314104105885106	0.6373316371393758	35.0	5.0	33.0	13.0	5.0	5.0	0.0	0.9488628630952365	10298.471474289903	12351.172566366455	19379.506440012832	5.925757273980189	4.650539840442303	0.36959420365773205	81.65	inactive
13.229887723607963	13.229887723607963	0.02949137062232232	-1.675226234567901	0.10146292580021792	15.090909090909092	971.6589999999998	969.6429999999998	969.4846230438202	170.0	0.7575757575757576	1.2121212121212122	1.696969696969697	3.0813792969485467	2.0541299450535324	1396.5785931796286	24.143381700969833	15.219657774772383	26.873366723551495	15.428169788710647	8.595427447039679	14.422281921429237	6.935058506720363	12.928796054708553	5.294401600339857	10.658587951558582	3.9120891867000704	8.55160292332439	0.6099999999999998	22727637.418433093	25.267568005250713	8.58415148211094	3.3424954258827935	260.50131090851056	142.73654735715414	68.75780244293809	5.969305287951849	12.13273413692322	81.65	33.0	5.0	5.0	13.0	6.572746404291268	5.0	7.433800000000001	154.49749999999997	0.15406752994876385	17.06495723639313	26.718666185172243	9.440726908660428	14.267581383049984	6.7511223146097326	12.577976788999276	5.097053629646945	10.37779844406635	3.7266076022118115	8.199238265237486	0.8471144996505198	0.6099999999999998	6.188604189762256e-05	22.780351727117736	8.58415148211094	3.3424954258827935	263.3112519088462	0.5314104105885106	0.6373316371393758	35.0	5.0	33.0	13.0	5.0	5.0	0.0	0.9488628630952365	10298.471474289903	12351.172566366455	19379.506440012832	5.925757273980189	4.650539840442303	0.36959420365773205	81.65	inactive
12.480727867535904	12.480727867535904	0.03947609599395352	-0.38742724867724765	0.45589958227114014	12.291666666666666	384.27700000000004	366.1330000000001	383.063324296	122.0	1.2916666666666667	2.0416666666666665	2.6666666666666665	2.5971955390823163	2.197095183290181	765.6814098783693	17.363596551749424	13.368356208742362	14.954352747857067	11.634560252985372	7.7386829233953955	8.531681192952748	5.280398601992044	6.092875973741878	3.4785616146497547	3.920214174845866	2.3330219042865092	2.690385765189586	-2.449999999999999	258337.84588143983	17.896900949356198	8.994776555266391	5.0356997423090375	149.90959076025797	27.913143734134735	69.96461658329149	10.891158250298714	58.70723709674603	65.78	24.0	4.0	3.0	5.0	6.7074427112997475	2.0	4.408680000000003	97.76070000000001	0.5668607835999383	29.627853549972965	13.21385008908767	14.958353965986399	6.804138640043792	3.753586299133558	4.504725041266222	2.2566360819372253	2.6322054530035572	1.3343291742353347	1.6107737616069977	0.9840213380565345	-2.449999999999999	0.0007540148642899854	5.534637863166904	8.994776555266391	5.0356997423090375	175.25711639551693	0.17805057216821168	0.9825030335447491	42.0	3.0	24.0	5.0	4.0	2.0	7.0	1.1220405693249813	1303.0287333525164	7190.258743484035	7318.306914068727	2.0742846205626395	4.535765975639589	0.25159406664828554	65.78	inactive
12.649007542831948	12.649007542831948	0.24596245905769742	-1.3838408604182415	0.7078710391207692	12.333333333333334	344.4160000000001	326.27200000000005	344.10743601591	126.0	1.2083333333333333	2.0	2.7083333333333335	3.0065977799893377	1.900572833941512	920.8299213789109	17.26722023457211	13.991141806300378	14.807638387228105	11.528407103102724	7.390706093282729	8.70963798626955	5.396839236011036	6.741706803932953	3.8359984931468056	4.961468476895157	2.5525365755898948	3.621358061893468	-2.41	353332.36450656696	16.447862009987272	6.604258967706701	2.9892470267127704	142.2446734747762	21.83297047813683	41.216775755240356	28.39645061661395	29.552381258818613	75.41000000000001	24.0	6.0	5.0	7.0	4.5260808407942	3.0	2.5288400000000006	91.99040000000004	0.23501002371080607	29.474633948355326	12.291130529283054	14.98305232455813	7.13288223881919	4.133771422179343	5.24050141764665	2.6953179254686948	3.588282067121583	1.6455678981006476	2.408566537153891	0.9154039072442635	-2.41	0.00040805543348985935	5.29160593448184	6.604258967706701	2.9892470267127704	167.5341424777968	0.40253656554645567	0.7372906398318795	42.0	5.0	24.0	7.0	6.0	3.0	9.0	1.150241736371184	1806.8394127882677	3309.4280141225518	4488.634244532364	1.4561306644321537	3.7341331905021184	0.31734236278215033	75.41000000000001	inactive
5.581143235071806	5.581143235071806	0.701530612244898	0.701530612244898	0.5248553986921212	10.842105263157896	270.333	258.23699999999997	270.05942320391	96.0	0.9473684210526315	1.631578947368421	2.3684210526315788	2.461196080109552	2.5954897592609907	823.3433919251553	13.405412915006313	10.636060082029303	11.45255666295703	9.257550155273627	5.864116483836065	6.272364774299927	4.151766564310231	4.560014854774094	3.150497914124111	3.5745352621697664	2.237053007606303	2.6069303154402164	-2.07	31847.877276617604	11.989119300986285	4.551908461502076	1.7582000328873106	115.33013509892575	34.02372330720881	40.908315175056885	14.219595082555067	36.39820241076966	32.56	19.0	3.0	3.0	4.0	2.8722828206377535	3.0	3.6968900000000025	78.71200000000003	0.2640494752517298	21.171958466891546	9.988455047819274	10.967834321659616	5.376082612123479	3.500513575302674	3.908761865766537	2.5180640128374883	2.9263123033013514	1.7148885672900716	2.051966472106198	0.903664511922272	-2.07	0.0005148992247309327	4.49085124477756	4.551908461502076	1.7582000328873106	132.18978110093946	0.42824111186606306	0.5743185230774195	31.0	3.0	19.0	4.0	3.0	3.0	4.0	0.13806741260267083	1115.3998598027354	1495.8741287852358	2604.607145125264	1.0758917779184267	3.1059847063281447	0.022296869302912383	32.56	inactive
2.42008993338916	2.42008993338916	0.9706481481481481	0.9706481481481481	0.1917076370685416	11.241379310344827	397.67100000000005	352.31100000000015	397.35772586009	162.0	0.6896551724137931	1.206896551724138	1.7586206896551724	3.0823930300042592	1.4486517269661767	629.2422833064992	20.572857044049098	19.249587574312063	19.249587574312063	14.308861750289884	12.40074401466407	12.40074401466407	8.748444338058487	8.748444338058487	6.206187441368322	6.206187441368322	4.201931590106466	4.201931590106466	-1.5699999999999998	4193460.0920274747	23.706444022250622	15.293860702854928	10.145899192197925	179.9062067598514	0.0	54.11337847523112	4.567099647791355	42.7255224855342	8.809999999999999	29.0	2.0	1.0	2.0	12.502174228838928	2.0	7.613620000000008	125.22000000000008	0.4054450786181308	59.39442719099992	14.394427190999917	29.841640786499873	7.341640786499875	4.191640786499875	4.191640786499875	2.401025491562422	2.401025491562422	1.3442627457812109	1.3442627457812109	0.9643232766690741	-1.5699999999999998	0.00036789027518643023	3.5536371178899913	15.293860702854928	10.145899192197925	243.12987926740283	0.2647274411054134	0.8234249722185197	74.0	1.0	29.0	2.0	2.0	2.0	19.0	1.0247188720886102	2238.235223263907	6961.948367871361	8454.866688235204	1.8740976230863582	4.7114818326863395	0.19328288308150945	8.809999999999999	inactive
12.438445294784582	12.438445294784582	0.05689814814814809	-0.3928856449987401	0.9004764649849134	42.958333333333336	327.42400000000004	302.22400000000005	327.18454081982	130.0	1.0416666666666667	1.6666666666666667	2.25	2.5588924534778132	1.5268006796747136	635.8087492310597	16.47432701575866	14.00040127440098	14.00040127440098	11.576448606695577	9.43087973090693	9.43087973090693	8.793724357770712	8.793724357770712	7.308233987638196	7.308233987638196	6.75419602005476	6.75419602005476	-1.26	478448.9164890141	15.030960516768863	5.119269676219662	2.0531185174654536	142.5591715378442	0.0	23.259637120317212	12.648722793660877	12.13273413692322	81.37	24.0	4.0	4.0	4.0	3.2061475157479102	6.0	1.9912999999999996	86.31140000000005	0.1910602523454097	36.671958466891546	11.671958466891548	19.184530569677623	6.790103378677705	5.280362052418681	5.280362052418681	3.7836774571826686	3.7836774571826686	2.7791114265166614	2.7791114265166614	0.8957115596666072	-1.26	0.0005458118228884885	4.014733215301925	5.119269676219662	2.0531185174654536	177.7995473065161	0.44463558323599556	0.7644580315024907	49.0	4.0	24.0	4.0	4.0	6.0	3.0	1.115238108831276	1400.5889932118096	2408.0202868659594	3149.9705512062683	0.856354250300292	3.259793235980187	0.4304484970480443	81.37	inactive
5.377353316326531	5.377353316326531	0.3208257747543466	0.3208257747543466	0.5213895408694755	18.166666666666668	171.18	160.09199999999998	171.08765201209	66.0	1.5	2.25	2.8333333333333335	2.535597109551413	2.0752881638060607	255.80569340503482	8.38890505706126	6.641265030553042	6.641265030553042	5.860173345306137	3.8320532912270764	3.8320532912270764	2.5908234911422556	2.5908234911422556	1.7498671634278244	1.7498671634278244	1.1418318958380438	1.1418318958380438	-1.3	1054.8083975733878	7.354540141719628	2.9785914235871633	1.3291324177381532	69.43215262725133	5.884182201861009	6.196843571613076	31.57464328533026	10.719938508586424	68.4	12.0	6.0	5.0	6.0	1.8255141825461338	2.0	-1.4874999999999992	39.880400000000016	0.5944014288226805	16.60535096292756	5.605350962927558	8.233801003530683	2.8393738125307664	1.7209318478666302	1.7209318478666302	0.9948717007321725	0.9948717007321725	0.5705251704098255	0.5705251704098255	0.9870578425557932	-1.3	0.0047515165473632015	1.953779425178055	2.9785914235871633	1.3291324177381532	85.00294139357393	0.16036463278760288	0.8793147820051067	23.0	5.0	12.0	6.0	6.0	2.0	2.0	0.5188852711577308	185.05981684796453	1014.7239430597976	1153.993955095258	0.4849592199513677	2.6220514822093794	0.1662422423667216	68.4	inactive
3.449898746535651	3.449898746535651	0.506435185185185	0.506435185185185	0.6624613878903269	23.857142857142858	274.367	256.22299999999996	274.146998576	104.0	1.0	1.8571428571428572	2.8095238095238093	2.9257728422595037	1.8388264886204377	845.6485682762475	13.97432701575866	12.134929849769314	12.134929849769314	10.326499840494925	7.696396399672873	7.696396399672873	6.446785038421529	6.446785038421529	5.344643680525806	5.344643680525806	4.4091084434242	4.4091084434242	-2.0599999999999996	184607.48902804792	11.58345257595532	3.985594447432794	1.4566464298729591	123.95220421343843	10.902924932081056	70.91521901763232	22.973401063622838	48.661413050844345	19.03	21.0	2.0	1.0	2.0	2.1984259175632674	5.0	3.669900000000002	85.54270000000004	0.30661787391951	28.394427190999917	10.394427190999917	15.065247584249855	6.118033988749896	4.618033988749895	4.618033988749895	3.499632289312399	3.499632289312399	2.6312305898749067	2.6312305898749067	0.9398697952942998	-2.0599999999999996	0.0008252169373805055	3.6368817068551964	3.985594447432794	1.4566464298729591	149.29972984869735	0.3415329675059948	0.7287483869809209	39.0	1.0	21.0	2.0	2.0	5.0	1.0	0.6847057598055009	883.0991633475124	1884.319090871965	2585.6922972802377	0.6902445493719986	3.123360913234604	0.17675892632335966	19.03	inactive
11.261375263903307	11.261375263903307	0.30601440816501824	-4.2612917298639585	0.054960445192164725	17.77358490566038	751.991	704.6150000000001	751.28810280391	278.0	0.6415094339622641	1.2075471698113207	1.8679245283018868	3.451730171486395	1.2514699460450647	2419.309350322974	38.02008632231227	30.78692287880609	32.41991604066155	25.09412013846548	18.157651004838012	21.312351543217254	14.91880583990301	17.966012564131553	10.51269486600811	12.090045135197734	8.135886977953655	9.251242049604057	-4.349999999999999	338498308238.3748	38.376839157182694	15.1803045773894	8.258994876331	313.59782024709784	58.86760812806411	132.15248786582637	60.823524603607844	121.02558488243238	120.65	53.0	8.0	7.0	10.0	10.991926549500324	6.0	8.370300000000006	214.18779999999936	0.4762061454845171	72.66041351471083	27.293406676566274	37.24988907696373	16.566385657891463	10.026226817695626	12.25097168908722	6.7395232523657755	7.443647397597707	4.795438817182807	5.147500889798772	0.9748979844872032	-4.349999999999999	8.760992281947827e-05	10.903880822838333	15.1803045773894	8.258994876331	379.63143375498623	0.22265201513300698	0.820194315929358	100.0	7.0	53.0	10.0	8.0	6.0	18.0	1.0212583236622081	9361.888351612663	34486.854330830916	42047.17548152481	3.1230987163441744	7.557270091815253	0.0881225524743406	120.65	inactive
13.611397350645184	13.611397350645184	0.011605725623583085	-4.949697238690822	0.5439477250298663	15.375	459.78700000000015	448.6990000000003	459.03649275191	162.0	1.09375	1.8125	2.46875	3.342545875538104	1.7443248982169166	1279.8281054858442	23.043241116511	15.890131205978163	16.64606015199662	15.146885611180736	9.034121411376177	9.412085884385403	6.640981739747715	7.048181866488322	4.532520519777799	4.8621087408178445	3.0608084514797604	3.2555086778546753	-3.8499999999999996	16782214.221351206	21.384641060059927	8.00793680832549	4.019336348156143	183.3765818606104	40.95251629182402	82.58310743899814	23.76446853751753	75.75533367747845	85.94	32.0	6.0	5.0	10.0	5.351464196177578	4.0	4.312000000000002	108.87949999999998	0.39549981422440567	26.039278244892273	15.79520719091073	13.64737006542805	8.525334538437276	5.773678705975774	6.151643178985001	3.7402957080285453	4.023769062785465	2.4068665570166483	2.5785093502499996	0.9626049583379448	-3.8499999999999996	0.000276413413341617	11.679463912564428	8.00793680832549	4.019336348156143	198.83125736245634	0.2709090145846089	0.8351621505587223	43.0	5.0	32.0	10.0	6.0	4.0	4.0	1.0877995519281507	3021.424106964565	9314.489068559233	11152.910919547601	2.9227627802166847	5.054023954326671	0.2082424767002332	85.94	inactive
12.89780536174507	12.89780536174507	0.1593123069023461	-0.24300256346130555	0.2514867782064568	13.738095238095237	570.6100000000005	540.3700000000003	570.2339160600001	216.0	1.0714285714285714	1.9047619047619047	2.6666666666666665	3.6010812773838765	1.0900613289281638	1677.440908315693	28.890329810315357	23.025123454710776	23.025123454710776	20.568014581162373	13.640569624104277	13.640569624104277	9.599865393630317	9.599865393630317	6.862233642530443	6.862233642530443	4.698498176543978	4.698498176543978	-5.009999999999999	6047680557.443069	27.174169208457023	12.243681053304407	6.013461001442041	240.70950819186422	28.445830217102618	66.35759867946456	75.11038777541512	65.42318612466092	155.68	42.0	13.0	12.0	13.0	7.921710968496982	6.0	3.839000000000003	154.57159999999976	0.622265154995741	50.11895021631898	20.118950216318982	25.739760141043188	10.898119354543315	7.2520380696541755	7.2520380696541755	4.705291430200091	4.705291430200091	2.9906037664763807	2.9906037664763807	0.98909982220596	-5.009999999999999	0.00026888826412439456	9.24493107161459	12.243681053304407	6.013461001442041	283.0327930936141	0.14724653378649746	0.9049630988730182	72.0	12.0	42.0	13.0	13.0	6.0	12.0	1.0207051778110292	3365.573063666174	20684.489820283918	22856.721833236104	2.6950473190626845	6.411108772651621	0.1116516435315367	155.68	inactive
12.994412746404887	12.994412746404887	0.02899380494979331	-4.971492416455668	0.37511211550132484	11.966666666666667	510.24100000000016	502.17700000000013	508.9624202559101	158.0	0.9333333333333333	1.5666666666666667	2.1	3.156637024661853	1.8881718674790833	1034.8228185449886	22.10408352775558	14.306955598666041	16.709448718708472	13.930690121657353	7.794298075545648	8.995544635566862	5.766078351666846	7.090002170922399	3.6351384756311127	4.3325142595800825	2.374675463417762	2.9635684554798623	-2.7399999999999984	3539000.467459143	21.95667893713654	8.179604684008671	5.240981359696281	177.7331475815026	44.63502677508792	51.99782490999606	20.63788888433553	40.87092192660207	76.83000000000001	30.0	6.0	4.0	14.0	5.986565129315887	3.0	5.104800000000001	102.5724	0.1828740553436557	21.7372811745282	16.139774294570632	11.113067778264018	8.419887147285316	5.090387189624838	6.248533830852299	3.0233324515710924	3.602405772184823	1.8783628916948838	2.358311428613946	0.8911175326330206	-2.7399999999999984	0.00021966173472672738	13.54034075445528	8.179604684008671	5.240981359696281	189.08902484732175	0.4537725675203795	0.766242786399272	38.0	4.0	30.0	14.0	6.0	3.0	3.0	1.1141707153780807	3488.2852370829396	5890.337122897662	7687.298630995971	3.6918211552738636	4.0894244664106685	0.4285585218605659	76.83000000000001	inactive
11.268425925925925	11.268425925925925	0.09009259259259217	-0.5243518518518515	0.49855403671946735	10.285714285714286	189.14999999999998	184.10999999999996	189.03056559991	70.0	1.2857142857142858	2.0714285714285716	2.7857142857142856	2.1804863586584204	2.8831748525258547	510.38326813716645	10.129392033067417	7.005923408339635	7.005923408339635	6.698377302757662	3.890710405933601	3.890710405933601	2.739503631690389	2.739503631690389	1.9063332147195595	1.9063332147195595	1.290885680599887	1.290885680599887	-2.17	1862.1353502942911	8.429238558789956	2.951446071553371	1.1487515559686323	78.7799251068745	16.59031120676462	40.57663011422509	9.90728956976488	30.462311845459517	79.09	14.0	5.0	4.0	5.0	1.7770316450376296	2.0	1.2166	47.84340000000002	0.289756349897716	11.619172062391506	6.619172062391506	5.990092910151979	3.4900929101519798	2.382054323566917	2.382054323566917	1.576796799284733	1.576796799284733	0.9996600134113639	0.9996600134113639	0.9263898204900618	-2.17	0.0014071000589324773	4.364544959263488	2.951446071553371	1.1487515559686323	85.80477760771353	0.37656593113609077	0.638098422523242	19.0	4.0	14.0	5.0	5.0	2.0	1.0	0.07854644113572319	453.4847528947922	768.4388882114024	1204.2638895309492	0.9201227910097349	2.532468269165535	0.012360742325590342	79.09	inactive
12.313906923804112	12.313906923804112	0.14357136176580565	-0.9299534965025715	0.7654298757934812	14.826086956521738	332.74700000000007	319.64300000000003	332.06871511582005	120.0	1.0	1.6521739130434783	2.260869565217391	2.5406479492357668	1.683680282419084	791.3559004339181	16.396976746569035	12.10674219709497	12.862671143113426	11.024877143252585	7.056623997003179	7.4345884700124065	5.129662292842471	5.566098073314456	3.6599014406848536	3.9118777560243383	2.4950204050537708	2.6210085627235133	-2.539999999999999	181951.04353246867	15.35931323441139	6.293745803641356	3.4512205930707194	136.05417257332755	23.195505894267583	61.88648131229696	36.98611508385228	39.920909710451696	85.88999999999999	23.0	7.0	4.0	8.0	4.2029397050386885	3.0	-0.06279999999999974	85.19050000000003	0.3348799595006886	23.891563726400648	11.647492672419105	12.2874226497002	6.165387122709427	3.870715933156468	4.248680406165695	2.3877518572457412	2.5767340937503547	1.4435923167504487	1.5380834350027555	0.9497982475814478	-2.539999999999999	0.0005688471924041014	6.161888546280311	6.293745803641356	3.4512205930707194	154.31878907550905	0.3128630513359017	0.8207343248501673	36.0	4.0	23.0	8.0	7.0	3.0	2.0	1.03370252937103	1442.8028050582845	3784.9077449228153	4611.611370846206	1.6861460948111933	3.845125443738438	0.34818269898004844	85.88999999999999	inactive
12.375434914145233	12.375434914145233	0.12129898851718712	-0.9508324661411154	0.7788383085618789	14.64	362.77300000000014	347.6530000000001	362.07927979982003	132.0	1.12	1.84	2.44	2.6009554723308885	1.6883123612502122	871.2431079837347	17.974327015758657	13.18371230459185	13.939641250610306	11.97356554823633	7.643071820279958	8.021036293289185	5.587071891405987	5.994272018146593	4.040269214754028	4.392117725946233	2.704264663274342	2.9388092550582305	-2.579999999999999	455344.072630024	17.24976655458228	7.119243186784003	3.7489327109260917	147.2133484399202	23.195505894267583	61.38356573553234	42.09264247869299	33.854542641990086	106.11999999999999	25.0	8.0	5.0	9.0	4.912211320692979	3.0	-0.5704999999999996	91.11330000000002	0.10617551416970825	26.799812016864514	12.555740962882968	13.649795085395994	6.619511267941358	4.222778005772434	4.600742478781661	2.66205948898786	2.9455328437447803	1.597540128171906	1.7728647966511615	0.8270141093817961	-2.579999999999999	0.0003582961458557995	6.619745626654992	7.119243186784003	3.7489327109260917	168.37457620056455	0.5621811655360172	0.766735344928541	40.0	5.0	25.0	9.0	8.0	3.0	4.0	1.2284939210507402	2139.948625730188	2918.586299692521	3806.5107067217964	1.88510315803227	3.495489578431231	0.46705075211598546	106.11999999999999	inactive
12.319702590912907	12.319702590912907	0.1470318930041148	-0.9320246307124009	0.7654298757934812	14.826086956521738	332.74700000000007	319.64300000000003	332.06871511582005	120.0	1.0434782608695652	1.7826086956521738	2.4347826086956523	2.5327724573518062	1.6980416542680925	808.6059004339184	16.396976746569035	12.10674219709497	12.862671143113426	11.024877143252585	7.056623997003179	7.4345884700124065	5.133116616536419	5.569552397008404	3.6414759575957776	3.8765730603835165	2.515933702077492	2.700462081305121	-2.539999999999999	179107.53709409034	15.35931323441139	6.293745803641356	3.4512205930707194	136.05417257332755	23.195505894267583	61.88648131229696	36.98611508385228	39.920909710451696	85.88999999999999	23.0	7.0	4.0	8.0	4.2029397050386885	3.0	-0.06279999999999952	85.19050000000003	0.1338477193874671	23.891563726400648	11.647492672419105	12.287422649700199	6.165387122709427	3.870715933156468	4.248680406165695	2.387751857245741	2.5767340937503542	1.4647211731186616	1.6014700041073942	0.8514110673574717	-2.539999999999999	0.0004075539060515139	6.161888546280311	6.293745803641356	3.4512205930707194	154.31878907550905	0.5244989936894167	0.7325208028495879	36.0	4.0	23.0	8.0	7.0	3.0	2.0	1.1857174341988506	1797.35929891198	2510.2108726405027	3426.811720398249	1.6861460948111933	3.409107795891294	0.48237854024087595	85.88999999999999	inactive
12.940165122067594	12.940165122067594	0.17571093935992876	-0.9529646733599024	0.7369461152069461	14.826086956521738	316.2920000000001	303.18800000000005	316.09826565582	120.0	1.0	1.6521739130434783	2.260869565217391	2.5406479492357668	1.683680282419084	791.3559004339181	16.396976746569035	12.10674219709497	12.10674219709497	11.024877143252585	7.056623997003179	7.056623997003179	5.129662292842471	5.129662292842471	3.6599014406848536	3.6599014406848536	2.4950204050537708	2.4950204050537708	-2.899999999999999	181951.04353246867	15.01337196208104	6.072680777554567	3.306297618413342	129.91644174937213	11.594566004035068	62.68106883960153	36.98611508385228	39.920909710451696	85.88999999999999	23.0	7.0	4.0	8.0	3.963974579148097	3.0	-0.5770999999999997	80.13850000000004	0.2353341974146703	23.891563726400648	10.89156372640065	12.2874226497002	5.7874226497002	3.870715933156468	3.870715933156468	2.3877518572457412	2.3877518572457412	1.4435923167504487	1.4435923167504487	0.9175762688679082	-2.899999999999999	0.0005414873334954773	5.951803150948452	6.072680777554567	3.306297618413342	148.18105825155365	0.397559795264119	0.7781409464368273	36.0	4.0	23.0	8.0	7.0	3.0	2.0	1.05497773860139	1437.0436726814528	2812.7153118904	3614.6604606402725	1.5714521994153636	3.5259344376940196	0.40622212272131075	85.88999999999999	inactive
12.33135412306949	12.33135412306949	0.16316119953746178	-0.9446725991337626	0.6731421830079837	14.5	326.31200000000007	312.20000000000005	326.10260208782	124.0	1.0	1.6666666666666667	2.25	2.6035810657570537	1.6730081744681473	832.3864159009214	17.10408352775558	12.714376283739233	12.714376283739233	11.562881945713372	7.392019155488894	7.392019155488894	5.362628866137566	5.362628866137566	3.8624461362329385	3.8624461362329385	2.6068187912156726	2.6068187912156726	-3.16	318303.40677519434	15.724934716799421	6.5297592282962	3.2671695606347106	136.27737056088623	17.880726527164622	62.42729949025263	43.272275606981836	39.920909710451696	102.96000000000001	24.0	8.0	5.0	8.0	4.278334899224013	3.0	-0.9036999999999991	85.56800000000001	0.40943716535932945	25.421847543855286	11.421847543855286	13.052564558427516	6.052564558427517	4.033795769267821	4.033795769267821	2.520322811609398	2.520322811609398	1.509877793932277	1.509877793932277	0.9648570838046936	-3.16	0.0007425612414553233	6.044241483257705	6.5297592282962	3.2671695606347106	155.9469575632356	0.2627752039898405	0.888298747916041	38.0	5.0	24.0	8.0	8.0	3.0	3.0	0.9681888923982802	1196.263282170628	4043.909621591186	4552.420715528693	1.6444767334730297	3.873622954906045	0.2886199771669092	102.96000000000001	inactive
12.342430798918896	12.342430798918896	0.004858418890220317	-0.9366119784357789	0.752204775001507	14.708333333333334	328.3280000000001	312.20000000000005	328.11825215182	126.0	1.0416666666666667	1.7083333333333333	2.2916666666666665	2.6035810657570537	1.6630999979028904	803.8961823692856	17.10408352775558	12.88309810077225	12.88309810077225	11.56288194571337	7.537422917108677	7.537422917108677	5.47780657607876	5.47780657607876	3.9521897292456822	3.9521897292456822	2.655286711755604	2.655286711755604	-2.869999999999999	318303.40677519434	16.004266748087705	6.711673836724578	3.380272108291333	136.91008221303852	11.594566004035068	62.42729949025263	42.09264247869299	39.920909710451696	106.11999999999999	24.0	8.0	5.0	8.0	4.475642433712558	3.0	-1.2238999999999984	86.10330000000003	0.11918750718741694	27.421847543855286	11.421847543855286	13.96081284889138	6.052564558427517	4.033795769267821	4.033795769267821	2.5203228116094	2.5203228116094	1.509877793932278	1.509877793932278	0.8300003067750059	-2.869999999999999	0.00038334298507609866	5.592002424441286	6.711673836724578	3.380272108291333	159.4762804738507	0.5577629341874523	0.7035066986541378	40.0	5.0	24.0	8.0	8.0	3.0	4.0	1.1719290127304158	1835.1886588311575	2314.724474588199	3290.266431032489	1.5638206819592908	3.366066953314877	0.4367650181170943	106.11999999999999	inactive
12.334166336108975	12.334166336108975	0.1603489864979759	-0.9425291381990928	0.7080984019701261	14.291666666666666	323.31200000000007	310.208	323.10293643582	122.0	1.0416666666666667	1.7083333333333333	2.2916666666666665	2.6035810657570537	1.6763701269496654	870.5406181610243	17.10408352775558	12.675991319585702	12.675991319585702	11.562881945713372	7.3412485582485445	7.3412485582485445	5.311922936076278	5.311922936076278	3.829679394555356	3.829679394555356	2.589895258802223	2.589895258802223	-3.3400000000000003	318303.40677519434	15.551687939991696	6.41762640487886	3.197800276018867	136.5084281423112	11.594566004035068	62.42729949025263	36.98611508385228	39.920909710451696	109.67999999999998	24.0	8.0	5.0	8.0	4.158538465171952	3.0	-0.8445199999999997	84.89550000000001	0.336559164556961	24.46081284889138	11.46081284889138	12.572047210945565	6.0720472109455645	4.043537095526844	4.043537095526844	2.530064137868422	2.530064137868422	1.5147484570617888	1.5147484570617888	0.9501808209035355	-3.3400000000000003	0.0005946889506336687	6.279638833640708	6.41762640487886	3.197800276018867	154.77304464449273	0.311699226157338	0.8175706292484101	37.0	5.0	24.0	8.0	8.0	3.0	2.0	0.9676308915132776	1374.7869846534907	3605.993745901437	4410.6204612761285	1.679182332994804	3.811002967174438	0.2878718245587852	109.67999999999998	inactive
12.607290678951726	12.607290678951726	0.25187025983743094	-4.386884146616602	0.7601871365235974	15.192307692307692	366.29900000000004	353.19500000000005	366.09507209582	138.0	0.9615384615384616	1.5769230769230769	2.1153846153846154	2.596683857571442	1.660736848483646	881.5677037876583	18.896976746569027	13.362671143113424	13.362671143113424	12.236202008657774	7.684588470012406	7.684588470012406	5.697878606243926	5.697878606243926	4.027906785035767	4.027906785035767	2.7043418960568455	2.7043418960568455	-3.0399999999999987	580452.3227860898	17.77245377218935	6.6951835052370585	3.7866588114427007	144.6124546696212	11.594566004035068	62.42729949025263	36.98611508385228	39.920909710451696	85.88999999999999	26.0	7.0	4.0	10.0	4.576532282428857	3.0	0.3026000000000004	85.18250000000002	0.34339305323605634	25.147492672419105	12.147492672419103	12.915387122709426	6.415387122709426	4.429492765694488	4.429492765694488	2.7017340937503556	2.7017340937503556	1.600583435002756	1.600583435002756	0.9518507959126821	-3.0399999999999987	0.00047856921684421037	7.683943233462989	6.6951835052370585	3.7866588114427007	162.8770711718027	0.3065616778405179	0.8288781759340316	39.0	4.0	26.0	10.0	7.0	3.0	2.0	1.0331845153340464	1731.9922526564385	4682.9420729507765	5649.735038172221	1.9786696150715117	4.058119651815221	0.3092954580433825	85.88999999999999	inactive
12.446448076067483	12.446448076067483	0.08573422524044849	-0.8203459819801815	0.8635500839993056	21.333333333333332	370.2160000000001	355.0960000000001	369.05266927991005	128.0	1.125	1.8333333333333333	2.4583333333333335	2.5583121838100777	1.5979800277411278	673.2967791498196	17.26722023457211	12.66724958660116	14.179107478638072	11.435560745775545	7.476860985731639	8.232789931750093	5.622487781699835	6.436888035181047	4.060467558601183	4.799496837339199	2.802088497341678	3.094420210052717	-1.9899999999999993	266964.99300494924	16.85341159391278	6.863347813221198	3.569384196683737	148.41471030352542	46.73474002618968	33.561156436873816	54.96625015468982	18.19910120538483	83.82	24.0	7.0	4.0	9.0	4.819617733683253	3.0	2.0242	90.55770000000003	0.3041156022999588	26.269528199409876	12.781386091446787	13.42361848170477	6.732333832223268	4.059698169661081	4.815627115679535	2.5179572612123335	3.1816360199358464	1.5119667322448151	1.7432066814858544	0.9404679110310323	-1.9899999999999993	0.0005459839787933416	6.384402320019825	6.863347813221198	3.569384196683737	169.5473244382809	0.339882491930559	0.9129249143276741	39.0	4.0	24.0	9.0	7.0	3.0	2.0	1.2545467123736302	1672.0727160260174	4491.189976739272	4919.56118871706	1.8257655709096838	3.8688565395509475	0.4944785935635472	83.82	inactive
12.446448076067483	12.446448076067483	0.08573422524044849	-0.8203459819801815	0.8635500839993056	21.333333333333332	370.2160000000001	355.0960000000001	369.05266927991005	128.0	1.125	1.8333333333333333	2.4583333333333335	2.5583121838100777	1.5979800277411278	673.2967791498196	17.26722023457211	12.66724958660116	14.179107478638072	11.435560745775545	7.476860985731639	8.232789931750093	5.622487781699835	6.436888035181047	4.060467558601183	4.799496837339199	2.802088497341678	3.094420210052717	-1.9899999999999993	266964.99300494924	16.85341159391278	6.863347813221198	3.569384196683737	148.41471030352542	46.73474002618968	33.561156436873816	54.96625015468982	18.19910120538483	83.82	24.0	7.0	4.0	9.0	4.819617733683253	3.0	2.0242	90.55770000000003	0.6776031967418464	26.269528199409876	12.781386091446787	13.42361848170477	6.732333832223268	4.059698169661081	4.815627115679535	2.5179572612123335	3.1816360199358464	1.5119667322448151	1.7432066814858544	0.9925041544137613	-1.9899999999999993	0.000945952874344998	6.384402320019825	6.863347813221198	3.569384196683737	169.5473244382809	0.12221089751501196	0.9091189667605571	39.0	4.0	24.0	9.0	7.0	3.0	2.0	0.6666543416828954	961.0615828933915	7149.274991012818	7863.959781289864	1.8257655709096838	4.644813477904384	0.11920612314726257	83.82	inactive
12.330362387532302	12.330362387532302	0.1271158980376148	-0.9181717739516186	0.6259986221015148	14.826086956521738	424.1980000000001	411.09400000000005	424.00433543582005	120.0	1.0	1.6521739130434783	2.260869565217391	2.5406479492357668	1.683680282419084	791.3559004339181	16.396976746569035	12.10674219709497	14.264240488271293	11.024877143252585	7.056623997003179	8.13537314259134	5.129662292842471	6.375294512029279	3.6599014406848536	4.3790675377436274	2.4950204050537708	2.854603453583158	-2.099999999999999	181951.04353246867	15.782706279437846	6.567270258035313	3.6318766696475886	145.01274446748954	34.18543663110312	60.43403026962103	36.98611508385228	39.920909710451696	85.88999999999999	23.0	7.0	4.0	8.0	4.50649119740258	3.0	-0.11159999999999992	92.89750000000002	0.5584998973946677	23.891563726400648	13.049062017576972	12.2874226497002	6.86617179528836	3.870715933156468	4.9494650787446295	2.3877518572457412	2.9271264300398214	1.4435923167504487	1.7132796031474888	0.9838853281756538	-2.099999999999999	0.0006272239810123605	6.421900047330485	6.567270258035313	3.6318766696475886	163.27736096967104	0.17880061800979924	0.9196056695394326	36.0	4.0	23.0	8.0	7.0	3.0	2.0	1.0481825874326445	1466.151960668274	7540.6990783611645	8199.926694816686	1.833667529604742	4.503503123336805	0.338296455554464	85.88999999999999	inactive
13.727252697081791	13.727252697081791	0.0312348570301213	-0.9215597363248669	0.20873870073421624	16.88372093023256	598.6720000000004	559.3600000000004	598.2802778079999	232.0	1.186046511627907	1.9069767441860466	2.488372093023256	3.5797553424745736	1.8223963675032282	1321.6433664322599	31.51793261119916	24.853760019151025	24.853760019151025	20.4596365512287	14.407184596777343	14.407184596777343	10.954477609345831	10.954477609345831	7.154621061553175	7.154621061553175	4.887642577771302	4.887642577771302	-4.3500000000000005	2223265992.5357924	33.15571206819079	15.758435921784793	10.153200576724455	249.52340089084163	29.474089422371303	65.31872330244161	59.86607270821816	47.00697049294916	156.7	43.0	11.0	8.0	12.0	12.150748001575145	3.0	2.8249200000000014	153.9875999999998	0.17855609816500462	59.5245568882561	20.524556888256104	29.911437954944848	10.569797168444977	6.929878018576072	6.929878018576072	4.060499673952299	4.060499673952299	2.381149305057949	2.381149305057949	0.8878214813559232	-4.3500000000000005	0.00017483433071035267	8.635905852227788	15.758435921784793	10.153200576724455	304.49142029410217	0.46018802379350787	0.909041557610536	82.0	8.0	43.0	12.0	11.0	3.0	19.0	1.5746437933586377	5199.44540592855	10270.827805456058	11298.52394477264	3.164845790672044	4.72829927618988	0.49098069584360227	156.7	inactive
10.313310027714788	10.313310027714788	0.06832577475434598	-1.2621450617283945	0.5083578733846509	11.384615384615385	305.116	299.068	304.91387201191	68.0	1.3846153846153846	1.9230769230769231	2.3846153846153846	2.0845175502848488	2.9154921836053522	343.1372637520875	9.844934982691242	6.5284259953850405	9.58035147756128	6.092224152875016	3.4695547989540003	4.99551754004212	2.368586680477974	4.096024587161921	1.3825284893934815	2.4133682171608917	0.7757998670879385	1.2844541141173116	-0.4900000000000001	758.764388303685	10.589936051159071	4.66430143286322	3.395189861320984	95.20928706718767	47.264985169866776	38.30423855049888	5.969305287951849	29.170604787736487	40.129999999999995	13.0	2.0	3.0	4.0	3.799588761334702	1.0	1.3118	61.129000000000026	0.7991869679980405	12.102709344400816	9.076704216504865	5.959602962664271	4.5383521082524325	1.9305638603018098	3.417561296353834	1.0184175605095889	1.8265208725863018	0.5243076317421191	0.8960569907551252	0.9973933255988405	-0.4900000000000001	0.0034786489458383777	4.83721197618003	4.66430143286322	3.395189861320984	103.32000593599882	0.07215645536530546	0.949522904331285	19.0	3.0	13.0	4.0	2.0	1.0	3.0	0.44951129912086923	272.95738061388187	3591.907106398309	3782.854621003546	1.7355549808892035	3.5401240075349287	0.09789199500671399	40.129999999999995	inactive
13.604846584467122	13.604846584467122	0.040931112037713824	-0.9296187641723359	0.5943251822469786	12.8125	433.5520000000002	402.30400000000026	433.23654185199996	168.0	0.96875	1.65625	2.15625	3.2494119572508726	2.154406102718589	1044.446603669793	23.518297090128673	19.54737529266702	19.54737529266702	14.971163677742105	10.66796117218607	10.66796117218607	9.877476122991785	9.877476122991785	4.96716116300953	4.96716116300953	3.4179505374041583	3.4179505374041583	-3.4099999999999993	10456399.716068044	23.25726290975103	8.986756081799548	5.4372527455027	189.20667208891	17.501745733386574	84.07493708882654	22.337263232033564	71.60493762361145	75.44	32.0	6.0	4.0	6.0	6.531479653131754	3.0	5.274900000000005	125.53320000000004	0.08453083291122071	46.566385657891466	15.566385657891464	23.57895776067754	8.13174416517758	5.833801003530683	5.833801003530683	3.387144139053735	3.387144139053735	2.1651140156279967	2.1651140156279967	0.8042223601943701	-3.4099999999999993	0.000262893824516805	5.7371624613752745	8.986756081799548	5.4372527455027	232.81881422635044	0.5943285247768247	0.855595133374009	63.0	4.0	32.0	6.0	6.0	3.0	5.0	1.509244617780213	3254.5273170512105	4685.216370773068	5475.973609500423	1.6112024888136347	3.933429351438718	0.5394254707224836	75.44	inactive
13.631611394557822	13.631611394557822	0.0701459225665575	-1.1255591837058632	0.35982908501310756	13.789473684210526	511.5060000000002	488.3220000000004	511.14203559554994	196.0	0.868421052631579	1.4736842105263157	2.1052631578947367	2.8534451045778018	1.9334291037434586	1528.5232363201233	27.938428630896404	21.169245527604087	21.169245527604087	17.835912194270747	11.77627489584281	11.77627489584281	9.600602502085454	9.600602502085454	6.370270179541975	6.370270179541975	4.330837515236132	4.330837515236132	-4.719999999999999	164740571.39208645	26.346068274561812	9.626335554445868	4.563007715249557	218.94761787706102	23.71853010639764	81.42803599785479	17.167540703713566	42.483875555975814	158.67	38.0	8.0	8.0	8.0	6.674107730296649	4.0	2.23672	131.20899999999995	0.2026730639663857	41.265986323710905	18.265986323710905	21.337117307087382	9.837117307087384	7.291241452319316	7.291241452319316	4.8485862707794	4.8485862707794	3.1721885413389965	3.1721885413389965	0.9026893516640717	-4.719999999999999	0.00019447858334482225	9.868109950990839	9.626335554445868	4.563007715249557	251.2619393809207	0.43029284724742756	0.7810311089868173	61.0	8.0	38.0	8.0	8.0	4.0	10.0	1.2783483320989626	4016.0263179313793	7289.550613911446	9333.239777564972	2.4998352020106362	4.491609927482109	0.3105804261980682	158.67	inactive
13.941258941108327	13.941258941108327	0.1341981980528153	-0.9907059922734531	0.259688804682495	12.342105263157896	501.5860000000002	474.3700000000004	501.205241724	188.0	0.7631578947368421	1.4210526315789473	2.0526315789473686	3.5223558362317995	1.56420091681432	1470.0600260914657	26.321415709563013	20.898228253752904	20.898228253752904	18.614193540729627	12.394028915611242	12.394028915611242	8.895210533083628	8.895210533083628	6.368396081740552	6.368396081740552	4.420415057170753	4.420415057170753	-4.969999999999998	791267425.3896759	24.71240580347047	11.39233738212431	5.3934370032894465	221.13120781465835	17.501745733386574	144.73860777344268	16.79833797965022	132.2686083082276	75.44	38.0	6.0	4.0	6.0	7.4087385378184845	5.0	6.607100000000006	147.3731999999997	0.17791715573208233	45.566385657891466	18.566385657891466	23.57895776067754	10.131744165177581	6.7219976046556935	6.7219976046556935	4.443045838491229	4.443045838491229	2.851144791554856	2.851144791554856	0.8873460052618691	-4.969999999999998	0.00016939059373883642	8.26523959185831	11.39233738212431	5.3934370032894465	259.12346795142776	0.4611041823122003	0.7547387240178394	65.0	4.0	38.0	6.0	6.0	5.0	9.0	1.2335026550984525	4455.61177488688	7292.978191683619	9662.917721856868	2.47790520985635	4.61993562060425	0.31119213208814855	75.44	inactive
